week,phase,maturity,recovery__level_back_to_normal,recovery__momentum_still_positive,recovery__momentum_decelerating,expansion__level_still_positive,expansion__momentum_decelerating,expansion__breadth_narrowing,expansion__capacity_or_labour_tight,slowdown__level_falling,slowdown__momentum_negative,slowdown__deterioration_spreading,contraction__level_still_negative,contraction__deterioration_shrinking,contraction__breadth_widening,contraction__claims_off_their_peak,late,level,momentum,breadth,concentration,capacity_gap,unemployment_gap,claims_off_peak
1994-07-15,expansion,,,,,1.0,0.0,0.0,1.0,,,,,,,,False,0.6808028626250542,0.2144098768971653,1.0,0.3924398404399361,1.701325757575745,0.6465346811787898,
1994-07-22,expansion,,,,,1.0,0.0,0.0,1.0,,,,,,,,False,0.6890205631406945,0.3881274555692414,0.0,0.3587024899108627,1.701325757575745,0.6465346811787898,
1994-07-29,expansion,,,,,1.0,0.0,0.0,1.0,,,,,,,,False,0.6904762459286522,0.4028346569204893,1.0,0.3579106718062254,1.701325757575745,0.6465346811787898,
1994-08-05,expansion,,,,,1.0,0.0,0.0,1.0,,,,,,,,False,0.6826439895830269,0.3671564660354006,1.0,0.3619811368033004,1.701325757575745,0.6465346811787898,
1994-08-12,expansion,,,,,1.0,0.0,0.0,1.0,,,,,,,,False,0.6845239789161208,0.3104841066239129,1.0,0.3599702724600757,1.5479350453172316,0.6662911544905112,
1994-08-19,expansion,,,,,1.0,0.0,0.0,1.0,,,,,,,,False,0.6663842603665943,0.1492686012270471,1.0,0.4086924552529025,1.5479350453172316,0.6662911544905112,
1994-08-26,expansion,,,,,1.0,0.0,0.0,1.0,,,,,,,,False,0.6714432939894885,0.155971374637117,1.0,0.4056131350913103,1.5479350453172316,0.6662911544905112,
1994-09-02,expansion,,,,,1.0,0.0,0.0,1.0,,,,,,,,False,0.6536114169093474,0.1949676446713286,0.0,0.4166791039222099,1.5479350453172316,0.6662911544905112,
1994-09-09,expansion,1.0,,,,1.0,1.0,1.0,1.0,,,,,,,,True,0.6599209839926381,0.1438184778506341,0.0,0.4062600923089,1.5479350453172316,0.6662911544905112,
1994-09-16,expansion,0.5,,,,1.0,0.0,0.0,1.0,,,,,,,,False,0.759165920619691,0.4767966485075572,0.0,0.3477280722998344,1.8351906626506036,0.5662911544905116,
1994-09-23,expansion,0.75,,,,1.0,0.0,1.0,1.0,,,,,,,,True,0.7548226715893572,0.570066465824296,0.0,0.3425956344934056,1.8351906626506036,0.5662911544905116,
1994-09-30,expansion,0.75,,,,1.0,0.0,1.0,1.0,,,,,,,,True,0.8142332217109333,0.6743696984938776,0.0,0.3175981343033071,1.8351906626506036,0.5662911544905116,
1994-10-07,expansion,0.75,,,,1.0,0.0,1.0,1.0,,,,,,,,True,0.8162237560646582,0.6900630978863941,0.0,0.3168236040445239,1.8351906626506036,0.5662911544905116,0.04205946337926034
1994-10-14,expansion,0.75,,,,1.0,0.0,1.0,1.0,,,,,,,,True,0.8010279616531607,0.5491656899284225,0.0,0.3228338640881738,1.821703603603595,0.46629115449051195,0.048585931834662796
1994-10-21,expansion,0.75,,,,1.0,0.0,1.0,1.0,,,,,,,,True,0.7759787043956495,0.5378356115596432,0.0,0.3771633488064855,1.821703603603595,0.46629115449051195,0.04133430021754895
1994-10-28,expansion,0.5,,,,1.0,0.0,0.0,1.0,,,,,,,,False,0.7739060647369216,0.5439249211642811,0.0,0.378173450355206,1.821703603603595,0.46629115449051195,0.03480783176214648
1994-11-04,expansion,0.5,,,,1.0,0.0,0.0,1.0,,,,,,,,False,0.8921392778019627,0.8175235664093812,0.0,0.3280549730681718,1.821703603603595,0.46629115449051195,0.03118201595358956
1994-11-11,expansion,0.5,,,,1.0,0.0,0.0,1.0,,,,,,,,False,0.9145377279327352,0.8979700752010021,0.0,0.3200203969867355,1.821703603603595,0.46629115449051195,0.030456852791878174
1994-11-18,expansion,0.5,,,,1.0,0.0,0.0,1.0,,,,,,,,False,0.95169336675915,0.7247874076624561,1.0,0.3276911665579498,2.2112631736526964,0.3859052972104484,0.03988397389412618
1994-11-25,expansion,0.5,,,,1.0,0.0,0.0,1.0,,,,,,,,False,0.9540802301685912,0.7170777466609287,1.0,0.3251237819324485,2.2112631736526964,0.3859052972104484,0.04423495286439449
1994-12-02,expansion,0.75,,,,1.0,1.0,0.0,1.0,,,,,,,,True,0.8789886440779819,0.4606926075655219,1.0,0.3485716624685535,2.2112631736526964,0.3859052972104484,0.04713560551124003
1994-12-09,expansion,0.5,,,,1.0,0.0,0.0,1.0,,,,,,,,False,0.8700242342190283,0.5557864117365195,1.0,0.3478972570537615,2.2112631736526964,0.3859052972104484,0.048585931834662796
1994-12-16,expansion,0.5,,,,1.0,0.0,0.0,1.0,,,,,,,,False,0.8932598223189991,0.8249011324749468,0.0,0.3388477093588646,2.4961895522388176,0.18590529721044824,0.05148658448150834
1994-12-23,expansion,0.5,,,,1.0,0.0,0.0,1.0,,,,,,,,False,0.9379145081803923,0.8915782587462109,0.0,0.3687799855723319,2.4961895522388176,0.18590529721044824,0.05148658448150834
1994-12-30,expansion,0.75,,,,1.0,1.0,0.0,1.0,,,,,,,,True,0.9711607745763466,0.7503597717715572,0.0,0.3543984629928098,2.4961895522388176,0.18590529721044824,0.048585931834662796
1995-01-06,expansion,0.75,,,,1.0,1.0,0.0,1.0,,,,,,,,True,0.9688080056986688,0.7095533982691801,0.0,0.3535152696798261,2.4961895522388176,0.18590529721044824,0.05946337926033358
1995-01-13,expansion,1.0,,,,1.0,1.0,1.0,1.0,,,,,,,,True,0.9692865432493896,0.5849239777159863,0.0,0.3510839290481826,3.0622485119047695,0.0859052972104486,0.0630891950688905
1995-01-20,expansion,1.0,,,,1.0,1.0,1.0,1.0,,,,,,,,True,0.9460707096196914,0.2331230960302018,0.0,0.330702059427892,3.0622485119047695,0.0859052972104486,0.05656272661348803
1995-01-27,expansion,1.0,,,,1.0,1.0,1.0,1.0,,,,,,,,True,0.9406167100273009,0.2026931362391,0.0,0.3326195768163192,3.0622485119047695,0.0859052972104486,0.04423495286439449
1995-02-03,expansion,1.0,,,,1.0,1.0,1.0,1.0,,,,,,,,True,0.9486857821199596,0.3467622781427375,0.0,0.3297904721798367,3.0622485119047695,0.0859052972104486,0.03625815808556925
1995-02-10,expansion,0.75,,,,1.0,1.0,0.0,1.0,,,,,,,,True,0.9191407281559256,0.2516945963407173,0.0,0.3403913268682436,3.0622485119047695,0.0859052972104486,0.032632342277012324
1995-02-17,expansion,0.75,,,,1.0,1.0,0.0,1.0,,,,,,,,True,0.8467209761574411,-0.3630592000488035,1.0,0.318541866625981,2.9115830860534118,0.20530788213285955,0.04278462654097172
1995-02-24,slowdown,1.0,,,,,,,,1.0,1.0,1.0,,,,,True,0.8337941976761376,-0.4144210868198678,1.0,0.3234803996097454,2.9115830860534118,0.20530788213285955,0.04205946337926034
1995-03-03,slowdown,1.0,,,,,,,,1.0,1.0,1.0,,,,,True,0.8127356689130447,-0.5499375828098373,1.0,0.3318619947089109,2.9115830860534118,0.20530788213285955,0.029006526468455404
1995-03-10,slowdown,1.0,,,,,,,,1.0,1.0,1.0,,,,,True,0.7959567561482952,-0.6692054794703025,2.0,0.3353890221318282,2.9115830860534118,0.20530788213285955,0.02030456852791878
1995-03-17,slowdown,1.0,,,,,,,,1.0,1.0,1.0,,,,,True,0.7736956041541374,-0.5944417811574328,2.0,0.3176815624730976,2.520304437869811,0.005307882132860264,0.009427121102248005
1995-03-24,slowdown,1.0,,,,,,,,1.0,1.0,1.0,,,,,True,0.7197083090216864,-0.8348667081073724,3.0,0.3415117281893816,2.520304437869811,0.005307882132860264,0.01015228426395939
1995-03-31,slowdown,1.0,,,,,,,,1.0,1.0,1.0,,,,,True,0.7207472011070297,-0.8500614584848696,3.0,0.341019469834548,2.520304437869811,0.005307882132860264,0.01015228426395939
1995-04-07,slowdown,1.0,,,,,,,,1.0,1.0,1.0,,,,,True,0.7216608600425435,-0.8575576385661925,3.0,0.3397015685775755,2.520304437869811,0.005307882132860264,0.01305293691080493
1995-04-14,slowdown,1.0,,,,,,,,1.0,1.0,1.0,,,,,True,0.71408255505585,-0.8613201481788177,3.0,0.3424157910902682,2.3622156342182734,0.005307882132860264,0.01595358955765047
1995-04-21,slowdown,1.0,,,,,,,,1.0,1.0,1.0,,,,,True,0.6478266348706316,-0.9011586344156428,3.0,0.3150951534019077,2.3622156342182734,0.005307882132860264,0.01595358955765047
1995-04-28,slowdown,1.0,,,,,,,,1.0,1.0,1.0,,,,,True,0.6390292301151264,-0.8903384276896682,3.0,0.3194330138163291,2.3622156342182734,0.005307882132860264,0.007251631617113851
1995-05-05,slowdown,1.0,,,,,,,,1.0,1.0,1.0,,,,,True,0.6158877700094136,-0.9440323064858076,3.0,0.3314354381306894,2.3622156342182734,0.005307882132860264,0.0
1995-05-12,slowdown,1.0,,,,,,,,1.0,1.0,1.0,,,,,True,0.5823349939673641,-1.181360733144577,3.0,0.3505319704414728,2.3622156342182734,0.005307882132860264,0.0
1995-05-19,slowdown,0.6666666666666666,,,,,,,,1.0,1.0,0.0,,,,,True,0.5302214151332958,-1.035361992895853,3.0,0.3979366510539572,1.9190547058823455,0.42443116432076966,0.0
1995-05-26,slowdown,0.6666666666666666,,,,,,,,1.0,1.0,0.0,,,,,True,0.5149955786680849,-1.0958098253547957,3.0,0.4076796118704944,1.9190547058823455,0.42443116432076966,0.0
1995-06-02,slowdown,1.0,,,,,,,,1.0,1.0,1.0,,,,,True,0.4781165332700781,-1.2218606861042551,4.0,0.4379517345671734,1.9190547058823455,0.42443116432076966,0.0
1995-06-09,slowdown,1.0,,,,,,,,1.0,1.0,1.0,,,,,True,0.4764133322096689,-1.143896019779885,4.0,0.4370176407301255,1.9190547058823455,0.42443116432076966,0.0
1995-06-16,slowdown,1.0,,,,,,,,1.0,1.0,1.0,,,,,True,0.491400971112952,-0.9909034579458884,4.0,0.4170462548153514,2.025896187683287,0.22443116432076948,0.0013504388926401081
1995-06-23,slowdown,0.6666666666666666,,,,,,,,1.0,1.0,0.0,,,,,True,0.482151294330725,-0.7718615191192271,3.0,0.4124862175816229,2.025896187683287,0.22443116432076948,0.0006752194463200541
1995-06-30,slowdown,0.6666666666666666,,,,,,,,1.0,1.0,0.0,,,,,True,0.5116922742946908,-0.5390457668537824,2.0,0.3983027922097379,2.025896187683287,0.22443116432076948,0.0
1995-07-07,slowdown,0.6666666666666666,,,,,,,,1.0,1.0,0.0,,,,,True,0.5124568445011158,-0.4867166280473012,2.0,0.3983761937225946,2.025896187683287,0.22443116432076948,0.010803511141120865
1995-07-14,slowdown,0.6666666666666666,,,,,,,,1.0,1.0,0.0,,,,,True,0.4982805862765008,-0.3558763025801367,2.0,0.4062303642045951,1.9908578947368483,0.22443116432076948,0.015530047265361242
1995-07-21,slowdown,0.6666666666666666,,,,,,,,1.0,1.0,0.0,,,,,True,0.4647324547658329,-0.3686095506716042,2.0,0.3092514870303925,1.9908578947368483,0.22443116432076948,0.012153950033760972
1995-07-28,slowdown,0.6666666666666666,,,,,,,,1.0,1.0,0.0,,,,,True,0.4494880901619653,-0.3936315496893247,2.0,0.3003345866441363,1.9908578947368483,0.22443116432076948,0.004726536124240378
1995-08-04,slowdown,0.6666666666666666,,,,,,,,1.0,1.0,0.0,,,,,True,0.4610843689427072,-0.2288387816037776,2.0,0.2962948149660228,1.9908578947368483,0.22443116432076948,0.0
1995-08-11,slowdown,0.6666666666666666,,,,,,,,1.0,1.0,0.0,,,,,True,0.4722975155568411,-0.1485722937607083,2.0,0.3009588101528057,1.9908578947368483,0.22443116432076948,0.0026560424966799467
1995-08-18,slowdown,0.6666666666666666,,,,,,,,1.0,1.0,0.0,,,,,True,0.4820175644805458,-0.025470093835102,2.0,0.4533842939014252,1.3229895043731688,0.34321001770907067,0.016600265604249667
1995-08-25,slowdown,0.3333333333333333,,,,,,,,1.0,0.0,0.0,,,,,False,0.4939714906537218,0.0086344711371669,2.0,0.441012685229202,1.3229895043731688,0.34321001770907067,0.04050464807436919
1995-09-01,slowdown,0.6666666666666666,,,,,,,,1.0,1.0,0.0,,,,,True,0.4812098361529278,-0.1454165065986595,2.0,0.4512803768214438,1.3229895043731688,0.34321001770907067,0.05909694555112882
1995-09-08,slowdown,0.6666666666666666,,,,,,,,1.0,1.0,0.0,,,,,True,0.4765611720177682,-0.0339441819873802,1.0,0.4542496382216879,1.3229895043731688,0.34321001770907067,0.053784860557768925
1995-09-15,slowdown,0.0,,,,,,,,0.0,0.0,0.0,,,,,False,0.5487339346286817,0.1606409714188574,0.0,0.39326746650715,2.0948819767441904,0.34321001770907067,0.05112881806108898
1995-09-22,expansion,0.75,,,,1.0,0.0,1.0,1.0,,,,,,,,True,0.5373625619112229,0.5436923720570862,0.0,0.3879149585808825,2.0948819767441904,0.34321001770907067,0.039176626826029216
1995-09-29,expansion,0.75,,,,1.0,0.0,1.0,1.0,,,,,,,,True,0.5610768298826249,0.5811419687273303,0.0,0.3652490012950749,2.0948819767441904,0.34321001770907067,0.029880478087649404
1995-10-06,expansion,0.75,,,,1.0,0.0,1.0,1.0,,,,,,,,True,0.5599588555044008,0.5144949762870447,0.0,0.36487559326988,2.0948819767441904,0.34321001770907067,0.03386454183266932
1995-10-13,expansion,0.75,,,,1.0,0.0,1.0,1.0,,,,,,,,True,0.5515335760077644,0.3324015832507212,1.0,0.3689868671489836,2.0911031884058104,0.24321001770907014,0.03386454183266932
1995-10-20,expansion,0.75,,,,1.0,1.0,0.0,1.0,,,,,,,,True,0.4874350389127887,-0.1240908556148907,2.0,0.3397173470171529,2.0911031884058104,0.24321001770907014,0.03187250996015936
1995-10-27,expansion,0.5,,,,1.0,0.0,0.0,1.0,,,,,,,,False,0.4811470759405584,-0.1372133121199062,2.0,0.3369721433659718,2.0911031884058104,0.24321001770907014,0.03652058432934927
1995-11-03,expansion,0.75,,,,1.0,1.0,0.0,1.0,,,,,,,,True,0.4759367132018017,-0.1088956414155079,2.0,0.3282124045915364,2.0911031884058104,0.24321001770907014,0.027888446215139442
1995-11-10,expansion,0.75,,,,1.0,1.0,0.0,1.0,,,,,,,,True,0.462877661690702,-0.1590060565408451,2.0,0.3296679641881629,2.0911031884058104,0.24321001770907014,0.013280212483399735
1995-11-17,slowdown,1.0,,,,,,,,1.0,1.0,1.0,,,,,True,0.4438512109511373,-0.5274319236217428,3.0,0.3343874089136233,1.591789306358379,0.16158298913967162,0.009296148738379814
1995-11-24,slowdown,1.0,,,,,,,,1.0,1.0,1.0,,,,,True,0.4426803292643724,-0.5135553304164323,3.0,0.3353339758678033,1.591789306358379,0.16158298913967162,0.008632138114209827
1995-12-01,slowdown,1.0,,,,,,,,1.0,1.0,1.0,,,,,True,0.4612903017552776,-0.5177067943041118,3.0,0.3219925477984287,1.591789306358379,0.16158298913967162,0.0
1995-12-08,slowdown,1.0,,,,,,,,1.0,1.0,1.0,,,,,True,0.4569353450622236,-0.4809757026391891,3.0,0.3262050795454074,1.591789306358379,0.16158298913967162,0.0
1995-12-15,slowdown,1.0,,,,,,,,1.0,1.0,1.0,,,,,True,0.4679071545759082,-0.4276456024543066,3.0,0.3333011082004236,1.45049711815561,0.26158298913967126,0.004641909814323607
1995-12-22,slowdown,0.3333333333333333,,,,,,,,0.0,1.0,0.0,,,,,False,0.4932778676923455,-0.0545710350002721,1.0,0.3213310966776438,1.45049711815561,0.26158298913967126,0.020557029177718834
1995-12-29,slowdown,0.6666666666666666,,,,,,,,1.0,1.0,0.0,,,,,True,0.4729704920134699,-0.1122235592398171,1.0,0.3386736171897557,1.45049711815561,0.26158298913967126,0.02453580901856764
1996-01-05,slowdown,0.3333333333333333,,,,,,,,0.0,1.0,0.0,,,,,False,0.4813361060664228,-0.0368130331370154,1.0,0.3470648637662395,1.45049711815561,0.26158298913967126,0.027851458885941646
1996-01-12,slowdown,0.3333333333333333,,,,,,,,0.0,1.0,0.0,,,,,False,0.4646715764888363,-0.1528021515331733,1.0,0.3562903837633102,1.3690517241379183,0.26158298913967126,0.03713527851458886
1996-01-19,slowdown,0.6666666666666666,,,,,,,,1.0,1.0,0.0,,,,,True,0.4295968875211349,-0.2438403077608235,2.0,0.3211156491417061,1.3690517241379183,0.26158298913967126,0.027188328912466843
1996-01-26,slowdown,0.6666666666666666,,,,,,,,1.0,1.0,0.0,,,,,True,0.410001201985131,-0.2971959987256709,2.0,0.3313020074810491,1.3690517241379183,0.26158298913967126,0.05371352785145889
1996-02-02,slowdown,0.6666666666666666,,,,,,,,1.0,1.0,0.0,,,,,True,0.3776202516773905,-0.5490045013849861,3.0,0.3326828952293749,1.3690517241379183,0.26158298913967126,0.026525198938992044
1996-02-09,slowdown,0.6666666666666666,,,,,,,,1.0,1.0,0.0,,,,,True,0.3878492680193258,-0.415025804504883,2.0,0.3118093539803791,1.3690517241379183,0.26158298913967126,0.007957559681697613
1996-02-16,slowdown,1.0,,,,,,,,1.0,1.0,1.0,,,,,True,0.28166986738385,-0.9091236457254894,3.0,0.2645928981744694,0.5179633237822401,0.2794932479683112,0.0
1996-02-23,slowdown,1.0,,,,,,,,1.0,1.0,1.0,,,,,True,0.3746159219257514,-0.5364127908625701,2.0,0.4020421602690434,0.5179633237822401,0.2794932479683112,0.0
1996-03-01,slowdown,0.6666666666666666,,,,,,,,1.0,1.0,0.0,,,,,True,0.4481046802172405,-0.1093047427230045,1.0,0.3598289454473087,0.5179633237822401,0.2794932479683112,0.020473448496481125
1996-03-08,slowdown,0.3333333333333333,,,,,,,,1.0,0.0,0.0,,,,,False,0.4518701572900182,0.118075861467151,1.0,0.3587065083453445,0.5179633237822401,0.2794932479683112,0.0345489443378119
1996-03-15,slowdown,0.0,,,,,,,,0.0,0.0,0.0,,,,,False,0.4655972910446387,0.0942187383312602,1.0,0.3675651472939429,1.3434139999999957,0.17949324796831156,0.03838771593090211
1996-03-22,expansion,0.75,,,,1.0,0.0,1.0,1.0,,,,,,,,True,0.463871118517846,0.4135931104273845,1.0,0.3278289473639317,1.3434139999999957,0.17949324796831156,0.05502239283429303
1996-03-29,expansion,0.75,,,,1.0,0.0,1.0,1.0,,,,,,,,True,0.4403283967019116,0.4670720408350268,1.0,0.3114602617635917,1.3434139999999957,0.17949324796831156,0.05438259756877799
1996-04-05,expansion,0.75,,,,1.0,0.0,1.0,1.0,,,,,,,,True,0.4276950779334322,0.4500134488914422,1.0,0.3033296999114908,1.3434139999999957,0.17949324796831156,0.015355086372360844
1996-04-12,expansion,0.75,,,,1.0,0.0,1.0,1.0,,,,,,,,True,0.4212458543937259,0.3552974381504595,1.0,0.3050733000915673,0.8552703703703628,0.17949324796831156,0.0
1996-04-19,expansion,0.75,,,,1.0,0.0,1.0,1.0,,,,,,,,True,0.4606884425073708,0.3761790164086406,0.0,0.3561850914145024,0.8552703703703628,0.17949324796831156,0.0
1996-04-26,expansion,0.75,,,,1.0,0.0,1.0,1.0,,,,,,,,True,0.4851708866981298,0.4376370342109589,0.0,0.3728327665856973,0.8552703703703628,0.17949324796831156,0.01717557251908397
1996-05-03,expansion,0.75,,,,1.0,0.0,1.0,1.0,,,,,,,,True,0.4980986812383087,0.1632011247863961,0.0,0.3908402027688452,0.8552703703703628,0.17949324796831156,0.05407124681933842
1996-05-10,expansion,0.75,,,,1.0,0.0,1.0,1.0,,,,,,,,True,0.5234306829833926,0.2436657878922078,0.0,0.3707519329950767,0.8552703703703628,0.17949324796831156,0.08587786259541985
1996-05-17,expansion,0.75,,,,1.0,0.0,1.0,1.0,,,,,,,,True,0.5845883721123178,0.5001141761004921,0.0,0.3729364130657404,1.2863056818181775,0.2968894121836998,0.10559796437659033
1996-05-24,expansion,0.75,,,,1.0,0.0,1.0,1.0,,,,,,,,True,0.5992779061841269,0.6542841846724023,0.0,0.362654682294828,1.2863056818181775,0.2968894121836998,0.10877862595419847
1996-05-31,expansion,0.75,,,,1.0,0.0,1.0,1.0,,,,,,,,True,0.6221739114566793,0.8346268503939201,0.0,0.3482534179144727,1.2863056818181775,0.2968894121836998,0.12340966921119594
1996-06-07,expansion,0.75,,,,1.0,0.0,1.0,1.0,,,,,,,,True,0.6204821997401717,0.8395657261059288,0.0,0.3481508431400527,1.2863056818181775,0.2968894121836998,0.12340966921119594
1996-06-14,expansion,0.5,,,,1.0,0.0,0.0,1.0,,,,,,,,False,0.6263937016716661,0.8834218711405872,0.0,0.3448652188175517,1.5115116147308783,0.2968894121836998,0.12213740458015267
1996-06-21,expansion,0.5,,,,1.0,0.0,0.0,1.0,,,,,,,,False,0.6773144764108874,0.8327480732315562,0.0,0.3534057661521833,1.5115116147308783,0.2968894121836998,0.1227735368956743
1996-06-28,expansion,0.5,,,,1.0,0.0,0.0,1.0,,,,,,,,False,0.6773071715012969,0.7184021760085416,0.0,0.3534095777125492,1.5115116147308783,0.2968894121836998,0.12468193384223919
1996-07-05,expansion,0.5,,,,1.0,0.0,0.0,1.0,,,,,,,,False,0.722368305587595,0.9602050049254272,0.0,0.3313639865016595,1.5115116147308783,0.2968894121836998,0.12595419847328243
1996-07-12,expansion,0.5,,,,1.0,0.0,0.0,1.0,,,,,,,,False,0.7262084106721005,0.8714448264168982,0.0,0.329611772521916,1.5115116147308783,0.2968894121836998,0.12786259541984732
1996-07-19,expansion,0.75,,,,1.0,1.0,0.0,1.0,,,,,,,,True,0.6451132933513083,0.3312776516538783,1.0,0.3248953250466522,1.749455649717504,-0.0031105878163000256,0.13358778625954199
1996-07-26,expansion,0.75,,,,1.0,1.0,0.0,1.0,,,,,,,,True,0.6540632889440264,0.3520522989718319,1.0,0.3185717961955592,1.749455649717504,-0.0031105878163000256,0.13040712468193386
1996-08-02,expansion,0.75,,,,1.0,1.0,0.0,1.0,,,,,,,,True,0.614458474637569,0.0173031061144136,1.0,0.3371297798255355,1.749455649717504,-0.0031105878163000256,0.1361323155216285
1996-08-09,expansion,0.75,,,,1.0,1.0,0.0,1.0,,,,,,,,True,0.6205751153600462,-0.0301767358505559,1.0,0.3338068916062033,1.749455649717504,-0.0031105878163000256,0.14249363867684478
1996-08-16,expansion,0.75,,,,1.0,1.0,0.0,1.0,,,,,,,,True,0.6551541671321822,-0.0059749209934363,0.0,0.3161885563107524,1.3708830985915483,0.21372623518864042,0.15267175572519084
1996-08-23,expansion,0.75,,,,1.0,1.0,0.0,1.0,,,,,,,,True,0.6579940917543474,-0.0940348945060913,1.0,0.3241769002651306,1.3708830985915483,0.21372623518864042,0.1628498727735369
1996-08-30,slowdown,1.0,,,,,,,,1.0,1.0,1.0,,,,,True,0.6634864867280728,-0.3062687708099726,2.0,0.3214933375803885,1.3708830985915483,0.21372623518864042,0.16030534351145037
1996-09-06,slowdown,1.0,,,,,,,,1.0,1.0,1.0,,,,,True,0.6611783055576127,-0.3362765432118136,2.0,0.3226156745687529,1.3708830985915483,0.21372623518864042,0.15394402035623408
1996-09-13,slowdown,0.6666666666666666,,,,,,,,0.0,1.0,1.0,,,,,True,0.654338727064194,-0.3846518846729864,3.0,0.3259878656651294,1.4066207865168536,-0.18627376481135993,0.15203562340966922
1996-09-20,slowdown,0.6666666666666666,,,,,,,,0.0,1.0,1.0,,,,,True,0.6649005658934856,-0.0803127194127463,2.0,0.3382131863592961,1.4066207865168536,-0.18627376481135993,0.15076335877862596
1996-09-27,slowdown,0.6666666666666666,,,,,,,,0.0,1.0,1.0,,,,,True,0.6553739465135859,-0.1403046636907877,2.0,0.3402561304121101,1.4066207865168536,-0.18627376481135993,0.1494910941475827
1996-10-04,slowdown,0.0,,,,,,,,0.0,0.0,0.0,,,,,False,0.6520948102549251,0.0533827088758703,1.0,0.3419671488053247,1.4066207865168536,-0.18627376481135993,0.13994910941475827
1996-10-11,slowdown,0.3333333333333333,,,,,,,,1.0,0.0,0.0,,,,,False,0.6547155133906187,0.0998594676695557,0.0,0.3405983185869339,1.4066207865168536,-0.18627376481135993,0.12786259541984732
1996-10-18,slowdown,0.6666666666666666,,,,,,,,1.0,1.0,0.0,,,,,True,0.6202788349143726,-0.1347051727010496,0.0,0.3140426249801333,1.534809523809514,-0.0862737648113594,0.12659033078880408
1996-10-25,slowdown,0.6666666666666666,,,,,,,,1.0,1.0,0.0,,,,,True,0.6310540914599698,-0.0616268472541282,0.0,0.3086803432103013,1.534809523809514,-0.0862737648113594,0.1291348600508906
1996-11-01,slowdown,0.6666666666666666,,,,,,,,1.0,1.0,0.0,,,,,True,0.6054863323625709,-0.2433197950097637,1.0,0.3217149308326317,1.534809523809514,-0.0862737648113594,0.13994910941475827
1996-11-08,slowdown,0.6666666666666666,,,,,,,,1.0,1.0,0.0,,,,,True,0.609034757503957,-0.1592354228379503,1.0,0.3198405199966977,1.534809523809514,-0.0862737648113594,0.13740458015267176
1996-11-15,slowdown,0.6666666666666666,,,,,,,,1.0,1.0,0.0,,,,,True,0.642263150915424,-0.0555757352645558,1.0,0.3058543509852942,1.1648466480447013,-0.07003485906816831,0.13804071246819338
1996-11-22,slowdown,0.0,,,,,,,,0.0,0.0,0.0,,,,,False,0.6710644515106277,0.0355365933450932,1.0,0.3457755106643073,1.1648466480447013,-0.07003485906816831,0.14249363867684478
1996-11-29,slowdown,0.0,,,,,,,,0.0,0.0,0.0,,,,,False,0.6775572152289479,0.0890561027135347,1.0,0.3395700752206528,1.1648466480447013,-0.07003485906816831,0.13804071246819338
1996-12-06,slowdown,0.3333333333333333,,,,,,,,0.0,0.0,1.0,,,,,False,0.682531554015414,0.119605692706394,1.0,0.3342724188071511,1.1648466480447013,-0.07003485906816831,0.14122137404580154
1996-12-13,expansion,0.5,,,,1.0,0.0,0.0,1.0,,,,,,,,False,0.6631626201254552,0.000754303646149,1.0,0.3440354847349132,1.5254855153203408,0.12996514093183187,0.14249363867684478
1996-12-20,expansion,0.5,,,,1.0,0.0,0.0,1.0,,,,,,,,False,0.6891602557556642,0.2235506221789359,1.0,0.3479688226616486,1.5254855153203408,0.12996514093183187,0.12468193384223919
1996-12-27,expansion,0.5,,,,1.0,0.0,0.0,1.0,,,,,,,,False,0.6827305340526532,0.1995266664354986,1.0,0.3512458735323018,1.5254855153203408,0.12996514093183187,0.1183206106870229
1997-01-03,expansion,0.75,,,,1.0,0.0,1.0,1.0,,,,,,,,True,0.6726596594530055,0.3179463810634174,0.0,0.3565046297194411,1.5254855153203408,0.12996514093183187,0.11641221374045801
1997-01-10,expansion,0.75,,,,1.0,0.0,1.0,1.0,,,,,,,,True,0.6747677048970007,0.2422968771879365,0.0,0.3544989149977419,1.5254855153203408,0.12996514093183187,0.1005089058524173
1997-01-17,expansion,0.75,,,,1.0,1.0,0.0,1.0,,,,,,,,True,0.5943320041175413,-0.2866386441671034,1.0,0.3645394519846548,1.6519838888888785,0.12996514093183187,0.10559796437659033
1997-01-24,slowdown,0.6666666666666666,,,,,,,,1.0,1.0,0.0,,,,,True,0.5987594262461567,-0.3042431182158677,1.0,0.361843928597927,1.6519838888888785,0.12996514093183187,0.12340966921119594
1997-01-31,slowdown,0.6666666666666666,,,,,,,,1.0,1.0,0.0,,,,,True,0.6203886170044728,-0.2612255521543291,1.0,0.3492286240261369,1.6519838888888785,0.12996514093183187,0.12659033078880408
1997-02-07,slowdown,0.6666666666666666,,,,,,,,1.0,1.0,0.0,,,,,True,0.6264619928245831,-0.1697108200988454,1.0,0.3431856078027619,1.6519838888888785,0.12996514093183187,0.13740458015267176
1997-02-14,slowdown,0.3333333333333333,,,,,,,,1.0,0.0,0.0,,,,,False,0.6462505039513741,0.0150743869901938,1.0,0.3301404059993501,1.381047645429362,0.0455745988638494,0.14631043256997456
1997-02-21,expansion,0.75,,,,1.0,0.0,1.0,1.0,,,,,,,,True,0.7711455619801251,0.4291094041138918,0.0,0.3378022648278191,1.381047645429362,0.0455745988638494,0.15203562340966922
1997-02-28,expansion,0.5,,,,1.0,0.0,0.0,1.0,,,,,,,,False,0.7807188504064445,0.5630898784018331,0.0,0.3336600841816401,1.381047645429362,0.0455745988638494,0.17239185750636132
1997-03-07,expansion,0.5,,,,1.0,0.0,0.0,1.0,,,,,,,,False,0.8046200951130862,0.6023613427085037,0.0,0.3237487093983106,1.381047645429362,0.0455745988638494,0.18384223918575063
1997-03-14,expansion,0.75,,,,1.0,0.0,1.0,1.0,,,,,,,,True,0.8146092814415354,0.6460595612899351,0.0,0.3197787249463144,1.381047645429362,0.0455745988638494,0.19147582697201018
1997-03-21,expansion,0.75,,,,1.0,0.0,1.0,1.0,,,,,,,,True,0.924392715692752,1.3143894771552302,0.0,0.2884566157119792,1.957824309392251,-0.05442540113615024,0.19020356234096691
1997-03-28,expansion,0.75,,,,1.0,0.0,1.0,1.0,,,,,,,,True,0.9306192609226231,1.2882021185005916,0.0,0.2865266232435173,1.957824309392251,-0.05442540113615024,0.18638676844783714
1997-04-04,expansion,0.75,,,,1.0,0.0,1.0,1.0,,,,,,,,True,0.9398819713759028,1.286122759712074,0.0,0.2837028504410926,1.957824309392251,-0.05442540113615024,0.19083969465648856
1997-04-11,expansion,0.75,,,,1.0,0.0,1.0,1.0,,,,,,,,True,0.9377735987687588,1.1961213740648184,0.0,0.2843406923671439,1.957824309392251,-0.05442540113615024,0.18829516539440203
1997-04-18,expansion,0.75,,,,1.0,1.0,0.0,1.0,,,,,,,,True,0.7412553363879042,0.0096709845023059,2.0,0.3218165143669619,2.063723415977961,-0.05442540113615024,0.16893203883495145
1997-04-25,expansion,0.75,,,,1.0,1.0,0.0,1.0,,,,,,,,True,0.7420661760111896,-0.0244593421973796,2.0,0.3208434837723679,2.063723415977961,-0.05442540113615024,0.12911903160726296
1997-05-02,expansion,0.75,,,,1.0,1.0,0.0,1.0,,,,,,,,True,0.7188634269585503,-0.2932087497325286,2.0,0.3311993463186677,2.063723415977961,-0.05442540113615024,0.09812108559498957
1997-05-09,slowdown,1.0,,,,,,,,1.0,1.0,1.0,,,,,True,0.7130278646836915,-0.3774106877414728,2.0,0.3339099478344899,2.063723415977961,-0.05442540113615024,0.07496463932107496
1997-05-16,slowdown,1.0,,,,,,,,1.0,1.0,1.0,,,,,True,0.7137812019311752,-0.6643047486640159,2.0,0.3331810413828792,1.7305560439560423,-0.13946966586832055,0.06294200848656294
1997-05-23,slowdown,1.0,,,,,,,,1.0,1.0,1.0,,,,,True,0.7005490564138784,-0.7476708348006613,2.0,0.3423999586924091,1.7305560439560423,-0.13946966586832055,0.07142857142857142
1997-05-30,slowdown,1.0,,,,,,,,1.0,1.0,1.0,,,,,True,0.7260673209396553,-0.6517698652758517,2.0,0.3297233240767854,1.7305560439560423,-0.13946966586832055,0.06718528995756719
1997-06-06,slowdown,1.0,,,,,,,,1.0,1.0,1.0,,,,,True,0.7368051467841997,-0.5819846336589485,2.0,0.3242872369352628,1.7305560439560423,-0.13946966586832055,0.08203677510608204
1997-06-13,slowdown,0.6666666666666666,,,,,,,,1.0,1.0,0.0,,,,,True,0.7330495958963367,-0.6148237978110287,2.0,0.3249527446661254,1.7485523287671327,-0.33946966586831984,0.09688826025459689
1997-06-20,slowdown,0.6666666666666666,,,,,,,,1.0,1.0,0.0,,,,,True,0.7388367846916972,-0.0078683530381944,0.0,0.3161691988025664,1.7485523287671327,-0.33946966586831984,0.0891089108910891
1997-06-27,slowdown,0.0,,,,,,,,0.0,0.0,0.0,,,,,False,0.7371234053201112,0.0170522858253123,0.0,0.3143868661003127,1.7485523287671327,-0.33946966586831984,0.07991513437057991
1997-07-04,slowdown,0.0,,,,,,,,0.0,0.0,0.0,,,,,False,0.7345357460517808,0.1864074863971273,0.0,0.3130081100940673,1.7485523287671327,-0.33946966586831984,0.07991513437057991
1997-07-11,slowdown,0.0,,,,,,,,0.0,0.0,0.0,,,,,False,0.726905967736031,0.1288880430230087,0.0,0.3162935178318627,1.7485523287671327,-0.33946966586831984,0.07920792079207921
1997-07-18,expansion,0.75,,,,1.0,0.0,1.0,1.0,,,,,,,,True,0.8151585224897714,0.4742606773947811,0.0,0.3061642198814127,1.6697775956284175,-0.2394696658683202,0.06718528995756719
1997-07-25,expansion,0.75,,,,1.0,0.0,1.0,1.0,,,,,,,,True,0.8233595386869768,0.4651275646253143,0.0,0.3031146921741655,1.6697775956284175,-0.2394696658683202,0.07213578500707214
1997-08-01,expansion,0.75,,,,1.0,0.0,1.0,1.0,,,,,,,,True,0.8461789702221371,0.4137565383556451,0.0,0.2949404108356044,1.6697775956284175,-0.2394696658683202,0.08274398868458274
1997-08-08,expansion,0.75,,,,1.0,0.0,1.0,1.0,,,,,,,,True,0.8376174860366963,0.2710631324540445,1.0,0.2979550657408697,1.6697775956284175,-0.2394696658683202,0.09405940594059406
1997-08-15,expansion,0.5,,,,1.0,0.0,0.0,1.0,,,,,,,,False,0.8543379737358847,0.3009863933606668,1.0,0.2921237037216376,1.902379836512253,-0.3251846275692394,0.11244695898161244
1997-08-22,expansion,0.5,,,,1.0,0.0,0.0,1.0,,,,,,,,False,0.8322386830846321,0.3163733746066299,1.0,0.3259538628128816,1.902379836512253,-0.3251846275692394,0.11173974540311174
1997-08-29,expansion,0.5,,,,1.0,0.0,0.0,1.0,,,,,,,,False,0.8377207146069807,0.4136099915500281,1.0,0.3189862461086653,1.902379836512253,-0.3251846275692394,0.08203677510608204
1997-09-05,expansion,0.5,,,,1.0,0.0,0.0,1.0,,,,,,,,False,0.8268481494678271,0.4294925376923406,1.0,0.323180726971376,1.902379836512253,-0.3251846275692394,0.06718528995756719
1997-09-12,expansion,0.5,,,,1.0,0.0,0.0,1.0,,,,,,,,False,0.8566793489318755,0.611958412547449,0.0,0.3119269612056438,2.2360869565217456,-0.4251846275692399,0.0586987270155587
1997-09-19,expansion,0.75,,,,1.0,1.0,0.0,1.0,,,,,,,,True,0.8690717138995115,0.3924048832112801,0.0,0.3274415175538263,2.2360869565217456,-0.4251846275692399,0.07001414427157002
1997-09-26,expansion,0.75,,,,1.0,1.0,0.0,1.0,,,,,,,,True,0.8823984838855369,0.3680888858100154,0.0,0.3224962033131447,2.2360869565217456,-0.4251846275692399,0.09052333804809053
1997-10-03,expansion,1.0,,,,1.0,1.0,1.0,1.0,,,,,,,,True,0.8884212298913615,0.1884801833787546,0.0,0.31872739649329,2.2360869565217456,-0.4251846275692399,0.09759547383309759
1997-10-10,expansion,0.75,,,,1.0,0.0,1.0,1.0,,,,,,,,True,0.9009227493627842,0.5114061981917508,0.0,0.3127593738946217,2.2360869565217456,-0.4251846275692399,0.1082036775106082
1997-10-17,expansion,0.5,,,,1.0,0.0,0.0,1.0,,,,,,,,False,0.9094971875505276,0.5607349293953252,1.0,0.3241156865300879,2.4808455284552906,-0.3251846275692394,0.10961810466760961
1997-10-24,expansion,0.5,,,,1.0,0.0,0.0,1.0,,,,,,,,False,0.909478560313436,0.6094645607514214,1.0,0.3241223248171258,2.4808455284552906,-0.3251846275692394,0.11598302687411598
1997-10-31,expansion,0.5,,,,1.0,0.0,0.0,1.0,,,,,,,,False,0.93941109077077,0.6486104826682151,1.0,0.3137947893485692,2.4808455284552906,-0.3251846275692394,0.11527581329561527
1997-11-07,expansion,0.5,,,,1.0,0.0,0.0,1.0,,,,,,,,False,0.9398248926876808,0.6352217383734049,1.0,0.3136566264989157,2.4808455284552906,-0.3251846275692394,0.12305516265912306
1997-11-14,expansion,0.5,,,,1.0,0.0,0.0,1.0,,,,,,,,False,0.9499408989552796,0.4130538001156218,1.0,0.3103164688080251,2.683572972972968,-0.5115800770927601,0.12164073550212164
1997-11-21,expansion,0.75,,,,1.0,1.0,0.0,1.0,,,,,,,,True,0.9023782142804988,0.1999668485861872,1.0,0.3338301574354761,2.683572972972968,-0.5115800770927601,0.11951909476661952
1997-11-28,expansion,0.75,,,,1.0,1.0,0.0,1.0,,,,,,,,True,0.8944289159272868,0.1354922970725783,1.0,0.335317611765581,2.683572972972968,-0.5115800770927601,0.11456859971711457
1997-12-05,expansion,0.75,,,,1.0,1.0,0.0,1.0,,,,,,,,True,0.9190379067645084,0.363497730097298,1.0,0.3249115705907228,2.683572972972968,-0.5115800770927601,0.11244695898161244
1997-12-12,expansion,0.75,,,,1.0,1.0,0.0,1.0,,,,,,,,True,0.9148660137136724,0.2697792715614139,1.0,0.3263932042979159,2.683572972972968,-0.5115800770927601,0.10891089108910891
1997-12-19,expansion,1.0,,,,1.0,1.0,1.0,1.0,,,,,,,,True,0.9376566836954388,0.2506986877449526,0.0,0.3039993580286841,2.788536388140173,-0.6115800770927606,0.10254596888260255
1997-12-26,expansion,1.0,,,,1.0,1.0,1.0,1.0,,,,,,,,True,0.9360931338948196,0.1949806675798898,0.0,0.3045071260257171,2.788536388140173,-0.6115800770927606,0.10396039603960396
1998-01-02,expansion,1.0,,,,1.0,1.0,1.0,1.0,,,,,,,,True,0.9646418748394042,0.2169598358223191,0.0,0.2954951856534049,2.788536388140173,-0.6115800770927606,0.10325318246110325
1998-01-09,expansion,1.0,,,,1.0,1.0,1.0,1.0,,,,,,,,True,0.9645820060032786,0.1667911419036773,0.0,0.2955135261913121,2.788536388140173,-0.6115800770927606,0.10881934566145092
1998-01-16,expansion,1.0,,,,1.0,1.0,1.0,1.0,,,,,,,,True,0.9199171565711508,0.1955871070704735,0.0,0.309861630320264,2.581777419354836,-0.5115800770927601,0.09433962264150944
1998-01-23,expansion,0.75,,,,1.0,1.0,0.0,1.0,,,,,,,,True,0.8740675235351214,0.0031400776026696,1.0,0.3130286134752269,2.581777419354836,-0.5115800770927601,0.0852148579752367
1998-01-30,expansion,0.75,,,,1.0,1.0,0.0,1.0,,,,,,,,True,0.9038746855285904,0.05850417202754,1.0,0.3298911967941093,2.581777419354836,-0.5115800770927601,0.05088495575221239
1998-02-06,expansion,0.75,,,,1.0,1.0,0.0,1.0,,,,,,,,True,0.9041513815785578,0.0951198411675116,1.0,0.3297004673358482,2.581777419354836,-0.5115800770927601,0.038002980625931444
1998-02-13,expansion,0.75,,,,1.0,1.0,0.0,1.0,,,,,,,,True,0.9348192602464216,0.0984979099853293,1.0,0.318797462983956,2.381774798927623,-0.5986588936454318,0.029257314328582147
1998-02-20,expansion,0.75,,,,1.0,1.0,0.0,1.0,,,,,,,,True,0.9090187073143255,-0.0606460294522584,2.0,0.3277001235206085,2.381774798927623,-0.5986588936454318,0.04282494365138993
1998-02-27,expansion,0.75,,,,1.0,1.0,0.0,1.0,,,,,,,,True,0.8914951642638955,-0.1526017189990224,2.0,0.3339930562345354,2.381774798927623,-0.5986588936454318,0.05785123966942149
1998-03-06,expansion,0.75,,,,1.0,1.0,0.0,1.0,,,,,,,,True,0.9117585004875048,-0.1191924283342937,2.0,0.342073933935713,2.381774798927623,-0.5986588936454318,0.04282494365138993
1998-03-13,slowdown,1.0,,,,,,,,1.0,1.0,1.0,,,,,True,0.9017649240691874,-0.1406971695063363,3.0,0.3458648797889571,2.381774798927623,-0.5986588936454318,0.04132231404958678
1998-03-20,slowdown,0.3333333333333333,,,,,,,,0.0,0.0,1.0,,,,,False,0.9254919304277264,0.0599254786067139,2.0,0.3369978784330887,1.9521411764705903,-0.5986588936454318,0.04357625845229151
1998-03-27,slowdown,0.3333333333333333,,,,,,,,0.0,0.0,1.0,,,,,False,0.9289168876915198,0.1002820022129439,2.0,0.335755352490331,1.9521411764705903,-0.5986588936454318,0.045078888054094664
1998-04-03,slowdown,0.6666666666666666,,,,,,,,0.0,1.0,1.0,,,,,True,0.9364028647587928,-0.133957551168454,2.0,0.3379620235159373,1.9521411764705903,-0.5986588936454318,0.049586776859504134
1998-04-10,slowdown,0.3333333333333333,,,,,,,,0.0,1.0,0.0,,,,,False,0.9349200409695294,-0.1438201343824675,1.0,0.3384980459631803,1.9521411764705903,-0.5986588936454318,0.05334335086401202
1998-04-17,slowdown,0.0,,,,,,,,0.0,0.0,0.0,,,,,False,1.0003416028684065,0.1489149426607659,1.0,0.3163605373329986,1.4231359999999995,-0.49865889364543126,0.05033809166040571
1998-04-24,expansion,0.75,,,,1.0,0.0,1.0,1.0,,,,,,,,True,1.0070418545259971,0.2220396929236573,1.0,0.3142556643278349,1.4231359999999995,-0.49865889364543126,0.061607813673929375
1998-05-01,expansion,0.75,,,,1.0,0.0,1.0,1.0,,,,,,,,True,0.9963350605481424,0.0268137645785764,1.0,0.3057051686697296,1.4231359999999995,-0.49865889364543126,0.06461307287753569
1998-05-08,expansion,0.75,,,,1.0,0.0,1.0,1.0,,,,,,,,True,1.0247586279909835,0.2893009879154344,1.0,0.2967925746467019,1.4231359999999995,-0.49865889364543126,0.06536438767843726
1998-05-15,expansion,0.75,,,,1.0,0.0,1.0,1.0,,,,,,,,True,1.0252914959097628,0.2743750098972006,1.0,0.2966383246190833,1.163533244680849,-0.8864174604119697,0.07137490608564989
1998-05-22,expansion,0.75,,,,1.0,0.0,1.0,1.0,,,,,,,,True,1.0131818137632955,0.267524453808892,0.0,0.3001837848462612,1.163533244680849,-0.8864174604119697,0.06987227648384674
1998-05-29,expansion,0.75,,,,1.0,0.0,1.0,1.0,,,,,,,,True,1.0210406789897717,0.2377834945337851,1.0,0.294193777287306,1.163533244680849,-0.8864174604119697,0.07137490608564989
1998-06-05,expansion,0.5,,,,1.0,0.0,0.0,1.0,,,,,,,,False,1.004947610773721,0.2046199916536257,1.0,0.2985258745206312,1.163533244680849,-0.8864174604119697,0.07287753568745305
1998-06-12,expansion,0.75,,,,1.0,1.0,0.0,1.0,,,,,,,,True,0.9967932325465266,0.0906559969469519,1.0,0.2991318930541416,1.1816904509283859,-0.7864174604119691,0.059353869271224644
1998-06-19,expansion,0.75,,,,1.0,1.0,0.0,1.0,,,,,,,,True,0.955716133163522,-0.2559897956575823,2.0,0.3100969151024577,1.1816904509283859,-0.7864174604119691,0.059353869271224644
1998-06-26,slowdown,1.0,,,,,,,,1.0,1.0,1.0,,,,,True,0.911377664879274,-0.3873801216111716,2.0,0.3249107678246711,1.1816904509283859,-0.7864174604119691,0.054845980465815174
1998-07-03,slowdown,0.6666666666666666,,,,,,,,1.0,1.0,0.0,,,,,True,0.8550590454719658,-0.5027703013605949,1.0,0.346672141242717,1.1816904509283859,-0.7864174604119691,0.024793388429752067
1998-07-10,slowdown,1.0,,,,,,,,1.0,1.0,1.0,,,,,True,0.7630918717812435,-0.9607861583681916,2.0,0.3884527684599643,1.1816904509283859,-0.7864174604119691,0.0
1998-07-17,slowdown,1.0,,,,,,,,1.0,1.0,1.0,,,,,True,0.6118219598935158,-1.4173762880085503,3.0,0.458548277483931,0.1827058201058236,-0.6864174604119695,0.0
1998-07-24,slowdown,1.0,,,,,,,,1.0,1.0,1.0,,,,,True,0.624392470060304,-1.412869765369959,3.0,0.4659003664290988,0.1827058201058236,-0.6864174604119695,0.0007102272727272727
1998-07-31,slowdown,1.0,,,,,,,,1.0,1.0,1.0,,,,,True,0.6241642763305265,-1.4453640573072892,4.0,0.4390029185713714,0.1827058201058236,-0.6864174604119695,0.024857954545454544
1998-08-07,slowdown,1.0,,,,,,,,1.0,1.0,1.0,,,,,True,0.6595522456949061,-1.337302610142082,4.0,0.4154484209031711,0.1827058201058236,-0.6864174604119695,0.05397727272727273
1998-08-14,slowdown,1.0,,,,,,,,1.0,1.0,1.0,,,,,True,0.6682497851911143,-1.2242252557041429,3.0,0.4100411927535814,-0.5912300791556788,-0.6748462097758603,0.07883522727272728
1998-08-21,slowdown,0.6666666666666666,,,,,,,,1.0,1.0,0.0,,,,,True,0.6734841302145499,-0.6950253045761056,2.0,0.3957373585186401,-0.5912300791556788,-0.6748462097758603,0.08167613636363637
1998-08-28,slowdown,1.0,,,,,,,,1.0,1.0,1.0,,,,,True,0.7207007896909845,-0.407044892742725,2.0,0.3704428050565476,-0.5912300791556788,-0.6748462097758603,0.08664772727272728
1998-09-04,slowdown,0.6666666666666666,,,,,,,,1.0,1.0,0.0,,,,,True,0.7515980793099487,-0.1555578719653615,2.0,0.343358364184367,-0.5912300791556788,-0.6748462097758603,0.11008522727272728
1998-09-11,slowdown,0.0,,,,,,,,0.0,0.0,0.0,,,,,False,0.7668935228651672,0.0037477927190239,2.0,0.3361758534272383,-0.5912300791556788,-0.6748462097758603,0.12215909090909091
1998-09-18,expansion,0.75,,,,1.0,0.0,1.0,1.0,,,,,,,,True,0.8230306843451889,0.4631762978624313,1.0,0.3211265516721429,0.65434342105263,-0.6748462097758603,0.12428977272727272
1998-09-25,expansion,0.75,,,,1.0,0.0,1.0,1.0,,,,,,,,True,0.8204873630794317,0.3947121316584579,1.0,0.3221219697914442,0.65434342105263,-0.6748462097758603,0.12713068181818182
1998-10-02,expansion,0.75,,,,1.0,0.0,1.0,1.0,,,,,,,,True,0.8317551516890316,0.4307369435911492,1.0,0.3003012779770875,0.65434342105263,-0.6748462097758603,0.125
1998-10-09,expansion,0.75,,,,1.0,0.0,1.0,1.0,,,,,,,,True,0.8423049749072706,0.3573548985746356,2.0,0.2965400210817233,0.65434342105263,-0.6748462097758603,0.13636363636363635
1998-10-16,expansion,0.5,,,,1.0,0.0,0.0,1.0,,,,,,,,False,0.8514191709408614,0.5439411699037952,2.0,0.2933656459018019,0.19223753280839162,-0.5748462097758607,0.14417613636363635
1998-10-23,expansion,0.5,,,,1.0,0.0,0.0,1.0,,,,,,,,False,0.913566287502496,0.2150693726581571,3.0,0.2734088795013247,0.19223753280839162,-0.5748462097758607,0.1356534090909091
1998-10-30,expansion,0.5,,,,1.0,0.0,0.0,1.0,,,,,,,,False,0.8670487501564136,-0.0275690791974538,3.0,0.2615757924243319,0.19223753280839162,-0.5748462097758607,0.12642045454545456
1998-11-06,expansion,0.75,,,,1.0,1.0,0.0,1.0,,,,,,,,True,0.8551057556031004,-0.1014541706059786,3.0,0.2625213665854403,0.19223753280839162,-0.5748462097758607,0.11576704545454546
1998-11-13,expansion,0.75,,,,1.0,1.0,0.0,1.0,,,,,,,,True,0.8544933355557423,-0.0677160731901926,2.0,0.2612302195704327,0.353908638743448,-0.6639302809366097,0.11150568181818182
1998-11-20,expansion,0.75,,,,1.0,1.0,0.0,1.0,,,,,,,,True,0.8267024149728666,-0.2245581814566828,2.0,0.2684999869482263,0.353908638743448,-0.6639302809366097,0.11150568181818182
1998-11-27,slowdown,1.0,,,,,,,,1.0,1.0,1.0,,,,,True,0.8285776168331372,-0.2831860843832872,2.0,0.2664006466844416,0.353908638743448,-0.6639302809366097,0.10014204545454546
1998-12-04,slowdown,0.6666666666666666,,,,,,,,1.0,1.0,0.0,,,,,True,0.8169842855410037,-0.2534930682617321,2.0,0.2659154488061599,0.353908638743448,-0.6639302809366097,0.10369318181818182
1998-12-11,slowdown,0.6666666666666666,,,,,,,,1.0,1.0,0.0,,,,,True,0.813905751013108,-0.1197367555465682,2.0,0.2669212530895571,0.353908638743448,-0.6639302809366097,0.10227272727272728
1998-12-18,slowdown,0.6666666666666666,,,,,,,,1.0,1.0,0.0,,,,,True,0.8699400051122714,-0.1974031786916395,2.0,0.2497284199836039,-0.09344673629242095,-0.7639302809366093,0.09517045454545454
1998-12-25,slowdown,0.3333333333333333,,,,,,,,0.0,1.0,0.0,,,,,False,0.8769817190483884,-0.1253728049250378,2.0,0.247723228704188,-0.09344673629242095,-0.7639302809366093,0.11576704545454546
1999-01-01,slowdown,0.6666666666666666,,,,,,,,1.0,1.0,0.0,,,,,True,0.8395912977812241,-0.1406759514550118,2.0,0.2418281636585663,-0.09344673629242095,-0.7639302809366093,0.12073863636363637
1999-01-08,slowdown,0.6666666666666666,,,,,,,,1.0,1.0,0.0,,,,,True,0.8114909256316537,-0.3116763082185245,2.0,0.2502022084943276,-0.09344673629242095,-0.7639302809366093,0.10227272727272728
1999-01-15,slowdown,0.6666666666666666,,,,,,,,1.0,1.0,0.0,,,,,True,0.7708460382604068,-0.4135817339429847,2.0,0.2765632882626401,-0.09200651041666674,-0.7639302809366093,0.09872159090909091
1999-01-22,slowdown,0.6666666666666666,,,,,,,,1.0,1.0,0.0,,,,,True,0.688581996607809,-0.4917884250963314,1.0,0.2881586280514466,-0.09200651041666674,-0.7639302809366093,0.0703125
1999-01-29,slowdown,0.6666666666666666,,,,,,,,1.0,1.0,0.0,,,,,True,0.6917344549811021,-0.5114265762094243,1.0,0.2728550584584104,-0.09200651041666674,-0.7639302809366093,0.040482954545454544
1999-02-05,slowdown,0.6666666666666666,,,,,,,,1.0,1.0,0.0,,,,,True,0.7257056182829984,-0.3939711655820944,1.0,0.2600823810598671,-0.09200651041666674,-0.7639302809366093,0.05823863636363636
1999-02-12,slowdown,0.6666666666666666,,,,,,,,1.0,1.0,0.0,,,,,True,0.81394795408288,-0.2565465648693154,1.0,0.2318861349854152,-0.09416129870129453,-0.8536502701945006,0.07670454545454546
1999-02-19,slowdown,0.3333333333333333,,,,,,,,0.0,1.0,0.0,,,,,False,0.9054811707497616,-0.139831945246847,1.0,0.2610403536445093,-0.09416129870129453,-0.8536502701945006,0.11505681818181818
1999-02-26,slowdown,0.3333333333333333,,,,,,,,0.0,1.0,0.0,,,,,False,0.9433717092438072,-0.0339223769623677,1.0,0.2712612463867585,-0.09416129870129453,-0.8536502701945006,0.13423295454545456
1999-03-05,slowdown,0.0,,,,,,,,0.0,0.0,0.0,,,,,False,0.9516718890178094,0.1203040550940315,0.0,0.2688953920027925,-0.09416129870129453,-0.8536502701945006,0.140625
1999-03-12,expansion,0.75,,,,1.0,0.0,1.0,1.0,,,,,,,,True,0.9277571444926388,0.2388347804045002,0.0,0.2758266936283478,-0.09416129870129453,-0.8536502701945006,0.1434659090909091
1999-03-19,expansion,0.75,,,,1.0,0.0,1.0,1.0,,,,,,,,True,0.9697153834786698,0.4651436202481173,0.0,0.3150927363333398,0.05818756476682552,-0.7536502701945,0.13707386363636365
1999-03-26,expansion,0.5,,,,1.0,0.0,0.0,1.0,,,,,,,,False,0.967543460156948,0.4381038834218917,1.0,0.3158000505685437,0.05818756476682552,-0.7536502701945,0.13991477272727273
1999-04-02,expansion,0.5,,,,1.0,0.0,0.0,1.0,,,,,,,,False,0.9463605737118772,0.2830990042263263,1.0,0.3228687691905622,0.05818756476682552,-0.7536502701945,0.1377840909090909
1999-04-09,expansion,0.5,,,,1.0,0.0,0.0,1.0,,,,,,,,False,0.9537888238793408,0.0528978305211519,1.0,0.3203542188742209,0.05818756476682552,-0.7536502701945,0.13991477272727273
1999-04-16,expansion,0.75,,,,1.0,1.0,0.0,1.0,,,,,,,,True,0.8872323149655987,-0.1980644067717508,1.0,0.2896391961840449,-0.08798449612403658,-0.9536502701945002,0.1328125
1999-04-23,slowdown,1.0,,,,,,,,1.0,1.0,1.0,,,,,True,0.8657710725332246,-0.3842970021935438,2.0,0.3009941057625321,-0.08798449612403658,-0.9536502701945002,0.125
1999-04-30,slowdown,1.0,,,,,,,,1.0,1.0,1.0,,,,,True,0.842905358900186,-0.5996179394875378,2.0,0.3091592514161067,-0.08798449612403658,-0.9536502701945002,0.11860795454545454
1999-05-07,slowdown,1.0,,,,,,,,1.0,1.0,1.0,,,,,True,0.8599226048136923,-0.547057272028501,2.0,0.3030412136085958,-0.08798449612403658,-0.9536502701945002,0.12357954545454546
1999-05-14,slowdown,1.0,,,,,,,,1.0,1.0,1.0,,,,,True,0.8717311223796849,-0.4248923898424454,2.0,0.2989362007184421,-0.2173229381443207,-0.8439830521394001,0.13352272727272727
1999-05-21,slowdown,1.0,,,,,,,,1.0,1.0,1.0,,,,,True,0.8920930070047198,-0.3911322919167938,2.0,0.2817686245979894,-0.2173229381443207,-0.8439830521394001,0.13991477272727273
1999-05-28,slowdown,1.0,,,,,,,,1.0,1.0,1.0,,,,,True,0.8845736545431823,-0.4166457632075463,2.0,0.2878500038990728,-0.2173229381443207,-0.8439830521394001,0.14914772727272727
1999-06-04,slowdown,1.0,,,,,,,,1.0,1.0,1.0,,,,,True,0.8656436549782491,-0.3397582009851295,2.0,0.2980105577021335,-0.2173229381443207,-0.8439830521394001,0.14417613636363635
1999-06-11,slowdown,1.0,,,,,,,,1.0,1.0,1.0,,,,,True,0.8835086102456462,-0.3562252672593579,2.0,0.2920142933453091,-0.2173229381443207,-0.8439830521394001,0.13920454545454544
1999-06-18,slowdown,0.3333333333333333,,,,,,,,0.0,1.0,0.0,,,,,False,0.9095985937384544,-0.1980065106414095,2.0,0.3265776928770247,-0.008600771208222113,-0.9439830521393997,0.14417613636363635
1999-06-25,slowdown,0.3333333333333333,,,,,,,,0.0,1.0,0.0,,,,,False,0.917874526210525,-0.2007411782778195,2.0,0.3236002733471431,-0.008600771208222113,-0.9439830521393997,0.15198863636363635
1999-07-02,slowdown,0.0,,,,,,,,0.0,0.0,0.0,,,,,False,0.935627384372465,0.0146688748568151,1.0,0.3174279590981115,-0.008600771208222113,-0.9439830521393997,0.15625
1999-07-09,slowdown,0.0,,,,,,,,0.0,0.0,0.0,,,,,False,0.963999261205022,0.129210681002844,1.0,0.3040890908173761,-0.008600771208222113,-0.9439830521393997,0.16477272727272727
1999-07-16,slowdown,0.0,,,,,,,,0.0,0.0,0.0,,,,,False,0.943384094905822,0.0625108816141144,1.0,0.2890771886305489,-0.3723435897435934,-0.8439830521394001,0.17555081734186212
1999-07-23,slowdown,0.0,,,,,,,,0.0,0.0,0.0,,,,,False,0.9321246872461384,0.0308804390560161,1.0,0.2927987312897118,-0.3723435897435934,-0.8439830521394001,0.15659140568099053
1999-07-30,expansion,0.75,,,,1.0,0.0,1.0,1.0,,,,,,,,True,0.9013007869330012,0.0227388906409281,1.0,0.3067919859772394,-0.3723435897435934,-0.8439830521394001,0.13027387120651368
1999-08-06,expansion,0.75,,,,1.0,0.0,1.0,1.0,,,,,,,,True,0.8782104607030778,-0.0581773527842982,1.0,0.3148902768509335,-0.3723435897435934,-0.8439830521394001,0.11917098445595854
1999-08-13,expansion,1.0,,,,1.0,1.0,1.0,1.0,,,,,,,,True,0.8562693044936479,-0.230669941271645,1.0,0.3229918625755462,-0.19065473145779777,-0.8349026484896402,0.10954848260547742
1999-08-20,expansion,0.75,,,,1.0,0.0,1.0,1.0,,,,,,,,True,0.8801590726593073,-0.1499726191494868,0.0,0.3250175977137695,-0.19065473145779777,-0.8349026484896402,0.10436713545521836
1999-08-27,slowdown,0.6666666666666666,,,,,,,,1.0,1.0,0.0,,,,,True,0.912546467798839,-0.122267484445309,0.0,0.3134823239102906,-0.19065473145779777,-0.8349026484896402,0.11695040710584752
1999-09-03,slowdown,0.6666666666666666,,,,,,,,1.0,1.0,0.0,,,,,True,0.9298541032534446,-0.1089149604905365,0.0,0.3078847315879431,-0.19065473145779777,-0.8349026484896402,0.13175425610658772
1999-09-10,slowdown,0.6666666666666666,,,,,,,,1.0,1.0,0.0,,,,,True,0.9247796453403636,-0.2369189066052411,1.0,0.3098131720525285,-0.19065473145779777,-0.8349026484896402,0.1391561806069578
1999-09-17,slowdown,1.0,,,,,,,,1.0,1.0,1.0,,,,,True,0.8855927191009266,-0.3801713593823197,2.0,0.3091824839087093,-0.15216556122449276,-0.9349026484896399,0.14285714285714285
1999-09-24,slowdown,1.0,,,,,,,,1.0,1.0,1.0,,,,,True,0.8935249726707981,-0.2981322522698255,2.0,0.3066746787475556,-0.15216556122449276,-0.9349026484896399,0.15099925980754997
1999-10-01,slowdown,1.0,,,,,,,,1.0,1.0,1.0,,,,,True,0.8503536959100509,-0.4193824918726322,3.0,0.3245346869164143,-0.15216556122449276,-0.9349026484896399,0.154700222057735
1999-10-08,slowdown,1.0,,,,,,,,1.0,1.0,1.0,,,,,True,0.8466998412941618,-0.2093466228802087,2.0,0.3282685693350948,-0.15216556122449276,-0.9349026484896399,0.14285714285714285
1999-10-15,slowdown,1.0,,,,,,,,1.0,1.0,1.0,,,,,True,0.835824991430386,-0.2774044265233972,2.0,0.3341582536097935,-0.7646150127226434,-0.9349026484896399,0.12879348630643966
1999-10-22,slowdown,1.0,,,,,,,,1.0,1.0,1.0,,,,,True,0.809226817807985,-0.3005212874627135,2.0,0.2596565833331663,-0.7646150127226434,-0.9349026484896399,0.12139156180606958
1999-10-29,slowdown,1.0,,,,,,,,1.0,1.0,1.0,,,,,True,0.8712918875866954,-0.1454142947976994,1.0,0.2516995435409265,-0.7646150127226434,-0.9349026484896399,0.11695040710584752
1999-11-05,slowdown,0.6666666666666666,,,,,,,,1.0,1.0,0.0,,,,,True,0.9139722334177748,-0.0571446223009994,1.0,0.2853826701070409,-0.7646150127226434,-0.9349026484896399,0.13619541080680977
1999-11-12,slowdown,0.0,,,,,,,,0.0,0.0,0.0,,,,,False,0.9341703826619344,0.0224465630666862,1.0,0.298040676454759,-0.051583756345166876,-1.0263811204110205,0.153960029607698
1999-11-19,expansion,0.75,,,,1.0,0.0,1.0,1.0,,,,,,,,True,1.0076900788441578,0.3971501322551505,0.0,0.2811381580411861,-0.051583756345166876,-1.0263811204110205,0.16062176165803108
1999-11-26,expansion,0.75,,,,1.0,0.0,1.0,1.0,,,,,,,,True,1.0200542699840414,0.4910498414640793,0.0,0.2894658229765,-0.051583756345166876,-1.0263811204110205,0.16506291635825315
1999-12-03,expansion,0.75,,,,1.0,0.0,1.0,1.0,,,,,,,,True,1.0300659987049128,0.846100640109454,0.0,0.273858719077404,-0.051583756345166876,-1.0263811204110205,0.1680236861584012
1999-12-10,expansion,0.75,,,,1.0,0.0,1.0,1.0,,,,,,,,True,1.0223901491861225,0.7276300147670338,0.0,0.2728841308690062,-0.051583756345166876,-1.0263811204110205,0.16580310880829016
1999-12-17,expansion,0.75,,,,1.0,0.0,1.0,1.0,,,,,,,,True,1.1364842767216514,0.9289775094214134,0.0,0.3222209389182774,0.0691407594936635,-1.0263811204110205,0.16210214655810512
1999-12-24,expansion,0.75,,,,1.0,0.0,1.0,1.0,,,,,,,,True,1.1127892955217675,0.7697864588650096,0.0,0.3290820932451597,0.0691407594936635,-1.0263811204110205,0.1687638786084382
1999-12-31,expansion,0.75,,,,1.0,0.0,1.0,1.0,,,,,,,,True,1.1644692607581404,0.7911330831328357,0.0,0.3144771983699183,0.0691407594936635,-1.0263811204110205,0.16062176165803108
2000-01-07,expansion,0.75,,,,1.0,0.0,1.0,1.0,,,,,,,,True,1.164602471012515,0.7418952286470057,0.0,0.3144412276514693,0.0691407594936635,-1.0263811204110205,0.17542561065877127
2000-01-14,expansion,0.5,,,,1.0,0.0,0.0,1.0,,,,,,,,False,1.114737329398501,0.5581345132145402,0.0,0.328507013314703,0.4292540404040466,-1.1263811204110201,0.17616580310880828
2000-01-21,expansion,0.75,,,,1.0,1.0,0.0,1.0,,,,,,,,True,0.970731910431728,0.0299746717535366,0.0,0.273799447906881,0.4292540404040466,-1.1263811204110201,0.15692079940784603
2000-01-28,expansion,0.75,,,,1.0,1.0,0.0,1.0,,,,,,,,True,0.9474614057961228,0.0050717334683343,0.0,0.2805242087074431,0.4292540404040466,-1.1263811204110201,0.13951734539969834
2000-02-04,expansion,0.75,,,,1.0,1.0,0.0,1.0,,,,,,,,True,0.9808652156967071,0.081429303474782,0.0,0.2709708295170928,0.4292540404040466,-1.1263811204110201,0.11
2000-02-11,expansion,0.75,,,,1.0,1.0,0.0,1.0,,,,,,,,True,0.9272354200138802,-0.2478082652216708,1.0,0.2866433436481754,0.4292540404040466,-1.1263811204110201,0.07223113964686999
2000-02-18,slowdown,1.0,,,,,,,,1.0,1.0,1.0,,,,,True,0.9565586681240708,-0.4170902994982589,2.0,0.3398988367289653,0.04893047858942623,-1.1183894598256492,0.057211925866236905
2000-02-25,slowdown,1.0,,,,,,,,1.0,1.0,1.0,,,,,True,0.95127212976999,-0.4846873790857335,2.0,0.3417877685925631,0.04893047858942623,-1.1183894598256492,0.048348106365834004
2000-03-03,slowdown,1.0,,,,,,,,1.0,1.0,1.0,,,,,True,0.9416586862002504,-0.6731479822981513,2.0,0.3452770980856626,0.04893047858942623,-1.1183894598256492,0.04915390813859791
2000-03-10,slowdown,1.0,,,,,,,,1.0,1.0,1.0,,,,,True,1.0109062976349463,-0.2035409886915842,1.0,0.3216254358282676,0.04893047858942623,-1.1183894598256492,0.0531829170024174
2000-03-17,slowdown,0.0,,,,,,,,0.0,0.0,0.0,,,,,False,0.9739720936738828,0.1002222986094776,0.0,0.2486447573932175,0.0417253768844148,-1.0183894598256495,0.07413376309427881
2000-03-24,expansion,0.5,,,,1.0,0.0,0.0,1.0,,,,,,,,False,0.9951319507404282,0.2013572592624665,0.0,0.2433577323681726,0.0417253768844148,-1.0183894598256495,0.09830781627719581
2000-03-31,expansion,0.75,,,,1.0,1.0,0.0,1.0,,,,,,,,True,1.0080503426870722,0.0047775866574768,1.0,0.2520429075071499,0.0417253768844148,-1.0183894598256495,0.10797743755036261
2000-04-07,expansion,0.5,,,,1.0,0.0,0.0,1.0,,,,,,,,False,1.054020208819412,0.1691804136651387,1.0,0.2810650568565597,0.0417253768844148,-1.0183894598256495,0.11442385173247381
2000-04-14,expansion,0.75,,,,1.0,0.0,1.0,1.0,,,,,,,,True,1.066020137673926,0.434631225330062,1.0,0.2854788418016272,0.0719446115288207,-1.1183894598256492,0.1305398871877518
2000-04-21,expansion,0.5,,,,1.0,0.0,0.0,1.0,,,,,,,,False,0.9885191119918476,0.2521746963817352,2.0,0.3310025922726209,0.0719446115288207,-1.1183894598256492,0.13215149073327961
2000-04-28,expansion,0.5,,,,1.0,0.0,0.0,1.0,,,,,,,,False,0.9980331009952922,0.2811796781303058,2.0,0.3342189190835353,0.0719446115288207,-1.1183894598256492,0.13695299837925445
2000-05-05,expansion,0.5,,,,1.0,0.0,0.0,1.0,,,,,,,,False,0.9634224844485978,0.1340527547829677,1.0,0.3074934913587845,0.0719446115288207,-1.1183894598256492,0.12540983606557377
2000-05-12,expansion,0.75,,,,1.0,1.0,0.0,1.0,,,,,,,,True,0.9137584970434351,-0.3781892095558846,1.0,0.2786956710746468,0.0719446115288207,-1.1183894598256492,0.09900990099009901
2000-05-19,expansion,0.75,,,,1.0,1.0,0.0,1.0,,,,,,,,True,0.9214158927889916,-0.284832983722361,1.0,0.2521214977607486,0.3004915000000068,-1.3108984554991903,0.07838283828382839
2000-05-26,slowdown,0.6666666666666666,,,,,,,,1.0,1.0,0.0,,,,,True,0.9105338639666328,-0.3686951575027619,1.0,0.249396308220755,0.3004915000000068,-1.3108984554991903,0.06435643564356436
2000-06-02,slowdown,1.0,,,,,,,,1.0,1.0,1.0,,,,,True,0.907601854941136,-0.5001402596746025,2.0,0.2583009469902139,0.3004915000000068,-1.3108984554991903,0.0594059405940594
2000-06-09,slowdown,1.0,,,,,,,,1.0,1.0,1.0,,,,,True,0.8632129746077283,-0.859935613677302,3.0,0.281538627195642,0.3004915000000068,-1.3108984554991903,0.06694214876033058
2000-06-16,slowdown,0.6666666666666666,,,,,,,,1.0,1.0,0.0,,,,,True,0.8017824821721333,-0.8288194853325986,2.0,0.2791303999927201,0.2649291770573541,-1.11089845549919,0.06942148760330578
2000-06-23,slowdown,1.0,,,,,,,,1.0,1.0,1.0,,,,,True,0.7326589995028374,-1.0803159807244185,3.0,0.2635740831555487,0.2649291770573541,-1.11089845549919,0.0628099173553719
2000-06-30,slowdown,1.0,,,,,,,,1.0,1.0,1.0,,,,,True,0.699624432040866,-1.0549090332562738,3.0,0.2488499810031274,0.2649291770573541,-1.11089845549919,0.0512396694214876
2000-07-07,slowdown,1.0,,,,,,,,1.0,1.0,1.0,,,,,True,0.7011055032791167,-0.9583916889928328,3.0,0.2483242904361882,0.2649291770573541,-1.11089845549919,0.03801652892561983
2000-07-14,slowdown,1.0,,,,,,,,1.0,1.0,1.0,,,,,True,0.6650790060167651,-0.9939898158763364,3.0,0.2428735148389622,0.04102686567163971,-1.11089845549919,0.045454545454545456
2000-07-21,slowdown,1.0,,,,,,,,1.0,1.0,1.0,,,,,True,0.5251718467959653,-1.3322034285144668,4.0,0.3084744874109506,0.04102686567163971,-1.11089845549919,0.03801652892561983
2000-07-28,slowdown,1.0,,,,,,,,1.0,1.0,1.0,,,,,True,0.5038548662051809,-1.4171122405715697,4.0,0.3224677075215227,0.04102686567163971,-1.11089845549919,0.030578512396694214
2000-08-04,slowdown,0.6666666666666666,,,,,,,,1.0,1.0,0.0,,,,,True,0.4787193527326095,-1.3108106289283952,3.0,0.3520312399801948,0.04102686567163971,-1.11089845549919,0.02727272727272727
2000-08-11,slowdown,1.0,,,,,,,,1.0,1.0,1.0,,,,,True,0.4122076500526285,-1.2335994429357786,3.0,0.408833187165402,0.04102686567163971,-1.11089845549919,0.013223140495867768
2000-08-18,slowdown,0.6666666666666666,,,,,,,,1.0,1.0,0.0,,,,,True,0.3294366894097561,-1.2040661963740036,3.0,0.5115525160446384,-0.3706511166253108,-1.1038795105662302,0.0
2000-08-25,slowdown,0.6666666666666666,,,,,,,,1.0,1.0,0.0,,,,,True,0.3057158790874096,-1.1776217085818863,3.0,0.5194853993781922,-0.3706511166253108,-1.1038795105662302,0.0
2000-09-01,slowdown,0.6666666666666666,,,,,,,,1.0,1.0,0.0,,,,,True,0.275981183941916,-1.2360932231729105,3.0,0.4763684710114089,-0.3706511166253108,-1.1038795105662302,0.0
2000-09-08,slowdown,0.6666666666666666,,,,,,,,1.0,1.0,0.0,,,,,True,0.2529795608850664,-1.212794944428208,3.0,0.5121094922513434,-0.3706511166253108,-1.1038795105662302,0.0
2000-09-15,slowdown,0.6666666666666666,,,,,,,,1.0,1.0,0.0,,,,,True,0.2351344088237643,-1.0202744175076244,2.0,0.5075007682888308,-0.8431589108910913,-1.0038795105662306,0.003996802557953637
2000-09-22,slowdown,0.6666666666666666,,,,,,,,1.0,1.0,0.0,,,,,True,0.2856207368280088,-0.7181002288386675,2.0,0.466856474900953,-0.8431589108910913,-1.0038795105662306,0.008792965627498001
2000-09-29,slowdown,0.6666666666666666,,,,,,,,1.0,1.0,0.0,,,,,True,0.3012252124242077,-0.7566318889826273,3.0,0.4869950531823381,-0.8431589108910913,-1.0038795105662306,0.014388489208633094
2000-10-06,slowdown,0.6666666666666666,,,,,,,,1.0,1.0,0.0,,,,,True,0.3169994431012752,-0.675481881412549,3.0,0.4815714316637378,-0.8431589108910913,-1.0038795105662306,0.03357314148681055
2000-10-13,slowdown,0.6666666666666666,,,,,,,,1.0,1.0,0.0,,,,,True,0.2928192786028171,-0.5861643975958322,3.0,0.5213382000641948,-0.7209743209876649,-1.2038795105662303,0.0407673860911271
2000-10-20,slowdown,0.6666666666666666,,,,,,,,1.0,1.0,0.0,,,,,True,0.2651893028428352,-0.4796776095673395,3.0,0.5164844404871443,-0.7209743209876649,-1.2038795105662303,0.0407673860911271
2000-10-27,slowdown,0.6666666666666666,,,,,,,,1.0,1.0,0.0,,,,,True,0.2521532136410905,-0.4401544663574132,3.0,0.5425961576095504,-0.7209743209876649,-1.2038795105662303,0.050359712230215826
2000-11-03,slowdown,0.6666666666666666,,,,,,,,1.0,1.0,0.0,,,,,True,0.2310091738128198,-0.5413548242431782,3.0,0.5524528725951303,-0.7209743209876649,-1.2038795105662303,0.04476418864908074
2000-11-10,slowdown,1.0,,,,,,,,1.0,1.0,1.0,,,,,True,0.1853445410411256,-0.5048211226463858,3.0,0.5269546193786865,-0.7209743209876649,-1.2038795105662303,0.037569944044764186
2000-11-17,slowdown,1.0,,,,,,,,1.0,1.0,1.0,,,,,True,0.0375488608385242,-0.9056370844775838,4.0,0.3959938026402956,-1.2904879310344768,-1.1973053895934895,0.019984012789768184
2000-11-24,slowdown,1.0,,,,,,,,1.0,1.0,1.0,,,,,True,-0.0202116330665861,-1.0987679548634763,4.0,0.341020303774018,-1.2904879310344768,-1.1973053895934895,0.004796163069544364
2000-12-01,slowdown,1.0,,,,,,,,1.0,1.0,1.0,,,,,True,-0.1442682085778728,-1.3205542323600514,4.0,0.4255817126984565,-1.2904879310344768,-1.1973053895934895,0.0
2000-12-08,slowdown,1.0,,,,,,,,1.0,1.0,1.0,,,,,True,-0.1936129912529109,-1.2847300143364309,4.0,0.4756188046875829,-1.2904879310344768,-1.1973053895934895,0.0
2000-12-15,slowdown,1.0,,,,,,,,1.0,1.0,1.0,,,,,True,-0.216602571852756,-1.3654423927458352,4.0,0.4978359174207684,-1.523834643734645,-1.1973053895934895,0.0
2000-12-22,slowdown,1.0,,,,,,,,1.0,1.0,1.0,,,,,True,-0.3780541477274555,-1.5577806753706345,4.0,0.4483204331672177,-1.523834643734645,-1.1973053895934895,0.0
2000-12-29,slowdown,1.0,,,,,,,,1.0,1.0,1.0,,,,,True,-0.41456544463572,-1.6344181271575384,4.0,0.4745084307316483,-1.523834643734645,-1.1973053895934895,0.0
2001-01-05,slowdown,1.0,,,,,,,,1.0,1.0,1.0,,,,,True,-0.438234383742527,-1.6001672381503695,4.0,0.4933460672950436,-1.523834643734645,-1.1973053895934895,0.0
2001-01-12,slowdown,0.6666666666666666,,,,,,,,1.0,1.0,0.0,,,,,True,-0.5206793301770316,-1.829142461528214,4.0,0.5512126183951729,-2.041618382352951,-1.1973053895934895,0.0
2001-01-19,slowdown,0.6666666666666666,,,,,,,,1.0,1.0,0.0,,,,,True,-0.451386048904595,-1.3964066073755494,3.0,0.5573758998978426,-2.041618382352951,-1.1973053895934895,0.0
2001-01-26,contraction,0.5,,,,,,,,,,,1.0,1.0,0.0,0.0,False,-0.4289114894071399,-1.130791702893838,3.0,0.542050607301654,-2.041618382352951,-1.1973053895934895,0.02556818181818182
2001-02-02,contraction,0.5,,,,,,,,,,,1.0,1.0,0.0,0.0,False,-0.4471776703375686,-0.9789347014553924,3.0,0.5539813303797106,-2.041618382352951,-1.1973053895934895,0.040482954545454544
2001-02-09,contraction,0.5,,,,,,,,,,,1.0,1.0,0.0,0.0,False,-0.5265441960354692,-1.107712881196869,3.0,0.5728239566410666,-2.041618382352951,-1.1973053895934895,0.03409090909090909
2001-02-16,contraction,0.5,,,,,,,,,,,1.0,1.0,0.0,0.0,False,-0.6537752203410714,-1.1162731316044725,4.0,0.5801690136047666,-2.6753611246943763,-0.8911508752539099,0.006392045454545455
2001-02-23,contraction,0.5,,,,,,,,,,,1.0,1.0,0.0,0.0,False,-0.7668142567633065,-1.2749430410626172,4.0,0.5421648515245371,-2.6753611246943763,-0.8911508752539099,0.0
2001-03-02,contraction,0.5,,,,,,,,,,,1.0,1.0,0.0,0.0,False,-0.8223795316026052,-1.249534171721942,3.0,0.5678503550028385,-2.6753611246943763,-0.8911508752539099,0.0
2001-03-09,contraction,0.5,,,,,,,,,,,1.0,1.0,0.0,0.0,False,-0.8842735150172188,-1.21418210756016,3.0,0.5529687609332737,-2.6753611246943763,-0.8911508752539099,0.0
2001-03-16,contraction,0.5,,,,,,,,,,,1.0,1.0,0.0,0.0,False,-0.9279522224647856,-1.373338001563544,3.0,0.5708958001856121,-3.439750975609755,-0.8911508752539099,0.0
2001-03-23,contraction,0.25,,,,,,,,,,,1.0,0.0,0.0,0.0,False,-1.086350348384861,-1.7688935015958538,3.0,0.5475907715191843,-3.439750975609755,-0.8911508752539099,0.0
2001-03-30,contraction,0.5,,,,,,,,,,,1.0,0.0,1.0,0.0,False,-1.093537725151948,-1.7669912263668544,4.0,0.5505113350676032,-3.439750975609755,-0.8911508752539099,0.0
2001-04-06,contraction,0.5,,,,,,,,,,,1.0,0.0,1.0,0.0,False,-1.1074449071355594,-1.6729949158305282,4.0,0.5554692634923131,-3.439750975609755,-0.8911508752539099,0.005141388174807198
2001-04-13,contraction,0.25,,,,,,,,,,,1.0,0.0,0.0,0.0,False,-1.203999170745111,-1.8702187056467248,4.0,0.525757879052046,-3.843576399026759,-0.7911508752539103,0.002570694087403599
2001-04-20,contraction,0.25,,,,,,,,,,,1.0,0.0,0.0,0.0,False,-1.2077006460361643,-1.5231391343763596,4.0,0.5150064776496187,-3.843576399026759,-0.7911508752539103,0.0
2001-04-27,contraction,0.5,,,,,,,,,,,1.0,0.0,1.0,0.0,False,-1.2394608108131937,-1.5196559868333237,4.0,0.5291495066584142,-3.843576399026759,-0.7911508752539103,0.006422607578676943
2001-05-04,contraction,0.5,,,,,,,,,,,1.0,0.0,1.0,0.0,False,-1.2846277605706518,-1.772997871540792,4.0,0.5590027232192663,-3.843576399026759,-0.7911508752539103,0.0
2001-05-11,contraction,0.5,,,,,,,,,,,1.0,0.0,1.0,0.0,False,-1.321371958509742,-1.649627973728111,4.0,0.5413849828804053,-3.843576399026759,-0.7911508752539103,0.0
2001-05-18,contraction,0.75,,,,,,,,,,,1.0,1.0,1.0,0.0,True,-1.423007979874196,-1.622317635601434,4.0,0.5135430587780684,-4.359569174757269,-0.6853933171442996,0.010712035286704474
2001-05-25,contraction,0.5,,,,,,,,,,,1.0,1.0,0.0,0.0,False,-1.4216920209514563,-1.6243687061437475,4.0,0.5146875125330065,-4.359569174757269,-0.6853933171442996,0.00630119722747322
2001-06-01,contraction,0.25,,,,,,,,,,,1.0,0.0,0.0,0.0,False,-1.460317479686006,-1.7974031098165626,4.0,0.5290119739927568,-4.359569174757269,-0.6853933171442996,0.005040957781978576
2001-06-08,contraction,0.5,,,,,,,,,,,1.0,1.0,0.0,0.0,False,-1.50940903914555,-1.6845787962223988,4.0,0.5277676410061448,-4.359569174757269,-0.6853933171442996,0.005671077504725898
2001-06-15,contraction,0.25,,,,,,,,,,,1.0,0.0,0.0,0.0,False,-1.475859617144352,-1.7608029038688748,4.0,0.5503303261401639,-4.955341646489117,-0.7853933171443002,0.0
2001-06-22,contraction,0.25,,,,,,,,,,,1.0,0.0,0.0,0.0,False,-1.5650598017762514,-1.7957586274984227,4.0,0.5221657563920148,-4.955341646489117,-0.7853933171443002,0.0
2001-06-29,contraction,0.5,,,,,,,,,,,1.0,1.0,0.0,0.0,False,-1.5889152164705584,-1.554592720832657,4.0,0.5158195143229242,-4.955341646489117,-0.7853933171443002,0.0049261083743842365
2001-07-06,contraction,0.5,,,,,,,,,,,1.0,1.0,0.0,0.0,False,-1.5875965712149906,-1.5362667401155927,4.0,0.5099961733216483,-4.955341646489117,-0.7853933171443002,0.019704433497536946
2001-07-13,contraction,0.5,,,,,,,,,,,1.0,1.0,0.0,0.0,False,-1.6376318838627586,-1.501753559096994,4.0,0.4895604719437539,-5.573945410628028,-0.5853933171443,0.027093596059113302
2001-07-20,contraction,0.5,,,,,,,,,,,1.0,1.0,0.0,0.0,False,-1.774841818018428,-1.5994210782504532,4.0,0.4579854674144748,-5.573945410628028,-0.5853933171443,0.0332512315270936
2001-07-27,contraction,0.5,,,,,,,,,,,1.0,1.0,0.0,0.0,False,-1.7742029295860058,-1.629016498953338,4.0,0.4630440456229338,-5.573945410628028,-0.5853933171443,0.02647783251231527
2001-08-03,contraction,0.5,,,,,,,,,,,1.0,1.0,0.0,0.0,False,-1.7930686101390356,-1.3547824328303348,4.0,0.4514976751540457,-5.573945410628028,-0.5853933171443,0.01600985221674877
2001-08-10,contraction,0.5,,,,,,,,,,,1.0,1.0,0.0,0.0,False,-1.8466827320193064,-1.2926337268046315,4.0,0.4378592678290146,-5.573945410628028,-0.5853933171443,0.019704433497536946
2001-08-17,contraction,0.5,,,,,,,,,,,1.0,1.0,0.0,0.0,False,-1.7833351031490168,-0.9317146580710048,4.0,0.4458251235804003,-6.258927228915653,-0.48001305816486006,0.019704433497536946
2001-08-24,contraction,0.5,,,,,,,,,,,1.0,1.0,0.0,0.0,False,-1.779672751897504,-0.986237541134867,4.0,0.4481669904279192,-6.258927228915653,-0.48001305816486006,0.02647783251231527
2001-08-31,contraction,0.5,,,,,,,,,,,1.0,1.0,0.0,0.0,False,-1.8010024540676326,-1.015244105585022,4.0,0.4460555528956433,-6.258927228915653,-0.48001305816486006,0.02401477832512315
2001-09-07,contraction,0.5,,,,,,,,,,,1.0,1.0,0.0,0.0,False,-1.7946058383854449,-1.05031297489899,4.0,0.4471034473978397,-6.258927228915653,-0.48001305816486006,0.019704433497536946
2001-09-14,contraction,0.5,,,,,,,,,,,1.0,1.0,0.0,0.0,False,-1.85711322846792,-1.1559708239940667,4.0,0.4371459911088385,-6.529992307692311,-0.18001305816485935,0.019088669950738917
2001-09-21,contraction,0.5,,,,,,,,,,,1.0,1.0,0.0,0.0,False,-2.026257745028194,-1.1349218648986932,4.0,0.3978559929491258,-6.529992307692311,-0.18001305816485935,0.010467980295566502
2001-09-28,contraction,0.5,,,,,,,,,,,1.0,1.0,0.0,0.0,False,-2.026257745028194,-1.295411822805574,4.0,0.4132524646184567,-6.529992307692311,-0.18001305816485935,0.014778325123152709
2001-10-05,contraction,0.25,,,,,,,,,,,1.0,0.0,0.0,0.0,False,-2.051191110113983,-1.564717320212616,4.0,0.4367091818285892,-6.529992307692311,-0.18001305816485935,0.0
2001-10-12,contraction,0.25,,,,,,,,,,,1.0,0.0,0.0,0.0,False,-2.119844818911633,-1.8554085013135595,4.0,0.4380821585219853,-6.529992307692311,-0.18001305816485935,0.0
2001-10-19,contraction,0.25,,,,,,,,,,,1.0,0.0,0.0,0.0,False,-1.7992549017815178,-1.47678596294828,4.0,0.5218484344234567,-7.083065707434059,-0.08001305816485971,0.0
2001-10-26,contraction,0.25,,,,,,,,,,,1.0,0.0,0.0,0.0,False,-1.7914556964191064,-1.511273532739662,4.0,0.5290557505256626,-7.083065707434059,-0.08001305816485971,0.0
2001-11-02,contraction,0.25,,,,,,,,,,,1.0,0.0,0.0,0.0,False,-1.8428434269411973,-1.613682850028713,4.0,0.5094469905684679,-7.083065707434059,-0.08001305816485971,0.0
2001-11-09,contraction,0.25,,,,,,,,,,,1.0,0.0,0.0,0.0,False,-1.908345991647532,-1.5024142722981213,4.0,0.4865310713718402,-7.083065707434059,-0.08001305816485971,0.017373530914665303
2001-11-16,contraction,0.5,,,,,,,,,,,1.0,1.0,0.0,0.0,False,-1.776587866485503,-1.048251483192687,3.0,0.4997707038775062,-7.445810047846891,0.2250062728776303,0.03576903423607562
2001-11-23,contraction,0.5,,,,,,,,,,,1.0,1.0,0.0,0.0,False,-1.984518965129812,-0.9829425254725632,4.0,0.4443330572948751,-7.445810047846891,0.2250062728776303,0.0633622892181911
2001-11-30,contraction,0.5,,,,,,,,,,,1.0,1.0,0.0,0.0,False,-2.0022460120312324,-0.7178460790185778,4.0,0.4425268213909568,-7.445810047846891,0.2250062728776303,0.08942258559018906
2001-12-07,contraction,0.5,,,,,,,,,,,1.0,1.0,0.0,0.0,False,-1.99890161777243,-0.579429630265458,4.0,0.4421101876521677,-7.445810047846891,0.2250062728776303,0.08533469596320899
2001-12-14,contraction,0.5,,,,,,,,,,,1.0,1.0,0.0,0.0,False,-2.0219647510284284,-0.1191903282044501,4.0,0.4243859370752054,-8.037880668257756,0.4250062728776305,0.07256004087889627
2001-12-21,contraction,0.5,,,,,,,,,,,1.0,1.0,0.0,0.0,False,-2.109379682841573,-0.7696745453432597,4.0,0.3936805222834075,-8.037880668257756,0.4250062728776305,0.09044455799693409
2001-12-28,contraction,0.75,,,,,,,,,,,1.0,1.0,0.0,1.0,True,-2.109379682841573,-0.6259481641372576,4.0,0.3663711302326036,-8.037880668257756,0.4250062728776305,0.11190597853857946
2002-01-04,contraction,0.75,,,,,,,,,,,1.0,1.0,0.0,1.0,True,-2.0916193066536963,-0.357677358759281,4.0,0.3477942449859016,-8.037880668257756,0.4250062728776305,0.15022994379151763
2002-01-11,contraction,1.0,,,,,,,,,,,1.0,1.0,1.0,1.0,True,-2.092271937656386,-0.2075158080360025,4.0,0.3357275366403314,-8.037880668257756,0.4250062728776305,0.17271333673990802
2002-01-18,contraction,0.75,,,,,,,,,,,1.0,1.0,0.0,1.0,True,-2.050368460899341,0.0786513190303904,4.0,0.3467453681955672,-8.194922380952377,0.6250062728776307,0.17066939192641797
2002-01-25,slowdown,0.3333333333333333,,,,,,,,1.0,0.0,0.0,,,,,False,-2.004756726234546,0.1695597875076099,4.0,0.3369320093934878,-8.194922380952377,0.6250062728776307,0.15585079202861524
2002-02-01,slowdown,0.0,,,,,,,,0.0,0.0,0.0,,,,,False,-1.9633285017608748,0.2629299064512489,4.0,0.3325160508541062,-8.194922380952377,0.6250062728776307,0.1614716402657128
2002-02-08,slowdown,0.0,,,,,,,,0.0,0.0,0.0,,,,,False,-1.9653650536276992,0.222138368574366,4.0,0.3325981576696558,-8.194922380952377,0.6250062728776307,0.1650485436893204
2002-02-15,expansion,0.0,,,,0.0,0.0,0.0,0.0,,,,,,,,False,-1.93748841841178,0.3826203646158921,4.0,0.3191919752088978,-7.815414251781476,0.62967761025768,0.1614716402657128
2002-02-22,expansion,0.0,,,,0.0,0.0,0.0,0.0,,,,,,,,False,-1.902694726105568,0.2236933230318822,4.0,0.3181411991233189,-7.815414251781476,0.62967761025768,0.17220235053653551
2002-03-01,expansion,0.0,,,,0.0,0.0,0.0,0.0,,,,,,,,False,-1.886175306329537,0.1667037106826657,4.0,0.3079500618738928,-7.815414251781476,0.62967761025768,0.17629024016351558
2002-03-08,expansion,0.0,,,,0.0,0.0,0.0,0.0,,,,,,,,False,-1.8643330663229989,0.2859666329432212,4.0,0.2998510171053279,-7.815414251781476,0.62967761025768,0.18446601941747573
2002-03-15,expansion,0.0,,,,0.0,0.0,0.0,0.0,,,,,,,,False,-1.858633243349739,0.313720522706019,4.0,0.3007705625411839,-7.899550473933644,0.62967761025768,0.19059785385794584
2002-03-22,expansion,0.0,,,,0.0,0.0,0.0,0.0,,,,,,,,False,-1.8255219079579847,0.1913056010913983,4.0,0.3062259421391244,-7.899550473933644,0.62967761025768,0.18957588145120083
2002-03-29,expansion,0.25,,,,0.0,1.0,0.0,0.0,,,,,,,,False,-1.83413257766311,0.1215431527802171,4.0,0.3047883086359563,-7.899550473933644,0.62967761025768,0.19213081246806335
2002-04-05,expansion,0.25,,,,0.0,1.0,0.0,0.0,,,,,,,,False,-1.8892375584460623,-0.0241892100402372,4.0,0.3184393112692342,-7.899550473933644,0.62967761025768,0.18344404701073072
2002-04-12,expansion,0.25,,,,0.0,1.0,0.0,0.0,,,,,,,,False,-1.9324546204394464,-0.1531702749678198,4.0,0.3312152726923885,-7.43932174940899,0.62967761025768,0.13898824731732243
2002-04-19,expansion,0.25,,,,0.0,1.0,0.0,0.0,,,,,,,,False,-1.9298732304130592,-0.1730213689164578,4.0,0.3522405040284052,-7.43932174940899,0.62967761025768,0.11548288196218702
2002-04-26,slowdown,0.6666666666666666,,,,,,,,1.0,1.0,0.0,,,,,True,-1.912228472043202,-0.2032874472516478,4.0,0.3498042217681375,-7.43932174940899,0.62967761025768,0.08993357179356157
2002-05-03,slowdown,0.3333333333333333,,,,,,,,0.0,1.0,0.0,,,,,False,-1.8627426553212,-0.140233729458301,4.0,0.3276195232626135,-7.43932174940899,0.62967761025768,0.08942258559018906
2002-05-10,slowdown,0.3333333333333333,,,,,,,,0.0,1.0,0.0,,,,,False,-1.8153668808414165,-0.0091064835525065,4.0,0.3138513840753254,-7.43932174940899,0.62967761025768,0.12263668880940215
2002-05-17,slowdown,0.3333333333333333,,,,,,,,0.0,1.0,0.0,,,,,False,-1.7675530405042754,-0.022495759837058,4.0,0.3046013766589219,-7.133058726415086,0.8340104460048003,0.14103219213081247
2002-05-24,slowdown,0.0,,,,,,,,0.0,0.0,0.0,,,,,False,-1.7508562680546889,0.0091461427420521,4.0,0.3071097397880534,-7.133058726415086,0.8340104460048003,0.15585079202861524
2002-05-31,slowdown,0.0,,,,,,,,0.0,0.0,0.0,,,,,False,-1.7237683910848816,0.3089198759157869,4.0,0.3119357656570929,-7.133058726415086,0.8340104460048003,0.15840572304547776
2002-06-07,slowdown,0.0,,,,,,,,0.0,0.0,0.0,,,,,False,-1.689903784194146,0.4658967975581417,4.0,0.3181867618250052,-7.133058726415086,0.8340104460048003,0.16402657128257536
2002-06-14,expansion,0.0,,,,0.0,0.0,0.0,0.0,,,,,,,,False,-1.6398559883866564,0.7826485749310115,4.0,0.3180048685446393,-6.872649647058807,0.7340104460047998,0.17986714358712313
2002-06-21,expansion,0.0,,,,0.0,0.0,0.0,0.0,,,,,,,,False,-1.548306361773484,0.9129102928838972,4.0,0.333200130089314,-6.872649647058807,0.7340104460047998,0.19264179867143588
2002-06-28,expansion,0.0,,,,0.0,0.0,0.0,0.0,,,,,,,,False,-1.520086367302341,0.8476071096465814,4.0,0.3393859008660046,-6.872649647058807,0.7340104460047998,0.2003065917220235
2002-07-05,recovery,0.3333333333333333,0.0,1.0,0.0,,,,,,,,,,,,False,-1.5038005893180704,0.911203707125482,4.0,0.3430613638707118,-6.872649647058807,0.7340104460047998,0.20797138477261115
2002-07-12,recovery,0.3333333333333333,0.0,1.0,0.0,,,,,,,,,,,,False,-1.4986723910710495,0.7566843531033064,4.0,0.3470245484727554,-6.872649647058807,0.7340104460047998,0.20388349514563106
2002-07-19,recovery,0.3333333333333333,0.0,1.0,0.0,,,,,,,,,,,,False,-1.4166790419371356,0.839867038315678,4.0,0.3638549359137639,-6.278277230046939,0.7340104460047998,0.20235053653551355
2002-07-26,recovery,0.3333333333333333,0.0,1.0,0.0,,,,,,,,,,,,False,-1.390913494300419,0.8484814474207287,4.0,0.3705950543485597,-6.278277230046939,0.7340104460047998,0.20848237097598366
2002-08-02,recovery,0.3333333333333333,0.0,1.0,0.0,,,,,,,,,,,,False,-1.4049932471243785,0.5524018544627135,4.0,0.3668812380909449,-6.278277230046939,0.7340104460047998,0.21308124680633622
2002-08-09,recovery,0.6666666666666666,0.0,1.0,1.0,,,,,,,,,,,,True,-1.385262120236186,0.4809779404191241,4.0,0.3682992198466401,-6.278277230046939,0.7340104460047998,0.2110373019928462
2002-08-16,recovery,0.6666666666666666,0.0,1.0,1.0,,,,,,,,,,,,True,-1.3958054396501145,0.3525662611110515,4.0,0.3644778965658138,-6.309665807962517,0.7380109705297695,0.21257026060296372
2002-08-23,recovery,0.6666666666666666,0.0,1.0,1.0,,,,,,,,,,,,True,-1.4074301441982606,0.0853333140634954,4.0,0.3604425641543394,-6.309665807962517,0.7380109705297695,0.21001532958610117
2002-08-30,recovery,0.3333333333333333,0.0,0.0,1.0,,,,,,,,,,,,False,-1.4201357762120084,-0.0599856740354124,4.0,0.3572177664561557,-6.309665807962517,0.7380109705297695,0.199795605518651
2002-09-06,recovery,0.3333333333333333,0.0,0.0,1.0,,,,,,,,,,,,False,-1.4215588206930831,-0.0849069456781884,4.0,0.3568601753641112,-6.309665807962517,0.7380109705297695,0.19570771589167094
2002-09-13,recovery,0.3333333333333333,0.0,0.0,1.0,,,,,,,,,,,,False,-1.428272275003463,-0.1523698145823307,4.0,0.3453466749642055,-6.385810747663541,0.6380109705297698,0.19264179867143588
2002-09-20,recovery,0.3333333333333333,0.0,0.0,1.0,,,,,,,,,,,,False,-1.490268738561912,-0.5001093501542656,4.0,0.317690178015988,-6.385810747663541,0.6380109705297698,0.17884517118037813
2002-09-27,recovery,0.3333333333333333,0.0,0.0,1.0,,,,,,,,,,,,False,-1.4845882604158436,-0.5281009889714946,4.0,0.3171602542345412,-6.385810747663541,0.6380109705297698,0.17220235053653551
2002-10-04,recovery,0.3333333333333333,0.0,0.0,1.0,,,,,,,,,,,,False,-1.4967586088906146,-0.4223555194490193,4.0,0.3145813809322909,-6.385810747663541,0.6380109705297698,0.17066939192641797
2002-10-11,recovery,0.3333333333333333,0.0,0.0,1.0,,,,,,,,,,,,False,-1.4608194278725084,-0.2861347508951615,4.0,0.308083983471017,-6.385810747663541,0.6380109705297698,0.16300459887583035
2002-10-18,recovery,0.3333333333333333,0.0,0.0,1.0,,,,,,,,,,,,False,-1.4870929932745691,-0.2949763190369919,4.0,0.3021142570173312,-6.303283449883452,0.6380109705297698,0.16913643331630046
2002-10-25,slowdown,0.6666666666666666,,,,,,,,1.0,1.0,0.0,,,,,True,-1.4873066120180691,-0.2863190755827992,4.0,0.3015461894333807,-6.303283449883452,0.6380109705297698,0.17271333673990802
2002-11-01,slowdown,0.6666666666666666,,,,,,,,1.0,1.0,0.0,,,,,True,-1.4698035874332052,-0.1748535520713947,4.0,0.3051371252647061,-6.303283449883452,0.6380109705297698,0.15236609464378575
2002-11-08,slowdown,0.6666666666666666,,,,,,,,1.0,1.0,0.0,,,,,True,-1.4510096291223236,-0.0494327029645826,4.0,0.3005841455662479,-6.303283449883452,0.6380109705297698,0.13619501854795973
2002-11-15,slowdown,0.0,,,,,,,,0.0,0.0,0.0,,,,,False,-1.4498489306725602,0.1357969928731628,4.0,0.2962670099869509,-6.432489302325578,0.6416823556251803,0.11020185488270595
2002-11-22,slowdown,0.0,,,,,,,,0.0,0.0,0.0,,,,,False,-1.4057318904620708,0.2855154000856161,4.0,0.3055649591060674,-6.432489302325578,0.6416823556251803,0.10413223140495868
2002-11-29,slowdown,0.0,,,,,,,,0.0,0.0,0.0,,,,,False,-1.373762523859489,0.4315493883375157,4.0,0.3126758811387344,-6.432489302325578,0.6416823556251803,0.11680440771349862
2002-12-06,expansion,0.0,,,,0.0,0.0,0.0,0.0,,,,,,,,False,-1.3385491080040264,0.4714743756087145,4.0,0.3196396496871442,-6.432489302325578,0.6416823556251803,0.12727272727272726
2002-12-13,expansion,0.0,,,,0.0,0.0,0.0,0.0,,,,,,,,False,-1.3531447958282008,0.2140522301702098,4.0,0.3234352591558276,-5.973796751740139,0.8416823556251805,0.12682379349046016
2002-12-20,expansion,0.0,,,,0.0,0.0,0.0,0.0,,,,,,,,False,-1.3236261910667046,0.3580101802102235,4.0,0.3306482907846886,-5.973796751740139,0.8416823556251805,0.1127946127946128
2002-12-27,expansion,0.0,,,,0.0,0.0,0.0,0.0,,,,,,,,False,-1.320866806601821,0.3246830017225263,4.0,0.3293688145932015,-5.973796751740139,0.8416823556251805,0.09034792368125702
2003-01-03,expansion,0.0,,,,0.0,0.0,0.0,0.0,,,,,,,,False,-1.3293153378434006,0.2437525224364002,4.0,0.323099227167647,-5.973796751740139,0.8416823556251805,0.08810325476992144
2003-01-10,expansion,0.0,,,,0.0,0.0,0.0,0.0,,,,,,,,False,-1.2754596282604682,0.3839639409864028,4.0,0.3145752771553575,-5.973796751740139,0.8416823556251805,0.07014590347923681
2003-01-17,expansion,0.0,,,,0.0,0.0,0.0,0.0,,,,,,,,False,-1.2040996856890356,0.5097362159949759,4.0,0.326938902928608,-6.351859259259257,0.9416823556251801,0.08810325476992144
2003-01-24,expansion,0.0,,,,0.0,0.0,0.0,0.0,,,,,,,,False,-1.1958578088468197,0.4641713811853323,4.0,0.3270448644633053,-6.351859259259257,0.9416823556251801,0.11672278338945005
2003-01-31,expansion,0.25,,,,0.0,1.0,0.0,0.0,,,,,,,,False,-1.206543244368084,0.2165994482107509,4.0,0.3241484769296669,-6.351859259259257,0.9416823556251801,0.1122334455667789
2003-02-07,expansion,0.25,,,,0.0,1.0,0.0,0.0,,,,,,,,False,-1.2175874583308224,0.1972158798684397,4.0,0.3190954771979318,-6.351859259259257,0.9416823556251801,0.11335578002244669
2003-02-14,expansion,0.25,,,,0.0,1.0,0.0,0.0,,,,,,,,False,-1.222054350946434,0.2945672572423034,4.0,0.321004138002984,-5.663150115473442,0.7450251724910997,0.10213243546576879
2003-02-21,expansion,0.25,,,,0.0,1.0,0.0,0.0,,,,,,,,False,-1.3175787942049648,-0.0117188127178743,4.0,0.2976080773223523,-5.663150115473442,0.7450251724910997,0.09539842873176206
2003-02-28,expansion,0.25,,,,0.0,1.0,0.0,0.0,,,,,,,,False,-1.32941781577308,-0.0007336723495684,4.0,0.2949577529439208,-5.663150115473442,0.7450251724910997,0.08529741863075196
2003-03-07,expansion,0.25,,,,0.0,1.0,0.0,0.0,,,,,,,,False,-1.3688801638649055,-0.2834505005697373,4.0,0.2864546525072894,-5.663150115473442,0.7450251724910997,0.07744107744107744
2003-03-14,contraction,0.25,,,,,,,,,,,1.0,0.0,0.0,0.0,False,-1.409907852356644,-0.7407412013086792,4.0,0.285427531182114,-5.663150115473442,0.7450251724910997,0.06453423120089787
2003-03-21,contraction,0.25,,,,,,,,,,,1.0,0.0,0.0,0.0,False,-1.4190011871242272,-0.922136946756154,4.0,0.2825997160888093,-5.53247304147466,0.8450251724911002,0.045454545454545456
2003-03-28,contraction,0.25,,,,,,,,,,,1.0,0.0,0.0,0.0,False,-1.413417331671809,-0.9352713741734622,4.0,0.283716156315043,-5.53247304147466,0.8450251724911002,0.03984287317620651
2003-04-04,contraction,0.25,,,,,,,,,,,1.0,0.0,0.0,0.0,False,-1.4031000213818892,-0.7075336384831102,4.0,0.2832313000985785,-5.53247304147466,0.8450251724911002,0.045454545454545456
2003-04-11,contraction,0.25,,,,,,,,,,,1.0,0.0,0.0,0.0,False,-1.381577991527344,-0.5935111749932677,4.0,0.2791524335537087,-5.53247304147466,0.8450251724911002,0.045454545454545456
2003-04-18,contraction,0.25,,,,,,,,,,,1.0,0.0,0.0,0.0,False,-1.339751873828776,-0.329314530424829,4.0,0.2851053327585883,-5.69295563218391,0.8450251724911002,0.04938271604938271
2003-04-25,contraction,0.25,,,,,,,,,,,1.0,0.0,0.0,0.0,False,-1.3685819406693498,-0.3671852046983344,4.0,0.2790994038801069,-5.69295563218391,0.8450251724911002,0.04713804713804714
2003-05-02,contraction,0.5,,,,,,,,,,,1.0,1.0,0.0,0.0,False,-1.3541106450073568,-0.0300277402172081,4.0,0.282082121730769,-5.69295563218391,0.8450251724911002,0.0
2003-05-09,contraction,0.5,,,,,,,,,,,1.0,1.0,0.0,0.0,False,-1.3479287113529126,0.2309566025916252,4.0,0.2706341790118708,-5.69295563218391,0.8450251724911002,0.0
2003-05-16,contraction,0.5,,,,,,,,,,,1.0,1.0,0.0,0.0,False,-1.3475530456110736,0.2080695543657641,4.0,0.2678107284997936,-6.103324999999998,0.9480379338299603,0.0
2003-05-23,contraction,0.5,,,,,,,,,,,1.0,1.0,0.0,0.0,False,-1.3171594782285898,0.3362853435907013,4.0,0.2739904839181408,-6.103324999999998,0.9480379338299603,0.00968109339407745
2003-05-30,expansion,0.0,,,,0.0,0.0,0.0,0.0,,,,,,,,False,-1.25918095460525,0.603330457907876,4.0,0.2866062749101499,-6.103324999999998,0.9480379338299603,0.023917995444191344
2003-06-06,expansion,0.0,,,,0.0,0.0,0.0,0.0,,,,,,,,False,-1.2558774454311668,0.5924951339412166,4.0,0.2873601752703801,-6.103324999999998,0.9480379338299603,0.038154897494305236
2003-06-13,expansion,0.0,,,,0.0,0.0,0.0,0.0,,,,,,,,False,-1.2540797698829311,0.6206127628961678,4.0,0.2804570777167803,-6.08227482837529,1.04803793382996,0.03644646924829157
2003-06-20,expansion,0.0,,,,0.0,0.0,0.0,0.0,,,,,,,,False,-1.151351203083697,0.9307857154578606,4.0,0.3054806791733828,-6.08227482837529,1.04803793382996,0.029612756264236904
2003-06-27,recovery,0.3333333333333333,0.0,1.0,0.0,,,,,,,,,,,,False,-1.1363062322569306,0.981155793092376,4.0,0.3095253176483262,-6.08227482837529,1.04803793382996,0.03189066059225513
2003-07-04,recovery,0.3333333333333333,0.0,1.0,0.0,,,,,,,,,,,,False,-1.119795789974893,0.9562928870463572,4.0,0.3140890067938057,-6.08227482837529,1.04803793382996,0.038154897494305236
2003-07-11,recovery,0.3333333333333333,0.0,1.0,0.0,,,,,,,,,,,,False,-1.105387882904222,0.9150994929940356,4.0,0.3095276604352418,-6.08227482837529,1.04803793382996,0.03929384965831435
2003-07-18,recovery,0.3333333333333333,0.0,1.0,0.0,,,,,,,,,,,,False,-1.0231917568005255,1.128809476510645,4.0,0.3343929649498845,-5.947465068493145,1.24803793382996,0.037015945330296125
2003-07-25,recovery,0.3333333333333333,0.0,1.0,0.0,,,,,,,,,,,,False,-1.007565767422331,1.1123203277109075,4.0,0.3395789499122533,-5.947465068493145,1.24803793382996,0.04214123006833713
2003-08-01,recovery,0.3333333333333333,0.0,1.0,0.0,,,,,,,,,,,,False,-0.9742555245572622,0.9024417063002336,4.0,0.3511893098315184,-5.947465068493145,1.24803793382996,0.044988610478359906
2003-08-08,recovery,0.3333333333333333,0.0,1.0,0.0,,,,,,,,,,,,False,-0.9309980063347896,0.978393966270167,4.0,0.3601380653959954,-5.947465068493145,1.24803793382996,0.06264236902050115
2003-08-15,recovery,0.6666666666666666,0.0,1.0,1.0,,,,,,,,,,,,True,-0.8984415083893819,0.8132453357142264,4.0,0.3731882573969714,-5.529041685649204,1.1507177456975501,0.08086560364464693
2003-08-22,recovery,0.6666666666666666,0.0,1.0,1.0,,,,,,,,,,,,True,-0.8763557623824777,0.7775321372143812,3.0,0.3825932746507194,-5.529041685649204,1.1507177456975501,0.08542141230068337
2003-08-29,recovery,0.6666666666666666,0.0,1.0,1.0,,,,,,,,,,,,True,-0.8670528048233453,0.7173330510202689,3.0,0.3866982714590859,-5.529041685649204,1.1507177456975501,0.08826879271070615
2003-09-05,recovery,0.6666666666666666,0.0,1.0,1.0,,,,,,,,,,,,True,-0.8643279489425215,0.7143690225537561,3.0,0.3879173655082589,-5.529041685649204,1.1507177456975501,0.09225512528473805
2003-09-12,recovery,0.6666666666666666,0.0,1.0,1.0,,,,,,,,,,,,True,-0.859013549703235,0.7242500744946356,3.0,0.3697724491242496,-5.669826363636361,1.0507177456975496,0.0888382687927107
2003-09-19,recovery,0.6666666666666666,0.0,1.0,1.0,,,,,,,,,,,,True,-0.8724032439547662,0.4945512744219471,4.0,0.3640971606945904,-5.669826363636361,1.0507177456975496,0.0785876993166287
2003-09-26,recovery,0.6666666666666666,0.0,1.0,1.0,,,,,,,,,,,,True,-0.8547234193558632,0.4481691848945248,4.0,0.3716284553710486,-5.669826363636361,1.0507177456975496,0.08086560364464693
2003-10-03,recovery,0.6666666666666666,0.0,1.0,1.0,,,,,,,,,,,,True,-0.832847712256959,0.4457680612166541,4.0,0.3813897059810606,-5.669826363636361,1.0507177456975496,0.08769931662870159
2003-10-10,recovery,0.6666666666666666,0.0,1.0,1.0,,,,,,,,,,,,True,-0.7720221846256002,0.6405290411632144,4.0,0.3810011626309008,-5.669826363636361,1.0507177456975496,0.09908883826879271
2003-10-17,recovery,0.6666666666666666,0.0,1.0,1.0,,,,,,,,,,,,True,-0.7570448476381393,0.5986921260765146,4.0,0.3885388703679528,-5.158302947845797,1.0507177456975496,0.11958997722095673
2003-10-24,recovery,0.6666666666666666,0.0,1.0,1.0,,,,,,,,,,,,True,-0.7560468096474299,0.5822727622521076,4.0,0.3890517705595103,-5.158302947845797,1.0507177456975496,0.12984054669703873
2003-10-31,recovery,0.3333333333333333,0.0,1.0,0.0,,,,,,,,,,,,False,-0.7194930647600895,0.7534128436177434,4.0,0.408817491544941,-5.158302947845797,1.0507177456975496,0.1252847380410023
2003-11-07,recovery,0.3333333333333333,0.0,1.0,0.0,,,,,,,,,,,,False,-0.6894595584167958,0.8492658335069727,4.0,0.4266259656978832,-5.158302947845797,1.0507177456975496,0.12984054669703873
2003-11-14,recovery,0.3333333333333333,0.0,1.0,0.0,,,,,,,,,,,,False,-0.6644801476613567,0.799968720258976,4.0,0.4109570494528025,-5.041471040723991,0.9530610517708,0.1429384965831435
2003-11-21,recovery,0.3333333333333333,0.0,1.0,0.0,,,,,,,,,,,,False,-0.611686641682305,0.9457734015534236,4.0,0.4212111436577992,-5.041471040723991,0.9530610517708,0.14578587699316628
2003-11-28,recovery,0.3333333333333333,0.0,1.0,0.0,,,,,,,,,,,,False,-0.5780333220003778,0.9789464847749328,4.0,0.4012477008409199,-5.041471040723991,0.9530610517708,0.15546697038724375
2003-12-05,recovery,0.3333333333333333,0.0,1.0,0.0,,,,,,,,,,,,False,-0.5379157633488276,1.10370312836156,3.0,0.4079137623886034,-5.041471040723991,0.9530610517708,0.16970387243735763
2003-12-12,recovery,0.3333333333333333,0.0,1.0,0.0,,,,,,,,,,,,False,-0.5101106445428311,1.0039039276401898,3.0,0.38951613636893,-5.041471040723991,0.9530610517708,0.17312072892938496
2003-12-19,recovery,0.3333333333333333,0.0,1.0,0.0,,,,,,,,,,,,False,-0.4892375230863681,1.0423654586123057,3.0,0.3830141348720736,-4.5061760722347515,0.7530610517707998,0.17539863325740318
2003-12-26,recovery,0.3333333333333333,0.0,1.0,0.0,,,,,,,,,,,,False,-0.4826437846121324,1.0154192039420609,3.0,0.3795813094450579,-4.5061760722347515,0.7530610517707998,0.17938496583143507
2004-01-02,recovery,0.6666666666666666,0.0,1.0,1.0,,,,,,,,,,,,True,-0.482175487235121,0.7139440311393257,4.0,0.3649167398985432,-4.5061760722347515,0.7530610517707998,0.17938496583143507
2004-01-09,recovery,0.6666666666666666,0.0,1.0,1.0,,,,,,,,,,,,True,-0.4475572864670036,0.7878950993766096,4.0,0.341273801636262,-4.5061760722347515,0.7530610517707998,0.18394077448747154
2004-01-16,recovery,0.6666666666666666,0.0,1.0,1.0,,,,,,,,,,,,True,-0.4443763164867836,0.71819490354668,4.0,0.3258861768772121,-4.46070675675675,0.6530610517708002,0.19020501138952164
2004-01-23,recovery,0.6666666666666666,0.0,1.0,1.0,,,,,,,,,,,,True,-0.4511011117219029,0.5121705778548662,4.0,0.3242189555337967,-4.46070675675675,0.6530610517708002,0.19533029612756264
2004-01-30,recovery,0.6666666666666666,0.0,1.0,1.0,,,,,,,,,,,,True,-0.4687810664910239,0.119750069803675,4.0,0.3137492815474045,-4.46070675675675,0.6530610517708002,0.1907744874715262
2004-02-06,recovery,0.6666666666666666,0.0,1.0,1.0,,,,,,,,,,,,True,-0.4805618750745907,0.070958755401006,4.0,0.3184133993491571,-4.46070675675675,0.6530610517708002,0.18849658314350798
2004-02-13,recovery,0.3333333333333333,0.0,0.0,1.0,,,,,,,,,,,,False,-0.4925096064847317,-0.0567720784813686,4.0,0.3199210921351138,-4.31927865168538,0.6550644500694718,0.17710706150341685
2004-02-20,recovery,0.6666666666666666,0.0,1.0,1.0,,,,,,,,,,,,True,-0.4783940355268406,0.0105610438216168,3.0,0.3231162300072843,-4.31927865168538,0.6550644500694718,0.1623006833712984
2004-02-27,expansion,0.5,,,,0.0,1.0,1.0,0.0,,,,,,,,False,-0.4830375886876702,-0.0320720823069753,3.0,0.3260109949288232,-4.31927865168538,0.6550644500694718,0.16571753986332574
2004-03-05,expansion,0.5,,,,0.0,1.0,1.0,0.0,,,,,,,,False,-0.4553443717028752,0.0663743578226803,3.0,0.3105355115625214,-4.31927865168538,0.6550644500694718,0.1623006833712984
2004-03-12,expansion,0.5,,,,0.0,1.0,1.0,0.0,,,,,,,,False,-0.3846755781895173,0.191448681609797,3.0,0.2701861949759975,-4.31927865168538,0.6550644500694718,0.17824601366742596
2004-03-19,expansion,0.5,,,,0.0,1.0,1.0,0.0,,,,,,,,False,-0.2837766524640494,0.4250840080984309,3.0,0.3121754414034609,-3.8273778026905774,0.5550644500694712,0.19874715261958997
2004-03-26,expansion,0.25,,,,0.0,0.0,1.0,0.0,,,,,,,,False,-0.2630698141668789,0.4560673629111056,3.0,0.3305261616135721,-3.8273778026905774,0.5550644500694712,0.208997722095672
2004-04-02,expansion,0.25,,,,0.0,0.0,1.0,0.0,,,,,,,,False,-0.2434290680817872,0.7644617771402873,3.0,0.3425184035957765,-3.8273778026905774,0.5550644500694712,0.2164009111617312
2004-04-09,expansion,0.25,,,,0.0,0.0,1.0,0.0,,,,,,,,False,-0.2100296464829606,0.9444341547469072,3.0,0.3622323924462061,-3.8273778026905774,0.5550644500694712,0.22095671981776766
2004-04-16,expansion,0.0,,,,0.0,0.0,0.0,0.0,,,,,,,,False,-0.1530628156920005,1.1123253924246348,3.0,0.3748973510810099,-4.109962639821035,0.7550644500694714,0.22608200455580865
2004-04-23,expansion,0.0,,,,0.0,0.0,0.0,0.0,,,,,,,,False,-0.216475462507566,0.9066862446534624,3.0,0.3447214069964304,-4.109962639821035,0.7550644500694714,0.2164009111617312
2004-04-30,expansion,0.0,,,,0.0,0.0,0.0,0.0,,,,,,,,False,-0.2045922933698893,0.9642841058116476,3.0,0.3518694170956832,-4.109962639821035,0.7550644500694714,0.2061503416856492
2004-05-07,expansion,0.0,,,,0.0,0.0,0.0,0.0,,,,,,,,False,-0.188574419565118,0.9068905708126732,3.0,0.3662434691438571,-4.109962639821035,0.7550644500694714,0.20671981776765375
2004-05-14,expansion,0.0,,,,0.0,0.0,0.0,0.0,,,,,,,,False,-0.1415155595323133,0.846904870942286,3.0,0.4000109642147444,-3.792877455357143,0.5567255600121692,0.2052903967797585
2004-05-21,expansion,0.25,,,,0.0,0.0,1.0,0.0,,,,,,,,False,-0.1172795251199973,0.8013946411019555,2.0,0.4183216701102599,-3.792877455357143,0.5567255600121692,0.2088681446907818
2004-05-28,expansion,0.25,,,,0.0,0.0,1.0,0.0,,,,,,,,False,-0.1196326302152001,0.780989064776181,2.0,0.4164088918098153,-3.792877455357143,0.5567255600121692,0.2130281690140845
2004-06-04,expansion,0.5,,,,0.0,1.0,1.0,0.0,,,,,,,,False,-0.1214353304838777,0.7993439487595226,1.0,0.4094517807951828,-3.792877455357143,0.5567255600121692,0.2112676056338028
2004-06-11,expansion,0.5,,,,0.0,1.0,1.0,0.0,,,,,,,,False,-0.1398385253265023,0.6401264791768649,1.0,0.3907345279766359,-3.792877455357143,0.5567255600121692,0.20363849765258216
2004-06-18,expansion,0.25,,,,0.0,1.0,0.0,0.0,,,,,,,,False,-0.2143431361483366,0.275134146444232,3.0,0.3557781542017097,-3.2041253897550064,0.5567255600121692,0.1864705882352941
2004-06-25,expansion,0.25,,,,0.0,1.0,0.0,0.0,,,,,,,,False,-0.2321465480742189,0.2367836058549247,3.0,0.3399454199515445,-3.2041253897550064,0.5567255600121692,0.18805440567711412
2004-07-02,expansion,0.25,,,,0.0,1.0,0.0,0.0,,,,,,,,False,-0.2449325972318941,0.0952654215934555,3.0,0.3291189389532126,-3.2041253897550064,0.5567255600121692,0.1809580130100532
2004-07-09,expansion,0.25,,,,0.0,1.0,0.0,0.0,,,,,,,,False,-0.2131155648442868,-0.0550722161327651,3.0,0.3566879456414025,-3.2041253897550064,0.5567255600121692,0.17445298639858073
2004-07-16,expansion,0.25,,,,0.0,1.0,0.0,0.0,,,,,,,,False,-0.2351938406697888,-0.1000892086348087,3.0,0.3412599776723705,-3.7910819999999887,0.5567255600121692,0.1872770511296076
2004-07-23,expansion,0.25,,,,0.0,1.0,0.0,0.0,,,,,,,,False,-0.1736149569181599,0.0035646280392313,2.0,0.3756663522927551,-3.7910819999999887,0.5567255600121692,0.18127608825283245
2004-07-30,expansion,0.25,,,,0.0,1.0,0.0,0.0,,,,,,,,False,-0.1605286978390109,-0.0072697601809347,2.0,0.3822976774921394,-3.7910819999999887,0.5567255600121692,0.1652490886998785
2004-08-06,expansion,0.25,,,,0.0,1.0,0.0,0.0,,,,,,,,False,-0.1820151233566655,0.0010599657521283,2.0,0.3621853667825079,-3.7910819999999887,0.5567255600121692,0.1508034610630408
2004-08-13,expansion,0.5,,,,0.0,1.0,1.0,0.0,,,,,,,,False,-0.1641032106066474,-0.0079468459259782,2.0,0.3772037889605345,-3.1914898004434633,0.45804391605063,0.1415327564894932
2004-08-20,expansion,0.25,,,,0.0,0.0,1.0,0.0,,,,,,,,False,-0.1680755794808587,0.3250892815543535,2.0,0.3809552444772354,-3.1914898004434633,0.45804391605063,0.14709517923362175
2004-08-27,expansion,0.25,,,,0.0,0.0,1.0,0.0,,,,,,,,False,-0.1590486229434333,0.3659172457546572,2.0,0.3887615831733859,-3.1914898004434633,0.45804391605063,0.16131025957972805
2004-09-03,expansion,0.25,,,,0.0,0.0,1.0,0.0,,,,,,,,False,-0.1664417693363006,0.3325987652996818,2.0,0.3814718493015862,-3.1914898004434633,0.45804391605063,0.16440049443757726
2004-09-10,expansion,0.25,,,,0.0,0.0,1.0,0.0,,,,,,,,False,-0.1480473884055891,0.4299721495254758,2.0,0.3946383047941268,-3.1914898004434633,0.45804391605063,0.157601977750309
2004-09-17,expansion,0.25,,,,0.0,0.0,1.0,0.0,,,,,,,,False,-0.0475109873067506,0.4859062177048102,1.0,0.4608685207765813,-3.127255752212392,0.35804391605063035,0.16171003717472118
2004-09-24,expansion,0.25,,,,0.0,0.0,1.0,0.0,,,,,,,,False,-0.047158373072426,0.4887267784192722,1.0,0.4611745947593141,-3.127255752212392,0.35804391605063035,0.1560549313358302
2004-10-01,expansion,0.25,,,,0.0,0.0,1.0,0.0,,,,,,,,False,-0.0497532167548547,0.3848982959288902,1.0,0.4590793948990544,-3.127255752212392,0.35804391605063035,0.14664981036662453
2004-10-08,expansion,0.25,,,,0.0,0.0,1.0,0.0,,,,,,,,False,-0.0365040531083731,0.495149321222353,1.0,0.4683034554297165,-3.127255752212392,0.35804391605063035,0.12742561448900389
2004-10-15,expansion,0.25,,,,0.0,0.0,1.0,0.0,,,,,,,,False,-0.0403655633226619,0.4524802866990082,1.0,0.4647282956444084,-3.02636026490066,0.35804391605063035,0.11588541666666667
2004-10-22,expansion,0.25,,,,0.0,0.0,1.0,0.0,,,,,,,,False,-0.0068000547252824,0.6423025576495469,1.0,0.4941826515440519,-3.02636026490066,0.35804391605063035,0.111328125
2004-10-29,expansion,0.5,,,,1.0,0.0,1.0,0.0,,,,,,,,False,0.0079344728059568,0.629415089390024,1.0,0.5065108639054677,-3.02636026490066,0.35804391605063035,0.11583769633507854
2004-11-05,expansion,0.5,,,,1.0,0.0,1.0,0.0,,,,,,,,False,0.0145199061653676,0.622216540026652,1.0,0.5117989651622469,-3.02636026490066,0.35804391605063035,0.11096345514950166
2004-11-12,expansion,0.25,,,,1.0,0.0,0.0,0.0,,,,,,,,False,0.0245154344936433,0.5699423570109599,1.0,0.519666236389601,-2.368531718061675,0.45902186305008996,0.11
2004-11-19,expansion,0.5,,,,1.0,1.0,0.0,0.0,,,,,,,,False,0.0104194776626957,0.3023315131786345,1.0,0.508567629977637,-2.368531718061675,0.45902186305008996,0.10519217801753203
2004-11-26,expansion,0.5,,,,1.0,1.0,0.0,0.0,,,,,,,,False,0.0431423307540821,0.3679304231843872,1.0,0.5336631197000857,-2.368531718061675,0.45902186305008996,0.09109449354180829
2004-12-03,expansion,0.5,,,,1.0,1.0,0.0,0.0,,,,,,,,False,0.0216681522241099,0.2035583063595643,2.0,0.5163895027469206,-2.368531718061675,0.45902186305008996,0.10808973487423522
2004-12-10,expansion,0.5,,,,1.0,1.0,0.0,0.0,,,,,,,,False,0.0081826838935046,0.0336878803572755,2.0,0.5064298251174919,-2.368531718061675,0.45902186305008996,0.10605030591434399
2004-12-17,expansion,0.5,,,,1.0,1.0,0.0,0.0,,,,,,,,False,0.1098111620952167,0.1905525229329333,2.0,0.5621502646676992,-2.1975912087912093,0.3590218630500903,0.09721278042148199
2004-12-24,expansion,0.5,,,,1.0,1.0,0.0,0.0,,,,,,,,False,0.0970456380495475,0.1254536854012678,2.0,0.5528514462371986,-2.1975912087912093,0.3590218630500903,0.1114887831407206
2004-12-31,expansion,0.25,,,,1.0,0.0,0.0,0.0,,,,,,,,False,0.2628417106103749,1.1394043391800577,1.0,0.592964467002369,-2.1975912087912093,0.3590218630500903,0.1053704962610469
2005-01-07,expansion,0.25,,,,1.0,0.0,0.0,0.0,,,,,,,,False,0.2420736664668517,1.0802802290444462,1.0,0.5777990181659042,-2.1975912087912093,0.3590218630500903,0.11556764106050306
2005-01-14,expansion,0.25,,,,1.0,0.0,0.0,0.0,,,,,,,,False,0.1898263336517894,1.0382119262927936,1.0,0.5356575186938343,-1.6057620614035102,0.3590218630500903,0.10673011556764106
2005-01-21,expansion,0.25,,,,1.0,0.0,0.0,0.0,,,,,,,,False,0.1568439256093235,0.9087493996479358,1.0,0.5391804728207663,-1.6057620614035102,0.3590218630500903,0.07070020394289599
2005-01-28,expansion,0.5,,,,1.0,0.0,1.0,0.0,,,,,,,,False,0.1337633243468325,0.8630113610949177,1.0,0.5152042580062164,-1.6057620614035102,0.3590218630500903,0.06390210740992522
2005-02-04,expansion,0.25,,,,1.0,0.0,0.0,0.0,,,,,,,,False,0.0064853277409548,0.1297120315420657,2.0,0.506290763229808,-1.6057620614035102,0.3590218630500903,0.05778382053025153
2005-02-11,expansion,0.25,,,,1.0,0.0,0.0,0.0,,,,,,,,False,0.082934620058997,0.2709408905741995,2.0,0.5736577346665419,-1.6057620614035102,0.3590218630500903,0.07477906186267845
2005-02-18,expansion,0.25,,,,1.0,0.0,0.0,0.0,,,,,,,,False,0.1641153371726304,0.2768044222012712,2.0,0.5839271041360568,-1.3712549234135594,0.25966542809767024,0.11692726036709722
2005-02-25,expansion,0.5,,,,1.0,1.0,0.0,0.0,,,,,,,,False,0.1856640018575491,0.2891874627714261,2.0,0.5983725014201451,-1.3712549234135594,0.25966542809767024,0.13324269204622705
2005-03-04,expansion,0.5,,,,1.0,1.0,0.0,0.0,,,,,,,,False,0.1977757145760369,-0.3008924767546626,2.0,0.6034936283042858,-1.3712549234135594,0.25966542809767024,0.12404712404712405
2005-03-11,expansion,0.5,,,,1.0,1.0,0.0,0.0,,,,,,,,False,0.1674201598459183,-0.2793528558147118,1.0,0.5845426926793575,-1.3712549234135594,0.25966542809767024,0.11371712864250177
2005-03-18,slowdown,1.0,,,,,,,,1.0,1.0,1.0,,,,,True,0.1073504827790148,-0.3945276388391364,1.0,0.5864129358779235,-0.86037227074236,0.35966542809767077,0.08810888252148998
2005-03-25,slowdown,1.0,,,,,,,,1.0,1.0,1.0,,,,,True,0.0872357089460203,-0.3849933563886301,1.0,0.5713543236108517,-0.86037227074236,0.35966542809767077,0.07664756446991404
2005-04-01,slowdown,0.0,,,,,,,,0.0,0.0,0.0,,,,,False,0.0661694773322531,0.2733898238508321,0.0,0.5567074379864788,-0.86037227074236,0.35966542809767077,0.06876790830945559
2005-04-08,slowdown,0.0,,,,,,,,0.0,0.0,0.0,,,,,False,0.0836261950693787,0.2038401584251767,0.0,0.5774033263755683,-0.86037227074236,0.35966542809767077,0.04871060171919771
2005-04-15,slowdown,0.6666666666666666,,,,,,,,1.0,1.0,0.0,,,,,True,0.0442463575767035,-0.0205190523170269,1.0,0.543212800080072,-1.0526738562091538,0.1596654280976706,0.04727793696275072
2005-04-22,slowdown,0.6666666666666666,,,,,,,,1.0,1.0,0.0,,,,,True,0.0931641585052064,-0.0611174894917279,1.0,0.5901049279308974,-1.0526738562091538,0.1596654280976706,0.04799426934097421
2005-04-29,slowdown,0.3333333333333333,,,,,,,,1.0,0.0,0.0,,,,,False,0.1294507017063365,0.08681474021086,1.0,0.6198453446988785,-1.0526738562091538,0.1596654280976706,0.06375358166189111
2005-05-06,slowdown,0.3333333333333333,,,,,,,,1.0,0.0,0.0,,,,,False,0.1345695868384901,0.1671608289286246,1.0,0.6234620445553472,-1.0526738562091538,0.1596654280976706,0.08166189111747851
2005-05-13,expansion,0.25,,,,1.0,0.0,0.0,0.0,,,,,,,,False,0.1344445522015133,0.2134620221614138,1.0,0.6259890326059775,-0.9722556521739136,0.15998514353782056,0.08237822349570201
2005-05-20,expansion,0.5,,,,1.0,0.0,1.0,0.0,,,,,,,,False,0.1134571715279971,0.3344883231122662,0.0,0.6103522646792164,-0.9722556521739136,0.15998514353782056,0.07951289398280802
2005-05-27,expansion,0.25,,,,1.0,0.0,0.0,0.0,,,,,,,,False,0.1038569103730608,0.3775163196493972,0.0,0.6029361536200673,-0.9722556521739136,0.15998514353782056,0.06948424068767908
2005-06-03,expansion,0.25,,,,1.0,0.0,0.0,0.0,,,,,,,,False,0.1054090778757681,0.3916321226037988,0.0,0.6105012072830545,-0.9722556521739136,0.15998514353782056,0.0673352435530086
2005-06-10,expansion,0.5,,,,1.0,0.0,1.0,0.0,,,,,,,,False,0.1017494496994919,0.2880727540808462,0.0,0.6133407556436783,-0.9722556521739136,0.15998514353782056,0.06303724928366762
2005-06-17,expansion,0.5,,,,1.0,0.0,1.0,0.0,,,,,,,,False,0.2339428891017692,0.6049321631813867,0.0,0.465394184216492,-1.0027757049891477,0.05998514353782003,0.05515759312320917
2005-06-24,expansion,0.5,,,,1.0,0.0,1.0,0.0,,,,,,,,False,0.2259530669622151,0.5244809833245825,0.0,0.4574603259113504,-1.0027757049891477,0.05998514353782003,0.04656160458452722
2005-07-01,expansion,0.5,,,,1.0,0.0,1.0,0.0,,,,,,,,False,0.2593565651041192,0.5568584825225238,0.0,0.4873916771980268,-1.0027757049891477,0.05998514353782003,0.045845272206303724
2005-07-08,expansion,0.5,,,,1.0,0.0,1.0,0.0,,,,,,,,False,0.2867242971889338,0.6847616365987814,0.0,0.5103609659300338,-1.0027757049891477,0.05998514353782003,0.0619150467962563
2005-07-15,expansion,0.5,,,,1.0,0.0,0.0,1.0,,,,,,,,False,0.2774803236394083,0.7062723010672661,0.0,0.5017960138154168,-0.75384047619049,-0.040014856462179615,0.06983441324694024
2005-07-22,expansion,0.5,,,,1.0,0.0,0.0,1.0,,,,,,,,False,0.2602161918548641,0.6418204794826254,0.0,0.4719578861562601,-0.75384047619049,-0.040014856462179615,0.06623470122390208
2005-07-29,expansion,0.5,,,,1.0,0.0,0.0,1.0,,,,,,,,False,0.2510839500586956,0.555109049484227,0.0,0.4616988628262579,-0.75384047619049,-0.040014856462179615,0.06479481641468683
2005-08-05,expansion,0.5,,,,1.0,0.0,0.0,1.0,,,,,,,,False,0.2574112383427581,0.5982434975959445,0.0,0.4669859112349749,-0.75384047619049,-0.040014856462179615,0.059755219582433405
2005-08-12,expansion,0.5,,,,1.0,0.0,0.0,1.0,,,,,,,,False,0.2935150475428758,0.6582536835928253,0.0,0.4992747012862932,-1.127899136069118,-0.04000320324225992,0.06565656565656566
2005-08-19,expansion,0.75,,,,1.0,1.0,0.0,1.0,,,,,,,,True,0.1520484816201092,0.0043462883904743,1.0,0.6716499273548389,-1.127899136069118,-0.04000320324225992,0.08513708513708514
2005-08-26,expansion,0.75,,,,1.0,1.0,0.0,1.0,,,,,,,,True,0.1550176944520735,-0.0461925013441616,1.0,0.6739179363160954,-1.127899136069118,-0.04000320324225992,0.08802308802308802
2005-09-02,expansion,0.75,,,,1.0,1.0,0.0,1.0,,,,,,,,True,0.1400307246394793,-0.1954965459790678,1.0,0.6567343249481461,-1.127899136069118,-0.04000320324225992,0.09018759018759019
2005-09-09,expansion,0.75,,,,1.0,1.0,0.0,1.0,,,,,,,,True,0.112129547258908,-0.4171993757500648,1.0,0.6284837059485645,-1.127899136069118,-0.04000320324225992,0.08874458874458875
2005-09-16,slowdown,1.0,,,,,,,,1.0,1.0,1.0,,,,,True,-0.0015953642614663,-0.6752768561230644,1.0,0.4965567519735973,-0.988763577586198,-0.14000320324225957,0.07792207792207792
2005-09-23,slowdown,1.0,,,,,,,,1.0,1.0,1.0,,,,,True,-0.2754823122085567,-1.3878020764059409,2.0,0.3513175948930818,-0.988763577586198,-0.14000320324225957,0.0036075036075036075
2005-09-30,slowdown,1.0,,,,,,,,1.0,1.0,1.0,,,,,True,-0.3499400873661274,-1.7290508806517284,3.0,0.3479695672759655,-0.988763577586198,-0.14000320324225957,0.0
2005-10-07,slowdown,1.0,,,,,,,,1.0,1.0,1.0,,,,,True,-0.4290359028264687,-1.8714462764982205,3.0,0.2838189064623722,-0.988763577586198,-0.14000320324225957,0.0
2005-10-14,slowdown,1.0,,,,,,,,1.0,1.0,1.0,,,,,True,-0.420556102828062,-1.9268441242906025,3.0,0.2895416329818144,-2.668312903225811,-0.04000320324225992,0.0
2005-10-21,slowdown,1.0,,,,,,,,1.0,1.0,1.0,,,,,True,-0.3691102225213533,-1.4578458706643769,3.0,0.3404108256580174,-2.668312903225811,-0.04000320324225992,0.024543738200125866
2005-10-28,slowdown,1.0,,,,,,,,1.0,1.0,1.0,,,,,True,-0.3385312696538848,-1.3740857278161316,3.0,0.3711595556173357,-2.668312903225811,-0.04000320324225992,0.0723725613593455
2005-11-04,slowdown,1.0,,,,,,,,1.0,1.0,1.0,,,,,True,-0.2474128162622232,-0.896398824975256,2.0,0.3337611475054986,-2.668312903225811,-0.04000320324225992,0.09439899307740718
2005-11-11,slowdown,1.0,,,,,,,,1.0,1.0,1.0,,,,,True,-0.1622476274796369,-0.3172309731735225,2.0,0.3086513719632879,-2.668312903225811,-0.04000320324225992,0.13341724354940215
2005-11-18,expansion,0.5,,,,0.0,0.0,1.0,1.0,,,,,,,,False,-0.0116407772775564,0.9652186011238012,0.0,0.4841674113642832,-1.8355654506437702,-0.04027791643956924,0.1699181875393329
2005-11-25,expansion,0.5,,,,0.0,0.0,1.0,1.0,,,,,,,,False,-0.0089353195488945,1.097704567807576,0.0,0.4879537730806723,-1.8355654506437702,-0.04027791643956924,0.19446192573945878
2005-12-02,expansion,0.75,,,,1.0,0.0,1.0,1.0,,,,,,,,True,0.0257249965766606,1.6486754437723654,0.0,0.5351776508169779,-1.8355654506437702,-0.04027791643956924,0.19446192573945878
2005-12-09,expansion,0.75,,,,1.0,0.0,1.0,1.0,,,,,,,,True,0.0452300887657115,1.6984355847861132,0.0,0.559512482301565,-1.8355654506437702,-0.04027791643956924,0.2013845185651353
2005-12-16,expansion,0.75,,,,1.0,0.0,1.0,1.0,,,,,,,,True,0.0841265304937836,1.762836657641125,0.0,0.6290237034213549,-1.067973661670237,-0.04027791643956924,0.2039018250471995
2005-12-23,expansion,0.75,,,,1.0,0.0,1.0,1.0,,,,,,,,True,0.1105628395882038,1.5603038476398552,0.0,0.6596100841203468,-1.067973661670237,-0.04027791643956924,0.19257394587791063
2005-12-30,expansion,0.75,,,,1.0,0.0,1.0,1.0,,,,,,,,True,0.1109059754655574,1.249063055209356,0.0,0.6680043491011983,-1.067973661670237,-0.04027791643956924,0.2001258653241032
2006-01-06,expansion,0.75,,,,1.0,0.0,1.0,1.0,,,,,,,,True,0.1198872534408157,1.1196018699528314,0.0,0.6764845870847116,-1.067973661670237,-0.04027791643956924,0.19446192573945878
2006-01-13,expansion,0.75,,,,1.0,1.0,0.0,1.0,,,,,,,,True,0.1227807010066975,0.9279892239708708,0.0,0.6927712249508019,-0.7814004273504338,-0.14027791643956888,0.2064191315292637
2006-01-20,expansion,0.75,,,,1.0,1.0,0.0,1.0,,,,,,,,True,0.2934892940096337,0.9293133814815128,0.0,0.5619906984377137,-0.7814004273504338,-0.14027791643956888,0.20704845814977973
2006-01-27,expansion,0.75,,,,1.0,1.0,0.0,1.0,,,,,,,,True,0.3315236829023832,0.9779728624922392,0.0,0.593663503842103,-0.7814004273504338,-0.14027791643956888,0.22404027690371303
2006-02-03,expansion,0.75,,,,1.0,1.0,0.0,1.0,,,,,,,,True,0.3914323466708224,1.0677079850487834,0.0,0.6516874665345276,-0.7814004273504338,-0.14027791643956888,0.24292007551919445
2006-02-10,expansion,0.75,,,,1.0,1.0,0.0,1.0,,,,,,,,True,0.4532257038837853,1.2674229469897047,0.0,0.7010797609264577,-0.7814004273504338,-0.14027791643956888,0.2555066079295154
2006-02-17,expansion,0.75,,,,1.0,1.0,0.0,1.0,,,,,,,,True,0.3656557136125313,0.8773345016686223,0.0,0.7777262507159416,-0.7828277185500951,-0.34081085615471984,0.27879169288860917
2006-02-24,expansion,0.75,,,,1.0,1.0,0.0,1.0,,,,,,,,True,0.3738957774075823,0.9144913318562178,0.0,0.7817086330291481,-0.7828277185500951,-0.34081085615471984,0.27061044682190055
2006-03-03,expansion,0.75,,,,1.0,1.0,0.0,1.0,,,,,,,,True,0.3736916547709716,0.9316987437777168,0.0,0.7662352504538451,-0.7828277185500951,-0.34081085615471984,0.2750157331655129
2006-03-10,expansion,0.5,,,,1.0,0.0,0.0,1.0,,,,,,,,False,0.373375500230343,0.9326465140990052,0.0,0.7348893324116578,-0.7828277185500951,-0.34081085615471984,0.2680931403398364
2006-03-17,expansion,0.75,,,,1.0,1.0,0.0,1.0,,,,,,,,True,0.3645543734346763,0.5789123237480183,1.0,0.7324096177444148,-0.8776563829787278,-0.2408108561547202,0.2599118942731278
2006-03-24,expansion,0.75,,,,1.0,1.0,0.0,1.0,,,,,,,,True,0.3370197240335878,0.4399074654842178,1.0,0.7247184275299864,-0.8776563829787278,-0.2408108561547202,0.2542479546884833
2006-03-31,expansion,0.75,,,,1.0,1.0,0.0,1.0,,,,,,,,True,0.3389078568547051,0.1788739165333177,1.0,0.7104413778516881,-0.8776563829787278,-0.2408108561547202,0.24166142227816237
2006-04-07,expansion,0.75,,,,1.0,1.0,0.0,1.0,,,,,,,,True,0.3519461487527215,0.1052280628498519,1.0,0.7193114851376522,-0.8776563829787278,-0.2408108561547202,0.24040276903713026
2006-04-14,expansion,0.75,,,,1.0,1.0,0.0,1.0,,,,,,,,True,0.361567962156487,0.0693294803491972,1.0,0.7227035218940677,-0.8260987261146511,-0.34081085615471984,0.2473253618628068
2006-04-21,expansion,0.75,,,,1.0,1.0,0.0,1.0,,,,,,,,True,0.348560983820059,0.1969488016742595,0.0,0.774247163814081,-0.8260987261146511,-0.34081085615471984,0.2523599748269352
2006-04-28,expansion,0.75,,,,1.0,1.0,0.0,1.0,,,,,,,,True,0.3325877422182367,0.2005896100938444,0.0,0.7650798821039494,-0.8260987261146511,-0.34081085615471984,0.2548772813089994
2006-05-05,expansion,0.75,,,,1.0,1.0,0.0,1.0,,,,,,,,True,0.2868124947398879,-0.0585559651332229,0.0,0.7547943194622928,-0.8260987261146511,-0.34081085615471984,0.24669603524229075
2006-05-12,expansion,1.0,,,,1.0,1.0,1.0,1.0,,,,,,,,True,0.2261634657241621,-0.3212304157063358,0.0,0.7452087224191054,-0.8260987261146511,-0.34081085615471984,0.2278162366268093
2006-05-19,slowdown,0.6666666666666666,,,,,,,,1.0,1.0,0.0,,,,,True,0.0747329492495232,-0.6042903570541311,1.0,0.5787037020376571,-0.7141824152542426,-0.3415670392761898,0.197608558842039
2006-05-26,slowdown,0.6666666666666666,,,,,,,,1.0,1.0,0.0,,,,,True,0.0637941495386219,-0.6151521292085042,1.0,0.5632355627969214,-0.7141824152542426,-0.3415670392761898,0.1749528005034613
2006-06-02,slowdown,1.0,,,,,,,,1.0,1.0,1.0,,,,,True,0.038196267074618,-0.8687894061299483,2.0,0.5530488028152963,-0.7141824152542426,-0.3415670392761898,0.16803020767778476
2006-06-09,slowdown,1.0,,,,,,,,1.0,1.0,1.0,,,,,True,0.0659491325890522,-0.8551235192419137,3.0,0.6027912680831745,-0.7141824152542426,-0.3415670392761898,0.16236626809314034
2006-06-16,slowdown,1.0,,,,,,,,1.0,1.0,1.0,,,,,True,0.1220044843740448,-0.6960053806185933,3.0,0.6869133755776667,-0.8316205073995775,-0.44156703927619034,0.18753933291378225
2006-06-23,slowdown,1.0,,,,,,,,1.0,1.0,1.0,,,,,True,0.1402620427333644,-0.6240060581131173,3.0,0.7204011390559072,-0.8316205073995775,-0.44156703927619034,0.21082441787287604
2006-06-30,slowdown,1.0,,,,,,,,1.0,1.0,1.0,,,,,True,0.1524303182243083,-0.4952164445603058,3.0,0.7217165824979922,-0.8316205073995775,-0.44156703927619034,0.21774701069855254
2006-07-07,slowdown,1.0,,,,,,,,1.0,1.0,1.0,,,,,True,0.1353165253094347,-0.4240081468057994,3.0,0.7068963133355932,-0.8316205073995775,-0.44156703927619034,0.23096286972938956
2006-07-14,slowdown,0.6666666666666666,,,,,,,,0.0,1.0,1.0,,,,,True,0.0908589129438709,-0.3510864539431183,2.0,0.6552471411048004,-0.7220938818565514,-0.44156703927619034,0.2252989301447451
2006-07-21,slowdown,0.6666666666666666,,,,,,,,1.0,1.0,0.0,,,,,True,0.0080968977178989,-0.2682018255151354,2.0,0.505769750598817,-0.7220938818565514,-0.44156703927619034,0.19697923222152297
2006-07-28,slowdown,0.6666666666666666,,,,,,,,1.0,1.0,0.0,,,,,True,0.0009148699184458,-0.2648348487650134,2.0,0.49443583168507,-0.7220938818565514,-0.44156703927619034,0.19068596601636248
2006-08-04,slowdown,0.6666666666666666,,,,,,,,1.0,1.0,0.0,,,,,True,-0.0116607170341758,-0.3224047268867751,2.0,0.4757334852976867,-0.7220938818565514,-0.44156703927619034,0.19257394587791063
2006-08-11,slowdown,0.6666666666666666,,,,,,,,1.0,1.0,0.0,,,,,True,0.0094415724780825,-0.3045535793701331,2.0,0.5023419645909396,-0.7220938818565514,-0.44156703927619034,0.19572057898049086
2006-08-18,slowdown,0.6666666666666666,,,,,,,,1.0,1.0,0.0,,,,,True,-0.0166452054875204,-0.4230038778672247,2.0,0.4687876682487765,-0.9159614736842059,-0.34250439291843016,0.21145374449339208
2006-08-25,slowdown,0.6666666666666666,,,,,,,,1.0,1.0,0.0,,,,,True,-0.0215515327137975,-0.4897908743299816,2.0,0.4607046870047341,-0.9159614736842059,-0.34250439291843016,0.21648835745752046
2006-09-01,slowdown,0.6666666666666666,,,,,,,,1.0,1.0,0.0,,,,,True,-0.0444455414378204,-0.5333159490715753,2.0,0.4312299258164348,-0.9159614736842059,-0.34250439291843016,0.21082441787287604
2006-09-08,slowdown,0.6666666666666666,,,,,,,,1.0,1.0,0.0,,,,,True,-0.0445139639032727,-0.4584742930633073,2.0,0.4353435303786532,-0.9159614736842059,-0.34250439291843016,0.20893643801132789
2006-09-15,slowdown,0.6666666666666666,,,,,,,,1.0,1.0,0.0,,,,,True,-0.0338885979015837,-0.2940969260445787,2.0,0.4461263597400794,-0.724735714285714,-0.34250439291843016,0.21082441787287604
2006-09-22,slowdown,1.0,,,,,,,,1.0,1.0,1.0,,,,,True,-0.0717504443432339,-0.354050253547964,2.0,0.3989832078775943,-0.724735714285714,-0.34250439291843016,0.20830711139081184
2006-09-29,slowdown,0.6666666666666666,,,,,,,,1.0,1.0,0.0,,,,,True,-0.0594890548002369,-0.1123883422135295,1.0,0.4101804939029862,-0.724735714285714,-0.34250439291843016,0.2026431718061674
2006-10-06,slowdown,0.6666666666666666,,,,,,,,1.0,1.0,0.0,,,,,True,-0.053190690861986,-0.1384274431016635,1.0,0.4203292359939065,-0.724735714285714,-0.34250439291843016,0.19949653870358716
2006-10-13,slowdown,0.6666666666666666,,,,,,,,1.0,1.0,0.0,,,,,True,-0.0703184932151202,-0.2516112722613378,2.0,0.4062106253343361,-1.0273773584905683,-0.5425043929184303,0.1832258064516129
2006-10-20,slowdown,0.6666666666666666,,,,,,,,1.0,1.0,0.0,,,,,True,-0.0564001529510108,-0.2077564341727211,3.0,0.4289218560575239,-1.0273773584905683,-0.5425043929184303,0.13975576662143827
2006-10-27,slowdown,0.6666666666666666,,,,,,,,1.0,1.0,0.0,,,,,True,-0.0545784091501873,-0.1822982490989501,3.0,0.4315402778064888,-1.0273773584905683,-0.5425043929184303,0.1320361362056984
2006-11-03,slowdown,0.3333333333333333,,,,,,,,1.0,0.0,0.0,,,,,False,-0.0594509919234116,0.0191373819288423,3.0,0.417593171142092,-1.0273773584905683,-0.5425043929184303,0.09731299927378359
2006-11-10,slowdown,0.3333333333333333,,,,,,,,1.0,0.0,0.0,,,,,False,-0.0560065136114756,0.0778581381623041,2.0,0.4186712783847866,-1.0273773584905683,-0.5425043929184303,0.051840721262208865
2006-11-17,slowdown,0.0,,,,,,,,0.0,0.0,0.0,,,,,False,-0.0656816888929947,0.1260452701948445,2.0,0.4046460509278156,-1.2934656903765642,-0.6435736731073911,0.049586776859504134
2006-11-24,slowdown,0.3333333333333333,,,,,,,,1.0,0.0,0.0,,,,,False,-0.0819631556235531,0.0993462532287831,2.0,0.394352603749606,-1.2934656903765642,-0.6435736731073911,0.045078888054094664
2006-12-01,slowdown,0.6666666666666666,,,,,,,,1.0,1.0,0.0,,,,,True,-0.1021168391158519,-0.0333180531741735,2.0,0.4501868830285317,-1.2934656903765642,-0.6435736731073911,0.035311795642374154
2006-12-08,slowdown,0.3333333333333333,,,,,,,,1.0,0.0,0.0,,,,,False,-0.1123093407659285,0.0441353836495612,2.0,0.4795381248457216,-1.2934656903765642,-0.6435736731073911,0.019534184823441023
2006-12-15,slowdown,0.6666666666666666,,,,,,,,1.0,1.0,0.0,,,,,True,-0.1192611353199681,-0.0093542624662797,2.0,0.4917247843067275,-1.504418371607514,-0.5435736731073915,0.013523666416228399
2006-12-22,slowdown,0.3333333333333333,,,,,,,,1.0,0.0,0.0,,,,,False,-0.0560677733728918,0.2825962297032464,1.0,0.5023126997624857,-1.504418371607514,-0.5435736731073915,0.013523666416228399
2006-12-29,slowdown,0.0,,,,,,,,0.0,0.0,0.0,,,,,False,-0.0222458698133754,0.3236760918722708,1.0,0.430752574032972,-1.504418371607514,-0.5435736731073915,0.019534184823441023
2007-01-05,expansion,0.5,,,,0.0,0.0,1.0,1.0,,,,,,,,False,-0.0314877717889764,0.3173755381276163,1.0,0.4478849222198146,-1.504418371607514,-0.5435736731073915,0.03906836964688205
2007-01-12,expansion,0.5,,,,0.0,0.0,1.0,1.0,,,,,,,,False,-0.0400330839147175,0.2869084923422219,1.0,0.4648189405232111,-0.8704012500000005,-0.6435736731073911,0.028549962434259956
2007-01-19,expansion,0.5,,,,0.0,0.0,1.0,1.0,,,,,,,,False,-0.0105582223245444,0.3474934231050141,0.0,0.38130960763363,-0.8704012500000005,-0.6435736731073911,0.014274981217129978
2007-01-26,expansion,0.5,,,,0.0,0.0,1.0,1.0,,,,,,,,False,-0.0235362033195261,0.3872072142730046,0.0,0.3450061256336231,-0.8704012500000005,-0.6435736731073911,0.030803906836964687
2007-02-02,expansion,0.5,,,,0.0,0.0,1.0,1.0,,,,,,,,False,-0.0172001263819597,0.2674783845748308,0.0,0.4108838730736845,-0.8704012500000005,-0.6435736731073911,0.021788129226145755
2007-02-09,expansion,0.5,,,,0.0,0.0,1.0,1.0,,,,,,,,False,-0.0117793960608473,0.2406805441331856,0.0,0.4561492479030888,-0.8704012500000005,-0.6435736731073911,0.04658151765589782
2007-02-16,expansion,0.5,,,,0.0,1.0,0.0,1.0,,,,,,,,False,-0.1007231400815099,-0.0039536762694394,1.0,0.4794702763478068,-1.3209492723492673,-0.4447185577711208,0.061607813673929375
2007-02-23,expansion,0.5,,,,0.0,1.0,0.0,1.0,,,,,,,,False,-0.0780405696601427,-0.093766015301559,1.0,0.5640423833099844,-1.3209492723492673,-0.4447185577711208,0.03005259203606311
2007-03-02,expansion,0.5,,,,0.0,1.0,0.0,1.0,,,,,,,,False,-0.0948954813057021,-0.1476956318605813,2.0,0.6405085899634522,-1.3209492723492673,-0.4447185577711208,0.0405709992486852
2007-03-09,expansion,0.5,,,,0.0,1.0,0.0,1.0,,,,,,,,False,-0.0974467902094246,-0.1346538392528797,2.0,0.6485068250862867,-1.3209492723492673,-0.4447185577711208,0.03005259203606311
2007-03-16,slowdown,1.0,,,,,,,,1.0,1.0,1.0,,,,,True,-0.0670562659876701,-0.1154342045389578,2.0,0.564534724772392,-0.7428049792531084,-0.5447185577711204,0.022539444027047332
2007-03-23,slowdown,0.6666666666666666,,,,,,,,1.0,0.0,1.0,,,,,True,-0.0265278426261052,0.051002023413901,2.0,0.4752669773871562,-0.7428049792531084,-0.5447185577711204,0.045078888054094664
2007-03-30,slowdown,0.0,,,,,,,,0.0,0.0,0.0,,,,,False,0.0104712677151998,0.2411449782069623,1.0,0.4364456373180433,-0.7428049792531084,-0.5447185577711204,0.054094665664913597
2007-04-06,slowdown,0.0,,,,,,,,0.0,0.0,0.0,,,,,False,0.0288468539035481,0.2528534046584908,1.0,0.47416064378513,-0.7428049792531084,-0.5447185577711204,0.06836964688204357
2007-04-13,expansion,0.25,,,,0.0,0.0,0.0,1.0,,,,,,,,False,-0.001987460343053,0.3085008663499532,1.0,0.453789766026502,-0.7698078674948192,-0.6447185577711201,0.0781367392937641
2007-04-20,expansion,0.25,,,,0.0,0.0,0.0,1.0,,,,,,,,False,-0.0484353721694201,0.1992754657242912,1.0,0.5936544461465444,-0.7698078674948192,-0.6447185577711201,0.06010518407212622
2007-04-27,expansion,0.5,,,,0.0,0.0,1.0,1.0,,,,,,,,False,-0.0705759807462541,0.2005162079645944,1.0,0.6492440090683735,-0.7698078674948192,-0.6447185577711201,0.04658151765589782
2007-05-04,expansion,0.5,,,,0.0,0.0,1.0,1.0,,,,,,,,False,-0.0609257619047433,0.2171486601088844,1.0,0.6237849676708714,-0.7698078674948192,-0.6447185577711201,0.03305785123966942
2007-05-11,expansion,0.5,,,,0.0,0.0,1.0,1.0,,,,,,,,False,-0.0250565782027944,0.1762937814231036,1.0,0.5444321757368367,-0.7698078674948192,-0.6447185577711201,0.037565740045078885
2007-05-18,expansion,0.75,,,,1.0,0.0,1.0,1.0,,,,,,,,True,0.039383857928874,0.2143790901378124,1.0,0.5246350705506471,-0.3885035123966958,-0.5458759191975204,0.061607813673929375
2007-05-25,expansion,0.75,,,,1.0,1.0,0.0,1.0,,,,,,,,True,0.0571841564059773,0.1839820626086811,1.0,0.5520739030426686,-0.3885035123966958,-0.5458759191975204,0.08414725770097671
2007-06-01,expansion,0.75,,,,1.0,1.0,0.0,1.0,,,,,,,,True,0.0421918931439636,0.0179327454742121,1.0,0.552276456188059,-0.3885035123966958,-0.5458759191975204,0.09241172051089407
2007-06-08,expansion,0.75,,,,1.0,1.0,0.0,1.0,,,,,,,,True,0.0184027788118003,0.0408432305444261,1.0,0.5332877818864743,-0.3885035123966958,-0.5458759191975204,0.07311500380807312
2007-06-15,expansion,0.75,,,,1.0,1.0,0.0,1.0,,,,,,,,True,0.0181648732587781,0.1885655490898825,1.0,0.538860528963732,-0.4568595876288555,-0.6458759191975201,0.06321401370906321
2007-06-22,expansion,0.5,,,,0.0,1.0,0.0,1.0,,,,,,,,False,-0.0768581851110695,-0.1051533339002505,1.0,0.5863633969272402,-0.4568595876288555,-0.6458759191975201,0.051028179741051026
2007-06-29,expansion,0.5,,,,0.0,1.0,0.0,1.0,,,,,,,,False,-0.0965234386796281,-0.2363281552147323,2.0,0.5801731098569258,-0.4568595876288555,-0.6458759191975201,0.04341203351104341
2007-07-06,expansion,0.5,,,,0.0,1.0,0.0,1.0,,,,,,,,False,-0.1062969922358998,-0.3353738456441321,2.0,0.599494810252706,-0.4568595876288555,-0.6458759191975201,0.04112718964204113
2007-07-13,slowdown,1.0,,,,,,,,1.0,1.0,1.0,,,,,True,-0.1438593180422642,-0.5662162967102429,3.0,0.5838749060524073,-0.5363537037037105,-0.4458759191975208,0.03808073115003808
2007-07-20,slowdown,1.0,,,,,,,,1.0,1.0,1.0,,,,,True,-0.1662466514204726,-0.7374850001161658,4.0,0.5713887018841495,-0.5363537037037105,-0.4458759191975208,0.03198781416603199
2007-07-27,slowdown,1.0,,,,,,,,1.0,1.0,1.0,,,,,True,-0.1740817447993961,-0.7359425161559148,4.0,0.5860928882938405,-0.5363537037037105,-0.4458759191975208,0.03427265803503427
2007-08-03,slowdown,1.0,,,,,,,,1.0,1.0,1.0,,,,,True,-0.1691255690900766,-0.6762605699079495,4.0,0.547583420520185,-0.5363537037037105,-0.4458759191975208,0.03655750190403656
2007-08-10,slowdown,1.0,,,,,,,,1.0,1.0,1.0,,,,,True,-0.1887485657384264,-0.6846369329966063,4.0,0.506639618863197,-0.5363537037037105,-0.4458759191975208,0.0456968773800457
2007-08-17,slowdown,1.0,,,,,,,,1.0,1.0,1.0,,,,,True,-0.1929941893317386,-0.5055754578650868,3.0,0.5133930143378692,-0.7331451745379951,-0.34697627705214007,0.051028179741051026
2007-08-24,slowdown,1.0,,,,,,,,1.0,1.0,1.0,,,,,True,-0.2062928734112312,-0.5163638713483741,3.0,0.5308437958624014,-0.7331451745379951,-0.34697627705214007,0.05178979436405179
2007-08-31,slowdown,1.0,,,,,,,,1.0,1.0,1.0,,,,,True,-0.2512339961674213,-0.5769357084381157,3.0,0.5599004255245313,-0.7331451745379951,-0.34697627705214007,0.04341203351104341
2007-09-07,slowdown,0.6666666666666666,,,,,,,,1.0,1.0,0.0,,,,,True,-0.2550911376948445,-0.5527517874025897,3.0,0.5656766924809025,-0.7331451745379951,-0.34697627705214007,0.02513328255902513
2007-09-14,slowdown,0.6666666666666666,,,,,,,,1.0,1.0,0.0,,,,,True,-0.2685944767169542,-0.4737698051921758,3.0,0.5740643896134937,-0.6491122950819772,-0.4469762770521406,0.02513328255902513
2007-09-21,slowdown,0.6666666666666666,,,,,,,,1.0,1.0,0.0,,,,,True,-0.2116118010575784,-0.2391137206701342,3.0,0.494299889882813,-0.6491122950819772,-0.4469762770521406,0.021325209444021324
2007-09-28,slowdown,0.6666666666666666,,,,,,,,1.0,1.0,0.0,,,,,True,-0.1800511910228077,-0.1982067530208264,3.0,0.4451978291458305,-0.6491122950819772,-0.4469762770521406,0.027418126428027417
2007-10-05,slowdown,0.3333333333333333,,,,,,,,0.0,1.0,0.0,,,,,False,-0.1851459748364283,-0.1789372206151326,3.0,0.4382127227368532,-0.6491122950819772,-0.4469762770521406,0.04798172124904798
2007-10-12,slowdown,0.3333333333333333,,,,,,,,0.0,1.0,0.0,,,,,False,-0.1808472421310398,-0.0866186238117468,2.0,0.4171839707996801,-0.6491122950819772,-0.4469762770521406,0.0456968773800457
2007-10-19,slowdown,0.6666666666666666,,,,,,,,1.0,1.0,0.0,,,,,True,-0.2239366611566891,-0.1949050827033999,3.0,0.4083756567797426,-0.5175517382413091,-0.34697627705214007,0.04950495049504951
2007-10-26,slowdown,0.6666666666666666,,,,,,,,1.0,1.0,0.0,,,,,True,-0.2603112289013063,-0.2041464104118069,3.0,0.4564973851796889,-0.5175517382413091,-0.34697627705214007,0.03274942878903275
2007-11-02,slowdown,0.6666666666666666,,,,,,,,1.0,1.0,0.0,,,,,True,-0.2926668726406317,-0.2355324519443156,3.0,0.4647932207371312,-0.5175517382413091,-0.34697627705214007,0.008377760853008377
2007-11-09,slowdown,0.6666666666666666,,,,,,,,1.0,1.0,0.0,,,,,True,-0.3103825524879582,-0.2302422190728457,3.0,0.4465878412377029,-0.5175517382413091,-0.34697627705214007,0.0
2007-11-16,slowdown,0.6666666666666666,,,,,,,,1.0,1.0,0.0,,,,,True,-0.3023501879952646,-0.3362846111808054,3.0,0.4072238864048689,-0.770975102040822,-0.34794442889683985,0.0
2007-11-23,slowdown,0.6666666666666666,,,,,,,,1.0,1.0,0.0,,,,,True,-0.2817688894274629,-0.3173256473550282,2.0,0.4251322891175581,-0.770975102040822,-0.34794442889683985,0.0015105740181268882
2007-11-30,slowdown,0.6666666666666666,,,,,,,,1.0,1.0,0.0,,,,,True,-0.317263473355209,-0.400950602335746,2.0,0.3775696322604818,-0.770975102040822,-0.34794442889683985,0.0030211480362537764
2007-12-07,slowdown,0.6666666666666666,,,,,,,,1.0,1.0,0.0,,,,,True,-0.3391003707595572,-0.4642829672111303,2.0,0.353255446746023,-0.770975102040822,-0.34794442889683985,0.0
2007-12-14,slowdown,0.6666666666666666,,,,,,,,1.0,1.0,0.0,,,,,True,-0.3389231724256037,-0.3897524315343085,2.0,0.3534401383862416,-0.34746598778004056,-0.34794442889683985,0.0
2007-12-21,slowdown,0.6666666666666666,,,,,,,,1.0,1.0,0.0,,,,,True,-0.4862645457531419,-0.5935176620887709,2.0,0.4866390780955821,-0.34746598778004056,-0.34794442889683985,0.0007347538574577516
2007-12-28,slowdown,0.6666666666666666,,,,,,,,1.0,1.0,0.0,,,,,True,-0.5003102950152983,-0.5773881863120185,2.0,0.4711921252278775,-0.34746598778004056,-0.34794442889683985,0.0
2008-01-04,slowdown,0.6666666666666666,,,,,,,,1.0,1.0,0.0,,,,,True,-0.5186408140289162,-0.4354379254692254,1.0,0.4540282902765591,-0.34746598778004056,-0.34794442889683985,0.0
2008-01-11,slowdown,0.6666666666666666,,,,,,,,1.0,1.0,0.0,,,,,True,-0.55743033871246,-0.5414707551145538,1.0,0.4208616051355667,-0.34746598778004056,-0.34794442889683985,0.0
2008-01-18,slowdown,1.0,,,,,,,,1.0,1.0,1.0,,,,,True,-0.6099560102253286,-0.8448565155284211,2.0,0.4702572255741064,-0.31083292682926356,-0.04794442889684003,0.0
2008-01-25,contraction,0.25,,,,,,,,,,,1.0,0.0,0.0,0.0,False,-0.5760362615424514,-0.7158999002573948,2.0,0.4978946131172135,-0.31083292682926356,-0.04794442889684003,0.019844082211197732
2008-02-01,contraction,0.25,,,,,,,,,,,1.0,0.0,0.0,0.0,False,-0.5894627964117994,-0.652767978992782,2.0,0.4865537796923188,-0.31083292682926356,-0.04794442889684003,0.04394046775336641
2008-02-08,contraction,0.5,,,,,,,,,,,1.0,0.0,1.0,0.0,False,-0.6236792092067958,-0.7854228302147962,3.0,0.4598603694789313,-0.31083292682926356,-0.04794442889684003,0.039688164422395464
2008-02-15,contraction,0.75,,,,,,,,,,,1.0,1.0,1.0,0.0,True,-0.6241383185652477,-0.4538618552208809,3.0,0.4290926280761146,-0.39762474645030466,-0.04870025100836006,0.0368532955350815
2008-02-22,contraction,0.5,,,,,,,,,,,1.0,0.0,1.0,0.0,False,-0.7434276334777539,-0.7451961686437212,3.0,0.4430769269648408,-0.39762474645030466,-0.04870025100836006,0.021261516654854713
2008-02-29,contraction,0.5,,,,,,,,,,,1.0,0.0,1.0,0.0,False,-0.7317510087313467,-0.7496328444067132,3.0,0.4428925240475494,-0.39762474645030466,-0.04870025100836006,0.008504606661941885
2008-03-07,contraction,0.5,,,,,,,,,,,1.0,0.0,1.0,0.0,False,-0.7222872174407111,-0.6895825677651659,3.0,0.4422451427083129,-0.39762474645030466,-0.04870025100836006,0.01700921332388377
2008-03-14,contraction,0.75,,,,,,,,,,,1.0,1.0,1.0,0.0,True,-0.7529498085134751,-0.7725360591154152,3.0,0.424235466882041,-0.6909232793522193,-0.1487002510083597,0.020552799433026223
2008-03-21,contraction,0.5,,,,,,,,,,,1.0,0.0,1.0,0.0,False,-0.8566367169389499,-0.9407811959961542,3.0,0.4245724135663805,-0.6909232793522193,-0.1487002510083597,0.01771793054571226
2008-03-28,contraction,0.5,,,,,,,,,,,1.0,0.0,1.0,0.0,False,-0.8747218035869674,-0.958602612746495,3.0,0.4156623679043417,-0.6909232793522193,-0.1487002510083597,0.0
2008-04-04,contraction,0.25,,,,,,,,,,,1.0,0.0,0.0,0.0,False,-0.9183421052541464,-1.0233675404479263,3.0,0.3917463545095511,-0.6909232793522193,-0.1487002510083597,0.0
2008-04-11,contraction,0.25,,,,,,,,,,,1.0,0.0,0.0,0.0,False,-0.97392457682697,-1.1029481486703605,3.0,0.3656504377506418,-0.6909232793522193,-0.1487002510083597,0.0
2008-04-18,contraction,0.25,,,,,,,,,,,1.0,0.0,0.0,0.0,False,-1.0979860293665369,-1.17990825250195,3.0,0.3890177750795329,-0.9111787878787823,0.05129974899163958,0.0
2008-04-25,contraction,0.25,,,,,,,,,,,1.0,0.0,0.0,0.0,False,-1.0798407890549444,-1.1577566337300569,3.0,0.3955546841182041,-0.9111787878787823,0.05129974899163958,0.0027063599458728013
2008-05-02,contraction,0.5,,,,,,,,,,,1.0,0.0,1.0,0.0,False,-1.1005576093884173,-1.3478099705756617,4.0,0.3875388942682374,-0.9111787878787823,0.05129974899163958,0.015561569688768605
2008-05-09,contraction,0.5,,,,,,,,,,,1.0,0.0,1.0,0.0,False,-1.150217286668109,-1.42714541887135,4.0,0.3695895803719826,-0.9111787878787823,0.05129974899163958,0.02706359945872801
2008-05-16,contraction,0.5,,,,,,,,,,,1.0,0.0,1.0,0.0,False,-1.097411947074005,-1.1324483157707383,4.0,0.3438798269881059,-1.4088326612903188,-0.049159658257599936,0.016238159675236806
2008-05-23,contraction,0.5,,,,,,,,,,,1.0,0.0,1.0,0.0,False,-1.1318905532528434,-1.1332061043547814,4.0,0.3071287128143149,-1.4088326612903188,-0.049159658257599936,0.015561569688768605
2008-05-30,contraction,0.5,,,,,,,,,,,1.0,0.0,1.0,0.0,False,-1.151988771170617,-1.1615437668629958,4.0,0.301507212261963,-1.4088326612903188,-0.049159658257599936,0.0033829499323410014
2008-06-06,contraction,0.5,,,,,,,,,,,1.0,0.0,1.0,0.0,False,-1.1307295947211644,-1.1143480593719588,4.0,0.3051932370145153,-1.4088326612903188,-0.049159658257599936,0.0040595399188092015
2008-06-13,contraction,0.75,,,,,,,,,,,1.0,1.0,1.0,0.0,True,-1.168960689119546,-1.0807684940777462,4.0,0.293318574504701,-1.884732796780682,0.3508403417424004,0.009472259810554804
2008-06-20,contraction,0.75,,,,,,,,,,,1.0,1.0,1.0,0.0,True,-1.2543480376876806,-0.9899502516343868,4.0,0.3271838666812094,-1.884732796780682,0.3508403417424004,0.0
2008-06-27,contraction,0.5,,,,,,,,,,,1.0,1.0,0.0,0.0,False,-1.253860566524855,-1.0381504545095914,4.0,0.3273110679858895,-1.884732796780682,0.3508403417424004,0.0
2008-07-04,contraction,0.5,,,,,,,,,,,1.0,1.0,0.0,0.0,False,-1.3006456818604586,-1.0107675786096322,4.0,0.3133716428113833,-1.884732796780682,0.3508403417424004,0.0
2008-07-11,contraction,0.5,,,,,,,,,,,1.0,1.0,0.0,0.0,False,-1.3235429374099037,-0.9844571890361836,4.0,0.3058509873160633,-1.884732796780682,0.3508403417424004,0.0
2008-07-18,contraction,0.25,,,,,,,,,,,1.0,0.0,0.0,0.0,False,-1.3965564302987656,-1.1878866012746383,4.0,0.3216131371977965,-2.0813449799196775,0.5508403417423997,0.007175472928897586
2008-07-25,contraction,0.25,,,,,,,,,,,1.0,0.0,0.0,0.0,False,-1.4096714190024031,-1.2266078984180502,4.0,0.3186209841297606,-2.0813449799196775,0.5508403417423997,0.002609262883235486
2008-08-01,contraction,0.25,,,,,,,,,,,1.0,0.0,0.0,0.0,False,-1.466144415585467,-1.3200339478359844,4.0,0.3021385059994341,-2.0813449799196775,0.5508403417423997,0.0
2008-08-08,contraction,0.25,,,,,,,,,,,1.0,0.0,0.0,0.0,False,-1.5612205941213024,-1.5104156656668557,4.0,0.2798924190498048,-2.0813449799196775,0.5508403417423997,0.0
2008-08-15,contraction,0.25,,,,,,,,,,,1.0,0.0,0.0,0.0,False,-1.6640007241898576,-1.6095860325746494,4.0,0.3042409669670888,-2.4011234468937914,0.7507642920332094,0.0
2008-08-22,contraction,0.25,,,,,,,,,,,1.0,0.0,0.0,0.0,False,-1.789102468511969,-2.0441496308310603,4.0,0.2873311338411093,-2.4011234468937914,0.7507642920332094,0.0
2008-08-29,contraction,0.25,,,,,,,,,,,1.0,0.0,0.0,0.0,False,-1.7521350277308652,-1.6339311124786264,4.0,0.293393393031598,-2.4011234468937914,0.7507642920332094,0.0
2008-09-05,contraction,0.25,,,,,,,,,,,1.0,0.0,0.0,0.0,False,-1.7469018864773125,-1.64481087686737,4.0,0.2942723027634374,-2.4011234468937914,0.7507642920332094,0.007488479262672811
2008-09-12,contraction,0.25,,,,,,,,,,,1.0,0.0,0.0,0.0,False,-1.8069582359936829,-1.7869407582366612,4.0,0.2844918219998466,-3.7011064000000005,1.0507642920332092,0.010944700460829493
2008-09-19,contraction,0.25,,,,,,,,,,,1.0,0.0,0.0,0.0,False,-2.13823934070281,-2.0640414748275964,4.0,0.274651623428103,-3.7011064000000005,1.0507642920332092,0.004608294930875576
2008-09-26,contraction,0.25,,,,,,,,,,,1.0,0.0,0.0,0.0,False,-2.1505334831298883,-2.059219231209761,4.0,0.2700768422399732,-3.7011064000000005,1.0507642920332092,0.0
2008-10-03,contraction,0.25,,,,,,,,,,,1.0,0.0,0.0,0.0,False,-2.1665266412233595,-1.853109764298444,4.0,0.2680831526387734,-3.7011064000000005,1.0507642920332092,0.0
2008-10-10,contraction,0.25,,,,,,,,,,,1.0,0.0,0.0,0.0,False,-2.2414802970049026,-1.9066925895543323,4.0,0.2591186248797889,-3.7011064000000005,1.0507642920332092,0.0
2008-10-17,contraction,0.25,,,,,,,,,,,1.0,0.0,0.0,0.0,False,-2.2940072178654214,-2.1115340703332475,4.0,0.3156899771335408,-7.190225948103802,1.0507642920332092,0.0
2008-10-24,contraction,0.25,,,,,,,,,,,1.0,0.0,0.0,0.0,False,-2.280925407705713,-2.122296164263506,4.0,0.3165801180798265,-7.190225948103802,1.0507642920332092,0.0
2008-10-31,contraction,0.25,,,,,,,,,,,1.0,0.0,0.0,0.0,False,-2.2409589970702988,-2.093412812572576,4.0,0.320782267760254,-7.190225948103802,1.0507642920332092,0.0026191723415400735
2008-11-07,contraction,0.25,,,,,,,,,,,1.0,0.0,0.0,0.0,False,-2.244776100717147,-2.0858649154061424,4.0,0.3193670504271106,-7.190225948103802,1.0507642920332092,0.0041906757464641176
2008-11-14,contraction,0.25,,,,,,,,,,,1.0,0.0,0.0,0.0,False,-2.3566181570091382,-2.2882916094909045,4.0,0.3037675644880978,-6.531888247011963,1.4511601709000708,0.0
2008-11-21,contraction,0.5,,,,,,,,,,,1.0,1.0,0.0,0.0,False,-2.4585941308514783,-1.1683127911491458,4.0,0.3071290323511197,-6.531888247011963,1.4511601709000708,0.0
2008-11-28,contraction,0.5,,,,,,,,,,,1.0,1.0,0.0,0.0,False,-2.464245956775172,-1.1731137487620906,4.0,0.3063838971172333,-6.531888247011963,1.4511601709000708,0.0
2008-12-05,contraction,0.5,,,,,,,,,,,1.0,1.0,0.0,0.0,False,-2.445287345368882,-0.9950199313047848,4.0,0.3084610729936927,-6.531888247011963,1.4511601709000708,0.0
2008-12-12,contraction,0.5,,,,,,,,,,,1.0,1.0,0.0,0.0,False,-2.5454007245066057,-1.0652524747608767,4.0,0.2960429913357644,-6.531888247011963,1.4511601709000708,0.0
2008-12-19,contraction,0.5,,,,,,,,,,,1.0,1.0,0.0,0.0,False,-2.671353697258498,-1.8723705527073808,4.0,0.2979196500020785,-7.601645526838979,1.7511601709000706,0.0
2008-12-26,contraction,0.5,,,,,,,,,,,1.0,1.0,0.0,0.0,False,-2.6902956840089742,-1.948225277129892,4.0,0.2944426736688269,-7.601645526838979,1.7511601709000706,0.0
2009-01-02,contraction,0.25,,,,,,,,,,,1.0,0.0,0.0,0.0,False,-2.7646657405136814,-2.535002743393163,4.0,0.2852813816142172,-7.601645526838979,1.7511601709000706,0.0
2009-01-09,contraction,0.25,,,,,,,,,,,1.0,0.0,0.0,0.0,False,-2.783260232320979,-2.3464045382749004,4.0,0.2834069814446065,-7.601645526838979,1.7511601709000706,0.0
2009-01-16,contraction,0.25,,,,,,,,,,,1.0,0.0,0.0,0.0,False,-2.764690693078257,-2.0484665372899067,4.0,0.2777055833566459,-9.757247420634926,2.2511601709000706,0.02969858156028369
2009-01-23,contraction,0.25,,,,,,,,,,,1.0,0.0,0.0,0.0,False,-2.737742884281472,-1.72298169482665,4.0,0.248243250196902,-9.757247420634926,2.2511601709000706,0.03634751773049645
2009-01-30,contraction,0.25,,,,,,,,,,,1.0,0.0,0.0,0.0,False,-2.8650437160596978,-2.2311845048994643,4.0,0.242765843704595,-9.757247420634926,2.2511601709000706,0.034574468085106384
2009-02-06,contraction,0.25,,,,,,,,,,,1.0,0.0,0.0,0.0,False,-2.8996667997048,-2.2530502505244323,4.0,0.2548167083772588,-9.757247420634926,2.2511601709000706,0.011081560283687944
2009-02-13,contraction,0.25,,,,,,,,,,,1.0,0.0,0.0,0.0,False,-2.955910542092348,-2.228127440694061,4.0,0.2574601940381588,-11.610810099009896,2.75211684505575,0.0
2009-02-20,contraction,0.5,,,,,,,,,,,1.0,1.0,0.0,0.0,False,-2.8967858717028463,-1.4014786521403453,4.0,0.2644113194967247,-11.610810099009896,2.75211684505575,0.0
2009-02-27,contraction,0.5,,,,,,,,,,,1.0,1.0,0.0,0.0,False,-2.873127703645242,-1.436991729220191,4.0,0.270180638510106,-11.610810099009896,2.75211684505575,0.0
2009-03-06,contraction,0.5,,,,,,,,,,,1.0,1.0,0.0,0.0,False,-2.950919810502369,-1.5253205180322102,4.0,0.2609829595370094,-11.610810099009896,2.75211684505575,0.0
2009-03-13,contraction,0.5,,,,,,,,,,,1.0,1.0,0.0,0.0,False,-2.980807975508168,-1.488035794682028,4.0,0.2564953853554636,-11.610810099009896,2.75211684505575,0.0
2009-03-20,contraction,0.5,,,,,,,,,,,1.0,1.0,0.0,0.0,False,-2.934072347049284,-1.359177993885129,4.0,0.2580439643064107,-12.084680039525693,3.2521168450557507,0.0
2009-03-27,contraction,0.5,,,,,,,,,,,1.0,1.0,0.0,0.0,False,-2.9059994199420203,-1.2935585779130672,4.0,0.2567589602571939,-12.084680039525693,3.2521168450557507,0.0
2009-04-03,contraction,0.5,,,,,,,,,,,1.0,1.0,0.0,0.0,False,-2.883178327079952,-0.9373144325613814,4.0,0.2584474874136082,-12.084680039525693,3.2521168450557507,0.0
2009-04-10,contraction,0.5,,,,,,,,,,,1.0,1.0,0.0,0.0,False,-2.835973668337536,-0.6850627838129472,4.0,0.2597168444376256,-12.084680039525693,3.2521168450557507,0.0
2009-04-17,contraction,0.5,,,,,,,,,,,1.0,1.0,0.0,0.0,False,-2.723582449263698,-0.5790571844211982,4.0,0.2612775299192649,-13.202288560157797,3.6521168450557493,0.0026545316647705727
2009-04-24,contraction,0.5,,,,,,,,,,,1.0,1.0,0.0,0.0,False,-2.6941001677899026,-0.4932723585839517,4.0,0.2587175612918059,-13.202288560157797,3.6521168450557493,0.022373909745923397
2009-05-01,contraction,0.5,,,,,,,,,,,1.0,1.0,0.0,0.0,False,-2.632186777779558,0.1159395747409734,4.0,0.2569817594947353,-13.202288560157797,3.6521168450557493,0.030716723549488054
2009-05-08,contraction,0.5,,,,,,,,,,,1.0,1.0,0.0,0.0,False,-2.583088254386233,0.5518034718830751,4.0,0.2507642716382606,-13.202288560157797,3.6521168450557493,0.04778156996587031
2009-05-15,contraction,0.5,,,,,,,,,,,1.0,1.0,0.0,0.0,False,-2.557994302415844,0.5482206593745991,4.0,0.2506572481608538,-13.787793700787404,3.9537220653206315,0.0671217292377702
2009-05-22,contraction,0.5,,,,,,,,,,,1.0,1.0,0.0,0.0,False,-2.4582965360842457,0.7171306628931529,4.0,0.2540307847271825,-13.787793700787404,3.9537220653206315,0.05726204019719378
2009-05-29,contraction,0.5,,,,,,,,,,,1.0,1.0,0.0,0.0,False,-2.4167384385410835,0.9325159219520458,4.0,0.2521703597663319,-13.787793700787404,3.9537220653206315,0.06446719757299962
2009-06-05,recovery,0.3333333333333333,0.0,1.0,0.0,,,,,,,,,,,,False,-2.38886565029882,0.9334797799933122,4.0,0.2505149070652485,-13.787793700787404,3.9537220653206315,0.06977626090254077
2009-06-12,recovery,0.3333333333333333,0.0,1.0,0.0,,,,,,,,,,,,False,-2.3458298854619493,1.0819442692415715,4.0,0.2456332383909633,-14.46791355599214,4.353722065320632,0.06788016685627607
2009-06-19,recovery,0.3333333333333333,0.0,1.0,0.0,,,,,,,,,,,,False,-2.209629148571431,1.2796380259261275,4.0,0.2502416345741002,-14.46791355599214,4.353722065320632,0.0788775123246113
2009-06-26,recovery,0.3333333333333333,0.0,1.0,0.0,,,,,,,,,,,,False,-2.1771572866970823,1.2542233923853354,4.0,0.247667833048865,-14.46791355599214,4.353722065320632,0.08835798255593477
2009-07-03,recovery,0.3333333333333333,0.0,1.0,0.0,,,,,,,,,,,,False,-2.1616707531129524,1.0156222054828667,4.0,0.2408214631643067,-14.46791355599214,4.353722065320632,0.0875995449374289
2009-07-10,recovery,0.3333333333333333,0.0,1.0,0.0,,,,,,,,,,,,False,-2.0976303750336225,1.0620900271728757,4.0,0.237713696533338,-14.46791355599214,4.353722065320632,0.0925293894577171
2009-07-17,recovery,0.3333333333333333,0.0,1.0,0.0,,,,,,,,,,,,False,-1.9187460888155583,1.3875880018374256,4.0,0.2411998802978915,-14.692847450980395,4.4537220653206315,0.1012514220705347
2009-07-24,recovery,0.3333333333333333,0.0,1.0,0.0,,,,,,,,,,,,False,-1.859915685476476,1.434003842578781,4.0,0.2307741393206306,-14.692847450980395,4.4537220653206315,0.11983314372392871
2009-07-31,recovery,0.3333333333333333,0.0,1.0,0.0,,,,,,,,,,,,False,-1.8234472249116984,1.3553467056145792,4.0,0.2242367655503438,-14.692847450980395,4.4537220653206315,0.13803564656806977
2009-08-07,recovery,0.3333333333333333,0.0,1.0,0.0,,,,,,,,,,,,False,-1.7906004008344432,1.3719983125674804,4.0,0.2192072851416158,-14.692847450980395,4.4537220653206315,0.14069017823284036
2009-08-14,recovery,0.3333333333333333,0.0,1.0,0.0,,,,,,,,,,,,False,-1.7581470332584854,1.474414485396251,4.0,0.2139869071014718,-13.889413307240702,4.45606100302785,0.14751611679939325
2009-08-21,recovery,0.3333333333333333,0.0,1.0,0.0,,,,,,,,,,,,False,-1.6134551678034383,1.6501513869111144,4.0,0.2276506041129094,-13.889413307240702,4.45606100302785,0.1441031475161168
2009-08-28,recovery,0.3333333333333333,0.0,1.0,0.0,,,,,,,,,,,,False,-1.5689206512420024,1.6342968232814357,4.0,0.2304349174422029,-13.889413307240702,4.45606100302785,0.14334470989761092
2009-09-04,recovery,0.3333333333333333,0.0,1.0,0.0,,,,,,,,,,,,False,-1.5190953067173256,1.7596583591503283,4.0,0.2379930338429994,-13.889413307240702,4.45606100302785,0.15358361774744028
2009-09-11,recovery,0.3333333333333333,0.0,1.0,0.0,,,,,,,,,,,,False,-1.481674532829516,1.730814455164963,4.0,0.2337728369096119,-13.889413307240702,4.45606100302785,0.15017064846416384
2009-09-18,recovery,0.6666666666666666,0.0,1.0,1.0,,,,,,,,,,,,True,-1.449868806680272,1.3366227527001582,4.0,0.2383467414698342,-13.074327539062509,4.55606100302785,0.149032992036405
2009-09-25,recovery,0.6666666666666666,0.0,1.0,1.0,,,,,,,,,,,,True,-1.4352030796344888,1.3169591628611796,4.0,0.240782304981542,-13.074327539062509,4.55606100302785,0.15661736822146377
2009-10-02,recovery,0.3333333333333333,0.0,1.0,0.0,,,,,,,,,,,,False,-1.4033732822060168,1.3881831854486142,4.0,0.2461749410060836,-13.074327539062509,4.55606100302785,0.16571861964353432
2009-10-09,recovery,0.6666666666666666,0.0,1.0,1.0,,,,,,,,,,,,True,-1.3602459044071948,1.382797598206288,4.0,0.2426438691729304,-13.074327539062509,4.55606100302785,0.1695108077360637
2009-10-16,recovery,0.6666666666666666,0.0,1.0,1.0,,,,,,,,,,,,True,-1.3015700050218355,1.2352266202257902,4.0,0.2402153017971098,-12.374758089668617,4.756061003027851,0.17899127796738717
2009-10-23,recovery,0.6666666666666666,0.0,1.0,1.0,,,,,,,,,,,,True,-1.2341470156594347,1.0929075086521742,4.0,0.2407132041360314,-12.374758089668617,4.756061003027851,0.19074706105422828
2009-10-30,recovery,0.6666666666666666,0.0,1.0,1.0,,,,,,,,,,,,True,-1.197468186169369,1.1554807995677012,4.0,0.2480863257541987,-12.374758089668617,4.756061003027851,0.19264315510049299
2009-11-06,recovery,0.6666666666666666,0.0,1.0,1.0,,,,,,,,,,,,True,-1.183078832321499,1.1582900694448297,4.0,0.2511037087286623,-12.374758089668617,4.756061003027851,0.2017444065225635
2009-11-13,recovery,0.6666666666666666,0.0,1.0,1.0,,,,,,,,,,,,True,-1.1464258487629904,1.223803565258494,4.0,0.2390289464630746,-12.070428988326853,4.9592147629686085,0.20591581342434584
2009-11-20,recovery,0.6666666666666666,0.0,1.0,1.0,,,,,,,,,,,,True,-1.073620640969716,1.3141825884418687,4.0,0.2534253509297733,-12.070428988326853,4.9592147629686085,0.2055365946150929
2009-11-27,recovery,0.6666666666666666,0.0,1.0,1.0,,,,,,,,,,,,True,-1.0490505933846503,1.3374269264813634,4.0,0.2593608825150678,-12.070428988326853,4.9592147629686085,0.21463784603716343
2009-12-04,recovery,0.3333333333333333,0.0,1.0,0.0,,,,,,,,,,,,False,-0.9992745598189124,1.4085112389686862,4.0,0.2715965698697946,-12.070428988326853,4.9592147629686085,0.2328403488813045
2009-12-11,recovery,0.3333333333333333,0.0,1.0,0.0,,,,,,,,,,,,False,-0.9732363250244076,1.3311365214529567,4.0,0.2684321401554561,-12.070428988326853,4.9592147629686085,0.25066363291619265
2009-12-18,recovery,0.3333333333333333,0.0,1.0,0.0,,,,,,,,,,,,False,-0.9124668445109634,1.3082147630398062,4.0,0.2831311651081087,-11.63648990291263,4.859214762968609,0.2563519150549867
2009-12-25,recovery,0.3333333333333333,0.0,1.0,0.0,,,,,,,,,,,,False,-0.9030972284729296,1.2820041704683045,4.0,0.2860686453946443,-11.63648990291263,4.859214762968609,0.25976488433826317
2010-01-01,recovery,0.3333333333333333,0.0,1.0,0.0,,,,,,,,,,,,False,-0.8680080957116078,1.30957176845672,4.0,0.2976329392378658,-11.63648990291263,4.859214762968609,0.260902540766022
2010-01-08,recovery,0.3333333333333333,0.0,1.0,0.0,,,,,,,,,,,,False,-0.8266704442468665,1.316165813581414,4.0,0.2899046358943875,-11.63648990291263,4.859214762968609,0.26355707243079257
2010-01-15,recovery,0.6666666666666666,0.0,1.0,1.0,,,,,,,,,,,,True,-0.7930017447134874,1.2649776646678554,4.0,0.2968373969054877,-11.207627519379841,4.859214762968609,0.2791050436101631
2010-01-22,recovery,0.6666666666666666,0.0,1.0,1.0,,,,,,,,,,,,True,-0.7519759667110368,1.2800856483568843,4.0,0.3094589521661517,-11.207627519379841,4.859214762968609,0.2901023890784983
2010-01-29,recovery,0.6666666666666666,0.0,1.0,1.0,,,,,,,,,,,,True,-0.7429354726541832,1.0675976772920082,4.0,0.3132246383137029,-11.207627519379841,4.859214762968609,0.279484262419416
2010-02-05,recovery,0.6666666666666666,0.0,1.0,1.0,,,,,,,,,,,,True,-0.7497095815756116,1.0001172625451655,4.0,0.3096099035118154,-11.207627519379841,4.859214762968609,0.27834660599165717
2010-02-12,recovery,0.6666666666666666,0.0,1.0,1.0,,,,,,,,,,,,True,-0.7307567199962334,1.0242425864619498,4.0,0.2976990422488777,-10.288588394584124,4.76325890255012,0.2631778536215396
2010-02-19,recovery,0.6666666666666666,0.0,1.0,1.0,,,,,,,,,,,,True,-0.6992039846869711,0.9352777917551612,3.0,0.3099065244325439,-10.288588394584124,4.76325890255012,0.26431551004929843
2010-02-26,recovery,0.6666666666666666,0.0,1.0,1.0,,,,,,,,,,,,True,-0.7067045934293269,0.8795195081917697,3.0,0.3066173317372027,-10.288588394584124,4.76325890255012,0.2711414486158513
2010-03-05,recovery,0.6666666666666666,0.0,1.0,1.0,,,,,,,,,,,,True,-0.6943118225551725,0.7385201817950429,3.0,0.3120901441174957,-10.288588394584124,4.76325890255012,0.2601441031475161
2010-03-12,recovery,0.6666666666666666,0.0,1.0,1.0,,,,,,,,,,,,True,-0.6727048180159064,0.7301474879466181,3.0,0.3076857098795225,-10.288588394584124,4.76325890255012,0.2631778536215396
2010-03-19,recovery,0.6666666666666666,0.0,1.0,1.0,,,,,,,,,,,,True,-0.5995035527947247,0.7833276205493652,3.0,0.3452551006673876,-9.861513899613911,4.76325890255012,0.260902540766022
2010-03-26,recovery,0.6666666666666666,0.0,1.0,1.0,,,,,,,,,,,,True,-0.5876616070504628,0.7894427320399255,3.0,0.3522123225123766,-9.861513899613911,4.76325890255012,0.26507394766780434
2010-04-02,recovery,0.6666666666666666,0.0,1.0,1.0,,,,,,,,,,,,True,-0.5532347512204189,0.976972249298697,3.0,0.3483765612082897,-9.861513899613911,4.76325890255012,0.27569207432688664
2010-04-09,recovery,0.3333333333333333,0.0,1.0,0.0,,,,,,,,,,,,False,-0.5293727437146097,1.0820875672852934,3.0,0.3398733070973932,-9.861513899613911,4.76325890255012,0.28479087452471485
2010-04-16,recovery,0.3333333333333333,0.0,1.0,0.0,,,,,,,,,,,,False,-0.5087439943678245,1.1025661257622734,2.0,0.3516177822890078,-9.208536801541428,4.86325890255012,0.26764934057408846
2010-04-23,recovery,0.3333333333333333,0.0,1.0,0.0,,,,,,,,,,,,False,-0.4816294843800747,1.1508211164717834,2.0,0.3673215825685659,-9.208536801541428,4.86325890255012,0.2609546165884194
2010-04-30,recovery,0.3333333333333333,0.0,1.0,0.0,,,,,,,,,,,,False,-0.4308937624040497,1.3980363083925007,2.0,0.3768125226477931,-9.208536801541428,4.86325890255012,0.24890481879729193
2010-05-07,recovery,0.3333333333333333,0.0,1.0,0.0,,,,,,,,,,,,False,-0.4211669448156667,1.4224318914168634,2.0,0.3690024436412695,-9.208536801541428,4.86325890255012,0.24537409493161705
2010-05-14,recovery,0.3333333333333333,0.0,1.0,0.0,,,,,,,,,,,,False,-0.3773250339216313,1.5404126415393915,2.0,0.3141872507764331,-8.797485961538456,4.868261987319791,0.25663716814159293
2010-05-21,recovery,0.3333333333333333,0.0,1.0,0.0,,,,,,,,,,,,False,-0.3391982062780249,1.4297804889003274,2.0,0.3431389084202579,-8.797485961538456,4.868261987319791,0.2622618565058776
2010-05-28,recovery,0.3333333333333333,0.0,1.0,0.0,,,,,,,,,,,,False,-0.3421535441028054,1.3785176834333042,2.0,0.3456244416813935,-8.797485961538456,4.868261987319791,0.257526444263629
2010-06-04,recovery,0.3333333333333333,0.0,1.0,0.0,,,,,,,,,,,,False,-0.3062766508862619,1.462785250381955,1.0,0.3838313754845981,-8.797485961538456,4.868261987319791,0.2518307567127746
2010-06-11,recovery,0.3333333333333333,0.0,1.0,0.0,,,,,,,,,,,,False,-0.3026263811391104,1.2736497482254685,1.0,0.3788301952463485,-8.797485961538456,4.868261987319791,0.24001646768217375
2010-06-18,recovery,0.6666666666666666,0.0,1.0,1.0,,,,,,,,,,,,True,-0.2938478350548975,1.1320312006920703,1.0,0.3771163955585316,-7.658657773512488,4.56826198731979,0.22942643391521197
2010-06-25,recovery,0.6666666666666666,0.0,1.0,1.0,,,,,,,,,,,,True,-0.287406029963783,1.1319488403489273,1.0,0.3706450529275609,-7.658657773512488,4.56826198731979,0.23233582709891937
2010-07-02,recovery,0.6666666666666666,0.0,1.0,1.0,,,,,,,,,,,,True,-0.2806326267368559,0.8560791045053591,1.0,0.3743806605459099,-7.658657773512488,4.56826198731979,0.23276222315085668
2010-07-09,recovery,0.6666666666666666,0.0,1.0,1.0,,,,,,,,,,,,True,-0.2730386724977421,0.5710453416688824,1.0,0.3643513618256284,-7.658657773512488,4.56826198731979,0.22278481012658227
2010-07-16,recovery,0.6666666666666666,0.0,1.0,1.0,,,,,,,,,,,,True,-0.249285846260184,0.6349243867253727,1.0,0.3680047353426921,-7.36731704980842,4.368261987319791,0.20853080568720378
2010-07-23,recovery,0.6666666666666666,0.0,1.0,1.0,,,,,,,,,,,,True,-0.2354594887323272,0.525163495653189,1.0,0.3818996810429108,-7.36731704980842,4.368261987319791,0.20413550373955125
2010-07-30,recovery,0.6666666666666666,0.0,1.0,1.0,,,,,,,,,,,,True,-0.2232757468339869,0.3659866250796066,1.0,0.3910093510576402,-7.36731704980842,4.368261987319791,0.19726390114739628
2010-08-06,recovery,0.6666666666666666,0.0,1.0,1.0,,,,,,,,,,,,True,-0.2313198313220225,0.3383563483602286,1.0,0.4002945350279788,-7.36731704980842,4.368261987319791,0.1943337760070828
2010-08-13,expansion,0.25,,,,0.0,1.0,0.0,0.0,,,,,,,,False,-0.2337871319524028,0.3477965633811075,1.0,0.3987174987903817,-6.9449126195028725,4.3742842128497905,0.1845949535192563
2010-08-20,expansion,0.25,,,,0.0,1.0,0.0,0.0,,,,,,,,False,-0.2141478353777416,0.3935600338268966,1.0,0.4451813752959155,-6.9449126195028725,4.3742842128497905,0.16511730854360337
2010-08-27,expansion,0.25,,,,0.0,1.0,0.0,0.0,,,,,,,,False,-0.2102432583514264,0.401180919664754,1.0,0.4392215782730496,-6.9449126195028725,4.3742842128497905,0.14884135472370766
2010-09-03,expansion,0.25,,,,0.0,1.0,0.0,0.0,,,,,,,,False,-0.1973416898265016,0.4167770479125949,1.0,0.4400955855467011,-6.9449126195028725,4.3742842128497905,0.14928698752228164
2010-09-10,expansion,0.25,,,,0.0,1.0,0.0,0.0,,,,,,,,False,-0.1839440446540274,0.4189064439750124,1.0,0.4186241390794359,-6.9449126195028725,4.3742842128497905,0.1532976827094474
2010-09-17,expansion,0.25,,,,0.0,1.0,0.0,0.0,,,,,,,,False,-0.151895536180816,0.4267475703931767,1.0,0.4141878834151318,-6.544998282442748,4.47428421284979,0.1596223021582734
2010-09-24,expansion,0.0,,,,0.0,0.0,0.0,0.0,,,,,,,,False,-0.1513942973325471,0.4240735004450855,1.0,0.413496497003432,-6.544998282442748,4.47428421284979,0.16954545454545455
2010-10-01,expansion,0.0,,,,0.0,0.0,0.0,0.0,,,,,,,,False,-0.1452400910141444,0.4167960196666959,1.0,0.4157621239788047,-6.544998282442748,4.47428421284979,0.1680365296803653
2010-10-08,expansion,0.0,,,,0.0,0.0,0.0,0.0,,,,,,,,False,-0.1218914829396941,0.5705851388669914,1.0,0.3702107781416693,-6.544998282442748,4.47428421284979,0.16212471131639722
2010-10-15,expansion,0.0,,,,0.0,0.0,0.0,0.0,,,,,,,,False,-0.124295331613101,0.583985483963491,1.0,0.3733735982164987,-6.2138398095238045,4.47428421284979,0.1527647610121837
2010-10-22,expansion,0.0,,,,0.0,0.0,0.0,0.0,,,,,,,,False,-0.1130311040855726,0.4851759989155478,1.0,0.3793618289702,-6.2138398095238045,4.47428421284979,0.14372945044621888
2010-10-29,expansion,0.0,,,,0.0,0.0,0.0,0.0,,,,,,,,False,-0.0947796292267606,0.4996488272345735,1.0,0.3718215309117921,-6.2138398095238045,4.47428421284979,0.14109263657957244
2010-11-05,expansion,0.0,,,,0.0,0.0,0.0,0.0,,,,,,,,False,-0.095033922974426,0.4721209246304608,1.0,0.372156473593643,-6.2138398095238045,4.47428421284979,0.14988066825775656
2010-11-12,expansion,0.25,,,,0.0,0.0,1.0,0.0,,,,,,,,False,-0.0736705512062205,0.5357159901907445,0.0,0.3687937295183788,-6.329383840304175,4.381376122174831,0.14653937947494033
2010-11-19,expansion,0.25,,,,0.0,0.0,1.0,0.0,,,,,,,,False,-0.049885370246557,0.5452412471601895,0.0,0.3998044257094686,-6.329383840304175,4.381376122174831,0.14872042491549975
2010-11-26,expansion,0.25,,,,0.0,0.0,1.0,0.0,,,,,,,,False,-0.0387953089927055,0.5803130662363576,0.0,0.4231640934753135,-6.329383840304175,4.381376122174831,0.13445378151260504
2010-12-03,expansion,0.25,,,,0.0,0.0,1.0,0.0,,,,,,,,False,-0.0226489513122054,0.6148189704603837,0.0,0.4519399591998043,-6.329383840304175,4.381376122174831,0.12651821862348178
2010-12-10,expansion,0.5,,,,0.0,1.0,1.0,0.0,,,,,,,,False,-0.0072178977834905,0.5433540789785518,0.0,0.4786176634900537,-6.329383840304175,4.381376122174831,0.13054563997960225
2010-12-17,expansion,0.5,,,,1.0,0.0,1.0,0.0,,,,,,,,False,0.028519156821905,0.6882903258174844,0.0,0.443214915716026,-6.184526185958262,4.781376122174831,0.12961065573770492
2010-12-24,expansion,0.5,,,,1.0,0.0,1.0,0.0,,,,,,,,False,0.0245989056258822,0.6406286862947093,0.0,0.4362967492012614,-6.184526185958262,4.781376122174831,0.132752434648898
2010-12-31,expansion,0.5,,,,1.0,0.0,1.0,0.0,,,,,,,,False,0.0643916818712909,0.8121280844963709,0.0,0.4985092048765692,-6.184526185958262,4.781376122174831,0.12403895438236802
2011-01-07,expansion,0.25,,,,1.0,0.0,0.0,0.0,,,,,,,,False,0.0694443107786169,0.7958392641745194,0.0,0.5058589935707786,-6.184526185958262,4.781376122174831,0.13839056893900564
2011-01-14,expansion,0.25,,,,1.0,0.0,0.0,0.0,,,,,,,,False,0.0773021082735833,0.7197879711331832,0.0,0.5162774348007874,-5.39059734848486,4.281376122174831,0.14607893388006152
2011-01-21,expansion,0.25,,,,1.0,0.0,0.0,0.0,,,,,,,,False,0.0798884607544797,0.6072522947642468,0.0,0.5247885398129132,-5.39059734848486,4.281376122174831,0.14146591491542798
2011-01-28,expansion,0.5,,,,1.0,1.0,0.0,0.0,,,,,,,,False,0.0678216366458225,0.5416596080399191,0.0,0.5051731051766316,-5.39059734848486,4.281376122174831,0.14300358790363915
2011-02-04,expansion,0.25,,,,1.0,0.0,0.0,0.0,,,,,,,,False,0.1303615248607373,0.8665794180601922,0.0,0.5122682400332056,-5.39059734848486,4.281376122174831,0.12147616606868272
2011-02-11,expansion,0.25,,,,1.0,0.0,0.0,0.0,,,,,,,,False,0.1548549304582754,0.9312852426301113,0.0,0.5540768713731063,-5.39059734848486,4.281376122174831,0.11788826242952333
2011-02-18,expansion,0.25,,,,1.0,0.0,0.0,0.0,,,,,,,,False,0.1631652776072066,0.787317493659006,1.0,0.5265105825219191,-5.502875236294898,4.0895774465457295,0.13429010763710916
2011-02-25,expansion,0.5,,,,1.0,1.0,0.0,0.0,,,,,,,,False,0.1837375029166582,0.8077973178271535,1.0,0.5571663234148126,-5.502875236294898,4.0895774465457295,0.13223987698616094
2011-03-04,expansion,0.5,,,,1.0,1.0,0.0,0.0,,,,,,,,False,0.2107525066734676,0.7384110537734836,1.0,0.5531762541071505,-5.502875236294898,4.0895774465457295,0.15802975885069268
2011-03-11,expansion,0.25,,,,1.0,0.0,0.0,0.0,,,,,,,,False,0.2193572259436179,0.7986440191173164,1.0,0.5727744541368638,-5.502875236294898,4.0895774465457295,0.17598768599281683
2011-03-18,expansion,0.25,,,,1.0,0.0,0.0,0.0,,,,,,,,False,0.2368039358757057,0.9284290190898656,0.0,0.5729553885194774,-5.7732616981132026,3.98957744654573,0.1651186790505676
2011-03-25,expansion,0.25,,,,1.0,0.0,0.0,0.0,,,,,,,,False,0.2320586676766252,0.949257617375323,0.0,0.5661497951764753,-5.7732616981132026,3.98957744654573,0.16387434554973823
2011-04-01,expansion,0.5,,,,1.0,1.0,0.0,0.0,,,,,,,,False,0.2118942517143254,0.4703584655456069,0.0,0.5859157574738917,-5.7732616981132026,3.98957744654573,0.15706806282722513
2011-04-08,expansion,0.5,,,,1.0,1.0,0.0,0.0,,,,,,,,False,0.2353872466360342,0.4852381813328808,0.0,0.6260479566723749,-5.7732616981132026,3.98957744654573,0.14973821989528796
2011-04-15,expansion,0.75,,,,1.0,1.0,1.0,0.0,,,,,,,,True,0.2467747475997008,0.4521600999945286,0.0,0.5843464830916807,-4.981961770244823,3.98957744654573,0.15968586387434555
2011-04-22,expansion,0.75,,,,1.0,1.0,1.0,0.0,,,,,,,,True,0.2344022699416152,0.3895670874504084,0.0,0.6091882151488228,-4.981961770244823,3.98957744654573,0.15340314136125655
2011-04-29,expansion,0.5,,,,1.0,1.0,0.0,0.0,,,,,,,,False,0.215817389213866,0.1740346524732772,1.0,0.6161479978870766,-4.981961770244823,3.98957744654573,0.15602094240837697
2011-05-06,expansion,0.5,,,,1.0,1.0,0.0,0.0,,,,,,,,False,0.1882009936132068,0.094462165608451,1.0,0.5724339308813108,-4.981961770244823,3.98957744654573,0.14397905759162305
2011-05-13,expansion,0.5,,,,1.0,1.0,0.0,0.0,,,,,,,,False,0.184717561014755,-0.0399932502875629,1.0,0.5703241599601717,-5.234104699248107,4.09891609522887,0.10575916230366492
2011-05-20,expansion,0.5,,,,1.0,1.0,0.0,0.0,,,,,,,,False,0.163293519943497,-0.184787926421274,1.0,0.597107703846502,-5.234104699248107,4.09891609522887,0.09581151832460733
2011-05-27,expansion,0.5,,,,1.0,1.0,0.0,0.0,,,,,,,,False,0.161327789367458,-0.1803076019375728,1.0,0.5922721571841103,-5.234104699248107,4.09891609522887,0.08952879581151832
2011-06-03,slowdown,1.0,,,,,,,,1.0,1.0,1.0,,,,,True,0.1729469857434084,-0.092599994110799,1.0,0.6372942233557753,-5.234104699248107,4.09891609522887,0.08900523560209424
2011-06-10,slowdown,1.0,,,,,,,,1.0,1.0,1.0,,,,,True,0.1910472750164482,-0.102948717479256,1.0,0.6800156227882437,-5.234104699248107,4.09891609522887,0.11518324607329843
2011-06-17,slowdown,1.0,,,,,,,,1.0,1.0,1.0,,,,,True,0.1959884922703568,-0.0555769516610594,1.0,0.6642381451428897,-5.16868911819887,3.9989160952288705,0.12146596858638743
2011-06-24,slowdown,0.6666666666666666,,,,,,,,1.0,1.0,0.0,,,,,True,0.1979497810106703,-0.0185799343585106,1.0,0.6668153997851105,-5.16868911819887,3.9989160952288705,0.12198952879581151
2011-07-01,slowdown,0.0,,,,,,,,0.0,0.0,0.0,,,,,False,0.2160610893220319,0.255326817691284,0.0,0.6124457433105666,-5.16868911819887,3.9989160952288705,0.1256544502617801
2011-07-08,slowdown,0.0,,,,,,,,0.0,0.0,0.0,,,,,False,0.220152952509325,0.2632671085072987,0.0,0.6220546857910906,-5.16868911819887,3.9989160952288705,0.12408376963350785
2011-07-15,expansion,0.5,,,,1.0,0.0,1.0,0.0,,,,,,,,False,0.221614351080016,0.2897847371588717,0.0,0.6232406302857929,-4.985235955056183,4.09891609522887,0.12670157068062826
2011-07-22,expansion,0.5,,,,1.0,0.0,1.0,0.0,,,,,,,,False,0.2394247068363662,0.4340695382766387,0.0,0.5739338152138842,-4.985235955056183,4.09891609522887,0.12931937172774868
2011-07-29,expansion,0.5,,,,1.0,0.0,1.0,0.0,,,,,,,,False,0.2609294896651464,0.5511496966244331,0.0,0.5406872466473319,-4.985235955056183,4.09891609522887,0.12722513089005236
2011-08-05,expansion,0.5,,,,1.0,0.0,1.0,0.0,,,,,,,,False,0.2631473189471388,0.5393567545367046,0.0,0.5468878303528318,-4.985235955056183,4.09891609522887,0.1324607329842932
2011-08-12,expansion,0.5,,,,1.0,0.0,1.0,0.0,,,,,,,,False,0.2715315201999339,0.493796869945834,0.0,0.5653655913875267,-4.675879626168225,4.00940731748662,0.1387434554973822
2011-08-19,expansion,0.5,,,,1.0,0.0,1.0,0.0,,,,,,,,False,0.2902227725069243,0.5612867166062467,0.0,0.5392994617610937,-4.675879626168225,4.00940731748662,0.14031413612565444
2011-08-26,expansion,0.25,,,,1.0,0.0,0.0,0.0,,,,,,,,False,0.2874891809917086,0.5605452364405037,0.0,0.5346265412065853,-4.675879626168225,4.00940731748662,0.14562598218962808
2011-09-02,expansion,0.25,,,,1.0,0.0,0.0,0.0,,,,,,,,False,0.2786398742317554,0.3772905543827195,0.0,0.5445960716454984,-4.675879626168225,4.00940731748662,0.1394736842105263
2011-09-09,expansion,0.25,,,,1.0,0.0,0.0,0.0,,,,,,,,False,0.2839477180915771,0.4238880035918232,0.0,0.5359828546556135,-4.675879626168225,4.00940731748662,0.12359550561797752
2011-09-16,expansion,0.5,,,,1.0,1.0,0.0,0.0,,,,,,,,False,0.2846494149429493,0.4055122265510184,0.0,0.4987902144670348,-4.244346268656727,4.00940731748662,0.09852216748768473
2011-09-23,expansion,0.5,,,,1.0,1.0,0.0,0.0,,,,,,,,False,0.2866542493925055,0.3134046761989292,0.0,0.4776967731171434,-4.244346268656727,4.00940731748662,0.08557323093801426
2011-09-30,expansion,0.5,,,,1.0,1.0,0.0,0.0,,,,,,,,False,0.2744252609649303,0.1017787058586487,1.0,0.4950945883097009,-4.244346268656727,4.00940731748662,0.08173340647284695
2011-10-07,expansion,0.5,,,,1.0,1.0,0.0,0.0,,,,,,,,False,0.277229666812489,0.1063649215218236,1.0,0.5002021213716873,-4.244346268656727,4.00940731748662,0.08337904552934723
2011-10-14,expansion,0.5,,,,1.0,1.0,0.0,0.0,,,,,,,,False,0.2964768440399304,0.14659714671826,1.0,0.4954291143687965,-4.4036305400372555,4.00940731748662,0.08831596269884805
2011-10-21,expansion,0.5,,,,1.0,1.0,0.0,0.0,,,,,,,,False,0.3146043047466712,0.1630840779181299,1.0,0.4990420686579739,-4.4036305400372555,4.00940731748662,0.09126106194690266
2011-10-28,expansion,0.5,,,,1.0,1.0,0.0,0.0,,,,,,,,False,0.315613981671187,0.1765634743515881,1.0,0.5006446772013312,-4.4036305400372555,4.00940731748662,0.09619686800894854
2011-11-04,expansion,0.5,,,,1.0,1.0,0.0,0.0,,,,,,,,False,0.3122290746315982,0.217299904187822,1.0,0.5096762731513493,-4.4036305400372555,4.00940731748662,0.09787472035794184
2011-11-11,expansion,0.5,,,,1.0,1.0,0.0,0.0,,,,,,,,False,0.3257293049014163,0.2167750869475713,1.0,0.5091114490165275,-4.4036305400372555,4.00940731748662,0.08848553601815087
2011-11-18,expansion,0.5,,,,1.0,1.0,0.0,0.0,,,,,,,,False,0.3471023730697969,0.2511102141827178,1.0,0.5002649407558052,-3.9831131970260287,3.8210530567678322,0.09251856082238721
2011-11-25,expansion,0.25,,,,1.0,0.0,0.0,0.0,,,,,,,,False,0.3535786621772302,0.2780335188458857,1.0,0.5099263575403166,-3.9831131970260287,3.8210530567678322,0.09367816091954023
2011-12-02,expansion,0.25,,,,1.0,0.0,0.0,0.0,,,,,,,,False,0.3405185588995093,0.2714310327635161,1.0,0.5216229794558156,-3.9831131970260287,3.8210530567678322,0.10402298850574712
2011-12-09,expansion,0.25,,,,1.0,0.0,0.0,0.0,,,,,,,,False,0.352802488216427,0.2368104892331476,1.0,0.5127178501425328,-3.9831131970260287,3.8210530567678322,0.10517241379310345
2011-12-16,expansion,0.25,,,,1.0,0.0,0.0,0.0,,,,,,,,False,0.3485223669667648,0.2171579722917822,1.0,0.5332525083657911,-4.109474768089058,3.621053056767831,0.10804597701149425
2011-12-23,expansion,0.25,,,,1.0,0.0,0.0,0.0,,,,,,,,False,0.3674418817872921,0.2045087451389801,1.0,0.5314437181132834,-4.109474768089058,3.621053056767831,0.11666666666666667
2011-12-30,expansion,0.5,,,,1.0,0.0,1.0,0.0,,,,,,,,False,0.4118893297728576,0.5075478219408878,0.0,0.4919643564235608,-4.109474768089058,3.621053056767831,0.12643678160919541
2012-01-06,expansion,0.5,,,,1.0,0.0,1.0,0.0,,,,,,,,False,0.4146324871266078,0.4979868634958055,0.0,0.4953254575309577,-4.109474768089058,3.621053056767831,0.13275862068965516
2012-01-13,expansion,0.5,,,,1.0,0.0,1.0,0.0,,,,,,,,False,0.4199742396249252,0.5354172640347654,0.0,0.4609048234421698,-3.8311668518518616,3.5210530567678315,0.13908045977011493
2012-01-20,expansion,0.5,,,,1.0,0.0,1.0,0.0,,,,,,,,False,0.4547868454329433,0.641277230395273,0.0,0.4301867540006762,-3.8311668518518616,3.5210530567678315,0.12586206896551724
2012-01-27,expansion,0.5,,,,1.0,0.0,1.0,0.0,,,,,,,,False,0.4570409050833092,0.6579260417617216,0.0,0.4329969905282295,-3.8311668518518616,3.5210530567678315,0.12643678160919541
2012-02-03,expansion,0.5,,,,1.0,0.0,1.0,0.0,,,,,,,,False,0.4824120953508185,0.8693064233499639,0.0,0.4196585454612481,-3.8311668518518616,3.5210530567678315,0.12931034482758622
2012-02-10,expansion,0.5,,,,1.0,0.0,1.0,0.0,,,,,,,,False,0.5044492625692514,0.9093245837603074,0.0,0.4238156569090925,-3.8311668518518616,3.5210530567678315,0.13160919540229885
2012-02-17,expansion,0.5,,,,1.0,0.0,1.0,0.0,,,,,,,,False,0.5296402086276444,0.9428835052441856,0.0,0.4051926260361499,-3.50896876155268,3.3338415135847406,0.14482758620689656
2012-02-24,expansion,0.25,,,,1.0,0.0,0.0,0.0,,,,,,,,False,0.5418552985876073,0.9565721928060418,0.0,0.4186014191230793,-3.50896876155268,3.3338415135847406,0.1482758620689655
2012-03-02,expansion,0.25,,,,1.0,0.0,0.0,0.0,,,,,,,,False,0.5603408262950631,0.8268213974241073,0.0,0.407163365822055,-3.50896876155268,3.3338415135847406,0.16091954022988506
2012-03-09,expansion,0.25,,,,1.0,0.0,0.0,0.0,,,,,,,,False,0.5647799419622233,0.7737881487164455,0.0,0.3966784777772073,-3.50896876155268,3.3338415135847406,0.16494252873563217
2012-03-16,expansion,0.25,,,,1.0,0.0,0.0,0.0,,,,,,,,False,0.5589434097654726,0.7456506991582479,0.0,0.390378545748447,-3.400583025830258,3.3338415135847406,0.16091954022988506
2012-03-23,expansion,0.5,,,,1.0,1.0,0.0,0.0,,,,,,,,False,0.5296796726598604,0.4078534670460856,1.0,0.3992849722772955,-3.400583025830258,3.3338415135847406,0.15632183908045977
2012-03-30,expansion,0.5,,,,1.0,1.0,0.0,0.0,,,,,,,,False,0.5304709877085225,0.2666280032799045,1.0,0.3975688819374364,-3.400583025830258,3.3338415135847406,0.1511494252873563
2012-04-06,expansion,0.5,,,,1.0,1.0,0.0,0.0,,,,,,,,False,0.537288502498832,0.2512541395369908,1.0,0.404995992724905,-3.400583025830258,3.3338415135847406,0.15229885057471265
2012-04-13,expansion,0.5,,,,1.0,1.0,0.0,0.0,,,,,,,,False,0.5284921760961478,0.1121316138426174,1.0,0.3963958703889464,-3.941211418047885,3.233841513584739,0.16206896551724137
2012-04-20,expansion,0.5,,,,1.0,1.0,0.0,0.0,,,,,,,,False,0.5159504151258586,-0.0248952159903762,0.0,0.3912460456634439,-3.941211418047885,3.233841513584739,0.15172413793103448
2012-04-27,expansion,0.5,,,,1.0,1.0,0.0,0.0,,,,,,,,False,0.5021915750507799,-0.0783227122747172,0.0,0.3745676529565541,-3.941211418047885,3.233841513584739,0.1442528735632184
2012-05-04,expansion,0.5,,,,1.0,1.0,0.0,0.0,,,,,,,,False,0.500431477197649,-0.1632993308455485,0.0,0.3608614791133422,-3.941211418047885,3.233841513584739,0.13045977011494253
2012-05-11,expansion,0.5,,,,1.0,1.0,0.0,0.0,,,,,,,,False,0.5047120917870656,-0.2052290275880013,0.0,0.3649875479463537,-3.941211418047885,3.233841513584739,0.12241379310344827
2012-05-18,slowdown,0.6666666666666666,,,,,,,,1.0,1.0,0.0,,,,,True,0.5076534439516107,-0.0215723721423706,1.0,0.3706657230954094,-3.53070919117647,3.2477469296249692,0.13045977011494253
2012-05-25,slowdown,0.6666666666666666,,,,,,,,1.0,1.0,0.0,,,,,True,0.5143812221646773,-0.001305531566825,1.0,0.3788970139249552,-3.53070919117647,3.2477469296249692,0.13735632183908045
2012-06-01,slowdown,0.6666666666666666,,,,,,,,1.0,1.0,0.0,,,,,True,0.4940523114075564,-0.1405482296616645,1.0,0.382006702651973,-3.53070919117647,3.2477469296249692,0.12130177514792899
2012-06-08,slowdown,0.6666666666666666,,,,,,,,1.0,1.0,0.0,,,,,True,0.4873542567537066,-0.1320157264398339,1.0,0.3752626717828171,-3.53070919117647,3.2477469296249692,0.10965435041716329
2012-06-15,slowdown,0.6666666666666666,,,,,,,,1.0,1.0,0.0,,,,,True,0.4807785957287283,-0.0522568057985593,0.0,0.3635655423542959,-3.493088073394489,3.2477469296249692,0.10673822301729279
2012-06-22,slowdown,0.6666666666666666,,,,,,,,1.0,1.0,0.0,,,,,True,0.4476912046077858,-0.2548906687348997,0.0,0.3727430656779813,-3.493088073394489,3.2477469296249692,0.0967741935483871
2012-06-29,slowdown,1.0,,,,,,,,1.0,1.0,1.0,,,,,True,0.4303461024092477,-0.3689834641419142,1.0,0.3829418838597614,-3.493088073394489,3.2477469296249692,0.08900836320191159
2012-07-06,slowdown,1.0,,,,,,,,1.0,1.0,1.0,,,,,True,0.4324096924545224,-0.3771433014410618,1.0,0.3855848762830143,-3.493088073394489,3.2477469296249692,0.08960573476702509
2012-07-13,slowdown,0.6666666666666666,,,,,,,,1.0,1.0,0.0,,,,,True,0.4452337348216801,-0.3398137126790792,1.0,0.3970938749264266,-3.6261346153846006,3.2477469296249692,0.09259259259259259
2012-07-20,slowdown,0.6666666666666666,,,,,,,,1.0,1.0,0.0,,,,,True,0.4391835181330265,-0.380905641394415,1.0,0.3949726632998873,-3.6261346153846006,3.2477469296249692,0.1063321385902031
2012-07-27,slowdown,0.6666666666666666,,,,,,,,1.0,1.0,0.0,,,,,True,0.4432441895485233,-0.3470462134425526,1.0,0.4004761878440906,-3.6261346153846006,3.2477469296249692,0.1027479091995221
2012-08-03,slowdown,0.6666666666666666,,,,,,,,1.0,1.0,0.0,,,,,True,0.4035494398406665,-0.4853166952144371,1.0,0.4375648898343916,-3.6261346153846006,3.2477469296249692,0.10991636798088411
2012-08-10,slowdown,1.0,,,,,,,,1.0,1.0,1.0,,,,,True,0.4015674445535122,-0.4331195307926545,1.0,0.421208718905829,-3.6261346153846006,3.2477469296249692,0.10991636798088411
2012-08-17,slowdown,1.0,,,,,,,,1.0,1.0,1.0,,,,,True,0.4002676202955825,-0.3725758459830592,2.0,0.4436056272218171,-3.5972462522851885,3.2627296014266793,0.1033452807646356
2012-08-24,slowdown,1.0,,,,,,,,1.0,1.0,1.0,,,,,True,0.3950131294608978,-0.381546364177614,2.0,0.4360405307270122,-3.5972462522851885,3.2627296014266793,0.11589008363201912
2012-08-31,slowdown,1.0,,,,,,,,1.0,1.0,1.0,,,,,True,0.3761845647692072,-0.3867336246626782,2.0,0.444161190151554,-3.5972462522851885,3.2627296014266793,0.1111111111111111
2012-09-07,slowdown,1.0,,,,,,,,1.0,1.0,1.0,,,,,True,0.37396166549564,-0.4265827084645018,2.0,0.440037228319652,-3.5972462522851885,3.2627296014266793,0.1081242532855436
2012-09-14,slowdown,1.0,,,,,,,,1.0,1.0,1.0,,,,,True,0.3641136371919836,-0.4496006671775037,2.0,0.4133404793500766,-4.055033029197091,3.1627296014266797,0.1081242532855436
2012-09-21,slowdown,1.0,,,,,,,,1.0,1.0,1.0,,,,,True,0.3454295002380972,-0.543780214883658,2.0,0.4086103438880809,-4.055033029197091,3.1627296014266797,0.0937873357228196
2012-09-28,slowdown,1.0,,,,,,,,1.0,1.0,1.0,,,,,True,0.3443656759706121,-0.5400686570700141,2.0,0.4055309957645259,-4.055033029197091,3.1627296014266797,0.08258527827648116
2012-10-05,slowdown,0.6666666666666666,,,,,,,,1.0,1.0,0.0,,,,,True,0.3708268146364235,-0.1114897895535248,1.0,0.3678718312028595,-4.055033029197091,3.1627296014266797,0.0776173285198556
2012-10-12,slowdown,0.6666666666666666,,,,,,,,1.0,1.0,0.0,,,,,True,0.3923330518215161,-0.0962602822527315,1.0,0.3961763654557564,-4.055033029197091,3.1627296014266797,0.06390748630553865
2012-10-19,slowdown,0.3333333333333333,,,,,,,,1.0,0.0,0.0,,,,,False,0.3909736715088937,0.0256235281206154,0.0,0.4030390161674368,-4.234705464480868,2.86272960142668,0.07487623762376237
2012-10-26,slowdown,0.0,,,,,,,,0.0,0.0,0.0,,,,,False,0.3915362691847145,0.0431842319565857,0.0,0.4036143263670775,-4.234705464480868,2.86272960142668,0.07687538747675139
2012-11-02,slowdown,0.0,,,,,,,,0.0,0.0,0.0,,,,,False,0.4264672837014683,0.3196381064584843,0.0,0.3813532025283622,-4.234705464480868,2.86272960142668,0.07529558182949596
2012-11-09,slowdown,0.0,,,,,,,,0.0,0.0,0.0,,,,,False,0.4230754651270337,0.3316604639936668,0.0,0.371078353252009,-4.234705464480868,2.86272960142668,0.0723725613593455
2012-11-16,expansion,0.5,,,,1.0,0.0,1.0,0.0,,,,,,,,False,0.3807427777694672,0.2253179405130449,0.0,0.3259640616738476,-4.089157090909097,2.8787361275186303,0.05580215599239061
2012-11-23,expansion,0.5,,,,1.0,0.0,1.0,0.0,,,,,,,,False,0.3793714622473979,0.3015662734583544,0.0,0.2779975700936296,-4.089157090909097,2.8787361275186303,0.006414368184733804
2012-11-30,expansion,0.5,,,,1.0,0.0,1.0,0.0,,,,,,,,False,0.4228118801136806,0.4214385732730369,0.0,0.3066978316321903,-4.089157090909097,2.8787361275186303,0.0
2012-12-07,expansion,0.5,,,,1.0,0.0,1.0,0.0,,,,,,,,False,0.4168968386439548,0.3336204528220998,0.0,0.3110493407457643,-4.089157090909097,2.8787361275186303,0.0
2012-12-14,expansion,0.25,,,,1.0,0.0,0.0,0.0,,,,,,,,False,0.4794177391333581,0.5548316834355858,0.0,0.2953935043445563,-3.9247212341197724,2.7787361275186306,0.0
2012-12-21,expansion,0.25,,,,1.0,0.0,0.0,0.0,,,,,,,,False,0.5420413779679907,0.7714267142632858,0.0,0.3143898959564252,-3.9247212341197724,2.7787361275186306,0.06563467492260062
2012-12-28,expansion,0.25,,,,1.0,0.0,0.0,0.0,,,,,,,,False,0.5601421222185096,0.8009130447879071,0.0,0.3363504376173508,-3.9247212341197724,2.7787361275186306,0.09659442724458205
2013-01-04,expansion,0.25,,,,1.0,0.0,0.0,0.0,,,,,,,,False,0.6736860832218022,1.1234622306015647,0.0,0.3524127019821601,-3.9247212341197724,2.7787361275186306,0.11269349845201239
2013-01-11,expansion,0.25,,,,1.0,0.0,0.0,0.0,,,,,,,,False,0.6649384360460088,1.207881940659069,0.0,0.3570488935603451,-3.9247212341197724,2.7787361275186306,0.12074303405572756
2013-01-18,expansion,0.25,,,,1.0,0.0,0.0,0.0,,,,,,,,False,0.6772060697400752,1.2612964200207553,0.0,0.3505809287372429,-3.854226268115937,2.978736127518631,0.1065015479876161
2013-01-25,expansion,0.25,,,,1.0,0.0,0.0,0.0,,,,,,,,False,0.6898548645074923,1.3470874330868408,0.0,0.3441528719891997,-3.854226268115937,2.978736127518631,0.11393188854489164
2013-02-01,expansion,0.5,,,,1.0,1.0,0.0,0.0,,,,,,,,False,0.4034210799985091,-0.1370747517475608,1.0,0.4034756827185022,-3.854226268115937,2.978736127518631,0.1281733746130031
2013-02-08,expansion,0.5,,,,1.0,1.0,0.0,0.0,,,,,,,,False,0.4097849123767741,-0.3154631016711972,1.0,0.3949744403630011,-3.854226268115937,2.978736127518631,0.1256965944272446
2013-02-15,slowdown,1.0,,,,,,,,1.0,1.0,1.0,,,,,True,0.4096652950510385,-0.5428832441844857,1.0,0.3932218581045086,-3.940387884267622,3.09569988838731,0.12693498452012383
2013-02-22,slowdown,1.0,,,,,,,,1.0,1.0,1.0,,,,,True,0.4145696914012431,-0.5639055761375662,1.0,0.3660624448688644,-3.940387884267622,3.09569988838731,0.12507739938080495
2013-03-01,slowdown,1.0,,,,,,,,1.0,1.0,1.0,,,,,True,0.4208572374166746,-0.5346283142107954,1.0,0.3783537876909024,-3.940387884267622,3.09569988838731,0.1108359133126935
2013-03-08,slowdown,1.0,,,,,,,,1.0,1.0,1.0,,,,,True,0.4344925498975619,-0.4853801701493876,1.0,0.3942460076564448,-3.940387884267622,3.09569988838731,0.1256965944272446
2013-03-15,slowdown,1.0,,,,,,,,1.0,1.0,1.0,,,,,True,0.4380090382558722,-0.5012706025661551,1.0,0.3980637579487946,-3.6810314079422426,2.7956998883873103,0.1386996904024768
2013-03-22,slowdown,1.0,,,,,,,,1.0,1.0,1.0,,,,,True,0.4460178689280315,-0.5156534697289026,1.0,0.4131330468951829,-3.6810314079422426,2.7956998883873103,0.1411764705882353
2013-03-29,slowdown,0.0,,,,,,,,0.0,0.0,0.0,,,,,False,0.445516949975477,0.1997852728870157,0.0,0.4088214706821835,-3.6810314079422426,2.7956998883873103,0.15294117647058825
2013-04-05,slowdown,0.0,,,,,,,,0.0,0.0,0.0,,,,,False,0.423026231289915,0.1367324010280577,0.0,0.3829766327258325,-3.6810314079422426,2.7956998883873103,0.14303405572755418
2013-04-12,slowdown,0.0,,,,,,,,0.0,0.0,0.0,,,,,False,0.4100791325735473,0.032480009609531,0.0,0.3631775811667367,-3.464178378378378,2.59569988838731,0.12136222910216718
2013-04-19,slowdown,0.6666666666666666,,,,,,,,1.0,1.0,0.0,,,,,True,0.3650560258997063,-0.2294661227848539,1.0,0.3723661706261439,-3.464178378378378,2.59569988838731,0.11145510835913312
2013-04-26,slowdown,0.6666666666666666,,,,,,,,1.0,1.0,0.0,,,,,True,0.3719880537069077,-0.2598508695144582,1.0,0.380357606230958,-3.464178378378378,2.59569988838731,0.10340557275541795
2013-05-03,slowdown,0.6666666666666666,,,,,,,,1.0,1.0,0.0,,,,,True,0.4169275004291622,-0.0572548839849056,1.0,0.4272778558947722,-3.464178378378378,2.59569988838731,0.11269349845201239
2013-05-10,slowdown,0.3333333333333333,,,,,,,,1.0,0.0,0.0,,,,,False,0.4336511269330887,0.0122257895568304,1.0,0.4397034486005348,-3.464178378378378,2.59569988838731,0.13993808049535603
2013-05-17,slowdown,1.0,,,,,,,,1.0,1.0,1.0,,,,,True,0.4272807513318714,-0.0564573669241749,2.0,0.4391279269835219,-3.6158633093525197,2.71354175407503,0.15479876160990713
2013-05-24,slowdown,1.0,,,,,,,,1.0,1.0,1.0,,,,,True,0.4275843391509887,-0.0201564635366109,2.0,0.437812546918014,-3.6158633093525197,2.71354175407503,0.1523219814241486
2013-05-31,slowdown,0.3333333333333333,,,,,,,,0.0,0.0,1.0,,,,,False,0.4282561776843049,0.0212603370789299,2.0,0.4329388523308737,-3.6158633093525197,2.71354175407503,0.1523219814241486
2013-06-07,slowdown,0.3333333333333333,,,,,,,,0.0,0.0,1.0,,,,,False,0.4212534990073325,0.0443165787049133,2.0,0.4241389085917856,-3.6158633093525197,2.71354175407503,0.1386996904024768
2013-06-14,slowdown,0.3333333333333333,,,,,,,,0.0,0.0,1.0,,,,,False,0.4350350554760348,0.1161987388886215,2.0,0.4389919383857777,-3.633927468581689,2.6135417540750305,0.13188854489164087
2013-06-21,slowdown,0.0,,,,,,,,0.0,0.0,0.0,,,,,False,0.4395943637714822,0.2987053459761107,0.0,0.4151664668240651,-3.633927468581689,2.6135417540750305,0.14613003095975233
2013-06-28,expansion,0.5,,,,1.0,0.0,1.0,0.0,,,,,,,,False,0.4427926936230464,0.232707759540202,0.0,0.4190670263589767,-3.633927468581689,2.6135417540750305,0.13993808049535603
2013-07-05,expansion,0.5,,,,1.0,0.0,1.0,0.0,,,,,,,,False,0.4399585710065299,0.0566902130252356,0.0,0.4178695366104281,-3.633927468581689,2.6135417540750305,0.1436532507739938
2013-07-12,expansion,0.5,,,,1.0,0.0,1.0,0.0,,,,,,,,False,0.42584887677915,-0.0281712909190727,0.0,0.4063436577545952,-3.633927468581689,2.6135417540750305,0.14736842105263157
2013-07-19,expansion,0.75,,,,1.0,1.0,1.0,0.0,,,,,,,,True,0.3998289302543254,-0.152767326513342,1.0,0.4235539847887323,-3.54636057347669,2.6135417540750305,0.1386996904024768
2013-07-26,expansion,0.75,,,,1.0,1.0,1.0,0.0,,,,,,,,True,0.3920668344518929,-0.1296710808945766,1.0,0.412179935233288,-3.54636057347669,2.6135417540750305,0.14427244582043344
2013-08-02,expansion,0.5,,,,1.0,1.0,0.0,0.0,,,,,,,,False,0.3791575736962368,-0.2512325881356297,2.0,0.4010292353485745,-3.54636057347669,2.6135417540750305,0.1393188854489164
2013-08-09,slowdown,0.6666666666666666,,,,,,,,1.0,1.0,0.0,,,,,True,0.3887012995490673,-0.2426007591328578,2.0,0.4028008025722904,-3.54636057347669,2.6135417540750305,0.14303405572755418
2013-08-16,slowdown,1.0,,,,,,,,1.0,1.0,1.0,,,,,True,0.4019205908392201,-0.2325228012003672,2.0,0.4261406863492418,-3.8505599284436585,2.4321710097311,0.15046439628482972
2013-08-23,slowdown,1.0,,,,,,,,1.0,1.0,1.0,,,,,True,0.4133440526400916,-0.1731622429240225,2.0,0.4312834815199329,-3.8505599284436585,2.4321710097311,0.1609907120743034
2013-08-30,slowdown,1.0,,,,,,,,1.0,1.0,1.0,,,,,True,0.4123319110858595,-0.1453229871195896,1.0,0.4286447818302425,-3.8505599284436585,2.4321710097311,0.17027863777089783
2013-09-06,slowdown,1.0,,,,,,,,1.0,1.0,1.0,,,,,True,0.4222112614490861,-0.0790699228110751,1.0,0.4402698382536404,-3.8505599284436585,2.4321710097311,0.16904024767801856
2013-09-13,slowdown,0.0,,,,,,,,0.0,0.0,0.0,,,,,False,0.4423701292467429,0.0200437738113066,1.0,0.4613775869861039,-3.467956071428574,2.3321710097311,0.17770897832817337
2013-09-20,slowdown,0.0,,,,,,,,0.0,0.0,0.0,,,,,False,0.4726336377746651,0.3174238860687932,0.0,0.4654782949279115,-3.467956071428574,2.3321710097311,0.19442724458204336
2013-09-27,slowdown,0.0,,,,,,,,0.0,0.0,0.0,,,,,False,0.4890750723662572,0.3628757297303079,0.0,0.4801895181794181,-3.467956071428574,2.3321710097311,0.20495356037151702
2013-10-04,expansion,0.5,,,,1.0,0.0,1.0,0.0,,,,,,,,False,0.507088067415786,0.5107333369523956,0.0,0.4961321094382254,-3.467956071428574,2.3321710097311,0.21857585139318886
2013-10-11,expansion,0.5,,,,1.0,0.0,1.0,0.0,,,,,,,,False,0.4580742679029715,0.2688931395014095,0.0,0.4388324674951676,-3.467956071428574,2.3321710097311,0.22229102167182663
2013-10-18,expansion,0.5,,,,1.0,0.0,1.0,0.0,,,,,,,,False,0.4168848409510657,0.0570926411528349,0.0,0.3978001291206838,-3.1349579322638164,2.3321710097311,0.1801857585139319
2013-10-25,expansion,0.5,,,,1.0,0.0,1.0,0.0,,,,,,,,False,0.3888595252430368,-0.0135677539074039,0.0,0.3572729095583883,-3.1349579322638164,2.3321710097311,0.1523219814241486
2013-11-01,expansion,0.75,,,,1.0,1.0,1.0,0.0,,,,,,,,True,0.3481365407699974,-0.2322239191279968,0.0,0.3108650329872734,-3.1349579322638164,2.3321710097311,0.12941176470588237
2013-11-08,expansion,0.75,,,,1.0,1.0,1.0,0.0,,,,,,,,True,0.3681562798527323,-0.1993938317341712,0.0,0.3287911074824828,-3.1349579322638164,2.3321710097311,0.11207430340557276
2013-11-15,expansion,0.5,,,,1.0,1.0,0.0,0.0,,,,,,,,False,0.3928125008511271,-0.1770132029301905,0.0,0.3491081273665788,-3.253558362989324,2.3514864851267516,0.1281733746130031
2013-11-22,slowdown,0.6666666666666666,,,,,,,,1.0,1.0,0.0,,,,,True,0.4036847980130705,-0.2665936976375344,0.0,0.3616548065356013,-3.253558362989324,2.3514864851267516,0.14551083591331268
2013-11-29,slowdown,0.6666666666666666,,,,,,,,1.0,1.0,0.0,,,,,True,0.4373138647451879,-0.2282212027552147,0.0,0.3988958824784871,-3.253558362989324,2.3514864851267516,0.15789473684210525
2013-12-06,slowdown,0.0,,,,,,,,0.0,0.0,0.0,,,,,False,0.4599266367310848,0.0106219904477487,0.0,0.4252455278594909,-3.253558362989324,2.3514864851267516,0.17708978328173375
2013-12-13,slowdown,0.0,,,,,,,,0.0,0.0,0.0,,,,,False,0.4454093423253347,0.0054491740295558,0.0,0.4203097380949385,-3.1293900532859737,2.051486485126752,0.13916500994035785
2013-12-20,slowdown,0.0,,,,,,,,0.0,0.0,0.0,,,,,False,0.444239963260515,0.1612063012118559,0.0,0.3769076030244508,-3.1293900532859737,2.051486485126752,0.10006854009595613
2013-12-27,slowdown,0.0,,,,,,,,0.0,0.0,0.0,,,,,False,0.4261842358993006,0.1623694636610658,0.0,0.353737811324762,-3.1293900532859737,2.051486485126752,0.07044198895027624
2014-01-03,expansion,0.25,,,,1.0,0.0,0.0,0.0,,,,,,,,False,0.4171461917446705,0.22083818624758,0.0,0.3367222774970754,-3.1293900532859737,2.051486485126752,0.058011049723756904
2014-01-10,expansion,0.25,,,,1.0,0.0,0.0,0.0,,,,,,,,False,0.4354185521301295,0.1736831802300244,0.0,0.3604670390993964,-3.1293900532859737,2.051486485126752,0.04419889502762431
2014-01-17,expansion,0.25,,,,1.0,0.0,0.0,0.0,,,,,,,,False,0.405609488251394,-0.0897896518226232,1.0,0.442629631559194,-3.0301079787234215,1.8514864851267516,0.06629834254143646
2014-01-24,expansion,0.25,,,,1.0,0.0,0.0,0.0,,,,,,,,False,0.4068581652303066,-0.1570455609025642,1.0,0.444190328290931,-3.0301079787234215,1.8514864851267516,0.09806629834254144
2014-01-31,expansion,0.5,,,,1.0,1.0,0.0,0.0,,,,,,,,False,0.4214949786146558,-0.2040247418406197,1.0,0.4509092830451689,-3.0301079787234215,1.8514864851267516,0.10290055248618785
2014-02-07,expansion,0.5,,,,1.0,1.0,0.0,0.0,,,,,,,,False,0.4108544218510868,-0.211319214675924,1.0,0.4360142957848607,-3.0301079787234215,1.8514864851267516,0.09737569060773481
2014-02-14,slowdown,1.0,,,,,,,,1.0,1.0,1.0,,,,,True,0.3979996441105283,-0.1233086824354417,1.0,0.4204039912048574,-3.3628454867256465,1.7713778700934713,0.09116022099447514
2014-02-21,slowdown,1.0,,,,,,,,1.0,1.0,1.0,,,,,True,0.4154741063720485,-0.0326210056357694,1.0,0.395654253838422,-3.3628454867256465,1.7713778700934713,0.07803867403314917
2014-02-28,slowdown,0.6666666666666666,,,,,,,,1.0,0.0,1.0,,,,,True,0.4117943940967496,0.0068439876871587,1.0,0.3900206623413865,-3.3628454867256465,1.7713778700934713,0.07458563535911603
2014-03-07,slowdown,0.3333333333333333,,,,,,,,0.0,0.0,1.0,,,,,False,0.4427643879927938,0.0487500383326144,1.0,0.3779555334652113,-3.3628454867256465,1.7713778700934713,0.0738950276243094
2014-03-14,slowdown,0.0,,,,,,,,0.0,0.0,0.0,,,,,False,0.4584538885454122,0.0428759791755775,1.0,0.3884794935568811,-3.3628454867256465,1.7713778700934713,0.08218232044198895
2014-03-21,expansion,0.5,,,,1.0,0.0,1.0,0.0,,,,,,,,False,0.5208762947228572,0.6430019915202448,0.0,0.3552530920469312,-2.8371240282685477,1.8713778700934718,0.0925414364640884
2014-03-28,expansion,0.5,,,,1.0,0.0,1.0,0.0,,,,,,,,False,0.5420649931577308,0.7378718460994584,0.0,0.3801258390474676,-2.8371240282685477,1.8713778700934718,0.10013812154696132
2014-04-04,expansion,0.5,,,,1.0,0.0,1.0,0.0,,,,,,,,False,0.5524005591846393,0.7186891514277295,0.0,0.3571251459770168,-2.8371240282685477,1.8713778700934718,0.11947513812154696
2014-04-11,expansion,0.5,,,,1.0,0.0,1.0,0.0,,,,,,,,False,0.5668317887366701,0.8672930936909855,0.0,0.3615613245295486,-2.8371240282685477,1.8713778700934718,0.11187845303867404
2014-04-18,expansion,0.5,,,,1.0,0.0,1.0,0.0,,,,,,,,False,0.5956365491538245,0.8458438773342639,0.0,0.3619287236938011,-2.145233862433855,1.8713778700934718,0.11947513812154696
2014-04-25,expansion,0.5,,,,1.0,0.0,1.0,0.0,,,,,,,,False,0.5881692017311704,0.8330159753889486,0.0,0.3537433103228068,-2.145233862433855,1.8713778700934718,0.1199442119944212
2014-05-02,expansion,0.5,,,,1.0,0.0,1.0,0.0,,,,,,,,False,0.5820530768861752,0.677742532675572,0.0,0.3388529451313102,-2.145233862433855,1.8713778700934718,0.1101813110181311
2014-05-09,expansion,0.5,,,,1.0,0.0,1.0,0.0,,,,,,,,False,0.5735552153644836,0.5696970165903996,0.0,0.3255695243587787,-2.145233862433855,1.8713778700934718,0.099721059972106
2014-05-16,expansion,0.5,,,,1.0,1.0,0.0,0.0,,,,,,,,False,0.5734895964977325,0.4337111299060708,0.0,0.329522027487887,-2.1337705985915534,1.3917271941382605,0.0899581589958159
2014-05-23,expansion,0.5,,,,1.0,1.0,0.0,0.0,,,,,,,,False,0.573015251238631,0.1872530726139292,0.0,0.328114056216688,-2.1337705985915534,1.3917271941382605,0.09344490934449093
2014-05-30,expansion,0.5,,,,1.0,1.0,0.0,0.0,,,,,,,,False,0.6040904829818323,0.2316476363823024,0.0,0.3620179424982979,-2.1337705985915534,1.3917271941382605,0.09553695955369595
2014-06-06,expansion,0.5,,,,1.0,1.0,0.0,0.0,,,,,,,,False,0.6142358956541848,0.2367241897159912,0.0,0.3718446241271227,-2.1337705985915534,1.3917271941382605,0.12343096234309624
2014-06-13,expansion,0.5,,,,1.0,1.0,0.0,0.0,,,,,,,,False,0.6126493777746846,0.1773202405252292,0.0,0.3579489522479694,-1.9010237258348042,1.4917271941382602,0.13249651324965134
2014-06-20,expansion,0.5,,,,1.0,1.0,0.0,0.0,,,,,,,,False,0.6243294952025147,0.1864512649770877,0.0,0.3657624313773846,-1.9010237258348042,1.4917271941382602,0.12273361227336123
2014-06-27,expansion,0.5,,,,1.0,1.0,0.0,0.0,,,,,,,,False,0.6183653439422093,0.201543847200682,0.0,0.3590375174129516,-1.9010237258348042,1.4917271941382602,0.1297071129707113
2014-07-04,expansion,0.5,,,,1.0,1.0,0.0,0.0,,,,,,,,False,0.6319963100294519,0.2735428091682462,0.0,0.3564490233649014,-1.9010237258348042,1.4917271941382602,0.12273361227336123
2014-07-11,expansion,0.5,,,,1.0,1.0,0.0,0.0,,,,,,,,False,0.6446007028492365,0.2984202392705562,0.0,0.3658699371858277,-1.9010237258348042,1.4917271941382602,0.12552301255230125
2014-07-18,expansion,0.25,,,,1.0,0.0,0.0,0.0,,,,,,,,False,0.6417536469427038,0.2710431848337544,0.0,0.3739598054325374,-1.7027312280701778,1.29172719413826,0.13598326359832635
2014-07-25,expansion,0.5,,,,1.0,1.0,0.0,0.0,,,,,,,,False,0.6579137911924187,0.2206179807844255,0.0,0.3875314764749502,-1.7027312280701778,1.29172719413826,0.1401673640167364
2014-08-01,expansion,0.5,,,,1.0,1.0,0.0,0.0,,,,,,,,False,0.66487609091549,0.21076588489005,0.0,0.3867256174682066,-1.7027312280701778,1.29172719413826,0.15481171548117154
2014-08-08,expansion,0.5,,,,1.0,1.0,0.0,0.0,,,,,,,,False,0.669706668770794,0.1716634789605403,0.0,0.3905359267658417,-1.7027312280701778,1.29172719413826,0.15829846582984658
2014-08-15,expansion,0.5,,,,1.0,1.0,0.0,0.0,,,,,,,,False,0.6729108801094283,0.1652039567721094,0.0,0.3827646919655558,-1.6018210157618284,1.4124104452052197,0.16317991631799164
2014-08-22,expansion,0.5,,,,1.0,1.0,0.0,0.0,,,,,,,,False,0.660196679606356,0.0775902872180568,1.0,0.37677473960162,-1.6018210157618284,1.4124104452052197,0.16248256624825663
2014-08-29,expansion,0.5,,,,1.0,1.0,0.0,0.0,,,,,,,,False,0.6803039754269532,0.09935110132338,1.0,0.3655416249608239,-1.6018210157618284,1.4124104452052197,0.15620641562064155
2014-09-05,expansion,0.5,,,,1.0,1.0,0.0,0.0,,,,,,,,False,0.6743762241116471,0.0421308748232071,1.0,0.3589074911185649,-1.6018210157618284,1.4124104452052197,0.15829846582984658
2014-09-12,expansion,0.5,,,,1.0,1.0,0.0,0.0,,,,,,,,False,0.6793573538988207,0.0658558632593042,1.0,0.3570938429491909,-1.8250248251748218,1.3124104452052192,0.15271966527196654
2014-09-19,expansion,0.5,,,,1.0,1.0,0.0,0.0,,,,,,,,False,0.6795477037814542,0.056367946756945,1.0,0.3721647097471068,-1.8250248251748218,1.3124104452052192,0.15411436541143655
2014-09-26,expansion,0.5,,,,1.0,1.0,0.0,0.0,,,,,,,,False,0.6825513143783071,0.0598010647633217,1.0,0.3749275389896222,-1.8250248251748218,1.3124104452052192,0.16457461645746166
2014-10-03,expansion,0.5,,,,1.0,1.0,0.0,0.0,,,,,,,,False,0.6985786199632962,0.0901266558101589,1.0,0.3771654941165827,-1.8250248251748218,1.3124104452052192,0.16806136680613668
2014-10-10,expansion,0.5,,,,1.0,1.0,0.0,0.0,,,,,,,,False,0.7090332128572274,0.1514632804185767,1.0,0.3852964570714758,-1.8250248251748218,1.3124104452052192,0.17712691771269176
2014-10-17,expansion,0.5,,,,1.0,0.0,1.0,0.0,,,,,,,,False,0.7018133454108424,0.1529009977402111,0.0,0.3915352795209209,-1.6672101221640503,1.11241044520522,0.18688981868898186
2014-10-24,expansion,0.5,,,,1.0,0.0,1.0,0.0,,,,,,,,False,0.7050871142706343,0.1626072318735086,0.0,0.3940527837018377,-1.6672101221640503,1.11241044520522,0.19177126917712692
2014-10-31,expansion,0.5,,,,1.0,0.0,1.0,0.0,,,,,,,,False,0.7213193607579466,0.1708719762848049,0.0,0.3803742055227732,-1.6672101221640503,1.11241044520522,0.19525801952580196
2014-11-07,expansion,0.5,,,,1.0,0.0,1.0,0.0,,,,,,,,False,0.7290811521783168,0.1918428424779907,0.0,0.3869704142163364,-1.6672101221640503,1.11241044520522,0.1796875
2014-11-14,expansion,0.5,,,,1.0,0.0,1.0,0.0,,,,,,,,False,0.7220174404797483,0.11485270671462,0.0,0.3762870617292129,-1.7197088850174254,0.9332992997598604,0.17485549132947978
2014-11-21,expansion,0.5,,,,1.0,0.0,1.0,0.0,,,,,,,,False,0.7378222146542228,0.2465100489352455,0.0,0.3634492100042067,-1.7197088850174254,0.9332992997598604,0.1676300578034682
2014-11-28,expansion,0.5,,,,1.0,0.0,1.0,0.0,,,,,,,,False,0.7327025225413448,0.1986622696793539,0.0,0.359001369361207,-1.7197088850174254,0.9332992997598604,0.16546242774566475
2014-12-05,expansion,0.5,,,,1.0,0.0,1.0,0.0,,,,,,,,False,0.7460956762511941,0.1881272390289127,0.0,0.3401193147647577,-1.7197088850174254,0.9332992997598604,0.15679190751445088
2014-12-12,expansion,0.25,,,,1.0,0.0,0.0,0.0,,,,,,,,False,0.7419737523458512,0.1806100329100662,0.0,0.3334889486792581,-1.7197088850174254,0.9332992997598604,0.14884393063583815
2014-12-19,expansion,0.5,,,,1.0,1.0,0.0,0.0,,,,,,,,False,0.723054321861278,0.1190334759592203,0.0,0.3462811412080971,-1.287565739130443,1.03329929975986,0.14884393063583815
2014-12-26,expansion,0.25,,,,1.0,0.0,0.0,0.0,,,,,,,,False,0.7394693595610353,0.1805521193369482,0.0,0.360503789783001,-1.287565739130443,1.03329929975986,0.15390173410404626
2015-01-02,expansion,0.5,,,,1.0,1.0,0.0,0.0,,,,,,,,False,0.7677205241197532,0.1858981188267587,0.0,0.3535351276983238,-1.287565739130443,1.03329929975986,0.17341040462427745
2015-01-09,expansion,0.25,,,,1.0,0.0,0.0,0.0,,,,,,,,False,0.766482938644387,0.1606446746157461,0.0,0.3541703484303075,-1.287565739130443,1.03329929975986,0.15828402366863906
2015-01-16,expansion,0.5,,,,1.0,1.0,0.0,0.0,,,,,,,,False,0.7576925819347463,0.134849014240393,0.0,0.3378664245268305,-1.3395361111111157,0.8332992997598598,0.14914243102162567
2015-01-23,expansion,0.5,,,,1.0,1.0,0.0,0.0,,,,,,,,False,0.6977524261366524,-0.2738157006596203,1.0,0.3356529959170589,-1.3395361111111157,0.8332992997598598,0.13571961222967935
2015-01-30,expansion,0.5,,,,1.0,1.0,0.0,0.0,,,,,,,,False,0.7451028506391257,-0.1420152966994079,1.0,0.3338735332744226,-1.3395361111111157,0.8332992997598598,0.11931394481730052
2015-02-06,expansion,0.5,,,,1.0,1.0,0.0,0.0,,,,,,,,False,0.7552012545958003,-0.0806635636922032,1.0,0.3455870856602724,-1.3395361111111157,0.8332992997598598,0.1372110365398956
2015-02-13,slowdown,0.6666666666666666,,,,,,,,0.0,1.0,1.0,,,,,True,0.7630141655769412,-0.0766547378832956,1.0,0.35072520218596,-1.9976679376083268,0.95426293412714,0.14690529455630127
2015-02-20,slowdown,1.0,,,,,,,,1.0,1.0,1.0,,,,,True,0.7277724808216555,-0.2492094272491635,1.0,0.3821835128526325,-1.9976679376083268,0.95426293412714,0.15137956748695003
2015-02-27,slowdown,1.0,,,,,,,,1.0,1.0,1.0,,,,,True,0.6920564520805846,-0.3804507919334861,1.0,0.3501949645497807,-1.9976679376083268,0.95426293412714,0.1610738255033557
2015-03-06,slowdown,1.0,,,,,,,,1.0,1.0,1.0,,,,,True,0.6635404755781309,-0.5611765089483142,1.0,0.3207714869777962,-1.9976679376083268,0.95426293412714,0.12039127163280662
2015-03-13,slowdown,1.0,,,,,,,,1.0,1.0,1.0,,,,,True,0.654267553604488,-0.575437625617943,1.0,0.3211421416458936,-1.9976679376083268,0.95426293412714,0.08295281582952815
2015-03-20,slowdown,0.6666666666666666,,,,,,,,1.0,1.0,0.0,,,,,True,0.6433195999384643,-0.3619186430998,1.0,0.3181150732764506,-2.518602941176468,0.7542629341271399,0.08045977011494253
2015-03-27,slowdown,0.6666666666666666,,,,,,,,1.0,1.0,0.0,,,,,True,0.6574414335580686,-0.3759974324852398,1.0,0.332706906048836,-2.518602941176468,0.7542629341271399,0.07662835249042145
2015-04-03,slowdown,1.0,,,,,,,,1.0,1.0,1.0,,,,,True,0.6562093240245028,-0.6225905833975002,2.0,0.3941265995756125,-2.518602941176468,0.7542629341271399,0.09272030651340996
2015-04-10,slowdown,1.0,,,,,,,,1.0,1.0,1.0,,,,,True,0.6717779625716969,-0.5997485263436094,2.0,0.4048086924516861,-2.518602941176468,0.7542629341271399,0.12950191570881225
2015-04-17,slowdown,1.0,,,,,,,,1.0,1.0,1.0,,,,,True,0.6495995342884717,-0.5080431247993593,2.0,0.4067196735481654,-2.788378756476689,0.6542629341271402,0.13793103448275862
2015-04-24,slowdown,1.0,,,,,,,,1.0,1.0,1.0,,,,,True,0.6402461123106533,-0.4116000426539056,2.0,0.3987817783329793,-2.788378756476689,0.6542629341271402,0.1318007662835249
2015-05-01,slowdown,1.0,,,,,,,,1.0,1.0,1.0,,,,,True,0.6379567601160412,-0.3208102322314125,2.0,0.3985836762072913,-2.788378756476689,0.6542629341271402,0.12337164750957855
2015-05-08,slowdown,1.0,,,,,,,,1.0,1.0,1.0,,,,,True,0.6539579376960182,-0.1352509897727887,2.0,0.4052240775035542,-2.788378756476689,0.6542629341271402,0.12337164750957855
2015-05-15,slowdown,0.6666666666666666,,,,,,,,0.0,1.0,1.0,,,,,True,0.673934090568828,-0.0499875219867929,2.0,0.4224612011720394,-3.2145268965517317,0.67516988536432,0.13153846153846155
2015-05-22,slowdown,0.6666666666666666,,,,,,,,0.0,1.0,1.0,,,,,True,0.6893080844675961,-0.0176611669905894,2.0,0.4172825687050924,-3.2145268965517317,0.67516988536432,0.15034695451040864
2015-05-29,slowdown,0.3333333333333333,,,,,,,,0.0,1.0,0.0,,,,,False,0.671682800046063,-0.0233673145420543,1.0,0.4107805852589545,-3.2145268965517317,0.67516988536432,0.13910969793322733
2015-06-05,slowdown,0.6666666666666666,,,,,,,,1.0,1.0,0.0,,,,,True,0.6621619895726996,-0.0858210807412102,1.0,0.4030677123436021,-3.2145268965517317,0.67516988536432,0.12957074721780604
2015-06-12,slowdown,0.6666666666666666,,,,,,,,1.0,1.0,0.0,,,,,True,0.6468348825346056,-0.1746137915078577,1.0,0.3944819179051526,-3.547909810671257,0.8751698853643193,0.1232114467408585
2015-06-19,slowdown,0.6666666666666666,,,,,,,,1.0,1.0,0.0,,,,,True,0.6023375055779937,-0.2464238686943048,2.0,0.4103484520106422,-3.547909810671257,0.8751698853643193,0.11764705882352941
2015-06-26,slowdown,0.6666666666666666,,,,,,,,1.0,1.0,0.0,,,,,True,0.6048967568453054,-0.2333984184105215,2.0,0.4125554168648085,-3.547909810671257,0.8751698853643193,0.1232114467408585
2015-07-03,slowdown,1.0,,,,,,,,1.0,1.0,1.0,,,,,True,0.584448221943116,-0.3387896020560926,3.0,0.4153933177542027,-3.547909810671257,0.8751698853643193,0.12679425837320574
2015-07-10,slowdown,1.0,,,,,,,,1.0,1.0,1.0,,,,,True,0.5690942754086353,-0.4890875890550242,3.0,0.3982057689697325,-3.547909810671257,0.8751698853643193,0.1162227602905569
2015-07-17,slowdown,0.6666666666666666,,,,,,,,1.0,1.0,0.0,,,,,True,0.5932930794387667,-0.3347537957417971,2.0,0.3926869671090568,-3.7732154639175235,0.5751698853643195,0.10056772100567721
2015-07-24,slowdown,1.0,,,,,,,,1.0,1.0,1.0,,,,,True,0.6012965325797246,-0.2744622540356774,2.0,0.4010227868335286,-3.7732154639175235,0.5751698853643195,0.07407407407407407
2015-07-31,slowdown,1.0,,,,,,,,1.0,1.0,1.0,,,,,True,0.5972468890697132,-0.2444493191922197,2.0,0.4076899821664694,-3.7732154639175235,0.5751698853643195,0.08065843621399177
2015-08-07,slowdown,1.0,,,,,,,,1.0,1.0,1.0,,,,,True,0.61863265846264,-0.1461843089654191,2.0,0.4273725631370467,-3.7732154639175235,0.5751698853643195,0.08559670781893004
2015-08-14,slowdown,0.3333333333333333,,,,,,,,0.0,1.0,0.0,,,,,False,0.6189395159861828,-0.1610434806280727,2.0,0.4348034919643914,-3.252626758147514,0.495889928927431,0.1037037037037037
2015-08-21,slowdown,0.6666666666666666,,,,,,,,1.0,1.0,0.0,,,,,True,0.590140254145721,-0.0387241428153463,1.0,0.4146429175624231,-3.252626758147514,0.495889928927431,0.11275720164609053
2015-08-28,slowdown,0.6666666666666666,,,,,,,,1.0,1.0,0.0,,,,,True,0.5836098264592309,-0.0388083031006195,1.0,0.4085274770701749,-3.252626758147514,0.495889928927431,0.10123456790123457
2015-09-04,slowdown,0.3333333333333333,,,,,,,,1.0,0.0,0.0,,,,,False,0.5690477176833658,0.0229009506994365,0.0,0.4008179031034146,-3.252626758147514,0.495889928927431,0.097119341563786
2015-09-11,slowdown,0.6666666666666666,,,,,,,,1.0,1.0,0.0,,,,,True,0.5649685520532524,-0.0170463997440024,1.0,0.402658140956576,-3.252626758147514,0.495889928927431,0.08821104699093157
2015-09-18,slowdown,0.6666666666666666,,,,,,,,1.0,1.0,0.0,,,,,True,0.5558001761517865,-0.3494408659919219,2.0,0.4139986104635395,-3.367750171232885,0.39588992892743047,0.08298755186721991
2015-09-25,slowdown,0.6666666666666666,,,,,,,,1.0,1.0,0.0,,,,,True,0.5562716983200267,-0.3501401267197774,2.0,0.4144436726687464,-3.367750171232885,0.39588992892743047,0.0954356846473029
2015-10-02,slowdown,0.6666666666666666,,,,,,,,1.0,1.0,0.0,,,,,True,0.5598749492594391,-0.3730954659667478,2.0,0.417957765639971,-3.367750171232885,0.39588992892743047,0.0995850622406639
2015-10-09,slowdown,0.6666666666666666,,,,,,,,1.0,1.0,0.0,,,,,True,0.5671688022456779,-0.2708959983454193,1.0,0.4192260262069098,-3.367750171232885,0.39588992892743047,0.1053941908713693
2015-10-16,slowdown,0.6666666666666666,,,,,,,,1.0,1.0,0.0,,,,,True,0.5816166416780757,-0.1296184098934517,1.0,0.4077278483964251,-3.5540644444444354,0.2958899289274308,0.11037344398340249
2015-10-23,slowdown,0.6666666666666666,,,,,,,,1.0,1.0,0.0,,,,,True,0.5547967170713966,-0.2306125813373919,1.0,0.4075115674180548,-3.5540644444444354,0.2958899289274308,0.10954356846473029
2015-10-30,slowdown,1.0,,,,,,,,1.0,1.0,1.0,,,,,True,0.5628166644544224,-0.1645259102103352,1.0,0.4154969200345805,-3.5540644444444354,0.2958899289274308,0.11369294605809128
2015-11-06,slowdown,0.6666666666666666,,,,,,,,1.0,1.0,0.0,,,,,True,0.5543624453185375,-0.1842325948500356,1.0,0.4079941830925194,-3.5540644444444354,0.2958899289274308,0.12033195020746888
2015-11-13,slowdown,0.6666666666666666,,,,,,,,1.0,1.0,0.0,,,,,True,0.5394443188949192,-0.2105922662302425,1.0,0.3946706237610784,-3.898300682593856,0.3162959400171905,0.11369294605809128
2015-11-20,slowdown,0.6666666666666666,,,,,,,,1.0,1.0,0.0,,,,,True,0.4929009532711527,-0.3251697122423408,1.0,0.3712548443722102,-3.898300682593856,0.3162959400171905,0.1045643153526971
2015-11-27,slowdown,0.6666666666666666,,,,,,,,1.0,1.0,0.0,,,,,True,0.4927229090095325,-0.336083721607291,1.0,0.3710836627185226,-3.898300682593856,0.3162959400171905,0.0979253112033195
2015-12-04,slowdown,1.0,,,,,,,,1.0,1.0,1.0,,,,,True,0.4826152943019625,-0.3997812057411228,2.0,0.3909181316496364,-3.898300682593856,0.3162959400171905,0.1004149377593361
2015-12-11,slowdown,1.0,,,,,,,,1.0,1.0,1.0,,,,,True,0.4728279906548941,-0.4537062695918828,2.0,0.3772017833593581,-3.898300682593856,0.3162959400171905,0.1087136929460581
2015-12-18,slowdown,1.0,,,,,,,,1.0,1.0,1.0,,,,,True,0.4548626836460148,-0.4729598030361333,2.0,0.3643611288845106,-4.437028960817713,0.41629594001719017,0.1053941908713693
2015-12-25,slowdown,1.0,,,,,,,,1.0,1.0,1.0,,,,,True,0.4517019117022796,-0.5021453122489918,2.0,0.3612494361681816,-4.437028960817713,0.41629594001719017,0.1087136929460581
2016-01-01,slowdown,0.6666666666666666,,,,,,,,1.0,1.0,0.0,,,,,True,0.4462462950238317,-0.4752521796822775,1.0,0.3429521710162587,-4.437028960817713,0.41629594001719017,0.10954356846473029
2016-01-08,slowdown,0.6666666666666666,,,,,,,,1.0,1.0,0.0,,,,,True,0.4494828517268139,-0.4723104424099303,1.0,0.3533340915620094,-4.437028960817713,0.41629594001719017,0.1004149377593361
2016-01-15,slowdown,0.6666666666666666,,,,,,,,1.0,1.0,0.0,,,,,True,0.4268982831661304,-0.4840507161428977,1.0,0.3395184794485198,-4.789369897959176,0.3162959400171905,0.10622406639004149
2016-01-22,slowdown,0.6666666666666666,,,,,,,,1.0,1.0,0.0,,,,,True,0.4059868122647955,-0.3370938293693929,1.0,0.328137155943717,-4.789369897959176,0.3162959400171905,0.09294605809128631
2016-01-29,slowdown,0.6666666666666666,,,,,,,,1.0,1.0,0.0,,,,,True,0.3995388928930711,-0.3109185115285785,1.0,0.3334746015992174,-4.789369897959176,0.3162959400171905,0.06804979253112033
2016-02-05,slowdown,0.6666666666666666,,,,,,,,1.0,1.0,0.0,,,,,True,0.3904583117722914,-0.3038391952566632,1.0,0.3216780127547597,-4.789369897959176,0.3162959400171905,0.07385892116182573
2016-02-12,slowdown,0.6666666666666666,,,,,,,,1.0,1.0,0.0,,,,,True,0.4055127356122163,-0.295233012577623,2.0,0.3423252751813586,-4.378523429541602,0.13626570577233998,0.06639004149377593
2016-02-19,slowdown,0.6666666666666666,,,,,,,,1.0,1.0,0.0,,,,,True,0.4283584567990999,-0.1391977646794677,1.0,0.3484303415484693,-4.378523429541602,0.13626570577233998,0.08132780082987552
2016-02-26,slowdown,0.6666666666666666,,,,,,,,1.0,1.0,0.0,,,,,True,0.4279895317479456,-0.10736654172094,1.0,0.3478064021253681,-4.378523429541602,0.13626570577233998,0.1045643153526971
2016-03-04,slowdown,1.0,,,,,,,,1.0,1.0,1.0,,,,,True,0.4231783813329527,-0.2134778360617185,2.0,0.370477012566793,-4.378523429541602,0.13626570577233998,0.1037344398340249
2016-03-11,slowdown,0.3333333333333333,,,,,,,,0.0,1.0,0.0,,,,,False,0.437787693683333,-0.0522346312644508,1.0,0.3832614480392671,-4.378523429541602,0.13626570577233998,0.11452282157676348
2016-03-18,slowdown,0.6666666666666666,,,,,,,,0.0,1.0,1.0,,,,,True,0.4060115787458533,-0.1689444316476205,2.0,0.3673838318942555,-4.766131525423731,0.23626570577234052,0.12365145228215768
2016-03-25,slowdown,0.6666666666666666,,,,,,,,0.0,1.0,1.0,,,,,True,0.4132088318028127,-0.1458227081498257,2.0,0.3744677953186532,-4.766131525423731,0.23626570577234052,0.10726351351351351
2016-04-01,slowdown,0.6666666666666666,,,,,,,,0.0,1.0,1.0,,,,,True,0.4017379011783146,-0.1397343970041198,2.0,0.3839834744587589,-4.766131525423731,0.23626570577234052,0.08129370629370629
2016-04-08,slowdown,0.6666666666666666,,,,,,,,1.0,1.0,0.0,,,,,True,0.3808225184526622,-0.2421935834970063,2.0,0.3653409698072399,-4.766131525423731,0.23626570577234052,0.07954545454545454
2016-04-15,slowdown,1.0,,,,,,,,1.0,1.0,1.0,,,,,True,0.380502881164692,-0.4209375304101856,2.0,0.3692429304618583,-5.3275018612521166,0.33626570577234016,0.06381118881118882
2016-04-22,slowdown,0.6666666666666666,,,,,,,,1.0,1.0,0.0,,,,,True,0.4077895388669511,-0.1696351986149464,1.0,0.3881552796352784,-5.3275018612521166,0.33626570577234016,0.06381118881118882
2016-04-29,slowdown,0.6666666666666666,,,,,,,,1.0,1.0,0.0,,,,,True,0.3957319265100591,-0.1933739902930455,1.0,0.4132643373717937,-5.3275018612521166,0.33626570577234016,0.06993006993006994
2016-05-06,slowdown,0.6666666666666666,,,,,,,,1.0,1.0,0.0,,,,,True,0.3900924879139943,-0.240907218333565,1.0,0.4075558137904213,-5.3275018612521166,0.33626570577234016,0.06820194862710363
2016-05-13,slowdown,0.6666666666666666,,,,,,,,1.0,1.0,0.0,,,,,True,0.3497599716892659,-0.4550399602649372,2.0,0.377630069462647,-5.080705067567564,0.4556836564089197,0.060444444444444446
2016-05-20,slowdown,0.6666666666666666,,,,,,,,1.0,1.0,0.0,,,,,True,0.3081272492065849,-0.4540356717327857,2.0,0.3423420436911994,-5.080705067567564,0.4556836564089197,0.037333333333333336
2016-05-27,slowdown,0.6666666666666666,,,,,,,,1.0,1.0,0.0,,,,,True,0.2931385336768403,-0.4968835397308398,2.0,0.322270030595763,-5.080705067567564,0.4556836564089197,0.017777777777777778
2016-06-03,slowdown,0.6666666666666666,,,,,,,,1.0,1.0,0.0,,,,,True,0.2864461393030275,-0.4227335586885045,2.0,0.3434073967474658,-5.080705067567564,0.4556836564089197,0.010666666666666666
2016-06-10,slowdown,0.6666666666666666,,,,,,,,1.0,1.0,0.0,,,,,True,0.3152342511998959,-0.3106567704719533,2.0,0.3775532379208952,-5.080705067567564,0.4556836564089197,0.024
2016-06-17,slowdown,1.0,,,,,,,,1.0,1.0,1.0,,,,,True,0.3442806852166112,-0.2784523503397448,2.0,0.4028550801097799,-5.265310961214155,0.1556836564089199,0.04533333333333334
2016-06-24,slowdown,1.0,,,,,,,,1.0,1.0,1.0,,,,,True,0.3494919268894894,-0.2909599803694663,2.0,0.4091020529816798,-5.265310961214155,0.1556836564089199,0.050666666666666665
2016-07-01,slowdown,0.6666666666666666,,,,,,,,1.0,1.0,0.0,,,,,True,0.3493634152039273,-0.1794759775980103,1.0,0.4101946089849487,-5.265310961214155,0.1556836564089199,0.056
2016-07-08,slowdown,0.0,,,,,,,,0.0,0.0,0.0,,,,,False,0.364806512222784,0.1408772436412817,0.0,0.4150811826545039,-5.265310961214155,0.1556836564089199,0.05688888888888889
2016-07-15,slowdown,0.0,,,,,,,,0.0,0.0,0.0,,,,,False,0.3882454987106605,0.2957566724449509,0.0,0.4406167959059392,-4.930596296296301,0.25568365640892043,0.06577777777777778
2016-07-22,expansion,0.5,,,,1.0,0.0,1.0,0.0,,,,,,,,False,0.4026223417223286,0.4914852658008041,0.0,0.444338184392304,-4.930596296296301,0.25568365640892043,0.08444444444444445
2016-07-29,expansion,0.5,,,,1.0,0.0,1.0,0.0,,,,,,,,False,0.4172081048776397,0.6020919321042878,0.0,0.4252044938652039,-4.930596296296301,0.25568365640892043,0.08533333333333333
2016-08-05,expansion,0.5,,,,1.0,0.0,1.0,0.0,,,,,,,,False,0.4019428162994094,0.4846465919956111,0.0,0.4087438909044804,-4.930596296296301,0.25568365640892043,0.08355555555555555
2016-08-12,expansion,0.5,,,,1.0,0.0,1.0,0.0,,,,,,,,False,0.3793319675989609,0.3382370900954324,0.0,0.3901523135629632,-4.8683005042016845,0.17444248496268955,0.07377777777777778
2016-08-19,expansion,0.5,,,,1.0,0.0,1.0,0.0,,,,,,,,False,0.354704453698062,0.0658220285980046,0.0,0.383698897717047,-4.8683005042016845,0.17444248496268955,0.06222222222222222
2016-08-26,expansion,0.5,,,,1.0,0.0,1.0,0.0,,,,,,,,False,0.3519669052027158,0.0567543712376121,0.0,0.3802452863344389,-4.8683005042016845,0.17444248496268955,0.058666666666666666
2016-09-02,expansion,0.5,,,,1.0,1.0,0.0,0.0,,,,,,,,False,0.3466417232721838,0.0157122370503614,0.0,0.3864964420647307,-4.8683005042016845,0.17444248496268955,0.058666666666666666
2016-09-09,expansion,0.5,,,,1.0,1.0,0.0,0.0,,,,,,,,False,0.3561789700542882,-0.0812513968863223,0.0,0.3914505206581345,-4.8683005042016845,0.17444248496268955,0.06311111111111112
2016-09-16,expansion,0.5,,,,1.0,1.0,0.0,0.0,,,,,,,,False,0.3795609122989681,-0.0035673886354853,0.0,0.3945593711940969,-5.0117773489932915,0.2744424849626901,0.07022222222222223
2016-09-23,expansion,0.5,,,,1.0,1.0,0.0,0.0,,,,,,,,False,0.3999341301710286,0.0360640905443356,0.0,0.406394474610553,-5.0117773489932915,0.2744424849626901,0.08088888888888889
2016-09-30,expansion,0.5,,,,1.0,1.0,0.0,0.0,,,,,,,,False,0.4246488959735155,0.0778727447409329,0.0,0.4189835558017358,-5.0117773489932915,0.2744424849626901,0.09333333333333334
2016-10-07,expansion,0.5,,,,1.0,1.0,0.0,0.0,,,,,,,,False,0.4401535214065563,0.1731787604374714,0.0,0.4345741732825655,-5.0117773489932915,0.2744424849626901,0.10577777777777778
2016-10-14,expansion,0.25,,,,1.0,0.0,0.0,0.0,,,,,,,,False,0.439600242259541,0.1878129927163266,0.0,0.4440263528992674,-5.12068559463988,0.3744424849626897,0.11644444444444445
2016-10-21,expansion,0.25,,,,1.0,0.0,0.0,0.0,,,,,,,,False,0.4227170188348731,0.2289285699294792,0.0,0.4359514011756421,-5.12068559463988,0.3744424849626897,0.11822222222222223
2016-10-28,expansion,0.25,,,,1.0,0.0,0.0,0.0,,,,,,,,False,0.4116797984649384,0.195915537860374,0.0,0.4244312397718892,-5.12068559463988,0.3744424849626897,0.10666666666666667
2016-11-04,expansion,0.25,,,,1.0,0.0,0.0,0.0,,,,,,,,False,0.3840769925746762,0.1258660680595293,0.0,0.3998766721170559,-5.12068559463988,0.3744424849626897,0.09866666666666667
2016-11-11,expansion,0.5,,,,1.0,1.0,0.0,0.0,,,,,,,,False,0.3774136324942153,-0.0430204170969683,1.0,0.4011087528106013,-5.12068559463988,0.3744424849626897,0.08088888888888889
2016-11-18,expansion,0.5,,,,1.0,1.0,0.0,0.0,,,,,,,,False,0.391904161851837,-0.2268566890717847,2.0,0.4337339717896544,-5.134784615384618,0.2924446274443602,0.08088888888888889
2016-11-25,expansion,0.5,,,,1.0,1.0,0.0,0.0,,,,,,,,False,0.4017266815370773,-0.2469343476000171,2.0,0.4437063138909872,-5.134784615384618,0.2924446274443602,0.10844444444444444
2016-12-02,slowdown,1.0,,,,,,,,1.0,1.0,1.0,,,,,True,0.4222253735016335,-0.2466875177331917,2.0,0.4434003369681892,-5.134784615384618,0.2924446274443602,0.11733333333333333
2016-12-09,slowdown,1.0,,,,,,,,1.0,1.0,1.0,,,,,True,0.4234306208465198,-0.1583934816024081,1.0,0.4441484311908613,-5.134784615384618,0.2924446274443602,0.12622222222222224
2016-12-16,slowdown,0.6666666666666666,,,,,,,,1.0,1.0,0.0,,,,,True,0.3954713693900559,-0.1657985858165366,0.0,0.4206830230170416,-5.467641402337236,0.09244462744436,0.128
2016-12-23,slowdown,0.0,,,,,,,,0.0,0.0,0.0,,,,,False,0.427345830304884,0.0943559124109322,0.0,0.4128664474936943,-5.467641402337236,0.09244462744436,0.11022222222222222
2016-12-30,slowdown,0.0,,,,,,,,0.0,0.0,0.0,,,,,False,0.4296780647822632,0.2058674242177108,0.0,0.3941781351555797,-5.467641402337236,0.09244462744436,0.09777777777777778
2017-01-06,slowdown,0.0,,,,,,,,0.0,0.0,0.0,,,,,False,0.4265501392850952,0.2052126554477616,0.0,0.3905165263229713,-5.467641402337236,0.09244462744436,0.096
2017-01-13,expansion,0.5,,,,1.0,0.0,1.0,0.0,,,,,,,,False,0.4309857866998723,0.191650904019989,0.0,0.3957310312075897,-4.966749666666672,0.09244462744436,0.09955555555555555
2017-01-20,expansion,0.5,,,,1.0,0.0,1.0,0.0,,,,,,,,False,0.4694256085335151,0.507047486626284,0.0,0.3823439286081979,-4.966749666666672,0.09244462744436,0.10577777777777778
2017-01-27,expansion,0.5,,,,1.0,0.0,1.0,0.0,,,,,,,,False,0.4715489088894621,0.4896801524322141,0.0,0.3846098645243246,-4.966749666666672,0.09244462744436,0.12355555555555556
2017-02-03,expansion,0.5,,,,1.0,0.0,1.0,0.0,,,,,,,,False,0.4799366303308994,0.4724523912027831,0.0,0.3803209028525953,-4.966749666666672,0.09244462744436,0.12977777777777777
2017-02-10,expansion,0.25,,,,1.0,0.0,0.0,0.0,,,,,,,,False,0.4882797646895764,0.5630473579827401,0.0,0.3891832023655232,-4.966749666666672,0.09244462744436,0.12309074573225516
2017-02-17,expansion,0.25,,,,1.0,0.0,0.0,0.0,,,,,,,,False,0.4732550420685539,0.1990488678044617,1.0,0.3911742290309637,-5.166638602329442,0.10960357791821007,0.13656783468104222
2017-02-24,expansion,0.25,,,,1.0,0.0,0.0,0.0,,,,,,,,False,0.4868633173134055,0.2624677583028523,1.0,0.4045155270741951,-5.166638602329442,0.10960357791821007,0.14285714285714285
2017-03-03,expansion,0.25,,,,1.0,0.0,0.0,0.0,,,,,,,,False,0.5195195830887174,0.329468913712554,1.0,0.4196150528829522,-5.166638602329442,0.10960357791821007,0.1545372866127583
2017-03-10,expansion,0.25,,,,1.0,0.0,0.0,0.0,,,,,,,,False,0.5060326156390654,0.2241704104174489,1.0,0.4138291438240691,-5.166638602329442,0.10960357791821007,0.1725067385444744
2017-03-17,expansion,0.5,,,,1.0,1.0,0.0,0.0,,,,,,,,False,0.5379697185943406,0.1721334103097816,1.0,0.4455975815716518,-5.456858970099674,0.009603577918209538,0.16711590296495957
2017-03-24,expansion,0.5,,,,1.0,1.0,0.0,0.0,,,,,,,,False,0.5356888330277354,0.1279292656721047,1.0,0.4563766510005783,-5.456858970099674,0.009603577918209538,0.17160826594788858
2017-03-31,expansion,0.5,,,,1.0,1.0,0.0,0.0,,,,,,,,False,0.525848688810421,0.0865608774455489,1.0,0.4278353642439435,-5.456858970099674,0.009603577918209538,0.1734052111410602
2017-04-07,expansion,0.5,,,,1.0,1.0,0.0,0.0,,,,,,,,False,0.5497876160041736,0.1298279467023765,1.0,0.4499000278783703,-5.456858970099674,0.009603577918209538,0.15992812219227315
2017-04-14,expansion,0.75,,,,1.0,1.0,0.0,1.0,,,,,,,,True,0.555091892529781,0.1244626617250188,1.0,0.4552618042533292,-4.939354063018243,-0.19039642208178975,0.1778975741239892
2017-04-21,expansion,0.5,,,,1.0,0.0,0.0,1.0,,,,,,,,False,0.5961223380074523,0.4547424105494621,1.0,0.4841671350059172,-4.939354063018243,-0.19039642208178975,0.18328840970350405
2017-04-28,expansion,0.5,,,,1.0,0.0,0.0,1.0,,,,,,,,False,0.5950304500943762,0.3915780753142109,1.0,0.4832205755981337,-4.939354063018243,-0.19039642208178975,0.18688230008984727
2017-05-05,expansion,0.5,,,,1.0,0.0,0.0,1.0,,,,,,,,False,0.5823037883491917,0.3500629389157292,1.0,0.4636657379490699,-4.939354063018243,-0.19039642208178975,0.18508535489667566
2017-05-12,expansion,0.5,,,,1.0,0.0,0.0,1.0,,,,,,,,False,0.5741720265068352,0.3673146304216736,1.0,0.4569473825861598,-4.939354063018243,-0.19039642208178975,0.1707097933513028
2017-05-19,expansion,0.75,,,,1.0,1.0,0.0,1.0,,,,,,,,True,0.5548344491809443,0.1212821032225114,1.0,0.4734918932363831,-4.137193046357609,-0.17415498379363115,0.16082659478885894
2017-05-26,expansion,0.5,,,,1.0,0.0,0.0,1.0,,,,,,,,False,0.5593242186778581,0.1955906140507341,1.0,0.4777182434616835,-4.137193046357609,-0.17415498379363115,0.15813117699910154
2017-06-02,expansion,0.5,,,,1.0,0.0,0.0,1.0,,,,,,,,False,0.5679166339138721,0.1617848745090297,1.0,0.4309683712824016,-4.137193046357609,-0.17415498379363115,0.14845173041894352
2017-06-09,expansion,0.75,,,,1.0,1.0,0.0,1.0,,,,,,,,True,0.5428314047267957,0.0745304026772491,1.0,0.4057755088702139,-4.137193046357609,-0.17415498379363115,0.10986964618249534
2017-06-16,expansion,0.75,,,,1.0,1.0,0.0,1.0,,,,,,,,True,0.5298475888175521,0.0930253410769611,1.0,0.3811912559686382,-4.001767603305794,-0.17415498379363115,0.08801498127340825
2017-06-23,expansion,0.75,,,,1.0,1.0,0.0,1.0,,,,,,,,True,0.525441108486355,-0.1359508666969826,1.0,0.3471429794612224,-4.001767603305794,-0.17415498379363115,0.07250470809792843
2017-06-30,expansion,0.75,,,,1.0,1.0,0.0,1.0,,,,,,,,True,0.5159925286480374,-0.1589747235066261,1.0,0.3568953064498509,-4.001767603305794,-0.17415498379363115,0.05937794533459001
2017-07-07,expansion,0.75,,,,1.0,1.0,0.0,1.0,,,,,,,,True,0.5028091772823096,-0.1719606369255435,1.0,0.3400334918229871,-4.001767603305794,-0.17415498379363115,0.06326723323890462
2017-07-14,expansion,0.75,,,,1.0,1.0,0.0,1.0,,,,,,,,True,0.4826204184387749,-0.2357665885502458,1.0,0.314955861670585,-3.787706930693062,-0.2741549837936317,0.05854579792256846
2017-07-21,slowdown,0.6666666666666666,,,,,,,,1.0,1.0,0.0,,,,,True,0.4694032141015164,-0.1973910080810933,0.0,0.3204830948651685,-3.787706930693062,-0.2741549837936317,0.0453257790368272
2017-07-28,slowdown,0.6666666666666666,,,,,,,,1.0,1.0,0.0,,,,,True,0.4627830364409232,-0.1533717370739522,0.0,0.3107625081514346,-3.787706930693062,-0.2741549837936317,0.049102927289896126
2017-08-04,slowdown,0.6666666666666666,,,,,,,,1.0,1.0,0.0,,,,,True,0.4782081945056188,-0.1840967691283747,0.0,0.3207667223418651,-3.787706930693062,-0.2741549837936317,0.047214353163361665
2017-08-11,slowdown,0.6666666666666666,,,,,,,,1.0,1.0,0.0,,,,,True,0.4762609329189543,-0.1702708835993443,0.0,0.3242994105009185,-3.787706930693062,-0.2741549837936317,0.05760151085930123
2017-08-18,slowdown,0.6666666666666666,,,,,,,,1.0,1.0,0.0,,,,,True,0.4547364881746186,-0.3748801427584702,1.0,0.3283971060789645,-3.903665238879725,-0.25889227046307983,0.06232294617563739
2017-08-25,slowdown,0.6666666666666666,,,,,,,,1.0,1.0,0.0,,,,,True,0.4565925321937081,-0.3745901233544488,1.0,0.3310613739697681,-3.903665238879725,-0.25889227046307983,0.06232294617563739
2017-09-01,slowdown,0.6666666666666666,,,,,,,,1.0,1.0,0.0,,,,,True,0.4456292799622468,-0.3262635719594844,1.0,0.3274735794742882,-3.903665238879725,-0.25889227046307983,0.061669829222011384
2017-09-08,slowdown,1.0,,,,,,,,1.0,1.0,1.0,,,,,True,0.3919014381630865,-0.4841915558961881,2.0,0.3355206204122019,-3.903665238879725,-0.25889227046307983,0.052581261950286805
2017-09-15,slowdown,1.0,,,,,,,,1.0,1.0,1.0,,,,,True,0.3617097082794654,-0.5284792201344917,2.0,0.3626797687268326,-4.143538980263159,-0.1588922704630793,0.0
2017-09-22,slowdown,1.0,,,,,,,,1.0,1.0,1.0,,,,,True,0.3780953017599863,-0.2683169638438542,1.0,0.3573767311937892,-4.143538980263159,-0.1588922704630793,0.0
2017-09-29,slowdown,1.0,,,,,,,,1.0,1.0,1.0,,,,,True,0.3692118088219219,-0.3377197210056855,1.0,0.3760192080105237,-4.143538980263159,-0.1588922704630793,0.0
2017-10-06,slowdown,1.0,,,,,,,,1.0,1.0,1.0,,,,,True,0.4101838837538064,-0.2241787483302778,1.0,0.3384985351533385,-4.143538980263159,-0.1588922704630793,0.0
2017-10-13,slowdown,0.6666666666666666,,,,,,,,1.0,1.0,0.0,,,,,True,0.4381113290749449,-0.1273550520959658,1.0,0.3169417826384513,-3.984585385878489,-0.25889227046307983,0.03357531760435572
2017-10-20,expansion,0.5,,,,1.0,0.0,0.0,1.0,,,,,,,,False,0.5239505117019642,0.4017074707101781,1.0,0.2652735171041136,-3.984585385878489,-0.25889227046307983,0.05898366606170599
2017-10-27,expansion,0.5,,,,1.0,0.0,0.0,1.0,,,,,,,,False,0.5428372938055235,0.4728946190504802,1.0,0.2832915262561777,-3.984585385878489,-0.25889227046307983,0.08257713248638839
2017-11-03,expansion,0.75,,,,1.0,0.0,1.0,1.0,,,,,,,,True,0.5681413609419214,0.7268727217359332,1.0,0.2970840317178492,-3.984585385878489,-0.25889227046307983,0.10344827586206896
2017-11-10,expansion,0.75,,,,1.0,0.0,1.0,1.0,,,,,,,,True,0.5661004568616079,0.9188332256741084,0.0,0.2934350355364972,-3.984585385878489,-0.25889227046307983,0.1206896551724138
2017-11-17,expansion,0.75,,,,1.0,0.0,1.0,1.0,,,,,,,,True,0.5610218677033793,0.7684424756606842,0.0,0.2661032486164299,-2.9635191803278786,-0.3446556865827395,0.12431941923774954
2017-11-24,expansion,0.75,,,,1.0,0.0,1.0,1.0,,,,,,,,True,0.5486484319110778,0.767240121431845,0.0,0.272104562516862,-2.9635191803278786,-0.3446556865827395,0.10707803992740472
2017-12-01,expansion,0.75,,,,1.0,0.0,1.0,1.0,,,,,,,,True,0.5490755402673544,0.6605549958482448,0.0,0.2930495256288864,-2.9635191803278786,-0.3446556865827395,0.10254083484573502
2017-12-08,expansion,0.75,,,,1.0,0.0,1.0,1.0,,,,,,,,True,0.5444664596028604,0.5682067396974444,0.0,0.2955302824845069,-2.9635191803278786,-0.3446556865827395,0.10072595281306715
2017-12-15,expansion,0.75,,,,1.0,0.0,1.0,1.0,,,,,,,,True,0.5694815075854325,0.5377077200950409,0.0,0.2825488175937546,-2.700691816693933,-0.3446556865827395,0.10707803992740472
2017-12-22,expansion,1.0,,,,1.0,1.0,1.0,1.0,,,,,,,,True,0.5835742186547548,0.2798248938214818,0.0,0.2757255572062302,-2.700691816693933,-0.3446556865827395,0.1297640653357532
2017-12-29,expansion,1.0,,,,1.0,1.0,1.0,1.0,,,,,,,,True,0.5658939074635233,0.1283504437113889,0.0,0.2785573004588813,-2.700691816693933,-0.3446556865827395,0.13157894736842105
2018-01-05,expansion,0.75,,,,1.0,1.0,0.0,1.0,,,,,,,,True,0.5566643477903729,0.1173788593760719,0.0,0.2831758129200836,-2.700691816693933,-0.3446556865827395,0.12431941923774954
2018-01-12,expansion,0.75,,,,1.0,1.0,0.0,1.0,,,,,,,,True,0.5262126513719214,0.0773510962061229,1.0,0.299563073594278,-2.4765385620915055,-0.44465568658274,0.11796733212341198
2018-01-19,expansion,0.75,,,,1.0,1.0,0.0,1.0,,,,,,,,True,0.5218951931932707,-0.1471848196417537,1.0,0.3020412551506128,-2.4765385620915055,-0.44465568658274,0.09709618874773139
2018-01-26,expansion,0.75,,,,1.0,1.0,0.0,1.0,,,,,,,,True,0.5470610997859702,-0.0461420169146344,1.0,0.2881467522930053,-2.4765385620915055,-0.44465568658274,0.10980036297640654
2018-02-02,expansion,0.75,,,,1.0,1.0,0.0,1.0,,,,,,,,True,0.5410937806008709,-0.1751562621354371,2.0,0.2588679805345907,-2.4765385620915055,-0.44465568658274,0.1279491833030853
2018-02-09,expansion,0.75,,,,1.0,1.0,0.0,1.0,,,,,,,,True,0.5768343863439505,-0.0071854912091321,1.0,0.2910356634600284,-2.4765385620915055,-0.44465568658274,0.14609800362976408
2018-02-16,slowdown,1.0,,,,,,,,1.0,1.0,1.0,,,,,True,0.5439702296974921,-0.3030374652330569,2.0,0.3099180873488667,-2.4125964110929914,-0.53147835875611,0.17150635208711434
2018-02-23,slowdown,0.6666666666666666,,,,,,,,0.0,1.0,1.0,,,,,True,0.5671412392037427,-0.1975867998341273,2.0,0.3218755359024302,-2.4125964110929914,-0.53147835875611,0.17604355716878403
2018-03-02,slowdown,0.6666666666666666,,,,,,,,0.0,1.0,1.0,,,,,True,0.5757301120548479,-0.1453038080923959,2.0,0.3403460613308001,-2.4125964110929914,-0.53147835875611,0.1869328493647913
2018-03-09,slowdown,0.6666666666666666,,,,,,,,0.0,1.0,1.0,,,,,True,0.5701352460400955,-0.034249761765052,2.0,0.3332405598183809,-2.4125964110929914,-0.53147835875611,0.19782214156079855
2018-03-16,slowdown,0.6666666666666666,,,,,,,,0.0,1.0,1.0,,,,,True,0.5730599061438,-0.0700681858681576,2.0,0.3363197200713683,-2.172053094462541,-0.4314783587561104,0.19419237749546278
2018-03-23,slowdown,0.3333333333333333,,,,,,,,0.0,0.0,1.0,,,,,False,0.5818046497371745,0.0771444718402402,2.0,0.3139518933298935,-2.172053094462541,-0.4314783587561104,0.19600725952813067
2018-03-30,slowdown,0.0,,,,,,,,0.0,0.0,0.0,,,,,False,0.5741968912611506,0.1259709231035759,1.0,0.3063588146645318,-2.172053094462541,-0.4314783587561104,0.19056261343012704
2018-04-06,slowdown,0.3333333333333333,,,,,,,,1.0,0.0,0.0,,,,,False,0.5710726946394877,0.0441392963700285,1.0,0.3023823827260384,-2.172053094462541,-0.4314783587561104,0.18602540834845735
2018-04-13,slowdown,0.3333333333333333,,,,,,,,0.0,1.0,0.0,,,,,False,0.5532726203952973,-0.1956561798754027,1.0,0.2850305747878868,-1.750302439024395,-0.53147835875611,0.1823956442831216
2018-04-20,slowdown,0.3333333333333333,,,,,,,,1.0,0.0,0.0,,,,,False,0.5585250245404358,0.0122119505343101,1.0,0.2499902503237633,-1.750302439024395,-0.53147835875611,0.1724137931034483
2018-04-27,slowdown,0.0,,,,,,,,0.0,0.0,0.0,,,,,False,0.5809618624567279,0.0363791385568304,1.0,0.2788887867226201,-1.750302439024395,-0.53147835875611,0.16243194192377494
2018-05-04,slowdown,0.0,,,,,,,,0.0,0.0,0.0,,,,,False,0.6123507161297628,0.13939565897884,1.0,0.3285563055784782,-1.750302439024395,-0.53147835875611,0.1751361161524501
2018-05-11,expansion,0.75,,,,1.0,0.0,1.0,1.0,,,,,,,,True,0.6584454430199664,0.3064365338969366,1.0,0.3692772729410409,-1.750302439024395,-0.53147835875611,0.19600725952813067
2018-05-18,expansion,0.75,,,,1.0,0.0,1.0,1.0,,,,,,,,True,0.6725663008228013,0.1962465062032955,0.0,0.4187030771307573,-0.8589058441558421,-0.5193789034331804,0.21687840290381125
2018-05-25,expansion,0.75,,,,1.0,0.0,1.0,1.0,,,,,,,,True,0.6514004894025045,0.1594172771213947,0.0,0.39934404297429,-0.8589058441558421,-0.5193789034331804,0.2295825771324864
2018-06-01,expansion,0.75,,,,1.0,0.0,1.0,1.0,,,,,,,,True,0.6412931792846219,0.1506857634816969,0.0,0.3854689654583713,-0.8589058441558421,-0.5193789034331804,0.20871143375680581
2018-06-08,expansion,0.75,,,,1.0,0.0,1.0,1.0,,,,,,,,True,0.6331408058328097,0.219321010585958,0.0,0.377708615422982,-0.8589058441558421,-0.5193789034331804,0.1969147005444646
2018-06-15,expansion,0.75,,,,1.0,0.0,1.0,1.0,,,,,,,,True,0.6517064147992903,0.4849265460236394,0.0,0.3764604540715894,-1.563467747163699,-0.7193789034331806,0.18602540834845735
2018-06-22,expansion,0.5,,,,1.0,0.0,0.0,1.0,,,,,,,,False,0.6884981757888552,0.2935055778624004,1.0,0.3904141141006602,-1.563467747163699,-0.7193789034331806,0.18602540834845735
2018-06-29,expansion,0.5,,,,1.0,0.0,0.0,1.0,,,,,,,,False,0.7073739861173771,0.2986244021500708,1.0,0.3887987928742441,-1.563467747163699,-0.7193789034331806,0.1969147005444646
2018-07-06,expansion,0.75,,,,1.0,1.0,0.0,1.0,,,,,,,,True,0.7081224231680663,0.1833796346718341,1.0,0.3861955797002893,-1.563467747163699,-0.7193789034331806,0.1969147005444646
2018-07-13,expansion,0.75,,,,1.0,1.0,0.0,1.0,,,,,,,,True,0.7096312270282044,-0.1001056541440994,2.0,0.3962290207181924,-0.9585142394822128,-0.5193789034331804,0.19237749546279492
2018-07-20,expansion,0.75,,,,1.0,1.0,0.0,1.0,,,,,,,,True,0.718793696830325,0.075957105144992,2.0,0.4136785966562153,-0.9585142394822128,-0.5193789034331804,0.19782214156079855
2018-07-27,expansion,0.75,,,,1.0,1.0,0.0,1.0,,,,,,,,True,0.7349686239380171,0.1454182452650434,2.0,0.4241211023298331,-0.9585142394822128,-0.5193789034331804,0.20961887477313976
2018-08-03,expansion,0.5,,,,1.0,0.0,0.0,1.0,,,,,,,,False,0.7836133256604192,0.3084737487612229,2.0,0.4407187552542136,-0.9585142394822128,-0.5193789034331804,0.22050816696914702
2018-08-10,expansion,0.75,,,,1.0,1.0,0.0,1.0,,,,,,,,True,0.7929867390405131,0.3409434278622963,2.0,0.443908768886495,-0.9585142394822128,-0.5193789034331804,0.2395644283121597
2018-08-17,expansion,0.75,,,,1.0,1.0,0.0,1.0,,,,,,,,True,0.8092790658890581,0.2130696317304258,2.0,0.4365446107017315,-0.8543318255250512,-0.7083614335785597,0.24500907441016334
2018-08-24,expansion,0.75,,,,1.0,1.0,0.0,1.0,,,,,,,,True,0.8139832086151453,0.2059365323852963,2.0,0.438576483367973,-0.8543318255250512,-0.7083614335785597,0.2441016333938294
2018-08-31,expansion,0.75,,,,1.0,1.0,0.0,1.0,,,,,,,,True,0.8104895219999687,0.1701648103557232,2.0,0.4280769133827781,-0.8543318255250512,-0.7083614335785597,0.24682395644283123
2018-09-07,expansion,0.5,,,,1.0,0.0,0.0,1.0,,,,,,,,False,0.829761271348944,0.198893795929779,2.0,0.439904184982774,-0.8543318255250512,-0.7083614335785597,0.24319419237749546
2018-09-14,expansion,0.5,,,,1.0,0.0,0.0,1.0,,,,,,,,False,0.8336633907246312,0.1856624929633734,2.0,0.4478858776359112,-0.38031741935483865,-0.7083614335785597,0.2513611615245009
2018-09-21,expansion,0.75,,,,1.0,1.0,0.0,1.0,,,,,,,,True,0.8260226187197051,0.101568651134037,2.0,0.467721093975077,-0.38031741935483865,-0.7083614335785597,0.2531760435571688
2018-09-28,expansion,0.75,,,,1.0,1.0,0.0,1.0,,,,,,,,True,0.8406733110740963,0.0504848139329443,2.0,0.4768046970522862,-0.38031741935483865,-0.7083614335785597,0.2540834845735027
2018-10-05,expansion,0.75,,,,1.0,1.0,0.0,1.0,,,,,,,,True,0.8060091896406991,-0.1655204743543329,2.0,0.4802753116652168,-0.38031741935483865,-0.7083614335785597,0.23380281690140844
2018-10-12,slowdown,0.6666666666666666,,,,,,,,1.0,1.0,0.0,,,,,True,0.789262513644935,-0.2644458918457343,2.0,0.4713339296321158,-0.38031741935483865,-0.7083614335785597,0.20443587270973965
2018-10-19,slowdown,0.6666666666666666,,,,,,,,1.0,1.0,0.0,,,,,True,0.7701662296308753,-0.4361109566856403,2.0,0.4652324425623607,-0.38050370370370956,-0.8083614335785594,0.17705242334322452
2018-10-26,slowdown,0.6666666666666666,,,,,,,,1.0,1.0,0.0,,,,,True,0.7365986212493965,-0.4943519022054168,2.0,0.440493585091664,-0.38050370370370956,-0.8083614335785594,0.16180904522613065
2018-11-02,slowdown,1.0,,,,,,,,1.0,1.0,1.0,,,,,True,0.7001300078392187,-0.6870049684177844,3.0,0.4269705033842993,-0.38050370370370956,-0.8083614335785594,0.14974874371859295
2018-11-09,slowdown,1.0,,,,,,,,1.0,1.0,1.0,,,,,True,0.6669402526337035,-0.7551426062772564,3.0,0.4062215667876934,-0.38050370370370956,-0.8083614335785594,0.14371859296482412
2018-11-16,slowdown,1.0,,,,,,,,1.0,1.0,1.0,,,,,True,0.6121931600470673,-0.8673539019224604,3.0,0.3751375785412338,-0.5308488745980782,-0.69841580136913,0.13668341708542714
2018-11-23,slowdown,1.0,,,,,,,,1.0,1.0,1.0,,,,,True,0.5852131602768824,-0.9113216820981688,3.0,0.3399032184504273,-0.5308488745980782,-0.69841580136913,0.12361809045226131
2018-11-30,slowdown,0.6666666666666666,,,,,,,,1.0,1.0,0.0,,,,,True,0.5186822040595909,-0.9273238071502854,2.0,0.25378633237454,-0.5308488745980782,-0.69841580136913,0.11557788944723618
2018-12-07,slowdown,0.6666666666666666,,,,,,,,1.0,1.0,0.0,,,,,True,0.477937227049306,-0.98301047631777,2.0,0.2638587994036862,-0.5308488745980782,-0.69841580136913,0.09447236180904522
2018-12-14,slowdown,0.6666666666666666,,,,,,,,1.0,1.0,0.0,,,,,True,0.4854852147670607,-0.9067824417192142,2.0,0.2597565056230689,-0.5379839486356275,-0.69841580136913,0.08040201005025126
2018-12-21,slowdown,1.0,,,,,,,,1.0,1.0,1.0,,,,,True,0.4126688555455948,-1.2035191379670735,3.0,0.3055911325142962,-0.5379839486356275,-0.69841580136913,0.09346733668341708
2018-12-28,slowdown,0.6666666666666666,,,,,,,,1.0,1.0,0.0,,,,,True,0.4223958607731209,-1.1168705689717329,3.0,0.2985539268513156,-0.5379839486356275,-0.69841580136913,0.10150753768844221
2019-01-04,slowdown,0.6666666666666666,,,,,,,,1.0,1.0,0.0,,,,,True,0.4565647784220973,-0.7407425080418465,3.0,0.4181826204692425,-0.5379839486356275,-0.69841580136913,0.11055276381909548
2019-01-11,slowdown,0.6666666666666666,,,,,,,,1.0,1.0,0.0,,,,,True,0.4069140510666674,-0.6429880849656096,2.0,0.4700641844494765,-0.5379839486356275,-0.69841580136913,0.10452261306532663
2019-01-18,slowdown,0.6666666666666666,,,,,,,,1.0,1.0,0.0,,,,,True,0.3517670781873487,-0.8191196366003484,2.0,0.5484765564809893,-0.5950288461538378,-0.5984158013691299,0.0744138634046891
2019-01-25,slowdown,0.6666666666666666,,,,,,,,1.0,1.0,0.0,,,,,True,0.3702652086871378,-0.625882095182157,2.0,0.5246638922498463,-0.5950288461538378,-0.5984158013691299,0.054110301768990635
2019-02-01,slowdown,0.6666666666666666,,,,,,,,1.0,1.0,0.0,,,,,True,0.3418688228859499,-0.6590512231965998,2.0,0.4994359592977234,-0.5950288461538378,-0.5984158013691299,0.048884165781083955
2019-02-08,slowdown,1.0,,,,,,,,1.0,1.0,1.0,,,,,True,0.3175296154132457,-0.8520749027836946,3.0,0.5377908291209799,-0.5950288461538378,-0.5984158013691299,0.03466955579631636
2019-02-15,slowdown,0.6666666666666666,,,,,,,,1.0,1.0,0.0,,,,,True,0.2903637962587574,-0.5434070755189725,2.0,0.5196183481834596,-1.2048979199999934,-0.4895180696243999,0.027085590465872156
2019-02-22,slowdown,0.6666666666666666,,,,,,,,1.0,1.0,0.0,,,,,True,0.2506576357654618,-0.7683519497723955,3.0,0.5887160467733159,-1.2048979199999934,-0.4895180696243999,0.018418201516793065
2019-03-01,slowdown,1.0,,,,,,,,1.0,1.0,1.0,,,,,True,0.2632242825309668,-1.0066745278062026,4.0,0.6201127001273522,-1.2048979199999934,-0.4895180696243999,0.021668472372697724
2019-03-08,slowdown,1.0,,,,,,,,1.0,1.0,1.0,,,,,True,0.2860185917743285,-0.8510495592893044,4.0,0.578445051426774,-1.2048979199999934,-0.4895180696243999,0.035752979414951244
2019-03-15,slowdown,1.0,,,,,,,,1.0,1.0,1.0,,,,,True,0.2997518189803554,-0.7975950250740331,4.0,0.5600405473856167,-1.716850958466452,-0.6895180696244001,0.05308775731310943
2019-03-22,slowdown,1.0,,,,,,,,1.0,1.0,1.0,,,,,True,0.3061920573634459,-0.4839458452859893,3.0,0.5568726556848571,-1.716850958466452,-0.6895180696244001,0.06175514626218852
2019-03-29,slowdown,0.6666666666666666,,,,,,,,1.0,1.0,0.0,,,,,True,0.319432215598049,-0.3517406239034664,2.0,0.5012259737555935,-1.716850958466452,-0.6895180696244001,0.06067172264355363
2019-04-05,slowdown,0.3333333333333333,,,,,,,,0.0,1.0,0.0,,,,,False,0.3508463482709967,-0.2418113645631399,2.0,0.4563471277414301,-1.716850958466452,-0.6895180696244001,0.07258938244853738
2019-04-12,slowdown,0.0,,,,,,,,0.0,0.0,0.0,,,,,False,0.4173312586259382,0.1853369885987053,1.0,0.3891151166974003,-1.768026634768745,-0.6895180696244001,0.0866738894907909
2019-04-19,slowdown,0.0,,,,,,,,0.0,0.0,0.0,,,,,False,0.4000998099996966,0.1203726780158994,2.0,0.4127744110626196,-1.768026634768745,-0.6895180696244001,0.1105092091007584
2019-04-26,slowdown,0.0,,,,,,,,0.0,0.0,0.0,,,,,False,0.387195790651507,0.0467869442293036,2.0,0.3957388606883169,-1.768026634768745,-0.6895180696244001,0.11912568306010929
2019-05-03,slowdown,0.3333333333333333,,,,,,,,0.0,1.0,0.0,,,,,False,0.3149861986233925,-0.2069928564342971,3.0,0.3611245171652196,-1.768026634768745,-0.6895180696244001,0.10601092896174863
2019-05-10,slowdown,0.6666666666666666,,,,,,,,1.0,1.0,0.0,,,,,True,0.2370959051468325,-0.5548643117461789,4.0,0.4556022800235366,-1.768026634768745,-0.6895180696244001,0.08306010928961749
2019-05-17,slowdown,1.0,,,,,,,,1.0,1.0,1.0,,,,,True,0.1991485852497811,-0.7079263911232015,4.0,0.5183005781095552,-2.3082452229299406,-0.7816312004623907,0.05136612021857923
2019-05-24,slowdown,1.0,,,,,,,,1.0,1.0,1.0,,,,,True,0.2158419634778257,-0.7218897061826332,4.0,0.4864049674370359,-2.3082452229299406,-0.7816312004623907,0.034972677595628415
2019-05-31,slowdown,1.0,,,,,,,,1.0,1.0,1.0,,,,,True,0.1999322974844493,-0.8287775101095847,4.0,0.4350233405964538,-2.3082452229299406,-0.7816312004623907,0.04262295081967213
2019-06-07,slowdown,1.0,,,,,,,,1.0,1.0,1.0,,,,,True,0.2046891494012566,-0.9623051250582344,4.0,0.4268731453429645,-2.3082452229299406,-0.7816312004623907,0.04480874316939891
2019-06-14,slowdown,1.0,,,,,,,,1.0,1.0,1.0,,,,,True,0.1539067036451867,-1.2657686009927844,4.0,0.5251150362902736,-2.29818569157392,-0.8816312004623907,0.046994535519125684
2019-06-21,slowdown,0.6666666666666666,,,,,,,,1.0,1.0,0.0,,,,,True,0.1497463776805442,-0.7981250434740084,2.0,0.53377282681896,-2.29818569157392,-0.8816312004623907,0.03169398907103825
2019-06-28,slowdown,0.6666666666666666,,,,,,,,1.0,1.0,0.0,,,,,True,0.102174677295484,-0.8111415787125071,2.0,0.439766126480868,-2.29818569157392,-0.8816312004623907,0.029508196721311476
2019-07-05,slowdown,0.6666666666666666,,,,,,,,1.0,1.0,0.0,,,,,True,0.0723564501167264,-0.6100932235581006,2.0,0.3877674025288908,-2.29818569157392,-0.8816312004623907,0.01639344262295082
2019-07-12,slowdown,0.6666666666666666,,,,,,,,1.0,1.0,0.0,,,,,True,0.0855457761839474,-0.4215162052971589,2.0,0.4224986161226617,-2.29818569157392,-0.8816312004623907,0.013114754098360656
2019-07-19,slowdown,0.6666666666666666,,,,,,,,1.0,1.0,0.0,,,,,True,0.0508877334074567,-0.6696070722770872,3.0,0.3514454235362904,-2.3413633333333337,-0.8816312004623907,0.025136612021857924
2019-07-26,slowdown,0.6666666666666666,,,,,,,,1.0,1.0,0.0,,,,,True,0.1504946245392995,-0.4462250901808388,3.0,0.3575641065444902,-2.3413633333333337,-0.8816312004623907,0.03169398907103825
2019-08-02,slowdown,0.6666666666666666,,,,,,,,1.0,1.0,0.0,,,,,True,0.1873648732759307,-0.3226692128564524,3.0,0.3195467257797405,-2.3413633333333337,-0.8816312004623907,0.06666666666666667
2019-08-09,slowdown,0.3333333333333333,,,,,,,,0.0,1.0,0.0,,,,,False,0.2111840097684166,-0.1326630329469912,3.0,0.360735380280844,-2.3413633333333337,-0.8816312004623907,0.08852459016393442
2019-08-16,slowdown,0.6666666666666666,,,,,,,,0.0,1.0,1.0,,,,,True,0.1829937363235187,-0.2665604580311698,3.0,0.3312198042815261,-2.792730427892238,-0.7747059457322498,0.09617486338797815
2019-08-23,slowdown,0.0,,,,,,,,0.0,0.0,0.0,,,,,False,0.2208664783464441,0.185547648421891,2.0,0.3002376290833295,-2.792730427892238,-0.7747059457322498,0.09508196721311475
2019-08-30,slowdown,0.0,,,,,,,,0.0,0.0,0.0,,,,,False,0.205248024960167,0.2752503780564103,1.0,0.3911239178037323,-2.792730427892238,-0.7747059457322498,0.08961748633879782
2019-09-06,slowdown,0.0,,,,,,,,0.0,0.0,0.0,,,,,False,0.1772160978101461,0.1608046881614198,1.0,0.4412499199759562,-2.792730427892238,-0.7747059457322498,0.08196721311475409
2019-09-13,expansion,0.75,,,,1.0,0.0,1.0,1.0,,,,,,,,True,0.2057406965571133,0.3015524607599888,0.0,0.3960492900446495,-2.332833386075947,-0.8747059457322499,0.07431693989071038
2019-09-20,expansion,0.75,,,,1.0,0.0,1.0,1.0,,,,,,,,True,0.1099575411211647,-0.2486987017687055,1.0,0.3215827468967288,-2.332833386075947,-0.8747059457322499,0.07978142076502732
2019-09-27,expansion,1.0,,,,1.0,1.0,1.0,1.0,,,,,,,,True,0.1277712178768672,-0.3554275501484839,1.0,0.3059928227454431,-2.332833386075947,-0.8747059457322499,0.08196721311475409
2019-10-04,expansion,1.0,,,,1.0,1.0,1.0,1.0,,,,,,,,True,0.1260888463392121,-0.3132815293512105,1.0,0.293191151778891,-2.332833386075947,-0.8747059457322499,0.08415300546448087
2019-10-11,slowdown,0.6666666666666666,,,,,,,,1.0,1.0,0.0,,,,,True,0.0968937861655635,-0.4445375309011191,2.0,0.3206021042922621,-2.332833386075947,-0.8747059457322499,0.08415300546448087
2019-10-18,slowdown,1.0,,,,,,,,1.0,1.0,1.0,,,,,True,-0.099859526263439,-1.576989240303421,3.0,0.4136564247719966,-2.6578279620853067,-0.97470594573225,0.08196721311475409
2019-10-25,slowdown,1.0,,,,,,,,1.0,1.0,1.0,,,,,True,-0.123112522132249,-1.5390319550904663,3.0,0.3912254124121101,-2.6578279620853067,-0.97470594573225,0.07103825136612021
2019-11-01,slowdown,1.0,,,,,,,,1.0,1.0,1.0,,,,,True,-0.1647872812845216,-1.6683314001108729,3.0,0.3639394227696512,-2.6578279620853067,-0.97470594573225,0.07213114754098361
2019-11-08,slowdown,1.0,,,,,,,,1.0,1.0,1.0,,,,,True,-0.2141810963565233,-1.8441301427237584,3.0,0.3304731224732352,-2.6578279620853067,-0.97470594573225,0.07213114754098361
2019-11-15,slowdown,1.0,,,,,,,,1.0,1.0,1.0,,,,,True,-0.3808384790698932,-2.198276618618179,3.0,0.2940843559368163,-3.3631149842271384,-0.8686819201788096,0.06666666666666667
2019-11-22,slowdown,1.0,,,,,,,,1.0,1.0,1.0,,,,,True,-0.45333574946018,-1.8111496318193476,3.0,0.4276036457578633,-3.3631149842271384,-0.8686819201788096,0.053551912568306013
2019-11-29,contraction,0.5,,,,,,,,,,,1.0,0.0,1.0,0.0,False,-0.500793529327223,-1.6989032003188722,3.0,0.4625981446920963,-3.3631149842271384,-0.8686819201788096,0.03278688524590164
2019-12-06,contraction,0.5,,,,,,,,,,,1.0,0.0,1.0,0.0,False,-0.6202661955972321,-1.6989032003188722,3.0,0.5273710095012946,-3.3631149842271384,-0.8686819201788096,0.02622950819672131
2019-12-13,contraction,0.25,,,,,,,,,,,1.0,0.0,0.0,0.0,False,-0.7543599629840742,-1.6731403176408328,3.0,0.5843860249528058,-3.0162574803149624,-0.8686819201788096,0.0011001100110011
2019-12-20,contraction,0.5,,,,,,,,,,,1.0,1.0,0.0,0.0,False,-0.8547693264627956,-1.1004429047675304,3.0,0.5901771750538182,-3.0162574803149624,-0.8686819201788096,0.0
2019-12-27,contraction,0.5,,,,,,,,,,,1.0,1.0,0.0,0.0,False,-0.8833764487539957,-1.099413935822258,3.0,0.6150477897066611,-3.0162574803149624,-0.8686819201788096,0.0
2020-01-03,contraction,0.75,,,,,,,,,,,1.0,1.0,1.0,0.0,True,-0.9571756394224058,-1.37831421524195,4.0,0.6606204636933168,-3.0162574803149624,-0.8686819201788096,0.0
2020-01-10,contraction,0.5,,,,,,,,,,,1.0,1.0,0.0,0.0,False,-0.9544859185885124,-1.3468004336057164,3.0,0.6448924004096099,-3.0162574803149624,-0.8686819201788096,0.0
2020-01-17,contraction,0.25,,,,,,,,,,,1.0,0.0,0.0,0.0,False,-1.0453748813031567,-2.149951738946297,3.0,0.5333499805502346,-3.2215841194968533,-0.8686819201788096,0.024364406779661018
2020-01-24,contraction,0.25,,,,,,,,,,,1.0,0.0,0.0,0.0,False,-1.0239898098687397,-2.0629265997173314,3.0,0.5276981808401383,-3.2215841194968533,-0.8686819201788096,0.05508474576271186
2020-01-31,contraction,0.5,,,,,,,,,,,1.0,1.0,0.0,0.0,False,-0.8411373809162743,-1.2986516296370814,2.0,0.4570537655181373,-3.2215841194968533,-0.8686819201788096,0.0646186440677966
2020-02-07,contraction,0.5,,,,,,,,,,,1.0,1.0,0.0,0.0,False,-0.7454811049150765,-0.7561199464726712,2.0,0.4127380101088034,-3.2215841194968533,-0.8686819201788096,0.08686440677966102
2020-02-14,contraction,0.75,,,,,,,,,,,1.0,1.0,0.0,1.0,True,-0.6960191616265716,-0.3439951268248958,2.0,0.3873081482446037,-3.738306279434852,-0.8634888351134316,0.1048728813559322
2020-02-21,contraction,0.75,,,,,,,,,,,1.0,1.0,0.0,1.0,True,-0.6607469973816016,-0.1282792057852405,2.0,0.3439893485472448,-3.738306279434852,-0.8634888351134316,0.11016949152542373
2020-02-28,slowdown,0.3333333333333333,,,,,,,,0.0,1.0,0.0,,,,,False,-0.7079023505304977,-0.1264884946599268,2.0,0.3714462865769042,-3.738306279434852,-0.8634888351134316,0.1228813559322034
2020-03-06,slowdown,0.0,,,,,,,,0.0,0.0,0.0,,,,,False,-0.7176925101230391,0.2720497631957335,2.0,0.384396915893729,-3.738306279434852,-0.8634888351134316,0.11440677966101695
2020-03-13,slowdown,0.3333333333333333,,,,,,,,0.0,1.0,0.0,,,,,False,-0.8696043355354174,-0.897391534959592,3.0,0.409807737578229,-3.738306279434852,-0.8634888351134316,0.1059322033898305
2020-03-20,contraction,0.25,,,,,,,,,,,1.0,0.0,0.0,0.0,False,-2.0297542382371767,-2.2116619206811223,3.0,0.4137444759488711,-3.4754503134796266,-0.9634888351134316,0.09957627118644068
2020-03-27,contraction,0.5,,,,,,,,,,,1.0,0.0,1.0,0.0,False,-2.0286738026293505,-2.497469510320508,3.0,0.7633960095148249,-3.4754503134796266,-0.9634888351134316,0.03177966101694915
2020-04-03,contraction,0.5,,,,,,,,,,,1.0,0.0,1.0,0.0,False,-2.378415150632326,-3.7547000000000006,4.0,0.7802411609761579,-3.4754503134796266,-0.9634888351134316,0.0
2020-04-10,contraction,0.5,,,,,,,,,,,1.0,0.0,1.0,0.0,False,-3.084766758423976,-3.7547000000000006,4.0,0.6671069149746863,-3.4754503134796266,-0.9634888351134316,0.0
2020-04-17,contraction,0.5,,,,,,,,,,,1.0,0.0,1.0,0.0,False,-3.1823223123403865,-3.7547000000000006,4.0,0.5382902372993292,-6.453035837245693,-0.06348883511343129,0.0
2020-04-24,contraction,0.5,,,,,,,,,,,1.0,0.0,1.0,0.0,False,-3.1823223123403865,-3.7547000000000006,4.0,0.5179785068010861,-6.453035837245693,-0.06348883511343129,0.0
2020-05-01,contraction,0.5,,,,,,,,,,,1.0,0.0,1.0,0.0,False,-3.7763,-3.7547000000000006,4.0,0.445304265114761,-6.453035837245693,-0.06348883511343129,0.0
2020-05-08,contraction,0.75,,,,,,,,,,,1.0,0.0,1.0,1.0,True,-3.7763,-3.7547000000000006,4.0,0.4341875694602313,-6.453035837245693,-0.06348883511343129,0.11818654564364393
2020-05-15,contraction,0.75,,,,,,,,,,,1.0,0.0,1.0,1.0,True,-3.7763,-3.7547000000000006,4.0,0.3992822294794989,-16.131790468749998,10.34095213233898,0.27613104524180965
2020-05-22,contraction,1.0,,,,,,,,,,,1.0,1.0,1.0,1.0,True,-3.7763,-2.2528200000000003,4.0,0.4404134895835527,-16.131790468749998,10.34095213233898,0.39592492790620715
2020-05-29,contraction,0.75,,,,,,,,,,,1.0,1.0,0.0,1.0,True,-3.708044893398615,-2.2528200000000003,4.0,0.4354871838391503,-16.131790468749998,10.34095213233898,0.49165602987755874
2020-06-05,contraction,0.75,,,,,,,,,,,1.0,1.0,0.0,1.0,True,-3.708044893398615,-2.2528200000000003,4.0,0.4072328390630245,-16.131790468749998,10.34095213233898,0.5637498227201815
2020-06-12,contraction,0.75,,,,,,,,,,,1.0,1.0,0.0,1.0,True,-3.470025731828367,-0.75094,4.0,0.406833457212264,-15.005644149765999,8.740952132338979,0.61844655604406
2020-06-19,contraction,0.75,,,,,,,,,,,1.0,1.0,0.0,1.0,True,-2.9211942350507543,2.2528200000000003,4.0,0.5366823144737443,-15.005644149765999,8.740952132338979,0.6543752659197277
2020-06-26,contraction,0.75,,,,,,,,,,,1.0,1.0,0.0,1.0,True,-2.9211942350507543,2.2528200000000003,4.0,0.5182477186870137,-15.005644149765999,8.740952132338979,0.6876093225547204
2020-07-03,recovery,0.3333333333333333,0.0,1.0,0.0,,,,,,,,,,,,False,-2.5890070975867743,3.7547000000000006,4.0,0.5442455644501434,-15.005644149765999,8.740952132338979,0.7090719992436061
2020-07-10,recovery,0.3333333333333333,0.0,1.0,0.0,,,,,,,,,,,,False,-2.462333852607782,3.7547000000000006,4.0,0.5467536372594332,-15.005644149765999,8.740952132338979,0.7181960005672954
2020-07-17,recovery,0.3333333333333333,0.0,1.0,0.0,,,,,,,,,,,,False,-1.7957250534063705,3.7547000000000006,3.0,0.6453663047864268,-10.654622274143293,6.54095213233898,0.7258544887250036
2020-07-24,recovery,0.3333333333333333,0.0,1.0,0.0,,,,,,,,,,,,False,-1.795408552142252,3.7547000000000006,3.0,0.6343227889727399,-10.654622274143293,6.54095213233898,0.7260908618162908
2020-07-31,recovery,0.3333333333333333,0.0,1.0,0.0,,,,,,,,,,,,False,-1.6996929542180728,3.7547000000000006,3.0,0.6447062439952884,-10.654622274143293,6.54095213233898,0.7295891835673427
2020-08-07,recovery,0.3333333333333333,0.0,1.0,0.0,,,,,,,,,,,,False,-1.6996929542180728,3.7547000000000006,3.0,0.6315359894652762,-10.654622274143293,6.54095213233898,0.7383822625632298
2020-08-14,recovery,0.3333333333333333,0.0,1.0,0.0,,,,,,,,,,,,False,-1.604361171823942,3.7547000000000006,3.0,0.636661099302787,-7.953733281493001,5.744726861526248,0.7558265967002317
2020-08-21,recovery,0.3333333333333333,0.0,1.0,0.0,,,,,,,,,,,,False,-1.4050163600222596,3.7547000000000006,3.0,0.6077281566052448,-7.953733281493001,5.744726861526248,0.7834349737625869
2020-08-28,recovery,0.3333333333333333,0.0,1.0,0.0,,,,,,,,,,,,False,-1.4039069050469462,3.7547000000000006,3.0,0.5883325048055322,-7.953733281493001,5.744726861526248,0.805464945870562
2020-09-04,recovery,0.3333333333333333,0.0,1.0,0.0,,,,,,,,,,,,False,-1.273522389439604,3.7547000000000006,3.0,0.6095651590360729,-7.953733281493001,5.744726861526248,0.8236183992814258
2020-09-11,recovery,0.3333333333333333,0.0,1.0,0.0,,,,,,,,,,,,False,-1.218838637232558,3.7547000000000006,3.0,0.6174976983825384,-7.953733281493001,5.744726861526248,0.8313241620573913
2020-09-18,recovery,0.6666666666666666,0.0,1.0,1.0,,,,,,,,,,,,True,-1.15487012720873,3.5710377310913977,3.0,0.5962692327141239,-7.133738819875774,3.9447268615262487,0.8309459651113317
2020-09-25,recovery,0.6666666666666666,0.0,1.0,1.0,,,,,,,,,,,,True,-1.1544394424635964,3.5710377310913977,3.0,0.587761207829691,-7.133738819875774,3.9447268615262487,0.8340660899163239
2020-10-02,recovery,0.6666666666666666,0.0,1.0,1.0,,,,,,,,,,,,True,-1.0228767232479974,3.5710377310913977,2.0,0.606432883362183,-7.133738819875774,3.9447268615262487,0.8348697584267007
2020-10-09,recovery,0.6666666666666666,0.0,1.0,1.0,,,,,,,,,,,,True,-0.984687949883156,3.5710377310913977,2.0,0.6041454461816717,-7.133738819875774,3.9447268615262487,0.8389353755968421
2020-10-16,recovery,0.6666666666666666,0.0,1.0,1.0,,,,,,,,,,,,True,-0.9733302954130518,3.1727019056598333,2.0,0.584782927659486,-6.996973953488379,3.344726861526248,0.84399375975039
2020-10-23,recovery,0.6666666666666666,0.0,1.0,1.0,,,,,,,,,,,,True,-0.9556405021594558,2.828724492972765,2.0,0.6028485933502311,-6.996973953488379,3.344726861526248,0.8450338013520541
2020-10-30,recovery,0.6666666666666666,0.0,1.0,1.0,,,,,,,,,,,,True,-0.7882915191437959,2.8281667837127458,2.0,0.5194451758090399,-6.996973953488379,3.344726861526248,0.8476339053562143
2020-11-06,recovery,0.6666666666666666,0.0,1.0,1.0,,,,,,,,,,,,True,-0.7551953284601244,2.827610441739613,2.0,0.4981145602231396,-6.996973953488379,3.344726861526248,0.848532123103106
2020-11-13,recovery,0.6666666666666666,0.0,1.0,1.0,,,,,,,,,,,,True,-0.6682563504717514,2.827610441739613,2.0,0.4803897508773425,-6.268754953560375,2.4479267308128003,0.8490994185221954
2020-11-20,recovery,0.6666666666666666,0.0,1.0,1.0,,,,,,,,,,,,True,-0.6205096639149661,2.42807618749509,3.0,0.4820403384874669,-6.268754953560375,2.4479267308128003,0.8539214295844562
2020-11-27,recovery,0.6666666666666666,0.0,1.0,1.0,,,,,,,,,,,,True,-0.5841930734569909,2.4255708382296737,3.0,0.4665662454592001,-6.268754953560375,2.4479267308128003,0.8570415543894483
2020-12-04,recovery,0.6666666666666666,0.0,1.0,1.0,,,,,,,,,,,,True,-0.5960053017466795,2.101727501469877,3.0,0.4688609498108997,-6.268754953560375,2.4479267308128003,0.8562378858790716
2020-12-11,recovery,0.6666666666666666,0.0,1.0,1.0,,,,,,,,,,,,True,-0.5889367166234497,1.674801276348521,3.0,0.4672451978825497,-6.268754953560375,2.4479267308128003,0.85793977213634
2020-12-18,recovery,0.6666666666666666,0.0,1.0,1.0,,,,,,,,,,,,True,-0.5131873750415222,1.9396850812511013,2.0,0.5069980126211706,-5.859584389489953,2.2479267308128,0.8515104240533258
2020-12-25,recovery,0.6666666666666666,0.0,1.0,1.0,,,,,,,,,,,,True,-0.494634761921607,1.908209036456535,2.0,0.4975440767025896,-5.859584389489953,2.2479267308128,0.8445137805512221
2021-01-01,recovery,0.6666666666666666,0.0,1.0,1.0,,,,,,,,,,,,True,-0.5398589166504196,0.9227780835637368,3.0,0.5212441449351416,-5.859584389489953,2.2479267308128,0.843473738949558
2021-01-08,recovery,0.6666666666666666,0.0,1.0,1.0,,,,,,,,,,,,True,-0.4898011562631931,0.8408927998495997,3.0,0.5153805908116204,-5.859584389489953,2.2479267308128,0.8417718526922895
2021-01-15,recovery,0.6666666666666666,0.0,1.0,1.0,,,,,,,,,,,,True,-0.4551760375128241,1.0629095055685682,2.0,0.4937852532084904,-4.72568040123457,2.2479267308128,0.8450810759703116
2021-01-22,recovery,0.6666666666666666,0.0,1.0,1.0,,,,,,,,,,,,True,-0.2835762818916642,1.6755332854442169,2.0,0.4388565924211105,-4.72568040123457,2.2479267308128,0.8448919774972817
2021-01-29,recovery,0.6666666666666666,0.0,1.0,1.0,,,,,,,,,,,,True,-0.3068487633409158,1.6745094934287614,2.0,0.4479342695504086,-4.72568040123457,2.2479267308128,0.8435210135678154
2021-02-05,recovery,0.3333333333333333,0.0,1.0,0.0,,,,,,,,,,,,False,-0.291113521811792,1.7005017801828055,2.0,0.4386139751413053,-4.72568040123457,2.2479267308128,0.8422918734931215
2021-02-12,recovery,0.3333333333333333,0.0,1.0,0.0,,,,,,,,,,,,False,-0.2329434780470242,2.1988392904375984,2.0,0.429587564742857,-4.169446070878266,1.94714701013012,0.8422918734931215
2021-02-19,recovery,0.6666666666666666,0.0,1.0,1.0,,,,,,,,,,,,True,-0.4704884496029051,0.534145467570369,3.0,0.3537672446606185,-4.169446070878266,1.94714701013012,0.8459792937172033
2021-02-26,recovery,0.6666666666666666,0.0,1.0,1.0,,,,,,,,,,,,True,-0.4409017916907915,0.5860326448720972,3.0,0.3339463154399412,-4.169446070878266,1.94714701013012,0.8479648276840165
2021-03-05,recovery,0.6666666666666666,0.0,1.0,1.0,,,,,,,,,,,,True,-0.4308975130047142,0.712467615194288,3.0,0.3195715284277804,-4.169446070878266,1.94714701013012,0.8525504656549898
2021-03-12,recovery,0.6666666666666666,0.0,1.0,1.0,,,,,,,,,,,,True,-0.360256980086705,0.766213914048568,3.0,0.3046780679058549,-4.169446070878266,1.94714701013012,0.8572306528624781
2021-03-19,recovery,0.6666666666666666,1.0,1.0,0.0,,,,,,,,,,,,True,0.084686107733119,1.691984992874712,3.0,0.5283876494875855,-6.526989076923073,1.7471470101301199,0.8628563324351156
2021-03-26,expansion,0.25,,,,1.0,0.0,0.0,0.0,,,,,,,,False,0.1158878071147098,1.7341024098803952,3.0,0.5478633731673976,-6.526989076923073,1.7471470101301199,0.8677256181156338
2021-04-02,expansion,0.25,,,,1.0,0.0,0.0,0.0,,,,,,,,False,0.2457716927182461,2.285199032846018,2.0,0.5000190144054413,-6.526989076923073,1.7471470101301199,0.871271214484943
2021-04-09,expansion,0.5,,,,1.0,0.0,1.0,0.0,,,,,,,,False,0.2829252041130227,2.2552157602922653,1.0,0.5213706226243427,-6.526989076923073,1.7471470101301199,0.8734458469247861
2021-04-16,expansion,0.5,,,,1.0,0.0,1.0,0.0,,,,,,,,False,0.4849190017049336,2.2852290916499483,1.0,0.6201690370244005,-4.245757142857144,1.6471470101301193,0.875715028601144
2021-04-23,expansion,0.5,,,,1.0,0.0,1.0,0.0,,,,,,,,False,0.4626477448709769,3.119982726801294,0.0,0.6185243571423836,-4.245757142857144,1.6471470101301193,0.8817661797380986
2021-04-30,expansion,0.5,,,,1.0,0.0,1.0,0.0,,,,,,,,False,0.5752741349443478,3.5065222134236107,0.0,0.574311736041357,-4.245757142857144,1.6471470101301193,0.8691899426365732
2021-05-07,expansion,0.5,,,,1.0,0.0,1.0,0.0,,,,,,,,False,0.6052104094762562,3.495496544342869,0.0,0.5923784377197202,-4.245757142857144,1.6471470101301193,0.8461337513061651
2021-05-14,expansion,0.5,,,,1.0,0.0,1.0,0.0,,,,,,,,False,0.6417037527365723,3.310807443520865,0.0,0.6160010846204748,-3.9652661042944857,1.6502102337037199,0.8256378149945218
2021-05-21,expansion,0.5,,,,1.0,0.0,1.0,0.0,,,,,,,,False,0.6065031447876692,2.1526024513240607,0.0,0.6044509165140708,-3.9652661042944857,1.6502102337037199,0.7999628010787687
2021-05-28,expansion,0.75,,,,1.0,1.0,1.0,0.0,,,,,,,,True,0.6440634367925709,2.178757382570138,0.0,0.5754972537983248,-3.9652661042944857,1.6502102337037199,0.7776332899869961
2021-06-04,expansion,0.75,,,,1.0,1.0,1.0,0.0,,,,,,,,True,0.7049734295008723,1.921503139583426,0.0,0.5339589228793415,-3.9652661042944857,1.6502102337037199,0.7622351629290051
2021-06-11,expansion,0.75,,,,1.0,1.0,1.0,0.0,,,,,,,,True,0.7621387204448874,2.058351713496481,0.0,0.5305578320750737,-3.9652661042944857,1.6502102337037199,0.7498290247572151
2021-06-18,expansion,0.5,,,,1.0,1.0,0.0,0.0,,,,,,,,False,0.6744898250862316,1.364533838626222,1.0,0.4217323606954529,-3.151033231240433,1.35021023370372,0.7344128329297821
2021-06-25,expansion,0.5,,,,1.0,1.0,0.0,0.0,,,,,,,,False,0.6900785395826737,1.3502770281697258,1.0,0.4133541973938596,-3.151033231240433,1.35021023370372,0.7211569710757231
2021-07-02,expansion,0.5,,,,1.0,1.0,0.0,0.0,,,,,,,,False,0.7168292700693569,1.0098186462621912,1.0,0.3996249275093878,-3.151033231240433,1.35021023370372,0.7153162221103841
2021-07-09,expansion,0.5,,,,1.0,1.0,0.0,0.0,,,,,,,,False,0.7637796584224217,0.9967968390195278,1.0,0.4067971240706496,-3.151033231240433,1.35021023370372,0.7175375064666322
2021-07-16,expansion,0.5,,,,1.0,1.0,0.0,0.0,,,,,,,,False,0.8010303627258107,1.1099323073370826,1.0,0.3930763602747296,-2.7411354740061284,1.4502102337037206,0.725750776665516
2021-07-23,expansion,0.5,,,,1.0,1.0,0.0,0.0,,,,,,,,False,0.7399857728528408,0.7882224800849604,1.0,0.3310974657569651,-2.7411354740061284,1.4502102337037206,0.7388111888111888
2021-07-30,expansion,0.5,,,,1.0,1.0,0.0,0.0,,,,,,,,False,0.7537406027140723,0.6410614610407361,1.0,0.3387831875842751,-2.7411354740061284,1.4502102337037206,0.7363570654138055
2021-08-06,expansion,0.5,,,,1.0,1.0,0.0,0.0,,,,,,,,False,0.7655374340642485,0.59698652637166,1.0,0.3337323353752504,-2.7411354740061284,1.4502102337037206,0.7151984511132623
2021-08-13,expansion,0.5,,,,1.0,1.0,0.0,0.0,,,,,,,,False,0.7874133782619367,0.5492757300252078,1.0,0.3384154408349661,-2.277153587786259,0.9529895829426511,0.6771447282252783
2021-08-20,expansion,0.5,,,,1.0,1.0,0.0,0.0,,,,,,,,False,0.7916120828811414,0.5512692103978326,1.0,0.3415036009284907,-2.277153587786259,0.9529895829426511,0.633778857837181
2021-08-27,expansion,0.5,,,,1.0,1.0,0.0,0.0,,,,,,,,False,0.823934434031133,0.5301586973143415,1.0,0.3379490964264194,-2.277153587786259,0.9529895829426511,0.6014473331546503
2021-09-03,expansion,0.5,,,,1.0,1.0,0.0,0.0,,,,,,,,False,0.7848638489098889,0.3378261188545061,2.0,0.368328854684588,-2.277153587786259,0.9529895829426511,0.5903243847874721
2021-09-10,expansion,0.5,,,,1.0,1.0,0.0,0.0,,,,,,,,False,0.8016234140163607,0.0233658055477032,2.0,0.3678732861031007,-2.277153587786259,0.9529895829426511,0.5975950782997763
2021-09-17,slowdown,1.0,,,,,,,,1.0,1.0,1.0,,,,,True,0.6615466086725644,-0.3540143075364019,3.0,0.4050144903329508,-2.3399810975609654,0.6529895829426504,0.5974358974358974
2021-09-24,slowdown,1.0,,,,,,,,1.0,1.0,1.0,,,,,True,0.6577562320817524,-0.3620076117616185,3.0,0.4009916846110689,-2.3399810975609654,0.6529895829426504,0.602633839106785
2021-10-01,slowdown,1.0,,,,,,,,1.0,1.0,1.0,,,,,True,0.634294821580165,-0.4899670872698639,3.0,0.3953218336018045,-2.3399810975609654,0.6529895829426504,0.5899618432638685
2021-10-08,slowdown,1.0,,,,,,,,1.0,1.0,1.0,,,,,True,0.6653743845496095,-0.3497967550391235,3.0,0.3911213266937569,-2.3399810975609654,0.6529895829426504,0.5760382432028682
2021-10-15,slowdown,1.0,,,,,,,,1.0,1.0,1.0,,,,,True,0.684315760105233,-0.349337171570698,3.0,0.4012896744102295,-3.178835312024347,0.25298958294265095,0.5829100687182551
2021-10-22,slowdown,0.3333333333333333,,,,,,,,0.0,0.0,1.0,,,,,False,0.8309762803701444,0.3044631423587035,2.0,0.4283877389898493,-3.178835312024347,0.25298958294265095,0.5981475948610696
2021-10-29,expansion,0.5,,,,1.0,0.0,1.0,0.0,,,,,,,,False,0.9152678293494372,0.622262938097754,1.0,0.4663373625871598,-3.178835312024347,0.25298958294265095,0.6214520466089035
2021-11-05,expansion,0.5,,,,1.0,0.0,1.0,0.0,,,,,,,,False,0.965485010678297,0.710103876908413,1.0,0.4895718233135172,-3.178835312024347,0.25298958294265095,0.6531221989841649
2021-11-12,expansion,0.5,,,,1.0,0.0,1.0,0.0,,,,,,,,False,1.0177154667182702,0.8447492844714886,1.0,0.4988167210977506,-2.0789709726443704,0.055582308701040084,0.6683597251269794
2021-11-19,expansion,0.5,,,,1.0,0.0,1.0,0.0,,,,,,,,False,1.1141161904617023,1.9103586552480292,0.0,0.4914687816616889,-2.0789709726443704,0.055582308701040084,0.6803107260233044
2021-11-26,expansion,0.5,,,,1.0,0.0,1.0,0.0,,,,,,,,False,1.151281118849763,2.0067378076063087,0.0,0.5036028709994724,-2.0789709726443704,0.055582308701040084,0.6919629518972213
2021-12-03,expansion,0.5,,,,1.0,0.0,1.0,0.0,,,,,,,,False,1.131163237722674,1.8952831006957027,1.0,0.5434124372873996,-2.0789709726443704,0.055582308701040084,0.7054078279055871
2021-12-10,expansion,0.5,,,,1.0,0.0,1.0,0.0,,,,,,,,False,1.1811068044959665,1.7361574077114497,1.0,0.5511678452034733,-2.0789709726443704,0.055582308701040084,0.7173588288019122
2021-12-17,expansion,0.5,,,,1.0,0.0,0.0,1.0,,,,,,,,False,1.1028404365328888,0.808937111675179,2.0,0.6091934535582982,-1.4984936267071305,-0.34441769129896027,0.7308037048102779
2021-12-24,expansion,0.5,,,,1.0,0.0,0.0,1.0,,,,,,,,False,1.1121161230070722,0.6860815174017226,2.0,0.611566466907622,-1.4984936267071305,-0.34441769129896027,0.7376755303256648
2021-12-31,expansion,0.75,,,,1.0,1.0,0.0,1.0,,,,,,,,True,1.022387843714362,0.266859328742952,2.0,0.6688567641742554,-1.4984936267071305,-0.34441769129896027,0.7403645055273379
2022-01-07,expansion,0.75,,,,1.0,1.0,0.0,1.0,,,,,,,,True,1.0119544422326368,0.1715513101536295,2.0,0.6638112896158493,-1.4984936267071305,-0.34441769129896027,0.7407074340527577
2022-01-14,expansion,0.75,,,,1.0,1.0,0.0,1.0,,,,,,,,True,0.9922084987961668,-0.2834939093570922,2.0,0.6586146436851292,-1.6892303030302998,-0.54441769129896,0.7338129496402878
2022-01-21,expansion,0.75,,,,1.0,1.0,0.0,1.0,,,,,,,,True,0.9449419986433014,-0.7216011304062884,3.0,0.665993517055612,-1.6892303030302998,-0.54441769129896,0.7269184652278178
2022-01-28,expansion,0.75,,,,1.0,1.0,0.0,1.0,,,,,,,,True,0.917277732841929,-0.8472201924502445,3.0,0.655806939448891,-1.6892303030302998,-0.54441769129896,0.7176258992805755
2022-02-04,slowdown,1.0,,,,,,,,1.0,1.0,1.0,,,,,True,0.745043293728506,-1.1983673556144931,3.0,0.6531558073712066,-1.6892303030302998,-0.54441769129896,0.7107314148681055
2022-02-11,slowdown,1.0,,,,,,,,1.0,1.0,1.0,,,,,True,0.7768624914296988,-1.0852964949175266,3.0,0.6431870785468656,-1.6892303030302998,-0.54441769129896,0.7031921424186618
2022-02-18,slowdown,0.6666666666666666,,,,,,,,1.0,1.0,0.0,,,,,True,0.8744393927646735,-0.2957415308090603,1.0,0.5830350267650448,-1.9669500756429699,-0.4419167792237406,0.7117537313432836
2022-02-25,slowdown,0.6666666666666666,,,,,,,,1.0,1.0,0.0,,,,,True,0.8804179730029287,-0.2948931535629236,1.0,0.5834202676954747,-1.9669500756429699,-0.4419167792237406,0.7066367425456878
2022-03-04,slowdown,0.6666666666666666,,,,,,,,1.0,1.0,0.0,,,,,True,0.8492372478569342,-0.1560137559521124,1.0,0.5626170473923632,-1.9669500756429699,-0.4419167792237406,0.702317880794702
2022-03-11,slowdown,0.3333333333333333,,,,,,,,1.0,0.0,0.0,,,,,False,0.84657980621557,0.0240852797284882,1.0,0.5543278535411906,-1.9669500756429699,-0.4419167792237406,0.6980351602895554
2022-03-18,slowdown,0.3333333333333333,,,,,,,,1.0,0.0,0.0,,,,,False,0.8534447786458024,0.1805740970347477,1.0,0.556901089392907,-1.4750185800604356,-0.5419167792237407,0.6826304503216584
2022-03-25,expansion,0.75,,,,1.0,0.0,1.0,1.0,,,,,,,,True,0.8634965646349648,0.2509863677784817,1.0,0.5585085311231989,-1.4750185800604356,-0.5419167792237407,0.6801322071244951
2022-04-01,expansion,0.75,,,,1.0,0.0,1.0,1.0,,,,,,,,True,0.7667978102766766,0.4785413285300982,1.0,0.5115577368867417,-1.4750185800604356,-0.5419167792237407,0.6809861785580874
2022-04-08,expansion,0.75,,,,1.0,0.0,1.0,1.0,,,,,,,,True,0.76923617468089,0.1066011050157275,1.0,0.5114611997305911,-1.4750185800604356,-0.5419167792237407,0.6728794218333968
2022-04-15,expansion,0.5,,,,1.0,0.0,0.0,1.0,,,,,,,,False,0.750240689202598,-0.1763513794266461,2.0,0.5188824343506901,-1.0258689291101035,-0.7419167792237404,0.6593362654938025
2022-04-22,slowdown,1.0,,,,,,,,1.0,1.0,1.0,,,,,True,0.7697486970280301,-0.292044685180547,2.0,0.5080912587580233,-1.0258689291101035,-0.7419167792237404,0.6520491803278688
2022-04-29,slowdown,1.0,,,,,,,,1.0,1.0,1.0,,,,,True,0.7487820847620197,-0.2472649005266141,2.0,0.4976111603745324,-1.0258689291101035,-0.7419167792237404,0.6383701188455009
2022-05-06,slowdown,1.0,,,,,,,,1.0,1.0,1.0,,,,,True,0.7468563268239421,-0.2343483453798576,2.0,0.4957403723394413,-1.0258689291101035,-0.7419167792237404,0.61983842010772
2022-05-13,slowdown,1.0,,,,,,,,1.0,1.0,1.0,,,,,True,0.7526993370778812,-0.368027188771589,2.0,0.4974773709489162,-1.0078487951807347,-0.7404667293697802,0.604370060437006
2022-05-20,slowdown,1.0,,,,,,,,1.0,1.0,1.0,,,,,True,0.646487489197457,-0.7560329110048335,3.0,0.5328066083604831,-1.0078487951807347,-0.7404667293697802,0.5901559454191033
2022-05-27,slowdown,1.0,,,,,,,,1.0,1.0,1.0,,,,,True,0.6409056115084073,-0.7563678854480514,3.0,0.529594556971529,-1.0078487951807347,-0.7404667293697802,0.5539343408025013
2022-06-03,slowdown,1.0,,,,,,,,1.0,1.0,1.0,,,,,True,0.6139544603154505,-0.55929533586686,3.0,0.5158284922642244,-1.0078487951807347,-0.7404667293697802,0.5308911973756151
2022-06-10,slowdown,1.0,,,,,,,,1.0,1.0,1.0,,,,,True,0.6055610806362417,-0.506777089573095,3.0,0.5081041177937433,-1.0078487951807347,-0.7404667293697802,0.5219373219373219
2022-06-17,slowdown,1.0,,,,,,,,1.0,1.0,1.0,,,,,True,0.4543147971935323,-1.0620986522357951,3.0,0.5632931141339592,-1.12555368421053,-0.8404667293697803,0.5058275058275058
2022-06-24,slowdown,1.0,,,,,,,,1.0,1.0,1.0,,,,,True,0.4447535277012781,-1.081124642128232,3.0,0.5592547265959067,-1.12555368421053,-0.8404667293697803,0.5085444902769594
2022-07-01,slowdown,1.0,,,,,,,,1.0,1.0,1.0,,,,,True,0.3505394697644395,-1.2732227332618615,3.0,0.5126579470882695,-1.12555368421053,-0.8404667293697803,0.489010989010989
2022-07-08,slowdown,1.0,,,,,,,,1.0,1.0,1.0,,,,,True,0.3520594723416589,-1.0618511240314497,3.0,0.4996863154414228,-1.12555368421053,-0.8404667293697803,0.46507237256135936
2022-07-15,slowdown,0.6666666666666666,,,,,,,,1.0,1.0,0.0,,,,,True,0.3416156423276321,-1.05656802622102,3.0,0.4943137587828459,-1.4199184684684667,-0.8404667293697803,0.43530192435301923
2022-07-22,slowdown,0.6666666666666666,,,,,,,,1.0,1.0,0.0,,,,,True,0.2698998047052034,-0.938001741956736,3.0,0.4536175875596315,-1.4199184684684667,-0.8404667293697803,0.43463835434638354
2022-07-29,slowdown,0.6666666666666666,,,,,,,,1.0,1.0,0.0,,,,,True,0.42515062748942,-0.3588026732056846,3.0,0.5240988521517257,-1.4199184684684667,-0.8404667293697803,0.43331121433311215
2022-08-05,slowdown,0.6666666666666666,,,,,,,,1.0,1.0,0.0,,,,,True,0.4081061725654219,-0.3673919439110725,3.0,0.5150591317722173,-1.4199184684684667,-0.8404667293697803,0.42733908427339085
2022-08-12,slowdown,0.6666666666666666,,,,,,,,1.0,1.0,0.0,,,,,True,0.387166441185052,-0.5237379749477308,3.0,0.5063963899142829,-1.323431334332838,-0.9389317490436095,0.418049104180491
2022-08-19,slowdown,0.3333333333333333,,,,,,,,1.0,0.0,0.0,,,,,False,0.3890222850956829,0.086863847811973,2.0,0.5277699359585007,-1.323431334332838,-0.9389317490436095,0.4041694687289845
2022-08-26,slowdown,0.0,,,,,,,,0.0,0.0,0.0,,,,,False,0.3835947896149452,0.1093794968617656,2.0,0.5243111268630454,-1.323431334332838,-0.9389317490436095,0.3924914675767918
2022-09-02,expansion,0.75,,,,1.0,0.0,1.0,1.0,,,,,,,,True,0.4346621874678896,0.5239367070927542,2.0,0.5563708214510172,-1.323431334332838,-0.9389317490436095,0.3856845031271717
2022-09-09,expansion,0.5,,,,1.0,0.0,0.0,1.0,,,,,,,,False,0.4349512536465325,0.2294210293609959,3.0,0.560424124444144,-1.323431334332838,-0.9389317490436095,0.38971106412966877
2022-09-16,expansion,0.75,,,,1.0,0.0,1.0,1.0,,,,,,,,True,0.5063250783933005,0.7637068766121183,2.0,0.6045223758101151,-1.4977857784431166,-0.8389317490436095,0.4023960535588443
2022-09-23,expansion,0.75,,,,1.0,0.0,1.0,1.0,,,,,,,,True,0.4787538943732723,0.6441410581540713,2.0,0.5696638675083294,-1.4977857784431166,-0.8389317490436095,0.4200140944326991
2022-09-30,expansion,0.75,,,,1.0,0.0,1.0,1.0,,,,,,,,True,0.5145068422084675,0.2553412730252508,2.0,0.5916682665693693,-1.4977857784431166,-0.8389317490436095,0.42917547568710357
2022-10-07,expansion,0.75,,,,1.0,0.0,1.0,1.0,,,,,,,,True,0.5082024824776052,0.281043954661578,2.0,0.5883667739848839,-1.4977857784431166,-0.8389317490436095,0.4340974212034384
2022-10-14,expansion,0.75,,,,1.0,0.0,1.0,1.0,,,,,,,,True,0.4900180026088053,0.3222651216051855,1.0,0.5759788453891177,-1.4307439461883433,-0.9389317490436095,0.41263940520446096
2022-10-21,expansion,0.75,,,,1.0,0.0,1.0,1.0,,,,,,,,True,0.4656144786753582,0.1918772876274481,1.0,0.5722888484267935,-1.4307439461883433,-0.9389317490436095,0.367008681925809
2022-10-28,expansion,1.0,,,,1.0,1.0,1.0,1.0,,,,,,,,True,0.4495362951633304,0.1533173051436077,1.0,0.5631060222998433,-1.4307439461883433,-0.9389317490436095,0.31180017226528856
2022-11-04,expansion,1.0,,,,1.0,1.0,1.0,1.0,,,,,,,,True,0.3934343915431554,-0.1748286026515032,1.0,0.5245337406854067,-1.4307439461883433,-0.9389317490436095,0.2693693693693694
2022-11-11,expansion,1.0,,,,1.0,1.0,1.0,1.0,,,,,,,,True,0.3843468916086338,-0.1580873241917977,1.0,0.5201405477820292,-1.4307439461883433,-0.9389317490436095,0.24299065420560748
2022-11-18,slowdown,1.0,,,,,,,,1.0,1.0,1.0,,,,,True,0.2612421356610672,-0.707838352840807,3.0,0.4847706203758821,-1.5528228358208906,-0.8372323670789199,0.21726479146459748
2022-11-25,slowdown,1.0,,,,,,,,1.0,1.0,1.0,,,,,True,0.2401042292894386,-0.7669772014786522,3.0,0.4710143012856151,-1.5528228358208906,-0.8372323670789199,0.17038539553752535
2022-12-02,slowdown,1.0,,,,,,,,1.0,1.0,1.0,,,,,True,0.208028785245983,-0.9191251324676648,3.0,0.4510700596752436,-1.5528228358208906,-0.8372323670789199,0.13547052740434332
2022-12-09,slowdown,1.0,,,,,,,,1.0,1.0,1.0,,,,,True,0.1834620486326165,-1.0777661603286264,4.0,0.4450921806368889,-1.5528228358208906,-0.8372323670789199,0.1282316442605998
2022-12-16,slowdown,1.0,,,,,,,,1.0,1.0,1.0,,,,,True,0.0994307446813638,-1.3007502647803235,4.0,0.3985963432756643,-1.8799169895678176,-0.8372323670789199,0.12306101344364012
2022-12-23,slowdown,1.0,,,,,,,,1.0,1.0,1.0,,,,,True,-0.0833018484534084,-1.8217041240565048,4.0,0.3450996670009116,-1.8799169895678176,-0.8372323670789199,0.12409513960703206
2022-12-30,slowdown,1.0,,,,,,,,1.0,1.0,1.0,,,,,True,-0.0663078090578584,-1.5907264193006754,4.0,0.3488206433375032,-1.8799169895678176,-0.8372323670789199,0.1313340227507756
2023-01-06,slowdown,1.0,,,,,,,,1.0,1.0,1.0,,,,,True,-0.0743925486460888,-1.5911237427930658,4.0,0.3432608383898915,-1.8799169895678176,-0.8372323670789199,0.13547052740434332
2023-01-13,slowdown,1.0,,,,,,,,1.0,1.0,1.0,,,,,True,-0.0799828796733163,-1.4879904568858104,4.0,0.3349724183850574,-2.896600148809526,-0.93723236707892,0.13960703205791106
2023-01-20,slowdown,0.6666666666666666,,,,,,,,1.0,1.0,0.0,,,,,True,0.205323575817501,-0.0721309708483028,3.0,0.4896567401610906,-2.896600148809526,-0.93723236707892,0.13857290589451912
2023-01-27,slowdown,0.6666666666666666,,,,,,,,1.0,1.0,0.0,,,,,True,0.1991042118885537,-0.0606402766117942,3.0,0.4842381072021693,-2.896600148809526,-0.93723236707892,0.14788004136504654
2023-02-03,slowdown,0.0,,,,,,,,0.0,0.0,0.0,,,,,False,0.2797410507718477,0.2819179322784712,2.0,0.5562390489486129,-2.896600148809526,-0.93723236707892,0.14891416752843847
2023-02-10,slowdown,0.0,,,,,,,,0.0,0.0,0.0,,,,,False,0.2686566535458967,0.4087667634733436,1.0,0.5472525108116663,-2.896600148809526,-0.93723236707892,0.11758360302049622
2023-02-17,expansion,0.75,,,,1.0,0.0,1.0,1.0,,,,,,,,True,0.257301427760057,1.2175965652507277,0.0,0.5363873577795554,-2.425390936106993,-0.9352964412522198,0.1005464480874317
2023-02-24,expansion,0.75,,,,1.0,0.0,1.0,1.0,,,,,,,,True,0.2431082717557643,1.2030526662787706,0.0,0.5227377098595275,-2.425390936106993,-0.9352964412522198,0.06674082313681869
2023-03-03,expansion,0.75,,,,1.0,0.0,1.0,1.0,,,,,,,,True,0.2490496787990676,1.1543351531597272,0.0,0.5301600278194121,-2.425390936106993,-0.9352964412522198,0.04269662921348315
2023-03-10,expansion,0.75,,,,1.0,0.0,1.0,1.0,,,,,,,,True,0.2273310637978945,0.9191218409015768,1.0,0.5303673094989383,-2.425390936106993,-0.9352964412522198,0.0348314606741573
2023-03-17,expansion,1.0,,,,1.0,1.0,1.0,1.0,,,,,,,,True,0.2076035019779273,-0.1317096839382203,2.0,0.4279505464339338,-2.415002522255193,-0.8352964412522197,0.017977528089887642
2023-03-24,expansion,1.0,,,,1.0,1.0,1.0,1.0,,,,,,,,True,0.1425489166625625,-0.3284840084967789,2.0,0.3694468588884521,-2.415002522255193,-0.8352964412522197,0.015730337078651686
2023-03-31,slowdown,0.6666666666666666,,,,,,,,1.0,1.0,0.0,,,,,True,0.1644178398700858,-0.4801984645251345,2.0,0.3734156400788901,-2.415002522255193,-0.8352964412522197,0.0011235955056179776
2023-04-07,slowdown,1.0,,,,,,,,1.0,1.0,1.0,,,,,True,0.1670476295892735,-0.4568278681522132,2.0,0.373325886335156,-2.415002522255193,-0.8352964412522197,0.0
2023-04-14,slowdown,1.0,,,,,,,,1.0,1.0,1.0,,,,,True,0.1624699923012202,-0.4387324237567654,2.0,0.3672169573888857,-2.215914814814809,-0.9352964412522198,0.014192139737991267
2023-04-21,slowdown,1.0,,,,,,,,1.0,1.0,1.0,,,,,True,0.1434767462245489,-0.4883390612259423,2.0,0.3472125785889621,-2.215914814814809,-0.9352964412522198,0.016375545851528384
2023-04-28,slowdown,1.0,,,,,,,,1.0,1.0,1.0,,,,,True,0.1519206364949127,-0.4522038532872597,2.0,0.3421294275839027,-2.215914814814809,-0.9352964412522198,0.024017467248908297
2023-05-05,slowdown,1.0,,,,,,,,1.0,1.0,1.0,,,,,True,0.1579152470947844,-0.4439255287138536,2.0,0.3477663845935232,-2.215914814814809,-0.9352964412522198,0.05131004366812227
2023-05-12,slowdown,0.6666666666666666,,,,,,,,1.0,1.0,0.0,,,,,True,0.1523801075813449,-0.3128811429691848,1.0,0.3513561172739449,-2.215914814814809,-0.9352964412522198,0.055676855895196505
2023-05-19,slowdown,0.6666666666666666,,,,,,,,1.0,1.0,0.0,,,,,True,0.1118858585107287,-0.141586598717375,1.0,0.37985183034733,-2.1283616863905337,-1.03350999614073,0.05240174672489083
2023-05-26,slowdown,0.6666666666666666,,,,,,,,1.0,1.0,0.0,,,,,True,0.0988659165033117,-0.1257528880928687,1.0,0.3897337796470408,-2.1283616863905337,-1.03350999614073,0.05021834061135371
2023-06-02,slowdown,0.6666666666666666,,,,,,,,1.0,1.0,0.0,,,,,True,0.1009164156395211,-0.2495445210669982,1.0,0.3979950794910409,-2.1283616863905337,-1.03350999614073,0.03056768558951965
2023-06-09,slowdown,0.6666666666666666,,,,,,,,1.0,1.0,0.0,,,,,True,0.078452602408489,-0.2834296622580083,1.0,0.416928741268341,-2.1283616863905337,-1.03350999614073,0.013100436681222707
2023-06-16,slowdown,0.3333333333333333,,,,,,,,1.0,0.0,0.0,,,,,False,0.1163471796476849,0.0207186355224878,1.0,0.3504242614997969,-2.463118020679474,-0.8335099961407297,0.0
2023-06-23,slowdown,0.6666666666666666,,,,,,,,1.0,1.0,0.0,,,,,True,0.0086002051006379,-0.3195162481051988,2.0,0.3158246254603515,-2.463118020679474,-0.8335099961407297,0.0
2023-06-30,slowdown,0.6666666666666666,,,,,,,,1.0,1.0,0.0,,,,,True,-0.0032708467566962,-0.3669346280940943,2.0,0.325165490033862,-2.463118020679474,-0.8335099961407297,0.0
2023-07-07,slowdown,0.6666666666666666,,,,,,,,1.0,1.0,0.0,,,,,True,-0.0054018486355316,-0.3576418579842898,2.0,0.326653513880172,-2.463118020679474,-0.8335099961407297,0.0
2023-07-14,slowdown,1.0,,,,,,,,1.0,1.0,1.0,,,,,True,-0.0018725387234818,-0.3985546996128785,3.0,0.3235494121164944,-3.1613483775811204,-0.8335099961407297,0.003988035892323031
2023-07-21,slowdown,0.6666666666666666,,,,,,,,1.0,1.0,0.0,,,,,True,0.0926509427453602,-0.0338586233489784,2.0,0.3740675406268378,-3.1613483775811204,-0.8335099961407297,0.02991026919242273
2023-07-28,slowdown,0.6666666666666666,,,,,,,,1.0,1.0,0.0,,,,,True,0.0918763964997876,-0.0086623504358203,2.0,0.3748568197348787,-3.1613483775811204,-0.8335099961407297,0.05982053838484546
2023-08-04,slowdown,0.0,,,,,,,,0.0,0.0,0.0,,,,,False,0.130139266755588,0.0834824485902265,2.0,0.3394721662706894,-3.1613483775811204,-0.8335099961407297,0.06480558325024925
2023-08-11,slowdown,0.3333333333333333,,,,,,,,0.0,0.0,1.0,,,,,False,0.1228941643972584,0.0937274272660875,2.0,0.3456502441527118,-3.1613483775811204,-0.8335099961407297,0.07477567298105683
2023-08-18,slowdown,0.0,,,,,,,,0.0,0.0,0.0,,,,,False,0.157124909653429,0.2626952315901331,1.0,0.421220290469284,-2.6268739322533037,-0.9313678808796295,0.04685942173479561
2023-08-25,slowdown,0.0,,,,,,,,0.0,0.0,0.0,,,,,False,0.1491269517480367,0.2530200210751042,1.0,0.4315111350837384,-2.6268739322533037,-0.9313678808796295,0.027916251246261216
2023-09-01,expansion,0.75,,,,1.0,0.0,1.0,1.0,,,,,,,,True,0.1465706122098197,0.2612655079322237,1.0,0.4444537916314282,-2.6268739322533037,-0.9313678808796295,0.018943170488534396
2023-09-08,expansion,0.75,,,,1.0,0.0,1.0,1.0,,,,,,,,True,0.1532561264296965,0.2703734502011429,1.0,0.4168701029722832,-2.6268739322533037,-0.9313678808796295,0.022931206380857428
2023-09-15,expansion,0.75,,,,1.0,0.0,1.0,1.0,,,,,,,,True,0.1554469559071382,0.2651619518106943,1.0,0.3972805240032313,-2.7413366176470646,-0.7313678808796293,0.05583250249252243
2023-09-22,expansion,0.75,,,,1.0,0.0,1.0,1.0,,,,,,,,True,0.1943215519125791,0.1244645873801516,1.0,0.3691998550986493,-2.7413366176470646,-0.7313678808796293,0.07876370887337986
2023-09-29,expansion,0.75,,,,1.0,1.0,0.0,1.0,,,,,,,,True,0.1833495357839078,-0.0305200072279101,2.0,0.3803491840762391,-2.7413366176470646,-0.7313678808796293,0.10767696909272183
2023-10-06,expansion,0.75,,,,1.0,1.0,0.0,1.0,,,,,,,,True,0.1899211928879369,0.0077620522668174,2.0,0.3810206019995439,-2.7413366176470646,-0.7313678808796293,0.12562313060817548
2023-10-13,expansion,0.75,,,,1.0,1.0,0.0,1.0,,,,,,,,True,0.1975309985902041,0.0179344506854063,2.0,0.3736980696943698,-2.6587267254038096,-0.7313678808796293,0.1345962113659023
2023-10-20,expansion,0.75,,,,1.0,1.0,0.0,1.0,,,,,,,,True,0.1401824042712943,-0.2452368914258115,3.0,0.3710733828031318,-2.6587267254038096,-0.7313678808796293,0.14955134596211367
2023-10-27,expansion,0.75,,,,1.0,1.0,0.0,1.0,,,,,,,,True,0.138378557883102,-0.2425268722142981,3.0,0.3722175243189637,-2.6587267254038096,-0.7313678808796293,0.16051844466600199
2023-11-03,slowdown,0.6666666666666666,,,,,,,,0.0,1.0,1.0,,,,,True,0.162850390762166,-0.1844560817313324,2.0,0.362373070645881,-2.6587267254038096,-0.7313678808796293,0.1625124626121635
2023-11-10,slowdown,1.0,,,,,,,,1.0,1.0,1.0,,,,,True,0.1502211863882986,-0.2237170712596092,2.0,0.3613560644282925,-2.6587267254038096,-0.7313678808796293,0.16151545363908276
2023-11-17,slowdown,0.6666666666666666,,,,,,,,1.0,1.0,0.0,,,,,True,0.1558557923028022,-0.2880312520224225,2.0,0.3868258133631042,-3.132626686217023,-0.5288242400857901,0.15553339980059822
2023-11-24,slowdown,0.6666666666666666,,,,,,,,1.0,1.0,0.0,,,,,True,0.1551269722431376,-0.3047058553256224,2.0,0.3875532160747878,-3.132626686217023,-0.5288242400857901,0.12562313060817548
2023-12-01,slowdown,0.3333333333333333,,,,,,,,0.0,1.0,0.0,,,,,False,0.2131276527554081,-0.0477850458070361,2.0,0.3371058466543654,-3.132626686217023,-0.5288242400857901,0.12662013958125623
2023-12-08,slowdown,0.3333333333333333,,,,,,,,0.0,1.0,0.0,,,,,False,0.2045128883955778,-0.0565329836900736,2.0,0.3260965160163662,-3.132626686217023,-0.5288242400857901,0.13060817547357925
2023-12-15,slowdown,0.3333333333333333,,,,,,,,0.0,1.0,0.0,,,,,False,0.2185499860472192,-0.0381243807636895,2.0,0.3206684419273064,-2.8793048316251912,-0.7288242400857898,0.13160518444666003
2023-12-22,slowdown,0.0,,,,,,,,0.0,0.0,0.0,,,,,False,0.2006116747353355,0.098632982353795,1.0,0.3231020758709563,-2.8793048316251912,-0.7288242400857898,0.1585244267198405
2023-12-29,slowdown,0.0,,,,,,,,0.0,0.0,0.0,,,,,False,0.2034347131084574,0.0406370726622149,1.0,0.3209019916272307,-2.8793048316251912,-0.7288242400857898,0.1625124626121635
2024-01-05,slowdown,0.0,,,,,,,,0.0,0.0,0.0,,,,,False,0.2091395391780299,0.0677977891582501,1.0,0.316822596743232,-2.8793048316251912,-0.7288242400857898,0.16350947158524426
2024-01-12,slowdown,0.0,,,,,,,,0.0,0.0,0.0,,,,,False,0.2058933439529936,0.1429992770777597,1.0,0.3057916758766972,-3.1248296783625733,-0.6288242400857902,0.17846460618145563
2024-01-19,slowdown,1.0,,,,,,,,1.0,1.0,1.0,,,,,True,0.0337002477400189,-0.3331257493019126,3.0,0.2952427887618757,-3.1248296783625733,-0.6288242400857902,0.18045862412761715
2024-01-26,slowdown,1.0,,,,,,,,1.0,1.0,1.0,,,,,True,0.0278406120997566,-0.3474975082321484,3.0,0.2979293443115714,-3.1248296783625733,-0.6288242400857902,0.19441674975074777
2024-02-02,slowdown,1.0,,,,,,,,1.0,1.0,1.0,,,,,True,-0.0373385388467208,-0.7255214516301962,4.0,0.3314809395700179,-3.1248296783625733,-0.6288242400857902,0.18245264207377868
2024-02-09,slowdown,1.0,,,,,,,,1.0,1.0,1.0,,,,,True,-0.0520023315478138,-0.7414840142367648,4.0,0.3400976426630278,-3.1248296783625733,-0.6288242400857902,0.15653040877367896
2024-02-16,slowdown,1.0,,,,,,,,1.0,1.0,1.0,,,,,True,-0.1383413809572865,-1.0433437709491629,4.0,0.308011981449045,-4.222456496350375,-0.7256796571856894,0.14456630109670987
2024-02-23,slowdown,1.0,,,,,,,,1.0,1.0,1.0,,,,,True,0.0240828403075624,-0.5641100632417422,3.0,0.3699925682824123,-4.222456496350375,-0.7256796571856894,0.12662013958125623
2024-03-01,slowdown,1.0,,,,,,,,1.0,1.0,1.0,,,,,True,-0.0031039039826216,-0.6865890753280779,3.0,0.3923553432329125,-4.222456496350375,-0.7256796571856894,0.1485543369890329
2024-03-08,slowdown,1.0,,,,,,,,1.0,1.0,1.0,,,,,True,-0.0078192081263237,-0.6597772237731828,2.0,0.3947914762375764,-4.222456496350375,-0.7256796571856894,0.1625124626121635
2024-03-15,slowdown,0.6666666666666666,,,,,,,,1.0,1.0,0.0,,,,,True,-0.0104279821060627,-0.6863003571770744,2.0,0.3953793419407763,-3.455911370262399,-0.5256796571856897,0.1625124626121635
2024-03-22,slowdown,0.6666666666666666,,,,,,,,1.0,1.0,0.0,,,,,True,0.0032485606485734,-0.1902998715816687,2.0,0.4325335186262698,-3.455911370262399,-0.5256796571856897,0.1625124626121635
2024-03-29,slowdown,0.3333333333333333,,,,,,,,0.0,1.0,0.0,,,,,False,-0.0255483003761025,-0.0885581678702659,2.0,0.4344189649402287,-3.455911370262399,-0.5256796571856897,0.15154536390827517
2024-04-05,slowdown,0.3333333333333333,,,,,,,,0.0,1.0,0.0,,,,,False,-0.0322499108752461,-0.0775757099668658,2.0,0.4411920970833649,-3.455911370262399,-0.5256796571856897,0.14955134596211367
2024-04-12,slowdown,0.3333333333333333,,,,,,,,0.0,1.0,0.0,,,,,False,-0.0516920757362883,-0.124399954175653,3.0,0.46278185394401,-3.3702983988355157,-0.5256796571856897,0.13958125623130607
2024-04-19,slowdown,0.6666666666666666,,,,,,,,1.0,1.0,0.0,,,,,True,-0.1053243171923933,-0.4454451842803785,3.0,0.470810855466916,-3.3702983988355157,-0.5256796571856897,0.13958125623130607
2024-04-26,slowdown,0.6666666666666666,,,,,,,,1.0,1.0,0.0,,,,,True,-0.1026411681136924,-0.4563406724664927,3.0,0.4679558847427237,-3.3702983988355157,-0.5256796571856897,0.14057826520438685
2024-05-03,slowdown,1.0,,,,,,,,1.0,1.0,1.0,,,,,True,-0.1162392498108227,-0.3969731811983513,3.0,0.4391392157589302,-3.3702983988355157,-0.5256796571856897,0.14556331006979062
2024-05-10,slowdown,1.0,,,,,,,,1.0,1.0,1.0,,,,,True,-0.1401345919158473,-0.4906426941520165,3.0,0.462429490148995,-3.3702983988355157,-0.5256796571856897,0.16151545363908276
2024-05-17,slowdown,0.6666666666666666,,,,,,,,1.0,1.0,0.0,,,,,True,-0.0376217043428894,-0.2690641305535171,3.0,0.4602744221988679,-3.5811856104651127,-0.5221570752654201,0.14456630109670987
2024-05-24,slowdown,0.6666666666666666,,,,,,,,1.0,1.0,0.0,,,,,True,-0.0430652919406457,-0.2746775922950383,3.0,0.4666095971348643,-3.5811856104651127,-0.5221570752654201,0.1345962113659023
2024-05-31,slowdown,0.3333333333333333,,,,,,,,0.0,1.0,0.0,,,,,False,-0.00114013452426,-0.0320466196942534,2.0,0.5015493253930403,-3.5811856104651127,-0.5221570752654201,0.12761714855433698
2024-06-07,slowdown,0.3333333333333333,,,,,,,,0.0,1.0,0.0,,,,,False,-0.0017088886619648,-0.0273808942491765,2.0,0.5023257988075455,-3.5811856104651127,-0.5221570752654201,0.11465603190428714
2024-06-14,slowdown,0.3333333333333333,,,,,,,,0.0,1.0,0.0,,,,,False,-0.0256179413363319,-0.0203158655819985,2.0,0.5372930904068391,-3.1607914368650256,-0.5221570752654201,0.11764705882352941
2024-06-21,slowdown,0.0,,,,,,,,0.0,0.0,0.0,,,,,False,0.0129699745677834,0.2353717473452496,2.0,0.4776351898093641,-3.1607914368650256,-0.5221570752654201,0.09970089730807577
2024-06-28,slowdown,0.0,,,,,,,,0.0,0.0,0.0,,,,,False,0.0051197259757992,0.1925560890563822,2.0,0.4747094498330339,-3.1607914368650256,-0.5221570752654201,0.07976071784646062
2024-07-05,expansion,0.5,,,,0.0,0.0,1.0,1.0,,,,,,,,False,-0.0376024978340641,0.146511467005532,2.0,0.4616945091693502,-3.1607914368650256,-0.5221570752654201,0.06306306306306306
2024-07-12,expansion,0.5,,,,0.0,0.0,1.0,1.0,,,,,,,,False,-0.0474388529659614,0.1684978999417165,2.0,0.4955764517468931,-3.1607914368650256,-0.5221570752654201,0.037601626016260166
2024-07-19,expansion,0.25,,,,0.0,0.0,0.0,1.0,,,,,,,,False,-0.1401968676065468,-0.235627364379192,3.0,0.3429927037306753,-3.1936562318840487,-0.32215707526542037,0.054878048780487805
2024-07-26,expansion,0.5,,,,0.0,1.0,0.0,1.0,,,,,,,,False,-0.142644843782187,-0.2202314905680878,3.0,0.3401652073579774,-3.1936562318840487,-0.32215707526542037,0.049796747967479675
2024-08-02,slowdown,1.0,,,,,,,,1.0,1.0,1.0,,,,,True,-0.1689471643624783,-0.4620303005325487,4.0,0.3124871141194194,-3.1936562318840487,-0.32215707526542037,0.04573170731707317
2024-08-09,slowdown,1.0,,,,,,,,1.0,1.0,1.0,,,,,True,-0.1928703901677171,-0.4753631797782781,4.0,0.3253571284387706,-3.1936562318840487,-0.32215707526542037,0.03556910569105691
2024-08-16,slowdown,1.0,,,,,,,,1.0,1.0,1.0,,,,,True,-0.1450014238920825,-0.4435145792134491,3.0,0.3312921500704767,-3.9519287988422462,-0.2181849562262368,0.024390243902439025
2024-08-23,slowdown,1.0,,,,,,,,1.0,1.0,1.0,,,,,True,-0.09193867046334,-0.3435382788406868,3.0,0.37184722239656,-3.9519287988422462,-0.2181849562262368,0.037601626016260166
2024-08-30,slowdown,1.0,,,,,,,,1.0,1.0,1.0,,,,,True,-0.1006404095819972,-0.2520971340730426,3.0,0.3570208023071696,-3.9519287988422462,-0.2181849562262368,0.03877551020408163
2024-09-06,slowdown,1.0,,,,,,,,1.0,1.0,1.0,,,,,True,-0.0966491434445043,-0.2552746923062471,3.0,0.3636717877852842,-3.9519287988422462,-0.2181849562262368,0.035416666666666666
2024-09-13,slowdown,0.6666666666666666,,,,,,,,0.0,1.0,1.0,,,,,True,-0.0997484456418435,-0.1737258332675241,3.0,0.3721312461304084,-3.671515462427749,-0.2181849562262368,0.042708333333333334
2024-09-20,slowdown,0.6666666666666666,,,,,,,,1.0,1.0,0.0,,,,,True,-0.1674490731585662,-0.1369290785347969,3.0,0.3686618118777023,-3.671515462427749,-0.2181849562262368,0.04375
2024-09-27,slowdown,0.3333333333333333,,,,,,,,0.0,1.0,0.0,,,,,False,-0.1614472030159383,-0.1090694263321701,3.0,0.3628446245860458,-3.671515462427749,-0.2181849562262368,0.053125
2024-10-04,slowdown,0.3333333333333333,,,,,,,,0.0,1.0,0.0,,,,,False,-0.1915496095771794,-0.1206507815120556,3.0,0.3264142992092196,-3.671515462427749,-0.2181849562262368,0.06458333333333334
2024-10-11,slowdown,0.6666666666666666,,,,,,,,1.0,1.0,0.0,,,,,True,-0.220553340602407,-0.1480465915887595,3.0,0.3395560120475446,-3.671515462427749,-0.2181849562262368,0.06458333333333334
2024-10-18,slowdown,0.6666666666666666,,,,,,,,1.0,1.0,0.0,,,,,True,-0.2163831431665469,-0.3129153820466259,3.0,0.481840076553971,-4.2135265512265505,-0.3181849562262373,0.03229166666666667
2024-10-25,slowdown,0.6666666666666666,,,,,,,,1.0,1.0,0.0,,,,,True,-0.2236498599272817,-0.3415533077832122,3.0,0.4768970137416837,-4.2135265512265505,-0.3181849562262373,0.013541666666666667
2024-11-01,slowdown,0.6666666666666666,,,,,,,,1.0,1.0,0.0,,,,,True,-0.2248241049198274,-0.3015354101737088,3.0,0.4802804753236364,-4.2135265512265505,-0.3181849562262373,0.007291666666666667
2024-11-08,slowdown,0.6666666666666666,,,,,,,,1.0,1.0,0.0,,,,,True,-0.2149386926884309,-0.2705205562001792,3.0,0.5122464150556414,-4.2135265512265505,-0.3181849562262373,0.015625
2024-11-15,slowdown,1.0,,,,,,,,1.0,1.0,1.0,,,,,True,-0.2334106153695239,-0.3698268373417248,3.0,0.4742718197000939,-4.543370461095108,-0.3137372661012021,0.05416666666666667
2024-11-22,slowdown,1.0,,,,,,,,1.0,1.0,1.0,,,,,True,-0.2408499287482313,-0.223089222851152,3.0,0.5033271485366626,-4.543370461095108,-0.3137372661012021,0.078125
2024-11-29,slowdown,0.6666666666666666,,,,,,,,1.0,1.0,0.0,,,,,True,-0.2128024019892759,-0.0540940917139567,2.0,0.5593736148375262,-4.543370461095108,-0.3137372661012021,0.08958333333333333
2024-12-06,slowdown,0.3333333333333333,,,,,,,,0.0,1.0,0.0,,,,,False,-0.213212967981465,-0.0183260022183086,2.0,0.560160686249308,-4.543370461095108,-0.3137372661012021,0.08958333333333333
2024-12-13,slowdown,0.3333333333333333,,,,,,,,1.0,0.0,0.0,,,,,False,-0.2165932686548939,0.1043481707313586,1.0,0.5486051539498844,-4.753620863309351,-0.21373726610120158,0.08854166666666667
2024-12-20,slowdown,0.0,,,,,,,,0.0,0.0,0.0,,,,,False,-0.0078527551816531,0.4653791668903227,0.0,0.4785230798917025,-4.753620863309351,-0.21373726610120158,0.06770833333333333
2024-12-27,slowdown,0.0,,,,,,,,0.0,0.0,0.0,,,,,False,-0.0076760340889791,0.4552080382062416,0.0,0.4783026230735571,-4.753620863309351,-0.21373726610120158,0.06145833333333333
2025-01-03,expansion,0.5,,,,0.0,0.0,1.0,1.0,,,,,,,,False,-0.0200290496240882,0.3786542169411153,0.0,0.5709453404037026,-4.753620863309351,-0.21373726610120158,0.06145833333333333
2025-01-10,expansion,0.5,,,,0.0,0.0,1.0,1.0,,,,,,,,False,-0.0280755337453143,0.2904645767555072,1.0,0.6169371402668026,-4.753620863309351,-0.21373726610120158,0.071875
2025-01-17,expansion,0.5,,,,0.0,0.0,1.0,1.0,,,,,,,,False,-0.0833463294260313,0.2554856972587364,1.0,0.4948844985318681,-4.050792385057477,-0.3137372661012021,0.10520833333333333
2025-01-24,expansion,0.5,,,,0.0,0.0,1.0,1.0,,,,,,,,False,-0.0864288393009596,0.2537935987354632,1.0,0.5040980132396151,-4.050792385057477,-0.3137372661012021,0.10833333333333334
2025-01-31,expansion,0.5,,,,0.0,0.0,1.0,1.0,,,,,,,,False,-0.0907082290954519,0.1540964283250983,1.0,0.5183896799286072,-4.050792385057477,-0.3137372661012021,0.10416666666666667
2025-02-07,expansion,0.25,,,,0.0,0.0,0.0,1.0,,,,,,,,False,-0.0973808570097816,0.1579366305815888,1.0,0.542863149814888,-4.050792385057477,-0.3137372661012021,0.10416666666666667
2025-02-14,expansion,0.5,,,,0.0,1.0,0.0,1.0,,,,,,,,False,-0.1074618771462592,0.0666091333787576,1.0,0.5844998976709471,-4.331568866571018,-0.40904868088454016,0.08958333333333333
2025-02-21,expansion,0.5,,,,0.0,1.0,0.0,1.0,,,,,,,,False,-0.0259936511661086,-0.2806470131008659,2.0,0.4209566835141615,-4.331568866571018,-0.40904868088454016,0.09270833333333334
2025-02-28,expansion,0.5,,,,0.0,1.0,0.0,1.0,,,,,,,,False,-0.0377966499762775,-0.3301918070447835,2.0,0.4173093233853713,-4.331568866571018,-0.40904868088454016,0.09270833333333334
2025-03-07,slowdown,1.0,,,,,,,,1.0,1.0,1.0,,,,,True,-0.1134089702811445,-0.5446888635312921,3.0,0.3693614963007213,-4.331568866571018,-0.40904868088454016,0.0625
2025-03-14,slowdown,1.0,,,,,,,,1.0,1.0,1.0,,,,,True,-0.1251166775243724,-0.484484671930377,3.0,0.3739618353896342,-4.331568866571018,-0.40904868088454016,0.058333333333333334
2025-03-21,slowdown,0.6666666666666666,,,,,,,,0.0,1.0,1.0,,,,,True,-0.0394240611846231,-0.116027184416112,2.0,0.5172615723359666,-3.6359522922636103,-0.20904868088453998,0.052083333333333336
2025-03-28,slowdown,0.6666666666666666,,,,,,,,0.0,1.0,1.0,,,,,True,-0.0332488005771125,-0.0856105450248544,2.0,0.5293742385275932,-3.6359522922636103,-0.20904868088453998,0.05
2025-04-04,slowdown,0.0,,,,,,,,0.0,0.0,0.0,,,,,False,0.0450351851450076,0.1709632886039557,1.0,0.5982577328540453,-3.6359522922636103,-0.20904868088453998,0.06770833333333333
2025-04-11,slowdown,0.0,,,,,,,,0.0,0.0,0.0,,,,,False,0.0405139348998298,0.20889367862576,0.0,0.5856648726612913,-3.6359522922636103,-0.20904868088453998,0.071875
2025-04-18,slowdown,0.0,,,,,,,,0.0,0.0,0.0,,,,,False,0.1108130649612141,0.3121999039543116,0.0,0.4781149004147442,-3.7672550786838315,-0.20904868088453998,0.07083333333333333
2025-04-25,expansion,0.75,,,,1.0,0.0,1.0,1.0,,,,,,,,True,0.1105578005143454,0.3418522992170149,0.0,0.4771283484016047,-3.7672550786838315,-0.20904868088453998,0.07916666666666666
2025-05-02,expansion,0.75,,,,1.0,0.0,1.0,1.0,,,,,,,,True,0.0718242427243697,0.4597016179511025,1.0,0.4171366672432156,-3.7672550786838315,-0.20904868088453998,0.07916666666666666
2025-05-09,expansion,0.75,,,,1.0,0.0,1.0,1.0,,,,,,,,True,0.0564560140642237,0.4359006673552515,2.0,0.3970886797588608,-3.7672550786838315,-0.20904868088453998,0.059375
2025-05-16,expansion,0.5,,,,1.0,0.0,0.0,1.0,,,,,,,,False,0.0024679232345607,0.0437843625677273,2.0,0.4628636560822934,-3.788834714285713,-0.20690622022856964,0.05416666666666667
2025-05-23,expansion,0.5,,,,0.0,1.0,0.0,1.0,,,,,,,,False,-0.0887421348630138,-0.1519466213488911,3.0,0.3634617732752636,-3.788834714285713,-0.20690622022856964,0.04479166666666667
2025-05-30,slowdown,1.0,,,,,,,,1.0,1.0,1.0,,,,,True,-0.1932614146539689,-0.7240303921605296,3.0,0.5371710568850154,-3.788834714285713,-0.20690622022856964,0.04375
2025-06-06,slowdown,1.0,,,,,,,,1.0,1.0,1.0,,,,,True,-0.199945011268544,-0.7438967785446995,3.0,0.5280581933252916,-3.788834714285713,-0.20690622022856964,0.046875
2025-06-13,slowdown,1.0,,,,,,,,1.0,1.0,1.0,,,,,True,-0.2241992517055278,-0.8334860168428111,3.0,0.4974346297001861,-3.9985225392296826,-0.10690622022856999,0.030208333333333334
2025-06-20,slowdown,1.0,,,,,,,,1.0,1.0,1.0,,,,,True,-0.1748460234262987,-0.90972963289719,3.0,0.4035717231087872,-3.9985225392296826,-0.10690622022856999,0.009375
2025-06-27,slowdown,1.0,,,,,,,,1.0,1.0,1.0,,,,,True,-0.1782382302390349,-0.8849297815157561,3.0,0.4039020986001189,-3.9985225392296826,-0.10690622022856999,0.0
2025-07-04,slowdown,1.0,,,,,,,,1.0,1.0,1.0,,,,,True,-0.2620865109842135,-1.0316807802977142,3.0,0.4916748482491838,-3.9985225392296826,-0.10690622022856999,0.0
2025-07-11,slowdown,1.0,,,,,,,,1.0,1.0,1.0,,,,,True,-0.2612689718537392,-0.9601968354498676,3.0,0.4923485092948094,-3.9985225392296826,-0.10690622022856999,0.013415892672858616
2025-07-18,slowdown,0.6666666666666666,,,,,,,,1.0,1.0,0.0,,,,,True,-0.1511563366803917,-0.3815368667528481,2.0,0.4972837418438531,-3.7016420227920293,-0.30690622022857017,0.03199174406604747
2025-07-25,slowdown,0.3333333333333333,,,,,,,,0.0,1.0,0.0,,,,,False,-0.1436260440434716,-0.362849883959455,2.0,0.5038355159364353,-3.7016420227920293,-0.30690622022857017,0.054695562435500514
2025-08-01,slowdown,0.0,,,,,,,,0.0,0.0,0.0,,,,,False,-0.0514849012135225,0.2377208979740674,2.0,0.44754875572176,-3.7016420227920293,-0.30690622022857017,0.07327141382868937
2025-08-08,slowdown,0.0,,,,,,,,0.0,0.0,0.0,,,,,False,-0.0687426679043954,0.2510550254470697,2.0,0.4323460125612217,-3.7016420227920293,-0.30690622022857017,0.08565531475748193
2025-08-15,slowdown,0.0,,,,,,,,0.0,0.0,0.0,,,,,False,-0.0450951728418923,0.3724951667062583,2.0,0.424004689147452,-3.4779876244665786,-0.1041997082688404,0.08771929824561403
2025-08-22,expansion,0.5,,,,0.0,0.0,1.0,1.0,,,,,,,,False,-0.097526955075949,0.1388529849472699,2.0,0.4374097629796427,-3.4779876244665786,-0.1041997082688404,0.0846233230134159
2025-08-29,expansion,0.5,,,,0.0,0.0,1.0,1.0,,,,,,,,False,-0.103007500154685,0.3827101722983254,2.0,0.4356106874376234,-3.4779876244665786,-0.1041997082688404,0.06914344685242518
2025-09-05,expansion,0.5,,,,0.0,0.0,1.0,1.0,,,,,,,,False,-0.105217596818275,0.3542112999127663,2.0,0.4332166330599201,-3.4779876244665786,-0.1041997082688404,0.058823529411764705
2025-09-12,expansion,0.25,,,,0.0,0.0,0.0,1.0,,,,,,,,False,-0.1201440683243062,0.3016849454963014,2.0,0.4200871523706933,-3.7668294034090763,-0.1041997082688404,0.048503611971104234
2025-09-19,expansion,0.25,,,,0.0,0.0,0.0,1.0,,,,,,,,False,-0.1655816526336194,-0.0536609552202405,3.0,0.4307959318102581,-3.7668294034090763,-0.1041997082688404,0.01238390092879257
2025-09-26,expansion,0.5,,,,0.0,1.0,0.0,1.0,,,,,,,,False,-0.1622151877414682,-0.0560128790664264,3.0,0.4369403021525755,-3.7668294034090763,-0.1041997082688404,0.01238390092879257
2025-10-03,expansion,0.5,,,,0.0,1.0,0.0,1.0,,,,,,,,False,-0.1609414170127786,-0.3019328793709538,3.0,0.4453212811954093,-3.7668294034090763,-0.1041997082688404,0.022703818369453045
2025-10-10,expansion,0.5,,,,0.0,1.0,0.0,1.0,,,,,,,,False,-0.1739160443414316,-0.301198316366257,3.0,0.4333981843708027,-3.7668294034090763,-0.1041997082688404,0.034055727554179564
2025-10-17,slowdown,1.0,,,,,,,,1.0,1.0,1.0,,,,,True,-0.3063104663381414,-0.5426613434886032,4.0,0.4472832714157594,-3.820802127659576,-0.0041997082688398635,0.0608875128998968
2025-10-24,slowdown,1.0,,,,,,,,1.0,1.0,1.0,,,,,True,-0.3120878072835863,-0.5477772402369588,4.0,0.4418468136080308,-3.820802127659576,-0.0041997082688398635,0.07223942208462332
2025-10-31,slowdown,1.0,,,,,,,,1.0,1.0,1.0,,,,,True,-0.3857225261989355,-0.7513752647403005,4.0,0.5170653412191684,-3.820802127659576,-0.0041997082688398635,0.05985552115583075
2025-11-07,slowdown,1.0,,,,,,,,1.0,1.0,1.0,,,,,True,-0.3851975015128056,-0.7126708573539429,4.0,0.5175603316308582,-3.820802127659576,-0.0041997082688398635,0.06398348813209494
2025-11-14,slowdown,1.0,,,,,,,,1.0,1.0,1.0,,,,,True,-0.3926954666912138,-0.7348096253330174,4.0,0.510579955660358,-4.24148583569405,-0.0041997082688398635,0.06914344685242518
2025-11-21,slowdown,1.0,,,,,,,,1.0,1.0,1.0,,,,,True,-0.4161943561848288,-0.6824754488191742,4.0,0.5509509675606701,-4.24148583569405,-0.0041997082688398635,0.0629514963880289
2025-11-28,slowdown,1.0,,,,,,,,1.0,1.0,1.0,,,,,True,-0.4145655079410959,-0.6912915602520775,4.0,0.5526983678690314,-4.24148583569405,-0.0041997082688398635,0.07223942208462332
2025-12-05,slowdown,1.0,,,,,,,,1.0,1.0,1.0,,,,,True,-0.4184622984415444,-0.7246800460596723,4.0,0.5673940113377341,-4.24148583569405,-0.0041997082688398635,0.07533539731682147
2025-12-12,slowdown,1.0,,,,,,,,1.0,1.0,1.0,,,,,True,-0.4278030361062728,-0.65873245376031,4.0,0.5562055251700939,-4.24148583569405,-0.0041997082688398635,0.08771929824561403
2025-12-19,slowdown,0.6666666666666666,,,,,,,,1.0,1.0,0.0,,,,,True,-0.3887735581655964,-0.2840458161522564,3.0,0.4770607292762309,-4.464462234794894,0.09580029173115978,0.0804953560371517
2025-12-26,slowdown,0.6666666666666666,,,,,,,,1.0,1.0,0.0,,,,,True,-0.3862658537080453,-0.2767024344666696,3.0,0.4790124969680704,-4.464462234794894,0.09580029173115978,0.0784313725490196
2026-01-02,slowdown,0.6666666666666666,,,,,,,,1.0,1.0,0.0,,,,,True,-0.4336593142755675,-0.1984730894281687,3.0,0.5285420732312556,-4.464462234794894,0.09580029173115978,0.08152734778121776
2026-01-09,slowdown,0.6666666666666666,,,,,,,,1.0,1.0,0.0,,,,,True,-0.4158964033365292,-0.0751674727382085,2.0,0.5288598610035449,-4.464462234794894,0.09580029173115978,0.09494324045407637
2026-01-16,slowdown,0.0,,,,,,,,0.0,0.0,0.0,,,,,False,-0.3499031489999261,0.0660262599680147,1.0,0.5690133995655617,-4.206412570621467,-0.0041997082688398635,0.1238390092879257
2026-01-23,slowdown,0.6666666666666666,,,,,,,,1.0,1.0,0.0,,,,,True,-0.4332750705446152,-0.0394258542871864,1.0,0.6314439553672903,-4.206412570621467,-0.0041997082688398635,0.1475748194014448
2026-01-30,slowdown,0.6666666666666666,,,,,,,,1.0,1.0,0.0,,,,,True,-0.4314632366184509,-0.0292210075302112,1.0,0.6310798358738273,-4.206412570621467,-0.0041997082688398635,0.15273477812177502
2026-02-06,slowdown,0.6666666666666666,,,,,,,,1.0,1.0,0.0,,,,,True,-0.4385863871942073,-0.0502907988536275,1.0,0.6394008879717878,-4.206412570621467,-0.0041997082688398635,0.14447884416924664
2026-02-13,slowdown,0.6666666666666666,,,,,,,,1.0,1.0,0.0,,,,,True,-0.471216521379027,-0.165575004612928,2.0,0.6268871879152462,-4.600115232722132,-0.09909056420368856,0.12074303405572756
2026-02-20,slowdown,0.0,,,,,,,,0.0,0.0,0.0,,,,,False,-0.2724390795918061,0.1713659121572089,2.0,0.5436008127874387,-4.600115232722132,-0.09909056420368856,0.09081527347781218
2026-02-27,slowdown,0.0,,,,,,,,0.0,0.0,0.0,,,,,False,-0.2728824660289781,0.1403465072863858,2.0,0.5439803849191215,-4.600115232722132,-0.09909056420368856,0.09287925696594428
2026-03-06,slowdown,0.3333333333333333,,,,,,,,0.0,0.0,1.0,,,,,False,-0.3524893016717542,0.0437539644925989,2.0,0.5935733706849102,-4.600115232722132,-0.09909056420368856,0.09287925696594428
2026-03-13,expansion,0.25,,,,0.0,0.0,0.0,1.0,,,,,,,,False,-0.3322787577514025,0.0731195419950063,1.0,0.5988698895771863,-4.600115232722132,-0.09909056420368856,0.10939112487100103
2026-03-20,expansion,0.0,,,,0.0,0.0,0.0,0.0,,,,,,,,False,-0.3215007251435956,0.1547688534184812,1.0,0.5900060609961048,-4.022242112676054,0.0009094357963119748,0.12693498452012383
2026-03-27,expansion,0.0,,,,0.0,0.0,0.0,0.0,,,,,,,,False,-0.321432200561204,0.159817873293565,1.0,0.5899505458633924,-4.022242112676054,0.0009094357963119748,0.13003095975232198
2026-04-03,expansion,0.0,,,,0.0,0.0,0.0,0.0,,,,,,,,False,-0.3239060408369763,0.170614583018275,1.0,0.5899264208479741,-4.022242112676054,0.0009094357963119748,0.13003095975232198
2026-04-10,expansion,0.25,,,,0.0,0.0,1.0,0.0,,,,,,,,False,-0.3166083493941086,0.3855590476812889,1.0,0.5947011842038546,-4.022242112676054,0.0009094357963119748,0.14138286893704852
2026-04-17,expansion,0.75,,,,0.0,1.0,1.0,1.0,,,,,,,,True,-0.2341488950367113,0.1249406029955465,1.0,0.5348042715668894,-4.19733037974683,-0.09909056420368856,0.13622291021671826
2026-04-24,expansion,0.75,,,,0.0,1.0,1.0,1.0,,,,,,,,True,-0.2358906004100994,0.1219658026666172,1.0,0.5359444153380682,-4.19733037974683,-0.09909056420368856,0.13312693498452013
2026-05-01,expansion,0.5,,,,0.0,0.0,1.0,1.0,,,,,,,,False,-0.3079656267986474,0.142909628237191,1.0,0.5723741155981179,-4.19733037974683,-0.09909056420368856,0.12899896800825594
2026-05-08,expansion,0.5,,,,0.0,1.0,0.0,1.0,,,,,,,,False,-0.2929272809502246,0.0557812633225037,1.0,0.5623784392536187,-4.19733037974683,-0.09909056420368856,0.14241486068111456
2026-05-15,expansion,0.5,,,,0.0,1.0,0.0,1.0,,,,,,,,False,-0.2888976684623386,0.0481478041516676,1.0,0.5605388902406075,-3.6884426966292096,-0.09593247642493008,0.16202270381836945
2026-05-22,expansion,0.5,,,,0.0,1.0,0.0,1.0,,,,,,,,False,-0.3194739067315298,-0.057334220645733,2.0,0.5806289479523387,-3.6884426966292096,-0.09593247642493008,0.15789473684210525
2026-05-29,expansion,0.5,,,,0.0,1.0,0.0,1.0,,,,,,,,False,-0.2827922025058528,0.0371685934152508,2.0,0.563631591342165,-3.6884426966292096,-0.09593247642493008,0.16305469556243551
2026-06-05,expansion,0.5,,,,0.0,1.0,0.0,1.0,,,,,,,,False,-0.2943561640280604,-0.0032780653830402,2.0,0.5718135661158752,-3.6884426966292096,-0.09593247642493008,0.14035087719298245
2026-06-12,expansion,0.5,,,,0.0,1.0,0.0,1.0,,,,,,,,False,-0.3069177101970893,-0.1057904670460824,2.0,0.5734510678938303,-3.755867601683036,-0.09593247642493008,0.11351909184726522
2026-06-19,expansion,0.5,,,,0.0,1.0,0.0,1.0,,,,,,,,False,-0.2833453144426258,-0.2028799377399381,1.0,0.5555626155905881,-3.755867601683036,-0.09593247642493008,0.09494324045407637
2026-06-26,slowdown,0.3333333333333333,,,,,,,,0.0,1.0,0.0,,,,,False,-0.2863232810234239,-0.239074198411681,1.0,0.5535472854362101,-3.755867601683036,-0.09593247642493008,0.07739938080495357
2026-07-03,slowdown,0.0,,,,,,,,0.0,0.0,0.0,,,,,False,-0.2455052992451537,0.0623338935226291,1.0,0.5317359404413122,-3.755867601683036,-0.09593247642493008,0.06165099268547544
2026-07-10,slowdown,0.0,,,,,,,,0.0,0.0,0.0,,,,,False,-0.2509993105513634,0.0300785325850576,2.0,0.5275621199571835,-3.755867601683036,-0.09593247642493008,0.07001044932079414
2026-07-17,slowdown,0.0,,,,,,,,0.0,0.0,0.0,,,,,False,-0.2816172997314585,0.0466105319039531,2.0,0.5489582643981584,-3.612101540616237,-0.19593247642492972,0.08359456635318704
2026-07-24,slowdown,0.0,,,,,,,,0.0,0.0,0.0,,,,,False,-0.2699856042489586,0.1183987801633081,2.0,0.5406497535223311,-3.612101540616237,-0.19593247642492972,0.10240334378265413
2026-07-31,expansion,0.25,,,,0.0,0.0,0.0,1.0,,,,,,,,False,-0.2613715334935026,0.1892125574717182,2.0,0.5346426479065778,-3.612101540616237,-0.19593247642492972,0.13061650992685475
2026-08-07,expansion,0.25,,,,0.0,0.0,0.0,1.0,,,,,,,,False,-0.2520440517323899,0.2447047902483706,2.0,0.5284195357582708,-3.612101540616237,-0.19593247642492972,0.15047021943573669
2026-08-14,expansion,0.25,,,,0.0,0.0,0.0,1.0,,,,,,,,False,-0.2478205792876798,0.2743232509026529,2.0,0.5258394427264671,-3.5222683916083923,-0.29237196512007113,0.16823406478578892
