,official_phase,raw_phase,activity_level,activity_momentum,negative_level_domains,negative_momentum_domains,concentration,contraction_evidence,recovery_evidence,usrec
1994-07-15,expansion,expansion,0.6808028626250542,0.21440987689716534,0,1,0.3924398404399361,0.0,0.0,0
1994-07-22,expansion,expansion,0.6890205631406945,0.38812745556924144,0,0,0.3587024899108627,0.0,0.0,0
1994-07-29,expansion,expansion,0.6904762459286522,0.40283465692048936,0,1,0.3579106718062254,0.0,0.0,0
1994-08-05,expansion,expansion,0.6826439895830269,0.36715646603540064,0,1,0.3619811368033004,0.0,0.0,0
1994-08-12,expansion,expansion,0.6845239789161208,0.3104841066239129,0,1,0.3599702724600757,0.0,0.0,0
1994-08-19,expansion,expansion,0.6663842603665943,0.1492686012270471,0,1,0.4086924552529025,0.0,0.0,0
1994-08-26,expansion,expansion,0.6714432939894885,0.15597137463711708,0,1,0.40561313509131036,0.0,0.0,0
1994-09-02,expansion,expansion,0.6536114169093474,0.19496764467132865,0,0,0.4166791039222099,0.0,0.0,0
1994-09-09,expansion,expansion,0.6599209839926381,0.14381847785063415,0,0,0.4062600923089,0.0,0.0,0
1994-09-16,expansion,expansion,0.759165920619691,0.4767966485075572,0,0,0.34772807229983443,0.0,0.0,0
1994-09-23,expansion,expansion,0.7548226715893572,0.570066465824296,0,0,0.34259563449340563,0.0,0.0,0
1994-09-30,expansion,expansion,0.8142332217109333,0.6743696984938776,0,0,0.3175981343033071,0.0,0.0,0
1994-10-07,expansion,expansion,0.8162237560646582,0.6900630978863941,0,0,0.3168236040445239,0.0,0.0,0
1994-10-14,expansion,expansion,0.8010279616531607,0.5491656899284225,0,0,0.3228338640881738,0.0,0.0,0
1994-10-21,expansion,expansion,0.7759787043956495,0.5378356115596432,0,0,0.3771633488064855,0.0,0.0,0
1994-10-28,expansion,expansion,0.7739060647369216,0.5439249211642811,0,0,0.378173450355206,0.0,0.0,0
1994-11-04,expansion,expansion,0.8921392778019627,0.8175235664093812,0,0,0.3280549730681718,0.0,0.0,0
1994-11-11,expansion,expansion,0.9145377279327352,0.8979700752010021,0,0,0.3200203969867355,0.0,0.0,0
1994-11-18,expansion,expansion,0.9516933667591501,0.7247874076624561,0,1,0.32769116655794983,0.0,0.0,0
1994-11-25,expansion,expansion,0.9540802301685911,0.7170777466609287,0,1,0.32512378193244856,0.0,0.0,0
1994-12-02,expansion,expansion,0.8789886440779819,0.4606926075655219,0,1,0.34857166246855353,0.0,0.0,0
1994-12-09,expansion,expansion,0.8700242342190283,0.5557864117365195,0,1,0.34789725705376157,0.0,0.0,0
1994-12-16,expansion,expansion,0.8932598223189991,0.8249011324749468,0,0,0.33884770935886466,0.0,0.0,0
1994-12-23,expansion,expansion,0.9379145081803925,0.8915782587462109,0,0,0.36877998557233194,0.0,0.0,0
1994-12-30,expansion,expansion,0.9711607745763466,0.7503597717715572,0,0,0.35439846299280986,0.0,0.0,0
1995-01-06,expansion,expansion,0.9688080056986689,0.7095533982691801,0,0,0.35351526967982616,0.0,0.0,0
1995-01-13,expansion,expansion,0.9692865432493895,0.5849239777159863,0,0,0.35108392904818264,0.0,0.0,0
1995-01-20,expansion,expansion,0.9460707096196914,0.23312309603020182,0,0,0.33070205942789205,0.04040992228937642,0.0,0
1995-01-27,expansion,expansion,0.9406167100273007,0.2026931362391,0,0,0.3326195768163192,0.06565663293424363,0.0,0
1995-02-03,expansion,expansion,0.9486857821199596,0.3467622781427375,0,0,0.32979047217983676,0.06218087950629119,0.0,0
1995-02-10,expansion,expansion,0.9191407281559257,0.25169459634071734,0,0,0.34039132686824364,0.0497478833874989,0.0,0
1995-02-17,expansion,slowdown,0.8467209761574411,-0.36305920004880354,0,1,0.318541866625981,0.051103739038722,0.0,0
1995-02-24,slowdown,slowdown,0.8337941976761376,-0.41442108681986783,0,1,0.3234803996097454,0.09079503701901304,0.0,0
1995-03-03,slowdown,slowdown,0.8127356689130447,-0.5499375828098373,0,1,0.3318619947089109,0.12272896743819646,0.0,0
1995-03-10,slowdown,slowdown,0.7959567561482952,-0.6692054794703025,0,2,0.3353890221318282,0.1321342411993019,0.0,0
1995-03-17,slowdown,slowdown,0.7736956041541374,-0.5944417811574328,0,2,0.31768156247309765,0.10815195891182856,0.0,0
1995-03-24,slowdown,slowdown,0.7197083090216864,-0.8348667081073724,0,3,0.34151172818938164,0.0973110532302642,0.0,0
1995-03-31,slowdown,slowdown,0.7207472011070297,-0.8500614584848696,0,3,0.341019469834548,0.09374257489525736,0.0,0
1995-04-07,slowdown,slowdown,0.7216608600425435,-0.8575576385661925,0,3,0.3397015685775755,0.10060085884506412,0.0,0
1995-04-14,slowdown,slowdown,0.71408255505585,-0.8613201481788177,0,3,0.34241579109026826,0.08772515453070191,0.0,0
1995-04-21,slowdown,slowdown,0.6478266348706316,-0.9011586344156429,0,3,0.31509515340190775,0.0730912915132547,0.0,0
1995-04-28,slowdown,slowdown,0.6390292301151264,-0.8903384276896682,0,3,0.31943301381632916,0.06513192529126265,0.0,0
1995-05-05,slowdown,slowdown,0.6158877700094136,-0.9440323064858076,0,3,0.33143543813068943,0.0930738262032107,0.0,0
1995-05-12,slowdown,slowdown,0.5823349939673641,-1.181360733144577,0,3,0.3505319704414728,0.1250230337567349,0.0,0
1995-05-19,slowdown,slowdown,0.5302214151332958,-1.035361992895853,0,3,0.39793665105395726,0.13611360776256717,0.0,0
1995-05-26,slowdown,slowdown,0.5149955786680849,-1.0958098253547957,0,3,0.40767961187049445,0.1957616520651991,0.0,0
1995-06-02,slowdown,slowdown,0.47811653327007814,-1.2218606861042551,0,4,0.4379517345671734,0.21922636560848452,0.0,0
1995-06-09,slowdown,slowdown,0.4764133322096689,-1.143896019779885,0,4,0.43701764073012556,0.21990611615782063,0.0,0
1995-06-16,slowdown,slowdown,0.491400971112952,-0.9909034579458884,0,4,0.41704625481535146,0.2081397978819294,0.0,0
1995-06-23,slowdown,slowdown,0.482151294330725,-0.7718615191192271,0,3,0.41248621758162296,0.21322917119900178,0.0,0
1995-06-30,slowdown,slowdown,0.5116922742946908,-0.5390457668537824,0,2,0.39830279220973797,0.132579310246083,0.0,0
1995-07-07,slowdown,slowdown,0.5124568445011158,-0.4867166280473012,0,2,0.3983761937225946,0.09246539972845627,0.0,0
1995-07-14,slowdown,slowdown,0.49828058627650085,-0.3558763025801367,0,2,0.4062303642045951,0.07485489514590078,0.0,0
1995-07-21,slowdown,slowdown,0.46473245476583297,-0.3686095506716042,0,2,0.30925148703039257,0.04975930537487004,0.0,0
1995-07-28,slowdown,slowdown,0.4494880901619653,-0.3936315496893247,0,2,0.3003345866441363,0.08611442148173001,0.0,0
1995-08-04,slowdown,slowdown,0.46108436894270727,-0.22883878160377766,0,2,0.2962948149660228,0.07269970171575862,0.0,0
1995-08-11,slowdown,slowdown,0.47229751555684113,-0.14857229376070835,0,2,0.3009588101528057,0.026515394031343523,0.0,0
1995-08-18,slowdown,slowdown,0.4820175644805458,-0.02547009383510209,0,2,0.45338429390142526,0.00016403803566419241,0.0,0
1995-08-25,slowdown,expansion,0.4939714906537218,0.008634471137166911,0,2,0.441012685229202,0.0,0.0,0
1995-09-01,slowdown,slowdown,0.48120983615292784,-0.1454165065986595,0,2,0.45128037682144384,0.0009725956457806017,0.0,0
1995-09-08,slowdown,slowdown,0.47656117201776826,-0.033944181987380265,0,1,0.4542496382216879,0.00027546451676291355,0.0,0
1995-09-15,expansion,expansion,0.5487339346286817,0.16064097141885741,0,0,0.39326746650715005,0.0,0.0,0
1995-09-22,expansion,expansion,0.5373625619112229,0.5436923720570862,0,0,0.3879149585808825,0.0022462424903676548,0.0,0
1995-09-29,expansion,expansion,0.5610768298826249,0.5811419687273303,0,0,0.3652490012950749,0.0019298521961845158,0.0,0
1995-10-06,expansion,expansion,0.5599588555044008,0.5144949762870447,0,0,0.36487559326988,0.0024041050746029663,0.0,0
1995-10-13,expansion,expansion,0.5515335760077644,0.3324015832507212,0,1,0.36898686714898365,0.03527490415585496,0.0,0
1995-10-20,expansion,slowdown,0.4874350389127887,-0.12409085561489078,0,2,0.33971734701715295,0.08036367265285736,0.0,0
1995-10-27,expansion,slowdown,0.4811470759405584,-0.13721331211990626,0,2,0.33697214336597187,0.09141705782179471,0.0,0
1995-11-03,slowdown,slowdown,0.4759367132018017,-0.10889564141550798,0,2,0.3282124045915364,0.11296524922821558,0.0,0
1995-11-10,slowdown,slowdown,0.462877661690702,-0.1590060565408451,0,2,0.32966796418816297,0.10205600815026544,0.0,0
1995-11-17,slowdown,slowdown,0.4438512109511373,-0.5274319236217428,0,3,0.3343874089136233,0.1083596808777356,0.0,0
1995-11-24,slowdown,slowdown,0.4426803292643724,-0.5135553304164323,0,3,0.33533397586780334,0.12559188450086078,0.0,0
1995-12-01,slowdown,slowdown,0.46129030175527763,-0.5177067943041118,0,3,0.32199254779842873,0.11576310144483393,0.0,0
1995-12-08,slowdown,slowdown,0.4569353450622236,-0.4809757026391891,0,3,0.32620507954540745,0.1093704012822439,0.0,0
1995-12-15,slowdown,slowdown,0.4679071545759082,-0.42764560245430666,0,3,0.33330110820042363,0.07039040247158007,0.0,0
1995-12-22,slowdown,slowdown,0.4932778676923455,-0.054571035000272196,0,1,0.3213310966776438,0.0105635915130223,0.0,0
1995-12-29,slowdown,slowdown,0.4729704920134699,-0.11222355923981712,0,1,0.3386736171897557,0.006794841431462627,0.0,0
1996-01-05,slowdown,expansion,0.4813361060664228,-0.03681303313701543,0,1,0.3470648637662395,0.0003395864605322604,0.0,0
1996-01-12,slowdown,slowdown,0.4646715764888363,-0.15280215153317334,0,1,0.35629038376331024,0.0034582556902406116,0.0,0
1996-01-19,slowdown,slowdown,0.4295968875211349,-0.2438403077608235,0,2,0.3211156491417061,0.005493866364096971,0.0,0
1996-01-26,slowdown,slowdown,0.410001201985131,-0.29719599872567093,0,2,0.33130200748104915,0.010266180303537214,0.0,0
1996-02-02,slowdown,slowdown,0.37762025167739055,-0.5490045013849861,0,3,0.33268289522937494,0.08131856059542814,0.0,0
1996-02-09,slowdown,slowdown,0.38784926801932584,-0.415025804504883,0,2,0.3118093539803791,0.04595692700999711,0.0,0
1996-02-16,slowdown,slowdown,0.28166986738385,-0.9091236457254894,0,3,0.26459289817446946,0.3050782272478858,0.0,0
1996-02-23,slowdown,slowdown,0.37461592192575144,-0.5364127908625701,0,2,0.4020421602690434,0.13626647896324018,0.0,0
1996-03-01,slowdown,slowdown,0.4481046802172405,-0.10930474272300458,0,1,0.35982894544730876,0.1185214336203758,0.0,0
1996-03-08,slowdown,expansion,0.4518701572900182,0.11807586146715102,0,1,0.35870650834534457,0.09939695227349735,0.0,0
1996-03-15,slowdown,expansion,0.4655972910446387,0.09421873833126024,0,1,0.36756514729394296,0.12221870120602799,0.0,0
1996-03-22,expansion,expansion,0.463871118517846,0.41359311042738456,0,1,0.3278289473639317,0.04615549683316547,0.0033306488333028446,0
1996-03-29,expansion,expansion,0.44032839670191165,0.46707204083502685,0,1,0.31146026176359176,0.0721263105945084,0.011153737634486975,0
1996-04-05,expansion,expansion,0.42769507793343225,0.4500134488914422,0,1,0.30332969991149084,0.08747741540951387,0.019824592618055886,0
1996-04-12,expansion,expansion,0.42124585439372597,0.3552974381504595,0,1,0.3050733000915673,0.0305627570906666,0.0,0
1996-04-19,expansion,expansion,0.4606884425073708,0.37617901640864065,0,0,0.35618509141450244,0.024450957139501905,0.0,0
1996-04-26,expansion,expansion,0.48517088669812986,0.4376370342109589,0,0,0.37283276658569736,0.010785065880356449,0.0015485998227238085,0
1996-05-03,expansion,expansion,0.4980986812383087,0.16320112478639612,0,0,0.3908402027688452,0.0,0.0,0
1996-05-10,expansion,expansion,0.5234306829833926,0.2436657878922078,0,0,0.3707519329950767,0.0,0.0,0
1996-05-17,expansion,expansion,0.5845883721123178,0.5001141761004921,0,0,0.3729364130657404,0.0,0.0,0
1996-05-24,expansion,expansion,0.5992779061841269,0.6542841846724023,0,0,0.36265468229482806,0.0,0.0,0
1996-05-31,expansion,expansion,0.6221739114566793,0.8346268503939201,0,0,0.3482534179144727,0.0,0.0,0
1996-06-07,expansion,expansion,0.6204821997401717,0.8395657261059288,0,0,0.3481508431400527,0.0,0.0,0
1996-06-14,expansion,expansion,0.6263937016716661,0.8834218711405872,0,0,0.3448652188175517,0.0,0.0,0
1996-06-21,expansion,expansion,0.6773144764108874,0.8327480732315562,0,0,0.35340576615218333,0.0,0.0,0
1996-06-28,expansion,expansion,0.6773071715012969,0.7184021760085416,0,0,0.35340957771254927,0.0,0.0,0
1996-07-05,expansion,expansion,0.722368305587595,0.9602050049254272,0,0,0.33136398650165955,0.0,0.0,0
1996-07-12,expansion,expansion,0.7262084106721005,0.8714448264168982,0,0,0.329611772521916,0.0,0.0,0
1996-07-19,expansion,expansion,0.6451132933513083,0.33127765165387835,0,1,0.32489532504665225,0.0,0.0,0
1996-07-26,expansion,expansion,0.6540632889440264,0.3520522989718319,0,1,0.31857179619555925,0.0,0.0,0
1996-08-02,expansion,expansion,0.614458474637569,0.017303106114413668,0,1,0.33712977982553555,0.0,0.0,0
1996-08-09,expansion,slowdown,0.6205751153600462,-0.03017673585055596,0,1,0.33380689160620336,0.0,0.0,0
1996-08-16,expansion,expansion,0.6551541671321822,-0.005974920993436328,0,0,0.3161885563107524,0.0,0.0,0
1996-08-23,expansion,slowdown,0.6579940917543474,-0.0940348945060913,0,1,0.3241769002651306,0.0,0.0,0
1996-08-30,slowdown,slowdown,0.6634864867280728,-0.30626877080997267,0,2,0.32149333758038856,0.0,0.0,0
1996-09-06,slowdown,slowdown,0.6611783055576127,-0.3362765432118136,0,2,0.32261567456875295,0.0,0.0,0
1996-09-13,slowdown,slowdown,0.654338727064194,-0.38465188467298644,0,3,0.3259878656651294,0.0,0.0,0
1996-09-20,slowdown,slowdown,0.6649005658934856,-0.0803127194127463,0,2,0.33821318635929615,0.0,0.0,0
1996-09-27,slowdown,slowdown,0.6553739465135859,-0.1403046636907877,0,2,0.3402561304121101,0.020366479209749072,0.0,0
1996-10-04,slowdown,expansion,0.6520948102549251,0.05338270887587038,0,1,0.34196714880532475,0.0888251873316237,0.0,0
1996-10-11,expansion,expansion,0.6547155133906187,0.0998594676695557,0,0,0.34059831858693396,0.11273520649657093,0.0,0
1996-10-18,slowdown,slowdown,0.6202788349143726,-0.1347051727010496,0,0,0.3140426249801333,0.10916869250234146,0.0,0
1996-10-25,slowdown,expansion,0.6310540914599698,-0.06162684725412822,0,0,0.3086803432103013,0.053260302774667805,0.0,0
1996-11-01,slowdown,slowdown,0.6054863323625709,-0.24331979500976378,0,1,0.3217149308326317,0.04325935183334292,0.0,0
1996-11-08,slowdown,slowdown,0.609034757503957,-0.15923542283795036,0,1,0.31984051999669777,0.029294254540051856,0.0,0
1996-11-15,slowdown,slowdown,0.642263150915424,-0.05557573526455584,0,1,0.30585435098529423,0.015613145917939353,0.0,0
1996-11-22,slowdown,expansion,0.6710644515106277,0.03553659334509324,0,1,0.3457755106643073,0.014463398947809264,0.0,0
1996-11-29,expansion,expansion,0.6775572152289479,0.08905610271353473,0,1,0.33957007522065286,0.0,0.0,0
1996-12-06,expansion,expansion,0.682531554015414,0.11960569270639403,0,1,0.3342724188071511,0.0,0.0,0
1996-12-13,expansion,expansion,0.6631626201254552,0.0007543036461490598,0,1,0.34403548473491324,0.0,0.0,0
1996-12-20,expansion,expansion,0.6891602557556642,0.22355062217893598,0,1,0.34796882266164864,0.045098469671865135,0.0,0
1996-12-27,expansion,expansion,0.6827305340526532,0.1995266664354986,0,1,0.35124587353230186,0.06088079382544697,0.0,0
1997-01-03,expansion,expansion,0.6726596594530055,0.31794638106341744,0,0,0.35650462971944114,0.13161275040305598,0.0,0
1997-01-10,expansion,expansion,0.6747677048970007,0.2422968771879365,0,0,0.3544989149977419,0.14393594572297957,0.0,0
1997-01-17,expansion,slowdown,0.5943320041175413,-0.28663864416710344,0,1,0.3645394519846548,0.0892189080285942,0.0,0
1997-01-24,slowdown,slowdown,0.5987594262461567,-0.3042431182158677,0,1,0.361843928597927,0.09736715920105328,0.0,0
1997-01-31,slowdown,slowdown,0.6203886170044728,-0.2612255521543291,0,1,0.3492286240261369,0.08218894027819812,0.0,0
1997-02-07,slowdown,slowdown,0.6264619928245831,-0.16971082009884544,0,1,0.34318560780276197,0.0116741109372131,0.0,0
1997-02-14,slowdown,expansion,0.6462505039513741,0.015074386990193821,0,1,0.33014040599935013,0.0,0.0,0
1997-02-21,expansion,expansion,0.7711455619801251,0.4291094041138918,0,0,0.3378022648278191,0.0,0.0,0
1997-02-28,expansion,expansion,0.7807188504064445,0.5630898784018331,0,0,0.33366008418164017,0.0,0.0,0
1997-03-07,expansion,expansion,0.8046200951130862,0.6023613427085037,0,0,0.32374870939831063,0.0,0.0,0
1997-03-14,expansion,expansion,0.8146092814415354,0.6460595612899351,0,0,0.31977872494631443,0.0,0.0,0
1997-03-21,expansion,expansion,0.9243927156927519,1.3143894771552302,0,0,0.2884566157119792,0.0,0.0,0
1997-03-28,expansion,expansion,0.9306192609226231,1.2882021185005916,0,0,0.28652662324351735,0.0,0.0,0
1997-04-04,expansion,expansion,0.9398819713759028,1.2861227597120741,0,0,0.2837028504410926,0.0,0.0,0
1997-04-11,expansion,expansion,0.9377735987687587,1.1961213740648184,0,0,0.2843406923671439,0.0,0.0,0
1997-04-18,expansion,expansion,0.7412553363879042,0.009670984502305968,0,2,0.32181651436696196,0.0,0.0,0
1997-04-25,expansion,slowdown,0.7420661760111896,-0.02445934219737963,0,2,0.3208434837723679,0.0,0.0,0
1997-05-02,slowdown,slowdown,0.7188634269585503,-0.2932087497325286,0,2,0.3311993463186677,0.026478901450025523,0.0,0
1997-05-09,slowdown,slowdown,0.7130278646836915,-0.3774106877414728,0,2,0.33390994783448996,0.05617649089167157,0.0,0
1997-05-16,slowdown,slowdown,0.7137812019311752,-0.6643047486640159,0,2,0.3331810413828792,0.034321635825064915,0.0,0
1997-05-23,slowdown,slowdown,0.7005490564138784,-0.7476708348006613,0,2,0.3423999586924091,0.07067911592791555,0.0,0
1997-05-30,slowdown,slowdown,0.7260673209396553,-0.6517698652758517,0,2,0.3297233240767854,0.04068723377777832,0.0,0
1997-06-06,slowdown,slowdown,0.7368051467841997,-0.5819846336589485,0,2,0.3242872369352628,0.0,0.0,0
1997-06-13,slowdown,slowdown,0.7330495958963367,-0.6148237978110287,0,2,0.3249527446661254,0.0,0.0,0
1997-06-20,slowdown,expansion,0.7388367846916972,-0.00786835303819447,0,0,0.3161691988025664,0.0024852508748198572,0.0,0
1997-06-27,slowdown,expansion,0.7371234053201112,0.01705228582531238,0,0,0.3143868661003127,0.0,0.0,0
1997-07-04,expansion,expansion,0.7345357460517808,0.1864074863971273,0,0,0.31300811009406737,0.0,0.0,0
1997-07-11,expansion,expansion,0.726905967736031,0.12888804302300877,0,0,0.3162935178318627,0.02321821383516984,0.0,0
1997-07-18,expansion,expansion,0.8151585224897714,0.4742606773947811,0,0,0.3061642198814127,0.0010116107395498034,0.0,0
1997-07-25,expansion,expansion,0.8233595386869768,0.46512756462531435,0,0,0.3031146921741655,0.015746254298126133,0.0,0
1997-08-01,expansion,expansion,0.8461789702221371,0.4137565383556451,0,0,0.29494041083560446,0.027350196485176687,0.0,0
1997-08-08,expansion,expansion,0.8376174860366963,0.27106313245404456,0,1,0.2979550657408697,0.0,0.0,0
1997-08-15,expansion,expansion,0.8543379737358847,0.3009863933606668,0,1,0.29212370372163765,0.0,0.0,0
1997-08-22,expansion,expansion,0.8322386830846321,0.31637337460662995,0,1,0.3259538628128816,0.008037460893820332,0.0,0
1997-08-29,expansion,expansion,0.8377207146069807,0.41360999155002814,0,1,0.3189862461086653,0.041547374102522266,0.0,0
1997-09-05,expansion,expansion,0.8268481494678271,0.42949253769234064,0,1,0.323180726971376,0.03064908158352537,0.0,0
1997-09-12,expansion,expansion,0.8566793489318755,0.611958412547449,0,0,0.3119269612056438,0.02236247861293721,0.0,0
1997-09-19,expansion,expansion,0.8690717138995115,0.3924048832112801,0,0,0.3274415175538263,0.0,0.0,0
1997-09-26,expansion,expansion,0.8823984838855369,0.3680888858100154,0,0,0.32249620331314477,0.0,0.0,0
1997-10-03,expansion,expansion,0.8884212298913615,0.1884801833787546,0,0,0.31872739649329,0.021858957766297663,0.0,0
1997-10-10,expansion,expansion,0.9009227493627842,0.5114061981917508,0,0,0.3127593738946217,0.015963384833382496,0.0,0
1997-10-17,expansion,expansion,0.9094971875505277,0.5607349293953252,0,1,0.32411568653008793,0.0,0.0,0
1997-10-24,expansion,expansion,0.909478560313436,0.6094645607514214,0,1,0.3241223248171258,0.0,0.0,0
1997-10-31,expansion,expansion,0.93941109077077,0.6486104826682151,0,1,0.3137947893485692,0.0,0.0,0
1997-11-07,expansion,expansion,0.9398248926876809,0.6352217383734049,0,1,0.3136566264989157,0.0,0.0,0
1997-11-14,expansion,expansion,0.9499408989552796,0.41305380011562187,0,1,0.31031646880802516,0.0,0.0,0
1997-11-21,expansion,expansion,0.9023782142804988,0.19996684858618727,0,1,0.3338301574354761,0.0,0.0,0
1997-11-28,expansion,expansion,0.8944289159272868,0.13549229707257832,0,1,0.33531761176558106,0.0,0.0,0
1997-12-05,expansion,expansion,0.9190379067645083,0.363497730097298,0,1,0.3249115705907228,0.012970435979806197,0.0,0
1997-12-12,expansion,expansion,0.9148660137136723,0.2697792715614139,0,1,0.32639320429791596,0.06312431941954716,0.0,0
1997-12-19,expansion,expansion,0.9376566836954388,0.2506986877449526,0,0,0.30399935802868416,0.059426351264870295,0.0,0
1997-12-26,expansion,expansion,0.9360931338948196,0.19498066757988983,0,0,0.3045071260257171,0.10235470823812794,0.0,0
1998-01-02,expansion,expansion,0.9646418748394042,0.21695983582231917,0,0,0.2954951856534049,0.06341214120055676,0.0,0
1998-01-09,expansion,expansion,0.9645820060032786,0.16679114190367733,0,0,0.29551352619131216,0.06929182410404137,0.0,0
1998-01-16,expansion,expansion,0.9199171565711508,0.19558710707047355,0,0,0.309861630320264,0.10664995000970601,0.0,0
1998-01-23,expansion,expansion,0.8740675235351214,0.003140077602669633,0,1,0.3130286134752269,0.16700615830863735,0.0,0
1998-01-30,expansion,expansion,0.9038746855285904,0.05850417202754001,0,1,0.3298911967941093,0.17720824176126007,0.0,0
1998-02-06,expansion,expansion,0.9041513815785578,0.0951198411675116,0,1,0.3297004673358482,0.15026946192668658,0.0,0
1998-02-13,expansion,expansion,0.9348192602464216,0.09849790998532934,0,1,0.31879746298395606,0.06986172308254586,0.0,0
1998-02-20,expansion,slowdown,0.9090187073143255,-0.06064602945225841,0,2,0.3277001235206085,0.014911069545921966,0.0,0
1998-02-27,slowdown,slowdown,0.8914951642638955,-0.1526017189990224,0,2,0.3339930562345354,0.08551369787338264,0.0,0
1998-03-06,slowdown,slowdown,0.9117585004875048,-0.11919242833429378,0,2,0.34207393393571306,0.07086775655219663,0.0,0
1998-03-13,slowdown,slowdown,0.9017649240691874,-0.14069716950633634,0,3,0.3458648797889571,0.017590790996262245,0.0,0
1998-03-20,slowdown,expansion,0.9254919304277263,0.05992547860671395,0,2,0.33699787843308876,0.0,0.0,0
1998-03-27,expansion,expansion,0.9289168876915198,0.10028200221294395,0,2,0.33575535249033106,0.0,0.0,0
1998-04-03,slowdown,slowdown,0.9364028647587928,-0.133957551168454,0,2,0.3379620235159373,0.0,0.0,0
1998-04-10,slowdown,slowdown,0.9349200409695294,-0.1438201343824675,0,1,0.3384980459631803,0.0,0.0,0
1998-04-17,expansion,expansion,1.0003416028684065,0.14891494266076594,0,1,0.3163605373329986,0.0,0.0,0
1998-04-24,expansion,expansion,1.0070418545259971,0.22203969292365736,0,1,0.31425566432783497,0.0,0.0,0
1998-05-01,expansion,expansion,0.9963350605481425,0.026813764578576427,0,1,0.30570516866972963,0.0,0.0,0
1998-05-08,expansion,expansion,1.0247586279909835,0.2893009879154344,0,1,0.2967925746467019,0.0,0.0,0
1998-05-15,expansion,expansion,1.0252914959097628,0.27437500989720065,0,1,0.29663832461908335,0.0,0.0,0
1998-05-22,expansion,expansion,1.0131818137632955,0.267524453808892,0,0,0.3001837848462612,0.0,0.0,0
1998-05-29,expansion,expansion,1.0210406789897717,0.2377834945337851,0,1,0.294193777287306,0.0,0.0,0
1998-06-05,expansion,expansion,1.004947610773721,0.2046199916536257,0,1,0.29852587452063123,0.0,0.0,0
1998-06-12,expansion,expansion,0.9967932325465266,0.09065599694695196,0,1,0.2991318930541416,0.0,0.0,0
1998-06-19,expansion,slowdown,0.9557161331635221,-0.25598979565758234,0,2,0.31009691510245774,0.0,0.0,0
1998-06-26,slowdown,slowdown,0.911377664879274,-0.38738012161117164,0,2,0.32491076782467115,0.09413172391599822,0.0,0
1998-07-03,slowdown,slowdown,0.8550590454719658,-0.5027703013605949,0,1,0.34667214124271706,0.2,0.0,0
1998-07-10,slowdown,slowdown,0.7630918717812435,-0.9607861583681917,0,2,0.3884527684599643,0.2,0.0,0
1998-07-17,slowdown,slowdown,0.6118219598935158,-1.4173762880085505,0,3,0.458548277483931,0.2,0.0,0
1998-07-24,slowdown,slowdown,0.624392470060304,-1.412869765369959,0,3,0.4659003664290988,0.2,0.0,0
1998-07-31,slowdown,slowdown,0.6241642763305265,-1.4453640573072892,0,4,0.4390029185713714,0.2,0.0,0
1998-08-07,slowdown,slowdown,0.6595522456949061,-1.337302610142082,0,4,0.4154484209031711,0.2,0.0,0
1998-08-14,slowdown,slowdown,0.6682497851911143,-1.2242252557041429,0,3,0.4100411927535814,0.2,0.0,0
1998-08-21,slowdown,slowdown,0.6734841302145499,-0.6950253045761056,0,2,0.3957373585186401,0.17098739628390167,0.0,0
1998-08-28,slowdown,slowdown,0.7207007896909845,-0.40704489274272504,0,2,0.37044280505654764,0.0,0.0,0
1998-09-04,slowdown,slowdown,0.7515980793099487,-0.15555787196536158,0,2,0.343358364184367,0.0,0.0,0
1998-09-11,slowdown,expansion,0.7668935228651672,0.0037477927190239235,0,2,0.3361758534272383,0.0,0.0,0
1998-09-18,expansion,expansion,0.8230306843451889,0.4631762978624313,0,1,0.3211265516721429,0.0,0.0,0
1998-09-25,expansion,expansion,0.8204873630794317,0.3947121316584579,0,1,0.3221219697914442,0.0,0.0,0
1998-10-02,expansion,expansion,0.8317551516890316,0.4307369435911492,0,1,0.30030127797708756,0.0,0.0,0
1998-10-09,expansion,expansion,0.8423049749072706,0.35735489857463565,0,2,0.29654002108172334,0.0,0.0,0
1998-10-16,expansion,expansion,0.8514191709408614,0.5439411699037952,0,2,0.2933656459018019,0.0,0.0,0
1998-10-23,expansion,expansion,0.9135662875024961,0.21506937265815718,0,3,0.2734088795013247,0.0,0.0,0
1998-10-30,expansion,slowdown,0.8670487501564136,-0.027569079197453848,0,3,0.26157579242433193,0.0,0.0,0
1998-11-06,expansion,slowdown,0.8551057556031004,-0.10145417060597864,0,3,0.2625213665854403,0.022045359708880136,0.0,0
1998-11-13,slowdown,slowdown,0.8544933355557423,-0.0677160731901926,0,2,0.26123021957043274,0.05549341166138723,0.0,0
1998-11-20,slowdown,slowdown,0.8267024149728666,-0.22455818145668288,0,2,0.26849998694822635,0.09334804619666305,0.0,0
1998-11-27,slowdown,slowdown,0.8285776168331372,-0.2831860843832872,0,2,0.26640064668444163,0.138546982142023,0.0,0
1998-12-04,slowdown,slowdown,0.8169842855410037,-0.2534930682617321,0,2,0.2659154488061599,0.1804372555036784,0.0,0
1998-12-11,slowdown,slowdown,0.813905751013108,-0.11973675554656826,0,2,0.26692125308955716,0.19195574636160898,0.0,0
1998-12-18,slowdown,slowdown,0.8699400051122714,-0.19740317869163954,0,2,0.24972841998360398,0.12036187201256808,0.0,0
1998-12-25,slowdown,slowdown,0.8769817190483884,-0.12537280492503783,0,2,0.24772322870418803,0.06666377982216308,0.0,0
1999-01-01,slowdown,slowdown,0.8395912977812241,-0.1406759514550118,0,2,0.24182816365856635,0.09297336369015781,0.0,0
1999-01-08,slowdown,slowdown,0.8114909256316537,-0.3116763082185245,0,2,0.25020220849432767,0.10749841058725523,0.0,0
1999-01-15,slowdown,slowdown,0.7708460382604068,-0.4135817339429847,0,2,0.2765632882626401,0.16087877373344234,0.0,0
1999-01-22,slowdown,slowdown,0.688581996607809,-0.49178842509633147,0,1,0.28815862805144665,0.2,0.0,0
1999-01-29,slowdown,slowdown,0.6917344549811021,-0.5114265762094243,0,1,0.27285505845841046,0.2,0.0,0
1999-02-05,slowdown,slowdown,0.7257056182829984,-0.39397116558209444,0,1,0.26008238105986714,0.14602781737202078,0.0,0
1999-02-12,slowdown,slowdown,0.81394795408288,-0.25654656486931543,0,1,0.23188613498541524,0.07329022058745631,0.0,0
1999-02-19,slowdown,slowdown,0.9054811707497616,-0.13983194524684703,0,1,0.2610403536445093,0.01635535495628248,0.0,0
1999-02-26,slowdown,expansion,0.9433717092438071,-0.03392237696236772,0,1,0.2712612463867585,0.0,0.0,0
1999-03-05,expansion,expansion,0.9516718890178094,0.12030405509403153,0,0,0.2688953920027925,0.0,0.0,0
1999-03-12,expansion,expansion,0.9277571444926389,0.2388347804045002,0,0,0.2758266936283478,0.0,0.0,0
1999-03-19,expansion,expansion,0.9697153834786698,0.46514362024811734,0,0,0.31509273633333984,0.0,0.0,0
1999-03-26,expansion,expansion,0.9675434601569481,0.4381038834218917,0,1,0.31580005056854377,0.0,0.0,0
1999-04-02,expansion,expansion,0.9463605737118771,0.2830990042263263,0,1,0.3228687691905622,0.0,0.0,0
1999-04-09,expansion,expansion,0.9537888238793407,0.052897830521151934,0,1,0.3203542188742209,0.0,0.0,0
1999-04-16,expansion,slowdown,0.8872323149655987,-0.19806440677175088,0,1,0.2896391961840449,0.019089995818920742,0.0,0
1999-04-23,slowdown,slowdown,0.8657710725332246,-0.3842970021935438,0,2,0.30099410576253216,0.07502824371427891,0.0,0
1999-04-30,slowdown,slowdown,0.842905358900186,-0.5996179394875378,0,2,0.30915925141610673,0.07158424855838612,0.0,0
1999-05-07,slowdown,slowdown,0.8599226048136923,-0.547057272028501,0,2,0.30304121360859587,0.03298185173359711,0.0,0
1999-05-14,slowdown,slowdown,0.8717311223796849,-0.42489238984244543,0,2,0.2989362007184421,0.012556549638945452,0.0,0
1999-05-21,slowdown,slowdown,0.8920930070047198,-0.3911322919167938,0,2,0.2817686245979894,0.0,0.0,0
1999-05-28,slowdown,slowdown,0.8845736545431823,-0.4166457632075463,0,2,0.28785000389907284,0.0,0.0,0
1999-06-04,slowdown,slowdown,0.8656436549782491,-0.33975820098512954,0,2,0.2980105577021335,0.0,0.0,0
1999-06-11,slowdown,slowdown,0.8835086102456462,-0.3562252672593579,0,2,0.2920142933453091,0.0,0.0,0
1999-06-18,slowdown,slowdown,0.9095985937384545,-0.1980065106414095,0,2,0.32657769287702476,0.0,0.0,0
1999-06-25,slowdown,slowdown,0.917874526210525,-0.2007411782778195,0,2,0.3236002733471431,0.0,0.0,0
1999-07-02,slowdown,expansion,0.935627384372465,0.014668874856815162,0,1,0.31742795909811156,0.0,0.0,0
1999-07-09,slowdown,expansion,0.9639992612050221,0.12921068100284402,0,1,0.3040890908173761,0.0,0.0,0
1999-07-16,expansion,expansion,0.9433840949058219,0.06251088161411444,0,1,0.28907718863054893,0.0,0.0,0
1999-07-23,expansion,expansion,0.9321246872461385,0.030880439056016125,0,1,0.2927987312897118,0.0,0.0,0
1999-07-30,expansion,expansion,0.9013007869330011,0.02273889064092819,0,1,0.30679198597723945,0.0,0.0,0
1999-08-06,expansion,slowdown,0.8782104607030778,-0.05817735278429821,0,1,0.31489027685093357,0.025503103793049264,0.0,0
1999-08-13,slowdown,slowdown,0.8562693044936479,-0.23066994127164508,0,1,0.3229918625755462,0.0580451514373691,0.0,0
1999-08-20,slowdown,slowdown,0.8801590726593073,-0.14997261914948684,0,0,0.32501759771376953,0.04297249290953912,0.0,0
1999-08-27,slowdown,slowdown,0.912546467798839,-0.12226748444530904,0,0,0.3134823239102906,0.021409113904525236,0.0,0
1999-09-03,slowdown,slowdown,0.9298541032534446,-0.10891496049053657,0,0,0.3078847315879431,0.03457124976914066,0.0,0
1999-09-10,slowdown,slowdown,0.9247796453403637,-0.23691890660524112,0,1,0.30981317205252856,0.026026023690400486,0.0,0
1999-09-17,slowdown,slowdown,0.8855927191009266,-0.3801713593823197,0,2,0.30918248390870934,0.0,0.0,0
1999-09-24,slowdown,slowdown,0.8935249726707981,-0.2981322522698255,0,2,0.3066746787475556,0.0,0.0,0
1999-10-01,slowdown,slowdown,0.8503536959100509,-0.41938249187263227,0,3,0.3245346869164143,0.0,0.0,0
1999-10-08,slowdown,slowdown,0.8466998412941618,-0.20934662288020878,0,2,0.3282685693350948,0.0,0.0,0
1999-10-15,slowdown,slowdown,0.835824991430386,-0.27740442652339725,0,2,0.3341582536097935,0.0,0.0,0
1999-10-22,slowdown,slowdown,0.809226817807985,-0.30052128746271356,0,2,0.2596565833331663,0.04916332971746081,0.0,0
1999-10-29,slowdown,slowdown,0.8712918875866954,-0.14541429479769946,0,1,0.25169954354092655,0.0,0.0,0
1999-11-05,slowdown,slowdown,0.9139722334177748,-0.057144622300999495,0,1,0.2853826701070409,0.0,0.0,0
1999-11-12,slowdown,expansion,0.9341703826619344,0.022446563066686243,0,1,0.29804067645475907,0.0,0.0,0
1999-11-19,expansion,expansion,1.0076900788441578,0.39715013225515056,0,0,0.28113815804118614,0.0,0.0,0
1999-11-26,expansion,expansion,1.0200542699840414,0.4910498414640793,0,0,0.28946582297650003,0.0,0.0,0
1999-12-03,expansion,expansion,1.0300659987049128,0.846100640109454,0,0,0.27385871907740406,0.0,0.0,0
1999-12-10,expansion,expansion,1.0223901491861223,0.7276300147670338,0,0,0.2728841308690062,0.0,0.0,0
1999-12-17,expansion,expansion,1.1364842767216514,0.9289775094214134,0,0,0.3222209389182774,0.0,0.0,0
1999-12-24,expansion,expansion,1.1127892955217675,0.7697864588650096,0,0,0.32908209324515975,0.0,0.0,0
1999-12-31,expansion,expansion,1.1644692607581404,0.7911330831328357,0,0,0.31447719836991833,0.0,0.0,0
2000-01-07,expansion,expansion,1.1646024710125147,0.7418952286470057,0,0,0.31444122765146937,0.016415677089152786,0.0,0
2000-01-14,expansion,expansion,1.114737329398501,0.5581345132145402,0,0,0.32850701331470306,0.10165742000192753,0.0,0
2000-01-21,expansion,expansion,0.970731910431728,0.029974671753536675,0,0,0.273799447906881,0.14543464540813383,0.0,0
2000-01-28,expansion,expansion,0.9474614057961228,0.0050717334683343385,0,0,0.2805242087074431,0.16452514639512528,0.0,0
2000-02-04,expansion,expansion,0.9808652156967073,0.08142930347478201,0,0,0.27097082951709284,0.13048492789979074,0.0,0
2000-02-11,expansion,slowdown,0.9272354200138802,-0.24780826522167088,0,1,0.28664334364817545,0.2,0.0,0
2000-02-18,slowdown,slowdown,0.9565586681240708,-0.4170902994982589,0,2,0.33989883672896537,0.2,0.0,0
2000-02-25,slowdown,slowdown,0.9512721297699901,-0.48468737908573356,0,2,0.34178776859256316,0.2,0.0,0
2000-03-03,slowdown,slowdown,0.9416586862002505,-0.6731479822981513,0,2,0.34527709808566265,0.2,0.0,0
2000-03-10,slowdown,slowdown,1.0109062976349465,-0.20354098869158427,0,1,0.32162543582826764,0.12228714159739296,0.0,0
2000-03-17,slowdown,expansion,0.9739720936738829,0.10022229860947766,0,0,0.2486447573932175,0.013924648433533339,0.0,0
2000-03-24,expansion,expansion,0.9951319507404282,0.20135725926246653,0,0,0.24335773236817268,0.0,0.0,0
2000-03-31,expansion,expansion,1.0080503426870722,0.004777586657476807,0,1,0.25204290750714997,0.0,0.0,0
2000-04-07,expansion,expansion,1.054020208819412,0.16918041366513875,0,1,0.28106505685655975,0.0,0.0,0
2000-04-14,expansion,expansion,1.066020137673926,0.434631225330062,0,1,0.28547884180162725,0.0,0.0,0
2000-04-21,expansion,expansion,0.9885191119918477,0.2521746963817352,0,2,0.3310025922726209,0.0,0.0,0
2000-04-28,expansion,expansion,0.9980331009952922,0.28117967813030587,0,2,0.3342189190835353,0.0,0.0,0
2000-05-05,expansion,expansion,0.9634224844485978,0.13405275478296774,0,1,0.3074934913587845,0.0,0.0,0
2000-05-12,expansion,slowdown,0.9137584970434351,-0.3781892095558846,0,1,0.2786956710746468,0.0,0.0,0
2000-05-19,slowdown,slowdown,0.9214158927889915,-0.28483298372236104,0,1,0.2521214977607486,0.0,0.0,0
2000-05-26,slowdown,slowdown,0.9105338639666328,-0.36869515750276194,0,1,0.24939630822075504,0.062009731295340646,0.0,0
2000-06-02,slowdown,slowdown,0.907601854941136,-0.5001402596746025,0,2,0.25830094699021394,0.1001123318090693,0.0,0
2000-06-09,slowdown,slowdown,0.8632129746077283,-0.859935613677302,0,3,0.281538627195642,0.10511018355039613,0.0,0
2000-06-16,slowdown,slowdown,0.8017824821721333,-0.8288194853325986,0,2,0.2791303999927201,0.18323871621162333,0.0,0
2000-06-23,slowdown,slowdown,0.7326589995028374,-1.0803159807244183,0,3,0.2635740831555487,0.2,0.0,0
2000-06-30,slowdown,slowdown,0.699624432040866,-1.0549090332562738,0,3,0.2488499810031274,0.2,0.0,0
2000-07-07,slowdown,slowdown,0.7011055032791167,-0.9583916889928329,0,3,0.24832429043618826,0.16322823645627085,0.0,0
2000-07-14,slowdown,slowdown,0.6650790060167651,-0.9939898158763363,0,3,0.24287351483896227,0.16094778900924006,0.0,0
2000-07-21,slowdown,slowdown,0.5251718467959653,-1.3322034285144668,0,4,0.3084744874109506,0.18114610088533878,0.0,0
2000-07-28,slowdown,slowdown,0.5038548662051809,-1.4171122405715697,0,4,0.32246770752152276,0.2,0.0,0
2000-08-04,slowdown,slowdown,0.47871935273260957,-1.3108106289283952,0,3,0.3520312399801948,0.21930866581899838,0.0,0
2000-08-11,slowdown,slowdown,0.4122076500526285,-1.2335994429357786,0,3,0.408833187165402,0.27047841174037535,0.0,0
2000-08-18,slowdown,slowdown,0.3294366894097561,-1.2040661963740036,0,3,0.5115525160446384,0.3331567880814777,0.0,0
2000-08-25,slowdown,slowdown,0.3057158790874096,-1.1776217085818865,0,3,0.5194853993781922,0.3497539124601871,0.0,0
2000-09-01,slowdown,slowdown,0.27598118394191606,-1.2360932231729103,0,3,0.4763684710114089,0.37639925289509724,0.0,0
2000-09-08,slowdown,slowdown,0.25297956088506646,-1.212794944428208,0,3,0.5121094922513434,0.3924841260885504,0.0,0
2000-09-15,slowdown,slowdown,0.2351344088237643,-1.0202744175076244,0,2,0.5075007682888308,0.28388649422215184,0.0,0
2000-09-22,slowdown,slowdown,0.28562073682800887,-0.7181002288386675,0,2,0.466856474900953,0.24791387498034423,0.0,0
2000-09-29,slowdown,slowdown,0.30122521242420774,-0.7566318889826273,0,3,0.48699505318233816,0.22460450468712972,0.0,0
2000-10-06,slowdown,slowdown,0.31699944310127526,-0.675481881412549,0,3,0.4815714316637378,0.1481456869240285,0.0,0
2000-10-13,slowdown,slowdown,0.29281927860281715,-0.5861643975958322,0,3,0.5213382000641948,0.12138641439672841,0.0,0
2000-10-20,slowdown,slowdown,0.26518930284283526,-0.47967760956733957,0,3,0.5164844404871443,0.12957071338812345,0.0,0
2000-10-27,slowdown,slowdown,0.25215321364109056,-0.4401544663574132,0,3,0.5425961576095504,0.13363028880495295,0.0,0
2000-11-03,slowdown,slowdown,0.23100917381281985,-0.5413548242431782,0,3,0.5524528725951303,0.15334286151216556,0.0,0
2000-11-10,slowdown,slowdown,0.18534454104112566,-0.5048211226463858,0,3,0.5269546193786865,0.1917988135296499,0.0,0
2000-11-17,slowdown,slowdown,0.03754886083852423,-0.9056370844775838,0,4,0.39599380264029566,0.3441287347978242,0.0,0
2000-11-24,slowdown,slowdown,-0.020211633066586153,-1.0987679548634763,0,4,0.341020303774018,0.5568898439317985,0.0,0
2000-12-01,slowdown,slowdown,-0.14426820857787287,-1.3205542323600514,0,4,0.4255817126984565,0.7147262096046705,0.0,0
2000-12-08,slowdown,slowdown,-0.1936129912529109,-1.2847300143364309,0,4,0.4756188046875829,0.751685129951591,0.0,0
2000-12-15,slowdown,slowdown,-0.21660257185275605,-1.3654423927458352,0,4,0.4978359174207684,0.7722485660856908,0.0,0
2000-12-22,slowdown,slowdown,-0.37805414772745555,-1.5577806753706345,1,4,0.4483204331672177,0.9006394812941994,0.0,0
2000-12-29,slowdown,slowdown,-0.41456544463572004,-1.6344181271575384,1,4,0.4745084307316483,0.9296743098494791,0.0,0
2001-01-05,slowdown,slowdown,-0.438234383742527,-1.6001672381503695,1,4,0.49334606729504366,0.9484965278270592,0.0,0
2001-01-12,slowdown,contraction,-0.5206793301770316,-1.829142461528214,1,4,0.5512126183951729,1.0,0.0,0
2001-01-19,slowdown,slowdown,-0.451386048904595,-1.3964066073755494,1,3,0.5573758998978426,0.9589551084728389,0.0,0
2001-01-26,slowdown,slowdown,-0.42891148940713997,-1.1307917028938381,1,3,0.542050607301654,0.8939974859599671,0.0,0
2001-02-02,slowdown,slowdown,-0.4471776703375686,-0.9789347014553924,1,3,0.5539813303797106,0.8633111776144966,0.0,0
2001-02-09,slowdown,slowdown,-0.5265441960354692,-1.107712881196869,1,3,0.5728239566410666,0.9420450459153524,0.0,0
2001-02-16,slowdown,slowdown,-0.6537752203410714,-1.1162731316044723,2,3,0.5801690136047666,0.9446883222493352,0.0,0
2001-02-23,contraction,contraction,-0.7668142567633065,-1.2749430410626172,2,3,0.5421648515245371,0.9936831993400084,0.0,0
2001-03-02,slowdown,slowdown,-0.8223795316026052,-1.249534171721942,2,2,0.5678503550028385,0.5858373233663554,0.0,0
2001-03-09,slowdown,slowdown,-0.8842735150172188,-1.21418210756016,2,2,0.5529687609332737,0.5749211386630106,0.0,0
2001-03-16,slowdown,slowdown,-0.9279522224647856,-1.373338001563544,2,2,0.5708958001856121,0.6000000000000001,0.0,0
2001-03-23,contraction,contraction,-1.086350348384861,-1.7688935015958538,2,3,0.5475907715191843,1.0,0.0,0
2001-03-30,contraction,contraction,-1.093537725151948,-1.7669912263668544,2,4,0.5505113350676032,1.0,0.0,0
2001-04-06,contraction,contraction,-1.1074449071355594,-1.6729949158305282,2,4,0.5554692634923131,1.0,0.0,1
2001-04-13,contraction,contraction,-1.203999170745111,-1.8702187056467252,3,4,0.525757879052046,1.0,0.0,1
2001-04-20,contraction,contraction,-1.2077006460361643,-1.5231391343763596,3,4,0.5150064776496187,1.0,0.0,1
2001-04-27,contraction,contraction,-1.2394608108131937,-1.5196559868333235,3,4,0.5291495066584142,1.0,0.0,1
2001-05-04,contraction,contraction,-1.2846277605706518,-1.7729978715407921,3,4,0.5590027232192663,1.0,0.0,1
2001-05-11,contraction,contraction,-1.321371958509742,-1.649627973728111,3,4,0.5413849828804053,1.0,0.0,1
2001-05-18,contraction,contraction,-1.4230079798741961,-1.622317635601434,3,4,0.5135430587780684,1.0,0.0,1
2001-05-25,contraction,contraction,-1.4216920209514563,-1.6243687061437477,3,4,0.5146875125330065,1.0,0.0,1
2001-06-01,contraction,contraction,-1.4603174796860061,-1.7974031098165626,3,4,0.5290119739927568,1.0,0.0,1
2001-06-08,contraction,contraction,-1.50940903914555,-1.6845787962223988,3,4,0.5277676410061448,1.0,0.0,1
2001-06-15,contraction,contraction,-1.475859617144352,-1.7608029038688748,3,3,0.5503303261401639,1.0,0.0,1
2001-06-22,contraction,contraction,-1.5650598017762514,-1.7957586274984227,3,4,0.5221657563920148,1.0,0.0,1
2001-06-29,contraction,contraction,-1.5889152164705584,-1.5545927208326573,3,4,0.5158195143229242,1.0,0.0,1
2001-07-06,contraction,contraction,-1.5875965712149906,-1.5362667401155927,3,4,0.5099961733216483,1.0,0.0,1
2001-07-13,contraction,contraction,-1.6376318838627586,-1.501753559096994,3,4,0.4895604719437539,1.0,0.0,1
2001-07-20,contraction,contraction,-1.774841818018428,-1.5994210782504532,3,4,0.4579854674144748,1.0,0.0,1
2001-07-27,contraction,contraction,-1.7742029295860058,-1.629016498953338,3,4,0.46304404562293383,1.0,0.0,1
2001-08-03,contraction,contraction,-1.7930686101390356,-1.3547824328303348,3,4,0.45149767515404576,1.0,0.0,1
2001-08-10,contraction,contraction,-1.8466827320193062,-1.2926337268046315,3,4,0.4378592678290146,1.0,0.0,1
2001-08-17,contraction,contraction,-1.7833351031490168,-0.9317146580710048,3,3,0.4458251235804003,0.9981769697234757,0.0,1
2001-08-24,contraction,contraction,-1.779672751897504,-0.986237541134867,3,3,0.4481669904279192,0.9973592524471122,0.0,1
2001-08-31,contraction,contraction,-1.8010024540676326,-1.015244105585022,3,3,0.4460555528956433,1.0,0.0,1
2001-09-07,contraction,contraction,-1.7946058383854449,-1.0503129748989901,3,3,0.4471034473978397,1.0,0.0,1
2001-09-14,contraction,contraction,-1.8571132284679197,-1.1559708239940667,3,3,0.43714599110883856,1.0,0.0,1
2001-09-21,contraction,contraction,-2.026257745028194,-1.1349218648986932,3,4,0.3978559929491258,1.0,0.0,1
2001-09-28,contraction,contraction,-2.026257745028194,-1.295411822805574,3,4,0.41325246461845677,1.0,0.0,1
2001-10-05,contraction,contraction,-2.051191110113983,-1.5647173202126161,3,4,0.43670918182858925,1.0,0.0,1
2001-10-12,contraction,contraction,-2.1198448189116332,-1.8554085013135595,3,4,0.43808215852198534,1.0,0.0,1
2001-10-19,contraction,contraction,-1.7992549017815178,-1.47678596294828,3,3,0.5218484344234567,1.0,0.0,1
2001-10-26,contraction,contraction,-1.7914556964191064,-1.511273532739662,3,3,0.5290557505256626,1.0,0.0,1
2001-11-02,contraction,contraction,-1.8428434269411973,-1.613682850028713,4,3,0.5094469905684679,1.0,0.0,1
2001-11-09,contraction,contraction,-1.9083459916475316,-1.5024142722981213,4,3,0.48653107137184026,1.0,0.0,1
2001-11-16,contraction,contraction,-1.776587866485503,-1.048251483192687,3,3,0.4997707038775062,0.9966704697706956,0.0,1
2001-11-23,contraction,contraction,-1.9845189651298116,-0.9829425254725631,4,3,0.44433305729487516,1.0,0.0,1
2001-11-30,contraction,contraction,-2.0022460120312324,-0.7178460790185778,4,3,0.44252682139095684,1.0,0.0,1
2001-12-07,contraction,contraction,-1.9989016177724301,-0.579429630265458,4,3,0.4421101876521677,1.0,0.0,0
2001-12-14,slowdown,slowdown,-2.0219647510284284,-0.11919032820445015,4,3,0.4243859370752054,0.7221525269838076,0.0,0
2001-12-21,contraction,contraction,-2.109379682841573,-0.7696745453432597,4,3,0.3936805222834075,1.0,0.0,0
2001-12-28,contraction,contraction,-2.109379682841573,-0.6259481641372576,4,3,0.36637113023260365,1.0,0.0,0
2002-01-04,contraction,contraction,-2.0916193066536963,-0.357677358759281,4,3,0.34779424498590167,0.9665665987796885,0.0,0
2002-01-11,slowdown,slowdown,-2.092271937656386,-0.20751580803600253,4,3,0.3357275366403314,0.8126731314742532,0.0,0
2002-01-18,slowdown,slowdown,-2.050368460899341,0.07865131903039044,4,3,0.3467453681955672,0.6000000000000001,0.0,0
2002-01-25,slowdown,expansion,-2.004756726234546,0.16955978750760997,4,3,0.3369320093934878,0.6000000000000001,0.0,0
2002-02-01,expansion,expansion,-1.9633285017608748,0.2629299064512489,4,3,0.3325160508541062,0.6000000000000001,0.0,0
2002-02-08,expansion,expansion,-1.9653650536276992,0.22213836857436609,4,3,0.33259815766965584,0.6000000000000001,0.0,0
2002-02-15,expansion,expansion,-1.93748841841178,0.38262036461589216,4,2,0.31919197520889786,0.2078704948850708,0.0,0
2002-02-22,expansion,expansion,-1.9026947261055676,0.2236933230318822,4,2,0.3181411991233189,0.3707472989680941,0.0,0
2002-03-01,expansion,expansion,-1.886175306329537,0.16670371068266576,4,2,0.30795006187389284,0.4291532557697507,0.0,0
2002-03-08,expansion,expansion,-1.8643330663229989,0.2859666329432212,4,2,0.29985101710532797,0.30692633057317836,0.0,0
2002-03-15,expansion,expansion,-1.858633243349739,0.313720522706019,4,2,0.3007705625411839,0.278482682340744,0.0,0
2002-03-22,expansion,expansion,-1.8255219079579852,0.1913056010913983,4,2,0.30622594213912446,0.40393994251458026,0.0,0
2002-03-29,expansion,expansion,-1.83413257766311,0.1215431527802171,4,2,0.3047883086359563,0.47543617445020026,0.0,0
2002-04-05,expansion,slowdown,-1.8892375584460623,-0.024189210040237275,4,2,0.31843931126923425,0.6247903766745964,0.0,0
2002-04-12,slowdown,slowdown,-1.9324546204394466,-0.15317027496781987,4,2,0.3312152726923885,0.756976966403095,0.0,0
2002-04-19,slowdown,slowdown,-1.9298732304130592,-0.1730213689164578,4,2,0.35224050402840523,0.7773214131862238,0.0,0
2002-04-26,slowdown,slowdown,-1.9122284720432021,-0.2032874472516478,4,2,0.3498042217681375,0.8083396846032773,0.0,0
2002-05-03,slowdown,slowdown,-1.8627426553211996,-0.140233729458301,4,2,0.3276195232626135,0.7437189131010002,0.0,0
2002-05-10,slowdown,slowdown,-1.8153668808414163,-0.009106483552506529,4,1,0.3138513840753254,0.609332804050737,0.0,0
2002-05-17,slowdown,slowdown,-1.7675530405042754,-0.022495759837058038,4,1,0.3046013766589219,0.6202273551586779,0.0,0
2002-05-24,slowdown,slowdown,-1.7508562680546889,0.009146142742052185,4,1,0.3071097397880534,0.5861954819531078,0.0,0
2002-05-31,expansion,expansion,-1.7237683910848816,0.3089198759157869,4,0,0.3119357656570929,0.2818260277128687,0.0,0
2002-06-07,expansion,expansion,-1.689903784194146,0.46589679755814173,4,0,0.3181867618250052,0.2,0.08943403123604869,0
2002-06-14,expansion,expansion,-1.6398559883866564,0.7826485749310115,4,0,0.3180048685446393,0.2,0.2222222222222222,0
2002-06-21,expansion,recovery,-1.548306361773484,0.9129102928838971,4,0,0.33320013008931404,0.2,0.3333333333333333,0
2002-06-28,recovery,recovery,-1.520086367302341,0.8476071096465814,4,0,0.3393859008660046,0.2,0.4444444444444444,0
2002-07-05,recovery,recovery,-1.5038005893180704,0.9112037071254819,4,0,0.3430613638707118,0.2,0.5555555555555556,0
2002-07-12,recovery,recovery,-1.4986723910710495,0.7566843531033064,4,0,0.34702454847275543,0.2,0.663474848648912,0
2002-07-19,recovery,recovery,-1.4166790419371356,0.839867038315678,4,0,0.3638549359137639,0.19744923469069622,0.7777777777777778,0
2002-07-26,recovery,recovery,-1.390913494300419,0.8484814474207287,4,0,0.3705950543485597,0.18576883918530626,0.8888888888888888,0
2002-08-02,recovery,recovery,-1.4049932471243785,0.5524018544627135,4,1,0.3668812380909449,0.17799596285788022,0.8615195382609382,0
2002-08-09,recovery,recovery,-1.3852621202361861,0.4809779404191241,4,1,0.36829921984664016,0.17023091290897246,0.8147761390177514,0
2002-08-16,recovery,expansion,-1.3958054396501143,0.3525662611110515,4,1,0.36447789656581386,0.20236809790068133,0.0,0
2002-08-23,recovery,expansion,-1.4074301441982606,0.08533331406349545,4,1,0.36044256415433945,0.4535239055329477,0.0,0
2002-08-30,expansion,slowdown,-1.4201357762120084,-0.05998567403541242,4,1,0.35721776645615577,0.5917667691127136,0.0,0
2002-09-06,expansion,slowdown,-1.4215588206930831,-0.08490694567818842,4,1,0.3568601753641112,0.6160793512304769,0.0,0
2002-09-13,slowdown,slowdown,-1.4282722750034633,-0.15236981458233073,4,1,0.3453466749642055,0.6908685131254251,0.0,0
2002-09-20,slowdown,contraction,-1.490268738561912,-0.5001093501542656,4,2,0.317690178015988,0.9288092173080102,0.0,0
2002-09-27,contraction,contraction,-1.4845882604158436,-0.5281009889714946,4,2,0.31716025423454125,0.9269354551595926,0.0,0
2002-10-04,contraction,contraction,-1.4967586088906146,-0.4223555194490193,4,1,0.3145813809322909,0.9341911490685157,0.0,0
2002-10-11,slowdown,slowdown,-1.4608194278725084,-0.28613475089516155,4,1,0.308083983471017,0.8227322765757259,0.0,0
2002-10-18,slowdown,slowdown,-1.4870929932745693,-0.2949763190369919,4,1,0.3021142570173312,0.8335767935590279,0.0,0
2002-10-25,slowdown,slowdown,-1.4873066120180691,-0.2863190755827992,4,1,0.3015461894333807,0.8263499193524084,0.0,0
2002-11-01,slowdown,slowdown,-1.4698035874332052,-0.17485355207139475,4,1,0.3051371252647061,0.7134635754390822,0.0,0
2002-11-08,slowdown,slowdown,-1.4510096291223236,-0.04943270296458264,4,1,0.30058414556624796,0.5916798329271158,0.0,0
2002-11-15,slowdown,expansion,-1.4498489306725602,0.13579699287316288,4,1,0.2962670099869509,0.4121614353763542,0.0,0
2002-11-22,expansion,expansion,-1.4057318904620708,0.2855154000856161,4,1,0.3055649591060674,0.2594314233699478,0.0,0
2002-11-29,expansion,expansion,-1.373762523859489,0.43154938833751577,4,1,0.31267588113873446,0.14918332161504197,0.0869364011298368,0
2002-12-06,expansion,expansion,-1.3385491080040264,0.4714743756087145,4,1,0.3196396496871442,0.13060027917635353,0.17967922856438548,0
2002-12-13,expansion,expansion,-1.3531447958282008,0.21405223017020986,4,1,0.32343525915582766,0.2921843572602259,0.0,0
2002-12-20,expansion,expansion,-1.3236261910667046,0.3580101802102235,4,0,0.33064829078468866,0.17821172712784078,0.0,0
2002-12-27,expansion,expansion,-1.320866806601821,0.3246830017225263,4,0,0.32936881459320155,0.20971199375768504,0.0,0
2003-01-03,expansion,expansion,-1.3293153378434006,0.24375252243640028,4,0,0.323099227167647,0.2922050375868168,0.0,0
2003-01-10,expansion,expansion,-1.2754596282604682,0.3839639409864028,4,0,0.31457527715535755,0.15266705884662712,0.0,0
2003-01-17,expansion,expansion,-1.2040996856890356,0.5097362159949759,4,0,0.326938902928608,0.11755715501449038,0.09262188888852353,0
2003-01-24,expansion,expansion,-1.1958578088468197,0.46417138118533235,4,0,0.3270448644633053,0.1147928071932946,0.17861712931723855,0
2003-01-31,expansion,expansion,-1.2065432443680841,0.21659944821075094,4,1,0.3241484769296669,0.25769655428271343,0.0,0
2003-02-07,expansion,expansion,-1.2175874583308224,0.19721587986843978,4,1,0.31909547719793185,0.28283470025364343,0.0,0
2003-02-14,expansion,expansion,-1.2220543509464339,0.2945672572423034,4,1,0.321004138002984,0.199784322389026,0.0,0
2003-02-21,expansion,slowdown,-1.3175787942049648,-0.011718812717874384,4,2,0.29760807732235234,0.4838750611116269,0.0,0
2003-02-28,expansion,slowdown,-1.32941781577308,-0.0007336723495684483,4,2,0.2949577529439208,0.4823830969229881,0.0,0
2003-03-07,slowdown,slowdown,-1.3688801638649057,-0.2834505005697373,4,2,0.2864546525072894,0.751406822321548,0.0,0
2003-03-14,slowdown,slowdown,-1.409907852356644,-0.7407412013086792,4,3,0.285427531182114,0.8749087506682561,0.0,0
2003-03-21,slowdown,slowdown,-1.4190011871242272,-0.9221369467561539,4,3,0.28259971608880935,0.8827691192809168,0.0,0
2003-03-28,slowdown,slowdown,-1.413417331671809,-0.9352713741734622,4,3,0.28371615631504304,0.8843291965487461,0.0,0
2003-04-04,slowdown,slowdown,-1.4031000213818892,-0.7075336384831102,4,3,0.28323130009857855,0.8771580219305602,0.0,0
2003-04-11,slowdown,slowdown,-1.381577991527344,-0.5935111749932677,4,2,0.2791524335537087,0.8682126091749882,0.0,0
2003-04-18,slowdown,slowdown,-1.339751873828776,-0.32931453042482906,4,2,0.2851053327585883,0.8042846624231911,0.0,0
2003-04-25,slowdown,slowdown,-1.3685819406693498,-0.3671852046983344,4,2,0.27909940388010696,0.8607146773859065,0.0,0
2003-05-02,slowdown,slowdown,-1.3541106450073568,-0.030027740217208155,4,1,0.282082121730769,0.5581606990051,0.0,0
2003-05-09,slowdown,expansion,-1.3479287113529126,0.2309566025916252,4,1,0.2706341790118708,0.33012877355545445,0.0,0
2003-05-16,expansion,expansion,-1.3475530456110736,0.2080695543657641,4,1,0.26781072849979365,0.3461100859952755,0.0,0
2003-05-23,expansion,expansion,-1.3171594782285898,0.3362853435907013,4,1,0.27399048391814085,0.22139979373710078,0.0,0
2003-05-30,expansion,expansion,-1.2591809546052501,0.603330457907876,4,1,0.2866062749101499,0.16130432861301203,0.09942775290196887,0
2003-06-06,expansion,expansion,-1.2558774454311668,0.5924951339412166,4,1,0.2873601752703801,0.15970366566837405,0.19727968789139275,0
2003-06-13,expansion,recovery,-1.2540797698829311,0.6206127628961678,4,1,0.2804570777167803,0.1638208522739461,0.302053395047157,0
2003-06-20,recovery,recovery,-1.151351203083697,0.9307857154578606,4,0,0.3054806791733828,0.1584762260457577,0.4444444444444444,0
2003-06-27,recovery,recovery,-1.1363062322569306,0.981155793092376,4,0,0.3095253176483262,0.15022605207819928,0.5555555555555556,0
2003-07-04,recovery,recovery,-1.119795789974893,0.9562928870463573,4,0,0.31408900679380575,0.14754231014948327,0.6666666666666666,0
2003-07-11,recovery,recovery,-1.1053878829042219,0.9150994929940357,4,0,0.3095276604352418,0.1453423500964984,0.7777777777777778,0
2003-07-18,recovery,recovery,-1.0231917568005255,1.1288094765106447,4,0,0.3343929649498845,0.13683555047673437,0.8888888888888888,0
2003-07-25,recovery,recovery,-1.007565767422331,1.1123203277109077,4,0,0.33957894991225335,0.12862110687689624,1.0,0
2003-08-01,recovery,recovery,-0.9742555245572622,0.9024417063002336,4,0,0.35118930983151847,0.10885339844052969,1.0,0
2003-08-08,recovery,recovery,-0.9309980063347897,0.978393966270167,4,0,0.3601380653959954,0.08906701776353529,1.0,0
2003-08-15,recovery,recovery,-0.8984415083893819,0.8132453357142264,4,0,0.3731882573969714,0.0828219287576617,1.0,0
2003-08-22,recovery,recovery,-0.8763557623824777,0.7775321372143812,3,0,0.3825932746507194,0.07886016840835114,1.0,0
2003-08-29,recovery,recovery,-0.8670528048233453,0.7173330510202689,3,0,0.3866982714590859,0.07454725345212924,0.9694588030237361,0
2003-09-05,recovery,recovery,-0.8643279489425215,0.7143690225537561,3,0,0.38791736550825895,0.07302626217061996,0.9675189938179032,0
2003-09-12,recovery,recovery,-0.859013549703235,0.7242500744946356,3,0,0.3697724491242496,0.08011352409157564,0.9739856508472746,0
2003-09-19,recovery,recovery,-0.8724032439547662,0.4945512744219471,4,0,0.36409716069459047,0.07682369963293817,0.8236592110091276,0
2003-09-26,recovery,recovery,-0.8547234193558632,0.4481691848945248,4,0,0.37162845537104866,0.06810504728210529,0.7933044403759979,0
2003-10-03,recovery,recovery,-0.832847712256959,0.44576806121665413,4,0,0.3813897059810606,0.05797156733428335,0.7917330243564491,0
2003-10-10,recovery,recovery,-0.7720221846256002,0.6405290411632144,4,0,0.3810011626309008,0.037744206431129156,0.9191943986670251,0
2003-10-17,recovery,recovery,-0.7570448476381393,0.5986921260765146,4,1,0.38853887036795287,0.02704761199887509,0.8918142186364624,0
2003-10-24,recovery,recovery,-0.7560468096474299,0.5822727622521076,4,1,0.3890517705595103,0.026626731777287194,0.8810685616833165,0
2003-10-31,recovery,recovery,-0.7194930647600895,0.7534128436177434,4,1,0.40881749154494107,0.01723044103736301,0.9930712327341253,0
2003-11-07,recovery,recovery,-0.6894595584167958,0.8492658335069727,4,1,0.4266259656978832,0.0007294373581822513,1.0,0
2003-11-14,recovery,recovery,-0.6644801476613567,0.799968720258976,4,1,0.41095704945280254,0.0,1.0,0
2003-11-21,recovery,recovery,-0.611686641682305,0.9457734015534236,4,0,0.4212111436577992,0.0,1.0,0
2003-11-28,recovery,recovery,-0.5780333220003778,0.9789464847749327,4,0,0.40124770084091993,0.0,1.0,0
2003-12-05,recovery,recovery,-0.5379157633488276,1.10370312836156,3,0,0.40791376238860344,0.0,1.0,0
2003-12-12,recovery,recovery,-0.5101106445428311,1.0039039276401898,3,0,0.38951613636893007,0.0,1.0,0
2003-12-19,recovery,recovery,-0.48923752308636814,1.0423654586123057,3,0,0.3830141348720736,0.0,0.9863196054536463,0
2003-12-26,recovery,recovery,-0.4826437846121324,1.0154192039420609,3,0,0.3795813094450579,0.0,0.9797651934514239,0
2004-01-02,recovery,recovery,-0.48217548723512105,0.7139440311393257,4,0,0.36491673989854323,0.0,0.9472186715986308,0
2004-01-09,recovery,recovery,-0.44755728646700366,0.7878950993766096,4,0,0.34127380163626203,0.0,0.9448879587147153,0
2004-01-16,recovery,recovery,-0.44437631648678366,0.71819490354668,4,0,0.32588617687721216,0.0,0.9134956934034127,0
2004-01-23,recovery,recovery,-0.4511011117219029,0.5121705778548662,4,0,0.3242189555337967,0.0,0.7921032490125419,0
2004-01-30,recovery,expansion,-0.46878106649102397,0.11975006980367509,4,1,0.31374928154740456,0.17491397330369507,0.0,0
2004-02-06,recovery,expansion,-0.4805618750745907,0.070958755401006,4,1,0.31841339934915713,0.2075342595170518,0.0,0
2004-02-13,expansion,slowdown,-0.4925096064847317,-0.05677207848136865,4,1,0.3199210921351138,0.2920721215523163,0.0,0
2004-02-20,expansion,slowdown,-0.4783940355268406,0.010561043821616817,3,2,0.3231162300072843,0.24655020492734478,0.0,0
2004-02-27,expansion,slowdown,-0.4830375886876702,-0.032072082306975336,3,2,0.32601099492882324,0.2768887330801004,0.0,0
2004-03-05,expansion,expansion,-0.45534437170287523,0.06637435782268038,3,2,0.31053551156252146,0.20817709899799416,0.0,0
2004-03-12,expansion,expansion,-0.3846755781895173,0.19144868160979706,3,2,0.27018619497599755,0.12377616959282346,0.0,0
2004-03-19,expansion,expansion,-0.2837766524640494,0.42508400809843094,3,1,0.3121754414034609,0.0,0.06762389127930339,0
2004-03-26,expansion,expansion,-0.2630698141668789,0.4560673629111056,3,1,0.3305261616135721,0.0,0.13511958759027923,0
2004-04-02,expansion,expansion,-0.24342906808178721,0.7644617771402873,3,0,0.3425184035957765,0.0,0.24732573495089039,0
2004-04-09,expansion,expansion,-0.2100296464829606,0.9444341547469071,3,0,0.3622323924462061,0.0,0.31501199314467,0
2004-04-16,expansion,expansion,-0.15306281569200056,1.1123253924246348,3,0,0.37489735108100997,0.0,0.36230550899712866,0
2004-04-23,expansion,expansion,-0.21647546250756608,0.9066862446534625,3,0,0.3447214069964304,0.0,0.4767895709129,0
2004-04-30,expansion,recovery,-0.20459229336988938,0.9642841058116476,3,0,0.3518694170956832,0.0,0.5470671585585626,0
2004-05-07,expansion,recovery,-0.18857441956511806,0.9068905708126731,3,0,0.3662434691438571,0.0,0.6110664188779484,0
2004-05-14,expansion,recovery,-0.14151555953231337,0.846904870942286,3,0,0.40001096421474447,0.0,0.6406715303502121,0
2004-05-21,expansion,recovery,-0.11727952511999731,0.8013946411019555,2,0,0.4183216701102599,0.0,0.6165800448508919,0
2004-05-28,expansion,recovery,-0.11963263021520013,0.780989064776181,2,0,0.4164088918098153,0.0,0.6189191155220677,0
2004-06-04,expansion,recovery,-0.1214353304838777,0.7993439487595226,1,0,0.4094517807951828,0.007485421572966989,0.620711064099282,0
2004-06-11,expansion,recovery,-0.13983852532650234,0.6401264791768649,1,0,0.39073452797663594,0.022422696858371616,0.5872010055153045,0
2004-06-18,expansion,expansion,-0.21434313614833664,0.27513414644423206,3,1,0.3557781542017097,0.06607471967569165,0.0,0
2004-06-25,expansion,expansion,-0.23214654807421894,0.23678360585492478,3,1,0.3399454199515445,0.08885953850151199,0.0,0
2004-07-02,expansion,expansion,-0.2449325972318941,0.09526542159345555,3,1,0.32911893895321265,0.20891713189265892,0.0,0
2004-07-09,expansion,slowdown,-0.21311556484428684,-0.05507221613276512,3,1,0.35668794564140255,0.28617433339676546,0.0,0
2004-07-16,expansion,slowdown,-0.23519384066978882,-0.10008920863480875,3,1,0.3412599776723705,0.3606278984366942,0.0,0
2004-07-23,expansion,slowdown,-0.17361495691815998,0.0035646280392313432,1,1,0.37566635229275513,0.0778841314741876,0.0,0
2004-07-30,expansion,slowdown,-0.1605286978390109,-0.007269760180934742,1,1,0.3822976774921394,0.043275418071341415,0.0,0
2004-08-06,slowdown,slowdown,-0.18201512335666553,0.0010599657521283834,1,1,0.3621853667825079,0.0403558161570661,0.0,0
2004-08-13,slowdown,slowdown,-0.1641032106066474,-0.007946845925978292,1,1,0.3772037889605345,0.040136746561309805,0.0,0
2004-08-20,expansion,expansion,-0.1680755794808587,0.3250892815543535,2,0,0.38095524447723544,0.003135004973342933,0.0,0
2004-08-27,expansion,expansion,-0.15904862294343336,0.3659172457546572,2,0,0.38876158317338594,0.0011092445576625632,0.0,0
2004-09-03,expansion,expansion,-0.16644176933630067,0.3325987652996818,2,0,0.38147184930158623,0.0027470215226671015,0.0,0
2004-09-10,expansion,expansion,-0.14804738840558915,0.4299721495254758,2,0,0.39463830479412687,0.0,0.056187919731290024,0
2004-09-17,expansion,expansion,-0.04751098730675065,0.48590621770481024,1,0,0.4608685207765813,0.0,0.09947399748534988,0
2004-09-24,expansion,expansion,-0.047158373072426006,0.4887267784192722,1,0,0.4611745947593141,0.0,0.14945191987677084,0
2004-10-01,expansion,expansion,-0.04975321675485471,0.38489829592889024,1,0,0.4590793948990544,7.687171757585982e-05,0.0,0
2004-10-08,expansion,expansion,-0.036504053108373166,0.49514932122235306,1,0,0.4683034554297165,0.0,0.049103008640139695,0
2004-10-15,expansion,expansion,-0.040365563322661925,0.4524802866990082,1,0,0.4647282956444084,0.004570502367411193,0.0955571828269938,0
2004-10-22,expansion,expansion,-0.006800054725282489,0.6423025576495469,1,0,0.4941826515440519,0.0,0.15546622551992662,0
2004-10-29,expansion,expansion,0.007934472805956893,0.629415089390024,1,0,0.5065108639054677,0.0,0.19945243484671,0
2004-11-05,expansion,expansion,0.014519906165367668,0.622216540026652,1,0,0.5117989651622469,0.0,0.24472825118346725,0
2004-11-12,expansion,expansion,0.02451543449364335,0.5699423570109599,1,0,0.519666236389601,0.0,0.2768167734886121,0
2004-11-19,expansion,expansion,0.010419477662695752,0.30233151317863455,1,0,0.508567629977637,0.0,0.0,0
2004-11-26,expansion,expansion,0.04314233075408218,0.3679304231843872,1,0,0.5336631197000857,0.0,0.0,0
2004-12-03,expansion,expansion,0.02166815222410996,0.20355830635956434,1,1,0.5163895027469206,0.0,0.0,0
2004-12-10,expansion,expansion,0.008182683893504628,0.03368788035727559,1,1,0.5064298251174919,0.0,0.0,0
2004-12-17,expansion,expansion,0.10981116209521677,0.1905525229329333,1,1,0.5621502646676992,0.0,0.0,0
2004-12-24,expansion,expansion,0.09704563804954755,0.1254536854012678,1,1,0.5528514462371986,0.0,0.0,0
2004-12-31,expansion,expansion,0.2628417106103749,1.1394043391800575,1,0,0.592964467002369,0.0,0.026525103754100405,0
2005-01-07,expansion,expansion,0.24207366646685174,1.0802802290444462,1,0,0.5777990181659042,0.0,0.057637802856891594,0
2005-01-14,expansion,expansion,0.18982633365178941,1.0382119262927936,1,0,0.5356575186938343,0.06106589991841613,0.10376861045335009,0
2005-01-21,expansion,expansion,0.1568439256093235,0.9087493996479358,1,0,0.5391804728207663,0.1371207085051461,0.15292956677299602,0
2005-01-28,expansion,expansion,0.13376332434683252,0.8630113610949177,1,0,0.5152042580062164,0.1717689217879258,0.20390803824451484,0
2005-02-04,expansion,expansion,0.006485327740954805,0.1297120315420657,1,1,0.506290763229808,0.09435875739596548,0.0,0
2005-02-11,expansion,expansion,0.08293462005899702,0.27094089057419957,1,1,0.5736577346665419,0.03784979907867586,0.0,0
2005-02-18,expansion,expansion,0.16411533717263047,0.2768044222012712,1,1,0.5839271041360568,0.0,0.0,0
2005-02-25,expansion,expansion,0.1856640018575491,0.2891874627714261,1,1,0.5983725014201451,0.0,0.0,0
2005-03-04,expansion,slowdown,0.19777571457603696,-0.30089247675466263,2,1,0.6034936283042858,0.028189575287778747,0.0,0
2005-03-11,slowdown,slowdown,0.16742015984591838,-0.2793528558147118,1,1,0.5845426926793575,0.028774454308850367,0.0,0
2005-03-18,slowdown,slowdown,0.10735048277901482,-0.39452763883913644,1,1,0.5864129358779235,0.0479122086493052,0.0,0
2005-03-25,slowdown,slowdown,0.08723570894602033,-0.38499335638863014,1,1,0.5713543236108517,0.04913133208757672,0.0,0
2005-04-01,slowdown,expansion,0.06616947733225316,0.27338982385083216,0,0,0.5567074379864788,0.0,0.0,0
2005-04-08,expansion,expansion,0.08362619506937871,0.20384015842517678,0,0,0.5774033263755683,0.06130252000463802,0.0,0
2005-04-15,expansion,slowdown,0.044246357576703546,-0.020519052317026998,0,1,0.543212800080072,0.10638357362004787,0.0,0
2005-04-22,slowdown,slowdown,0.09316415850520646,-0.061117489491727905,0,1,0.5901049279308974,0.10207738198796092,0.0,0
2005-04-29,expansion,expansion,0.1294507017063365,0.08681474021086,0,1,0.6198453446988785,0.07687401707766536,0.0,0
2005-05-06,expansion,expansion,0.1345695868384901,0.1671608289286246,0,1,0.6234620445553472,0.014590263726811152,0.0,0
2005-05-13,expansion,expansion,0.13444455220151336,0.2134620221614138,0,1,0.6259890326059775,0.0,0.0,0
2005-05-20,expansion,expansion,0.11345717152799714,0.33448832311226623,0,0,0.6103522646792164,0.0,0.0,0
2005-05-27,expansion,expansion,0.10385691037306088,0.3775163196493972,0,0,0.6029361536200673,0.0,0.0,0
2005-06-03,expansion,expansion,0.10540907787576814,0.39163212260379887,0,0,0.6105012072830545,0.0,0.033211785226860746,0
2005-06-10,expansion,expansion,0.10174944969949198,0.2880727540808462,0,0,0.6133407556436783,0.0,0.0,0
2005-06-17,expansion,expansion,0.23394288910176925,0.6049321631813867,0,0,0.46539418421649204,0.06541523898275461,0.02662334116600927,0
2005-06-24,expansion,expansion,0.22595306696221512,0.5244809833245825,0,0,0.45746032591135044,0.12752051909453796,0.05160568073634759,0
2005-07-01,expansion,expansion,0.25935656510411925,0.5568584825225238,0,0,0.4873916771980268,0.09306877697950602,0.06978601725015274,0
2005-07-08,expansion,expansion,0.2867242971889338,0.6847616365987814,0,0,0.5103609659300338,0.07291467801087063,0.0905942880127935,0
2005-07-15,expansion,expansion,0.27748032363940833,0.7062723010672661,0,0,0.5017960138154168,0.05601025787041312,0.11983629545394599,0
2005-07-22,expansion,expansion,0.2602161918548641,0.6418204794826254,0,0,0.47195788615626016,0.049353085953229514,0.14802565478733737,0
2005-07-29,expansion,expansion,0.25108395005869566,0.555109049484227,0,0,0.4616988628262579,0.05225002131383875,0.16813988005614258,0
2005-08-05,expansion,expansion,0.2574112383427581,0.5982434975959445,0,0,0.46698591123497496,0.018951852322239615,0.1934591945998344,0
2005-08-12,expansion,expansion,0.2935150475428758,0.6582536835928253,0,0,0.4992747012862932,0.0,0.19382445203739138,0
2005-08-19,expansion,slowdown,0.15204848162010923,0.004346288390474351,0,1,0.6716499273548389,0.0,0.0,0
2005-08-26,expansion,slowdown,0.15501769445207353,-0.04619250134416162,0,1,0.6739179363160954,0.004933859285775866,0.0,0
2005-09-02,slowdown,slowdown,0.14003072463947938,-0.1954965459790678,0,1,0.6567343249481461,0.021780461166767167,0.0,0
2005-09-09,slowdown,slowdown,0.112129547258908,-0.4171993757500648,0,1,0.6284837059485645,0.05998386218153947,0.0,0
2005-09-16,slowdown,slowdown,-0.0015953642614663587,-0.6752768561230644,0,1,0.4965567519735973,0.29599876527542374,0.0,0
2005-09-23,slowdown,slowdown,-0.27548231220855673,-1.3878020764059407,1,2,0.35131759489308184,0.5095357106197045,0.0,0
2005-09-30,slowdown,slowdown,-0.3499400873661274,-1.7290508806517284,1,3,0.34796956727596556,0.8782823756390676,0.0,0
2005-10-07,slowdown,slowdown,-0.4290359028264687,-1.8714462764982205,1,3,0.28381890646237223,0.9411816324663766,0.0,0
2005-10-14,slowdown,slowdown,-0.420556102828062,-1.9268441242906025,1,3,0.28954163298181446,0.9344382527459738,0.0,0
2005-10-21,slowdown,slowdown,-0.3691102225213533,-1.4578458706643769,1,3,0.3404108256580174,0.8935270159215534,0.0,0
2005-10-28,slowdown,slowdown,-0.33853126965388486,-1.3740857278161316,1,3,0.37115955561733577,0.8692097571800277,0.0,0
2005-11-04,slowdown,slowdown,-0.24741281626222325,-0.896398824975256,1,2,0.3337611475054986,0.4064712747887631,0.0,0
2005-11-11,slowdown,slowdown,-0.1622476274796369,-0.3172309731735225,1,2,0.30865137196328796,0.09720716508387653,0.0,0
2005-11-18,expansion,expansion,-0.01164077727755648,0.9652186011238012,0,0,0.4841674113642832,0.0,0.05684126102027352,0
2005-11-25,expansion,expansion,-0.008935319548894571,1.0977045678075759,0,0,0.48795377308067234,0.0,0.11308489497435269,0
2005-12-02,expansion,expansion,0.025724996576660653,1.6486754437723654,0,0,0.5351776508169779,0.0,0.158142810942127,0
2005-12-09,expansion,expansion,0.04523008876571155,1.6984355847861132,0,0,0.559512482301565,0.0,0.20223985475338566,0
2005-12-16,expansion,expansion,0.08412653049378369,1.762836657641125,0,0,0.6290237034213549,0.0,0.23131956566501896,0
2005-12-23,expansion,expansion,0.11056283958820386,1.5603038476398552,0,0,0.6596100841203468,0.0,0.26006438728415915,0
2005-12-30,expansion,expansion,0.11090597546555743,1.249063055209356,0,0,0.6680043491011983,0.0,0.3031431601216146,0
2006-01-06,expansion,expansion,0.11988725344081574,1.1196018699528314,0,0,0.6764845870847116,0.0,0.33851358211547095,0
2006-01-13,expansion,expansion,0.12278070100669755,0.9279892239708707,0,0,0.6927712249508019,0.0,0.37795158945656304,0
2006-01-20,expansion,expansion,0.29348929400963375,0.9293133814815129,0,0,0.5619906984377137,0.0,0.20826113915543365,0
2006-01-27,expansion,expansion,0.3315236829023832,0.9779728624922391,0,0,0.593663503842103,0.0,0.17045359552446998,0
2006-02-03,expansion,expansion,0.39143234667082244,1.0677079850487834,0,0,0.6516874665345276,0.0,0.11090223988983854,0
2006-02-10,expansion,expansion,0.45322570388378536,1.2674229469897047,0,0,0.7010797609264577,0.0,0.04947743152705233,0
2006-02-17,expansion,expansion,0.36565571361253135,0.8773345016686223,0,0,0.7777262507159416,0.0,0.13652513557402451,0
2006-02-24,expansion,expansion,0.3738957774075823,0.9144913318562178,0,0,0.7817086330291481,0.0,0.1283342172886856,0
2006-03-03,expansion,expansion,0.3736916547709716,0.9316987437777167,0,0,0.7662352504538451,0.0,0.12853712249406402,0
2006-03-10,expansion,expansion,0.373375500230343,0.9326465140990052,0,0,0.7348893324116578,0.0,0.12885139142113022,0
2006-03-17,expansion,expansion,0.3645543734346763,0.5789123237480183,0,1,0.7324096177444148,0.0,0.1209499144423962,0
2006-03-24,expansion,expansion,0.3370197240335878,0.43990746548421783,0,1,0.7247184275299864,0.0,0.12999548088373836,0
2006-03-31,expansion,expansion,0.3389078568547051,0.17887391653331772,0,1,0.7104413778516881,0.045527250360677195,0.0,0
2006-04-07,expansion,expansion,0.35194614875272157,0.1052280628498519,0,1,0.7193114851376522,0.10083830119762122,0.0,0
2006-04-14,expansion,expansion,0.361567962156487,0.06932948034919721,0,1,0.7227035218940677,0.056879351563987074,0.0,0
2006-04-21,expansion,expansion,0.34856098382005907,0.19694880167425954,0,0,0.774247163814081,0.06250523360226613,0.0,0
2006-04-28,expansion,expansion,0.3325877422182367,0.2005896100938444,0,0,0.7650798821039494,0.06041636749224774,0.0,0
2006-05-05,expansion,slowdown,0.28681249473988796,-0.058555965133222955,0,0,0.7547943194622928,0.10078942823820589,0.0,0
2006-05-12,slowdown,slowdown,0.22616346572416218,-0.32123041570633587,0,0,0.7452087224191054,0.1936052256580971,0.0,0
2006-05-19,slowdown,slowdown,0.07473294924952323,-0.6042903570541311,0,1,0.5787037020376571,0.26766005775943885,0.0,0
2006-05-26,slowdown,slowdown,0.0637941495386219,-0.6151521292085042,0,1,0.5632355627969214,0.2829294463486638,0.0,0
2006-06-02,slowdown,slowdown,0.038196267074618005,-0.8687894061299483,0,2,0.5530488028152963,0.323948775801337,0.0,0
2006-06-09,slowdown,slowdown,0.06594913258905222,-0.8551235192419137,0,3,0.6027912680831745,0.48356452259912663,0.0,0
2006-06-16,slowdown,slowdown,0.12200448437404487,-0.6960053806185933,0,3,0.6869133755776667,0.3843539063586956,0.0,0
2006-06-23,slowdown,slowdown,0.14026204273336443,-0.6240060581131173,0,3,0.7204011390559072,0.33175617990402645,0.0,0
2006-06-30,slowdown,slowdown,0.15243031822430833,-0.49521644456030584,0,3,0.7217165824979922,0.21739725934618176,0.0,0
2006-07-07,slowdown,slowdown,0.13531652530943472,-0.4240081468057994,0,3,0.7068963133355932,0.19404891074391134,0.0,0
2006-07-14,slowdown,slowdown,0.09085891294387097,-0.3510864539431183,0,2,0.6552471411048004,0.0444138174745869,0.0,0
2006-07-21,slowdown,slowdown,0.008096897717898965,-0.2682018255151354,1,1,0.505769750598817,0.05076404894699785,0.0,0
2006-07-28,slowdown,slowdown,0.0009148699184458708,-0.2648348487650134,1,1,0.49443583168507,0.048091746314436905,0.0,0
2006-08-04,slowdown,slowdown,-0.011660717034175861,-0.32240472688677513,1,1,0.4757334852976867,0.11328466517510351,0.0,0
2006-08-11,slowdown,slowdown,0.009441572478082527,-0.30455357937013317,1,1,0.5023419645909396,0.13196531799758113,0.0,0
2006-08-18,slowdown,slowdown,-0.01664520548752042,-0.4230038778672247,1,2,0.46878766824877655,0.14956078690986851,0.0,0
2006-08-25,slowdown,slowdown,-0.02155153271379757,-0.4897908743299816,1,2,0.46070468700473416,0.21276698196681804,0.0,0
2006-09-01,slowdown,slowdown,-0.044445541437820445,-0.5333159490715753,1,2,0.4312299258164348,0.21057074563916528,0.0,0
2006-09-08,slowdown,slowdown,-0.04451396390327271,-0.45847429306330734,1,2,0.4353435303786532,0.11180796094921817,0.0,0
2006-09-15,slowdown,slowdown,-0.03388859790158372,-0.29409692604457877,1,1,0.4461263597400794,0.05701415320255059,0.0,0
2006-09-22,slowdown,slowdown,-0.07175044434323392,-0.35405025354796404,1,2,0.3989832078775943,0.07525179413524524,0.0,0
2006-09-29,slowdown,slowdown,-0.05948905480023692,-0.11238834221352952,1,1,0.4101804939029862,0.04472402821268614,0.0,0
2006-10-06,slowdown,slowdown,-0.053190690861986,-0.1384274431016635,1,1,0.42032923599390654,0.06905796151451275,0.0,0
2006-10-13,slowdown,slowdown,-0.07031849321512029,-0.2516112722613378,1,2,0.40621062533433616,0.10436203660016409,0.0,0
2006-10-20,slowdown,slowdown,-0.05640015295101082,-0.2077564341727211,1,2,0.4289218560575239,0.046704677454692645,0.0,0
2006-10-27,slowdown,slowdown,-0.0545784091501873,-0.18229824909895015,1,2,0.4315402778064888,0.031199423107320934,0.0,0
2006-11-03,slowdown,slowdown,-0.05945099192341161,0.01913738192884231,1,2,0.41759317114209205,0.03555934699645396,0.0,0
2006-11-10,slowdown,expansion,-0.05600651361147564,0.07785813816230414,1,1,0.4186712783847866,0.035768820257888904,0.0,0
2006-11-17,slowdown,expansion,-0.06568168889299478,0.12604527019484452,1,1,0.40464605092781564,0.027043193116403325,0.0,0
2006-11-24,expansion,expansion,-0.08196315562355314,0.09934625322878311,1,1,0.394352603749606,0.04818419629827992,0.0,0
2006-12-01,slowdown,slowdown,-0.10211683911585193,-0.03331805317417358,1,1,0.4501868830285317,0.11584779633262884,0.0,0
2006-12-08,expansion,expansion,-0.11230934076592851,0.04413538364956129,1,1,0.47953812484572167,0.13941669969597978,0.0,0
2006-12-15,slowdown,slowdown,-0.11926113531996815,-0.009354262466279729,1,1,0.49172478430672756,0.1832216831916502,0.0,0
2006-12-22,expansion,expansion,-0.05606777337289185,0.2825962297032464,1,0,0.5023126997624857,0.1706221719943827,0.0,0
2006-12-29,expansion,expansion,-0.022245869813375452,0.3236760918722708,1,0,0.43075257403297207,0.09168448018416839,0.0,0
2007-01-05,expansion,expansion,-0.03148777178897649,0.3173755381276163,1,0,0.4478849222198146,0.0964798391264352,0.0,0
2007-01-12,expansion,expansion,-0.040033083914717583,0.28690849234222193,1,0,0.46481894052321115,0.12081364643068843,0.0,0
2007-01-19,expansion,expansion,-0.010558222324544408,0.3474934231050141,0,0,0.38130960763363,0.05673750230897561,0.0,0
2007-01-26,expansion,expansion,-0.023536203319526106,0.38720721427300464,0,0,0.34500612563362315,0.026325018106599048,0.0,0
2007-02-02,expansion,expansion,-0.01720012638195976,0.26747838457483086,0,0,0.41088387307368457,0.0006042561441639544,0.0,0
2007-02-09,expansion,expansion,-0.01177939606084739,0.24068054413318568,0,0,0.45614924790308886,0.0005041104813106852,0.0,0
2007-02-16,expansion,slowdown,-0.10072314008150995,-0.003953676269439407,1,0,0.4794702763478068,0.027424352350125816,0.0,0
2007-02-23,expansion,slowdown,-0.07804056966014274,-0.09376601530155906,1,0,0.5640423833099844,0.05473529443394402,0.0,0
2007-03-02,slowdown,slowdown,-0.09489548130570215,-0.14769563186058135,1,1,0.6405085899634522,0.08749726954862996,0.0,0
2007-03-09,slowdown,slowdown,-0.09744679020942468,-0.1346538392528797,1,1,0.6485068250862867,0.07645445774539465,0.0,0
2007-03-16,slowdown,slowdown,-0.06705626598767013,-0.11543420453895788,1,1,0.564534724772392,0.056998595952267216,0.0,0
2007-03-23,slowdown,expansion,-0.026527842626105226,0.051002023413901074,1,1,0.4752669773871562,0.00257452927211704,0.0,0
2007-03-30,expansion,expansion,0.010471267715199883,0.2411449782069623,1,0,0.43644563731804337,0.0,0.0,0
2007-04-06,expansion,expansion,0.02884685390354811,0.2528534046584908,1,0,0.47416064378513,0.0,0.0,0
2007-04-13,expansion,expansion,-0.0019874603430530156,0.3085008663499532,1,0,0.45378976602650206,4.6500948081847606e-05,0.0,0
2007-04-20,expansion,expansion,-0.04843537216942019,0.19927546572429125,1,0,0.5936544461465444,0.002646466631937838,0.0,0
2007-04-27,expansion,expansion,-0.07057598074625414,0.2005162079645944,1,0,0.6492440090683735,0.003831163388029628,0.0,0
2007-05-04,expansion,expansion,-0.060925761904743324,0.21714866010888442,1,0,0.6237849676708714,0.0030174595531632007,0.0,0
2007-05-11,expansion,expansion,-0.025056578202794454,0.17629378142310367,1,0,0.5444321757368367,0.0015337790002756134,0.0,0
2007-05-18,expansion,expansion,0.03938385792887407,0.21437909013781242,1,0,0.5246350705506471,0.0,0.0,0
2007-05-25,expansion,expansion,0.057184156405977384,0.18398206260868114,1,0,0.5520739030426686,0.0,0.0,0
2007-06-01,expansion,expansion,0.042191893143963634,0.01793274547421212,1,0,0.552276456188059,0.0,0.0,0
2007-06-08,expansion,expansion,0.018402778811800302,0.040843230544426186,1,0,0.5332877818864743,0.0,0.0,0
2007-06-15,expansion,expansion,0.01816487325877818,0.18856554908988254,1,0,0.538860528963732,0.0,0.0,0
2007-06-22,expansion,slowdown,-0.07685818511106952,-0.10515333390025053,1,0,0.5863633969272402,0.01871556560092205,0.0,0
2007-06-29,slowdown,slowdown,-0.09652343867962812,-0.23632815521473233,1,1,0.5801731098569258,0.043489032846659184,0.0,0
2007-07-06,slowdown,slowdown,-0.10629699223589988,-0.3353738456441321,1,1,0.599494810252706,0.09906984125827584,0.0,0
2007-07-13,slowdown,slowdown,-0.14385931804226426,-0.5662162967102429,1,2,0.5838749060524073,0.24024448114530275,0.0,0
2007-07-20,slowdown,slowdown,-0.16624665142047262,-0.7374850001161658,1,4,0.5713887018841495,0.5842927560027031,0.0,0
2007-07-27,slowdown,slowdown,-0.17408174479939614,-0.7359425161559148,1,4,0.5860928882938405,0.5878911876233505,0.0,0
2007-08-03,slowdown,slowdown,-0.16912556909007664,-0.6762605699079495,1,4,0.547583420520185,0.5230552535351031,0.0,0
2007-08-10,slowdown,slowdown,-0.18874856573842644,-0.6846369329966063,1,4,0.506639618863197,0.49426659518229904,0.0,0
2007-08-17,slowdown,slowdown,-0.19299418933173862,-0.5055754578650868,1,2,0.5133930143378692,0.15205021137288371,0.0,0
2007-08-24,slowdown,slowdown,-0.2062928734112312,-0.5163638713483741,1,2,0.5308437958624014,0.1645303057926133,0.0,0
2007-08-31,slowdown,slowdown,-0.2512339961674213,-0.5769357084381157,1,2,0.5599004255245313,0.2211824986329256,0.0,0
2007-09-07,slowdown,slowdown,-0.25509113769484454,-0.5527517874025897,1,2,0.5656766924809025,0.19753505357022844,0.0,0
2007-09-14,slowdown,slowdown,-0.26859447671695424,-0.4737698051921758,1,2,0.5740643896134937,0.18665275320942343,0.0,0
2007-09-21,slowdown,slowdown,-0.2116118010575784,-0.2391137206701342,1,2,0.494299889882813,0.09656002383837722,0.0,0
2007-09-28,slowdown,slowdown,-0.18005119102280773,-0.19820675302082646,1,2,0.4451978291458305,0.05556148218676672,0.0,0
2007-10-05,slowdown,slowdown,-0.18514597483642836,-0.17893722061513267,1,2,0.4382127227368532,0.05734052790741951,0.0,0
2007-10-12,slowdown,slowdown,-0.1808472421310398,-0.08661862381174681,1,1,0.4171839707996801,0.033820701043784755,0.0,0
2007-10-19,slowdown,slowdown,-0.22393666115668914,-0.19490508270339998,1,2,0.4083756567797426,0.06927936713554408,0.0,0
2007-10-26,slowdown,slowdown,-0.2603112289013063,-0.20414641041180692,1,2,0.4564973851796889,0.08044876897776565,0.0,0
2007-11-02,slowdown,slowdown,-0.2926668726406317,-0.2355324519443156,1,2,0.46479322073713125,0.11491956990852298,0.0,0
2007-11-09,slowdown,slowdown,-0.31038255248795826,-0.23024221907284578,1,2,0.44658784123770295,0.13033839511522083,0.0,0
2007-11-16,slowdown,slowdown,-0.3023501879952646,-0.3362846111808054,1,2,0.4072238864048689,0.1858010279158345,0.0,0
2007-11-23,slowdown,slowdown,-0.2817688894274629,-0.3173256473550282,1,1,0.4251322891175581,0.23820706610413464,0.0,0
2007-11-30,slowdown,slowdown,-0.317263473355209,-0.400950602335746,1,1,0.37756963226048185,0.3009490789448218,0.0,0
2007-12-07,slowdown,slowdown,-0.33910037075955723,-0.4642829672111303,1,1,0.353255446746023,0.32000648842036256,0.0,0
2007-12-14,slowdown,slowdown,-0.33892317242560377,-0.3897524315343085,1,1,0.3534401383862416,0.30072085738401394,0.0,0
2007-12-21,slowdown,slowdown,-0.48626454575314193,-0.5935176620887709,1,2,0.48663907809558216,0.3731417728902522,0.0,0
2007-12-28,slowdown,slowdown,-0.5003102950152983,-0.5773881863120185,1,2,0.47119212522787757,0.36183683307846715,0.0,0
2008-01-04,slowdown,slowdown,-0.5186408140289162,-0.43543792546922544,1,1,0.45402829027655917,0.3304257424979513,0.0,1
2008-01-11,slowdown,slowdown,-0.55743033871246,-0.5414707551145538,1,1,0.42086160513556675,0.3671980099164903,0.0,1
2008-01-18,slowdown,slowdown,-0.6099560102253286,-0.8448565155284211,1,2,0.47025722557410643,0.4491988760876469,0.0,1
2008-01-25,slowdown,slowdown,-0.5760362615424514,-0.7158999002573948,1,2,0.4978946131172135,0.3104326455521068,0.0,1
2008-02-01,slowdown,slowdown,-0.5894627964117994,-0.652767978992782,1,2,0.4865537796923188,0.26680117724675095,0.0,1
2008-02-08,slowdown,slowdown,-0.6236792092067958,-0.7854228302147962,1,3,0.45986036947893133,0.725227940003479,0.0,1
2008-02-15,slowdown,slowdown,-0.6241383185652477,-0.45386185522088096,1,3,0.4290926280761146,0.6184873258406489,0.0,1
2008-02-22,slowdown,slowdown,-0.7434276334777539,-0.7451961686437212,1,3,0.4430769269648408,0.7227142371623729,0.0,1
2008-02-29,slowdown,slowdown,-0.7317510087313467,-0.7496328444067132,1,3,0.4428925240475494,0.7178227169083131,0.0,1
2008-03-07,slowdown,slowdown,-0.7222872174407111,-0.6895825677651659,1,3,0.44224514270831294,0.6965981239288402,0.0,1
2008-03-14,slowdown,slowdown,-0.7529498085134751,-0.7725360591154152,2,3,0.424235466882041,0.7253798763731811,0.0,1
2008-03-21,slowdown,slowdown,-0.8566367169389499,-0.9407811959961542,3,3,0.4245724135663805,0.8293962567662668,0.0,1
2008-03-28,slowdown,slowdown,-0.8747218035869674,-0.958602612746495,3,3,0.4156623679043417,0.8502150468587343,0.0,1
2008-04-04,slowdown,slowdown,-0.9183421052541465,-1.0233675404479265,3,3,0.3917463545095511,0.9160004756671072,0.0,1
2008-04-11,slowdown,slowdown,-0.9739245768269701,-1.1029481486703603,3,3,0.3656504377506418,0.9310094410873015,0.0,1
2008-04-18,slowdown,slowdown,-1.0979860293665369,-1.17990825250195,3,3,0.38901777507953295,0.9125035025777453,0.0,1
2008-04-25,slowdown,slowdown,-1.0798407890549444,-1.1577566337300567,3,3,0.39555468411820416,0.8889127632051393,0.0,1
2008-05-02,slowdown,slowdown,-1.1005576093884173,-1.3478099705756617,4,4,0.3875388942682374,0.9176224932837923,0.0,1
2008-05-09,slowdown,slowdown,-1.150217286668109,-1.42714541887135,4,4,0.36958958037198264,0.9243623735338755,0.0,1
2008-05-16,slowdown,slowdown,-1.097411947074005,-1.1324483157707383,4,3,0.3438798269881059,0.8731250675269789,0.0,1
2008-05-23,slowdown,slowdown,-1.1318905532528434,-1.1332061043547814,4,3,0.3071287128143149,0.8828895509042263,0.0,1
2008-05-30,slowdown,slowdown,-1.151988771170617,-1.1615437668629958,4,3,0.301507212261963,0.8905904824145995,0.0,1
2008-06-06,slowdown,slowdown,-1.1307295947211644,-1.1143480593719588,4,3,0.30519323701451534,0.8687093694227195,0.0,1
2008-06-13,slowdown,slowdown,-1.168960689119546,-1.0807684940777462,4,3,0.29331857450470106,0.8650417058342137,0.0,1
2008-06-20,slowdown,slowdown,-1.2543480376876806,-0.9899502516343869,4,3,0.3271838666812094,0.8398159663556497,0.0,1
2008-06-27,slowdown,slowdown,-1.253860566524855,-1.0381504545095914,4,3,0.3273110679858895,0.8591139367192823,0.0,1
2008-07-04,slowdown,slowdown,-1.3006456818604586,-1.0107675786096322,4,3,0.3133716428113833,0.8639389381566073,0.0,1
2008-07-11,slowdown,slowdown,-1.3235429374099037,-0.9844571890361836,4,3,0.3058509873160633,0.8503773167779176,0.0,1
2008-07-18,slowdown,slowdown,-1.3965564302987656,-1.1878866012746385,4,4,0.3216131371977965,0.9178432684166248,0.0,1
2008-07-25,slowdown,contraction,-1.4096714190024031,-1.2266078984180502,4,4,0.31862098412976064,0.9383849362424739,0.0,1
2008-08-01,contraction,contraction,-1.466144415585467,-1.3200339478359844,4,4,0.30213850599943415,1.0,0.0,1
2008-08-08,contraction,contraction,-1.5612205941213024,-1.5104156656668555,4,4,0.27989241904980483,1.0,0.0,1
2008-08-15,contraction,contraction,-1.6640007241898576,-1.6095860325746494,4,4,0.3042409669670888,1.0,0.0,1
2008-08-22,contraction,contraction,-1.789102468511969,-2.0441496308310603,4,4,0.2873311338411093,1.0,0.0,1
2008-08-29,contraction,contraction,-1.7521350277308652,-1.6339311124786264,4,3,0.293393393031598,1.0,0.0,1
2008-09-05,contraction,contraction,-1.7469018864773123,-1.64481087686737,4,3,0.2942723027634374,1.0,0.0,1
2008-09-12,contraction,contraction,-1.8069582359936827,-1.7869407582366612,4,3,0.2844918219998466,1.0,0.0,1
2008-09-19,contraction,contraction,-2.13823934070281,-2.0640414748275964,4,3,0.27465162342810306,1.0,0.0,1
2008-09-26,contraction,contraction,-2.1505334831298883,-2.0592192312097612,4,3,0.27007684223997325,1.0,0.0,1
2008-10-03,contraction,contraction,-2.1665266412233595,-1.8531097642984438,4,3,0.26808315263877347,1.0,0.0,1
2008-10-10,contraction,contraction,-2.2414802970049026,-1.9066925895543325,4,3,0.2591186248797889,1.0,0.0,1
2008-10-17,contraction,contraction,-2.2940072178654214,-2.1115340703332475,4,3,0.31568997713354086,1.0,0.0,1
2008-10-24,contraction,contraction,-2.2809254077057135,-2.122296164263506,4,3,0.3165801180798265,1.0,0.0,1
2008-10-31,contraction,contraction,-2.2409589970702988,-2.0934128125725757,4,3,0.32078226776025404,1.0,0.0,1
2008-11-07,contraction,contraction,-2.244776100717147,-2.0858649154061424,4,3,0.3193670504271106,1.0,0.0,1
2008-11-14,contraction,contraction,-2.3566181570091382,-2.2882916094909045,4,3,0.30376756448809783,1.0,0.0,1
2008-11-21,contraction,contraction,-2.4585941308514783,-1.1683127911491458,4,2,0.30712903235111977,1.0,0.0,1
2008-11-28,contraction,contraction,-2.4642459567751716,-1.1731137487620906,4,2,0.3063838971172333,1.0,0.0,1
2008-12-05,contraction,contraction,-2.445287345368882,-0.9950199313047847,4,2,0.3084610729936927,1.0,0.0,1
2008-12-12,contraction,contraction,-2.5454007245066057,-1.0652524747608767,4,2,0.29604299133576445,1.0,0.0,1
2008-12-19,contraction,contraction,-2.671353697258498,-1.8723705527073808,4,3,0.29791965000207854,1.0,0.0,1
2008-12-26,contraction,contraction,-2.6902956840089742,-1.9482252771298918,4,3,0.2944426736688269,1.0,0.0,1
2009-01-02,contraction,contraction,-2.7646657405136814,-2.535002743393163,4,4,0.2852813816142172,1.0,0.0,1
2009-01-09,contraction,contraction,-2.783260232320979,-2.3464045382749004,4,4,0.2834069814446065,1.0,0.0,1
2009-01-16,contraction,contraction,-2.764690693078257,-2.0484665372899067,4,4,0.27770558335664597,1.0,0.0,1
2009-01-23,contraction,contraction,-2.737742884281472,-1.7229816948266499,4,3,0.24824325019690205,1.0,0.0,1
2009-01-30,contraction,contraction,-2.8650437160596978,-2.2311845048994643,4,3,0.24276584370459503,1.0,0.0,1
2009-02-06,contraction,contraction,-2.8996667997048,-2.2530502505244323,4,3,0.25481670837725884,1.0,0.0,1
2009-02-13,contraction,contraction,-2.955910542092348,-2.2281274406940614,4,3,0.25746019403815884,1.0,0.0,1
2009-02-20,contraction,contraction,-2.8967858717028463,-1.4014786521403453,4,3,0.2644113194967247,1.0,0.0,1
2009-02-27,contraction,contraction,-2.873127703645242,-1.436991729220191,4,3,0.27018063851010604,1.0,0.0,1
2009-03-06,contraction,contraction,-2.950919810502369,-1.5253205180322102,4,3,0.2609829595370094,1.0,0.0,1
2009-03-13,contraction,contraction,-2.980807975508168,-1.488035794682028,4,3,0.2564953853554636,1.0,0.0,1
2009-03-20,contraction,contraction,-2.934072347049284,-1.359177993885129,4,2,0.2580439643064107,1.0,0.0,1
2009-03-27,contraction,contraction,-2.9059994199420203,-1.2935585779130672,4,2,0.25675896025719397,1.0,0.0,1
2009-04-03,contraction,contraction,-2.883178327079952,-0.9373144325613814,4,2,0.25844748741360823,1.0,0.0,1
2009-04-10,contraction,contraction,-2.835973668337536,-0.6850627838129472,4,2,0.25971684443762566,1.0,0.0,1
2009-04-17,contraction,contraction,-2.723582449263698,-0.5790571844211982,4,2,0.2612775299192649,1.0,0.0,1
2009-04-24,contraction,contraction,-2.6941001677899026,-0.4932723585839517,4,2,0.25871756129180595,1.0,0.0,1
2009-05-01,recovery,expansion,-2.632186777779558,0.11593957474097341,4,1,0.25698175949473534,0.4811790164068938,0.0,1
2009-05-08,recovery,expansion,-2.583088254386233,0.5518034718830751,4,0,0.2507642716382606,0.2,0.09568088073611657,1
2009-05-15,expansion,expansion,-2.557994302415844,0.5482206593745991,4,0,0.2506572481608538,0.2,0.1908407008979929,1
2009-05-22,recovery,recovery,-2.4582965360842457,0.7171306628931529,4,0,0.2540307847271825,0.2,0.3231087833536546,1
2009-05-29,recovery,recovery,-2.4167384385410835,0.9325159219520458,4,0,0.2521703597663319,0.2,0.4444444444444444,1
2009-06-05,recovery,recovery,-2.38886565029882,0.9334797799933122,4,0,0.25051490706524854,0.2,0.5555555555555556,1
2009-06-12,recovery,recovery,-2.3458298854619493,1.0819442692415717,4,0,0.24563323839096338,0.2,0.6666666666666666,1
2009-06-19,recovery,recovery,-2.209629148571431,1.2796380259261277,4,0,0.25024163457410026,0.2,0.7777777777777778,1
2009-06-26,recovery,recovery,-2.1771572866970823,1.2542233923853354,4,0,0.24766783304886505,0.2,0.8888888888888888,1
2009-07-03,recovery,recovery,-2.1616707531129524,1.0156222054828667,4,0,0.24082146316430672,0.2,1.0,0
2009-07-10,recovery,recovery,-2.0976303750336225,1.0620900271728755,4,0,0.23771369653333801,0.2,1.0,0
2009-07-17,recovery,recovery,-1.9187460888155585,1.3875880018374256,4,0,0.2411998802978915,0.2,1.0,0
2009-07-24,recovery,recovery,-1.859915685476476,1.434003842578781,4,0,0.2307741393206306,0.2,1.0,0
2009-07-31,recovery,recovery,-1.8234472249116986,1.3553467056145792,4,1,0.22423676555034386,0.2,1.0,0
2009-08-07,recovery,recovery,-1.7906004008344432,1.3719983125674804,4,1,0.21920728514161586,0.2,1.0,0
2009-08-14,recovery,recovery,-1.7581470332584854,1.474414485396251,4,1,0.2139869071014718,0.2,1.0,0
2009-08-21,recovery,recovery,-1.6134551678034383,1.6501513869111144,4,1,0.22765060411290944,0.2,1.0,0
2009-08-28,recovery,recovery,-1.5689206512420024,1.6342968232814357,4,1,0.23043491744220296,0.1931488623947086,1.0,0
2009-09-04,recovery,recovery,-1.5190953067173256,1.7596583591503285,4,0,0.23799303384299947,0.18695335843661418,1.0,0
2009-09-11,recovery,recovery,-1.481674532829516,1.7308144551649627,4,0,0.2337728369096119,0.17951300776812307,1.0,0
2009-09-18,recovery,recovery,-1.449868806680272,1.3366227527001582,4,0,0.2383467414698342,0.17078174779353583,1.0,0
2009-09-25,recovery,recovery,-1.4352030796344888,1.3169591628611796,4,0,0.24078230498154204,0.16259546420671847,1.0,0
2009-10-02,recovery,recovery,-1.4033732822060168,1.3881831854486142,4,0,0.24617494100608367,0.15559837285978462,1.0,0
2009-10-09,recovery,recovery,-1.3602459044071948,1.382797598206288,4,0,0.2426438691729304,0.146968662766704,1.0,0
2009-10-16,recovery,recovery,-1.3015700050218355,1.2352266202257902,4,0,0.2402153017971098,0.1360268121615984,1.0,0
2009-10-23,recovery,recovery,-1.2341470156594347,1.0929075086521742,4,0,0.24071320413603145,0.12969575886406726,1.0,0
2009-10-30,recovery,recovery,-1.197468186169369,1.1554807995677012,4,0,0.2480863257541987,0.1203552743006096,1.0,0
2009-11-06,recovery,recovery,-1.1830788323214987,1.1582900694448295,4,0,0.2511037087286623,0.11326872930261361,1.0,0
2009-11-13,recovery,recovery,-1.1464258487629904,1.223803565258494,4,0,0.2390289464630746,0.10753977361603984,1.0,0
2009-11-20,recovery,recovery,-1.073620640969716,1.3141825884418687,4,0,0.25342535092977336,0.0973731525241253,1.0,0
2009-11-27,recovery,recovery,-1.0490505933846503,1.3374269264813634,4,0,0.25936088251506784,0.08365836179843977,1.0,0
2009-12-04,recovery,recovery,-0.9992745598189124,1.4085112389686862,4,0,0.2715965698697946,0.07152533256520908,1.0,0
2009-12-11,recovery,recovery,-0.9732363250244077,1.3311365214529567,4,0,0.26843214015545613,0.06352185313991983,1.0,0
2009-12-18,recovery,recovery,-0.9124668445109634,1.3082147630398062,4,0,0.28313116510810876,0.05713808050889416,1.0,0
2009-12-25,recovery,recovery,-0.9030972284729296,1.2820041704683045,4,0,0.2860686453946443,0.05190804085607036,1.0,0
2010-01-01,recovery,recovery,-0.8680080957116078,1.30957176845672,4,0,0.2976329392378658,0.04462432645047786,1.0,0
2010-01-08,recovery,recovery,-0.8266704442468665,1.316165813581414,4,0,0.28990463589438753,0.0321445468800398,1.0,0
2010-01-15,recovery,recovery,-0.7930017447134874,1.2649776646678554,4,0,0.2968373969054877,0.0207204313033242,1.0,0
2010-01-22,recovery,recovery,-0.7519759667110368,1.2800856483568845,4,0,0.30945895216615177,0.020743892843203632,1.0,0
2010-01-29,recovery,recovery,-0.7429354726541832,1.0675976772920082,4,0,0.3132246383137029,0.01656951668213742,1.0,0
2010-02-05,recovery,recovery,-0.7497095815756116,1.0001172625451655,4,0,0.3096099035118154,0.020679085434828562,1.0,0
2010-02-12,recovery,recovery,-0.7307567199962334,1.0242425864619498,4,0,0.2976990422488777,0.018233689941845262,1.0,0
2010-02-19,recovery,recovery,-0.6992039846869711,0.9352777917551613,3,0,0.30990652443254396,0.013661247919954623,1.0,0
2010-02-26,recovery,recovery,-0.7067045934293269,0.8795195081917697,3,0,0.30661733173720274,0.017848023662268755,1.0,0
2010-03-05,recovery,recovery,-0.6943118225551725,0.7385201817950429,3,0,0.3120901441174957,0.01456341685336485,0.9833247263056564,0
2010-03-12,recovery,recovery,-0.6727048180159064,0.7301474879466181,3,0,0.30768570987952254,0.01412875593720846,0.97784521462475,0
2010-03-19,recovery,recovery,-0.5995035527947247,0.7833276205493652,3,0,0.3452551006673876,0.01036361119448694,1.0,0
2010-03-26,recovery,recovery,-0.5876616070504628,0.7894427320399255,3,0,0.35221232251237666,0.0037535382141565977,1.0,0
2010-04-02,recovery,recovery,-0.5532347512204189,0.976972249298697,3,0,0.34837656120828975,0.0,1.0,0
2010-04-09,recovery,recovery,-0.5293727437146097,1.0820875672852934,3,0,0.3398733070973932,0.0,1.0,0
2010-04-16,recovery,recovery,-0.5087439943678245,1.1025661257622734,2,0,0.3516177822890078,0.0,1.0,0
2010-04-23,recovery,recovery,-0.4816294843800747,1.1508211164717834,2,0,0.3673215825685659,0.0,0.9787569427237323,0
2010-04-30,recovery,recovery,-0.4308937624040497,1.3980363083925007,2,0,0.37681252264779314,0.0,0.9283238194871269,0
2010-05-07,recovery,recovery,-0.4211669448156667,1.4224318914168634,2,0,0.36900244364126955,0.0,0.9186550147273028,0
2010-05-14,recovery,recovery,-0.3773250339216313,1.5404126415393915,2,0,0.3141872507764331,0.0,0.875074586403212,0
2010-05-21,recovery,recovery,-0.3391982062780249,1.4297804889003274,2,0,0.3431389084202579,0.0,0.8371751553459492,0
2010-05-28,recovery,recovery,-0.3421535441028054,1.3785176834333042,2,0,0.34562444168139356,0.0,0.840112866901397,0
2010-06-04,recovery,recovery,-0.3062766508862619,1.462785250381955,1,0,0.38383137548459817,0.0,0.8044499511791867,0
2010-06-11,recovery,recovery,-0.3026263811391104,1.2736497482254683,1,0,0.3788301952463485,0.0,0.800821452424563,0
2010-06-18,recovery,recovery,-0.2938478350548975,1.1320312006920703,1,0,0.3771163955585316,0.0,0.7920952634740532,0
2010-06-25,recovery,recovery,-0.28740602996378306,1.1319488403489273,1,0,0.37064505292756095,0.0,0.7856918786916333,0
2010-07-02,recovery,recovery,-0.28063262673685596,0.8560791045053591,1,0,0.37438066054590996,0.0,0.7789588734958807,0
2010-07-09,recovery,recovery,-0.27303867249774216,0.5710453416688824,1,0,0.36435136182562844,0.0,0.6739971263212702,0
2010-07-16,recovery,recovery,-0.24928584626018405,0.6349243867253727,1,0,0.3680047353426921,0.0,0.6846297972126052,0
2010-07-23,recovery,recovery,-0.2354594887323272,0.525163495653189,1,0,0.38189968104291083,0.0,0.6193174824693422,0
2010-07-30,expansion,expansion,-0.22327574683398693,0.36598662507960666,1,0,0.3910093510576402,0.001552749613061064,0.0,0
2010-08-06,expansion,expansion,-0.23131983132202252,0.33835634836022865,1,0,0.40029453502797885,0.003436845237323774,0.0,0
2010-08-13,expansion,expansion,-0.2337871319524028,0.34779656338110754,1,0,0.3987174987903817,0.002842230407576758,0.0,0
2010-08-20,expansion,expansion,-0.21414783537774165,0.3935600338268966,1,0,0.44518137529591556,0.01605860551874896,0.06000512866509091,0
2010-08-27,expansion,expansion,-0.21024325835142643,0.40118091966475405,1,0,0.4392215782730496,0.010730100494349389,0.12014264553901155,0
2010-09-03,expansion,expansion,-0.19734168982650166,0.41677704791259496,1,0,0.4400955855467011,0.006029515759742206,0.1793227096937257,0
2010-09-10,expansion,expansion,-0.1839440446540274,0.4189064439750124,1,0,0.41862413907943596,0.007322185242496972,0.23494591990567,0
2010-09-17,expansion,expansion,-0.15189553618081605,0.42674757039317673,1,0,0.41418788341513185,0.0,0.2818369265821027,0
2010-09-24,expansion,expansion,-0.1513942973325471,0.42407350044508557,1,0,0.41349649700343205,0.0,0.3371865332885676,0
2010-10-01,expansion,expansion,-0.14524009101414442,0.4167960196666959,1,0,0.41576212397880474,0.0,0.3872977402314695,0
2010-10-08,expansion,expansion,-0.12189148293969412,0.5705851388669914,1,0,0.3702107781416693,0.0,0.48225532583201874,0
2010-10-15,expansion,expansion,-0.124295331613101,0.583985483963491,1,0,0.3733735982164987,0.0,0.5500927687621162,0
2010-10-22,expansion,expansion,-0.11303110408557264,0.48517599891554786,1,0,0.3793618289702,0.0,0.5006162435134891,0
2010-10-29,expansion,expansion,-0.09477962922676067,0.4996488272345735,1,0,0.3718215309117921,0.0,0.49141247242794167,0
2010-11-05,expansion,expansion,-0.09503392297442607,0.4721209246304608,1,0,0.37215647359364307,0.0,0.48091181043811043,0
2010-11-12,expansion,expansion,-0.07367055120622054,0.5357159901907445,0,0,0.3687937295183788,0.0,0.4875901244853102,0
2010-11-19,expansion,expansion,-0.04988537024655704,0.5452412471601895,0,0,0.39980442570946867,0.0,0.470905152643189,0
2010-11-26,expansion,expansion,-0.03879530899270558,0.5803130662363576,0,0,0.4231640934753135,0.0,0.47382102223339206,0
2010-12-03,expansion,expansion,-0.022648951312205477,0.6148189704603837,0,0,0.4519399591998043,0.0,0.47150002203524627,0
2010-12-10,expansion,expansion,-0.007217897783490556,0.5433540789785518,0,0,0.47861766349005375,0.0,0.4339378973769349,0
2010-12-17,expansion,expansion,0.028519156821905044,0.6882903258174844,0,0,0.44321491571602606,0.0,0.4482814749807895,0
2010-12-24,expansion,expansion,0.02459890562588223,0.6406286862947093,0,0,0.43629674920126144,0.0,0.4371518927746793,0
2010-12-31,expansion,expansion,0.0643916818712909,0.8121280844963709,0,0,0.4985092048765692,0.0,0.4359923639450389,0
2011-01-07,expansion,expansion,0.0694443107786169,0.7958392641745194,0,0,0.5058589935707786,0.0,0.4309698700013748,0
2011-01-14,expansion,expansion,0.07730210827358334,0.7197879711331832,0,0,0.5162774348007874,0.0,0.4109150145464993,0
2011-01-21,expansion,expansion,0.07988846075447976,0.6072522947642468,0,0,0.5247885398129132,0.0,0.3774425886641228,0
2011-01-28,expansion,expansion,0.06782163664582258,0.5416596080399191,0,0,0.5051731051766316,0.0,0.3696374185023815,0
2011-02-04,expansion,expansion,0.13036152486073732,0.8665794180601922,0,0,0.5122682400332056,0.0,0.3704159792636806,0
2011-02-11,expansion,expansion,0.15485493045827542,0.9312852426301113,0,0,0.5540768713731063,0.0,0.3460686575961477,0
2011-02-18,expansion,expansion,0.16316527760720664,0.787317493659006,0,1,0.5265105825219191,0.0,0.33780787514194166,0
2011-02-25,expansion,expansion,0.18373750291665827,0.8077973178271535,0,1,0.5571663234148126,0.0,0.31735834700133375,0
2011-03-04,expansion,expansion,0.21075250667346768,0.7384110537734836,0,1,0.5531762541071505,0.0,0.2856394775401092,0
2011-03-11,expansion,expansion,0.21935722594361792,0.7986440191173164,0,1,0.5727744541368638,0.0,0.28195106765047917,0
2011-03-18,expansion,expansion,0.2368039358757057,0.9284290190898657,0,0,0.5729553885194774,0.0,0.26460841364243964,0
2011-03-25,expansion,expansion,0.23205866767662528,0.949257617375323,0,0,0.5661497951764753,0.0,0.269325380043116,0
2011-04-01,expansion,expansion,0.21189425171432547,0.4703584655456069,0,0,0.5859157574738917,0.0,0.23376029475334567,0
2011-04-08,expansion,expansion,0.23538724663603428,0.4852381813328808,0,0,0.6260479566723749,0.0,0.21748570703650177,0
2011-04-15,expansion,expansion,0.2467747475997008,0.45216009999452866,0,0,0.5843464830916807,0.0,0.2027175484919483,0
2011-04-22,expansion,expansion,0.2344022699416152,0.3895670874504084,0,0,0.6091882151488228,0.0,0.0,0
2011-04-29,expansion,expansion,0.21581738921386603,0.17403465247327723,0,1,0.6161479978870766,0.03410457821158668,0.0,0
2011-05-06,expansion,expansion,0.18820099361320683,0.09446216560845107,0,1,0.5724339308813108,0.09575933753787308,0.0,0
2011-05-13,expansion,slowdown,0.18471756101475503,-0.039993250287562995,0,1,0.5703241599601717,0.15160587571252376,0.0,0
2011-05-20,slowdown,slowdown,0.16329351994349706,-0.184787926421274,0,1,0.597107703846502,0.1707439812232971,0.0,0
2011-05-27,slowdown,slowdown,0.16132778936745806,-0.1803076019375728,0,1,0.5922721571841103,0.16605735950451608,0.0,0
2011-06-03,slowdown,slowdown,0.17294698574340842,-0.09259999411079903,0,1,0.6372942233557753,0.13187312477952354,0.0,0
2011-06-10,slowdown,slowdown,0.19104727501644828,-0.10294871747925607,0,1,0.6800156227882437,0.10227608109797497,0.0,0
2011-06-17,slowdown,slowdown,0.1959884922703568,-0.055576951661059484,0,1,0.6642381451428897,0.09894396965504304,0.0,0
2011-06-24,slowdown,slowdown,0.19794978101067037,-0.01857993435851064,0,1,0.6668153997851105,0.06683895735326706,0.0,0
2011-07-01,expansion,expansion,0.2160610893220319,0.255326817691284,0,0,0.6124457433105666,0.0,0.0,0
2011-07-08,expansion,expansion,0.22015295250932504,0.26326710850729873,0,0,0.6220546857910906,0.0,0.0,0
2011-07-15,expansion,expansion,0.221614351080016,0.28978473715887176,0,0,0.6232406302857929,0.0,0.0,0
2011-07-22,expansion,expansion,0.23942470683636627,0.4340695382766387,0,0,0.5739338152138842,0.0,0.022825635611988644,0
2011-07-29,expansion,expansion,0.26092948966514645,0.5511496966244331,0,0,0.5406872466473319,0.0,0.04602387973332262,0
2011-08-05,expansion,expansion,0.2631473189471388,0.5393567545367046,0,0,0.5468878303528318,0.0,0.06778994704200289,0
2011-08-12,expansion,expansion,0.2715315201999339,0.49379686994583405,0,0,0.5653655913875267,0.0,0.0841779831145887,0
2011-08-19,expansion,expansion,0.2902227725069243,0.5612867166062467,0,0,0.5392994617610937,0.0,0.10191571382961637,0
2011-08-26,expansion,expansion,0.2874891809917086,0.5605452364405037,0,0,0.5346265412065853,0.0,0.12380075078274846,0
2011-09-02,expansion,expansion,0.2786398742317554,0.3772905543827195,0,0,0.5445960716454984,0.0,0.0,0
2011-09-09,expansion,expansion,0.28394771809157715,0.42388800359182327,0,0,0.5359828546556135,0.014214072167536172,0.018808728333780743,0
2011-09-16,expansion,expansion,0.2846494149429493,0.4055122265510184,0,0,0.49879021446703486,0.03426518730783706,0.03691690446309763,0
2011-09-23,expansion,expansion,0.28665424939250556,0.3134046761989292,0,0,0.4776967731171434,0.053857216939194576,0.0,0
2011-09-30,expansion,expansion,0.27442526096493036,0.10177870585864872,0,1,0.49509458830970093,0.062288492954482855,0.0,0
2011-10-07,expansion,expansion,0.27722966681248906,0.10636492152182361,0,1,0.5002021213716873,0.05918208211874352,0.0,0
2011-10-14,expansion,expansion,0.29647684403993046,0.14659714671826005,0,1,0.49542911436879655,0.04758763305110041,0.0,0
2011-10-21,expansion,expansion,0.3146043047466712,0.1630840779181299,0,1,0.49904206865797396,0.017036802625661533,0.0,0
2011-10-28,expansion,expansion,0.31561398167118704,0.17656347435158817,0,1,0.5006446772013312,0.009877133356476048,0.0,0
2011-11-04,expansion,expansion,0.3122290746315982,0.217299904187822,0,1,0.5096762731513493,0.0,0.0,0
2011-11-11,expansion,expansion,0.3257293049014163,0.21677508694757136,0,1,0.5091114490165275,0.0,0.0,0
2011-11-18,expansion,expansion,0.34710237306979697,0.25111021418271784,0,1,0.5002649407558052,0.0,0.0,0
2011-11-25,expansion,expansion,0.3535786621772302,0.27803351884588573,0,1,0.5099263575403166,0.0,0.0,0
2011-12-02,expansion,expansion,0.3405185588995093,0.2714310327635161,0,1,0.5216229794558156,0.0,0.0,0
2011-12-09,expansion,expansion,0.352802488216427,0.23681048923314768,0,1,0.5127178501425328,0.0,0.0,0
2011-12-16,expansion,expansion,0.3485223669667648,0.21715797229178224,0,1,0.5332525083657911,0.0,0.0,0
2011-12-23,expansion,expansion,0.36744188178729215,0.20450874513898015,0,1,0.5314437181132834,0.0,0.0,0
2011-12-30,expansion,expansion,0.4118893297728576,0.5075478219408878,0,0,0.4919643564235608,0.0,0.00837409908516451,0
2012-01-06,expansion,expansion,0.4146324871266078,0.49798686349580557,0,0,0.4953254575309577,0.0,0.016121803270837086,0
2012-01-13,expansion,expansion,0.41997423962492525,0.5354172640347654,0,0,0.4609048234421698,0.0,0.02339477671297383,0
2012-01-20,expansion,expansion,0.4547868454329433,0.641277230395273,0,0,0.4301867540006762,0.0,0.01958951593481943,0
2012-01-27,expansion,expansion,0.4570409050833092,0.6579260417617216,0,0,0.4329969905282295,0.0,0.023618626344695585,0
2012-02-03,expansion,expansion,0.4824120953508185,0.8693064233499639,0,0,0.41965854546124814,0.0,0.013643409310259426,0
2012-02-10,expansion,expansion,0.5044492625692514,0.9093245837603074,0,0,0.4238156569090925,0.0,0.0,0
2012-02-17,expansion,expansion,0.5296402086276444,0.9428835052441855,0,0,0.4051926260361499,0.0,0.0,0
2012-02-24,expansion,expansion,0.5418552985876073,0.9565721928060418,0,0,0.4186014191230793,0.0,0.0,0
2012-03-02,expansion,expansion,0.5603408262950631,0.8268213974241073,0,0,0.40716336582205503,0.0,0.0,0
2012-03-09,expansion,expansion,0.5647799419622233,0.7737881487164455,0,0,0.3966784777772073,0.0,0.0,0
2012-03-16,expansion,expansion,0.5589434097654726,0.7456506991582479,0,0,0.390378545748447,0.0,0.0,0
2012-03-23,expansion,expansion,0.5296796726598604,0.4078534670460856,0,1,0.39928497227729554,0.0,0.0,0
2012-03-30,expansion,expansion,0.5304709877085225,0.26662800327990455,0,1,0.39756888193743645,0.0,0.0,0
2012-04-06,expansion,expansion,0.537288502498832,0.2512541395369908,0,1,0.40499599272490505,0.0,0.0,0
2012-04-13,expansion,expansion,0.5284921760961478,0.11213161384261741,0,1,0.3963958703889464,0.013754747134590871,0.0,0
2012-04-20,expansion,slowdown,0.5159504151258586,-0.02489521599037624,0,0,0.3912460456634439,0.06712474186330886,0.0,0
2012-04-27,expansion,slowdown,0.5021915750507799,-0.07832271227471728,0,0,0.3745676529565541,0.10838819133164052,0.0,0
2012-05-04,slowdown,slowdown,0.500431477197649,-0.16329933084554857,0,0,0.36086147911334227,0.11870436823763177,0.0,0
2012-05-11,slowdown,slowdown,0.5047120917870656,-0.20522902758800132,0,0,0.3649875479463537,0.09411488178230014,0.0,0
2012-05-18,slowdown,slowdown,0.5076534439516107,-0.021572372142370698,0,1,0.37066572309540946,0.06834919010136468,0.0,0
2012-05-25,slowdown,slowdown,0.5143812221646773,-0.0013055315668250578,0,1,0.37889701392495523,0.05270395266463035,0.0,0
2012-06-01,slowdown,slowdown,0.49405231140755645,-0.1405482296616645,0,1,0.38200670265197306,0.08739059731038591,0.0,0
2012-06-08,slowdown,slowdown,0.4873542567537066,-0.1320157264398339,0,1,0.37526267178281714,0.08284962788577334,0.0,0
2012-06-15,slowdown,slowdown,0.48077859572872833,-0.05225680579855933,0,0,0.3635655423542959,0.08508200895186804,0.0,0
2012-06-22,slowdown,slowdown,0.44769120460778583,-0.2548906687348997,0,0,0.3727430656779813,0.07417592089251462,0.0,0
2012-06-29,slowdown,slowdown,0.43034610240924775,-0.3689834641419142,0,1,0.3829418838597614,0.06410839594715224,0.0,0
2012-07-06,slowdown,slowdown,0.43240969245452243,-0.3771433014410618,0,1,0.38558487628301436,0.07051219651645325,0.0,0
2012-07-13,slowdown,slowdown,0.4452337348216801,-0.3398137126790792,0,1,0.3970938749264266,0.052516444238070926,0.0,0
2012-07-20,slowdown,slowdown,0.4391835181330265,-0.380905641394415,0,1,0.39497266329988734,0.07950627547473604,0.0,0
2012-07-27,slowdown,slowdown,0.44324418954852335,-0.3470462134425526,0,1,0.40047618784409067,0.05199302744749579,0.0,0
2012-08-03,slowdown,slowdown,0.4035494398406665,-0.4853166952144371,0,1,0.4375648898343916,0.045744673128908495,0.0,0
2012-08-10,slowdown,slowdown,0.40156744455351223,-0.4331195307926545,0,1,0.421208718905829,0.041221594051960575,0.0,0
2012-08-17,slowdown,slowdown,0.40026762029558255,-0.37257584598305926,0,2,0.4436056272218171,0.011748438895184154,0.0,0
2012-08-24,slowdown,slowdown,0.3950131294608978,-0.38154636417761406,0,2,0.43604053072701227,0.012646676014044851,0.0,0
2012-08-31,slowdown,slowdown,0.3761845647692072,-0.3867336246626782,0,2,0.444161190151554,0.02372671398004987,0.0,0
2012-09-07,slowdown,slowdown,0.37396166549564,-0.4265827084645018,0,2,0.44003722831965203,0.05716794262874374,0.0,0
2012-09-14,slowdown,slowdown,0.3641136371919836,-0.4496006671775037,0,2,0.4133404793500766,0.08688612582949873,0.0,0
2012-09-21,slowdown,slowdown,0.34542950023809726,-0.543780214883658,0,2,0.4086103438880809,0.13076145225098532,0.0,0
2012-09-28,slowdown,slowdown,0.3443656759706121,-0.5400686570700141,0,2,0.40553099576452595,0.13369127581138768,0.0,0
2012-10-05,slowdown,slowdown,0.3708268146364235,-0.11148978955352482,0,1,0.3678718312028595,0.10049555708118753,0.0,0
2012-10-12,slowdown,slowdown,0.3923330518215161,-0.09626028225273155,0,1,0.3961763654557564,0.0711552076665889,0.0,0
2012-10-19,slowdown,expansion,0.3909736715088937,0.02562352812061548,0,0,0.40303901616743687,0.04915013070278985,0.0,0
2012-10-26,slowdown,expansion,0.39153626918471457,0.04318423195658573,0,0,0.4036143263670775,0.03559392888406957,0.0,0
2012-11-02,expansion,expansion,0.42646728370146836,0.3196381064584843,0,0,0.38135320252836225,0.01700614727780427,0.0,0
2012-11-09,expansion,expansion,0.42307546512703376,0.33166046399366683,0,0,0.37107835325200905,0.0,0.0,0
2012-11-16,expansion,expansion,0.3807427777694672,0.22531794051304493,0,0,0.32596406167384767,0.05373236925221092,0.0,0
2012-11-23,expansion,expansion,0.37937146224739793,0.30156627345835446,0,0,0.27799757009362963,0.09574141371693533,0.0,0
2012-11-30,expansion,expansion,0.4228118801136806,0.42143857327303696,0,0,0.30669783163219033,0.12134639985681726,0.006871083738370079,0
2012-12-07,expansion,expansion,0.4168968386439548,0.33362045282209984,0,0,0.31104934074576435,0.18724604356230512,0.0,0
2012-12-14,expansion,expansion,0.47941773913335817,0.5548316834355858,0,0,0.29539350434455636,0.05139697755754927,0.002248075884279141,0
2012-12-21,expansion,expansion,0.5420413779679907,0.7714267142632858,0,0,0.31438989595642525,0.0,0.0,0
2012-12-28,expansion,expansion,0.5601421222185096,0.8009130447879071,0,0,0.33635043761735084,0.0,0.0,0
2013-01-04,expansion,expansion,0.6736860832218022,1.1234622306015647,0,0,0.3524127019821601,0.0,0.0,0
2013-01-11,expansion,expansion,0.6649384360460088,1.207881940659069,0,0,0.3570488935603451,0.0,0.0,0
2013-01-18,expansion,expansion,0.6772060697400752,1.2612964200207553,0,0,0.35058092873724295,0.0,0.0,0
2013-01-25,expansion,expansion,0.6898548645074923,1.3470874330868408,0,0,0.34415287198919975,0.0,0.0,0
2013-02-01,expansion,slowdown,0.4034210799985091,-0.13707475174756087,0,1,0.4034756827185022,0.0041897006838065584,0.0,0
2013-02-08,slowdown,slowdown,0.40978491237677417,-0.3154631016711972,0,1,0.3949744403630011,0.009025949494993983,0.0,0
2013-02-15,slowdown,slowdown,0.40966529505103855,-0.5428832441844857,0,1,0.3932218581045086,0.015552768741171613,0.0,0
2013-02-22,slowdown,slowdown,0.4145696914012431,-0.5639055761375662,0,1,0.36606244486886447,0.02997303585969116,0.0,0
2013-03-01,slowdown,slowdown,0.4208572374166746,-0.5346283142107954,0,1,0.3783537876909024,0.013479673659307356,0.0,0
2013-03-08,slowdown,slowdown,0.4344925498975619,-0.4853801701493876,0,1,0.3942460076564448,0.010206526101142742,0.0,0
2013-03-15,slowdown,slowdown,0.4380090382558722,-0.5012706025661551,0,1,0.39806375794879467,0.009999615877326099,0.0,0
2013-03-22,slowdown,slowdown,0.4460178689280315,-0.5156534697289026,0,1,0.41313304689518293,0.009018924464578179,0.0,0
2013-03-29,slowdown,expansion,0.445516949975477,0.19978527288701575,0,0,0.40882147068218355,0.0,0.0,0
2013-04-05,slowdown,expansion,0.423026231289915,0.13673240102805778,0,0,0.38297663272583254,0.02620791411196032,0.0,0
2013-04-12,slowdown,expansion,0.41007913257354733,0.03248000960953101,0,0,0.3631775811667367,0.05930801415488765,0.0,0
2013-04-19,slowdown,slowdown,0.36505602589970637,-0.22946612278485395,0,1,0.37236617062614397,0.06465831678885378,0.0,0
2013-04-26,slowdown,slowdown,0.3719880537069077,-0.2598508695144582,0,1,0.380357606230958,0.08873791528039192,0.0,0
2013-05-03,slowdown,slowdown,0.4169275004291622,-0.057254883984905657,0,1,0.42727785589477224,0.057036576707763596,0.0,0
2013-05-10,slowdown,expansion,0.4336511269330887,0.01222578955683042,0,1,0.4397034486005348,0.030079177463446155,0.0,0
2013-05-17,slowdown,slowdown,0.4272807513318714,-0.05645736692417495,0,2,0.4391279269835219,0.06571524816689828,0.0,0
2013-05-24,slowdown,slowdown,0.42758433915098876,-0.020156463536610974,0,2,0.437812546918014,0.036967268264967795,0.0,0
2013-05-31,slowdown,slowdown,0.42825617768430496,0.02126033707892993,0,2,0.43293885233087376,0.017677253831177,0.0,0
2013-06-07,slowdown,expansion,0.42125349900733255,0.04431657870491335,0,2,0.4241389085917856,0.0,0.0,0
2013-06-14,expansion,expansion,0.4350350554760348,0.1161987388886215,0,2,0.43899193838577777,0.0,0.0,0
2013-06-21,expansion,expansion,0.4395943637714822,0.29870534597611076,0,0,0.4151664668240651,0.0,0.0,0
2013-06-28,expansion,expansion,0.4427926936230464,0.232707759540202,0,0,0.4190670263589767,0.029660292959924884,0.0,0
2013-07-05,expansion,expansion,0.4399585710065299,0.05669021302523569,0,0,0.41786953661042814,0.05352801477122007,0.0,0
2013-07-12,expansion,expansion,0.42584887677915007,-0.028171290919072767,0,0,0.4063436577545952,0.07220738610273128,0.0,0
2013-07-19,expansion,slowdown,0.3998289302543254,-0.152767326513342,0,1,0.42355398478873235,0.08254585874601256,0.0,0
2013-07-26,slowdown,slowdown,0.39206683445189294,-0.1296710808945766,0,1,0.412179935233288,0.06431669902266243,0.0,0
2013-08-02,slowdown,slowdown,0.3791575736962368,-0.2512325881356297,0,2,0.40102923534857454,0.046147585089973,0.0,0
2013-08-09,slowdown,slowdown,0.38870129954906735,-0.24260075913285783,0,2,0.4028008025722904,0.06636032226631,0.0,0
2013-08-16,slowdown,slowdown,0.40192059083922016,-0.23252280120036722,0,2,0.42614068634924185,0.007214169778838959,0.0,0
2013-08-23,slowdown,slowdown,0.41334405264009166,-0.17316224292402255,0,2,0.4312834815199329,0.0047653019466403134,0.0,0
2013-08-30,slowdown,slowdown,0.41233191108585954,-0.14532298711958963,0,1,0.42864478183024257,0.004647827497095773,0.0,0
2013-09-06,slowdown,slowdown,0.42221126144908616,-0.0790699228110751,0,1,0.44026983825364047,0.001960741133322002,0.0,0
2013-09-13,slowdown,expansion,0.4423701292467429,0.0200437738113066,0,1,0.4613775869861039,0.0,0.0,0
2013-09-20,expansion,expansion,0.47263363777466516,0.31742388606879324,0,0,0.4654782949279115,0.0,0.0,0
2013-09-27,expansion,expansion,0.48907507236625725,0.3628757297303079,0,0,0.4801895181794181,0.0,0.0,0
2013-10-04,expansion,expansion,0.507088067415786,0.5107333369523956,0,0,0.4961321094382254,0.0,0.0,0
2013-10-11,expansion,expansion,0.45807426790297157,0.26889313950140953,0,0,0.4388324674951676,0.0,0.0,0
2013-10-18,expansion,expansion,0.4168848409510657,0.057092641152834925,0,0,0.39780012912068385,0.0885209874023152,0.0,0
2013-10-25,expansion,expansion,0.3888595252430368,-0.013567753907403945,0,0,0.35727290955838836,0.1437706323383251,0.0,0
2013-11-01,expansion,slowdown,0.3481365407699974,-0.23222391912799684,0,0,0.3108650329872734,0.21103860070459135,0.0,0
2013-11-08,slowdown,slowdown,0.36815627985273236,-0.19939383173417125,0,0,0.32879110748248286,0.20825278560087798,0.0,0
2013-11-15,slowdown,slowdown,0.3928125008511271,-0.1770132029301905,0,0,0.3491081273665788,0.2059868186733266,0.0,0
2013-11-22,slowdown,slowdown,0.40368479801307056,-0.26659369763753443,0,0,0.36165480653560134,0.20812687774213579,0.0,0
2013-11-29,slowdown,slowdown,0.43731386474518796,-0.2282212027552147,0,0,0.3988958824784871,0.18208536582389012,0.0,0
2013-12-06,slowdown,expansion,0.45992663673108486,0.010621990447748772,0,0,0.4252455278594909,0.0,0.0,0
2013-12-13,slowdown,expansion,0.44540934232533475,0.005449174029555892,0,0,0.42030973809493855,0.0,0.0,0
2013-12-20,expansion,expansion,0.44423996326051507,0.16120630121185595,0,0,0.37690760302445087,0.0,0.0,0
2013-12-27,expansion,expansion,0.42618423589930066,0.16236946366106586,0,0,0.35373781132476206,0.0,0.0,0
2014-01-03,expansion,expansion,0.4171461917446705,0.22083818624758006,0,0,0.33672227749707545,0.0,0.0,0
2014-01-10,expansion,expansion,0.4354185521301295,0.1736831802300244,0,0,0.3604670390993964,0.0,0.0,0
2014-01-17,expansion,slowdown,0.405609488251394,-0.08978965182262327,0,1,0.442629631559194,0.0026841145931987007,0.0,0
2014-01-24,expansion,slowdown,0.40685816523030666,-0.15704556090256422,0,1,0.444190328290931,0.004634428527678499,0.0,0
2014-01-31,slowdown,slowdown,0.42149497861465585,-0.20402474184061975,0,1,0.4509092830451689,0.07624907062428685,0.0,0
2014-02-07,slowdown,slowdown,0.41085442185108684,-0.21131921467592404,0,1,0.43601429578486073,0.08316247394064896,0.0,0
2014-02-14,slowdown,slowdown,0.3979996441105283,-0.12330868243544173,0,1,0.42040399120485744,0.055249387853102246,0.0,0
2014-02-21,slowdown,slowdown,0.4154741063720485,-0.03262100563576946,0,1,0.39565425383842207,0.01485760803303724,0.0,0
2014-02-28,slowdown,expansion,0.4117943940967496,0.006843987687158789,0,1,0.39002066234138655,0.0,0.0,0
2014-03-07,slowdown,expansion,0.44276438799279383,0.04875003833261442,0,1,0.3779555334652113,0.010905765246781532,0.0,0
2014-03-14,expansion,expansion,0.45845388854541225,0.04287597917557755,0,1,0.38847949355688116,0.04961546709997437,0.0,0
2014-03-21,expansion,expansion,0.5208762947228572,0.6430019915202448,0,0,0.35525309204693123,0.035478415892374625,0.0,0
2014-03-28,expansion,expansion,0.5420649931577308,0.7378718460994584,0,0,0.38012583904746766,0.0,0.0,0
2014-04-04,expansion,expansion,0.5524005591846393,0.7186891514277295,0,0,0.35712514597701683,0.0,0.0,0
2014-04-11,expansion,expansion,0.5668317887366701,0.8672930936909855,0,0,0.3615613245295486,0.0,0.0,0
2014-04-18,expansion,expansion,0.5956365491538245,0.8458438773342639,0,0,0.3619287236938011,0.0,0.0,0
2014-04-25,expansion,expansion,0.5881692017311704,0.8330159753889486,0,0,0.3537433103228068,0.0,0.0,0
2014-05-02,expansion,expansion,0.5820530768861752,0.677742532675572,0,0,0.3388529451313102,0.0,0.0,0
2014-05-09,expansion,expansion,0.5735552153644836,0.5696970165903996,0,0,0.32556952435877873,0.0,0.0,0
2014-05-16,expansion,expansion,0.5734895964977325,0.4337111299060708,0,0,0.329522027487887,0.0,0.0,0
2014-05-23,expansion,expansion,0.573015251238631,0.18725307261392926,0,0,0.328114056216688,0.04808692646223086,0.0,0
2014-05-30,expansion,expansion,0.6040904829818323,0.23164763638230249,0,0,0.36201794249829794,0.0,0.0,0
2014-06-06,expansion,expansion,0.6142358956541848,0.23672418971599124,0,0,0.3718446241271227,0.0,0.0,0
2014-06-13,expansion,expansion,0.6126493777746846,0.17732024052522927,0,0,0.3579489522479694,0.0,0.0,0
2014-06-20,expansion,expansion,0.6243294952025147,0.1864512649770877,0,0,0.3657624313773846,0.0,0.0,0
2014-06-27,expansion,expansion,0.6183653439422093,0.20154384720068202,0,0,0.35903751741295165,0.0,0.0,0
2014-07-04,expansion,expansion,0.6319963100294519,0.27354280916824625,0,0,0.3564490233649014,0.0,0.0,0
2014-07-11,expansion,expansion,0.6446007028492365,0.2984202392705562,0,0,0.3658699371858277,0.0,0.0,0
2014-07-18,expansion,expansion,0.6417536469427038,0.27104318483375445,0,0,0.3739598054325374,0.0,0.0,0
2014-07-25,expansion,expansion,0.6579137911924187,0.22061798078442552,0,0,0.38753147647495023,0.0,0.0,0
2014-08-01,expansion,expansion,0.66487609091549,0.21076588489005008,0,0,0.38672561746820666,0.0,0.0,0
2014-08-08,expansion,expansion,0.669706668770794,0.17166347896054038,0,0,0.3905359267658417,0.0,0.0,0
2014-08-15,expansion,expansion,0.6729108801094283,0.16520395677210942,0,0,0.38276469196555585,0.0,0.0,0
2014-08-22,expansion,expansion,0.660196679606356,0.0775902872180568,0,1,0.37677473960162006,0.0,0.0,0
2014-08-29,expansion,expansion,0.6803039754269532,0.09935110132338003,0,1,0.3655416249608239,0.0,0.0,0
2014-09-05,expansion,expansion,0.6743762241116471,0.0421308748232071,0,1,0.3589074911185649,0.0,0.0,0
2014-09-12,expansion,expansion,0.6793573538988207,0.06585586325930423,0,1,0.35709384294919094,0.0,0.0,0
2014-09-19,expansion,expansion,0.6795477037814542,0.056367946756945043,0,1,0.3721647097471068,0.005284895923231727,0.0,0
2014-09-26,expansion,expansion,0.6825513143783071,0.05980106476332172,0,1,0.3749275389896222,0.0031251257317495285,0.0,0
2014-10-03,expansion,expansion,0.6985786199632962,0.0901266558101589,0,1,0.3771654941165827,0.0,0.0,0
2014-10-10,expansion,expansion,0.7090332128572274,0.1514632804185767,0,1,0.3852964570714758,0.0,0.0,0
2014-10-17,expansion,expansion,0.7018133454108424,0.15290099774021115,0,0,0.39153527952092093,0.0,0.0,0
2014-10-24,expansion,expansion,0.7050871142706343,0.16260723187350862,0,0,0.3940527837018377,0.0,0.0,0
2014-10-31,expansion,expansion,0.7213193607579466,0.1708719762848049,0,0,0.3803742055227732,0.0,0.0,0
2014-11-07,expansion,expansion,0.7290811521783168,0.1918428424779907,0,0,0.3869704142163364,0.0,0.0,0
2014-11-14,expansion,expansion,0.7220174404797483,0.11485270671462003,0,0,0.3762870617292129,0.0,0.0,0
2014-11-21,expansion,expansion,0.7378222146542228,0.2465100489352455,0,0,0.3634492100042067,0.0,0.0,0
2014-11-28,expansion,expansion,0.7327025225413448,0.1986622696793539,0,0,0.359001369361207,0.014769908247587513,0.0,0
2014-12-05,expansion,expansion,0.7460956762511941,0.18812723902891276,0,0,0.3401193147647577,0.06678453112372705,0.0,0
2014-12-12,expansion,expansion,0.7419737523458512,0.18061003291006625,0,0,0.33348894867925816,0.08837263701502608,0.0,0
2014-12-19,expansion,expansion,0.723054321861278,0.11903347595922034,0,0,0.34628114120809717,0.09216987897430114,0.0,0
2014-12-26,expansion,expansion,0.7394693595610353,0.18055211933694829,0,0,0.360503789783001,0.04522578271908798,0.0,0
2015-01-02,expansion,expansion,0.7677205241197532,0.1858981188267587,0,0,0.35353512769832385,0.05252428889861578,0.0,0
2015-01-09,expansion,expansion,0.766482938644387,0.16064467461574616,0,0,0.3541703484303075,0.029196122625226858,0.0,0
2015-01-16,expansion,expansion,0.7576925819347463,0.13484901424039303,0,0,0.3378664245268305,0.061030049420195055,0.0,0
2015-01-23,expansion,slowdown,0.6977524261366524,-0.2738157006596203,0,1,0.3356529959170589,0.0962613276958039,0.0,0
2015-01-30,slowdown,slowdown,0.7451028506391257,-0.14201529669940793,0,1,0.33387353327442265,0.033882249923794225,0.0,0
2015-02-06,slowdown,slowdown,0.7552012545958003,-0.08066356369220326,0,1,0.34558708566027246,0.0,0.0,0
2015-02-13,slowdown,slowdown,0.7630141655769412,-0.07665473788329562,0,1,0.35072520218596,0.0,0.0,0
2015-02-20,slowdown,slowdown,0.7277724808216555,-0.24920942724916353,0,1,0.3821835128526325,0.0,0.0,0
2015-02-27,slowdown,slowdown,0.6920564520805846,-0.38045079193348613,0,1,0.3501949645497807,0.08561437728842894,0.0,0
2015-03-06,slowdown,slowdown,0.6635404755781309,-0.5611765089483142,0,1,0.3207714869777962,0.15497147671541212,0.0,0
2015-03-13,slowdown,slowdown,0.654267553604488,-0.575437625617943,0,1,0.32114214164589366,0.11985018684372573,0.0,0
2015-03-20,slowdown,slowdown,0.6433195999384643,-0.36191864309980004,0,1,0.3181150732764506,0.08542329161905982,0.0,0
2015-03-27,slowdown,slowdown,0.6574414335580686,-0.37599743248523987,0,1,0.332706906048836,0.09821762515835347,0.0,0
2015-04-03,slowdown,slowdown,0.6562093240245028,-0.6225905833975002,0,2,0.3941265995756125,0.04102747015929261,0.0,0
2015-04-10,slowdown,slowdown,0.6717779625716969,-0.5997485263436094,0,2,0.4048086924516861,0.031819451966210395,0.0,0
2015-04-17,slowdown,slowdown,0.6495995342884717,-0.5080431247993593,0,2,0.40671967354816546,0.06617909951268831,0.0,0
2015-04-24,slowdown,slowdown,0.6402461123106533,-0.4116000426539056,0,2,0.3987817783329793,0.0,0.0,0
2015-05-01,slowdown,slowdown,0.6379567601160412,-0.3208102322314125,0,2,0.39858367620729135,0.0,0.0,0
2015-05-08,slowdown,slowdown,0.6539579376960182,-0.13525098977278877,0,2,0.4052240775035542,0.0,0.0,0
2015-05-15,slowdown,slowdown,0.673934090568828,-0.049987521986792946,0,2,0.4224612011720394,0.0,0.0,0
2015-05-22,slowdown,slowdown,0.6893080844675961,-0.01766116699058946,0,2,0.41728256870509245,0.0,0.0,0
2015-05-29,slowdown,expansion,0.671682800046063,-0.02336731454205434,0,1,0.4107805852589545,0.0,0.0,0
2015-06-05,slowdown,slowdown,0.6621619895726996,-0.08582108074121028,0,1,0.4030677123436021,0.0,0.0,0
2015-06-12,slowdown,slowdown,0.6468348825346056,-0.1746137915078577,0,1,0.39448191790515263,0.0009675453280384643,0.0,0
2015-06-19,slowdown,slowdown,0.6023375055779937,-0.24642386869430483,0,2,0.41034845201064224,0.0,0.0,0
2015-06-26,slowdown,slowdown,0.6048967568453054,-0.2333984184105215,0,2,0.4125554168648085,0.0,0.0,0
2015-07-03,slowdown,slowdown,0.584448221943116,-0.3387896020560926,0,3,0.41539331775420274,0.0038800378383047097,0.0,0
2015-07-10,slowdown,slowdown,0.5690942754086353,-0.4890875890550242,0,3,0.39820576896973253,0.08996148439646591,0.0,0
2015-07-17,slowdown,slowdown,0.5932930794387667,-0.33475379574179714,0,2,0.3926869671090568,0.16737615057516872,0.0,0
2015-07-24,slowdown,slowdown,0.6012965325797246,-0.2744622540356774,0,2,0.40102278683352865,0.1208164817482733,0.0,0
2015-07-31,slowdown,slowdown,0.5972468890697132,-0.24444931919221977,0,2,0.40768998216646946,0.09448488666939119,0.0,0
2015-08-07,slowdown,slowdown,0.61863265846264,-0.14618430896541917,0,2,0.42737256313704675,0.019352200779769693,0.0,0
2015-08-14,slowdown,slowdown,0.6189395159861828,-0.16104348062807278,0,2,0.4348034919643914,0.015543192965863817,0.0,0
2015-08-21,slowdown,slowdown,0.590140254145721,-0.03872414281534632,0,1,0.41464291756242316,0.06079352082811656,0.0,0
2015-08-28,slowdown,slowdown,0.5836098264592309,-0.038808303100619536,0,1,0.40852747707017495,0.06246657646477748,0.0,0
2015-09-04,slowdown,expansion,0.5690477176833658,0.02290095069943652,0,0,0.4008179031034146,0.04822256014141507,0.0,0
2015-09-11,slowdown,slowdown,0.5649685520532524,-0.017046399744002474,0,1,0.40265814095657604,0.01816236618229283,0.0,0
2015-09-18,slowdown,slowdown,0.5558001761517865,-0.3494408659919219,0,2,0.4139986104635395,0.011331899612440792,0.0,0
2015-09-25,slowdown,slowdown,0.5562716983200267,-0.3501401267197774,0,2,0.41444367266874643,0.01324935956211433,0.0,0
2015-10-02,slowdown,slowdown,0.5598749492594391,-0.37309546596674786,0,2,0.417957765639971,0.05116596979057572,0.0,0
2015-10-09,slowdown,slowdown,0.5671688022456779,-0.2708959983454193,0,1,0.41922602620690985,0.054074173618662125,0.0,0
2015-10-16,slowdown,slowdown,0.5816166416780757,-0.12961840989345177,0,1,0.4077278483964251,0.017948678011978508,0.0,0
2015-10-23,slowdown,slowdown,0.5547967170713966,-0.23061258133739196,0,1,0.40751156741805483,0.0,0.0,0
2015-10-30,slowdown,slowdown,0.5628166644544224,-0.1645259102103352,0,1,0.4154969200345805,0.0,0.0,0
2015-11-06,slowdown,slowdown,0.5543624453185375,-0.18423259485003568,0,1,0.4079941830925194,0.0,0.0,0
2015-11-13,slowdown,slowdown,0.5394443188949192,-0.21059226623024255,0,1,0.3946706237610784,0.021026340838674693,0.0,0
2015-11-20,slowdown,slowdown,0.4929009532711527,-0.3251697122423408,0,1,0.3712548443722102,0.04724600504991621,0.0,0
2015-11-27,slowdown,slowdown,0.49272290900953253,-0.33608372160729105,0,1,0.3710836627185226,0.0558940838660608,0.0,0
2015-12-04,slowdown,slowdown,0.48261529430196254,-0.39978120574112286,0,2,0.39091813164963646,0.04389801012954832,0.0,0
2015-12-11,slowdown,slowdown,0.4728279906548941,-0.45370626959188287,0,2,0.3772017833593581,0.06751884453098508,0.0,0
2015-12-18,slowdown,slowdown,0.4548626836460148,-0.47295980303613333,0,2,0.36436112888451067,0.08512772566931112,0.0,0
2015-12-25,slowdown,slowdown,0.45170191170227963,-0.5021453122489918,0,2,0.36124943616818167,0.10860714646480973,0.0,0
2016-01-01,slowdown,slowdown,0.4462462950238317,-0.47525217968227756,0,1,0.3429521710162587,0.11700305921343673,0.0,0
2016-01-08,slowdown,slowdown,0.44948285172681396,-0.47231044240993036,0,1,0.3533340915620094,0.06721316899372878,0.0,0
2016-01-15,slowdown,slowdown,0.4268982831661304,-0.48405071614289774,0,1,0.3395184794485198,0.08320217205138133,0.0,0
2016-01-22,slowdown,slowdown,0.40598681226479555,-0.3370938293693929,0,1,0.328137155943717,0.15113153539195914,0.0,0
2016-01-29,slowdown,slowdown,0.3995388928930711,-0.3109185115285785,0,1,0.33347460159921744,0.1714606782621267,0.0,0
2016-02-05,slowdown,slowdown,0.3904583117722914,-0.30383919525666325,0,1,0.32167801275475977,0.16664432762566672,0.0,0
2016-02-12,slowdown,slowdown,0.40551273561221635,-0.295233012577623,0,2,0.3423252751813586,0.12527798680479146,0.0,0
2016-02-19,slowdown,slowdown,0.42835845679909995,-0.13919776467946776,0,1,0.34843034154846936,0.06369030179225466,0.0,0
2016-02-26,slowdown,slowdown,0.4279895317479456,-0.10736654172094,0,1,0.3478064021253681,0.0382352535781877,0.0,0
2016-03-04,slowdown,slowdown,0.4231783813329527,-0.2134778360617185,0,2,0.370477012566793,0.037885206350889086,0.0,0
2016-03-11,slowdown,slowdown,0.43778769368333303,-0.05223463126445085,0,1,0.3832614480392671,0.0010455533816878006,0.0,0
2016-03-18,slowdown,slowdown,0.40601157874585336,-0.16894443164762057,1,2,0.3673838318942555,0.005029466156644143,0.0,0
2016-03-25,slowdown,slowdown,0.41320883180281276,-0.14582270814982576,1,2,0.37446779531865326,0.00401898975590654,0.0,0
2016-04-01,slowdown,slowdown,0.4017379011783146,-0.13973439700411988,1,2,0.3839834744587589,0.004343185389199406,0.0,0
2016-04-08,slowdown,slowdown,0.38082251845266224,-0.2421935834970063,1,2,0.36534096980723996,0.009082636212549957,0.0,0
2016-04-15,slowdown,slowdown,0.38050288116469205,-0.4209375304101856,1,2,0.36924293046185835,0.015827110729139924,0.0,0
2016-04-22,slowdown,slowdown,0.4077895388669511,-0.16963519861494641,0,1,0.38815527963527846,0.004957454741836272,0.0,0
2016-04-29,slowdown,slowdown,0.3957319265100591,-0.19337399029304553,0,1,0.41326433737179374,0.006366879900709229,0.0,0
2016-05-06,slowdown,slowdown,0.3900924879139943,-0.24090721833356504,0,1,0.40755581379042133,0.021115929438255708,0.0,0
2016-05-13,slowdown,slowdown,0.3497599716892659,-0.4550399602649372,0,2,0.377630069462647,0.09877178885279618,0.0,0
2016-05-20,slowdown,slowdown,0.30812724920658496,-0.4540356717327857,0,2,0.34234204369119947,0.18481546794356052,0.0,0
2016-05-27,slowdown,slowdown,0.29313853367684034,-0.4968835397308398,0,2,0.32227003059576304,0.22262059607504106,0.0,0
2016-06-03,slowdown,slowdown,0.28644613930302754,-0.42273355868850454,0,2,0.3434073967474658,0.15615370136077233,0.0,0
2016-06-10,slowdown,slowdown,0.31523425119989595,-0.3106567704719533,0,2,0.3775532379208952,0.09143166884545591,0.0,0
2016-06-17,slowdown,slowdown,0.3442806852166112,-0.2784523503397448,0,2,0.4028550801097799,0.09059761681129014,0.0,0
2016-06-24,slowdown,slowdown,0.34949192688948943,-0.2909599803694663,0,2,0.4091020529816798,0.10039697389337374,0.0,0
2016-07-01,slowdown,slowdown,0.3493634152039273,-0.17947597759801037,0,1,0.41019460898494875,0.08072824366124844,0.0,0
2016-07-08,slowdown,expansion,0.36480651222278404,0.1408772436412817,0,0,0.41508118265450394,0.0,0.0,0
2016-07-15,expansion,expansion,0.3882454987106605,0.2957566724449509,0,0,0.4406167959059392,0.0,0.0,0
2016-07-22,expansion,expansion,0.4026223417223286,0.49148526580080415,0,0,0.444338184392304,0.0,0.009109296445238155,0
2016-07-29,expansion,expansion,0.41720810487763976,0.6020919321042878,0,0,0.4252044938652039,0.0,0.016943079129439986,0
2016-08-05,expansion,expansion,0.4019428162994094,0.48464659199561116,0,0,0.40874389090448043,0.0,0.027363026904978688,0
2016-08-12,expansion,expansion,0.3793319675989609,0.33823709009543246,0,0,0.3901523135629632,0.0030825177741491045,0.0,0
2016-08-19,expansion,expansion,0.354704453698062,0.0658220285980046,0,0,0.383698897717047,0.036800122304586645,0.0,0
2016-08-26,expansion,expansion,0.3519669052027158,0.05675437123761214,0,0,0.3802452863344389,0.04380001219218309,0.0,0
2016-09-02,expansion,expansion,0.3466417232721838,0.01571223705036149,0,0,0.3864964420647307,0.05616735607426363,0.0,0
2016-09-09,expansion,slowdown,0.3561789700542882,-0.08125139688632237,0,0,0.3914505206581345,0.09718864755524492,0.0,0
2016-09-16,expansion,expansion,0.37956091229896816,-0.003567388635485347,0,0,0.39455937119409695,0.07190416852860566,0.0,0
2016-09-23,expansion,expansion,0.39993413017102863,0.03606409054433565,0,0,0.40639447461055306,0.03141650964913469,0.0,0
2016-09-30,expansion,expansion,0.42464889597351557,0.07787274474093298,0,0,0.4189835558017358,0.0,0.0,0
2016-10-07,expansion,expansion,0.4401535214065563,0.1731787604374714,0,0,0.4345741732825655,0.0,0.0,0
2016-10-14,expansion,expansion,0.439600242259541,0.18781299271632668,0,0,0.4440263528992674,0.0,0.0,0
2016-10-21,expansion,expansion,0.4227170188348731,0.22892856992947924,0,0,0.43595140117564213,0.0,0.0,0
2016-10-28,expansion,expansion,0.4116797984649384,0.19591553786037408,0,0,0.42443123977188923,0.0,0.0,0
2016-11-04,expansion,expansion,0.3840769925746762,0.12586606805952935,0,0,0.3998766721170559,0.0,0.0,0
2016-11-11,expansion,slowdown,0.37741363249421533,-0.04302041709696833,0,1,0.4011087528106013,0.0029782345911328095,0.0,0
2016-11-18,slowdown,slowdown,0.391904161851837,-0.2268566890717847,0,2,0.4337339717896544,0.0077358403268660775,0.0,0
2016-11-25,slowdown,slowdown,0.4017266815370773,-0.24693434760001712,0,2,0.4437063138909872,0.0076759946186492544,0.0,0
2016-12-02,slowdown,slowdown,0.4222253735016335,-0.2466875177331917,0,2,0.4434003369681892,0.006116179902738184,0.0,0
2016-12-09,slowdown,slowdown,0.42343062084651983,-0.15839348160240813,0,1,0.4441484311908613,0.003868489232295527,0.0,0
2016-12-16,slowdown,slowdown,0.3954713693900559,-0.16579858581653664,0,0,0.42068302301704164,0.02344141064600387,0.0,0
2016-12-23,slowdown,expansion,0.427345830304884,0.09435591241093225,0,0,0.41286644749369433,0.033090397676830856,0.0,0
2016-12-30,expansion,expansion,0.4296780647822632,0.20586742421771084,0,0,0.3941781351555797,0.0,0.0,0
2017-01-06,expansion,expansion,0.4265501392850952,0.20521265544776163,0,0,0.39051652632297135,0.001977316300470451,0.0,0
2017-01-13,expansion,expansion,0.43098578669987236,0.19165090401998902,0,0,0.39573103120758973,0.06743785637838624,0.0,0
2017-01-20,expansion,expansion,0.46942560853351517,0.507047486626284,0,0,0.3823439286081979,0.058809508402166144,0.003084651333453793,0
2017-01-27,expansion,expansion,0.4715489088894621,0.48968015243221413,0,0,0.38460986452432466,0.07360953093667093,0.005700180634867151,0
2017-02-03,expansion,expansion,0.4799366303308994,0.47245239120278315,0,0,0.38032090285259534,0.07417630024013218,0.006183830389511359,0
2017-02-10,expansion,expansion,0.48827976468957646,0.5630473579827401,0,0,0.3891832023655232,0.000537502726624242,0.005648034242937317,0
2017-02-17,expansion,expansion,0.47325504206855395,0.19904886780446174,0,1,0.3911742290309637,0.0,0.0,0
2017-02-24,expansion,expansion,0.48686331731340554,0.26246775830285235,0,1,0.40451552707419514,0.0,0.0,0
2017-03-03,expansion,expansion,0.5195195830887174,0.32946891371255405,0,1,0.41961505288295226,0.0,0.0,0
2017-03-10,expansion,expansion,0.5060326156390654,0.22417041041744898,0,1,0.41382914382406916,0.0,0.0,0
2017-03-17,expansion,expansion,0.5379697185943406,0.17213341030978163,0,1,0.4455975815716518,0.0,0.0,0
2017-03-24,expansion,expansion,0.5356888330277354,0.12792926567210477,0,1,0.4563766510005783,0.0,0.0,0
2017-03-31,expansion,expansion,0.525848688810421,0.08656087744554894,0,1,0.42783536424394353,0.0,0.0,0
2017-04-07,expansion,expansion,0.5497876160041736,0.12982794670237652,0,1,0.44990002787837036,0.0,0.0,0
2017-04-14,expansion,expansion,0.555091892529781,0.12446266172501881,0,1,0.4552618042533292,0.0,0.0,0
2017-04-21,expansion,expansion,0.5961223380074523,0.45474241054946213,0,1,0.48416713500591724,0.0,0.0,0
2017-04-28,expansion,expansion,0.5950304500943762,0.39157807531421096,0,1,0.48322057559813375,0.0,0.0,0
2017-05-05,expansion,expansion,0.5823037883491917,0.35006293891572926,0,1,0.4636657379490699,0.0,0.0,0
2017-05-12,expansion,expansion,0.5741720265068352,0.36731463042167367,0,1,0.4569473825861598,0.019548246618466946,0.0,0
2017-05-19,expansion,expansion,0.5548344491809443,0.12128210322251146,0,1,0.47349189323638313,0.03110338037594991,0.0,0
2017-05-26,expansion,expansion,0.5593242186778581,0.19559061405073414,0,1,0.47771824346168357,0.0,0.0,0
2017-06-02,expansion,expansion,0.5679166339138721,0.1617848745090297,0,1,0.4309683712824016,0.07614483273657947,0.0,0
2017-06-09,expansion,expansion,0.5428314047267957,0.07453040267724917,0,1,0.4057755088702139,0.14280891079885583,0.0,0
2017-06-16,expansion,expansion,0.5298475888175521,0.09302534107696117,0,1,0.38119125596863823,0.19056431424240278,0.0,0
2017-06-23,expansion,slowdown,0.525441108486355,-0.13595086669698264,0,1,0.3471429794612224,0.2,0.0,0
2017-06-30,expansion,slowdown,0.5159925286480374,-0.15897472350662611,0,1,0.35689530644985096,0.18686633412317616,0.0,0
2017-07-07,slowdown,slowdown,0.5028091772823096,-0.17196063692554353,0,1,0.3400334918229871,0.19690104211565704,0.0,0
2017-07-14,slowdown,slowdown,0.4826204184387749,-0.23576658855024588,0,1,0.314955861670585,0.20147480852748925,0.0,0
2017-07-21,slowdown,slowdown,0.4694032141015164,-0.19739100808109333,0,0,0.3204830948651685,0.20203555674960164,0.0,0
2017-07-28,slowdown,slowdown,0.4627830364409232,-0.15337173707395224,0,0,0.3107625081514346,0.20189327077856942,0.0,0
2017-08-04,slowdown,slowdown,0.47820819450561886,-0.1840967691283747,0,0,0.3207667223418651,0.14503623958246584,0.0,0
2017-08-11,slowdown,slowdown,0.4762609329189543,-0.17027088359934436,0,0,0.32429941050091854,0.10346724876364143,0.0,0
2017-08-18,slowdown,slowdown,0.45473648817461865,-0.3748801427584702,0,1,0.32839710607896455,0.06881745026127976,0.0,0
2017-08-25,slowdown,slowdown,0.45659253219370816,-0.37459012335444886,0,1,0.3310613739697681,0.06837586573597478,0.0,0
2017-09-01,slowdown,slowdown,0.4456292799622468,-0.3262635719594844,0,1,0.32747357947428823,0.051735051992652874,0.0,0
2017-09-08,slowdown,slowdown,0.39190143816308654,-0.4841915558961881,0,2,0.3355206204122019,0.1279620718649363,0.0,0
2017-09-15,slowdown,slowdown,0.3617097082794654,-0.5284792201344917,0,2,0.36267976872683266,0.21259754966416025,0.0,0
2017-09-22,slowdown,slowdown,0.3780953017599863,-0.2683169638438542,0,1,0.35737673119378927,0.21028691197007957,0.0,0
2017-09-29,slowdown,slowdown,0.3692118088219219,-0.33771972100568554,0,1,0.3760192080105237,0.21386859040247197,0.0,0
2017-10-06,slowdown,slowdown,0.41018388375380643,-0.22417874833027787,0,1,0.3384985351533385,0.1820844469032866,0.0,0
2017-10-13,slowdown,slowdown,0.4381113290749449,-0.1273550520959658,0,1,0.31694178263845135,0.10551162257914647,0.0,0
2017-10-20,expansion,expansion,0.5239505117019642,0.4017074707101781,0,1,0.2652735171041136,0.03437604451711173,0.0,0
2017-10-27,expansion,expansion,0.5428372938055235,0.4728946190504802,0,1,0.28329152625617776,0.0,0.0,0
2017-11-03,expansion,expansion,0.5681413609419214,0.7268727217359332,0,1,0.2970840317178492,0.0,0.0,0
2017-11-10,expansion,expansion,0.5661004568616079,0.9188332256741083,0,0,0.29343503553649725,0.0,0.0,0
2017-11-17,expansion,expansion,0.5610218677033793,0.7684424756606842,0,0,0.2661032486164299,0.0,0.0,0
2017-11-24,expansion,expansion,0.5486484319110778,0.767240121431845,0,0,0.27210456251686205,0.0,0.0,0
2017-12-01,expansion,expansion,0.5490755402673544,0.6605549958482448,0,0,0.2930495256288864,0.0,0.0,0
2017-12-08,expansion,expansion,0.5444664596028604,0.5682067396974444,0,0,0.2955302824845069,0.0,0.0,0
2017-12-15,expansion,expansion,0.5694815075854325,0.5377077200950409,0,0,0.2825488175937546,0.014537897633357425,0.0,0
2017-12-22,expansion,expansion,0.5835742186547548,0.27982489382148185,0,0,0.27572555720623027,0.06699077608412175,0.0,0
2017-12-29,expansion,expansion,0.5658939074635233,0.1283504437113889,0,0,0.2785573004588813,0.1315055771297321,0.0,0
2018-01-05,expansion,expansion,0.5566643477903729,0.11737885937607195,0,0,0.28317581292008365,0.13997522691768713,0.0,0
2018-01-12,expansion,expansion,0.5262126513719214,0.07735109620612297,0,1,0.299563073594278,0.12651410283489867,0.0,0
2018-01-19,expansion,slowdown,0.5218951931932707,-0.14718481964175378,0,1,0.3020412551506128,0.06527284633424267,0.0,0
2018-01-26,expansion,slowdown,0.5470610997859702,-0.04614201691463447,0,1,0.28814675229300535,0.0,0.0,0
2018-02-02,slowdown,slowdown,0.5410937806008709,-0.17515626213543717,0,2,0.2588679805345907,0.0,0.0,0
2018-02-09,slowdown,slowdown,0.5768343863439505,-0.007185491209132133,0,1,0.2910356634600284,0.0,0.0,0
2018-02-16,slowdown,slowdown,0.5439702296974921,-0.3030374652330569,0,2,0.3099180873488667,0.0,0.0,0
2018-02-23,slowdown,slowdown,0.5671412392037427,-0.19758679983412736,0,2,0.32187553590243023,0.0,0.0,0
2018-03-02,slowdown,slowdown,0.5757301120548479,-0.1453038080923959,0,2,0.3403460613308001,0.0,0.0,0
2018-03-09,slowdown,slowdown,0.5701352460400955,-0.03424976176505208,0,2,0.33324055981838097,0.0,0.0,0
2018-03-16,slowdown,slowdown,0.5730599061438,-0.07006818586815769,0,2,0.3363197200713683,0.0,0.0,0
2018-03-23,slowdown,expansion,0.5818046497371745,0.0771444718402402,0,2,0.3139518933298935,0.0,0.0,0
2018-03-30,slowdown,expansion,0.5741968912611506,0.12597092310357594,0,1,0.3063588146645318,0.0,0.0,0
2018-04-06,expansion,expansion,0.5710726946394877,0.044139296370028544,0,1,0.30238238272603846,0.002210030331311985,0.0,0
2018-04-13,slowdown,slowdown,0.5532726203952973,-0.19565617987540274,0,1,0.28503057478788685,0.03600617960222207,0.0,0
2018-04-20,slowdown,expansion,0.5585250245404358,0.012211950534310123,0,1,0.24999025032376337,0.10155854957422375,0.0,0
2018-04-27,expansion,expansion,0.5809618624567279,0.036379138556830434,0,1,0.27888878672262013,0.0828709817274243,0.0,0
2018-05-04,expansion,expansion,0.6123507161297628,0.13939565897884004,0,1,0.32855630557847826,0.0,0.0,0
2018-05-11,expansion,expansion,0.6584454430199664,0.3064365338969366,0,1,0.3692772729410409,0.0,0.0,0
2018-05-18,expansion,expansion,0.6725663008228013,0.19624650620329556,0,0,0.41870307713075733,0.0,0.0,0
2018-05-25,expansion,expansion,0.6514004894025045,0.15941727712139478,0,0,0.39934404297429005,0.0,0.0,0
2018-06-01,expansion,expansion,0.6412931792846219,0.15068576348169696,0,0,0.3854689654583713,0.0,0.0,0
2018-06-08,expansion,expansion,0.6331408058328097,0.21932101058595804,0,0,0.377708615422982,0.0,0.0,0
2018-06-15,expansion,expansion,0.6517064147992903,0.4849265460236394,0,0,0.3764604540715894,0.0,0.0,0
2018-06-22,expansion,expansion,0.6884981757888552,0.29350557786240045,0,1,0.3904141141006602,0.0,0.0,0
2018-06-29,expansion,expansion,0.7073739861173771,0.2986244021500708,0,1,0.3887987928742441,0.0,0.0,0
2018-07-06,expansion,expansion,0.7081224231680663,0.18337963467183416,0,1,0.38619557970028934,0.0,0.0,0
2018-07-13,expansion,slowdown,0.7096312270282044,-0.1001056541440994,0,2,0.3962290207181924,0.02204662980360965,0.0,0
2018-07-20,expansion,expansion,0.718793696830325,0.07595710514499202,0,2,0.4136785966562153,0.0,0.0,0
2018-07-27,expansion,expansion,0.7349686239380171,0.14541824526504343,0,2,0.4241211023298331,0.0,0.0,0
2018-08-03,expansion,expansion,0.7836133256604192,0.3084737487612229,0,2,0.4407187552542136,0.0,0.0,0
2018-08-10,expansion,expansion,0.7929867390405131,0.34094342786229637,0,2,0.443908768886495,0.0,0.0,0
2018-08-17,expansion,expansion,0.8092790658890581,0.21306963173042587,0,2,0.4365446107017315,0.0,0.0,0
2018-08-24,expansion,expansion,0.8139832086151453,0.20593653238529636,0,2,0.43857648336797306,0.0,0.0,0
2018-08-31,expansion,expansion,0.8104895219999687,0.17016481035572323,0,2,0.42807691338277815,0.0,0.0,0
2018-09-07,expansion,expansion,0.829761271348944,0.19889379592977907,0,2,0.43990418498277406,0.0,0.0,0
2018-09-14,expansion,expansion,0.8336633907246312,0.18566249296337348,0,2,0.44788587763591126,0.0,0.0,0
2018-09-21,expansion,expansion,0.8260226187197051,0.10156865113403706,0,2,0.46772109397507705,0.0,0.0,0
2018-09-28,expansion,expansion,0.8406733110740963,0.05048481393294439,0,2,0.4768046970522862,0.0,0.0,0
2018-10-05,expansion,slowdown,0.8060091896406991,-0.16552047435433298,0,2,0.48027531166521686,0.0,0.0,0
2018-10-12,slowdown,slowdown,0.789262513644935,-0.2644458918457343,0,2,0.47133392963211584,0.0,0.0,0
2018-10-19,slowdown,slowdown,0.7701662296308753,-0.43611095668564037,0,2,0.4652324425623607,0.029751555959188054,0.0,0
2018-10-26,slowdown,slowdown,0.7365986212493965,-0.49435190220541686,0,2,0.44049358509166403,0.07440992068056486,0.0,0
2018-11-02,slowdown,slowdown,0.7001300078392187,-0.6870049684177844,0,3,0.42697050338429937,0.15548072393334092,0.0,0
2018-11-09,slowdown,slowdown,0.6669402526337035,-0.7551426062772564,0,3,0.40622156678769344,0.2,0.0,0
2018-11-16,slowdown,slowdown,0.6121931600470673,-0.8673539019224604,0,3,0.37513757854123386,0.2,0.0,0
2018-11-23,slowdown,slowdown,0.5852131602768824,-0.9113216820981689,0,3,0.3399032184504273,0.2,0.0,0
2018-11-30,slowdown,slowdown,0.5186822040595909,-0.9273238071502854,0,2,0.25378633237454,0.2,0.0,0
2018-12-07,slowdown,slowdown,0.477937227049306,-0.9830104763177699,0,2,0.2638587994036862,0.20756215167727796,0.0,0
2018-12-14,slowdown,slowdown,0.48548521476706075,-0.9067824417192142,0,2,0.25975650562306896,0.204874903648884,0.0,0
2018-12-21,slowdown,slowdown,0.41266885554559485,-1.2035191379670735,0,3,0.30559113251429626,0.26928637396911764,0.0,0
2018-12-28,slowdown,slowdown,0.42239586077312097,-1.1168705689717329,0,3,0.2985539268513156,0.2596817405876,0.0,0
2019-01-04,slowdown,slowdown,0.45656477842209736,-0.7407425080418465,0,3,0.41818262046924254,0.22902109606529714,0.0,0
2019-01-11,slowdown,slowdown,0.40691405106666745,-0.6429880849656096,0,2,0.47006418444947656,0.21896360613430638,0.0,0
2019-01-18,slowdown,slowdown,0.35176707818734876,-0.8191196366003484,0,2,0.5484765564809893,0.2380234743943895,0.0,0
2019-01-25,slowdown,slowdown,0.3702652086871378,-0.625882095182157,0,2,0.5246638922498463,0.2068279020206764,0.0,0
2019-02-01,slowdown,slowdown,0.3418688228859499,-0.6590512231965998,0,2,0.49943595929772344,0.14954289594194883,0.0,0
2019-02-08,slowdown,slowdown,0.31752961541324576,-0.8520749027836946,0,3,0.5377908291209799,0.2815559984033372,0.0,0
2019-02-15,slowdown,slowdown,0.2903637962587574,-0.5434070755189725,0,2,0.5196183481834596,0.2354666865641062,0.0,0
2019-02-22,slowdown,slowdown,0.25065763576546185,-0.7683519497723955,0,3,0.5887160467733159,0.35984747565224806,0.0,0
2019-03-01,slowdown,slowdown,0.2632242825309668,-1.0066745278062026,0,4,0.6201127001273522,0.30129725576388794,0.0,0
2019-03-08,slowdown,slowdown,0.2860185917743285,-0.8510495592893044,0,4,0.578445051426774,0.1465623410092838,0.0,0
2019-03-15,slowdown,slowdown,0.29975181898035547,-0.7975950250740331,0,4,0.5600405473856167,0.1305728794530831,0.0,0
2019-03-22,slowdown,slowdown,0.3061920573634459,-0.48394584528598933,0,3,0.5568726556848571,0.12278219376573046,0.0,0
2019-03-29,slowdown,slowdown,0.319432215598049,-0.35174062390346644,0,2,0.5012259737555935,0.019818788984210918,0.0,0
2019-04-05,slowdown,slowdown,0.3508463482709967,-0.24181136456313995,0,2,0.4563471277414301,0.011293204843152002,0.0,0
2019-04-12,slowdown,expansion,0.4173312586259382,0.18533698859870537,0,1,0.38911511669740034,0.0,0.0,0
2019-04-19,slowdown,expansion,0.40009980999969663,0.12037267801589943,0,2,0.41277441106261964,0.0,0.0,0
2019-04-26,slowdown,expansion,0.387195790651507,0.04678694422930367,0,2,0.3957388606883169,0.0,0.0,0
2019-05-03,slowdown,slowdown,0.31498619862339255,-0.2069928564342971,0,3,0.3611245171652196,0.08670244768820207,0.0,0
2019-05-10,slowdown,slowdown,0.2370959051468325,-0.5548643117461789,0,4,0.45560228002353664,0.15101389718013877,0.0,0
2019-05-17,slowdown,slowdown,0.19914858524978113,-0.7079263911232015,0,4,0.5183005781095552,0.18684053104538895,0.0,0
2019-05-24,slowdown,slowdown,0.2158419634778257,-0.7218897061826332,0,4,0.48640496743703593,0.1778063903513607,0.0,0
2019-05-31,slowdown,slowdown,0.19993229748444935,-0.8287775101095847,0,4,0.43502334059645387,0.24440674316828637,0.0,0
2019-06-07,slowdown,slowdown,0.20468914940125665,-0.9623051250582343,0,4,0.42687314534296456,0.3572587369058941,0.0,0
2019-06-14,slowdown,slowdown,0.15390670364518672,-1.2657686009927844,0,4,0.5251150362902736,0.4744339243038041,0.0,0
2019-06-21,slowdown,slowdown,0.14974637768054425,-0.7981250434740084,0,2,0.53377282681896,0.28653975872142984,0.0,0
2019-06-28,slowdown,slowdown,0.10217467729548405,-0.8111415787125071,0,2,0.43976612648086805,0.2997952642479203,0.0,0
2019-07-05,slowdown,slowdown,0.07235645011672649,-0.6100932235581006,0,2,0.38776740252889086,0.28064403805752486,0.0,0
2019-07-12,slowdown,slowdown,0.08554577618394743,-0.42151620529715894,0,2,0.42249861612266176,0.2049299139421553,0.0,0
2019-07-19,slowdown,slowdown,0.05088773340745671,-0.6696070722770872,0,3,0.3514454235362904,0.44904826631708294,0.0,0
2019-07-26,slowdown,slowdown,0.15049462453929954,-0.4462250901808388,0,3,0.3575641065444902,0.1930458636324555,0.0,0
2019-08-02,slowdown,slowdown,0.1873648732759307,-0.32266921285645245,0,3,0.3195467257797405,0.1567619084161885,0.0,0
2019-08-09,slowdown,slowdown,0.21118400976841664,-0.1326630329469912,0,3,0.360735380280844,0.12791296932701904,0.0,0
2019-08-16,slowdown,slowdown,0.1829937363235187,-0.2665604580311698,0,3,0.3312198042815261,0.15342164403879643,0.0,0
2019-08-23,slowdown,expansion,0.22086647834644416,0.18554764842189103,0,2,0.3002376290833295,0.0,0.0,0
2019-08-30,expansion,expansion,0.20524802496016709,0.2752503780564103,0,1,0.39112391780373235,0.0,0.0,0
2019-09-06,expansion,expansion,0.17721609781014616,0.16080468816141988,0,1,0.4412499199759562,0.0,0.0,0
2019-09-13,expansion,expansion,0.2057406965571133,0.30155246075998887,0,0,0.3960492900446495,0.0,0.0,0
2019-09-20,expansion,slowdown,0.10995754112116476,-0.24869870176870554,0,1,0.3215827468967288,0.030003443677335758,0.0,0
2019-09-27,slowdown,slowdown,0.12777121787686727,-0.3554275501484839,0,1,0.30599282274544315,0.11399154911897405,0.0,0
2019-10-04,slowdown,slowdown,0.1260888463392121,-0.3132815293512105,0,1,0.293191151778891,0.14518515253794598,0.0,0
2019-10-11,slowdown,slowdown,0.09689378616556359,-0.44453753090111914,0,2,0.32060210429226216,0.1709708038600276,0.0,0
2019-10-18,slowdown,slowdown,-0.09985952626343901,-1.576989240303421,1,3,0.41365642477199666,0.6583710555219844,0.0,0
2019-10-25,slowdown,slowdown,-0.12311252213224903,-1.5390319550904665,1,3,0.3912254124121101,0.6479249229157833,0.0,0
2019-11-01,slowdown,slowdown,-0.1647872812845216,-1.6683314001108727,1,3,0.36393942276965124,0.6963709251562844,0.0,0
2019-11-08,slowdown,slowdown,-0.21418109635652338,-1.8441301427237586,1,3,0.3304731224732352,0.7703229394485276,0.0,0
2019-11-15,slowdown,slowdown,-0.3808384790698932,-2.198276618618179,2,3,0.2940843559368163,0.9028536612881854,0.0,0
2019-11-22,slowdown,slowdown,-0.45333574946018007,-1.8111496318193474,2,3,0.4276036457578633,0.9605055661711173,0.0,0
2019-11-29,slowdown,contraction,-0.500793529327223,-1.6989032003188722,2,3,0.46259814469209637,0.9982453513536564,0.0,0
2019-12-06,contraction,contraction,-0.6202661955972321,-1.6989032003188722,2,3,0.5273710095012946,1.0,0.0,0
2019-12-13,contraction,contraction,-0.7543599629840742,-1.6731403176408328,2,3,0.5843860249528058,1.0,0.0,0
2019-12-20,slowdown,slowdown,-0.8547693264627956,-1.1004429047675304,2,2,0.5901771750538182,0.5398001867431004,0.0,0
2019-12-27,slowdown,slowdown,-0.8833764487539957,-1.0994139358222579,2,2,0.6150477897066611,0.5394824566380293,0.0,0
2020-01-03,contraction,contraction,-0.9571756394224058,-1.37831421524195,2,3,0.6606204636933168,1.0,0.0,0
2020-01-10,slowdown,slowdown,-0.9544859185885125,-1.3468004336057164,2,2,0.6448924004096099,0.6000000000000001,0.0,0
2020-01-17,contraction,contraction,-1.0453748813031567,-2.149951738946297,2,3,0.5333499805502346,1.0,0.0,0
2020-01-24,contraction,contraction,-1.0239898098687397,-2.0629265997173314,2,3,0.5276981808401383,1.0,0.0,0
2020-01-31,slowdown,slowdown,-0.8411373809162743,-1.2986516296370814,2,2,0.45705376551813737,0.6000000000000001,0.0,0
2020-02-07,slowdown,slowdown,-0.7454811049150765,-0.7561199464726712,2,2,0.41273801010880345,0.43347844572260963,0.0,0
2020-02-14,slowdown,slowdown,-0.6960191616265716,-0.3439951268248958,2,2,0.3873081482446037,0.34618623259569004,0.0,0
2020-02-21,slowdown,slowdown,-0.6607469973816016,-0.12827920578524052,2,2,0.3439893485472448,0.29800876763242756,0.0,0
2020-02-28,slowdown,slowdown,-0.7079023505304977,-0.1264884946599268,2,2,0.3714462865769042,0.30464074490081944,0.0,0
2020-03-06,slowdown,expansion,-0.7176925101230391,0.27204976319573354,2,2,0.38439691589372904,0.22427476671399718,0.0,1
2020-03-13,slowdown,slowdown,-0.8696043355354174,-0.897391534959592,2,3,0.409807737578229,0.877100983467529,0.0,1
2020-03-20,contraction,contraction,-2.0297542382371767,-2.2116619206811223,2,3,0.41374447594887115,1.0,0.0,1
2020-03-27,contraction,contraction,-2.0286738026293505,-2.4974695103205073,2,3,0.7633960095148249,1.0,0.0,1
2020-04-03,contraction,contraction,-2.378415150632326,-3.7547000000000006,3,4,0.7802411609761579,1.0,0.0,1
2020-04-10,contraction,contraction,-3.0847667584239757,-3.7547000000000006,4,4,0.6671069149746863,1.0,0.0,1
2020-04-17,contraction,contraction,-3.1823223123403865,-3.7547000000000006,4,4,0.5382902372993292,1.0,0.0,1
2020-04-24,contraction,contraction,-3.1823223123403865,-3.7547000000000006,4,4,0.5179785068010861,1.0,0.0,1
2020-05-01,contraction,contraction,-3.7763,-3.7547000000000006,4,4,0.44530426511476107,1.0,0.0,0
2020-05-08,contraction,contraction,-3.7763,-3.7547000000000006,4,4,0.4341875694602313,1.0,0.0,0
2020-05-15,contraction,contraction,-3.7763,-3.7547000000000006,4,4,0.3992822294794989,1.0,0.0,0
2020-05-22,contraction,contraction,-3.7763,-2.2528200000000003,4,4,0.44041348958355275,1.0,0.0,0
2020-05-29,contraction,contraction,-3.7080448933986148,-2.2528200000000003,4,4,0.43548718383915036,1.0,0.0,0
2020-06-05,contraction,contraction,-3.7080448933986148,-2.2528200000000003,4,4,0.40723283906302454,1.0,0.0,0
2020-06-12,contraction,contraction,-3.470025731828367,-0.75094,4,3,0.406833457212264,1.0,0.0,0
2020-06-19,recovery,expansion,-2.9211942350507543,2.2528200000000003,4,1,0.5366823144737443,0.2,0.1111111111111111,0
2020-06-26,recovery,expansion,-2.9211942350507543,2.2528200000000003,4,1,0.5182477186870137,0.2,0.2222222222222222,0
2020-07-03,recovery,recovery,-2.5890070975867743,3.7547000000000006,4,0,0.5442455644501434,0.2,0.3333333333333333,0
2020-07-10,recovery,recovery,-2.462333852607782,3.7547000000000006,4,0,0.5467536372594332,0.2,0.4444444444444444,0
2020-07-17,recovery,recovery,-1.7957250534063705,3.7547000000000006,3,0,0.6453663047864268,0.2,0.5555555555555556,0
2020-07-24,recovery,recovery,-1.795408552142252,3.7547000000000006,3,0,0.6343227889727399,0.2,0.6666666666666666,0
2020-07-31,recovery,recovery,-1.6996929542180728,3.7547000000000006,3,0,0.6447062439952884,0.2,0.7777777777777778,0
2020-08-07,recovery,recovery,-1.6996929542180728,3.7547000000000006,3,0,0.6315359894652762,0.2,0.8888888888888888,0
2020-08-14,recovery,recovery,-1.604361171823942,3.7547000000000006,3,0,0.636661099302787,0.2,1.0,0
2020-08-21,recovery,recovery,-1.4050163600222596,3.7547000000000006,3,0,0.6077281566052448,0.2,1.0,0
2020-08-28,recovery,recovery,-1.4039069050469462,3.7547000000000006,3,0,0.5883325048055322,0.2,1.0,0
2020-09-04,recovery,recovery,-1.273522389439604,3.7547000000000006,3,0,0.6095651590360729,0.2,1.0,0
2020-09-11,recovery,recovery,-1.218838637232558,3.7547000000000006,3,0,0.6174976983825384,0.2,1.0,0
2020-09-18,recovery,recovery,-1.15487012720873,3.5710377310913977,3,0,0.5962692327141239,0.2,1.0,0
2020-09-25,recovery,recovery,-1.1544394424635964,3.5710377310913977,3,0,0.587761207829691,0.2,1.0,0
2020-10-02,recovery,recovery,-1.0228767232479974,3.5710377310913977,2,0,0.606432883362183,0.2,1.0,0
2020-10-09,recovery,recovery,-0.9846879498831559,3.5710377310913977,2,0,0.6041454461816717,0.2,1.0,0
2020-10-16,recovery,recovery,-0.9733302954130518,3.1727019056598333,2,0,0.584782927659486,0.2,1.0,0
2020-10-23,recovery,recovery,-0.9556405021594558,2.828724492972765,2,0,0.6028485933502311,0.2,1.0,0
2020-10-30,recovery,recovery,-0.7882915191437959,2.8281667837127458,2,0,0.5194451758090399,0.2,1.0,0
2020-11-06,recovery,recovery,-0.7551953284601244,2.827610441739613,2,0,0.49811456022313966,0.2,1.0,0
2020-11-13,recovery,recovery,-0.6682563504717514,2.827610441739613,2,0,0.4803897508773425,0.2,1.0,0
2020-11-20,recovery,recovery,-0.6205096639149661,2.42807618749509,2,1,0.48204033848746697,0.2,1.0,0
2020-11-27,recovery,recovery,-0.5841930734569909,2.4255708382296737,2,1,0.46656624545920017,0.2,1.0,0
2020-12-04,recovery,recovery,-0.5960053017466795,2.101727501469877,2,1,0.46886094981089976,0.2,1.0,0
2020-12-11,recovery,recovery,-0.5889367166234497,1.674801276348521,2,1,0.4672451978825497,0.2,1.0,0
2020-12-18,recovery,recovery,-0.5131873750415222,1.9396850812511015,1,1,0.5069980126211706,0.2,1.0,0
2020-12-25,recovery,recovery,-0.494634761921607,1.908209036456535,1,1,0.4975440767025896,0.2,0.9916846539976213,0
2021-01-01,recovery,recovery,-0.5398589166504196,0.9227780835637367,1,2,0.5212441449351416,0.2,1.0,0
2021-01-08,recovery,recovery,-0.4898011562631931,0.8408927998495997,1,2,0.5153805908116204,0.2,0.986879877001186,0
2021-01-15,recovery,recovery,-0.4551760375128241,1.0629095055685682,1,1,0.4937852532084904,0.2,0.9524612698934634,0
2021-01-22,recovery,recovery,-0.28357628189166423,1.6755332854442169,1,1,0.4388565924211105,0.2,0.7818849720593083,0
2021-01-29,recovery,recovery,-0.3068487633409158,1.6745094934287614,1,1,0.4479342695504086,0.2,0.8050186514323219,0
2021-02-05,recovery,recovery,-0.291113521811792,1.7005017801828057,1,1,0.4386139751413053,0.2,0.7893772582622187,0
2021-02-12,recovery,recovery,-0.23294347804702423,2.1988392904375984,1,1,0.42958756474285703,0.2,0.7315541531282547,0
2021-02-19,recovery,recovery,-0.47048844960290515,0.534145467570369,2,2,0.35376724466061854,0.19558375823174878,0.8221154867809615,0
2021-02-26,recovery,recovery,-0.4409017916907915,0.5860326448720972,2,2,0.33394631543994124,0.17919427278807507,0.8289908665388758,0
2021-03-05,recovery,recovery,-0.43089751300471424,0.712467615194288,2,2,0.3195715284277804,0.16253738438017917,0.8970193458762783,0
2021-03-12,recovery,recovery,-0.360256980086705,0.766213914048568,2,2,0.3046780679058549,0.14326320376348745,0.8581083301060685,0
2021-03-19,recovery,expansion,0.08468610773311909,1.691984992874712,1,2,0.5283876494875855,0.12546306737360158,0.4158189783965019,0
2021-03-26,expansion,expansion,0.1158878071147098,1.7341024098803952,1,2,0.5478633731673976,0.10843568978889578,0.38480337264939385,0
2021-04-02,expansion,expansion,0.24577169271824612,2.285199032846018,1,1,0.5000190144054413,0.09414619168355294,0.25569414242719074,0
2021-04-09,expansion,expansion,0.2829252041130227,2.2552157602922653,0,1,0.5213706226243427,0.08200330768823788,0.2187622225516673,0
2021-04-16,expansion,expansion,0.4849190017049336,2.2852290916499483,0,1,0.6201690370244005,0.06183585645130815,0.017973159339032183,0
2021-04-23,expansion,expansion,0.46264774487097693,3.119982726801294,0,0,0.6185243571423836,0.051184853202195894,0.04011158561533109,0
2021-04-30,expansion,expansion,0.5752741349443478,3.5065222134236107,0,0,0.574311736041357,0.039343754604479,0.0,0
2021-05-07,expansion,expansion,0.6052104094762562,3.495496544342869,0,0,0.5923784377197202,0.022578397203033482,0.0,0
2021-05-14,expansion,expansion,0.6417037527365723,3.310807443520865,0,0,0.6160010846204748,0.011747987090684179,0.0,0
2021-05-21,expansion,expansion,0.6065031447876692,2.1526024513240607,0,0,0.6044509165140708,0.0,0.0,0
2021-05-28,expansion,expansion,0.6440634367925709,2.178757382570138,0,0,0.5754972537983248,0.0,0.0,0
2021-06-04,expansion,expansion,0.7049734295008723,1.921503139583426,0,0,0.5339589228793415,0.0,0.0,0
2021-06-11,expansion,expansion,0.7621387204448874,2.0583517134964815,0,0,0.5305578320750737,0.0,0.0,0
2021-06-18,expansion,expansion,0.6744898250862316,1.364533838626222,0,1,0.4217323606954529,0.0,0.0,0
2021-06-25,expansion,expansion,0.6900785395826737,1.3502770281697258,0,1,0.4133541973938596,0.0,0.0,0
2021-07-02,expansion,expansion,0.7168292700693569,1.0098186462621912,0,1,0.39962492750938783,0.0,0.0,0
2021-07-09,expansion,expansion,0.7637796584224217,0.9967968390195278,0,1,0.40679712407064966,0.0,0.0,0
2021-07-16,expansion,expansion,0.8010303627258107,1.1099323073370826,0,1,0.39307636027472964,0.0,0.0,0
2021-07-23,expansion,expansion,0.7399857728528408,0.7882224800849604,0,1,0.33109746575696514,0.0,0.0,0
2021-07-30,expansion,expansion,0.7537406027140723,0.6410614610407361,0,1,0.33878318758427517,0.0,0.0,0
2021-08-06,expansion,expansion,0.7655374340642485,0.59698652637166,0,1,0.3337323353752504,0.0,0.0,0
2021-08-13,expansion,expansion,0.7874133782619367,0.5492757300252078,0,1,0.33841544083496616,0.0,0.0,0
2021-08-20,expansion,expansion,0.7916120828811414,0.5512692103978326,0,1,0.3415036009284907,0.0,0.0,0
2021-08-27,expansion,expansion,0.823934434031133,0.5301586973143415,0,1,0.3379490964264194,0.0,0.0,0
2021-09-03,expansion,expansion,0.7848638489098889,0.3378261188545061,0,2,0.36832885468458804,0.0,0.0,0
2021-09-10,expansion,slowdown,0.8016234140163607,0.023365805547703223,0,2,0.3678732861031007,0.0,0.0,0
2021-09-17,slowdown,slowdown,0.6615466086725644,-0.35401430753640195,0,3,0.40501449033295084,0.0,0.0,0
2021-09-24,slowdown,slowdown,0.6577562320817524,-0.36200761176161855,0,3,0.4009916846110689,0.0,0.0,0
2021-10-01,slowdown,slowdown,0.634294821580165,-0.48996708726986393,0,3,0.3953218336018045,0.0,0.0,0
2021-10-08,slowdown,slowdown,0.6653743845496095,-0.3497967550391235,0,3,0.3911213266937569,0.0,0.0,0
2021-10-15,slowdown,slowdown,0.684315760105233,-0.34933717157069805,0,3,0.40128967441022956,0.0,0.0,0
2021-10-22,slowdown,expansion,0.8309762803701444,0.30446314235870353,0,2,0.42838773898984933,0.0,0.0,0
2021-10-29,expansion,expansion,0.9152678293494372,0.622262938097754,0,1,0.46633736258715985,0.0,0.0,0
2021-11-05,expansion,expansion,0.965485010678297,0.710103876908413,0,1,0.4895718233135172,0.0,0.0,0
2021-11-12,expansion,expansion,1.0177154667182702,0.8447492844714886,0,1,0.49881672109775066,0.0,0.0,0
2021-11-19,expansion,expansion,1.1141161904617025,1.9103586552480294,0,0,0.49146878166168895,0.0,0.0,0
2021-11-26,expansion,expansion,1.151281118849763,2.0067378076063087,0,0,0.5036028709994724,0.0,0.0,0
2021-12-03,expansion,expansion,1.131163237722674,1.8952831006957027,0,1,0.5434124372873996,0.0,0.0,0
2021-12-10,expansion,expansion,1.1811068044959665,1.7361574077114497,0,1,0.5511678452034733,0.0,0.0,0
2021-12-17,expansion,expansion,1.1028404365328888,0.808937111675179,0,2,0.6091934535582982,0.0,0.0,0
2021-12-24,expansion,expansion,1.1121161230070722,0.6860815174017226,0,2,0.611566466907622,0.0,0.0,0
2021-12-31,expansion,expansion,1.0223878437143619,0.266859328742952,0,2,0.6688567641742554,0.0,0.0,0
2022-01-07,expansion,expansion,1.0119544422326368,0.17155131015362954,0,2,0.6638112896158493,0.0,0.0,0
2022-01-14,expansion,slowdown,0.9922084987961668,-0.2834939093570922,0,2,0.6586146436851292,0.0,0.0,0
2022-01-21,slowdown,slowdown,0.9449419986433014,-0.7216011304062884,0,3,0.665993517055612,0.0,0.0,0
2022-01-28,slowdown,slowdown,0.917277732841929,-0.8472201924502445,0,3,0.655806939448891,0.020656700220913794,0.0,0
2022-02-04,slowdown,slowdown,0.745043293728506,-1.1983673556144931,0,3,0.6531558073712066,0.09530415998967469,0.0,0
2022-02-11,slowdown,slowdown,0.7768624914296988,-1.0852964949175266,0,3,0.6431870785468656,0.10931566260350029,0.0,0
2022-02-18,slowdown,slowdown,0.8744393927646735,-0.2957415308090603,0,1,0.5830350267650448,0.12097278003762842,0.0,0
2022-02-25,slowdown,slowdown,0.8804179730029287,-0.29489315356292367,0,1,0.5834202676954747,0.12031786476347635,0.0,0
2022-03-04,slowdown,slowdown,0.8492372478569342,-0.15601375595211248,1,1,0.5626170473923632,0.0851457344269586,0.0,0
2022-03-11,slowdown,expansion,0.84657980621557,0.02408527972848825,1,1,0.5543278535411906,0.0732352854886213,0.0,0
2022-03-18,slowdown,expansion,0.8534447786458024,0.1805740970347477,1,1,0.556901089392907,0.025633896548931813,0.0,0
2022-03-25,expansion,expansion,0.8634965646349648,0.25098636777848177,1,1,0.5585085311231989,0.0,0.0,0
2022-04-01,expansion,expansion,0.7667978102766766,0.47854132853009823,1,1,0.5115577368867417,0.0,0.0,0
2022-04-08,expansion,expansion,0.76923617468089,0.10660110501572759,1,1,0.5114611997305911,0.0,0.0,0
2022-04-15,expansion,slowdown,0.750240689202598,-0.17635137942664614,1,2,0.5188824343506901,0.0,0.0,0
2022-04-22,slowdown,slowdown,0.7697486970280301,-0.29204468518054705,1,2,0.5080912587580233,0.0,0.0,0
2022-04-29,slowdown,slowdown,0.7487820847620197,-0.24726490052661418,1,2,0.49761116037453246,0.007495028065792194,0.0,0
2022-05-06,slowdown,slowdown,0.7468563268239421,-0.2343483453798576,1,2,0.49574037233944135,0.0,0.0,0
2022-05-13,slowdown,slowdown,0.7526993370778812,-0.368027188771589,1,2,0.4974773709489162,0.0,0.0,0
2022-05-20,slowdown,slowdown,0.646487489197457,-0.7560329110048335,1,3,0.5328066083604831,0.030701031681708027,0.0,0
2022-05-27,slowdown,slowdown,0.6409056115084073,-0.7563678854480514,1,3,0.529594556971529,0.03189411311839816,0.0,0
2022-06-03,slowdown,slowdown,0.6139544603154505,-0.55929533586686,1,3,0.5158284922642244,0.023082013029227022,0.0,0
2022-06-10,slowdown,slowdown,0.6055610806362417,-0.506777089573095,1,3,0.5081041177937433,0.042646517226900126,0.0,0
2022-06-17,slowdown,slowdown,0.4543147971935323,-1.0620986522357951,1,3,0.5632931141339592,0.07286807421199686,0.0,0
2022-06-24,slowdown,slowdown,0.4447535277012781,-1.0811246421282321,1,3,0.5592547265959067,0.0958261729088368,0.0,0
2022-07-01,slowdown,slowdown,0.3505394697644395,-1.2732227332618617,1,3,0.5126579470882695,0.1951555102299507,0.0,0
2022-07-08,slowdown,slowdown,0.3520594723416589,-1.0618511240314497,1,3,0.4996863154414228,0.21423026069039716,0.0,0
2022-07-15,slowdown,slowdown,0.3416156423276321,-1.05656802622102,1,3,0.49431375878284595,0.21839135783394797,0.0,0
2022-07-22,slowdown,slowdown,0.26989980470520347,-0.9380017419567359,1,3,0.45361758755963155,0.2680193557871046,0.0,0
2022-07-29,slowdown,slowdown,0.42515062748942006,-0.35880267320568465,1,2,0.5240988521517257,0.15402056332590663,0.0,0
2022-08-05,slowdown,slowdown,0.4081061725654219,-0.36739194391107255,1,2,0.5150591317722173,0.16277847765442396,0.0,0
2022-08-12,slowdown,slowdown,0.387166441185052,-0.5237379749477308,1,2,0.5063963899142829,0.20086456018765975,0.0,0
2022-08-19,slowdown,expansion,0.38902228509568293,0.08686384781197307,1,1,0.5277699359585007,0.19023823075332447,0.0,0
2022-08-26,slowdown,expansion,0.38359478961494525,0.10937949686176567,1,1,0.5243111268630454,0.17266946601196248,0.0,0
2022-09-02,expansion,expansion,0.43466218746788965,0.5239367070927542,1,1,0.5563708214510172,0.14731128575117794,0.006361971946862178,0
2022-09-09,expansion,expansion,0.43495125364653253,0.2294210293609959,1,2,0.560424124444144,0.12375163315592899,0.0,0
2022-09-16,expansion,expansion,0.5063250783933005,0.7637068766121183,1,1,0.6045223758101151,0.09154150602853729,0.0,0
2022-09-23,expansion,expansion,0.47875389437327237,0.6441410581540713,1,1,0.5696638675083294,0.06488975850997888,0.004935763087752662,0
2022-09-30,expansion,expansion,0.5145068422084675,0.25534127302525084,1,1,0.5916682665693693,0.025571904216522758,0.0,0
2022-10-07,expansion,expansion,0.5082024824776052,0.281043954661578,1,1,0.5883667739848839,0.005381111851401533,0.0,0
2022-10-14,expansion,expansion,0.49001800260880535,0.3222651216051855,1,0,0.5759788453891177,0.005382232766629064,0.0,0
2022-10-21,expansion,expansion,0.46561447867535827,0.19187728762744818,1,0,0.5722888484267935,0.005487361869247079,0.0,0
2022-10-28,expansion,expansion,0.4495362951633304,0.1533173051436077,1,0,0.5631060222998433,0.03539498071612186,0.0,0
2022-11-04,expansion,slowdown,0.39343439154315546,-0.17482860265150327,1,0,0.5245337406854067,0.06155231422098892,0.0,0
2022-11-11,expansion,slowdown,0.3843468916086338,-0.15808732419179777,1,0,0.5201405477820292,0.08931292519840672,0.0,0
2022-11-18,slowdown,slowdown,0.26124213566106724,-0.707838352840807,2,2,0.48477062037588214,0.1588194686585161,0.0,0
2022-11-25,slowdown,slowdown,0.2401042292894386,-0.7669772014786522,2,2,0.47101430128561517,0.21375121715025797,0.0,0
2022-12-02,slowdown,slowdown,0.208028785245983,-0.9191251324676649,2,3,0.45107005967524366,0.3638916584749107,0.0,0
2022-12-09,slowdown,slowdown,0.18346204863261656,-1.0777661603286264,2,4,0.4450921806368889,0.3978531538988951,0.0,0
2022-12-16,slowdown,slowdown,0.09943074468136381,-1.3007502647803235,2,4,0.3985963432756643,0.5020360680170748,0.0,0
2022-12-23,slowdown,slowdown,-0.08330184845340849,-1.8217041240565048,2,4,0.34509966700091166,0.636374185609971,0.0,0
2022-12-30,slowdown,slowdown,-0.06630780905785846,-1.5907264193006754,2,3,0.34882064333750323,0.6244848043176168,0.0,0
2023-01-06,slowdown,slowdown,-0.0743925486460888,-1.5911237427930658,2,3,0.3432608383898915,0.6316503630855872,0.0,0
2023-01-13,slowdown,slowdown,-0.07998287967331637,-1.4879904568858104,2,3,0.3349724183850574,0.6278814120700458,0.0,0
2023-01-20,slowdown,slowdown,0.20532357581750108,-0.07213097084830282,1,2,0.4896567401610906,0.14112038419784814,0.0,0
2023-01-27,slowdown,slowdown,0.19910421188855376,-0.060640276611794254,1,2,0.48423810720216937,0.1315030226389036,0.0,0
2023-02-03,slowdown,expansion,0.2797410507718477,0.2819179322784712,0,2,0.5562390489486129,0.1044890348803888,0.0,0
2023-02-10,expansion,expansion,0.2686566535458967,0.4087667634733436,0,1,0.5472525108116663,0.09666021478283082,0.019865542634426945,0
2023-02-17,expansion,expansion,0.25730142776005704,1.2175965652507275,0,0,0.5363873577795554,0.11075516516049332,0.054274038489053,0
2023-02-24,expansion,expansion,0.24310827175576438,1.2030526662787706,0,0,0.5227377098595275,0.11679264380203701,0.0861138927250615,0
2023-03-03,expansion,expansion,0.24904967879906764,1.1543351531597272,0,0,0.5301600278194121,0.11850083117605346,0.11219364753741212,0
2023-03-10,expansion,expansion,0.22733106379789453,0.9191218409015768,0,1,0.5303673094989383,0.1265857363103692,0.15223599304291224,0
2023-03-17,expansion,slowdown,0.20760350197792737,-0.1317096839382203,1,2,0.4279505464339338,0.14426028794214882,0.0,0
2023-03-24,slowdown,slowdown,0.1425489166625625,-0.32848400849677895,1,2,0.36944685888845213,0.17598691924893511,0.0,0
2023-03-31,slowdown,slowdown,0.1644178398700858,-0.4801984645251345,1,2,0.3734156400788901,0.21970960544653378,0.0,0
2023-04-07,slowdown,slowdown,0.16704762958927355,-0.4568278681522132,1,2,0.373325886335156,0.19795002432492206,0.0,0
2023-04-14,slowdown,slowdown,0.16246999230122028,-0.43873242375676547,1,2,0.3672169573888857,0.17462069403754027,0.0,0
2023-04-21,slowdown,slowdown,0.14347674622454892,-0.4883390612259423,1,2,0.34721257858896215,0.16531783389548496,0.0,0
2023-04-28,slowdown,slowdown,0.15192063649491275,-0.45220385328725976,1,2,0.3421294275839027,0.1312428234788486,0.0,0
2023-05-05,slowdown,slowdown,0.1579152470947844,-0.4439255287138536,1,2,0.3477663845935232,0.10968039163729792,0.0,0
2023-05-12,slowdown,slowdown,0.15238010758134496,-0.3128811429691848,1,1,0.3513561172739449,0.09601848945472166,0.0,0
2023-05-19,slowdown,slowdown,0.11188585851072878,-0.14158659871737506,1,1,0.37985183034733,0.06353337398219254,0.0,0
2023-05-26,slowdown,slowdown,0.09886591650331174,-0.12575288809286872,1,1,0.3897337796470408,0.04758886376775447,0.0,0
2023-06-02,slowdown,slowdown,0.10091641563952111,-0.2495445210669982,1,1,0.3979950794910409,0.0850540636450491,0.0,0
2023-06-09,slowdown,slowdown,0.07845260240848906,-0.28342966225800836,1,1,0.416928741268341,0.11261487483016278,0.0,0
2023-06-16,slowdown,expansion,0.11634717964768493,0.02071863552248787,1,0,0.3504242614997969,0.10109444152608037,0.0,0
2023-06-23,slowdown,slowdown,0.008600205100637914,-0.31951624810519885,1,1,0.3158246254603515,0.19347054879641623,0.0,0
2023-06-30,slowdown,slowdown,-0.0032708467566962772,-0.3669346280940943,1,1,0.325165490033862,0.20827906680771982,0.0,0
2023-07-07,slowdown,slowdown,-0.005401848635531692,-0.3576418579842898,1,1,0.326653513880172,0.20224564113617502,0.0,0
2023-07-14,slowdown,slowdown,-0.0018725387234818647,-0.3985546996128785,1,2,0.32354941211649446,0.19018328171865634,0.0,0
2023-07-21,slowdown,slowdown,0.09265094274536023,-0.0338586233489784,1,1,0.3740675406268378,0.09699018200793319,0.0,0
2023-07-28,slowdown,slowdown,0.09187639649978761,-0.008662350435820355,1,1,0.3748568197348787,0.07436037125013735,0.0,0
2023-08-04,slowdown,expansion,0.13013926675558804,0.0834824485902265,1,1,0.33947216627068943,0.040966131469969636,0.0,0
2023-08-11,slowdown,expansion,0.12289416439725845,0.09372742726608758,1,1,0.34565024415271184,0.034334915513147685,0.0,0
2023-08-18,expansion,expansion,0.15712490965342907,0.2626952315901331,0,1,0.421220290469284,0.021313216850964548,0.0,0
2023-08-25,expansion,expansion,0.14912695174803675,0.2530200210751042,0,1,0.4315111350837384,0.02433413138253429,0.0,0
2023-09-01,expansion,expansion,0.14657061220981973,0.2612655079322237,0,1,0.44445379163142823,0.023078583840204978,0.0,0
2023-09-08,expansion,expansion,0.15325612642969655,0.2703734502011429,0,1,0.4168701029722832,0.017642526215390714,0.0,0
2023-09-15,expansion,expansion,0.1554469559071382,0.26516195181069435,0,1,0.39728052400323133,0.019958326065103775,0.0,0
2023-09-22,expansion,expansion,0.1943215519125791,0.1244645873801516,0,1,0.36919985509864933,0.0,0.0,0
2023-09-29,expansion,slowdown,0.1833495357839078,-0.03052000722791015,0,2,0.38034918407623913,0.0029944570582618145,0.0,0
2023-10-06,expansion,slowdown,0.1899211928879369,0.0077620522668174876,0,2,0.38102060199954396,0.0,0.0,0
2023-10-13,expansion,slowdown,0.19753099859020415,0.017934450685406323,0,2,0.37369806969436986,0.0,0.0,0
2023-10-20,slowdown,slowdown,0.14018240427129433,-0.24523689142581154,0,3,0.37107338280313185,0.17157213361426618,0.0,0
2023-10-27,slowdown,slowdown,0.13837855788310202,-0.24252687221429814,0,3,0.3722175243189637,0.17212185095912333,0.0,0
2023-11-03,slowdown,slowdown,0.16285039076216604,-0.18445608173133246,0,2,0.362373070645881,0.019258438598747086,0.0,0
2023-11-10,slowdown,slowdown,0.1502211863882986,-0.22371707125960927,0,2,0.3613560644282925,0.02422477424587857,0.0,0
2023-11-17,slowdown,slowdown,0.1558557923028022,-0.2880312520224225,1,1,0.3868258133631042,0.043281903222906794,0.0,0
2023-11-24,slowdown,slowdown,0.1551269722431376,-0.30470585532562244,1,1,0.3875532160747878,0.05970231831675278,0.0,0
2023-12-01,slowdown,slowdown,0.21312765275540815,-0.047785045807036124,1,1,0.3371058466543654,0.03552136268613967,0.0,0
2023-12-08,slowdown,slowdown,0.2045128883955778,-0.056532983690073604,1,1,0.32609651601636624,0.048906436018847296,0.0,0
2023-12-15,slowdown,slowdown,0.21854998604721923,-0.0381243807636895,1,1,0.3206684419273064,0.03284485499343166,0.0,0
2023-12-22,slowdown,expansion,0.20061167473533556,0.09863298235379506,0,1,0.3231020758709563,0.028369422381253753,0.0,0
2023-12-29,slowdown,expansion,0.20343471310845745,0.04063707266221493,0,1,0.32090199162723076,0.02400743972378,0.0,0
2024-01-05,slowdown,expansion,0.2091395391780299,0.06779778915825017,0,1,0.316822596743232,0.003040389780878002,0.0,0
2024-01-12,expansion,expansion,0.2058933439529936,0.14299927707775978,0,1,0.3057916758766972,0.0,0.0,0
2024-01-19,slowdown,slowdown,0.033700247740018986,-0.3331257493019126,2,2,0.29524278876187576,0.04798623163560189,0.0,0
2024-01-26,slowdown,slowdown,0.027840612099756634,-0.3474975082321484,2,2,0.2979293443115714,0.05068146112009352,0.0,0
2024-02-02,slowdown,slowdown,-0.03733853884672088,-0.7255214516301962,2,3,0.3314809395700179,0.3351764491936307,0.0,0
2024-02-09,slowdown,slowdown,-0.05200233154781386,-0.7414840142367648,2,3,0.3400976426630278,0.3747964504249509,0.0,0
2024-02-16,slowdown,slowdown,-0.1383413809572865,-1.0433437709491629,2,4,0.308011981449045,0.5133553531272679,0.0,0
2024-02-23,slowdown,slowdown,0.02408284030756249,-0.5641100632417422,1,3,0.36999256828241234,0.3108421097190062,0.0,0
2024-03-01,slowdown,slowdown,-0.0031039039826216475,-0.6865890753280779,1,3,0.3923553432329125,0.3429055284152077,0.0,0
2024-03-08,slowdown,slowdown,-0.007819208126323729,-0.6597772237731828,1,2,0.3947914762375764,0.14461406270834765,0.0,0
2024-03-15,slowdown,slowdown,-0.010427982106062762,-0.6863003571770744,1,2,0.3953793419407763,0.169635662120735,0.0,0
2024-03-22,slowdown,slowdown,0.0032485606485734174,-0.1902998715816687,1,2,0.4325335186262698,0.09407146984962819,0.0,0
2024-03-29,slowdown,slowdown,-0.025548300376102517,-0.08855816787026595,1,2,0.4344189649402287,0.055779482802604016,0.0,0
2024-04-05,slowdown,slowdown,-0.03224991087524618,-0.07757570996686583,1,2,0.44119209708336493,0.04613140242718902,0.0,0
2024-04-12,slowdown,slowdown,-0.051692075736288354,-0.124399954175653,1,3,0.46278185394401006,0.25212286072761436,0.0,0
2024-04-19,slowdown,slowdown,-0.1053243171923933,-0.4454451842803785,1,3,0.47081085546691603,0.35100756401591177,0.0,0
2024-04-26,slowdown,slowdown,-0.10264116811369246,-0.4563406724664927,1,3,0.4679558847427237,0.3594495606592409,0.0,0
2024-05-03,slowdown,slowdown,-0.11623924981082272,-0.3969731811983513,1,3,0.4391392157589302,0.3404456659308905,0.0,0
2024-05-10,slowdown,slowdown,-0.1401345919158473,-0.49064269415201656,1,3,0.462429490148995,0.383849182237622,0.0,0
2024-05-17,slowdown,slowdown,-0.037621704342889487,-0.26906413055351713,1,2,0.46027442219886794,0.07325353893149375,0.0,0
2024-05-24,slowdown,slowdown,-0.04306529194064575,-0.27467759229503835,1,2,0.46660959713486433,0.07898923299296554,0.0,0
2024-05-31,slowdown,slowdown,-0.001140134524260089,-0.03204661969425347,1,1,0.5015493253930403,0.04378152849170093,0.0,0
2024-06-07,slowdown,slowdown,-0.0017088886619648358,-0.027380894249176568,1,1,0.5023257988075455,0.040543908986680775,0.0,0
2024-06-14,slowdown,slowdown,-0.02561794133633193,-0.02031586558199851,1,1,0.5372930904068391,0.0573704115579895,0.0,0
2024-06-21,expansion,expansion,0.01296997456778345,0.23537174734524963,1,1,0.47763518980936415,0.08088568991669043,0.0,0
2024-06-28,expansion,expansion,0.00511972597579929,0.1925560890563822,1,1,0.4747094498330339,0.10956680440239414,0.0,0
2024-07-05,expansion,expansion,-0.037602497834064164,0.14651146700553208,1,1,0.4616945091693502,0.11242412939167262,0.0,0
2024-07-12,expansion,expansion,-0.04743885296596142,0.16849789994171654,1,1,0.4955764517468931,0.09243462303001117,0.0,0
2024-07-19,slowdown,slowdown,-0.14019686760654684,-0.23562736437919202,1,2,0.3429927037306753,0.13504170269187804,0.0,0
2024-07-26,slowdown,slowdown,-0.14264484378218703,-0.22023149056808783,1,2,0.34016520735797745,0.12028568861810694,0.0,0
2024-08-02,slowdown,slowdown,-0.16894716436247836,-0.46203030053254873,1,3,0.3124871141194194,0.4479544402815532,0.0,0
2024-08-09,slowdown,slowdown,-0.19287039016771718,-0.4753631797782781,1,3,0.3253571284387706,0.4545841400937018,0.0,0
2024-08-16,slowdown,slowdown,-0.14500142389208254,-0.44351457921344917,0,3,0.33129215007047674,0.3901033610942898,0.0,0
2024-08-23,slowdown,slowdown,-0.09193867046334002,-0.3435382788406868,0,3,0.37184722239656,0.325443201169073,0.0,0
2024-08-30,slowdown,slowdown,-0.1006404095819972,-0.2520971340730426,0,3,0.35702080230716965,0.29283435061553753,0.0,0
2024-09-06,slowdown,slowdown,-0.09664914344450433,-0.2552746923062471,0,3,0.3636717877852842,0.2892954890132846,0.0,0
2024-09-13,slowdown,slowdown,-0.0997484456418435,-0.17372583326752414,0,3,0.37213124613040843,0.2750909689887761,0.0,0
2024-09-20,slowdown,slowdown,-0.16744907315856628,-0.13692907853479694,1,2,0.3686618118777023,0.028613915755439364,0.0,0
2024-09-27,slowdown,slowdown,-0.16144720301593835,-0.10906942633217012,1,2,0.3628446245860458,0.023060414365414762,0.0,0
2024-10-04,slowdown,slowdown,-0.19154960957717945,-0.12065078151205569,1,2,0.3264142992092196,0.027994645398410473,0.0,0
2024-10-11,slowdown,slowdown,-0.220553340602407,-0.14804659158875957,1,2,0.3395560120475446,0.038676528208153975,0.0,0
2024-10-18,slowdown,slowdown,-0.21638314316654692,-0.31291538204662595,1,3,0.481840076553971,0.3654177192892078,0.0,0
2024-10-25,slowdown,slowdown,-0.22364985992728176,-0.3415533077832122,1,3,0.4768970137416837,0.39076252015256463,0.0,0
2024-11-01,slowdown,slowdown,-0.2248241049198274,-0.3015354101737088,1,3,0.4802804753236364,0.3865955673415263,0.0,0
2024-11-08,slowdown,slowdown,-0.2149386926884309,-0.27052055620017923,1,3,0.5122464150556414,0.3491977565243157,0.0,0
2024-11-15,slowdown,slowdown,-0.23341061536952395,-0.3698268373417248,1,3,0.47427181970009397,0.37640168561478615,0.0,0
2024-11-22,slowdown,slowdown,-0.24084992874823136,-0.223089222851152,1,3,0.5033271485366626,0.3467010505203415,0.0,0
2024-11-29,slowdown,slowdown,-0.21280240198927594,-0.05409409171395674,1,2,0.5593736148375262,0.03039252378325511,0.0,0
2024-12-06,slowdown,slowdown,-0.21321296798146502,-0.018326002218308674,1,2,0.560160686249308,0.024920356240668844,0.0,0
2024-12-13,slowdown,expansion,-0.21659326865489398,0.10434817073135867,1,1,0.5486051539498844,0.020374244068491983,0.0,0
2024-12-20,expansion,expansion,-0.007852755181653112,0.4653791668903227,0,0,0.47852307989170256,0.003596456849835554,0.04539601646728462,0
2024-12-27,expansion,expansion,-0.007676034088979126,0.45520803820624167,0,0,0.47830262307355714,0.0035622087669940484,0.09000972722139645,0
2025-01-03,expansion,expansion,-0.02002904962408825,0.37865421694111534,0,0,0.5709453404037026,0.0005198652454795335,0.0,0
2025-01-10,expansion,expansion,-0.028075533745314345,0.2904645767555072,0,1,0.6169371402668026,0.0008017284897756066,0.0,0
2025-01-17,expansion,expansion,-0.08334632942603137,0.2554856972587364,0,1,0.4948844985318681,0.0032139349323277826,0.0,0
2025-01-24,expansion,expansion,-0.0864288393009596,0.25379359873546325,0,1,0.5040980132396151,0.0033746312975062383,0.0,0
2025-01-31,expansion,expansion,-0.09070822909545197,0.15409642832509834,0,1,0.5183896799286072,0.006128409547677135,0.0,0
2025-02-07,expansion,expansion,-0.09738085700978162,0.1579366305815888,0,1,0.542863149814888,0.006472259021902218,0.0,0
2025-02-14,expansion,expansion,-0.10746187714625928,0.06660913337875762,0,1,0.5844998976709471,0.009949459758398246,0.0,0
2025-02-21,slowdown,slowdown,-0.025993651166108623,-0.2806470131008659,0,2,0.42095668351416154,0.04556894794551812,0.0,0
2025-02-28,slowdown,slowdown,-0.037796649976277526,-0.3301918070447835,0,2,0.41730932338537136,0.0692863026122076,0.0,0
2025-03-07,slowdown,slowdown,-0.11340897028114454,-0.5446888635312921,1,3,0.36936149630072135,0.39491858676898467,0.0,0
2025-03-14,slowdown,slowdown,-0.1251166775243724,-0.484484671930377,1,3,0.3739618353896342,0.40108334218344394,0.0,0
2025-03-21,slowdown,slowdown,-0.03942406118462315,-0.11602718441611207,1,2,0.5172615723359666,0.07569300815495823,0.0,0
2025-03-28,slowdown,slowdown,-0.03324880057711253,-0.08561054502485443,1,2,0.5293742385275932,0.05264303949934465,0.0,0
2025-04-04,slowdown,expansion,0.04503518514500769,0.17096328860395574,0,1,0.5982577328540453,0.020750687601879855,0.0,0
2025-04-11,expansion,expansion,0.04051393489982981,0.20889367862576008,0,0,0.5856648726612913,0.02466677827786359,0.0,0
2025-04-18,expansion,expansion,0.11081306496121415,0.31219990395431163,0,0,0.47811490041474425,0.020114760076693446,0.0,0
2025-04-25,expansion,expansion,0.11055780051434543,0.34185229921701493,0,0,0.4771283484016047,0.002233026459957487,0.0,0
2025-05-02,expansion,expansion,0.07182424272436976,0.45970161795110254,1,0,0.4171366672432156,0.006955652776380876,0.038138712214748204,0
2025-05-09,expansion,expansion,0.05645601406422378,0.4359006673552515,1,1,0.3970886797588608,0.00870551341242592,0.07745967862513861,0
2025-05-16,expansion,expansion,0.002467923234560776,0.04378436256772735,1,1,0.4628636560822934,0.011432789073333904,0.0,0
2025-05-23,expansion,slowdown,-0.08874213486301384,-0.1519466213488911,1,2,0.36346177327526363,0.05988904569046667,0.0,0
2025-05-30,slowdown,slowdown,-0.19326141465396893,-0.7240303921605296,1,3,0.5371710568850154,0.4655666623672184,0.0,0
2025-06-06,slowdown,slowdown,-0.19994501126854408,-0.7438967785446995,1,3,0.5280581933252916,0.4893320512257569,0.0,0
2025-06-13,slowdown,slowdown,-0.22419925170552787,-0.8334860168428111,1,3,0.4974346297001861,0.555067600049885,0.0,0
2025-06-20,slowdown,slowdown,-0.17484602342629876,-0.90972963289719,1,3,0.4035717231087872,0.5588666318955448,0.0,0
2025-06-27,slowdown,slowdown,-0.17823823023903493,-0.8849297815157561,1,3,0.4039020986001189,0.5398071276916702,0.0,0
2025-07-04,slowdown,slowdown,-0.2620865109842135,-1.0316807802977142,1,3,0.49167484824918384,0.617109813964976,0.0,0
2025-07-11,slowdown,slowdown,-0.2612689718537392,-0.9601968354498676,1,3,0.49234850929480944,0.5749134634193713,0.0,0
2025-07-18,slowdown,slowdown,-0.15115633668039172,-0.38153686675284815,1,2,0.4972837418438531,0.09773717172069289,0.0,0
2025-07-25,slowdown,slowdown,-0.14362604404347162,-0.362849883959455,1,2,0.5038355159364353,0.0845708112372964,0.0,0
2025-08-01,slowdown,expansion,-0.05148490121352256,0.23772089797406742,1,1,0.44754875572176006,0.011754606967386708,0.0,0
2025-08-08,expansion,expansion,-0.06874266790439544,0.25105502544706976,1,1,0.43234601256122174,0.012087580981520362,0.0,0
2025-08-15,expansion,expansion,-0.045095172841892385,0.3724951667062583,1,1,0.42400468914745204,0.01006011210957108,0.0,0
2025-08-22,expansion,expansion,-0.097526955075949,0.13885298494726994,1,1,0.4374097629796427,0.020394623507107197,0.0,0
2025-08-29,expansion,expansion,-0.10300750015468504,0.3827101722983254,1,1,0.43561068743762343,0.01578176195479402,0.0,0
2025-09-05,expansion,expansion,-0.10521759681827506,0.35421129991276634,1,1,0.4332166330599201,0.0179978601096887,0.0,0
2025-09-12,expansion,expansion,-0.12014406832430627,0.3016849454963014,1,1,0.4200871523706933,0.03212809818326093,0.0,0
2025-09-19,expansion,slowdown,-0.16558165263361943,-0.053660955220240544,1,2,0.43079593181025816,0.06455231803650084,0.0,0
2025-09-26,expansion,slowdown,-0.16221518774146823,-0.0560128790664264,1,2,0.43694030215257557,0.0651342843700351,0.0,0
2025-10-03,slowdown,slowdown,-0.1609414170127786,-0.3019328793709538,1,2,0.44532128119540937,0.09469286835226914,0.0,0
2025-10-10,slowdown,slowdown,-0.17391604434143162,-0.301198316366257,1,2,0.43339818437080274,0.07409233150411297,0.0,0
2025-10-17,slowdown,slowdown,-0.3063104663381414,-0.5426613434886032,1,3,0.4472832714157594,0.46586644476179073,0.0,0
2025-10-24,slowdown,slowdown,-0.31208780728358637,-0.5477772402369588,1,3,0.4418468136080308,0.47363069490284004,0.0,0
2025-10-31,slowdown,slowdown,-0.38572252619893554,-0.7513752647403005,1,4,0.5170653412191684,0.5707209473496531,0.0,0
2025-11-07,slowdown,slowdown,-0.38519750151280563,-0.7126708573539429,1,4,0.5175603316308582,0.5595462021712878,0.0,0
2025-11-14,slowdown,slowdown,-0.39269546669121386,-0.7348096253330174,1,4,0.510579955660358,0.5718846616414935,0.0,0
2025-11-21,slowdown,slowdown,-0.41619435618482886,-0.6824754488191742,1,4,0.5509509675606701,0.5698771536386341,0.0,0
2025-11-28,slowdown,slowdown,-0.4145655079410959,-0.6912915602520775,1,4,0.5526983678690314,0.5704620524731787,0.0,0
2025-12-05,slowdown,slowdown,-0.4184622984415444,-0.7246800460596723,1,4,0.5673940113377341,0.5790099737484583,0.0,0
2025-12-12,slowdown,slowdown,-0.42780303610627285,-0.65873245376031,1,4,0.5562055251700939,0.5662072760369299,0.0,0
2025-12-19,slowdown,slowdown,-0.38877355816559644,-0.28404581615225644,2,2,0.4770607292762309,0.08458838221962516,0.0,0
2025-12-26,slowdown,slowdown,-0.38626585370804534,-0.27670243446666964,2,2,0.4790124969680704,0.08096555975051109,0.0,0
2026-01-02,slowdown,slowdown,-0.4336593142755675,-0.19847308942816871,2,2,0.5285420732312556,0.07399629680063763,0.0,0
2026-01-09,slowdown,slowdown,-0.4158964033365292,-0.07516747273820852,2,1,0.5288598610035449,0.055371862783285895,0.0,0
2026-01-16,slowdown,expansion,-0.34990314899992614,0.06602625996801471,1,1,0.5690133995655617,0.03245445073314653,0.0,0
2026-01-23,slowdown,slowdown,-0.4332750705446152,-0.03942585428718648,1,1,0.6314439553672903,0.05325615612917629,0.0,0
2026-01-30,slowdown,slowdown,-0.4314632366184509,-0.029221007530211264,1,1,0.6310798358738273,0.05177405037221515,0.0,0
2026-02-06,slowdown,slowdown,-0.4385863871942073,-0.05029079885362756,1,1,0.6394008879717878,0.055272002979944994,0.0,0
2026-02-13,slowdown,slowdown,-0.471216521379027,-0.165575004612928,2,2,0.6268871879152462,0.07492250456067434,0.0,0
2026-02-20,slowdown,expansion,-0.2724390795918061,0.17136591215720898,2,2,0.5436008127874387,0.017060722630734073,0.0,0
2026-02-27,expansion,expansion,-0.2728824660289781,0.1403465072863858,2,2,0.5439803849191215,0.01950964975001796,0.0,0
2026-03-06,expansion,expansion,-0.3524893016717542,0.04375396449259894,2,2,0.5935733706849102,0.04182287458929422,0.0,0
2026-03-13,expansion,expansion,-0.3322787577514025,0.07311954199500639,1,1,0.5988698895771863,0.04327699702661822,0.0,0
2026-03-20,expansion,expansion,-0.3215007251435956,0.15476885341848126,1,1,0.5900060609961048,0.04011814918988448,0.0,0
2026-03-27,expansion,expansion,-0.321432200561204,0.15981787329356506,1,1,0.5899505458633924,0.033974869986962766,0.0,0
2026-04-03,expansion,expansion,-0.3239060408369763,0.170614583018275,1,1,0.5899264208479741,0.020353303485656324,0.0,0
2026-04-10,expansion,expansion,-0.3166083493941086,0.3855590476812889,1,1,0.5947011842038546,0.0004293412169999079,0.0,0
2026-04-17,expansion,expansion,-0.2341488950367113,0.12494060299554652,1,1,0.5348042715668894,0.017772200991601678,0.0,0
2026-04-24,expansion,expansion,-0.23589060041009943,0.12196580266661723,1,1,0.5359444153380682,0.018105115166005832,0.0,0
2026-05-01,expansion,expansion,-0.3079656267986474,0.14290962823719103,1,1,0.5723741155981179,0.021792129501529554,0.0,0
2026-05-08,expansion,expansion,-0.2929272809502246,0.05578126332250376,1,1,0.5623784392536187,0.02802818014834711,0.0,0
2026-05-15,expansion,expansion,-0.28889766846233866,0.048147804151667625,1,1,0.5605388902406075,0.02827339758323054,0.0,0
2026-05-22,expansion,slowdown,-0.3194739067315298,-0.05733422064573305,1,2,0.5806289479523387,0.04090470872507482,0.0,0
2026-05-29,expansion,expansion,-0.28279220250585285,0.037168593415250875,1,2,0.563631591342165,0.02856395936431705,0.0,0
2026-06-05,expansion,slowdown,-0.2943561640280604,-0.003278065383040221,1,2,0.5718135661158752,0.04700429355086207,0.0,0
2026-06-12,slowdown,slowdown,-0.30691771019708936,-0.10579046704608248,1,2,0.5734510678938303,0.07902963211416814,0.0,0
2026-06-19,slowdown,slowdown,-0.28334531444262584,-0.2028799377399381,1,1,0.5555626155905881,0.10138592539691721,0.0,0
2026-06-26,slowdown,slowdown,-0.2863232810234239,-0.23907419841168104,1,1,0.5535472854362101,0.13756997008642452,0.0,0
2026-07-03,slowdown,expansion,-0.24550529924515377,0.06233389352262915,1,0,0.5317359404413122,0.12196766741227094,0.0,0
2026-07-10,slowdown,expansion,-0.2509993105513634,0.03007853258505768,2,1,0.5275621199571835,0.11417470592678143,0.0,0
2026-07-17,expansion,expansion,-0.28161729973145855,0.046610531903953145,2,1,0.5489582643981584,0.10595977122162914,0.0,0
2026-07-24,expansion,expansion,-0.2699856042489586,0.11839878016330811,2,1,0.5406497535223311,0.04224087125142545,0.0,0
2026-07-31,expansion,expansion,-0.2613715334935026,0.18921255747171822,2,1,0.5346426479065778,0.015033422688274265,0.0,0
2026-08-07,expansion,expansion,-0.2520440517323899,0.2447047902483706,2,1,0.5284195357582708,0.010496346785955697,0.0,0
2026-08-14,expansion,expansion,-0.24782057928767984,0.27432325090265297,2,1,0.5258394427264671,0.008220967489017676,0.0,0
