as_of,future_observations,last_modelled_week,raw_phase,official_phase,phase_status,activity_level,activity_momentum,negative_level_domains,negative_momentum_domains,positive_momentum_domains,confirming_domains,concentration,dominant_domain,labor_stress_level,labor_stress_momentum,recession_alert,recession_alert_character,evidence_quality_high,phase_separation,confirmation_pending,filtered_winner,contraction_evidence,alert_evidence,slowdown_evidence,information_lag_weeks,weeks_since_any_new_observation,fresh_coincident_domains,stale_domains,carried_forward_domains,withheld,raw_recovery,filtered_recovery,raw_expansion,filtered_expansion,raw_slowdown,filtered_slowdown,raw_contraction,filtered_contraction,age_production,arrived_production,age_employment,arrived_employment,age_real_income,arrived_real_income,age_consumption,arrived_consumption,age_labor_stress,arrived_labor_stress,latest_observation_PAYEMS,latest_observation_W875RX1,latest_observation_INDPRO,latest_observation_CMRMTSPL,latest_observation_RRSFS,latest_observation_ICSA,latest_observation_CCSA,gate
2013-06-14,0,2013-06-14,expansion,expansion,official,0.4794870609339569,0.05604758395821273,0,1,1,1,0.4297468575430143,labor_stress,1.0302902883445189,0.5893129476524519,none,absent,False,0.7336231512457707,0,expansion,0.0,0.0,0.0,0,0,4,,4,0,0.17119555909168974,0.05775501954342367,0.5788037432345406,0.8379340209036775,0.24999976744207678,0.1043108696579068,9.302316928077275e-07,8.98949920225356e-08,4.0,0,5.0,0,6.0,0,8.0,0,0.0,1,2013-05-01,2013-04-01,2013-05-01,2013-02-01,2013-04-01,2013-06-08,2013-06-01,persist17w
2013-06-21,0,2013-06-21,expansion,expansion,official,0.47063991382074616,0.026282732038699946,0,1,1,1,0.41287609891134397,labor_stress,0.971579858051404,0.2453543496273584,none,absent,False,0.7308630035542311,0,expansion,0.0,0.0,0.0,0,0,4,,4,0,0.16858192325622565,0.058823834407692545,0.5814173790700047,0.8360195383331935,0.24999976744207678,0.10515653477896247,9.302316928077275e-07,9.248015139621031e-08,5.0,0,6.0,0,7.0,0,5.0,0,0.0,1,2013-05-01,2013-04-01,2013-05-01,2013-02-01,2013-05-01,2013-06-15,2013-06-08,persist17w
2013-06-28,0,2013-06-28,expansion,expansion,official,0.4909981912511392,-0.047772391602932854,0,1,1,1,0.4052048942031344,labor_stress,0.994774350699241,-0.25838206817560744,none,absent,False,0.7431393909616215,0,expansion,0.0,0.05605965056669857,0.0,0,0,4,,4,0,0.15028609585417385,0.05092341993128094,0.5997132064720565,0.8461079404924613,0.2499997674420768,0.10296854953083974,9.302316928077276e-07,9.004541805375801e-08,6.0,0,7.0,0,4.0,0,6.0,0,0.0,1,2013-05-01,2013-05-01,2013-05-01,2013-04-01,2013-05-01,2013-06-22,2013-06-15,persist17w
2013-07-05,0,2013-07-05,expansion,expansion,official,0.4948738779197873,-0.06763880782022957,0,1,1,1,0.39931829639412586,labor_stress,0.9880609693044204,-0.4945382138015844,none,absent,False,0.7486980416826989,0,expansion,0.0,0.10663591521004008,0.0,0,0,4,,4,0,0.1458669433211129,0.04775566614003969,0.6041323590051174,0.8504711440083866,0.2499997674420768,0.10177310232568769,9.302316928077276e-07,8.752588594341528e-08,7.0,0,3.0,0,5.0,0,7.0,0,0.0,1,2013-06-01,2013-05-01,2013-05-01,2013-04-01,2013-05-01,2013-06-29,2013-06-22,persist17w
2013-07-12,0,2013-07-12,expansion,expansion,official,0.4788826027765921,-0.10873138390970531,0,1,1,1,0.37790910664193805,labor_stress,0.90487048300834,-0.7030829656567966,none,absent,False,0.7531750133570015,0,expansion,0.0,0.15316525174657916,0.0,0,0,4,,4,0,0.14256306767333876,0.045485420095996175,0.6074362346528915,0.8538447538605318,0.24999976744207678,0.1006697405035303,9.302316928077275e-07,8.553994168640602e-08,8.0,0,4.0,0,6.0,0,8.0,0,0.0,1,2013-06-01,2013-05-01,2013-05-01,2013-04-01,2013-05-01,2013-07-06,2013-06-29,persist17w
2013-07-19,0,2013-07-19,expansion,expansion,official,0.48096241749421625,0.040538387436235654,0,0,1,0,0.3796917123898032,labor_stress,0.913087219467592,-0.6860181973502951,none,absent,False,0.7519715585625232,0,expansion,0.0,0.1470038994322061,0.0,0,0,4,,4,0,0.17114119442530418,0.058773956700964955,0.5921716923790633,0.8465987559156931,0.23668616645096666,0.09462719735316993,9.467446658038666e-07,9.00301720838427e-08,4.0,0,5.0,0,7.0,0,4.0,0,0.0,1,2013-06-01,2013-05-01,2013-06-01,2013-04-01,2013-06-01,2013-07-13,2013-07-06,persist17w
2013-07-26,0,2013-07-26,expansion,expansion,official,0.48033919948488873,0.09740576606388622,0,0,1,0,0.3766503493991443,labor_stress,0.9045996365804432,-0.4019216236610853,none,absent,False,0.7463881446857348,0,expansion,0.0,0.0861260622130897,0.0,0,0,4,,4,0,0.18099269878328528,0.06263748790573107,0.5823201880210823,0.8418752830364515,0.23668616645096666,0.09548713835071679,9.467446658038666e-07,9.070710059481946e-08,5.0,0,6.0,0,8.0,0,5.0,0,0.0,1,2013-06-01,2013-05-01,2013-06-01,2013-04-01,2013-06-01,2013-07-20,2013-07-13,persist17w
2013-08-02,0,2013-08-02,expansion,expansion,official,0.46032880977582397,-0.08286449285945585,0,0,0,0,0.40653743587551977,labor_stress,0.9357044699294669,-0.12127179323976914,none,absent,False,0.7727762296405278,0,expansion,0.0,0.030254829816630965,0.0,0,0,4,,4,0,0.14533910453588378,0.044610669098617946,0.6153937902869558,0.8640827389680934,0.2392661481125678,0.0913065093275656,9.57064592450271e-07,8.260572311959443e-08,6.0,0,3.0,0,4.0,0,6.0,0,0.0,1,2013-07-01,2013-06-01,2013-06-01,2013-04-01,2013-06-01,2013-07-27,2013-07-20,persist17w
2013-08-09,0,2013-08-09,expansion,expansion,official,0.5077893864693657,-0.0411296328192307,0,0,0,0,0.393015632068455,labor_stress,0.9978458334045537,-0.17095750991414374,none,absent,True,0.7923502597415122,0,expansion,0.0,0.03663375212445937,0.0,0,0,4,,4,0,0.1349921804057712,0.04075924664276837,0.6357377092626035,0.8757954684769559,0.22926919325485232,0.08344520873544368,9.170767730194092e-07,7.614483202429374e-08,7.0,0,4.0,0,5.0,0,7.0,0,0.0,1,2013-07-01,2013-06-01,2013-06-01,2013-05-01,2013-06-01,2013-08-03,2013-07-27,persist17w
2013-08-16,0,2013-08-16,expansion,expansion,official,0.5130932646676906,0.002033208275054638,0,0,0,0,0.4175065889862049,labor_stress,1.0710990938160176,0.23336405052344114,none,absent,True,0.7903371304033234,0,expansion,0.0,0.0,0.0,0,0,4,,4,0,0.14050386537165477,0.04214212583919453,0.6300402365868901,0.8740974643519088,0.22945498022153427,0.08376033394858542,9.17819920886137e-07,7.586031126335694e-08,4.0,0,5.0,0,6.0,0,4.0,0,0.0,1,2013-07-01,2013-06-01,2013-07-01,2013-05-01,2013-07-01,2013-08-10,2013-08-03,persist17w
2013-08-23,0,2013-08-23,expansion,expansion,official,0.5144620973025601,-0.005038119558453058,0,0,0,0,0.4190183951558441,labor_stress,1.0778454119011422,0.19527538562995173,none,absent,True,0.7898383168626812,0,expansion,0.0,0.0,0.0,0,0,4,,4,0,0.13907658131816103,0.042262466382060535,0.6315156314880133,0.8737878868992541,0.2294068695663474,0.08394957003657287,9.176274782653896e-07,7.668211241218002e-08,5.0,0,6.0,0,7.0,0,5.0,0,0.0,1,2013-07-01,2013-06-01,2013-07-01,2013-05-01,2013-07-01,2013-08-17,2013-08-10,persist17w
2013-08-30,0,2013-08-30,expansion,expansion,official,0.47057025151798565,-0.10831250430057873,0,1,0,1,0.44389216042059243,labor_stress,1.044412227879901,0.09262206877010565,none,absent,False,0.7560901375862291,0,expansion,0.0,0.004239797189912149,0.0,0,0,4,,4,0,0.13594952338912836,0.04218603038645994,0.6115007182599247,0.8569520113179436,0.25254881863441253,0.1008618737317145,9.397165344536281e-07,8.456388198674454e-08,6.0,0,7.0,0,4.0,0,6.0,0,0.0,1,2013-07-01,2013-07-01,2013-07-01,2013-06-01,2013-07-01,2013-08-24,2013-08-17,persist17w
2013-09-06,0,2013-09-06,expansion,expansion,official,0.4751940928215955,-0.06432667227120227,0,1,0,1,0.45640717710898915,labor_stress,1.0844099724178569,0.4990671714994705,none,absent,False,0.7539497289235124,0,expansion,0.0,0.0021589921279869233,0.0,0,0,4,,4,0,0.14234025450174917,0.04381035584700961,0.6049901606045437,0.8550696444984199,0.252668644731308,0.10111991557490754,9.401623990002159e-07,8.407966306263203e-08,7.0,0,4.0,0,5.0,0,7.0,0,0.0,1,2013-08-01,2013-07-01,2013-07-01,2013-06-01,2013-07-01,2013-08-31,2013-08-24,persist17w
2013-09-13,0,2013-09-13,expansion,expansion,official,0.5012029358815095,0.023596971063578897,0,1,0,1,0.47458491390795177,labor_stress,1.1893167608786945,0.8296659216805092,none,absent,False,0.7463362625117462,0,expansion,0.0,0.0,0.0,0,0,4,,4,0,0.15031612164183492,0.047883101598973674,0.5968647455382399,0.8492265370804759,0.2528181921010708,0.10289027456872972,9.407188543295658e-07,8.675182067878795e-08,8.0,0,5.0,0,6.0,0,8.0,0,0.0,1,2013-08-01,2013-07-01,2013-07-01,2013-06-01,2013-07-01,2013-09-07,2013-08-31,persist17w
2013-09-20,0,2013-09-20,expansion,expansion,official,0.5332062580671894,0.0751620069108084,0,1,0,1,0.4982104945945413,labor_stress,1.328244767762795,1.3055590687527472,none,absent,True,0.7468589503405596,0,expansion,0.0,0.0,0.0,0,0,4,,4,0,0.15009423277836162,0.04767036209880955,0.5970907948295138,0.8495942508714809,0.25281403168875083,0.10273530053092132,9.407033737255845e-07,8.649878828551193e-08,4.0,0,6.0,0,7.0,0,4.0,0,0.0,1,2013-08-01,2013-07-01,2013-08-01,2013-06-01,2013-08-01,2013-09-14,2013-09-07,persist17w
2013-09-27,0,2013-09-27,expansion,expansion,official,0.5693446159822104,0.23270652675787282,0,0,0,0,0.5072704385378078,labor_stress,1.4440584651421782,1.5627426366037835,none,absent,True,0.7539922914438726,0,expansion,0.0,0.0,0.0,0,0,4,,4,0,0.16496312181816258,0.05515282401560397,0.595421416604689,0.8494196889814242,0.23961450311913604,0.09542739753755153,9.58458012476544e-07,8.946542032048962e-08,5.0,0,7.0,0,4.0,0,5.0,0,0.0,1,2013-08-01,2013-08-01,2013-08-01,2013-06-01,2013-08-01,2013-09-21,2013-09-14,persist17w
2013-10-04,0,2013-10-04,expansion,expansion,official,0.5747161181353829,0.21044400962414764,0,0,0,0,0.5106918258981453,labor_stress,1.4675141187182643,1.4542484346359332,none,absent,True,0.7561970645881104,0,expansion,0.0,0.0,0.0,0,0,4,,4,0,0.16067928480086274,0.053654167628789676,0.5997812982982657,0.8512714038271818,0.23953845874703666,0.09507433923907133,9.581538349881465e-07,8.93049572138043e-08,6.0,0,8.0,0,5.0,0,6.0,0,0.0,1,2013-08-01,2013-08-01,2013-08-01,2013-06-01,2013-08-01,2013-09-28,2013-09-21,persist17w
2013-10-11,0,2013-10-04,expansion,expansion,preliminary,0.5749353632601512,0.2111527315920906,0,0,0,0,0.5108784180588235,labor_stress,1.4686103443421055,1.457792044475648,none,absent,True,0.7561776319916118,0,expansion,0.0,0.0,0.0,1,1,3,employment,5,0,0.16071077612279835,0.05366654824016558,0.5997492479570742,0.8512554972215886,0.23953901776405653,0.09507786522997672,9.58156071056226e-07,8.930826923752661e-08,6.0,0,8.0,0,5.0,0,6.0,0,0.0,1,2013-08-01,2013-08-01,2013-08-01,2013-06-01,2013-08-01,2013-10-05,2013-09-28,persist17w
2013-10-18,0,2013-10-04,expansion,expansion,preliminary,0.5749353632601512,0.2111527315920906,0,0,0,0,0.5108784180588235,labor_stress,1.4686103443421055,1.457792044475648,none,absent,True,0.7561776319916118,0,expansion,0.0,0.0,0.0,2,2,3,employment,5,0,0.16071077612279835,0.05366654824016558,0.5997492479570742,0.8512554972215886,0.23953901776405653,0.09507786522997672,9.58156071056226e-07,8.930826923752661e-08,6.0,0,8.0,0,5.0,0,6.0,0,0.0,1,2013-08-01,2013-08-01,2013-08-01,2013-06-01,2013-08-01,2013-10-12,2013-10-05,persist17w
2013-10-25,0,2013-10-18,expansion,expansion,preliminary,0.47561987123927274,-0.1298527813543115,0,0,0,0,0.40592399661882306,labor_stress,0.965327595023878,-0.4201725697952971,none,absent,False,0.7751388834833405,0,expansion,0.0,0.09432848448525563,0.0,1,1,2,consumption|production,5,0,0.1334632222797885,0.04196401486957043,0.6274804876646398,0.8665873921046143,0.23905533383423644,0.09144850862127384,9.562213353369457e-07,8.440454130576846e-08,8.0,0,5.0,0,7.0,0,8.0,0,0.0,1,2013-09-01,2013-08-01,2013-08-01,2013-06-01,2013-08-01,2013-10-19,2013-10-12,persist17w
2013-11-01,0,2013-11-01,expansion,expansion,preliminary,0.43580000468676705,-0.17145618774981292,0,0,1,0,0.33126636957203437,labor_stress,0.7218294270603044,-1.2117100872247935,none,absent,False,0.7719492919841813,0,expansion,0.0,0.16390737966661514,0.0,0,0,3,real_income,4,0,0.14398211370448824,0.04646974206334257,0.6193307730998793,0.8627397325443094,0.2366861664509667,0.09079044056012806,9.467446658038668e-07,8.483222005276964e-08,6.0,0,7.0,0,9.0,0,6.0,0,0.0,1,2013-09-01,2013-08-01,2013-09-01,2013-06-01,2013-09-01,2013-10-26,2013-10-19,persist17w
2013-11-08,0,2013-11-08,expansion,expansion,official,0.47683809080600864,-0.057865634749186066,0,0,2,0,0.34314548792247124,labor_stress,0.8181241966482373,-1.264944976243499,none,absent,False,0.7606438933912723,0,expansion,0.0,0.151827313489771,0.0,0,0,4,,4,0,0.1638599274592226,0.055953438390521505,0.6019823202059343,0.8523451836335679,0.2341568157075804,0.09170129024229565,9.366272628303216e-07,8.773361486091353e-08,7.0,0,4.0,0,5.0,0,7.0,0,0.0,1,2013-10-01,2013-09-01,2013-09-01,2013-06-01,2013-09-01,2013-11-02,2013-10-26,persist17w
2013-11-15,0,2013-11-15,expansion,expansion,official,0.4747363497109006,-0.21969198561012412,0,0,1,0,0.3607420972457975,labor_stress,0.8562869321676232,-1.5391677666647694,none,absent,False,0.7859588636831468,0,expansion,0.0,0.1574948918413974,0.0,0,0,4,,4,0,0.12593547529051177,0.03806653592076373,0.6373774115138557,0.8739461238510298,0.2366861664509667,0.08798726016788298,9.467446658038668e-07,8.006032350107269e-08,4.0,0,5.0,0,6.0,0,8.0,0,0.0,1,2013-10-01,2013-09-01,2013-10-01,2013-06-01,2013-09-01,2013-11-09,2013-11-02,persist17w
2013-11-22,0,2013-11-22,expansion,expansion,official,0.49556343341324877,-0.21234815463685175,0,0,1,0,0.37130185630518514,labor_stress,0.9200181137165514,-1.6949096744590262,none,absent,False,0.7884479017118203,0,expansion,0.0,0.1519060920374909,0.0,0,0,4,,4,0,0.12272049644706388,0.036600952412480715,0.6405923903573036,0.8759234350802916,0.2366861664509667,0.08747553336847129,9.467446658038668e-07,7.91387562989408e-08,5.0,0,6.0,0,7.0,0,5.0,0,0.0,1,2013-10-01,2013-09-01,2013-10-01,2013-08-01,2013-10-01,2013-11-16,2013-11-09,persist17w
2013-11-29,0,2013-11-29,expansion,expansion,official,0.515825589175354,-0.17103706999559137,0,0,1,0,0.39412356311773633,labor_stress,1.0164950957654808,-1.4904403919347777,none,absent,True,0.78875545411017,0,expansion,0.0,0.15,0.0,0,0,4,,4,0,0.12548582635500863,0.03681232708726118,0.6378270604493589,0.8759715244906734,0.23668616645096666,0.08721607038050336,9.467446658038666e-07,7.804156200038039e-08,6.0,0,7.0,0,8.0,0,6.0,0,0.0,1,2013-10-01,2013-09-01,2013-10-01,2013-08-01,2013-10-01,2013-11-23,2013-11-16,persist17w
2013-12-06,0,2013-12-06,expansion,expansion,official,0.5414877631459033,0.01727552970045846,0,0,0,0,0.42834223691531387,labor_stress,1.1597103986409294,-0.035915349451750934,none,absent,True,0.7813644178605214,0,expansion,0.0,0.007696146311089487,0.0,0,0,4,,4,0,0.14192326484056314,0.040669844184009964,0.6188702663750234,0.870347248025839,0.23920551196236553,0.08898283016531759,9.568220478494622e-07,7.762483331178372e-08,7.0,0,4.0,0,5.0,0,7.0,0,0.0,1,2013-11-01,2013-10-01,2013-10-01,2013-09-01,2013-10-01,2013-11-30,2013-11-23,persist17w
2013-12-13,0,2013-12-13,expansion,expansion,official,0.527238406227801,0.11096513434132745,0,0,0,0,0.4035101361792204,labor_stress,1.0637302054794757,0.30953813769406585,none,absent,True,0.7646712658268244,0,expansion,0.0,0.0,0.0,0,0,4,,4,0,0.1597056294358413,0.05001442257985467,0.6007722375391067,0.8573283795839794,0.2395211749403523,0.09265711375715503,9.580846997614092e-07,8.407901088939415e-08,8.0,0,5.0,0,6.0,0,8.0,0,0.0,1,2013-11-01,2013-10-01,2013-10-01,2013-09-01,2013-10-01,2013-12-07,2013-11-30,persist17w
2013-12-20,0,2013-12-20,expansion,expansion,official,0.5278967521902158,0.2899224435525089,0,0,2,0,0.3266894905010701,labor_stress,0.8622916050509564,0.14868579239052024,none,absent,True,0.7569337744984505,0,expansion,0.0,0.0,0.0,0,0,4,,4,0,0.1877132384726338,0.06502926256732301,0.5846239718227572,0.845952213294862,0.2276618790570928,0.08901843879641157,9.106475162283711e-07,8.534140338856074e-08,4.0,0,6.0,0,7.0,0,4.0,0,0.0,1,2013-11-01,2013-10-01,2013-11-01,2013-09-01,2013-11-01,2013-12-14,2013-12-07,persist17w
2013-12-27,0,2013-12-27,expansion,expansion,official,0.5105687596377667,0.25468061517384977,0,0,2,0,0.2956215639408258,labor_stress,0.7546756761172208,0.15184806773916065,none,absent,True,0.7550834173093437,0,expansion,0.0,0.0,0.0,0,0,4,,4,0,0.18839660913467363,0.0660972010332712,0.5839298871897544,0.8444930649810901,0.22767259298520007,0.08940964767174643,9.106903719408002e-07,8.631389233130857e-08,5.0,0,7.0,0,4.0,0,5.0,0,0.0,1,2013-11-01,2013-11-01,2013-11-01,2013-09-01,2013-11-01,2013-12-21,2013-12-14,persist17w
2014-01-03,0,2014-01-03,expansion,expansion,official,0.48233270509771664,0.1030876688403863,0,0,2,0,0.2543747213788153,labor_stress,0.6134662373556097,-0.6056632459556912,none,absent,False,0.761825295068791,0,expansion,0.0,0.12978498127621954,0.0,0,0,4,,4,0,0.17427218709062758,0.061339139243196866,0.5982757536944053,0.850243034763376,0.2274511494103694,0.08841773969458501,9.098045976414775e-07,8.629884216397398e-08,6.0,0,8.0,0,5.0,0,6.0,0,0.0,1,2013-11-01,2013-11-01,2013-11-01,2013-09-01,2013-11-01,2013-12-28,2013-12-21,persist17w
2014-01-10,0,2014-01-10,expansion,expansion,official,0.4936772461229242,0.058949103960201074,0,0,2,0,0.27756619390290493,labor_stress,0.6851405711140385,-0.5698376464254207,none,absent,False,0.7721026346742732,0,expansion,0.0,0.12210806709116158,0.0,0,0,4,,4,0,0.1639100154485928,0.05477287080311644,0.6088003847632975,0.8586648407063381,0.22728869063334725,0.08656220603206484,9.09154762533389e-07,8.245848066598649e-08,7.0,0,4.0,0,6.0,0,7.0,0,0.0,1,2013-12-01,2013-11-01,2013-11-01,2013-09-01,2013-11-01,2014-01-04,2013-12-28,persist17w
2014-01-17,0,2014-01-17,expansion,expansion,official,0.5117161490804337,0.016175045127999943,0,0,1,0,0.3143089258397321,labor_stress,0.8041847657615766,-0.3586069845021747,none,absent,True,0.7861985498836407,0,expansion,0.0,0.07684435382189458,0.0,0,0,4,,4,0,0.14303100545263384,0.04413272551339043,0.627427911744632,0.8710328732160639,0.2295401646420756,0.08483432333242323,9.181606585683024e-07,7.793812235525688e-08,4.0,0,5.0,0,7.0,0,4.0,0,0.0,1,2013-12-01,2013-11-01,2013-12-01,2013-09-01,2013-12-01,2014-01-11,2014-01-04,persist17w
2014-01-24,0,2014-01-24,expansion,expansion,official,0.5116576157443308,-0.04316002395660523,0,0,1,0,0.31423048317637364,labor_stress,0.8038920990810619,-0.6584740055242413,none,absent,True,0.7916198557881933,0,expansion,0.0,0.14110157261233744,0.0,0,0,4,,4,0,0.1337716752216962,0.04081876422200508,0.6369993551984428,0.8754005073120581,0.22922805266765028,0.08378065152386487,9.169122106706012e-07,7.694207201783774e-08,5.0,0,6.0,0,8.0,0,5.0,0,0.0,1,2013-12-01,2013-11-01,2013-12-01,2013-09-01,2013-12-01,2014-01-18,2014-01-11,persist17w
2014-01-31,0,2014-01-31,expansion,expansion,official,0.500875802122799,-0.09481544690230093,0,0,2,0,0.29587696082649106,labor_stress,0.7409880504181234,-1.2923188586826058,none,absent,False,0.8099861606788346,0,expansion,0.0,0.1502431067244822,0.0,0,0,4,,4,0,0.1228367129898038,0.03650929143285791,0.6573469251470304,0.8867383993060023,0.21981548260123537,0.07675223862716772,8.792619304049414e-07,7.063397220189716e-08,6.0,0,7.0,0,4.0,0,6.0,0,0.0,1,2013-12-01,2013-12-01,2013-12-01,2013-11-01,2013-12-01,2014-01-25,2014-01-18,persist17w
2014-02-07,0,2014-02-07,expansion,expansion,official,0.4937667053189161,-0.13330329231919152,0,1,2,1,0.2843660998746524,labor_stress,0.7020525611974847,-1.1246117020254167,none,absent,False,0.7847373357348351,0,expansion,0.0,0.15148566357987858,0.0,0,0,4,,4,0,0.12123221644096578,0.035102579451756606,0.6368778829886843,0.8748173410396033,0.241889000518255,0.09008000530476824,9.000520949516465e-07,7.420387187821291e-08,7.0,0,4.0,0,5.0,0,7.0,0,0.0,1,2014-01-01,2013-12-01,2013-12-01,2013-11-01,2013-12-01,2014-02-01,2014-01-25,persist17w
2014-02-14,0,2014-02-14,expansion,expansion,official,0.44751376080585975,-0.36887002054374574,0,2,0,2,0.3012801557016542,labor_stress,0.6741350776711112,-0.6154904855186917,none,absent,False,0.7173143986835714,0,expansion,0.16768422998635096,0.15659563039973393,0.0,0,0,4,,4,0,0.09938541938701655,0.02706969814976283,0.6235054501157599,0.8451223044297717,0.2771081666427309,0.12780790574620024,9.638544926703684e-07,9.167426524623347e-08,4.0,0,5.0,0,6.0,0,8.0,0,0.0,1,2014-01-01,2013-12-01,2014-01-01,2013-11-01,2013-12-01,2014-02-08,2014-02-01,persist17w
2014-02-21,0,2014-02-21,expansion,expansion,official,0.43136373565815217,-0.3964960676534321,0,3,0,3,0.3030992339238876,labor_stress,0.6537300891026614,-0.29491318047511744,none,absent,True,0.3395534149957202,0,expansion,0.11060163852369759,0.09747993677887107,0.35294117647058826,0,0,4,,4,0,0.0930714372070979,0.027285116011830986,0.4629347618275306,0.6561340850284576,0.443992882516003,0.3165806700327374,9.184493684354473e-07,1.2892697404787625e-07,5.0,0,6.0,0,7.0,0,5.0,0,0.0,1,2014-01-01,2013-12-01,2014-01-01,2013-11-01,2014-01-01,2014-02-15,2014-02-08,persist17w
2014-02-28,0,2014-02-28,expansion,expansion,official,0.43129080428727173,-0.30353791356852977,0,3,0,3,0.3025911469716273,labor_stress,0.652523895738006,0.17159887710968225,none,absent,False,0.6581992495852603,0,expansion,0.043431171649988914,0.026273062628189528,0.0,0,0,4,,4,0,0.1115484782040103,0.03113950893679906,0.5985100211488897,0.8135298187553324,0.28994055390243423,0.15533056917007207,9.467446658038668e-07,1.0313779662849123e-07,6.0,0,7.0,0,8.0,0,6.0,0,0.0,1,2014-01-01,2013-12-01,2014-01-01,2013-11-01,2014-01-01,2014-02-22,2014-02-15,persist17w
2014-03-07,0,2014-03-07,expansion,expansion,official,0.42155271813129147,-0.3662257099257622,0,3,0,3,0.328789762822705,labor_stress,0.6930110910582696,0.02408629672407702,none,absent,False,0.6601436605390807,0,expansion,0.05241054248948403,0.03600379910580478,0.0,0,0,4,,4,0,0.09820533852031332,0.02675784866122132,0.6244855523332331,0.8166928543804323,0.27730820365027853,0.15654919384135152,9.054961751845828e-07,1.0311699490009118e-07,7.0,0,3.0,0,5.0,0,7.0,0,0.0,1,2014-02-01,2014-01-01,2014-01-01,2013-12-01,2014-01-01,2014-03-01,2014-02-22,persist17w
2014-03-14,0,2014-03-14,expansion,expansion,official,0.4298337859055887,-0.4192026273584454,0,3,0,3,0.35840579405091194,labor_stress,0.7702745967370109,-0.10446423795286751,none,absent,True,0.6319554081386128,0,expansion,0.07180627180151997,0.05940698993467522,0.11764705882352941,0,0,4,,4,0,0.0878557913235685,0.024839323894650392,0.5821665040151455,0.8035579943100135,0.32997680588643735,0.17160258617140065,8.987748487485126e-07,9.562393548634877e-08,8.0,0,4.0,0,6.0,0,8.0,0,0.0,1,2014-02-01,2014-01-01,2014-01-01,2013-12-01,2014-01-01,2014-03-08,2014-03-01,persist17w
2014-03-21,0,2014-03-21,expansion,expansion,official,0.45346314800324006,-0.27795516662864866,0,2,0,2,0.3629998362659295,labor_stress,0.8230352423890456,0.050923587436044804,none,absent,False,0.7755599492684578,0,expansion,0.029237501630529374,0.016619810222046866,0.0,0,0,4,,4,0,0.10408793575114075,0.029030016071895252,0.642008104302339,0.8732649299276152,0.2539030768053836,0.09770498065915736,8.831411367143777e-07,7.334133225364695e-08,4.0,0,5.0,0,7.0,0,4.0,0,0.0,1,2014-02-01,2014-01-01,2014-02-01,2013-12-01,2014-02-01,2014-03-15,2014-03-08,persist17w
2014-03-28,0,2014-03-28,expansion,expansion,official,0.45825129928095903,-0.14789611681470935,0,1,0,1,0.42187001705837757,labor_stress,0.9666124172234094,0.7063572160893374,none,absent,False,0.7807438362886405,0,expansion,0.0,0.007988405578702484,0.0,0,0,4,,4,0,0.12651805859298945,0.036277853290281326,0.6314036774189666,0.8722329542374777,0.2420773632350644,0.09148911794883718,9.007529794793094e-07,7.452340385994919e-08,5.0,0,6.0,0,3.0,0,5.0,0,0.0,1,2014-02-01,2014-02-01,2014-02-01,2014-01-01,2014-02-01,2014-03-22,2014-03-15,persist17w
2014-04-04,0,2014-04-04,expansion,expansion,official,0.4581429546048457,-0.11852324284477875,0,1,0,1,0.4187801949006841,labor_stress,0.9593059791089628,0.6304348412658309,none,absent,False,0.7765964053083475,0,expansion,0.0,0.006417370224323721,0.0,0,0,4,,4,0,0.13149817764310132,0.03931758424659147,0.6262460895345947,0.8686393721985485,0.2422548314089778,0.09204296689020099,9.014133261729406e-07,7.666465910877428e-08,6.0,0,3.0,0,4.0,0,6.0,0,0.0,1,2014-03-01,2014-02-01,2014-02-01,2014-01-01,2014-02-01,2014-03-29,2014-03-22,persist17w
2014-04-11,0,2014-04-11,expansion,expansion,official,0.46849281090354217,-0.05384915563021788,0,1,0,1,0.4303343539252514,labor_stress,1.008042755494004,0.9535564376161051,none,absent,False,0.7716465826853868,0,expansion,0.0,0.0022429076208662856,0.0,0,0,4,,4,0,0.13989220343227857,0.04240805613810195,0.6175529387733909,0.8646192244454677,0.2425539552679854,0.09297264176008094,9.025263451832015e-07,7.765634941545236e-08,7.0,0,4.0,0,5.0,0,7.0,0,0.0,1,2014-03-01,2014-02-01,2014-02-01,2014-01-01,2014-02-01,2014-04-05,2014-03-29,persist17w
2014-04-18,0,2014-04-18,expansion,expansion,official,0.534832434928797,0.5501680626495313,0,0,1,0,0.41052870973443173,labor_stress,1.0978203471772172,1.2164251342411512,none,absent,True,0.8243238130468313,0,expansion,0.0,0.0,0.0,0,0,4,,4,0,0.1985095382801714,0.06616196847026178,0.6610862080785701,0.8904857815170931,0.14040333987080816,0.04335217724215053,9.137704503932144e-07,7.277049459844716e-08,4.0,0,5.0,0,6.0,0,4.0,0,0.0,1,2014-03-01,2014-02-01,2014-03-01,2014-01-01,2014-03-01,2014-04-12,2014-04-05,persist17w
2014-04-25,0,2014-04-25,expansion,expansion,official,0.5267137434771556,0.5435857511823761,0,0,1,0,0.4011469590347913,labor_stress,1.0564480823884606,1.2087706960067692,none,absent,True,0.8246577183198485,0,expansion,0.0,0.0,0.0,0,0,4,,4,0,0.20061254522453661,0.06647163573612361,0.6573929740510258,0.891129354055972,0.14199356647226155,0.04239893947102968,9.142521760889946e-07,7.073687469264854e-08,5.0,0,6.0,0,7.0,0,5.0,0,0.0,1,2014-03-01,2014-02-01,2014-03-01,2014-01-01,2014-03-01,2014-04-19,2014-04-12,persist17w
2014-05-02,0,2014-05-02,expansion,expansion,official,0.544250591839863,0.666785645285214,0,0,1,0,0.3747651827759998,labor_stress,1.0198308626340618,1.0662488377564625,none,absent,True,0.8426348260703407,0,expansion,0.0,0.0,0.0,0,0,4,,4,0,0.20293369520064924,0.06421934406723045,0.6885929910778948,0.9068541701375711,0.10847240353884316,0.02892642187693909,9.101826127202706e-07,6.391825957639609e-08,6.0,0,3.0,0,4.0,0,6.0,0,0.0,1,2014-04-01,2014-03-01,2014-03-01,2014-01-01,2014-03-01,2014-04-26,2014-04-19,persist17w
2014-05-09,0,2014-05-09,expansion,expansion,official,0.534406741823596,0.579172779578518,0,0,1,0,0.3615064004635965,labor_stress,0.9659572881006337,0.6110990287808531,none,absent,True,0.8335472209507491,0,expansion,0.0,0.0,0.0,0,0,4,,4,0,0.20066167081568487,0.06513327280220192,0.6676880363378431,0.898680493752951,0.13164937993712877,0.03618616737733759,9.129093432205032e-07,6.60675094672479e-08,7.0,0,4.0,0,5.0,0,7.0,0,0.0,1,2014-04-01,2014-03-01,2014-03-01,2014-02-01,2014-03-01,2014-05-03,2014-04-26,persist17w
2014-05-16,0,2014-05-16,expansion,expansion,official,0.5166038285156672,0.2619497104408711,0,0,1,0,0.38546884389533087,labor_stress,0.99567340264918,0.6122826220965457,none,absent,True,0.755826730404959,0,expansion,0.0,0.0,0.0,0,0,4,,4,0,0.1875257775336881,0.06782540154172771,0.5848143717978191,0.8440006208223599,0.22765894003273257,0.08817389041740095,9.106357601309303e-07,8.721851141239387e-08,4.0,0,5.0,0,6.0,0,4.0,0,0.0,1,2014-04-01,2014-03-01,2014-04-01,2014-02-01,2014-04-01,2014-05-10,2014-05-03,persist17w
2014-05-23,0,2014-05-23,expansion,expansion,official,0.5184538833380155,0.16097892191232582,0,0,1,0,0.386997035722161,labor_stress,1.0032005800522752,0.10613518821970401,none,absent,True,0.763069787528624,0,expansion,0.0,0.0,0.0,0,0,4,,4,0,0.17281741045005583,0.0612315628742837,0.5997533385056384,0.8509190691671794,0.22742834133094053,0.08784928163855547,9.097133653237621e-07,8.631998141287853e-08,5.0,0,6.0,0,7.0,0,5.0,0,0.0,1,2014-04-01,2014-03-01,2014-04-01,2014-02-01,2014-04-01,2014-05-17,2014-05-10,persist17w
2014-05-30,0,2014-05-30,expansion,expansion,official,0.5653465286788337,0.32129018334348797,0,0,1,0,0.4154948363088897,labor_stress,1.1744928169560553,0.7395228437191084,none,absent,True,0.7615616771665127,0,expansion,0.0,0.0,0.0,0,0,4,,4,0,0.1802353908935439,0.06266835384507788,0.5932728230134675,0.849446618996172,0.22649087605187238,0.08788494182965935,9.100411161061116e-07,8.532909076979182e-08,6.0,0,7.0,0,4.0,0,6.0,0,0.0,1,2014-04-01,2014-04-01,2014-04-01,2014-03-01,2014-04-01,2014-05-24,2014-05-17,persist17w
2014-06-06,0,2014-06-06,expansion,expansion,official,0.5712238446483704,0.2880942707950366,0,0,1,0,0.4197191592668977,labor_stress,1.198767959145095,0.5725675681304815,none,absent,True,0.7633070221839106,0,expansion,0.0,0.0,0.0,0,0,4,,4,0,0.1746153391304225,0.060547401643241384,0.5979272216738848,0.8513797676734137,0.22745652936957522,0.08807274548950317,9.098261174783008e-07,8.519384184105546e-08,7.0,0,4.0,0,5.0,0,7.0,0,0.0,1,2014-05-01,2014-04-01,2014-04-01,2014-03-01,2014-04-01,2014-05-31,2014-05-24,persist17w
2014-06-13,0,2014-06-13,expansion,expansion,official,0.5656493983724481,0.21796438548720348,0,0,1,0,0.39961822957710647,labor_stress,1.1302190556947656,0.0821968945302791,none,absent,True,0.7694749190913808,0,expansion,0.0,0.0,0.0,0,0,4,,4,0,0.16738690797113767,0.05719462753854117,0.6052689810836351,0.8561401039648823,0.22734320157242094,0.08666518487350153,9.093728062896837e-07,8.36230751846411e-08,8.0,0,5.0,0,6.0,0,8.0,0,0.0,1,2014-05-01,2014-04-01,2014-04-01,2014-03-01,2014-04-01,2014-06-07,2014-05-31,persist17w
2014-06-20,0,2014-06-20,expansion,expansion,official,0.5892333004567432,0.1545877047592792,0,0,0,0,0.40254117813714174,labor_stress,1.1859533348174691,0.4048640292837763,none,absent,True,0.7867833084547217,0,expansion,0.0,0.0,0.0,0,0,4,,4,0,0.14351744692891832,0.043981187944481324,0.6269250733138038,0.8714010215421523,0.22955656153103185,0.08461771308743059,9.182262461241274e-07,7.742593596037892e-08,4.0,0,6.0,0,7.0,0,4.0,0,0.0,1,2014-05-01,2014-04-01,2014-05-01,2014-03-01,2014-05-01,2014-06-14,2014-06-07,persist17w
2014-06-27,0,2014-06-27,expansion,expansion,official,0.5858318617400277,0.1337252430182794,0,0,0,0,0.39312543692753166,labor_stress,1.1515270330630885,0.4090041378198477,none,absent,True,0.7881028586062854,0,expansion,0.0,0.0,0.0,0,0,4,,4,0,0.14166184573976318,0.043226983374663616,0.6288432230516194,0.8724378990784382,0.2294940132325644,0.08433504047215275,9.179760529302576e-07,7.707474552723545e-08,5.0,0,7.0,0,4.0,0,5.0,0,0.0,1,2014-05-01,2014-05-01,2014-05-01,2014-04-01,2014-05-01,2014-06-21,2014-06-14,persist17w
2014-07-04,0,2014-07-04,expansion,expansion,official,0.5883680882156466,0.16067354050197893,0,0,0,0,0.38513812021337074,labor_stress,1.133014897444544,0.5375229254982072,none,absent,True,0.7863505398771041,0,expansion,0.0,0.0,0.0,0,0,4,,4,0,0.1445052725448619,0.044308488342486095,0.6259039501019282,0.87102098703863,0.2295898589937738,0.0846704471615258,9.183594359750951e-07,7.74573581137305e-08,6.0,0,3.0,0,5.0,0,6.0,0,0.0,1,2014-06-01,2014-05-01,2014-05-01,2014-04-01,2014-05-01,2014-06-28,2014-06-21,persist17w
2014-07-11,0,2014-07-11,expansion,expansion,official,0.5966826810967476,0.16773413456592484,0,0,0,0,0.39342006575868804,labor_stress,1.1737346981707637,0.5700261503341977,none,absent,True,0.7862315977413353,0,expansion,0.0,0.0,0.0,0,0,4,,4,0,0.1433447538602474,0.04426446506116428,0.6271035875152009,0.8709835273862117,0.22955074042159002,0.08475192964487632,9.1820296168636e-07,7.790774772061677e-08,7.0,0,4.0,0,6.0,0,7.0,0,0.0,1,2014-06-01,2014-05-01,2014-05-01,2014-04-01,2014-05-01,2014-07-05,2014-06-28,persist17w
2014-07-18,0,2014-07-18,expansion,expansion,official,0.6050911053572323,0.29057605446312695,0,0,0,0,0.39642651243123833,labor_stress,1.199370782999653,0.6432778404467785,none,absent,True,0.7763001530062482,0,expansion,0.0,0.0,0.0,0,0,4,,4,0,0.1556010866805965,0.05000931061856997,0.6144341185995018,0.8631453806780652,0.22996387486440228,0.08684522767181699,9.198554994576091e-07,8.103154773907437e-08,4.0,0,5.0,0,7.0,0,8.0,0,0.0,1,2014-06-01,2014-05-01,2014-06-01,2014-04-01,2014-05-01,2014-07-12,2014-06-28,persist17w
2014-07-25,0,2014-07-25,expansion,expansion,official,0.6219855676397072,0.15825311329641337,0,0,0,0,0.4189689204431629,labor_stress,1.3029631090261802,0.45806924409216415,none,absent,True,0.7898233716746792,0,expansion,0.0,0.0,0.0,0,0,4,,4,0,0.1360963780840613,0.04187843587822444,0.6345962913224299,0.8739724291261358,0.22930641336785523,0.08414905745145657,9.172256534714209e-07,7.75441831777462e-08,5.0,0,6.0,0,8.0,0,5.0,0,0.0,1,2014-06-01,2014-05-01,2014-06-01,2014-04-01,2014-06-01,2014-07-19,2014-07-12,persist17w
2014-08-01,0,2014-08-01,expansion,expansion,official,0.6499707649620503,0.13657733519978404,0,0,0,0,0.4176949708841692,labor_stress,1.3574475987319239,0.5343913733331627,none,absent,True,0.797754370404063,0,expansion,0.0,0.0,0.0,0,0,4,,4,0,0.12710910093986832,0.0374782082422964,0.6438865113322912,0.8801380438283971,0.2290034717139536,0.08238367342433411,9.160138868558143e-07,7.450497231518178e-08,6.0,0,3.0,0,4.0,0,6.0,0,0.0,1,2014-07-01,2014-06-01,2014-06-01,2014-04-01,2014-06-01,2014-07-26,2014-07-19,persist17w
2014-08-08,0,2014-08-08,expansion,expansion,official,0.6651791240954209,0.2221559323736836,0,0,0,0,0.4238292056510621,labor_stress,1.4096116989051575,0.9333045542545331,none,absent,True,0.7949697541066065,0,expansion,0.0,0.0,0.0,0,0,4,,4,0,0.13333416358037017,0.03935480988129761,0.6374516144689184,0.8778074347766637,0.2292133050974911,0.08283768067005713,9.168532203899643e-07,7.467198160108709e-08,7.0,0,4.0,0,5.0,0,7.0,0,0.0,1,2014-07-01,2014-06-01,2014-06-01,2014-05-01,2014-06-01,2014-08-02,2014-07-26,persist17w
2014-08-15,0,2014-08-15,expansion,expansion,official,0.6555018943396524,0.16837908951334862,0,0,0,0,0.4104722997018424,labor_stress,1.3453268501425564,0.5426940136077933,none,absent,True,0.7958855723251674,0,expansion,0.0,0.0,0.0,0,0,4,,4,0,0.12957098658449978,0.038616458615221214,0.641341640520944,0.878634519256322,0.22908645654873008,0.08274894693115448,9.163458261949203e-07,7.519730236576814e-08,4.0,0,5.0,0,6.0,0,8.0,0,0.0,1,2014-07-01,2014-06-01,2014-07-01,2014-05-01,2014-06-01,2014-08-09,2014-08-02,persist17w
2014-08-22,0,2014-08-22,expansion,expansion,official,0.6328300419411147,0.1210943818402525,0,0,0,0,0.39720752101629697,labor_stress,1.256824260920347,0.35328276515464596,none,absent,True,0.7967454289822651,0,expansion,0.0,0.0,0.0,0,0,4,,4,0,0.12907277657420743,0.03815691983441744,0.6418566441791679,0.8792942172326743,0.22906966296797288,0.08254878825040922,9.162786518718915e-07,7.468249891220734e-08,5.0,0,6.0,0,7.0,0,5.0,0,0.0,1,2014-07-01,2014-06-01,2014-07-01,2014-05-01,2014-07-01,2014-08-16,2014-08-09,persist17w
2014-08-29,0,2014-08-29,expansion,expansion,official,0.6307142936281694,0.14172664203302027,0,0,0,0,0.39826175119992896,labor_stress,1.2559468954359048,0.4101025513128568,none,absent,True,0.7950392572065225,0,expansion,0.0,0.0,0.0,0,0,4,,4,0,0.13206707061616418,0.03920672507518033,0.6387614185643699,0.8779162285564266,0.22917059413708948,0.08287697134990413,9.166823765483579e-07,7.501848896064145e-08,6.0,0,7.0,0,4.0,0,6.0,0,0.0,1,2014-07-01,2014-07-01,2014-07-01,2014-05-01,2014-07-01,2014-08-23,2014-08-16,persist17w
2014-09-05,0,2014-09-05,expansion,expansion,official,0.6170818142446237,-0.009764281195611147,0,0,0,0,0.3930723298820525,labor_stress,1.2127889322648908,0.1527711292203332,none,absent,True,0.8057773410327004,0,expansion,0.0,0.0,0.0,0,0,4,,4,0,0.11565296906497509,0.03303352009800903,0.6557288061533108,0.886371874408486,0.22861731031247307,0.08059453337578557,9.144692412498922e-07,7.211771952025326e-08,7.0,0,4.0,0,5.0,0,7.0,0,0.0,1,2014-08-01,2014-07-01,2014-07-01,2014-06-01,2014-07-01,2014-08-30,2014-08-23,persist17w
2014-09-12,0,2014-09-12,expansion,expansion,official,0.6234234622612027,-0.008222311509117251,0,0,0,0,0.38268980042114925,labor_stress,1.1928890017530078,-0.027908947004079955,none,absent,True,0.8064919134546271,0,expansion,0.0,0.00598048864373142,0.0,0,0,4,,4,0,0.11456702144978974,0.03259725327137642,0.6568513588578051,0.8869472941531378,0.22858070536958364,0.08045538069851066,9.143228214783345e-07,7.187697527130102e-08,8.0,0,5.0,0,6.0,0,8.0,0,0.0,1,2014-08-01,2014-07-01,2014-07-01,2014-06-01,2014-07-01,2014-09-06,2014-08-30,persist17w
2014-09-19,0,2014-09-19,expansion,expansion,official,0.6365187049595366,-0.1407117487162931,0,1,0,1,0.40361901855929266,labor_stress,1.2845552749520006,-0.10885448301230871,none,absent,True,0.8032181931120682,0,expansion,0.0,0.023325960645494727,0.0,0,0,4,,4,0,0.0930952677892904,0.025356421751187835,0.6660175047545164,0.888930850929925,0.240886331134961,0.0857126578178568,8.963212321300875e-07,6.950103037729445e-08,4.0,0,6.0,0,7.0,0,4.0,0,0.0,1,2014-08-01,2014-07-01,2014-08-01,2014-06-01,2014-08-01,2014-09-13,2014-09-06,persist17w
2014-09-26,0,2014-09-26,expansion,expansion,official,0.6367650354548584,-0.16630794959375234,0,1,0,1,0.40206989568906076,labor_stress,1.2801202569188799,-0.23919372474550357,none,absent,True,0.8062086043394912,0,expansion,0.0,0.051255798159750766,0.0,0,0,4,,4,0,0.08979545125993499,0.02398363719527217,0.6694349117645099,0.891112449451674,0.24076874109186744,0.0849038451121828,8.958836877836929e-07,6.824087095789102e-08,5.0,0,7.0,0,8.0,0,5.0,0,0.0,1,2014-08-01,2014-07-01,2014-08-01,2014-06-01,2014-08-01,2014-09-20,2014-09-13,persist17w
2014-10-03,0,2014-10-03,expansion,expansion,official,0.6727255773012245,-0.050818231470159514,0,1,1,1,0.39752755584924643,labor_stress,1.3371347725091454,-0.2251547142312526,none,absent,True,0.8008025812868353,0,expansion,0.0,0.04824743876383985,0.0,0,0,4,,4,0,0.09805005837200544,0.026778308350806197,0.6608861479291336,0.887012101572316,0.24106289672064066,0.08620952028548065,8.969782203558722e-07,6.979139715146674e-08,6.0,0,3.0,0,5.0,0,6.0,0,0.0,1,2014-09-01,2014-08-01,2014-08-01,2014-07-01,2014-08-01,2014-09-27,2014-09-20,persist17w
2014-10-10,0,2014-10-10,expansion,expansion,official,0.6955852913483014,0.06793797366882223,0,1,1,1,0.4170033240231297,labor_stress,1.4503068931691938,0.36087418178764263,none,absent,True,0.796084171415026,0,expansion,0.0,0.0,0.0,0,0,4,,4,0,0.1077596396299372,0.029655781441521988,0.650830561274612,0.8832141597765655,0.2414089008297733,0.08712998836153946,8.982656775061332e-07,7.042037299680671e-08,7.0,0,4.0,0,6.0,0,7.0,0,0.0,1,2014-09-01,2014-08-01,2014-08-01,2014-07-01,2014-08-01,2014-10-04,2014-09-27,persist17w
2014-10-17,0,2014-10-17,expansion,expansion,official,0.7233286687780234,0.3328968135666973,0,0,1,0,0.41554674097334676,labor_stress,1.5028843548164852,0.8204315100082431,none,absent,True,0.8127449600021098,0,expansion,0.0,0.0,0.0,0,0,4,,4,0,0.12554776416949737,0.03574419128402569,0.6545053951580402,0.8885003504042422,0.2199459608886189,0.07575539040213246,8.797838435544756e-07,6.790959960550324e-08,4.0,0,5.0,0,7.0,0,8.0,0,0.0,1,2014-09-01,2014-08-01,2014-09-01,2014-07-01,2014-08-01,2014-10-11,2014-10-04,persist17w
2014-10-24,0,2014-10-24,expansion,expansion,official,0.7196965775469485,0.2961754898203471,0,0,0,0,0.42956454058013954,labor_stress,1.5457806484552685,0.9487117608480345,none,absent,True,0.8136334540447236,0,expansion,0.0,0.0,0.0,0,0,4,,4,0,0.12315157791406647,0.035162420456905104,0.6570169062482819,0.8892354827942659,0.21983063651510565,0.0756020287495423,8.793225460604226e-07,6.79992867743945e-08,5.0,0,6.0,0,8.0,0,5.0,0,0.0,1,2014-09-01,2014-08-01,2014-09-01,2014-07-01,2014-09-01,2014-10-18,2014-10-11,persist17w
2014-10-31,0,2014-10-31,expansion,expansion,official,0.709019702748731,0.29927606716385313,0,0,0,0,0.4306509289045068,labor_stress,1.5266999680016915,1.0601967500358354,none,absent,True,0.8119764787245363,0,expansion,0.0,0.0,0.0,0,0,4,,4,0,0.12576046367910854,0.03610165132566579,0.6542824587414462,0.8879373794922538,0.21995619775465414,0.07596090076771753,8.798247910186165e-07,6.841436282150181e-08,6.0,0,7.0,0,4.0,0,6.0,0,0.0,1,2014-09-01,2014-09-01,2014-09-01,2014-07-01,2014-09-01,2014-10-25,2014-10-18,persist17w
2014-11-07,0,2014-11-07,expansion,expansion,official,0.7036993390369221,0.29063915405397767,0,0,0,0,0.4389279504453769,labor_stress,1.544366543066213,1.1535234206592935,none,absent,True,0.7957537560928601,0,expansion,0.0,0.0,0.0,0,0,4,,4,0,0.1314102634482045,0.03890016627566941,0.6394403653684462,0.8784267575298385,0.22914845458953084,0.08267300143697827,9.165938183581234e-07,7.475751392400481e-08,7.0,0,4.0,0,5.0,0,7.0,0,0.0,1,2014-10-01,2014-09-01,2014-09-01,2014-08-01,2014-09-01,2014-11-01,2014-10-25,persist17w
2014-11-14,0,2014-11-14,expansion,expansion,official,0.6820930580150911,0.17908306898668241,0,0,0,0,0.41925964514685343,labor_stress,1.429870467302696,0.5645884420049864,none,absent,True,0.7989648279853565,0,expansion,0.0,0.0,0.0,0,0,4,,4,0,0.12486524555875488,0.03681714508226614,0.646206002522604,0.8810738042601829,0.2289278362072963,0.08210897627482637,9.157113448291851e-07,7.438272460263313e-08,8.0,0,5.0,0,6.0,0,8.0,0,0.0,1,2014-10-01,2014-09-01,2014-09-01,2014-08-01,2014-09-01,2014-11-08,2014-11-01,persist17w
2014-11-21,0,2014-11-21,expansion,expansion,official,0.6596123845120871,0.021529687921544548,0,1,0,1,0.4188883622972938,labor_stress,1.381519757496405,0.33549849031717555,none,absent,True,0.7922637074026401,0,expansion,0.0,0.0,0.0,0,0,4,,4,0,0.10925922912723851,0.03101328609188235,0.6492775332154458,0.880625174379151,0.24146233919279791,0.08836146697651096,8.984645179266899e-07,7.255245570418552e-08,5.0,0,6.0,0,7.0,0,5.0,0,0.0,1,2014-10-01,2014-09-01,2014-10-01,2014-08-01,2014-10-01,2014-11-15,2014-11-08,persist17w
2014-11-28,0,2014-11-28,expansion,expansion,official,0.6309035093187229,-0.07294326740868738,0,1,0,1,0.41096369578482217,labor_stress,1.2963921893661816,-0.14946602790808872,none,absent,True,0.7959159168083085,0,expansion,0.0,0.0320284345517333,0.0,0,0,4,,4,0,0.10280757811278224,0.028908677657404316,0.6559590917829278,0.8835035836625401,0.24123243249523893,0.08758766685423153,8.976090511450751e-07,7.182582407597741e-08,6.0,0,7.0,0,4.0,0,6.0,0,0.0,1,2014-10-01,2014-10-01,2014-10-01,2014-09-01,2014-10-01,2014-11-22,2014-11-15,persist17w
2014-12-05,0,2014-12-05,expansion,expansion,official,0.6208033924484554,-0.16028078914497818,0,1,0,1,0.3887045825337501,labor_stress,1.2065456174860636,-0.8312099952532913,none,absent,True,0.8015243586185543,0,expansion,0.0,0.15,0.0,0,0,4,,4,0,0.09321375848947334,0.025752224652995974,0.6658947915837017,0.8878860317130596,0.24089055358988135,0.08636167309450521,8.963369435902561e-07,7.053943927570713e-08,7.0,0,3.0,0,5.0,0,7.0,0,0.0,1,2014-11-01,2014-10-01,2014-10-01,2014-09-01,2014-10-01,2014-11-29,2014-11-22,persist17w
2014-12-12,0,2014-12-12,expansion,expansion,official,0.6167495103902144,-0.19828282768488883,0,0,0,0,0.3734955620747831,labor_stress,1.1517660252127022,-1.1740819761362504,none,absent,True,0.835269770280291,0,expansion,0.0,0.15,0.0,0,0,4,,4,0,0.086602722627439,0.022650235583981552,0.6953248028819244,0.906309736275108,0.21807160220422783,0.07103996599481703,8.722864088169113e-07,6.214609333096259e-08,8.0,0,4.0,0,6.0,0,8.0,0,0.0,1,2014-11-01,2014-10-01,2014-10-01,2014-09-01,2014-10-01,2014-12-06,2014-11-29,persist17w
2014-12-19,0,2014-12-19,expansion,expansion,official,0.6650405038652438,0.04088581368458146,0,0,2,0,0.34158693494110515,labor_stress,1.1358457366350843,-1.3999377565785964,none,absent,True,0.822647961750158,0,expansion,0.0,0.15,0.0,0,0,4,,4,0,0.10779625721151019,0.02980592834856498,0.6731112554046884,0.8964209838174589,0.21909161101735738,0.07377302206730095,8.763664440694295e-07,6.576667499296986e-08,4.0,0,5.0,0,7.0,0,4.0,0,0.0,1,2014-11-01,2014-10-01,2014-11-01,2014-09-01,2014-11-01,2014-12-13,2014-12-06,persist17w
2014-12-26,0,2014-12-26,expansion,expansion,official,0.7204839444663647,0.2915315093075061,0,0,3,0,0.338071903210021,labor_stress,1.2178768916900349,-1.0953553578669717,none,absent,True,0.8112527050840261,0,expansion,0.0,0.15,0.0,0,0,4,,4,0,0.1305601589683843,0.038059984116314706,0.6516385793704437,0.8865963262706686,0.21780039045961022,0.07534362118664246,8.712015618384408e-07,6.842637414447353e-08,5.0,0,6.0,0,3.0,0,5.0,0,0.0,1,2014-11-01,2014-11-01,2014-11-01,2014-10-01,2014-11-01,2014-12-20,2014-12-13,persist17w
2015-01-02,0,2015-01-02,expansion,expansion,official,0.7175467484403032,0.2713668308373652,0,0,3,0,0.33536237581036943,labor_stress,1.203190911559728,-1.1983322442406183,none,absent,True,0.8117012135927653,0,expansion,0.0,0.15,0.0,0,0,4,,4,0,0.12929973535967257,0.03773895733469345,0.6529366230036885,0.886981093891686,0.21776277058555651,0.07527988029892071,8.71051082342226e-07,6.847469979458061e-08,6.0,0,7.0,0,4.0,0,6.0,0,0.0,1,2014-11-01,2014-11-01,2014-11-01,2014-10-01,2014-11-01,2014-12-27,2014-12-20,persist17w
2015-01-09,0,2015-01-09,expansion,expansion,official,0.7225494735747559,0.37226994181325324,0,0,4,0,0.33547823504587365,labor_stress,1.211998110640921,-0.7693290953849675,none,absent,True,0.8178857982729069,0,expansion,0.0,0.15,0.0,0,0,4,,4,0,0.13698462879672696,0.039834491549966315,0.6565303811546944,0.8890256192959641,0.20648412019372855,0.07113982102305726,8.698548501546489e-07,6.81310123080809e-08,7.0,0,4.0,0,5.0,0,7.0,0,0.0,1,2014-12-01,2014-11-01,2014-11-01,2014-10-01,2014-11-01,2015-01-03,2014-12-27,persist17w
2015-01-16,0,2015-01-16,expansion,expansion,official,0.6533932600708393,0.1419308953065915,0,0,3,0,0.3272334585256271,labor_stress,1.0690606813515764,-1.083223824009802,none,absent,True,0.7963108157994797,0,expansion,0.0,0.15,0.0,0,0,4,,4,0,0.13521591423276474,0.04041582668192034,0.637944355697438,0.8779474574280162,0.22683882271450634,0.08163664162853647,9.073552908580253e-07,7.426152701486048e-08,4.0,0,5.0,0,6.0,0,4.0,0,0.0,1,2014-12-01,2014-11-01,2014-12-01,2014-10-01,2014-12-01,2015-01-10,2015-01-03,persist17w
2015-01-23,0,2015-01-23,expansion,expansion,official,0.6233094424732716,0.1093440708577396,0,0,3,0,0.29476261091717076,labor_stress,0.918641593363738,-1.2465230343974594,none,absent,True,0.7945746507798643,0,expansion,0.0,0.15,0.0,0,0,4,,4,0,0.1381493178371361,0.04145152316930184,0.6349649618233848,0.8765615265070056,0.22688481280022793,0.08198687572714122,9.075392512009116e-07,7.459655130089538e-08,5.0,0,6.0,0,7.0,0,5.0,0,0.0,1,2014-12-01,2014-11-01,2014-12-01,2014-10-01,2014-12-01,2015-01-17,2015-01-10,persist17w
2015-01-30,0,2015-01-30,expansion,expansion,official,0.6399935428909808,0.21664244269914149,0,0,3,0,0.3131475642475284,labor_stress,1.0020620954522834,-0.7104072597348023,none,absent,True,0.7888971780845364,0,expansion,0.0,0.15,0.0,0,0,4,,4,0,0.1475098136306689,0.04500638869013141,0.6254577110026,0.8719453567752571,0.2270315672404622,0.08304817869072072,9.081262689618487e-07,7.584389075410695e-08,6.0,0,7.0,0,8.0,0,6.0,0,0.0,1,2014-12-01,2014-11-01,2014-12-01,2014-10-01,2014-12-01,2015-01-24,2015-01-17,persist17w
2015-02-06,0,2015-02-06,expansion,expansion,official,0.681362012109132,0.2850036858533768,0,0,2,0,0.32073656849201587,labor_stress,1.092688568323492,-0.23980973737958225,none,absent,True,0.8065590773209564,0,expansion,0.0,0.051387800867053336,0.0,0,0,4,,4,0,0.1390676476868184,0.04108921997700803,0.6428771665489608,0.8827348939921342,0.21805431354696667,0.07617581667117782,8.722172541878666e-07,6.935967994299353e-08,7.0,0,4.0,0,5.0,0,7.0,0,0.0,1,2015-01-01,2014-12-01,2014-12-01,2014-11-01,2014-12-01,2015-01-31,2015-01-24,persist17w
2015-02-13,0,2015-02-13,expansion,expansion,official,0.6928856170886835,0.337194134477079,0,0,2,0,0.330007112910014,labor_stress,1.1432859103615496,-0.021439984555731845,none,absent,True,0.8041007323572702,0,expansion,0.0,0.004594282404799681,0.0,0,0,4,,4,0,0.14133350916919035,0.04246219241774202,0.640543675609344,0.8808192347495993,0.21812194273369476,0.07671850239232919,8.72487770934779e-07,7.044032952237026e-08,8.0,0,5.0,0,6.0,0,8.0,0,0.0,1,2015-01-01,2014-12-01,2014-12-01,2014-11-01,2014-12-01,2015-02-07,2015-01-31,persist17w
2015-02-20,0,2015-02-20,expansion,expansion,preliminary,0.7101937233986086,0.02952802177408278,0,1,1,1,0.3475005199247027,labor_stress,1.233963440641385,0.018643157936581233,none,absent,False,0.7969434232790227,0,expansion,0.0,0.0,0.0,0,0,3,consumption,4,0,0.10746920641537692,0.0302999389658164,0.6531797962214031,0.883321706688842,0.23935010675817153,0.08637828340981933,8.906050484024987e-07,7.093552214385793e-08,4.0,0,6.0,0,7.0,0,9.0,0,0.0,1,2015-01-01,2014-12-01,2015-01-01,2014-11-01,2014-12-01,2015-02-14,2015-02-07,persist17w
2015-02-27,0,2015-02-27,expansion,expansion,official,0.651947731659256,-0.15882125083923784,0,1,1,1,0.3229490174169022,labor_stress,1.0527293967326747,-0.49673674445731514,none,absent,True,0.7870911503372564,0,expansion,0.0,0.1064435880979961,0.0,0,0,4,,4,0,0.09856388304262641,0.027488951925398995,0.6514354192836039,0.8798010615916264,0.2499997674420768,0.09270991125437006,9.302316928077276e-07,7.522860449186026e-08,5.0,0,7.0,0,8.0,0,5.0,0,0.0,1,2015-01-01,2014-12-01,2015-01-01,2014-11-01,2015-01-01,2015-02-21,2015-02-14,persist17w
2015-03-06,0,2015-03-06,expansion,expansion,official,0.6654665925445667,-0.22363022509682345,0,1,1,1,0.2674237896300299,labor_stress,0.8898079902522552,-0.8823685339846734,none,absent,True,0.8281294719309262,0,expansion,0.0,0.15,0.0,0,0,4,,4,0,0.07502613000009467,0.019109771093226636,0.6948370084904645,0.904509819950181,0.2301360051894215,0.0763803480192548,8.563200193094753e-07,6.09373376305918e-08,6.0,0,3.0,0,5.0,0,6.0,0,0.0,1,2015-02-01,2015-01-01,2015-01-01,2014-12-01,2015-01-01,2015-02-28,2015-02-21,persist17w
2015-03-13,0,2015-03-13,expansion,expansion,official,0.6659926516570119,-0.1404027275956777,0,1,1,1,0.26948241629586694,labor_stress,0.897366545019116,-0.45683066413418516,none,absent,True,0.809291521543379,0,expansion,0.0,0.09789228517161111,0.0,0,0,4,,4,0,0.08829341724537244,0.022975697520802238,0.670990471452435,0.8931578787490688,0.24071521561766937,0.08386635720568977,8.956845232285373e-07,6.65244391037191e-08,7.0,0,4.0,0,6.0,0,7.0,0,0.0,1,2015-02-01,2015-01-01,2015-01-01,2014-12-01,2015-01-01,2015-03-07,2015-02-28,persist17w
2015-03-20,0,2015-03-20,expansion,expansion,official,0.6375462403146563,-0.09647684508811707,0,1,1,1,0.2667993165896395,labor_stress,0.8504845060512221,-0.2065762666371095,none,absent,True,0.8027676108837104,0,expansion,0.0,0.04426634285080919,0.0,0,0,4,,4,0,0.09857829950977631,0.02643349795777386,0.6603390826753155,0.8881670222342555,0.24108172076664494,0.08539941135054505,8.970482633177486e-07,6.845742567334203e-08,4.0,0,5.0,0,7.0,0,8.0,0,0.0,1,2015-02-01,2015-01-01,2015-02-01,2014-12-01,2015-01-01,2015-03-14,2015-03-07,persist17w
2015-03-27,0,2015-03-27,expansion,expansion,official,0.6410524049570373,-0.12186838651608509,0,2,1,2,0.29849473055513476,labor_stress,0.9567538244468599,-0.17706324436520998,none,absent,True,0.7870208124923156,0,expansion,0.037942123792544996,0.037942123792544996,0.0,0,0,4,,4,0,0.09316170965915999,0.025388350596480747,0.653344064941638,0.8808161958152453,0.253493343683224,0.0937953833229297,8.817159780286053e-07,7.026534427105083e-08,5.0,0,6.0,0,8.0,0,5.0,0,0.0,1,2015-02-01,2015-01-01,2015-02-01,2014-12-01,2015-02-01,2015-03-21,2015-03-14,persist17w
2015-04-03,0,2015-04-03,expansion,expansion,official,0.6822362867577236,-0.2699578260797169,0,2,1,2,0.3548237851825115,labor_stress,1.2103683082811842,-0.16494950250544171,none,absent,True,0.7937476711961262,0,expansion,0.035346321965451795,0.035346321965451795,0.0,0,0,4,,4,0,0.06954345712380086,0.017454123731035852,0.6778480042575523,0.888146739690647,0.2526076599833078,0.09439906849452076,8.78635339072375e-07,6.808379648642761e-08,6.0,0,3.0,0,4.0,0,6.0,0,0.0,1,2015-03-01,2015-02-01,2015-02-01,2015-01-01,2015-02-01,2015-03-28,2015-03-21,persist17w
2015-04-10,0,2015-04-10,expansion,expansion,official,0.6992647207844431,-0.23535767387562564,0,2,1,2,0.3700257388711005,labor_stress,1.293729724873787,0.00805125851501458,none,absent,True,0.7991720949312745,0,expansion,0.0,0.0,0.0,0,0,4,,4,0,0.07113470689810389,0.01807769120271866,0.6761970824610473,0.8905471685505735,0.25266733179795564,0.09137507361929893,8.788428932102804e-07,6.662740891543412e-08,7.0,0,4.0,0,5.0,0,7.0,0,0.0,1,2015-03-01,2015-02-01,2015-02-01,2015-01-01,2015-02-01,2015-04-04,2015-03-28,persist17w
2015-04-17,0,2015-04-17,expansion,expansion,official,0.6887654065679782,-0.24481556186811773,0,1,1,1,0.38348735345813945,labor_stress,1.3206641145913671,-0.08620548167892458,none,absent,True,0.8175162309498004,0,expansion,0.0,0.018472603216912412,0.0,0,0,4,,4,0,0.07267292844965409,0.018490634245296247,0.6871676035551212,0.8995127659211898,0.2401585743819247,0.08199653497138937,8.936133000257663e-07,6.486212478037528e-08,4.0,0,5.0,0,6.0,0,4.0,0,0.0,1,2015-03-01,2015-02-01,2015-03-01,2015-01-01,2015-03-01,2015-04-11,2015-04-04,persist17w
2015-04-24,0,2015-04-24,expansion,expansion,official,0.6866129595266133,-0.1498548252081044,0,1,1,1,0.3829161524891469,labor_stress,1.3145759635555854,0.3880852404496026,none,absent,True,0.8123711966985643,0,expansion,0.0,0.0,0.0,0,0,4,,4,0,0.08393232423654899,0.02155039622983401,0.675506974017654,0.8954103674488868,0.24055980663953963,0.08303917075032247,8.951062572634033e-07,6.55709567573796e-08,5.0,0,6.0,0,7.0,0,5.0,0,0.0,1,2015-03-01,2015-02-01,2015-03-01,2015-01-01,2015-03-01,2015-04-18,2015-04-11,persist17w
2015-05-01,0,2015-05-01,expansion,expansion,official,0.65561006090625,-0.31668242780686184,0,2,0,2,0.41118810511043324,labor_stress,1.3478952931768833,0.9996519819477256,none,absent,True,0.5315340822223733,0,expansion,0.0,0.0,0.0,0,0,4,,4,0,0.07086931197367877,0.0160272009317715,0.6648757297637635,0.7577533672889457,0.26425403911807394,0.22621928506657246,9.191444838889528e-07,1.4671271021886035e-07,6.0,0,7.0,0,4.0,0,6.0,0,0.0,1,2015-03-01,2015-03-01,2015-03-01,2015-02-01,2015-03-01,2015-04-25,2015-04-18,persist17w
2015-05-08,0,2015-05-08,expansion,expansion,official,0.6706328590434563,-0.30327023470359593,0,3,0,3,0.4279848642903762,labor_stress,1.4351035658319031,1.243806015438039,none,absent,True,0.573017213340645,0,expansion,0.0,0.0,0.0,0,0,4,,4,0,0.07258085251314408,0.017322596374248142,0.6374776468397559,0.7778472448860514,0.2899405539024342,0.20483003154540633,9.467446658038666e-07,1.2719429414998164e-07,7.0,0,4.0,0,5.0,0,7.0,0,0.0,1,2015-04-01,2015-03-01,2015-03-01,2015-02-01,2015-03-01,2015-05-02,2015-04-25,persist17w
2015-05-15,0,2015-05-15,expansion,expansion,official,0.6946979585530595,-0.17763456705432637,0,3,0,3,0.4514656205738553,labor_stress,1.568161224847737,1.7361165104009362,none,absent,True,0.7182068894015543,0,expansion,0.0,0.0,0.0,0,0,4,,4,0,0.08413882627650832,0.022411528459246172,0.6259196730763916,0.8478976370535088,0.2899405539024342,0.12969074765195457,9.467446658038666e-07,8.683529032555555e-08,4.0,0,5.0,0,6.0,0,8.0,0,0.0,1,2015-04-01,2015-03-01,2015-04-01,2015-02-01,2015-03-01,2015-05-09,2015-05-02,persist17w
2015-05-22,0,2015-05-22,expansion,expansion,official,0.7143516848145371,-0.06445816468423082,0,3,0,3,0.47319331255567904,labor_stress,1.690132200335606,1.9403525373343413,none,absent,True,0.723601493356333,0,expansion,0.0,0.0,0.0,0,0,4,,4,0,0.09449691611168637,0.026461077996566756,0.6155615832412137,0.8485701647291334,0.2899405539024342,0.12496867137280039,9.467446658038666e-07,8.590149948479787e-08,5.0,0,6.0,0,7.0,0,5.0,0,0.0,1,2015-04-01,2015-03-01,2015-04-01,2015-02-01,2015-04-01,2015-05-16,2015-05-09,persist17w
2015-05-29,0,2015-05-29,expansion,expansion,official,0.6934197832257265,-0.26832540071900923,0,3,0,3,0.457290873651189,labor_stress,1.5854726923915528,0.910655596077014,none,absent,True,0.7357309188302705,0,expansion,0.0,0.0,0.0,0,0,4,,4,0,0.07360319000322489,0.02021821874660014,0.6364553093496751,0.8577563080175441,0.28994055390243423,0.12202538918727358,9.467446658038668e-07,8.404858205917947e-08,6.0,0,7.0,0,8.0,0,6.0,0,0.0,1,2015-04-01,2015-03-01,2015-04-01,2015-02-01,2015-04-01,2015-05-23,2015-05-16,persist17w
2015-06-05,0,2015-06-05,expansion,expansion,official,0.6909209445345315,-0.23451199948652784,0,2,0,2,0.4401216090330921,labor_stress,1.5204461891160088,0.5236870468161173,none,absent,True,0.7784634193513161,0,expansion,0.0,0.0,0.0,0,0,4,,4,0,0.07566305431765544,0.020046583335412562,0.6599874819712682,0.8792083809285168,0.264348544237879,0.10074496157720067,9.194731973491445e-07,7.415886989161994e-08,7.0,0,4.0,0,5.0,0,7.0,0,0.0,1,2015-05-01,2015-04-01,2015-04-01,2015-03-01,2015-04-01,2015-05-30,2015-05-23,persist17w
2015-06-12,0,2015-06-12,expansion,expansion,official,0.6837020555577764,-0.24572195673770061,0,2,0,2,0.414199344135501,labor_stress,1.4159447149806244,0.15828751625350945,none,absent,True,0.7806156508251446,0,expansion,0.0,0.0,0.0,0,0,4,,4,0,0.0753638742348739,0.019870313230295953,0.6602925601908043,0.8803726321253124,0.2643426461216396,0.09975698130016776,9.194526821622247e-07,7.334422386764441e-08,8.0,0,5.0,0,6.0,0,8.0,0,0.0,1,2015-05-01,2015-04-01,2015-04-01,2015-03-01,2015-04-01,2015-06-06,2015-05-30,persist17w
2015-06-19,0,2015-06-19,expansion,expansion,official,0.6886146285321967,-0.2513555875392295,0,2,0,2,0.4144186950681623,labor_stress,1.4268738788058015,0.2314358623203779,none,absent,True,0.8021563431578955,0,expansion,0.0,0.0,0.0,0,0,4,,4,0,0.07077142752965046,0.01802089824914125,0.676573984841356,0.8920676895538324,0.25265370883348465,0.08991134639593687,8.787955089860336e-07,6.580108951821898e-08,4.0,0,6.0,0,7.0,0,4.0,0,0.0,1,2015-05-01,2015-04-01,2015-05-01,2015-03-01,2015-05-01,2015-06-13,2015-06-06,persist17w
2015-06-26,0,2015-06-26,expansion,expansion,official,0.714996136944922,-0.02188925381898101,0,1,1,1,0.40641251182388616,labor_stress,1.4529168798008054,0.20818763035540058,none,absent,True,0.8190550564109415,0,expansion,0.0,0.0,0.0,0,0,4,,4,0,0.0902008042366743,0.023814194525090197,0.6788896216439209,0.8976203992708868,0.2309087149241865,0.07856534285994536,8.591952183225544e-07,6.334407759251593e-08,5.0,0,7.0,0,4.0,0,5.0,0,0.0,1,2015-05-01,2015-05-01,2015-05-01,2015-04-01,2015-05-01,2015-06-20,2015-06-13,persist17w
2015-07-03,0,2015-07-03,expansion,expansion,official,0.700361709996472,-0.11383341943902567,0,1,1,1,0.396620380549668,labor_stress,1.3888886397060844,-0.2017715647971003,none,absent,True,0.8232710378543424,0,expansion,0.0,0.04323676388509292,0.0,0,0,4,,4,0,0.0823807951929736,0.021504109523416012,0.6871078349260713,0.9008834329204904,0.2305105121674214,0.07761239506614805,8.577135336462191e-07,6.248994557590355e-08,6.0,0,3.0,0,5.0,0,6.0,0,0.0,1,2015-06-01,2015-05-01,2015-05-01,2015-04-01,2015-05-01,2015-06-27,2015-06-20,persist17w
2015-07-10,0,2015-07-10,expansion,expansion,official,0.6767863044009068,-0.25941898447591527,0,1,1,1,0.37447768660802205,labor_stress,1.267206848000221,-0.9330051469518121,none,absent,True,0.830259271001239,0,expansion,0.0,0.15,0.0,0,0,4,,4,0,0.06950820738640276,0.017695238996002602,0.7006359103408724,0.9062819855857174,0.22985502699820587,0.07602271458447843,8.552745190630917e-07,6.083380157340928e-08,7.0,0,4.0,0,6.0,0,7.0,0,0.0,1,2015-06-01,2015-05-01,2015-05-01,2015-04-01,2015-05-01,2015-07-04,2015-06-27,persist17w
2015-07-17,0,2015-07-17,expansion,expansion,official,0.6547078954611611,-0.26698157708681935,0,0,0,0,0.3710506805282073,labor_stress,1.2146490507902712,-1.4321038972130637,none,absent,True,0.8298064987839572,0,expansion,0.0,0.15,0.0,0,0,4,,4,0,0.07602044208121307,0.019622542643249353,0.6966972651558035,0.9050919454807829,0.2272813836374489,0.07528544669682567,9.091255345497955e-07,6.517914207898101e-08,4.0,0,5.0,0,7.0,0,4.0,0,0.0,1,2015-06-01,2015-05-01,2015-06-01,2015-04-01,2015-06-01,2015-07-11,2015-07-04,persist17w
2015-07-24,0,2015-07-24,expansion,expansion,official,0.6735515644570811,-0.1575341811764303,0,0,0,0,0.3836963257099446,labor_stress,1.2921963022918346,-0.9310685619067984,none,absent,True,0.8263032806235743,0,expansion,0.0,0.15,0.0,0,0,4,,4,0,0.08648557398082478,0.02217756620280824,0.6858793749072059,0.9020628247440112,0.22763414057540704,0.07575954412043692,9.105365623016281e-07,6.493274366660542e-08,5.0,0,6.0,0,8.0,0,5.0,0,0.0,1,2015-06-01,2015-05-01,2015-06-01,2015-04-01,2015-06-01,2015-07-18,2015-07-11,persist17w
2015-07-31,0,2015-07-31,expansion,expansion,preliminary,0.683379507547176,-0.0952544528889407,0,0,0,0,0.3918088626923897,labor_stress,1.338770738196722,-0.6208163913155984,none,absent,False,0.8229002611826598,0,expansion,0.0,0.1330320838533425,0.0,0,0,3,real_income,4,0,0.09245623544436385,0.024160191640237576,0.6797074545679607,0.8993700017567571,0.22783539864608088,0.07646974057409726,9.113415945843235e-07,6.6028908136264e-08,6.0,0,7.0,0,9.0,0,6.0,0,0.0,1,2015-06-01,2015-05-01,2015-06-01,2015-04-01,2015-06-01,2015-07-25,2015-07-18,persist17w
2015-08-07,0,2015-08-07,expansion,expansion,official,0.6812337631851615,-0.16051297844288562,0,0,0,0,0.43127680315824646,labor_stress,1.469001597949792,0.012161746947198928,none,absent,True,0.827598738836311,0,expansion,0.0,0.0,0.0,0,0,4,,4,0,0.08492426651787141,0.02156302880088109,0.6874933108748139,0.9030178228484714,0.22758151228126552,0.07541908401216048,9.103260491250621e-07,6.433848696575019e-08,7.0,0,4.0,0,5.0,0,7.0,0,0.0,1,2015-07-01,2015-06-01,2015-06-01,2015-05-01,2015-06-01,2015-08-01,2015-07-25,persist17w
2015-08-14,0,2015-08-14,expansion,expansion,official,0.6980819803950237,0.022109805049157653,0,0,1,0,0.42105642123205456,labor_stress,1.4696595019585696,-0.024696721878561898,none,absent,True,0.8129087715778585,0,expansion,0.0,0.0052921546882632635,0.0,0,0,4,,4,0,0.11075860120020352,0.030772483998636097,0.6627851135517026,0.8910681091740812,0.22645537942657615,0.0781593375962227,9.058215177063046e-07,6.923105998990562e-08,4.0,0,5.0,0,6.0,0,8.0,0,0.0,1,2015-07-01,2015-06-01,2015-07-01,2015-05-01,2015-06-01,2015-08-08,2015-08-01,persist17w
2015-08-21,0,2015-08-21,expansion,expansion,official,0.6801562969297594,-0.14696374340476798,0,1,1,1,0.3958522877119123,labor_stress,1.3462071307065397,-0.4591712400093661,none,absent,True,0.8074477197707316,0,expansion,0.0,0.09839383714486417,0.0,0,0,4,,4,0,0.09108212689381276,0.02455079358969355,0.6698384855663521,0.8914484291176086,0.23907849794542416,0.08400070934687699,8.895944109597178e-07,6.794582084223341e-08,5.0,0,6.0,0,7.0,0,5.0,0,0.0,1,2015-07-01,2015-06-01,2015-07-01,2015-05-01,2015-07-01,2015-08-15,2015-08-08,persist17w
2015-08-28,0,2015-08-28,expansion,expansion,official,0.6796614238807557,-0.08875591708624969,0,1,1,1,0.38728350800435246,labor_stress,1.3161083024788611,-0.37344958662932887,none,absent,True,0.8037930002061193,0,expansion,0.0,0.08002491142057047,0.0,0,0,4,,4,0,0.0985345920894896,0.026696529324706095,0.6622624984976707,0.8885482012263382,0.23920201935881422,0.08475520102021883,8.900540255211692e-07,6.842873683881123e-08,6.0,0,7.0,0,4.0,0,6.0,0,0.0,1,2015-07-01,2015-07-01,2015-07-01,2015-05-01,2015-07-01,2015-08-22,2015-08-15,persist17w
2015-09-04,0,2015-09-04,expansion,expansion,official,0.6643041367295062,-0.079006477187275,0,1,1,1,0.374658127061197,labor_stress,1.2444347183304105,-0.24463611218900638,none,absent,True,0.8018334378468118,0,expansion,0.0,0.05242202404050137,0.0,0,0,4,,4,0,0.10255344283228714,0.02792845047790326,0.6581770367801095,0.8869524593049589,0.239268630085724,0.08511902145814712,8.903018793887405e-07,6.875899061282471e-08,7.0,0,3.0,0,5.0,0,7.0,0,0.0,1,2015-08-01,2015-07-01,2015-07-01,2015-05-01,2015-07-01,2015-08-29,2015-08-22,persist17w
2015-09-11,0,2015-09-11,expansion,expansion,official,0.661734548317541,-0.0492289105070303,0,1,1,1,0.3722298554312728,labor_stress,1.2315867762705843,-0.09486695776666228,none,absent,True,0.7989024887644596,0,expansion,0.0,0.020328633807141915,0.0,0,0,4,,4,0,0.10691063098078947,0.02953185755621031,0.6537476298386299,0.8846852807706059,0.23934084860998117,0.08578279200614633,8.905705994789996e-07,6.966703733703268e-08,8.0,0,4.0,0,6.0,0,8.0,0,0.0,1,2015-08-01,2015-07-01,2015-07-01,2015-05-01,2015-07-01,2015-09-05,2015-08-29,persist17w
2015-09-18,0,2015-09-18,expansion,expansion,official,0.6576998916114618,0.06228948721734042,0,0,0,0,0.3904353336392005,labor_stress,1.2839463830789357,-0.14848234742581604,none,absent,True,0.8205824741629866,0,expansion,0.0,0.03181764587696058,0.0,0,0,4,,4,0,0.11175199509448841,0.031089070549967016,0.6689651338164055,0.8947466687120971,0.21928199396113024,0.07416419454911044,8.771279758445209e-07,6.618882551346457e-08,4.0,0,5.0,0,7.0,0,4.0,0,0.0,1,2015-08-01,2015-07-01,2015-08-01,2015-05-01,2015-08-01,2015-09-12,2015-09-05,persist17w
2015-09-25,0,2015-09-25,expansion,expansion,official,0.657752577528141,0.0389145180400417,0,0,0,0,0.3904841597089411,labor_stress,1.2842098126623314,-0.27013325752242856,none,absent,True,0.8222563338613758,0,expansion,0.0,0.057885698040520406,0.0,0,0,4,,4,0,0.10897282707518904,0.030102619538173135,0.6718780590058792,0.8960768242987661,0.21914823732598246,0.07382049043739038,8.765929493039299e-07,6.572567023873148e-08,5.0,0,6.0,0,8.0,0,5.0,0,0.0,1,2015-08-01,2015-07-01,2015-08-01,2015-05-01,2015-08-01,2015-09-19,2015-09-12,persist17w
2015-10-02,0,2015-10-02,expansion,expansion,official,0.6624070087300732,-0.05687228624279478,0,1,0,1,0.39522122044508584,labor_stress,1.3089865321083907,-0.558900607148648,none,absent,True,0.7806859276246179,0,expansion,0.0,0.11976441581756743,0.0,0,0,4,,4,0,0.10359620193610189,0.029446322218069216,0.6444606661831002,0.875619763974645,0.2519421944214699,0.09493383635002714,9.374593280798881e-07,7.745725856998714e-08,6.0,0,3.0,0,4.0,0,6.0,0,0.0,1,2015-09-01,2015-08-01,2015-08-01,2015-07-01,2015-08-01,2015-09-26,2015-09-19,persist17w
2015-10-09,0,2015-10-09,expansion,expansion,official,0.6754699107316695,-0.016808026670248978,0,1,0,1,0.4063953920876989,labor_stress,1.3725392960761993,-0.36699462364707996,none,absent,True,0.7801784451202824,0,expansion,0.0,0.07864170506723142,0.0,0,0,4,,4,0,0.10620403628445042,0.02985440299234965,0.6418039348042637,0.8751619826212512,0.251991091270016,0.0949835375009688,9.3764126984192e-07,7.688543020531582e-08,7.0,0,4.0,0,5.0,0,7.0,0,0.0,1,2015-09-01,2015-08-01,2015-08-01,2015-07-01,2015-08-01,2015-10-03,2015-09-26,persist17w
2015-10-16,0,2015-10-16,expansion,expansion,official,0.6814364442233438,-0.14393411163025877,0,2,0,2,0.4206574968996789,labor_stress,1.4332567446160474,0.16491201607255113,none,absent,True,0.7761296834250987,0,expansion,0.0,0.0,0.0,0,0,4,,4,0,0.08781546158162319,0.023274298981744025,0.6475954980641158,0.8764276554806808,0.2645881200477565,0.10029797205558207,9.203065045139357e-07,7.348199309105339e-08,4.0,0,5.0,0,6.0,0,4.0,0,0.0,1,2015-09-01,2015-08-01,2015-09-01,2015-07-01,2015-09-01,2015-10-10,2015-10-03,persist17w
2015-10-23,0,2015-10-23,expansion,expansion,official,0.6903263615433032,-0.10288327434268182,0,2,1,2,0.4280753950152098,labor_stress,1.4775586495353101,0.35668262153174907,none,absent,True,0.7726915711418478,0,expansion,0.0,0.0,0.0,0,0,4,,4,0,0.09132808663962762,0.024711966066935723,0.6440136239345584,0.8739897650986106,0.26465736887844393,0.10129819395676282,9.20547370011979e-07,7.487769084039612e-08,5.0,0,6.0,0,7.0,0,5.0,0,0.0,1,2015-09-01,2015-08-01,2015-09-01,2015-07-01,2015-09-01,2015-10-17,2015-10-10,persist17w
2015-10-30,0,2015-10-30,expansion,expansion,official,0.7032625356001975,-0.07409456511551596,0,2,0,2,0.44310631429262665,labor_stress,1.5581003506494533,0.7490425299019969,none,absent,True,0.7721187326620669,0,expansion,0.0,0.0,0.0,0,0,4,,4,0,0.09260538223337003,0.025041793692854714,0.6427111473059761,0.8735384320435001,0.264682549825698,0.10141969938143319,9.206349559154713e-07,7.488221194186204e-08,6.0,0,7.0,0,4.0,0,6.0,0,0.0,1,2015-09-01,2015-09-01,2015-09-01,2015-08-01,2015-09-01,2015-10-24,2015-10-17,persist17w
2015-11-06,0,2015-11-06,expansion,expansion,official,0.6934768588249894,-0.026404928394075912,0,1,0,1,0.4318767661952766,labor_stress,1.497482716102974,0.6230599636534079,none,absent,True,0.8019520442974819,0,expansion,0.0,0.0,0.0,0,0,4,,4,0,0.09730517429109578,0.026427189290988452,0.6616575762970709,0.8877623928476027,0.24103635253238212,0.08581034855012083,8.968794512832824e-07,6.931128808192107e-08,7.0,0,4.0,0,5.0,0,7.0,0,0.0,1,2015-10-01,2015-09-01,2015-09-01,2015-08-01,2015-09-01,2015-10-31,2015-10-24,persist17w
2015-11-13,0,2015-11-13,expansion,expansion,official,0.6648262076742351,-0.13358794192494605,0,1,0,1,0.41226422992559025,labor_stress,1.3704203227058451,0.1670927715782949,none,absent,True,0.8061691700589988,0,expansion,0.0,0.0,0.0,0,0,4,,4,0,0.08931204640567532,0.023988996480791384,0.6699355429732196,0.8910900525379979,0.24075151480151516,0.08492088247899915,8.958195899591262e-07,6.850221165834071e-08,8.0,0,5.0,0,6.0,0,8.0,0,0.0,1,2015-10-01,2015-09-01,2015-09-01,2015-08-01,2015-09-01,2015-11-07,2015-10-31,persist17w
2015-11-20,0,2015-11-20,expansion,expansion,official,0.638116262930364,-0.22100550829597693,0,1,0,1,0.403858083400658,labor_stress,1.2885420546692359,-0.054364140884844245,none,absent,True,0.8107810735974317,0,expansion,0.0,0.011649458761038052,0.0,0,0,4,,4,0,0.08271020238047072,0.021692682203237952,0.6767726467485085,0.8945441622222463,0.24051625592681267,0.08376308862481459,8.94944208099768e-07,6.694970109319812e-08,4.0,0,6.0,0,7.0,0,4.0,0,0.0,1,2015-10-01,2015-09-01,2015-10-01,2015-08-01,2015-10-01,2015-11-14,2015-11-07,persist17w
2015-11-27,0,2015-11-27,expansion,expansion,official,0.6501192847708441,-0.2716406821663969,0,1,0,1,0.38070841004247696,labor_stress,1.237529396215302,-0.26656322296878093,none,absent,True,0.8158350942904729,0,expansion,0.0,0.05712069063616734,0.0,0,0,4,,4,0,0.07482757229928155,0.01920564192831331,0.6849361779803198,0.8983146934489408,0.2402353558214002,0.08247959915846796,8.938989984052101e-07,6.546427779118028e-08,5.0,0,7.0,0,4.0,0,5.0,0,0.0,1,2015-10-01,2015-10-01,2015-10-01,2015-08-01,2015-10-01,2015-11-21,2015-11-14,persist17w
2015-12-04,0,2015-12-04,expansion,expansion,official,0.6797729397427769,-0.1305725323363088,0,1,0,1,0.37596816141802,labor_stress,1.2778649116840715,-0.327047126957832,none,absent,True,0.8229747312420448,0,expansion,0.0,0.07008152720524972,0.0,0,0,4,,4,0,0.0836147410909228,0.021772997420219296,0.6858110550232207,0.9006008357264229,0.23057334593852274,0.0776261044843781,8.579473337247358e-07,6.236897975763678e-08,6.0,0,3.0,0,5.0,0,6.0,0,0.0,1,2015-11-01,2015-10-01,2015-10-01,2015-09-01,2015-10-01,2015-11-28,2015-11-21,persist17w
2015-12-11,0,2015-12-11,expansion,expansion,official,0.6635671728283127,-0.20087716561271013,0,1,0,1,0.36176014701986203,labor_stress,1.200260789999623,-0.6646334370114777,none,absent,True,0.8262225734992314,0,expansion,0.0,0.14242145078817378,0.0,0,0,4,,4,0,0.07790608737017106,0.020041616374977464,0.691810400237389,0.9030904477827362,0.23028265552674482,0.07686787428350476,8.568656949832366e-07,6.15587816371656e-08,7.0,0,4.0,0,6.0,0,7.0,0,0.0,1,2015-11-01,2015-10-01,2015-10-01,2015-09-01,2015-10-01,2015-12-05,2015-11-28,persist17w
2015-12-18,0,2015-12-18,expansion,expansion,official,0.6258964738757125,-0.3681412432528811,0,1,0,1,0.3697296912102865,labor_stress,1.1570625500783716,-0.9035708819852777,none,absent,True,0.8348019869002452,0,expansion,0.0,0.15,0.0,0,0,4,,4,0,0.06382237735355098,0.015774014917553814,0.7066112696575821,0.9095139564811167,0.2295654987916621,0.0747119695808714,8.541972048061846e-07,5.9020458024822634e-08,4.0,0,5.0,0,7.0,0,4.0,0,0.0,1,2015-11-01,2015-10-01,2015-11-01,2015-09-01,2015-11-01,2015-12-12,2015-12-05,persist17w
2015-12-25,0,2015-12-25,expansion,expansion,official,0.6017459463156558,-0.4801098889639813,0,1,0,1,0.35959997503791885,labor_stress,1.0819391363713935,-1.3048265623042206,none,absent,True,0.7694082314475577,0,expansion,0.0,0.15,0.11764705882352941,0,0,4,,4,0,0.05726808965151752,0.01484853744426583,0.6485504914400987,0.8772798126580921,0.2941805240270436,0.10787158121053443,8.948813401503698e-07,6.868710775402803e-08,5.0,0,6.0,0,3.0,0,5.0,0,0.0,1,2015-11-01,2015-11-01,2015-11-01,2015-10-01,2015-11-01,2015-12-19,2015-12-12,persist17w
2016-01-01,0,2016-01-01,expansion,expansion,official,0.5784513537960413,-0.5000105830425688,0,1,0,1,0.333810671351195,labor_stress,0.9654661737733208,-1.4099312343381685,none,absent,True,0.7259257502674314,0,expansion,0.0,0.15,0.17647058823529413,0,0,4,,4,0,0.05774110668441898,0.015186922819561495,0.6192391950637823,0.8553693767002478,0.3230188015592205,0.12944362643281643,8.966925780588739e-07,7.404737429400324e-08,6.0,0,7.0,0,4.0,0,6.0,0,0.0,1,2015-11-01,2015-11-01,2015-11-01,2015-10-01,2015-11-01,2015-12-26,2015-12-19,persist17w
2016-01-08,0,2016-01-08,expansion,expansion,official,0.5853363514881617,-0.411849933785966,0,1,0,1,0.33398186612485814,labor_stress,0.9774586349036606,-1.0428298741001756,none,absent,True,0.6799001973455273,0,expansion,0.0,0.15,0.23529411764705882,0,0,4,,4,0,0.06709421980299238,0.018040974427055972,0.5920629333052128,0.8309295708522965,0.3408419478979647,0.15102937350676918,8.989938302262589e-07,8.121387846352874e-08,7.0,0,4.0,0,5.0,0,7.0,0,0.0,1,2015-12-01,2015-11-01,2015-11-01,2015-10-01,2015-11-01,2016-01-02,2015-12-26,persist17w
2016-01-15,0,2016-01-15,expansion,expansion,official,0.5500641306754868,-0.45740314492398787,0,1,0,1,0.32410548954851254,labor_stress,0.8964687419460876,-1.0349383908489256,none,absent,True,0.6465459039647106,0,expansion,0.0,0.15,0.29411764705882354,0,0,4,,4,0,0.06379661637453815,0.017357468077243417,0.5769904003292889,0.8145941767001441,0.3592121143361807,0.1680482727354336,8.689599921055732e-07,8.24871787746616e-08,4.0,0,5.0,0,6.0,0,8.0,0,0.0,1,2015-12-01,2015-11-01,2015-12-01,2015-10-01,2015-11-01,2016-01-09,2016-01-02,persist17w
2016-01-22,0,2016-01-22,expansion,expansion,official,0.5199247019691862,-0.5939111142077232,0,1,0,1,0.2919958702180961,labor_stress,0.7636512889892216,-1.3223625965308483,none,absent,True,0.5078404881250528,0,expansion,0.0,0.15,0.35294117647058826,0,0,4,,4,0,0.05406410061949705,0.014871432958324689,0.5249432563664587,0.7464844769913053,0.42099174085732277,0.23864398886625252,9.021567215132194e-07,1.0118411756423864e-07,5.0,0,6.0,0,7.0,0,5.0,0,0.0,1,2015-12-01,2015-11-01,2015-12-01,2015-10-01,2015-12-01,2016-01-16,2016-01-09,persist17w
2016-01-29,0,2016-01-29,expansion,expansion,official,0.5192784022913546,-0.6068881911570492,0,1,0,1,0.2911199625865913,labor_stress,0.7604197906000641,-1.3861430224732023,none,absent,True,0.39287993129524945,0,expansion,0.0,0.15,0.4117647058823529,0,0,4,,4,0,0.05286122963880293,0.014316322270445422,0.49316853943913697,0.6892817472414946,0.4539693269215739,0.29640181594624515,9.040004861458866e-07,1.145418148187636e-07,6.0,0,7.0,0,8.0,0,6.0,0,0.0,1,2015-12-01,2015-11-01,2015-12-01,2015-10-01,2015-12-01,2016-01-23,2016-01-16,persist17w
2016-02-05,0,2016-02-05,slowdown,expansion,official,0.49380362573819764,-0.7532351195379297,0,1,0,1,0.2857644348852986,labor_stress,0.7100319608209985,-1.3175221616425934,none,absent,False,0.011060559188247165,1,slowdown,0.0,0.1577702963444652,0.5294117647058824,0,0,4,,4,0,0.04117093309497427,0.009380459699833275,0.4131773345251039,0.48977941361811,0.5456508243421877,0.5008399728063572,9.080377339912351e-07,1.538756995256782e-07,7.0,0,4.0,0,5.0,0,7.0,0,0.0,1,2016-01-01,2015-12-01,2015-12-01,2015-11-01,2015-12-01,2016-01-30,2016-01-23,persist17w
2016-02-12,0,2016-02-12,slowdown,expansion,official,0.5093201764671635,-0.6682250550889133,0,1,0,1,0.3022061105204861,labor_stress,0.774330175740381,-1.0236050708361453,none,absent,True,0.17485714485024872,1,slowdown,0.0,0.15,0.5882352941176471,0,0,4,,4,0,0.04788201169544108,0.009808281912111229,0.38964718925527697,0.4076672007193578,0.5624698891158235,0.5825243455696065,9.099334583547897e-07,1.7179892440559128e-07,8.0,0,5.0,0,6.0,0,8.0,0,0.0,1,2016-01-01,2015-12-01,2015-12-01,2015-11-01,2015-12-01,2016-02-06,2016-01-30,persist17w
2016-02-19,0,2016-02-19,expansion,expansion,official,0.5576500117222097,-0.14322276055627942,0,0,0,0,0.3203168649870853,labor_stress,0.8931235175743478,-0.5416314769660332,none,absent,True,0.812378923336714,0,expansion,0.0,0.11606388792129282,0.0,0,0,4,,4,0,0.10870291209056496,0.02952081150545159,0.6629131354376323,0.8914290214205767,0.22838303893964695,0.07905009808386265,9.135321557585879e-07,6.899010912124531e-08,4.0,0,6.0,0,7.0,0,4.0,0,0.0,1,2016-01-01,2015-12-01,2016-01-01,2015-11-01,2016-01-01,2016-02-13,2016-02-06,persist17w
2016-02-26,0,2016-02-26,expansion,expansion,official,0.5632482786058178,0.01623134417528574,0,0,0,0,0.3263747415814644,labor_stress,0.9191500568808922,-0.1693807313386502,none,absent,True,0.7977188652237852,0,expansion,0.0,0.036295871001139325,0.0,0,0,4,,4,0,0.1308654657016591,0.03792432153342636,0.6400035271409252,0.8798972351358084,0.2291300906370531,0.08217836991202315,9.165203625482124e-07,7.341874200981216e-08,5.0,0,7.0,0,4.0,0,5.0,0,0.0,1,2016-01-01,2016-01-01,2016-01-01,2015-12-01,2016-01-01,2016-02-20,2016-02-13,persist17w
2016-03-04,0,2016-03-04,expansion,expansion,official,0.5694173000240231,0.021239110592358702,0,0,0,0,0.3311747431550703,labor_stress,0.9428831404175473,-0.14914088721093965,none,absent,True,0.79668938899538,0,expansion,0.0,0.03195876154520135,0.0,0,0,4,,4,0,0.13018035776141265,0.03839045645669204,0.6407117286788632,0.8791494290364065,0.2291069971317356,0.08246004004102646,9.164279885269423e-07,7.4465875069626e-08,6.0,0,3.0,0,5.0,0,6.0,0,0.0,1,2016-02-01,2016-01-01,2016-01-01,2015-12-01,2016-01-01,2016-02-27,2016-02-20,persist17w
2016-03-11,0,2016-03-11,expansion,expansion,official,0.5796500374072309,0.08706553585934085,0,0,0,0,0.34298171765155006,labor_stress,0.9940468273335865,0.17894129708889003,none,absent,True,0.7926300775459886,0,expansion,0.0,0.0,0.0,0,0,4,,4,0,0.13694705612712477,0.04081136852388914,0.6337169386496659,0.8759093168482377,0.2293350878828578,0.08327923930224908,9.173403515314313e-07,7.532562412073812e-08,7.0,0,4.0,0,6.0,0,7.0,0,0.0,1,2016-02-01,2016-01-01,2016-01-01,2015-12-01,2016-01-01,2016-03-05,2016-02-27,persist17w
2016-03-18,0,2016-03-18,expansion,expansion,official,0.5451915195659831,0.11087010657098366,0,0,0,0,0.36304304195194703,labor_stress,0.9896399385481948,0.555830264445486,none,absent,True,0.7848123932618928,0,expansion,0.0,0.0,0.0,0,0,4,,4,0,0.14866229020471924,0.04548029953856352,0.6216068078167473,0.8696660081954801,0.22972998305860126,0.08485361493358738,9.18919932234405e-07,7.733236899124054e-08,4.0,0,5.0,0,7.0,0,4.0,0,0.0,1,2016-02-01,2016-01-01,2016-02-01,2015-12-01,2016-02-01,2016-03-12,2016-03-05,persist17w
2016-03-25,0,2016-03-25,expansion,expansion,official,0.5919530727445388,0.1900049129884514,0,0,0,0,0.41388431143161997,labor_stress,1.2250004495635254,0.9662835795158368,none,absent,True,0.783285522937587,0,expansion,0.0,0.0,0.0,0,0,4,,4,0,0.14728272337446505,0.046036225024464875,0.6230328770439159,0.8686246095538848,0.22968348084769583,0.08533908661629777,9.187339233907833e-07,7.880535268596046e-08,5.0,0,6.0,0,8.0,0,5.0,0,0.0,1,2016-02-01,2016-01-01,2016-02-01,2015-12-01,2016-02-01,2016-03-19,2016-03-12,persist17w
2016-04-01,0,2016-04-01,expansion,expansion,official,0.5476775549677928,0.1739925835206336,0,0,0,0,0.3979099073107007,labor_stress,1.1728896045577573,0.9702750426565347,none,absent,True,0.7761195374104054,0,expansion,0.0,0.0,0.0,0,0,4,,4,0,0.15664825788294637,0.05022445805423284,0.6133516493819916,0.8629474992498509,0.229999172738371,0.08682796183944554,9.199966909534841e-07,8.085647064026526e-08,6.0,0,3.0,0,4.0,0,6.0,0,0.0,1,2016-03-01,2016-02-01,2016-02-01,2016-01-01,2016-02-01,2016-03-26,2016-03-19,persist17w
2016-04-08,0,2016-04-08,expansion,expansion,official,0.53319899039671,0.0743407960170696,0,0,0,0,0.3829842858060347,labor_stress,1.1011691403813513,0.47255798294412754,none,absent,True,0.7815916875707373,0,expansion,0.0,0.0,0.0,0,0,4,,4,0,0.14645569337968717,0.04666670575097659,0.6238877845406993,0.867462450810421,0.22965560345719985,0.08587076323968366,9.186224138287994e-07,8.019891882055209e-08,7.0,0,4.0,0,5.0,0,7.0,0,0.0,1,2016-03-01,2016-02-01,2016-02-01,2016-01-01,2016-02-01,2016-04-02,2016-03-26,persist17w
2016-04-15,0,2016-04-15,expansion,expansion,official,0.5060227560320276,-0.28263488391972424,0,1,0,1,0.3780259542386575,labor_stress,1.1493597821870596,0.24318147398527024,none,absent,True,0.8010433345759861,0,expansion,0.0,0.0,0.0,0,0,4,,4,0,0.09563114870273706,0.026292923365853475,0.663391256557677,0.8873751704869831,0.24097669808210473,0.08633183591099698,8.966574812357385e-07,7.023616654284518e-08,4.0,0,5.0,0,6.0,0,4.0,0,0.0,1,2016-03-01,2016-02-01,2016-03-01,2016-01-01,2016-03-01,2016-04-09,2016-04-02,persist17w
2016-04-22,0,2016-04-22,expansion,expansion,official,0.5260322587882117,-0.25072723487239335,0,1,0,1,0.39784047103380515,labor_stress,1.2494072959679796,0.369007318730992,none,absent,True,0.8017464215598856,0,expansion,0.0,0.0,0.0,0,0,4,,4,0,0.09689855386975094,0.026283068618954093,0.6620786868242617,0.8877316417772029,0.24102186248045246,0.08598522021731721,8.968255348109859e-07,6.938652587448196e-08,5.0,0,6.0,0,7.0,0,5.0,0,0.0,1,2016-03-01,2016-02-01,2016-03-01,2016-01-01,2016-03-01,2016-04-16,2016-04-09,persist17w
2016-04-29,0,2016-04-29,expansion,expansion,official,0.5416665299190516,-0.3078755651791792,0,1,0,1,0.4195905337577069,labor_stress,1.3505127436424023,0.3187296565388389,none,absent,True,0.8085432082615633,0,expansion,0.0,0.0,0.0,0,0,4,,4,0,0.08613011973438783,0.022825868808735484,0.6732308590657984,0.8928586359068424,0.24063812580213634,0.08431542764527915,8.95397677403298e-07,6.763914301477393e-08,6.0,0,7.0,0,4.0,0,6.0,0,0.0,1,2016-03-01,2016-03-01,2016-03-01,2016-02-01,2016-03-01,2016-04-23,2016-04-16,persist17w
2016-05-06,0,2016-05-06,expansion,expansion,official,0.5320306701210786,-0.40232747369799854,0,1,0,1,0.4168845082641201,labor_stress,1.3217178063322672,0.15562889982327188,none,absent,True,0.7932731749751082,0,expansion,0.0,0.0,0.058823529411764705,0,0,4,,4,0,0.07491075239368783,0.019684300772859153,0.6603638990846757,0.8867944033993557,0.2647244531261013,0.09352122842424748,8.953955350922058e-07,6.740353763711039e-08,7.0,0,4.0,0,5.0,0,7.0,0,0.0,1,2016-04-01,2016-03-01,2016-03-01,2016-02-01,2016-03-01,2016-04-30,2016-04-23,persist17w
2016-05-13,0,2016-05-13,expansion,expansion,official,0.4883825530240708,-0.5020658008288009,0,1,0,1,0.36999274005945415,labor_stress,1.0923016570548072,-0.4794219750495271,none,absent,True,0.7953036886056525,0,expansion,0.0,0.11159167597800299,0.058823529411764705,0,0,4,,4,0,0.06778625303994609,0.017722471610732447,0.6649597839629533,0.8887905751288673,0.267253068377443,0.09348688652321478,8.946196576055551e-07,6.673718536880742e-08,8.0,0,5.0,0,6.0,0,8.0,0,0.0,1,2016-04-01,2016-03-01,2016-03-01,2016-02-01,2016-03-01,2016-05-07,2016-04-30,persist17w
2016-05-20,0,2016-05-20,expansion,expansion,official,0.49837053679032933,-0.27700676807628755,0,0,0,0,0.3380378031645791,labor_stress,0.9104689824730355,-0.9742964299647794,none,absent,False,0.8156225769004811,0,expansion,0.0,0.15154790364298934,0.0,0,0,4,,4,0,0.0994841584213627,0.02733333517620139,0.6724426345761942,0.8941445861561214,0.22807229471326415,0.07852200925564021,9.122891788530566e-07,6.941203699159071e-08,4.0,0,6.0,0,7.0,0,4.0,0,0.0,1,2016-04-01,2016-03-01,2016-04-01,2016-02-01,2016-04-01,2016-05-14,2016-05-07,persist17w
2016-05-27,0,2016-05-27,expansion,expansion,official,0.4809531190013271,-0.2875741306360112,0,0,0,0,0.3159190108552522,labor_stress,0.8233818935280242,-1.0317613596434163,none,absent,False,0.8161947183161093,0,expansion,0.0,0.15765279145266203,0.0,0,0,4,,4,0,0.10096899922275136,0.027351415261897973,0.670907742806062,0.8944216172572655,0.22812234548180474,0.07822689894115624,9.124893819272189e-07,6.853968034655214e-08,5.0,0,7.0,0,8.0,0,5.0,0,0.0,1,2016-04-01,2016-03-01,2016-04-01,2016-02-01,2016-04-01,2016-05-21,2016-05-14,persist17w
2016-06-03,0,2016-06-03,expansion,expansion,official,0.472775352098044,-0.3437908615155438,0,1,0,1,0.3211688066198555,labor_stress,0.8239322541956451,-0.808798825872327,none,absent,False,0.7882946139001392,0,expansion,0.0,0.16254233751780006,0.0,0,0,4,,4,0,0.09623284388017972,0.02600756234678299,0.6519620875878624,0.8811434887624237,0.25180413158635184,0.09284887486228448,9.369456059027046e-07,7.402850883495795e-08,6.0,0,3.0,0,5.0,0,6.0,0,0.0,1,2016-05-01,2016-04-01,2016-04-01,2016-03-01,2016-04-01,2016-05-28,2016-05-21,persist17w
2016-06-10,0,2016-06-10,expansion,expansion,official,0.5067804958863691,-0.2693208440648716,0,1,0,1,0.3633626045427437,labor_stress,0.993957973137271,-0.4383520163301658,none,absent,True,0.7846527310089445,0,expansion,0.0,0.09393257492789267,0.0,0,0,4,,4,0,0.10189203719546142,0.027997095940909836,0.6461967841017989,0.8783277799724298,0.25191024136230666,0.09367504896348533,9.373404329760248e-07,7.512317501048638e-08,7.0,0,4.0,0,6.0,0,7.0,0,0.0,1,2016-05-01,2016-04-01,2016-04-01,2016-03-01,2016-04-01,2016-06-04,2016-05-28,persist17w
2016-06-17,0,2016-06-17,expansion,expansion,official,0.4830473630046626,-0.18141840883794363,0,1,1,1,0.34330328299798785,labor_stress,0.9738980640536249,-0.7546130096519629,none,absent,False,0.7646171187447396,0,expansion,0.0,0.15436922650872326,0.0,0,0,4,,4,0,0.12868262595142785,0.03946189773040444,0.6213166763748026,0.8625775694052091,0.2499997674420768,0.0979604506604695,9.302316928077276e-07,8.220391682411066e-08,4.0,0,5.0,0,7.0,0,4.0,0,0.0,1,2016-05-01,2016-04-01,2016-05-01,2016-03-01,2016-05-01,2016-06-11,2016-06-04,persist17w
2016-06-24,0,2016-06-24,expansion,expansion,official,0.4907819561310392,-0.21635926444260617,0,1,1,1,0.35213522681329035,labor_stress,1.012571029685508,-0.9348971609788203,none,absent,False,0.7701321599417189,0,expansion,0.0,0.15319080365912166,0.0,0,0,4,,4,0,0.12089753242887817,0.03622770062332365,0.6291017698973522,0.8669521893710872,0.24999976744207678,0.09682002942936832,9.302316928077275e-07,8.057622096869958e-08,5.0,0,6.0,0,8.0,0,5.0,0,0.0,1,2016-05-01,2016-04-01,2016-05-01,2016-03-01,2016-05-01,2016-06-18,2016-06-11,persist17w
2016-07-01,0,2016-07-01,expansion,expansion,official,0.4873977565413831,-0.2474817995658157,0,1,1,1,0.3598495269421271,labor_stress,1.0286646220946374,-0.801533086532094,none,absent,False,0.7759989813998414,0,expansion,0.0,0.1546607222311021,0.0,0,0,4,,4,0,0.11623187190828393,0.033505781422634884,0.6337674304179466,0.8712465610725514,0.2499997674420768,0.09524757967271001,9.302316928077276e-07,7.783210367731135e-08,6.0,0,7.0,0,4.0,0,6.0,0,0.0,1,2016-05-01,2016-05-01,2016-05-01,2016-04-01,2016-05-01,2016-06-25,2016-06-18,persist17w
2016-07-08,0,2016-07-08,expansion,expansion,official,0.4918890949410432,-0.03596311685989228,0,1,1,1,0.3597612288256109,labor_stress,1.0364912605106222,-0.17268355287942325,none,absent,False,0.7530244326951011,0,expansion,0.0,0.037485932249362724,0.0,0,0,4,,4,0,0.15210431810635636,0.0469818510639202,0.597894984219874,0.8530212492896941,0.24999976744207678,0.099996816594593,9.302316928077275e-07,8.305179262989169e-08,7.0,0,4.0,0,5.0,0,7.0,0,0.0,1,2016-06-01,2016-05-01,2016-05-01,2016-04-01,2016-05-01,2016-07-02,2016-06-25,persist17w
2016-07-15,0,2016-07-15,expansion,expansion,official,0.538774301639646,0.07910685971821389,0,1,1,1,0.4027322818863579,labor_stress,1.1543088937042065,0.6284933973603856,none,absent,True,0.7482822613079511,0,expansion,0.0,0.0,0.0,0,0,4,,4,0,0.15868362936227665,0.05001234101497561,0.5913156729639537,0.849134917944485,0.2499997674420768,0.10085265663653402,9.302316928077276e-07,8.440400520761841e-08,4.0,0,5.0,0,6.0,0,4.0,0,0.0,1,2016-06-01,2016-05-01,2016-06-01,2016-04-01,2016-06-01,2016-07-09,2016-07-02,persist17w
2016-07-22,0,2016-07-22,expansion,expansion,official,0.5412439628103247,0.13059299103024075,0,1,1,1,0.4052944273744619,labor_stress,1.1666571995575998,0.8865181112046621,none,absent,True,0.7391876200960438,0,expansion,0.0,0.0,0.0,0,0,4,,4,0,0.16578334519512902,0.05490220841870303,0.5842159571311014,0.8421426617511016,0.2499997674420768,0.10295504165505784,9.302316928077276e-07,8.81751375407888e-08,5.0,0,6.0,0,7.0,0,5.0,0,0.0,1,2016-06-01,2016-05-01,2016-06-01,2016-04-01,2016-06-01,2016-07-16,2016-07-09,persist17w
2016-07-29,0,2016-07-29,expansion,expansion,official,0.5453602480524522,0.14368190480177342,0,1,1,1,0.409516354250497,labor_stress,1.1872386257682372,0.9526795233783903,none,absent,True,0.7356805105108115,0,expansion,0.0,0.0,0.0,0,0,4,,4,0,0.16656877993818645,0.05648574087882366,0.5834305223880439,0.8395973397644819,0.2499997674420768,0.10391682925367042,9.302316928077276e-07,9.010302404373787e-08,6.0,0,7.0,0,8.0,0,6.0,0,0.0,1,2016-06-01,2016-05-01,2016-06-01,2016-04-01,2016-06-01,2016-07-23,2016-07-16,persist17w
2016-08-05,0,2016-08-05,expansion,expansion,official,0.45135867992754947,0.05754857100100554,0,2,2,2,0.44202981868756025,labor_stress,1.0737417050888172,0.2056069869647846,none,absent,False,0.6936033311333749,0,expansion,0.02181666106440505,0.0,0.0,0,0,4,,4,0,0.1764612837517275,0.06645570855426502,0.5606808994325623,0.8135737610130117,0.262856902530832,0.11997042987963684,9.142848783681113e-07,1.0055308650347314e-07,7.0,0,4.0,0,5.0,0,7.0,0,0.0,1,2016-07-01,2016-06-01,2016-06-01,2016-05-01,2016-06-01,2016-07-30,2016-07-23,persist17w
2016-08-12,0,2016-08-12,expansion,expansion,official,0.4411261921736213,0.05924730491678058,0,1,2,1,0.4206335124299597,labor_stress,1.0002469588915948,0.05065901981740485,none,absent,False,0.7154575426883041,0,expansion,0.0,0.0,0.0,0,0,4,,4,0,0.1828559541912399,0.06755345114002426,0.5671433481349905,0.8239519969950787,0.24999976744207678,0.1084944543067746,9.302316928077275e-07,9.755812254549328e-08,8.0,0,5.0,0,6.0,0,8.0,0,0.0,1,2016-07-01,2016-06-01,2016-06-01,2016-05-01,2016-06-01,2016-08-06,2016-07-30,persist17w
2016-08-19,0,2016-08-19,expansion,expansion,official,0.4482329764838582,0.18584440211911848,0,1,2,1,0.4048719541700474,labor_stress,0.9073848055623828,-0.3241250716098784,none,absent,False,0.7006109633031044,0,expansion,0.0,0.06945537248783108,0.0,0,0,4,,4,0,0.20193153300012232,0.08054192784388872,0.5480677693261081,0.8100344665756445,0.2499997674420768,0.10942350327254016,9.302316928077276e-07,1.023079265312677e-07,4.0,0,6.0,0,7.0,0,4.0,0,0.0,1,2016-07-01,2016-06-01,2016-07-01,2016-05-01,2016-07-01,2016-08-13,2016-08-06,persist17w
2016-08-26,0,2016-08-26,expansion,expansion,official,0.4505364308389014,0.20426745891890502,0,1,2,1,0.4079146610304513,labor_stress,0.9189020773375992,-0.2314583088333101,none,absent,False,0.6971490672938789,0,expansion,0.0,0.04959820903570931,0.0,0,0,4,,4,0,0.20407434490660922,0.08070161735600008,0.5459249574196212,0.8082236735862942,0.2499997674420768,0.11107460629241526,9.302316928077276e-07,1.0276529050316865e-07,5.0,0,7.0,0,8.0,0,5.0,0,0.0,1,2016-07-01,2016-06-01,2016-07-01,2016-05-01,2016-07-01,2016-08-20,2016-08-13,persist17w
2016-09-02,0,2016-09-02,expansion,expansion,official,0.4939187766314145,0.32560619131286916,0,0,2,0,0.3711926062817073,labor_stress,0.9166949899464358,-0.33248947407342544,none,absent,False,0.7578544656705295,0,expansion,0.0,0.07124774444430546,0.0,0,0,4,,4,0,0.20266718519552143,0.0762844067557148,0.5787972888251809,0.840784985420655,0.21853461561507778,0.08293051975012551,9.103642200332125e-07,8.807350469646175e-08,6.0,0,3.0,0,5.0,0,6.0,0,0.0,1,2016-08-01,2016-07-01,2016-07-01,2016-06-01,2016-07-01,2016-08-27,2016-08-20,persist17w
2016-09-09,0,2016-09-09,expansion,expansion,official,0.5008123258464121,0.2835098449006483,0,0,2,0,0.3798479737549926,labor_stress,0.9511627360214236,-0.5431842012692628,none,absent,False,0.750155716262208,0,expansion,0.0,0.11639661455769917,0.0,0,0,4,,4,0,0.19528664378804964,0.07357359978378328,0.5769318297087818,0.8382910135622471,0.22778061538070712,0.08813529730003912,9.111224615228284e-07,8.935393055516599e-08,7.0,0,4.0,0,6.0,0,7.0,0,0.0,1,2016-08-01,2016-07-01,2016-07-01,2016-06-01,2016-07-01,2016-09-03,2016-08-27,persist17w
2016-09-16,0,2016-09-16,expansion,expansion,official,0.466572112266799,-0.08045523529462958,0,1,1,1,0.39620691814530073,labor_stress,0.96029839817671,-0.5666500216459801,none,absent,False,0.7719754555426592,0,expansion,0.0,0.12496262482733637,0.0,0,0,4,,4,0,0.13593450080786434,0.04187445715419373,0.6216516759522074,0.8650504598741361,0.2424129212383609,0.09307500433147685,9.020015673985522e-07,7.864019346172454e-08,4.0,0,5.0,0,7.0,0,4.0,0,0.0,1,2016-08-01,2016-07-01,2016-08-01,2016-06-01,2016-08-01,2016-09-10,2016-09-03,persist17w
2016-09-23,0,2016-09-23,expansion,expansion,official,0.47576963167632347,-0.06332236722472351,0,1,1,1,0.4074499033879895,labor_stress,1.0062859952243324,-0.4819091345153838,none,absent,False,0.7720618718413171,0,expansion,0.0,0.10534753773591209,0.0,0,0,4,,4,0,0.13660484292691943,0.041857360382561604,0.6209574458832404,0.8651022165623058,0.24243680909938772,0.0930403447209887,9.020904524628381e-07,7.833414386402972e-08,5.0,0,6.0,0,8.0,0,5.0,0,0.0,1,2016-08-01,2016-07-01,2016-08-01,2016-06-01,2016-08-01,2016-09-17,2016-09-10,persist17w
2016-09-30,0,2016-09-30,expansion,expansion,official,0.47880032692526997,-0.05595425042212308,0,1,0,1,0.4403026588451342,labor_stress,1.0940951231558602,0.029651852543356692,none,absent,False,0.7537945510148493,0,expansion,0.0,0.0016344268421661608,0.0,0,0,4,,4,0,0.1428759081528166,0.04393498064053763,0.6044444634194905,0.8549297431757534,0.2526786882279228,0.10113519216090414,9.401997701504104e-07,8.402280475688191e-08,6.0,0,7.0,0,4.0,0,6.0,0,0.0,1,2016-08-01,2016-08-01,2016-08-01,2016-07-01,2016-08-01,2016-09-24,2016-09-17,persist17w
2016-10-07,0,2016-10-07,expansion,expansion,official,0.49160644310660917,-0.036045068888346556,0,2,0,2,0.4600731913359808,labor_stress,1.172681091389461,0.4722224824188346,none,absent,False,0.7067319788601132,0,expansion,0.005061236625395681,0.0004957104681052728,0.0,0,0,4,,4,0,0.14666277569747152,0.04670762855258061,0.5762280938053048,0.8300121277817786,0.2771081666427309,0.12328014892166539,9.638544926703684e-07,9.474397556507169e-08,7.0,0,4.0,0,5.0,0,7.0,0,0.0,1,2016-09-01,2016-08-01,2016-08-01,2016-07-01,2016-08-01,2016-10-01,2016-09-24,persist17w
2016-10-14,0,2016-10-14,expansion,expansion,official,0.5197990379527968,0.10424559815185694,0,1,0,1,0.48286990886581055,labor_stress,1.2988544496810583,1.0569828012521711,none,absent,True,0.715534257070597,0,expansion,0.0,0.0,0.0,0,0,4,,4,0,0.1646306089247531,0.05486020351262462,0.5715649874476676,0.8303369782455012,0.26380342203345075,0.11480272117490424,9.81594128496561e-07,9.706696980537924e-08,8.0,0,5.0,0,6.0,0,8.0,0,0.0,1,2016-09-01,2016-08-01,2016-08-01,2016-07-01,2016-08-01,2016-10-08,2016-10-01,persist17w
2016-10-21,0,2016-10-21,expansion,expansion,official,0.5077390228358908,-0.06471200243645996,0,2,0,2,0.4639870982494942,labor_stress,1.2460335093387191,0.8791343756677757,none,absent,True,0.7108260675569957,0,expansion,0.0,0.0,0.0,0,0,4,,4,0,0.1380311686815093,0.044050413669113664,0.584859700821267,0.8333877795634282,0.2771081666427309,0.12256171200643248,9.638544926703684e-07,9.476102562010656e-08,4.0,0,6.0,0,7.0,0,4.0,0,0.0,1,2016-09-01,2016-08-01,2016-09-01,2016-07-01,2016-09-01,2016-10-15,2016-10-08,persist17w
2016-10-28,0,2016-10-28,expansion,expansion,official,0.5010206061556589,-0.08345494849391426,0,2,0,2,0.4571973276757059,labor_stress,1.2124414259375598,0.7872908415697906,none,absent,False,0.7108907227401923,0,expansion,0.0009359209152316874,0.00019939176317716322,0.0,0,0,4,,4,0,0.13650951346374335,0.043476705553214395,0.5863813560390331,0.8337069611563264,0.2771081666427309,0.12281623841613407,9.638544926703684e-07,9.487432529261418e-08,5.0,0,7.0,0,8.0,0,5.0,0,0.0,1,2016-09-01,2016-08-01,2016-09-01,2016-07-01,2016-09-01,2016-10-22,2016-10-15,persist17w
2016-11-04,0,2016-11-04,expansion,expansion,official,0.47497016111415225,-0.1981763053144739,0,2,0,2,0.4387062487480853,labor_stress,1.1062624753849026,0.4171928046497963,none,absent,False,0.7479293232494262,0,expansion,0.015194104345138529,0.006704945218139287,0.0,0,0,4,,4,0,0.1176058063503525,0.035321127569285314,0.6172178564212794,0.8563040562461142,0.26517541487909907,0.10837473299668804,9.223492691446924e-07,8.318791256419893e-08,6.0,0,3.0,0,5.0,0,6.0,0,0.0,1,2016-10-01,2016-09-01,2016-09-01,2016-08-01,2016-09-01,2016-10-29,2016-10-22,persist17w
2016-11-11,0,2016-11-11,expansion,expansion,official,0.46393552905004787,-0.23230029122501486,0,2,0,2,0.4261505327726685,labor_stress,1.051089315064381,0.24906375986288962,none,absent,False,0.7513296085530702,0,expansion,0.02198015123311047,0.010953542717255413,0.0,0,0,4,,4,0,0.11417864219753755,0.033679447159624204,0.6207125848406251,0.8588250397512258,0.2651078508475735,0.1074954311981556,9.221142638176469e-07,8.189099430693169e-08,7.0,0,4.0,0,6.0,0,7.0,0,0.0,1,2016-10-01,2016-09-01,2016-09-01,2016-08-01,2016-09-01,2016-11-05,2016-10-29,persist17w
2016-11-18,0,2016-11-18,expansion,expansion,official,0.5129729336103055,0.08145823773058729,0,1,1,1,0.4470935569749216,labor_stress,1.205938451861265,0.5094616786630021,none,absent,True,0.7338231098498448,0,expansion,0.0,0.0,0.0,0,0,4,,4,0,0.16602614256094433,0.056832968147381806,0.583973159765286,0.8384950252709336,0.2499997674420768,0.1046719154210888,9.302316928077276e-07,9.11605958785091e-08,4.0,0,5.0,0,7.0,0,4.0,0,0.0,1,2016-10-01,2016-09-01,2016-10-01,2016-08-01,2016-10-01,2016-11-12,2016-11-05,persist17w
2016-11-25,0,2016-11-25,expansion,expansion,official,0.5191115015868746,0.05516731264263466,0,1,1,1,0.4533143820689288,labor_stress,1.236631291744111,0.38137413402523745,none,absent,True,0.7378003341680787,0,expansion,0.0,0.0,0.0,0,0,4,,4,0,0.16016493358037634,0.054421601153932055,0.589834368745854,0.8416893212848852,0.24999976744207678,0.10388898711680647,9.302316928077275e-07,9.044437638191797e-08,5.0,0,6.0,0,8.0,0,5.0,0,0.0,1,2016-10-01,2016-09-01,2016-10-01,2016-08-01,2016-10-01,2016-11-19,2016-11-12,persist17w
2016-12-02,0,2016-12-02,expansion,expansion,official,0.5455583774322619,0.1384048715346285,0,1,1,1,0.4119565491278981,labor_stress,1.1782828856180563,-0.024073285558104226,none,absent,True,0.7584366678912755,0,expansion,0.0,0.005158561191022334,0.0,0,0,4,,4,0,0.14980727616769018,0.04915402056061286,0.60728453785802,0.8546412819372269,0.24290728213324014,0.09620461404595142,9.038410497981029e-07,8.345620894021366e-08,6.0,0,3.0,0,4.0,0,6.0,0,0.0,1,2016-11-01,2016-10-01,2016-10-01,2016-09-01,2016-10-01,2016-11-26,2016-11-19,persist17w
2016-12-09,0,2016-12-09,expansion,expansion,official,0.5407435631091199,0.05600126534873545,0,1,1,1,0.4069650421264841,labor_stress,1.1542088140023457,-0.3658302187767066,none,absent,True,0.7663563567027111,0,expansion,0.0,0.07839218973786569,0.0,0,0,4,,4,0,0.13951755825348328,0.04441343965179014,0.6179409346055487,0.8609714179333,0.24254060466429955,0.09461506123058892,9.024766685183239e-07,8.118432096626459e-08,7.0,0,4.0,0,5.0,0,7.0,0,0.0,1,2016-11-01,2016-10-01,2016-10-01,2016-09-01,2016-10-01,2016-12-03,2016-11-26,persist17w
2016-12-16,0,2016-12-16,expansion,expansion,official,0.48373737950130324,-0.2503105344812651,0,2,0,2,0.3692381181337408,labor_stress,1.000183393342831,-0.6498305588938567,none,absent,False,0.7567246367706645,0,expansion,0.15029715505435126,0.14506933065143532,0.0,0,0,4,,4,0,0.1073651372393369,0.031019930078798816,0.6276604135266889,0.8628523131972258,0.26497352758692166,0.10612767642656132,9.216470524762494e-07,8.029741395613877e-08,4.0,0,5.0,0,6.0,0,4.0,0,0.0,1,2016-11-01,2016-10-01,2016-11-01,2016-09-01,2016-11-01,2016-12-10,2016-12-03,persist17w
2016-12-23,0,2016-12-23,expansion,expansion,official,0.43495154160155713,-0.41148738923437006,0,2,0,2,0.3474154971115087,labor_stress,0.856326018228105,-0.9451538687208096,none,absent,True,0.7171691615870497,0,expansion,0.19564736783705095,0.1837985233096124,0.058823529411764705,0,0,4,,4,0,0.0942667398426843,0.027183440415867555,0.6023974008958632,0.8449928173792549,0.3033348988278345,0.12782365579220523,9.604336179801427e-07,8.641267235997758e-08,5.0,0,6.0,0,3.0,0,5.0,0,0.0,1,2016-11-01,2016-11-01,2016-11-01,2016-10-01,2016-11-01,2016-12-17,2016-12-10,persist17w
2016-12-30,0,2016-12-30,expansion,expansion,official,0.433001969227872,-0.356116375030727,0,2,0,2,0.34482443930103945,labor_stress,0.8465781563596788,-0.6664308472743234,none,absent,False,0.730030229528644,0,expansion,0.18742259744957937,0.1728951194048225,0.0,0,0,4,,4,0,0.10414257400138402,0.029308345881934764,0.6187482955013924,0.8503608976692659,0.27710816664273097,0.12033066814062186,9.638544926703686e-07,8.830817726198535e-08,6.0,0,7.0,0,4.0,0,6.0,0,0.0,1,2016-11-01,2016-11-01,2016-11-01,2016-10-01,2016-11-01,2016-12-24,2016-12-17,persist17w
2017-01-06,0,2017-01-06,expansion,expansion,official,0.4450818575128707,-0.2601951132940735,0,1,0,1,0.36397792208272406,labor_stress,0.9155859170934758,-0.3435902117165798,none,absent,False,0.7753453433955526,0,expansion,0.0,0.09181664008423693,0.0,0,0,4,,4,0,0.11524965812006177,0.032795397863803054,0.6325887070859177,0.8712749338835108,0.2521606965216614,0.0959295904879583,9.38272359150368e-07,7.776472784460385e-08,7.0,0,4.0,0,5.0,0,7.0,0,0.0,1,2016-12-01,2016-11-01,2016-11-01,2016-10-01,2016-11-01,2016-12-31,2016-12-24,persist17w
2017-01-13,0,2017-01-13,expansion,expansion,official,0.43818432202388247,-0.3593131266913449,0,1,0,1,0.3491659788273298,labor_stress,0.8662845723974091,-0.9509579341718807,none,absent,False,0.7819484067075675,0,expansion,0.0,0.17811098455749136,0.0,0,0,4,,4,0,0.09981230617374995,0.028416734093636944,0.6483155101889905,0.8767657975144902,0.2518712464419239,0.09481739080692274,9.371953355978563e-07,7.758495010676773e-08,8.0,0,5.0,0,6.0,0,8.0,0,0.0,1,2016-12-01,2016-11-01,2016-11-01,2016-10-01,2016-11-01,2017-01-07,2016-12-31,persist17w
2017-01-20,0,2017-01-20,expansion,expansion,official,0.509931657450682,-0.16170626669770222,0,0,0,0,0.41644251989945846,labor_stress,1.0617861220263476,-0.47831540303884545,none,absent,True,0.7900537820439477,0,expansion,0.0,0.10249615779403831,0.0,0,0,4,,4,0,0.12051637742115577,0.034583240885838494,0.640657158873366,0.877735231803696,0.23882550840344455,0.08768144975974826,9.553020336137781e-07,7.755071747960603e-08,4.0,0,6.0,0,7.0,0,4.0,0,0.0,1,2016-12-01,2016-11-01,2016-12-01,2016-10-01,2016-12-01,2017-01-14,2017-01-07,persist17w
2017-01-27,0,2017-01-27,expansion,expansion,official,0.5112679801162351,-0.1252731002669869,0,0,0,0,0.41796778867755435,labor_stress,1.068467735354113,-0.29618071445685185,none,absent,True,0.7866152365348242,0,expansion,0.0,0.06346729595503968,0.0,0,0,4,,4,0,0.12620793890819024,0.0367228074682956,0.634864563441986,0.8749461752908003,0.23892654194365598,0.08833093875597613,9.55706167774624e-07,7.848492802386678e-08,5.0,0,7.0,0,8.0,0,5.0,0,0.0,1,2016-12-01,2016-11-01,2016-12-01,2016-10-01,2016-12-01,2017-01-21,2017-01-14,persist17w
2017-02-03,0,2017-02-03,expansion,expansion,official,0.49919512530462457,-0.14951815141415378,0,0,0,0,0.4080332692606623,labor_stress,1.0184410948851597,-0.36857821493145765,none,absent,False,0.7860264927470724,0,expansion,0.0,0.07966773045917314,0.0,0,0,4,,4,0,0.12483565012282495,0.036608543411625415,0.6362612124576823,0.8747089350827143,0.2389021818107656,0.08868244233564196,9.556087272430625e-07,7.917001838140062e-08,6.0,0,3.0,0,5.0,0,6.0,0,0.0,1,2017-01-01,2016-12-01,2016-12-01,2016-11-01,2016-12-01,2017-01-28,2017-01-21,persist17w
2017-02-10,0,2017-02-10,expansion,expansion,official,0.5142983125442129,-0.023749892743135805,0,0,0,0,0.42541731302649644,labor_stress,1.0939570310831015,0.26076328366106105,none,absent,True,0.7765553056852952,0,expansion,0.0,0.0,0.0,0,0,4,,4,0,0.14207974964916475,0.04257719840002212,0.6187110037211014,0.8669890132058294,0.2392082897965747,0.09043370752053427,9.568331591862988e-07,8.087361428430419e-08,7.0,0,4.0,0,6.0,0,7.0,0,0.0,1,2017-01-01,2016-12-01,2016-12-01,2016-11-01,2016-12-01,2017-02-04,2017-01-28,persist17w
2017-02-17,0,2017-02-17,expansion,expansion,official,0.5013817685916913,0.09501399858016514,0,0,1,0,0.41212102684403223,labor_stress,1.0434995831818643,0.5223401073222752,none,absent,False,0.7544047568753537,0,expansion,0.0,0.0,0.0,0,0,4,,4,0,0.1744622605724381,0.05812148235717312,0.5888506262319295,0.8481415934948723,0.2366861664509667,0.09373683661951857,9.467446658038668e-07,8.752843600103842e-08,4.0,0,5.0,0,7.0,0,4.0,0,0.0,1,2017-01-01,2016-12-01,2017-01-01,2016-11-01,2017-01-01,2017-02-11,2017-02-04,persist17w
2017-02-24,0,2017-02-24,expansion,expansion,official,0.5185980966868897,0.15394923522587625,0,0,1,0,0.4314501252181087,labor_stress,1.1295812236578564,0.8170162905508307,none,absent,True,0.7485164843023038,0,expansion,0.0,0.0,0.0,0,0,4,,4,0,0.17874440411458806,0.06159902332210037,0.5845684826897796,0.8434586854107725,0.2366861664509667,0.09494220110846875,9.467446658038668e-07,9.015865841080298e-08,5.0,0,6.0,0,8.0,0,5.0,0,0.0,1,2017-01-01,2016-12-01,2017-01-01,2016-11-01,2017-01-01,2017-02-18,2017-02-04,persist17w
2017-03-03,0,2017-03-03,expansion,expansion,official,0.5665101869820647,0.34162434197153185,0,1,2,1,0.4476725140609397,labor_stress,1.2792977515395256,1.1012434876712136,none,absent,True,0.7502624631389258,0,expansion,0.0,0.0,0.0,0,0,4,,4,0,0.17906501056660815,0.06281525970354647,0.5907854988421604,0.8437235581311581,0.23014859620089054,0.09346109499223236,8.943903409811494e-07,8.71730631326194e-08,6.0,0,7.0,0,4.0,0,6.0,0,0.0,1,2017-01-01,2017-01-01,2017-01-01,2016-12-01,2017-01-01,2017-02-25,2017-02-18,persist17w
2017-03-10,0,2017-03-10,expansion,expansion,official,0.5578372619371992,0.380550874848996,0,1,2,1,0.4370708219510138,labor_stress,1.2300482623234354,0.9803730858022829,none,absent,True,0.7784582136597329,0,expansion,0.0,0.0,0.0,0,0,4,,4,0,0.18565703023209648,0.06470559066561564,0.6020633849443418,0.8568762708734926,0.2122786911174194,0.07841805721375968,8.937061422585324e-07,8.124713206488333e-08,7.0,0,4.0,0,5.0,0,7.0,0,0.0,1,2017-02-01,2017-01-01,2017-01-01,2016-12-01,2017-01-01,2017-03-04,2017-02-25,persist17w
2017-03-17,0,2017-03-17,expansion,expansion,official,0.5630904444319124,0.0807122715725634,0,1,1,1,0.43193496552149163,labor_stress,1.2160922585058973,0.43394142878297404,none,absent,True,0.7681070307836818,0,expansion,0.0,0.0,0.0,0,0,4,,4,0,0.13765733100396266,0.04351608286210508,0.6198674519092044,0.8622954336562633,0.24247431485682422,0.09418840287258141,9.022300087695785e-07,8.060905024763429e-08,4.0,0,5.0,0,6.0,0,4.0,0,0.0,1,2017-02-01,2017-01-01,2017-02-01,2016-12-01,2017-02-01,2017-03-11,2017-03-04,persist17w
2017-03-24,0,2017-03-24,expansion,expansion,official,0.5312790475501957,-0.033589823521529304,0,1,1,1,0.39792093400688633,labor_stress,1.0570352740973143,-0.14327895662678802,none,absent,True,0.7772447140459642,0,expansion,0.0,0.030702633562883146,0.0,0,0,4,,4,0,0.1285448429737394,0.038808509020866216,0.6293046676440587,0.8692180639231224,0.24214958836047779,0.09197334987715823,9.010217241320104e-07,7.71788531106385e-08,5.0,0,6.0,0,7.0,0,5.0,0,0.0,1,2017-02-01,2017-01-01,2017-02-01,2016-12-01,2017-02-01,2017-03-18,2017-03-11,persist17w
2017-03-31,0,2017-03-31,expansion,expansion,official,0.464234544829198,-0.18227394250195875,0,1,0,1,0.3530705531372927,labor_stress,0.8315983606272204,-0.6337285520444955,none,absent,False,0.7842300505667829,0,expansion,0.0,0.14432786282071802,0.0,0,0,4,,4,0,0.11947775764176523,0.035077956524436286,0.6386948627346168,0.8745760094819414,0.2418264798041581,0.09034595891515855,8.998194597364023e-07,7.507846383604433e-08,6.0,0,7.0,0,4.0,0,6.0,0,0.0,1,2017-02-01,2017-02-01,2017-02-01,2017-01-01,2017-02-01,2017-03-25,2017-03-18,persist17w
2017-04-07,0,2017-04-07,expansion,expansion,official,0.47693726493264926,-0.25395871269033765,0,1,0,1,0.38357436350816654,labor_stress,0.9278071492202761,-0.460947258379971,none,absent,False,0.7961321371883635,0,expansion,0.0,0.10676366250979451,0.0,0,0,4,,4,0,0.10528776565541044,0.02920451407180875,0.6533905216158065,0.8834637760697526,0.24132081479086753,0.08733163888138903,8.979379155009025e-07,7.097704975157534e-08,7.0,0,4.0,0,5.0,0,7.0,0,0.0,1,2017-03-01,2017-02-01,2017-02-01,2017-01-01,2017-02-01,2017-04-01,2017-03-25,persist17w
2017-04-14,0,2017-04-14,expansion,expansion,official,0.4733464555445003,-0.41276603788149097,0,2,0,2,0.40339194025307357,labor_stress,0.9685002890699622,-0.16729038096609905,none,absent,True,0.525059654706733,0,expansion,0.055762621110852326,0.050622121746262044,0.29411764705882354,0,0,4,,4,0,0.08337060223180345,0.023968925817161636,0.523433546950962,0.7505453119253435,0.39319493862306276,0.22548565721861052,9.121941719089713e-07,1.0503888448004214e-07,8.0,0,5.0,0,6.0,0,4.0,0,0.0,1,2017-03-01,2017-02-01,2017-02-01,2017-01-01,2017-03-01,2017-04-08,2017-04-01,persist17w
2017-04-21,0,2017-04-21,expansion,expansion,official,0.5056513679714838,-0.20579796927150187,0,2,1,2,0.41642025044560016,labor_stress,1.052817346444228,-0.004881627747007455,none,absent,True,0.7553034199584556,0,expansion,0.0010460630886444547,0.0010460630886444547,0.0,0,0,4,,4,0,0.11752958629596445,0.0343920611523001,0.6196125968883252,0.8604556394668151,0.262856902530832,0.10515221950835953,9.142848783681113e-07,7.987252528204575e-08,5.0,0,6.0,0,7.0,0,5.0,0,0.0,1,2017-03-01,2017-02-01,2017-03-01,2017-01-01,2017-03-01,2017-04-15,2017-04-08,persist17w
2017-04-28,0,2017-04-28,expansion,expansion,official,0.5122170481988604,-0.25236211585226026,0,2,1,2,0.42390066921772024,labor_stress,1.085645747581111,-0.24420449284330184,none,absent,True,0.7594169242766355,0,expansion,0.05232953418070754,0.05232953418070754,0.0,0,0,4,,4,0,0.10855798753310411,0.03165971448947456,0.6285841956511855,0.8638785650924492,0.262856902530832,0.10446164081581372,9.142848783681113e-07,7.960226250146316e-08,6.0,0,7.0,0,8.0,0,6.0,0,0.0,1,2017-03-01,2017-02-01,2017-03-01,2017-01-01,2017-03-01,2017-04-22,2017-04-15,persist17w
2017-05-05,0,2017-05-05,expansion,expansion,official,0.5216322612739367,-0.03350021811006768,0,2,2,2,0.41700657589652074,labor_stress,1.087620415755018,0.052890371416576994,none,absent,True,0.7039435929484519,0,expansion,0.0,0.0,0.0,0,0,4,,4,0,0.1574676063194048,0.05231071793125119,0.5711148777227606,0.8258163897245074,0.27141657190019314,0.12187279677605559,9.440576413919762e-07,9.556818572555669e-08,7.0,0,3.0,0,5.0,0,6.0,0,0.0,1,2017-04-01,2017-03-01,2017-03-01,2017-02-01,2017-03-01,2017-04-29,2017-04-22,persist17w
2017-05-12,0,2017-05-12,expansion,expansion,official,0.5308057289058541,0.2111375285033708,0,1,2,1,0.4176660139974459,labor_stress,1.1084975649955846,0.06514975634980455,none,absent,True,0.687358548852078,0,expansion,0.0,0.0,0.0,0,0,4,,4,0,0.1983013303963285,0.07678679437408506,0.5447176700026696,0.8052858238779391,0.2569800433961894,0.11792727502586112,9.562048126369837e-07,1.0672211467023822e-07,8.0,0,4.0,0,6.0,0,3.0,0,0.0,1,2017-04-01,2017-03-01,2017-03-01,2017-02-01,2017-04-01,2017-05-06,2017-04-29,persist17w
2017-05-19,0,2017-05-19,expansion,expansion,official,0.5868771888203558,0.49475427699217545,0,1,2,1,0.40746141532902963,labor_stress,1.1956490499053216,0.4991933808793509,none,absent,True,0.7674899893271158,0,expansion,0.0,0.0,0.0,0,0,4,,4,0,0.21562196963491645,0.08114366945907546,0.6021572633287247,0.8486336587861912,0.1822198078749327,0.07022257707379619,9.591614262518452e-07,9.468093702175977e-08,4.0,0,5.0,0,7.0,0,4.0,0,0.0,1,2017-04-01,2017-03-01,2017-04-01,2017-02-01,2017-04-01,2017-05-13,2017-05-06,persist17w
2017-05-26,0,2017-05-26,expansion,expansion,official,0.615637422105849,0.6885031035267561,0,1,2,1,0.43514255899229304,labor_stress,1.3394502163327882,1.4679375135522545,none,absent,True,0.8016533263799345,0,expansion,0.0,0.0,0.0,0,0,4,,4,0,0.2221396410553283,0.0786798613832792,0.6568630256418517,0.8803331877632137,0.1209963707201257,0.040986865668379516,9.625826943679365e-07,8.518512756121411e-08,5.0,0,6.0,0,8.0,0,5.0,0,0.0,1,2017-04-01,2017-03-01,2017-04-01,2017-02-01,2017-04-01,2017-05-20,2017-05-13,persist17w
2017-06-02,0,2017-06-02,expansion,expansion,official,0.5751065291813827,0.6447837191503669,0,0,2,0,0.4473915554676959,labor_stress,1.2864890232504331,1.0521092171180368,none,absent,True,0.792803344085409,0,expansion,0.0,0.0,0.0,0,0,4,,4,0,0.23524258696521783,0.08597253416546793,0.6417560615209257,0.8787758782508769,0.12300038219864147,0.03525150921713166,9.693152149936695e-07,7.836652358460654e-08,6.0,0,3.0,0,4.0,0,6.0,0,0.0,1,2017-05-01,2017-04-01,2017-04-01,2017-03-01,2017-04-01,2017-05-27,2017-05-20,persist17w
2017-06-09,0,2017-06-09,expansion,expansion,official,0.5521002734798286,0.5498785532639289,0,0,2,0,0.4243641240599613,labor_stress,1.1714577447426626,0.5775833876858466,none,absent,True,0.7765280342071745,0,expansion,0.0,0.0,0.0,0,0,4,,4,0,0.23567760172614374,0.08902733777069781,0.6141982090679818,0.8655553719778724,0.1501232199474005,0.045417208076545604,9.692584739946375e-07,8.21748842229131e-08,7.0,0,4.0,0,5.0,0,7.0,0,0.0,1,2017-05-01,2017-04-01,2017-04-01,2017-03-01,2017-04-01,2017-06-03,2017-05-27,persist17w
2017-06-16,0,2017-06-16,expansion,expansion,official,0.5261249106351432,0.2981381403309378,0,0,2,0,0.41890725025474085,labor_stress,1.1019876980234455,0.1220059920129445,none,absent,True,0.720908647038012,0,expansion,0.0,0.0,0.0,0,0,4,,4,0,0.21608043875109753,0.08937947471966393,0.5409649336515578,0.8157645357470779,0.24295365578272146,0.09485588870906579,9.718146231308858e-07,1.00824192482972e-07,4.0,0,5.0,0,6.0,0,4.0,0,0.0,1,2017-05-01,2017-04-01,2017-05-01,2017-03-01,2017-05-01,2017-06-10,2017-06-03,persist17w
2017-06-23,0,2017-06-23,expansion,expansion,official,0.511987114164443,0.24250516342646944,0,0,2,0,0.40286119987727126,labor_stress,1.0312987156699447,-0.15615889250939707,none,absent,True,0.707732598711126,0,expansion,0.0,0.03346261982344223,0.0,0,0,4,,4,0,0.2128069672915061,0.08761012018800496,0.5441316611563669,0.810061186236058,0.24306039931052983,0.10232858752493196,9.722415972421193e-07,1.060510049773239e-07,5.0,0,6.0,0,7.0,0,5.0,0,0.0,1,2017-05-01,2017-04-01,2017-05-01,2017-03-01,2017-05-01,2017-06-17,2017-06-10,persist17w
2017-06-30,0,2017-06-30,expansion,expansion,official,0.519826670362235,0.190797188527956,0,1,2,1,0.40625254731911864,labor_stress,1.0559045449953686,-0.06764004005649524,none,absent,True,0.6879386270265833,0,expansion,0.0,0.014494294297820409,0.0,0,0,4,,4,0,0.19867108550082638,0.07788314030292118,0.5443606379014103,0.8050276898812211,0.25696732044029186,0.11708906285463785,9.56157471405737e-07,1.0696122005235556e-07,6.0,0,7.0,0,4.0,0,6.0,0,0.0,1,2017-05-01,2017-05-01,2017-05-01,2017-04-01,2017-05-01,2017-06-24,2017-06-17,persist17w
2017-07-07,0,2017-07-07,expansion,expansion,official,0.5125876240075431,0.1851425541314837,0,1,2,1,0.3928611353586609,labor_stress,1.006878779692009,-0.28613639718022965,none,absent,True,0.7138198388937252,0,expansion,0.0,0.06131494225290636,0.0,0,0,4,,4,0,0.192250088865015,0.07298922785994857,0.5608837345271348,0.8204152568196404,0.24686525803944814,0.10659541792591525,9.185684020072488e-07,9.739449581425486e-08,7.0,0,4.0,0,5.0,0,7.0,0,0.0,1,2017-06-01,2017-05-01,2017-05-01,2017-04-01,2017-05-01,2017-07-01,2017-06-24,persist17w
2017-07-14,0,2017-07-14,expansion,expansion,official,0.49453797183758763,-0.10096837169649656,0,1,2,1,0.3706410937173054,labor_stress,0.9164804738331073,-0.7763723100114234,none,absent,False,0.7505531562172101,0,expansion,0.0,0.15103129455280798,0.0,0,0,4,,4,0,0.14847995000421366,0.04915250661799723,0.603940227827992,0.8507002813855079,0.24757890094397694,0.10014712516829781,9.212238174659607e-07,8.682819700223699e-08,3.0,0,5.0,0,6.0,0,3.0,0,0.0,1,2017-06-01,2017-05-01,2017-06-01,2017-04-01,2017-06-01,2017-07-08,2017-07-01,persist17w
2017-07-21,0,2017-07-21,expansion,expansion,official,0.49615131544726454,-0.17622375241784546,0,1,2,1,0.37268759069923746,labor_stress,0.9245471918814919,-1.162257192608064,none,absent,False,0.7610979506176502,0,expansion,0.0,0.15145678181959357,0.0,0,0,4,,4,0,0.13434045011442125,0.042694552743344764,0.6178491917501405,0.8592016570209328,0.24780943605381578,0.0981037064032826,9.22081622525826e-07,8.383243994281232e-08,4.0,0,6.0,0,7.0,0,4.0,0,0.0,1,2017-06-01,2017-05-01,2017-06-01,2017-04-01,2017-06-01,2017-07-15,2017-07-08,persist17w
2017-07-28,0,2017-07-28,expansion,expansion,official,0.4896323833684808,-0.14398275936055324,0,1,2,1,0.3643355961675926,labor_stress,0.8919525314875735,-0.9997847386437784,none,absent,False,0.7599744209161584,0,expansion,0.0,0.15232320417406722,0.0,0,0,4,,4,0,0.141790435561858,0.04404494421635689,0.6105206737957157,0.8579646971925718,0.24768796901277404,0.09799027627641341,9.216296521405546e-07,8.231465785963106e-08,5.0,0,7.0,0,8.0,0,5.0,0,0.0,1,2017-06-01,2017-05-01,2017-06-01,2017-04-01,2017-06-01,2017-07-22,2017-07-15,persist17w
2017-08-04,0,2017-08-04,expansion,expansion,official,0.4483510456682035,-0.11852620188822253,0,1,1,1,0.4127911500530698,labor_stress,0.9253767188443708,-0.6815368042344372,none,absent,False,0.7531316497270437,0,expansion,0.0,0.15386202329447704,0.0,0,0,4,,4,0,0.14832164350431376,0.04644011108259577,0.6016776588219166,0.8533457273028222,0.24999976744207678,0.10021407757577855,9.302316928077275e-07,8.403880358663185e-08,6.0,0,3.0,0,5.0,0,6.0,0,0.0,1,2017-07-01,2017-06-01,2017-06-01,2017-05-01,2017-06-01,2017-07-29,2017-07-22,persist17w
2017-08-11,0,2017-08-11,expansion,expansion,official,0.44837346931620947,-0.08015181779038025,0,1,1,1,0.4128205170104354,labor_stress,0.9254888370844009,-0.48435909248763104,none,absent,False,0.7469943556560754,0,expansion,0.0,0.10907617215306468,0.0,0,0,4,,4,0,0.15544880398541946,0.05001885874447434,0.594550498340811,0.8484877054314619,0.2499997674420768,0.10149334977538645,9.302316928077276e-07,8.604867747481137e-08,7.0,0,4.0,0,6.0,0,7.0,0,0.0,1,2017-07-01,2017-06-01,2017-06-01,2017-05-01,2017-06-01,2017-08-05,2017-07-29,persist17w
2017-08-18,0,2017-08-18,expansion,expansion,official,0.4751719841611023,0.16022904226694593,0,0,2,0,0.39159380901608665,labor_stress,0.9303720360768882,-0.2753776221266123,none,absent,False,0.7321240077589857,0,expansion,0.0,0.05900949045570264,0.0,0,0,4,,4,0,0.20354468183329305,0.0741636319566268,0.5629101443069078,0.8289801410683447,0.23354423968284035,0.09685613330935901,9.341769587313613e-07,9.366566951748741e-08,4.0,0,5.0,0,7.0,0,4.0,0,0.0,1,2017-07-01,2017-06-01,2017-07-01,2017-05-01,2017-07-01,2017-08-12,2017-08-05,persist17w
2017-08-25,0,2017-08-25,expansion,expansion,official,0.4856298407799611,0.1727136141648514,0,0,2,0,0.4046956083229761,labor_stress,0.9826613191711818,-0.2140877641946401,none,absent,False,0.7295080863176544,0,expansion,0.0,0.04587594947028002,0.0,0,0,4,,4,0,0.20221999524215234,0.07645646102474773,0.5642143828820607,0.8265257645785802,0.2335646876170364,0.09701767826092575,9.342587504681455e-07,9.613574628279365e-08,5.0,0,6.0,0,8.0,0,5.0,0,0.0,1,2017-07-01,2017-06-01,2017-07-01,2017-05-01,2017-07-01,2017-08-19,2017-08-12,persist17w
2017-09-01,0,2017-09-01,expansion,expansion,official,0.5084141502832866,0.1901139225945672,0,0,2,0,0.3939937895140623,labor_stress,1.0015600885634202,0.03155650740014259,none,absent,True,0.709445000297103,0,expansion,0.0,0.0,0.0,0,0,4,,4,0,0.20587511112022794,0.07950032363602384,0.5508374778613354,0.8149722862187838,0.24328643787268509,0.10552728592168081,9.731457514907403e-07,1.0422351149172778e-07,6.0,0,3.0,0,4.0,0,6.0,0,0.0,1,2017-08-01,2017-07-01,2017-07-01,2017-06-01,2017-07-01,2017-08-26,2017-08-19,persist17w
2017-09-08,0,2017-09-08,expansion,expansion,official,0.4444431721695258,0.05256682867652114,0,0,2,0,0.3067682172579718,labor_stress,0.6817051979946164,-0.6539816033995414,none,absent,False,0.7097414163659677,0,expansion,0.0,0.14013891501418743,0.0,0,0,4,,4,0,0.20231377946312054,0.07899047469958716,0.554282678789929,0.81537541822836,0.2434025681366779,0.10563400186239232,9.736102725467116e-07,1.0520966050185004e-07,7.0,0,4.0,0,5.0,0,7.0,0,0.0,1,2017-08-01,2017-07-01,2017-07-01,2017-06-01,2017-07-01,2017-09-02,2017-08-26,persist17w
2017-09-15,0,2017-09-15,expansion,expansion,official,0.32250298794475635,-0.640754804423082,0,2,0,2,0.3076910621182679,employment,0.38803862130011485,-1.5397646685009432,none,absent,True,0.6715337209160335,0,expansion,0.296053607414454,0.2895997990764656,0.11764705882352941,0,0,4,,4,0,0.07520662127600536,0.021854180499375736,0.5826738056541082,0.8248397250024792,0.34211861769500934,0.15330600408644568,9.55374877099687e-07,9.041169944221673e-08,4.0,0,5.0,0,6.0,0,4.0,0,0.0,1,2017-08-01,2017-07-01,2017-08-01,2017-06-01,2017-08-01,2017-09-09,2017-09-02,persist17w
2017-09-22,0,2017-09-22,expansion,expansion,official,0.2954037201958442,-0.6990511394488197,0,2,0,2,0.33591752612746223,employment,0.2525422825555541,-1.8309821155714907,none,absent,True,0.6028719916098032,0,expansion,0.32528552970359215,0.3251666480418438,0.17647058823529413,0,0,4,,4,0,0.06997287150883011,0.020060135175312695,0.5517633996551676,0.7914058796589778,0.37826277817557624,0.18853388804917462,9.506604260992814e-07,9.711653480106534e-08,5.0,0,6.0,0,7.0,0,5.0,0,0.0,1,2017-08-01,2017-07-01,2017-08-01,2017-06-01,2017-08-01,2017-09-16,2017-09-09,persist17w
2017-09-29,0,2017-09-29,expansion,expansion,official,0.24384233374704323,-0.8375282916440099,0,2,0,2,0.4069485612780323,employment,0.06658024791782059,-2.4507236564492136,none,absent,True,0.5025148934440891,0,expansion,0.3689701951441483,0.3689701951441483,0.23529411764705882,0,0,4,,4,0,0.05724193123684373,0.016245905630867565,0.5200005895600397,0.7431344401018058,0.4227565343462181,0.2406195466577168,9.448568984892471e-07,1.0760960986580987e-07,6.0,0,7.0,0,4.0,0,6.0,0,0.0,1,2017-08-01,2017-08-01,2017-08-01,2017-07-01,2017-08-01,2017-09-23,2017-09-16,persist17w
2017-10-06,0,2017-10-06,slowdown,expansion,official,0.27119663311478437,-0.8607753687753616,0,3,0,3,0.32409030981095316,employment,0.2600471750124221,-1.889377821125117,none,absent,True,0.31357974717457837,0,expansion,0.34585771555907885,0.34585771555907885,0.29411764705882354,0,0,4,,4,0,0.049930750713010605,0.013068032473429374,0.47295091746310675,0.6502557959104246,0.4771174194586068,0.3366760487358462,9.123652758974289e-07,1.228802998059772e-07,7.0,0,4.0,0,5.0,0,7.0,0,0.0,1,2017-09-01,2017-08-01,2017-08-01,2017-07-01,2017-08-01,2017-09-30,2017-09-23,persist17w
2017-10-13,0,2017-10-13,expansion,expansion,official,0.3493333629989247,-0.5763967826633236,0,2,0,2,0.29958396362467327,labor_stress,0.5232733675677732,-1.1399373536441455,none,absent,True,0.28132471041576285,0,expansion,0.2683745107286535,0.2569114057009312,0.35294117647058826,0,0,4,,4,0,0.0798571133629881,0.021898852497073913,0.4610043771015278,0.6297128602757822,0.45913756942393325,0.34838814986001937,9.401115508331534e-07,1.3736712448641485e-07,8.0,0,5.0,0,6.0,0,3.0,0,0.0,1,2017-09-01,2017-08-01,2017-08-01,2017-07-01,2017-09-01,2017-10-07,2017-09-30,persist17w
2017-10-20,0,2017-10-20,slowdown,slowdown,official,0.3928668001280081,-0.42225251756959475,0,2,0,2,0.3841138018199924,labor_stress,0.7545278010301213,-0.6041541222064941,none,absent,True,0.3190888041895724,0,slowdown,0.20405522989392744,0.18559397162427194,0.5882352941176471,0,0,4,,4,0,0.09668052651547013,0.018777257924231624,0.3717954432156056,0.33106686536957386,0.5315230995989549,0.6501556695591463,9.306699693823408e-07,2.071470482608002e-07,4.0,0,6.0,0,7.0,0,4.0,0,0.0,1,2017-09-01,2017-08-01,2017-09-01,2017-07-01,2017-09-01,2017-10-14,2017-10-07,persist17w
2017-10-27,0,2017-10-27,expansion,slowdown,official,0.4305253890047259,-0.3244267094687774,0,2,0,2,0.43798613019933236,labor_stress,0.9428207454137105,-0.13011500976758236,none,absent,False,0.1595885527782448,1,expansion,0.07269021451326818,0.056262637893170486,0.0,0,0,4,,4,0,0.11006012760463009,0.022870695693070216,0.6128307418981463,0.5683587997774933,0.2771081666427309,0.40877024699924847,9.638544926703684e-07,2.5753018793730574e-07,5.0,0,7.0,0,8.0,0,5.0,0,0.0,1,2017-09-01,2017-08-01,2017-09-01,2017-07-01,2017-09-01,2017-10-21,2017-10-14,persist17w
2017-11-03,0,2017-11-03,expansion,expansion,official,0.46747586729424634,0.015653326471774108,0,2,0,2,0.4730497523938832,labor_stress,1.1056967163682951,1.256069382227281,none,absent,False,0.6633259598788577,0,expansion,0.015007710139110644,0.0,0.0,0,0,4,,4,0,0.16155036887545465,0.049623801674135645,0.5613405006273217,0.8068510266035587,0.2771081666427309,0.14352506672470103,9.638544926703684e-07,1.0499760460667037e-07,6.0,0,3.0,0,5.0,0,6.0,0,0.0,1,2017-10-01,2017-09-01,2017-09-01,2017-08-01,2017-09-01,2017-10-28,2017-10-21,persist17w
2017-11-10,0,2017-11-10,expansion,expansion,official,0.47033490139548595,0.17787993145674058,0,2,0,2,0.4762529353239455,labor_stress,1.1199918868744934,2.046953198331853,none,absent,False,0.6562875134968337,0,expansion,0.013799867700714187,0.0,0.0,0,0,4,,4,0,0.1867095318371194,0.06430235229678861,0.536181337665657,0.7959925266786431,0.2771081666427309,0.1397050131818094,9.638544926703684e-07,1.0784275897735588e-07,7.0,0,4.0,0,6.0,0,7.0,0,0.0,1,2017-10-01,2017-09-01,2017-09-01,2017-08-01,2017-09-01,2017-11-04,2017-10-28,persist17w
2017-11-17,0,2017-11-17,expansion,expansion,official,0.5020734723254238,0.7539454776983913,0,1,2,1,0.3885217543459919,labor_stress,0.9753323313922874,2.0377334384724084,none,absent,True,0.8032468838238992,0,expansion,0.0,0.0,0.0,0,0,4,,4,0,0.24352000241946375,0.08506933137421938,0.6607377946033596,0.8883162151981185,0.09574127274548395,0.02661438164033948,9.302316928077276e-07,7.178732266435844e-08,4.0,0,5.0,0,7.0,0,4.0,0,0.0,1,2017-10-01,2017-09-01,2017-10-01,2017-08-01,2017-10-01,2017-11-11,2017-11-04,persist17w
2017-11-24,0,2017-11-24,expansion,expansion,official,0.48920503385678077,0.8021596960686604,0,1,2,1,0.37243694402203265,labor_stress,0.9109901390490722,2.2796626793088985,none,absent,True,0.7995383558564697,0,expansion,0.0,0.0,0.0,0,0,4,,4,0,0.25000610268449364,0.08865404999182752,0.6648506897497046,0.8881924058482972,0.08514227733410884,0.02315347231726189,9.302316928077275e-07,7.18426133700256e-08,5.0,0,6.0,0,8.0,0,5.0,0,0.0,1,2017-10-01,2017-09-01,2017-10-01,2017-08-01,2017-10-01,2017-11-18,2017-11-11,persist17w
2017-12-01,0,2017-12-01,expansion,expansion,official,0.4710822095076718,0.746593879637209,0,1,2,1,0.3380389203073833,labor_stress,0.7962206073899496,1.3224303885743915,none,absent,True,0.7953883552228656,0,expansion,0.0,0.0,0.0,0,0,4,,4,0,0.25007979524868734,0.08982655173757302,0.6534357410188294,0.8852149069604386,0.09648353350079057,0.024958471232397975,9.302316928077276e-07,7.006959035455838e-08,6.0,0,7.0,0,4.0,0,6.0,0,0.0,1,2017-10-01,2017-10-01,2017-10-01,2017-09-01,2017-10-01,2017-11-25,2017-11-18,persist17w
2017-12-08,0,2017-12-08,expansion,expansion,official,0.4737529800730747,0.7508800440784886,0,0,2,0,0.33946809359727237,labor_stress,0.8041201049071661,0.7339237293681528,none,absent,True,0.7968228355652436,0,expansion,0.0,0.0,0.0,0,0,4,,4,0,0.2517523053095041,0.09005239443622191,0.6587525626278224,0.8868752300014655,0.08949419558720542,0.023072305224141495,9.364754680870442e-07,7.033817106850026e-08,7.0,0,4.0,0,5.0,0,7.0,0,0.0,1,2017-11-01,2017-10-01,2017-10-01,2017-09-01,2017-10-01,2017-12-02,2017-11-25,persist17w
2017-12-15,0,2017-12-15,expansion,expansion,official,0.5208421277002351,0.5664234563210647,0,0,2,0,0.36188457838598015,labor_stress,0.9424236689422819,0.4265532249458124,none,absent,True,0.7926622660213692,0,expansion,0.0,0.0,0.0,0,0,4,,4,0,0.22572197241228106,0.08372941498241679,0.6357309620609873,0.8763916810037861,0.138546125629039,0.03987882713968844,9.398976925809166e-07,7.687410868974015e-08,4.0,0,5.0,0,6.0,0,4.0,0,0.0,1,2017-11-01,2017-10-01,2017-11-01,2017-09-01,2017-11-01,2017-12-09,2017-12-02,persist17w
2017-12-22,0,2017-12-22,expansion,expansion,official,0.5179921147943548,0.4940497449909076,0,0,2,0,0.34235325183862064,labor_stress,0.8866814246330573,-0.2771214560881228,none,absent,True,0.7891071660374168,0,expansion,0.0,0.05938316916174059,0.0,0,0,4,,4,0,0.22049775065274527,0.08152639905535546,0.6175085354014115,0.8706335650927722,0.16199277241233953,0.04783995849471132,9.415335036255086e-07,7.735716097927221e-08,5.0,0,6.0,0,3.0,0,5.0,0,0.0,1,2017-11-01,2017-11-01,2017-11-01,2017-10-01,2017-11-01,2017-12-16,2017-12-09,persist17w
2017-12-29,0,2017-12-29,expansion,expansion,official,0.5079443684974707,0.3672820318194674,0,0,2,0,0.3293442136676831,labor_stress,0.8364426931486368,-0.9194297210886178,none,absent,True,0.7678468181987865,0,expansion,0.0,0.15,0.0,0,0,4,,4,0,0.2108980088458113,0.08120252761399589,0.5789432185679046,0.8490493458127825,0.21015782769243088,0.06974804175597138,9.448938531935619e-07,8.481725038028167e-08,6.0,0,7.0,0,4.0,0,6.0,0,0.0,1,2017-11-01,2017-11-01,2017-11-01,2017-10-01,2017-11-01,2017-12-23,2017-12-16,persist17w
2018-01-05,0,2018-01-05,expansion,expansion,official,0.48150093442039477,0.23580177916156736,0,0,2,0,0.29800799642641157,labor_stress,0.7174556437203342,-1.27513756153549,none,absent,False,0.73400292157995,0,expansion,0.0,0.15,0.0,0,0,4,,4,0,0.20241561431089378,0.07918617523697327,0.5608972724934737,0.8274083251872908,0.23668616645096666,0.0934054036073409,9.467446658038666e-07,9.596839503218026e-08,7.0,0,4.0,0,5.0,0,7.0,0,0.0,1,2017-12-01,2017-11-01,2017-11-01,2017-10-01,2017-11-01,2017-12-30,2017-12-23,persist17w
2018-01-12,0,2018-01-12,expansion,expansion,official,0.43984528825307817,0.11029319900738992,0,0,1,0,0.3007841330399334,consumption,0.49624171538138734,-1.3720270450487952,none,absent,False,0.7346700785322274,0,expansion,0.0,0.15,0.0,0,0,4,,4,0,0.1955375452481281,0.07219719815517159,0.5677753415562393,0.8312363927849251,0.23668616645096666,0.09656631425269768,9.467446658038666e-07,9.480720562574445e-08,8.0,0,5.0,0,6.0,0,3.0,0,0.0,1,2017-12-01,2017-11-01,2017-11-01,2017-10-01,2017-12-01,2018-01-06,2017-12-23,persist17w
2018-01-19,0,2018-01-19,expansion,expansion,official,0.5019882864100286,0.04511014555939634,0,0,1,0,0.26354894582308863,consumption,0.6282113604453492,-0.8426357928652752,none,absent,False,0.7839331952741815,0,expansion,0.0,0.15,0.0,0,0,4,,4,0,0.14994488202145717,0.04616512984972718,0.6202809824339123,0.8688839938754284,0.22977321645176466,0.08495079860124692,9.190928658070587e-07,7.767359747553383e-08,4.0,0,6.0,0,7.0,0,4.0,0,0.0,1,2017-12-01,2017-11-01,2017-12-01,2017-10-01,2017-12-01,2018-01-13,2018-01-06,persist17w
2018-01-26,0,2018-01-26,expansion,expansion,official,0.5225393339820462,0.16127184808863831,0,0,1,0,0.27851509719492523,labor_stress,0.7276754669609055,-0.2648309387104126,none,absent,True,0.7747846330781503,0,expansion,0.0,0.05674948686651698,0.0,0,0,4,,4,0,0.16165156951422838,0.051457075722863795,0.6081796862738392,0.8616637385069613,0.23016782354063825,0.0868791054288111,9.20671294162553e-07,8.034136375547817e-08,5.0,0,7.0,0,8.0,0,5.0,0,0.0,1,2017-12-01,2017-11-01,2017-12-01,2017-10-01,2017-12-01,2018-01-20,2018-01-13,persist17w
2018-02-02,0,2018-02-02,expansion,expansion,official,0.5595918921059898,0.23828331907075517,0,0,2,0,0.2937066982894746,labor_stress,0.8217794351000508,-0.01256697226358993,none,absent,True,0.7724924984157849,0,expansion,0.0,0.002692922627912128,0.0,0,0,4,,4,0,0.1616925975425296,0.0525417281204346,0.6081372752740031,0.8599753442205076,0.23016920650664122,0.08748284580472268,9.206768260265649e-07,8.185433511627877e-08,6.0,0,3.0,0,5.0,0,6.0,0,0.0,1,2018-01-01,2017-12-01,2017-12-01,2017-11-01,2017-12-01,2018-01-27,2018-01-20,persist17w
2018-02-09,0,2018-02-09,expansion,expansion,official,0.6034543287676698,0.2806561752804071,0,0,2,0,0.3447856305253827,labor_stress,1.040311906187163,0.179997403392444,none,absent,True,0.7755531891344882,0,expansion,0.0,0.0,0.0,0,0,4,,4,0,0.1549405962466117,0.05037700890644343,0.6151168728250229,0.8625880492143317,0.22994161116192072,0.08703486007984348,9.197664446476828e-07,8.179938136414232e-08,7.0,0,4.0,0,6.0,0,7.0,0,0.0,1,2018-01-01,2017-12-01,2017-12-01,2017-11-01,2017-12-01,2018-02-03,2018-01-27,persist17w
2018-02-16,0,2018-02-16,expansion,expansion,official,0.5362340618126017,-0.14602522296763024,0,1,0,1,0.34949844756776116,labor_stress,0.9370648606822959,0.04070576858175722,none,absent,True,0.7732326211774803,0,expansion,0.0,0.0,0.0,0,0,4,,4,0,0.11547419340815876,0.033462512272135335,0.63235996174942,0.8698850149027186,0.2521649065543969,0.09665239372523843,9.382880243884535e-07,7.90999075910555e-08,4.0,0,5.0,0,7.0,0,4.0,0,0.0,1,2018-01-01,2017-12-01,2018-01-01,2017-11-01,2018-01-01,2018-02-10,2018-02-03,persist17w
2018-02-23,0,2018-02-23,expansion,expansion,official,0.5556818162903394,-0.06564574928930085,0,1,0,1,0.37226470355854474,labor_stress,1.0343036330709845,0.44520652103179614,none,absent,True,0.7684683327980439,0,expansion,0.0,0.0,0.0,0,0,4,,4,0,0.12370179982434548,0.036181993182196455,0.6239780872824159,0.8661431298408986,0.25231917403119575,0.0976747970428546,9.388620429067749e-07,7.99340502872999e-08,5.0,0,6.0,0,8.0,0,5.0,0,0.0,1,2018-01-01,2017-12-01,2018-01-01,2017-11-01,2018-01-01,2018-02-17,2018-02-10,persist17w
2018-03-02,0,2018-03-02,expansion,expansion,official,0.5822985604477928,-0.044914231191829315,0,1,0,1,0.40845108444984535,labor_stress,1.189202392442424,1.0986919597348406,none,absent,True,0.7719305862136806,0,expansion,0.0,0.0,0.0,0,0,4,,4,0,0.1210725276583235,0.03476035822441804,0.6266566584391288,0.8685850747656747,0.2522698752239422,0.09665448855199411,9.386786054844359e-07,7.845791312316931e-08,6.0,0,7.0,0,4.0,0,6.0,0,0.0,1,2018-01-01,2018-01-01,2018-01-01,2017-12-01,2018-01-01,2018-02-24,2018-02-17,persist17w
2018-03-09,0,2018-03-09,expansion,expansion,official,0.579366429796595,0.1732133215370312,0,1,0,1,0.39462477588171024,labor_stress,1.1431617375593397,1.5797032945657246,none,absent,True,0.7687490059532742,0,expansion,0.0,0.0,0.0,0,0,4,,4,0,0.14583863821898818,0.04445188491845299,0.6113946000464376,0.8621485215194635,0.24276585841975207,0.0933995155661893,9.033148220269844e-07,7.7995894127651e-08,7.0,0,4.0,0,5.0,0,7.0,0,0.0,1,2018-02-01,2018-01-01,2018-01-01,2017-12-01,2018-01-01,2018-03-03,2018-02-24,persist17w
2018-03-16,0,2018-03-16,expansion,expansion,official,0.6132111091544047,0.21868254049887242,0,1,1,1,0.38767029613539794,labor_stress,1.1886186613970195,1.2966563771864699,none,absent,True,0.7656284309074214,0,expansion,0.0,0.0,0.0,0,0,4,,4,0,0.142944253883573,0.04526719810432947,0.6143921270996751,0.86018057602082,0.24266271608571535,0.09455214511339864,9.029310365980106e-07,8.076145208945682e-08,3.0,0,5.0,0,6.0,0,3.0,0,0.0,1,2018-02-01,2018-01-01,2018-02-01,2017-12-01,2018-02-01,2018-03-10,2018-03-03,persist17w
2018-03-23,0,2018-03-16,expansion,expansion,official,0.5959468955631753,0.20370592429258183,0,1,1,1,0.3989008652436268,labor_stress,1.1886186613970195,1.2966563771864699,none,absent,True,0.7633896322790156,0,expansion,0.0,0.0,0.0,1,1,4,,5,0,0.14544531725834642,0.04646567883481296,0.6118019371805229,0.8584619359876148,0.24275184229846172,0.09507230370859918,9.03262669017532e-07,8.146897302468521e-08,3.0,0,5.0,0,6.0,0,3.0,0,0.0,1,2018-02-01,2018-01-01,2018-02-01,2017-12-01,2018-02-01,2018-03-10,2018-03-03,persist17w
2018-03-30,0,2018-03-30,expansion,expansion,official,0.5730005562094561,-0.10026795443171461,0,1,2,1,0.39606259301015345,labor_stress,1.1347204304428868,0.5845752640978008,none,absent,True,0.7917234819364136,0,expansion,0.0,0.0,0.0,0,0,4,,4,0,0.1100727688956329,0.031276234904705894,0.648435002583004,0.880223587183666,0.24149132994897257,0.08850010524725242,8.985723905078049e-07,7.26643758717779e-08,5.0,0,7.0,0,4.0,0,5.0,0,0.0,1,2018-02-01,2018-02-01,2018-02-01,2018-01-01,2018-02-01,2018-03-24,2018-03-17,persist17w
2018-04-06,0,2018-04-06,expansion,expansion,official,0.5478368130996245,-0.2944823271374183,0,1,1,1,0.38050251533754764,labor_stress,1.0422664268945656,0.03217240509641384,none,absent,True,0.788277694376229,0,expansion,0.0,0.0,0.0,0,0,4,,4,0,0.09100776630661783,0.02509639553063443,0.6572851356393337,0.8815906117146348,0.25170616147298264,0.09331291733840581,9.365810659459818e-07,7.541632488700966e-08,6.0,0,4.0,0,5.0,0,6.0,0,0.0,1,2018-03-01,2018-02-01,2018-02-01,2018-01-01,2018-02-01,2018-03-31,2018-03-24,persist17w
2018-04-13,0,2018-04-13,expansion,expansion,official,0.5328744509603786,-0.2966899365194808,0,1,1,1,0.36295706799585553,labor_stress,0.9670527416524015,0.019894220346421534,none,absent,True,0.789040067295409,0,expansion,0.0,0.0,0.0,0,0,4,,4,0,0.09317280318754975,0.025227665918552574,0.6550795042035975,0.8819061635744786,0.25174675587673784,0.09286609627906965,9.367321148901871e-07,7.422789923515391e-08,7.0,0,5.0,0,6.0,0,7.0,0,0.0,1,2018-03-01,2018-02-01,2018-02-01,2018-01-01,2018-02-01,2018-04-07,2018-03-31,persist17w
2018-04-20,0,2018-04-20,expansion,expansion,official,0.5449756300460606,-0.020763201276169808,0,1,1,1,0.32697503791242877,labor_stress,0.8909671364783022,-0.4213461674200328,none,absent,True,0.7566714941523014,0,expansion,0.0,0.09028846444714989,0.0,0,0,4,,4,0,0.1328637183955481,0.04147439639776116,0.614644382258601,0.8575985063636251,0.25249095984460507,0.1009270122113237,9.395012459334141e-07,8.502728989688097e-08,4.0,0,6.0,0,7.0,0,4.0,0,0.0,1,2018-03-01,2018-02-01,2018-03-01,2018-01-01,2018-03-01,2018-04-14,2018-04-07,persist17w
2018-04-27,0,2018-04-27,expansion,expansion,official,0.5569757819873975,-0.048223407599519194,0,1,1,1,0.3414296351864146,labor_stress,0.9508401902581257,-0.5579365196511988,none,absent,True,0.7622774367222749,0,expansion,0.0,0.11955782563954262,0.0,0,0,4,,4,0,0.12603716772592846,0.03841677160166623,0.6215989311104788,0.8619302909572709,0.2523629621386173,0.09965285423499604,9.390249753995063e-07,8.320606690955138e-08,5.0,0,7.0,0,8.0,0,5.0,0,0.0,1,2018-03-01,2018-02-01,2018-03-01,2018-01-01,2018-03-01,2018-04-21,2018-04-14,persist17w
2018-05-04,0,2018-05-04,expansion,expansion,official,0.598279083087449,0.0755614723194233,0,2,1,2,0.3984852980447407,labor_stress,1.1920270936901816,0.17939127666451893,none,absent,True,0.7395060812160394,0,expansion,0.0,0.0,0.0,0,0,4,,4,0,0.13205413719341652,0.04013054391314409,0.6024846863255624,0.8496877264662517,0.2654602531410102,0.11018164525021226,9.233400109252529e-07,8.437039196895763e-08,6.0,0,3.0,0,5.0,0,6.0,0,0.0,1,2018-04-01,2018-03-01,2018-03-01,2018-02-01,2018-03-01,2018-04-28,2018-04-21,persist17w
2018-05-11,0,2018-05-11,expansion,expansion,official,0.6380283311352841,0.13844287198249677,0,2,1,2,0.4357292944671983,labor_stress,1.3900381728783067,0.4937982749798863,none,absent,True,0.7386844141125002,0,expansion,0.0,0.0,0.0,0,0,4,,4,0,0.13097931690721087,0.04032525034977379,0.6035806959803105,0.8491795392538954,0.26543906384616944,0.11049512514139527,9.232663090301547e-07,8.525493547018133e-08,7.0,0,4.0,0,6.0,0,7.0,0,0.0,1,2018-04-01,2018-03-01,2018-03-01,2018-02-01,2018-03-01,2018-05-05,2018-04-28,persist17w
2018-05-18,0,2018-05-18,expansion,expansion,official,0.6774944371169583,0.5070007283764324,0,1,1,1,0.4612760679681309,labor_stress,1.5625598501179634,1.1012172925903114,none,absent,True,0.8167144012040556,0,expansion,0.0,0.0,0.0,0,0,4,,4,0,0.15970141790697256,0.049553096419793344,0.6601941939388549,0.8835806116355597,0.18010344678053064,0.0668662104315041,9.413736418319824e-07,8.151314286742222e-08,4.0,0,5.0,0,7.0,0,4.0,0,0.0,1,2018-04-01,2018-03-01,2018-04-01,2018-02-01,2018-04-01,2018-05-12,2018-05-05,persist17w
2018-05-25,0,2018-05-25,expansion,expansion,official,0.6457958474280373,0.4214744429247138,0,1,1,1,0.4348330535927817,labor_stress,1.404066901673358,0.6721983090592468,none,absent,True,0.8019885814815444,0,expansion,0.0,0.0,0.0,0,0,4,,4,0,0.16129689239594264,0.05129994612337358,0.6260659676646653,0.8753442790419328,0.21263619845443826,0.07335569756038846,9.414849539020854e-07,7.727430513752556e-08,5.0,0,6.0,0,8.0,0,5.0,0,0.0,1,2018-04-01,2018-03-01,2018-04-01,2018-02-01,2018-04-01,2018-05-19,2018-05-12,persist17w
2018-06-01,0,2018-06-01,expansion,expansion,official,0.6387247133785002,0.46841041399730654,0,0,2,0,0.4175009312750801,labor_stress,1.3333408133196623,0.6812174304750809,none,absent,True,0.8252845084139524,0,expansion,0.0,0.0,0.0,0,0,4,,4,0,0.1799325498002548,0.0581037230841098,0.640604653495035,0.8835903550036966,0.17946185395243464,0.058305846589744206,9.427522756224717e-07,7.532244932786744e-08,6.0,0,3.0,0,4.0,0,6.0,0,0.0,1,2018-05-01,2018-04-01,2018-04-01,2018-03-01,2018-04-01,2018-05-26,2018-05-19,persist17w
2018-06-08,0,2018-06-08,expansion,expansion,official,0.6255584957458706,0.46585335859598265,0,0,2,0,0.40460961003662377,labor_stress,1.2655348950941685,0.6626655711591599,none,absent,True,0.8208244817069981,0,expansion,0.0,0.0,0.0,0,0,4,,4,0,0.18361175180084707,0.060097904903196296,0.6368145894860872,0.8809223866101944,0.17957271595305557,0.05897963196728775,9.427600101734596e-07,7.651932163303571e-08,7.0,0,4.0,0,5.0,0,7.0,0,0.0,1,2018-05-01,2018-04-01,2018-04-01,2018-03-01,2018-04-01,2018-06-02,2018-05-26,persist17w
2018-06-15,0,2018-06-15,expansion,expansion,official,0.6359765309237234,0.33989410804107256,0,0,2,0,0.4095782956977137,labor_stress,1.3024109181974148,0.9232286026826052,none,absent,True,0.7836597876431195,0,expansion,0.0,0.0,0.0,0,0,4,,4,0,0.1525747866454637,0.047941238989357565,0.6212811289576832,0.8678592347518377,0.22614316543444107,0.0841994471087182,9.189624120431076e-07,7.915008653304669e-08,4.0,0,5.0,0,6.0,0,4.0,0,0.0,1,2018-05-01,2018-04-01,2018-05-01,2018-03-01,2018-05-01,2018-06-09,2018-06-02,persist17w
2018-06-22,0,2018-06-22,expansion,expansion,official,0.6575252788778178,0.34314678971216894,0,0,2,0,0.428223113148053,labor_stress,1.4078376094730043,0.9403555000329153,none,absent,True,0.785568585508069,0,expansion,0.0,0.0,0.0,0,0,4,,4,0,0.14739617139560346,0.046396737316660566,0.6264652221207515,0.8695858844775298,0.2261376881974185,0.0840172989694609,9.182862266545449e-07,7.923634872470989e-08,5.0,0,6.0,0,7.0,0,5.0,0,0.0,1,2018-05-01,2018-04-01,2018-05-01,2018-03-01,2018-05-01,2018-06-16,2018-06-09,persist17w
2018-06-29,0,2018-06-29,expansion,expansion,official,0.643667443596935,0.10935616742959824,0,0,1,0,0.42438891881507107,labor_stress,1.3658266523228197,0.1934864330461773,none,absent,True,0.7966610664066439,0,expansion,0.0,0.0,0.0,0,0,4,,4,0,0.12523655684861512,0.03774685537478865,0.6458221750830356,0.8794570675583008,0.22894035230694,0.08279600115165689,9.157614092277599e-07,7.591525360988903e-08,6.0,0,7.0,0,4.0,0,6.0,0,0.0,1,2018-05-01,2018-05-01,2018-05-01,2018-04-01,2018-05-01,2018-06-23,2018-06-16,persist17w
2018-07-06,0,2018-07-06,expansion,expansion,official,0.6259414119009475,0.004995754150328291,0,0,1,0,0.40514766556627785,labor_stress,1.2679935090646444,-0.554228122372282,none,absent,True,0.8030455578415329,0,expansion,0.0,0.11876316907977472,0.0,0,0,4,,4,0,0.11579208311228267,0.03396244599840767,0.6555850028539115,0.8845415189274705,0.2286219995458077,0.08149596108593757,9.144879981832308e-07,7.398818429064843e-08,7.0,0,4.0,0,5.0,0,7.0,0,0.0,1,2018-06-01,2018-05-01,2018-05-01,2018-04-01,2018-05-01,2018-06-30,2018-06-23,persist17w
2018-07-13,0,2018-07-13,expansion,expansion,official,0.6273560189892228,-0.07980120193899118,0,0,1,0,0.4027957940777868,labor_stress,1.2634818291912155,-0.9804115566003622,none,absent,True,0.8115163120809672,0,expansion,0.0,0.15,0.0,0,0,4,,4,0,0.10432418256502525,0.029320420708002806,0.6674394630453465,0.8910979101753842,0.2282354414478625,0.07958159809441699,9.1294176579145e-07,7.102219606691521e-08,8.0,0,5.0,0,6.0,0,8.0,0,0.0,1,2018-06-01,2018-05-01,2018-05-01,2018-04-01,2018-05-01,2018-07-07,2018-06-30,persist17w
2018-07-20,0,2018-07-20,expansion,expansion,official,0.6577313816300489,-0.11589543719563089,0,0,1,0,0.3953381598417971,labor_stress,1.3001315704191316,-0.5087490420514904,none,absent,True,0.8215806081532812,0,expansion,0.0,0.10901765186817651,0.0,0,0,4,,4,0,0.09423980467778828,0.02465953626841216,0.677863764836857,0.8984605027813488,0.22789551890327928,0.07687989462806767,9.11582075613117e-07,6.632217133361217e-08,4.0,0,6.0,0,7.0,0,4.0,0,0.0,1,2018-06-01,2018-05-01,2018-06-01,2018-04-01,2018-06-01,2018-07-14,2018-07-07,persist17w
2018-07-27,0,2018-07-27,expansion,expansion,official,0.6639544294568942,-0.06050123518125379,0,0,1,0,0.4008899480335488,labor_stress,1.3308632836080945,-0.22938398354860678,none,absent,True,0.8181220149970866,0,expansion,0.0,0.04915371076041574,0.0,0,0,4,,4,0,0.10010208695324767,0.02671482177739609,0.6718038769280794,0.8957035628765135,0.22809312374617804,0.07758154787942691,9.123724949847121e-07,6.746666332336776e-08,5.0,0,7.0,0,8.0,0,5.0,0,0.0,1,2018-06-01,2018-05-01,2018-06-01,2018-04-01,2018-06-01,2018-07-21,2018-07-14,persist17w
2018-08-03,0,2018-08-03,expansion,expansion,official,0.7210332930020785,0.11599709746024593,0,0,1,0,0.3979901315766292,labor_stress,1.4348206757651374,0.20003754238641827,none,absent,True,0.811632256356486,0,expansion,0.0,0.0,0.0,0,0,4,,4,0,0.1099745132772071,0.03024541756901181,0.6615986711567194,0.8906933846398745,0.22842590186246597,0.07906112828338854,9.137036074498638e-07,6.950772529372892e-08,6.0,0,3.0,0,5.0,0,6.0,0,0.0,1,2018-07-01,2018-06-01,2018-06-01,2018-05-01,2018-06-01,2018-07-28,2018-07-21,persist17w
2018-08-10,0,2018-08-10,expansion,expansion,official,0.7171364084926479,0.1036366808162658,0,0,1,0,0.39093860982500017,labor_stress,1.4017815529550461,0.13077588643417457,none,absent,True,0.8111318936013028,0,expansion,0.0,0.0,0.0,0,0,4,,4,0,0.10939821697583185,0.030355101835891022,0.6621943932363601,0.8903883608538489,0.22840647616190343,0.07925646725254613,9.136259046476137e-07,7.00577139714662e-08,7.0,0,4.0,0,6.0,0,7.0,0,0.0,1,2018-07-01,2018-06-01,2018-06-01,2018-05-01,2018-06-01,2018-08-04,2018-07-28,persist17w
2018-08-17,0,2018-08-17,expansion,expansion,official,0.7051511602553269,0.11164543120379881,0,0,1,0,0.38585324869000615,labor_stress,1.3604243300102252,-0.2642224649615189,none,absent,True,0.8076020373961089,0,expansion,0.0,0.056619099634611196,0.0,0,0,4,,4,0,0.1126385521086473,0.03200525252631192,0.6588448329850676,0.8877983565888696,0.22851570084348172,0.08019631919276074,9.140628033739268e-07,7.169205759606724e-08,4.0,0,5.0,0,7.0,0,4.0,0,0.0,1,2018-07-01,2018-06-01,2018-07-01,2018-05-01,2018-07-01,2018-08-11,2018-08-04,persist17w
2018-08-24,0,2018-08-24,expansion,expansion,official,0.7174010101683435,0.15989058671561357,0,0,1,0,0.3943955777629171,labor_stress,1.4146989294652208,-0.02521022339233501,none,absent,True,0.8070141606801425,0,expansion,0.0,0.0054021907269289305,0.0,0,0,4,,4,0,0.11535964275139898,0.03250674484788079,0.656032019901377,0.8872536722870092,0.2286074229175322,0.08023951160686671,9.144296916701287e-07,7.12582433040851e-08,5.0,0,6.0,0,8.0,0,5.0,0,0.0,1,2018-07-01,2018-06-01,2018-07-01,2018-05-01,2018-07-01,2018-08-18,2018-08-11,persist17w
2018-08-31,0,2018-08-31,expansion,expansion,official,0.7151754071192815,0.17444017864489952,0,0,1,0,0.40660407914093644,labor_stress,1.453966189179899,0.31876966912592397,none,absent,True,0.8064887236744432,0,expansion,0.0,0.0,0.0,0,0,4,,4,0,0.11733630854089658,0.032993491113833755,0.6539887247213387,0.8867475807244857,0.2286740520415565,0.08025885705004245,9.146962081662259e-07,7.111163804178868e-08,6.0,0,7.0,0,4.0,0,6.0,0,0.0,1,2018-07-01,2018-07-01,2018-07-01,2018-06-01,2018-07-01,2018-08-25,2018-08-18,persist17w
2018-09-07,0,2018-09-07,expansion,expansion,official,0.7348760501916042,0.19330463816430757,0,1,1,1,0.4265304999163782,labor_stress,1.5672352453239917,0.606429107219497,none,absent,True,0.7909957326751819,0,expansion,0.0,0.0,0.0,0,0,4,,4,0,0.11326832618060616,0.03211798641945475,0.6451255701435477,0.8794388369129663,0.24160520467973567,0.08844310423778444,8.989961104362258e-07,7.242979449463582e-08,7.0,0,4.0,0,5.0,0,7.0,0,0.0,1,2018-08-01,2018-07-01,2018-07-01,2018-06-01,2018-07-01,2018-09-01,2018-08-25,persist17w
2018-09-14,0,2018-09-14,expansion,expansion,official,0.7424394675173517,0.09489558102998061,0,1,1,1,0.43621297372908663,labor_stress,1.619308639697918,0.6359464189093389,none,absent,True,0.7985625807931491,0,expansion,0.0,0.0,0.0,0,0,4,,4,0,0.1019107056279909,0.02809806971156023,0.6568879247314658,0.8852322203493677,0.24120047215041432,0.08666963955621852,8.974901289317742e-07,7.038285363763588e-08,4.0,0,5.0,0,6.0,0,4.0,0,0.0,1,2018-08-01,2018-07-01,2018-08-01,2018-06-01,2018-08-01,2018-09-08,2018-09-01,persist17w
2018-09-21,0,2018-09-21,expansion,expansion,official,0.7672460415779433,0.13429416354057938,0,1,1,1,0.45260308690605094,labor_stress,1.7362896341731273,0.8316129507612234,none,absent,True,0.7988922503341694,0,expansion,0.0,0.0,0.0,0,0,4,,4,0,0.1013434286483657,0.027886617202277184,0.6574754168873275,0.8855027814277004,0.24118025704939683,0.08661053109353098,8.974149099512441e-07,7.027649135383387e-08,5.0,0,6.0,0,7.0,0,5.0,0,0.0,1,2018-08-01,2018-07-01,2018-08-01,2018-06-01,2018-08-01,2018-09-15,2018-09-08,persist17w
2018-09-28,0,2018-09-28,expansion,expansion,official,0.7602650980176209,0.023713612542463913,0,1,1,1,0.4556037543417364,labor_stress,1.7318981647590812,0.574316917960905,none,absent,True,0.8049152717970176,0,expansion,0.0,0.0,0.0,0,0,4,,4,0,0.09144397139318572,0.024649911938752177,0.6677276458576423,0.89013264553714,0.24082748664689607,0.08521737374012234,8.961022758954272e-07,6.878398543761346e-08,6.0,0,7.0,0,4.0,0,6.0,0,0.0,1,2018-08-01,2018-08-01,2018-08-01,2018-07-01,2018-08-01,2018-09-22,2018-09-15,persist17w
2018-10-05,0,2018-10-05,expansion,expansion,official,0.7606277732253754,0.06812822905672508,0,0,1,0,0.45642542943220316,labor_stress,1.7358492901622622,0.6293449793912537,none,absent,True,0.8185633493845634,0,expansion,0.0,0.0,0.0,0,0,4,,4,0,0.09757883326290674,0.026168863632516134,0.6744121843773614,0.8961972089802429,0.22800807032745046,0.07763385959567948,9.120322813098018e-07,6.779156147950282e-08,7.0,0,3.0,0,5.0,0,7.0,0,0.0,1,2018-09-01,2018-08-01,2018-08-01,2018-07-01,2018-08-01,2018-09-29,2018-09-22,persist17w
2018-10-12,0,2018-10-12,expansion,expansion,official,0.7487190072874103,0.04454872311774747,0,0,1,0,0.4458139983909826,labor_stress,1.668947071550638,0.5058279018576001,none,absent,True,0.8188078718732261,0,expansion,0.0,0.0,0.0,0,0,4,,4,0,0.09719444914276938,0.026064407629598586,0.6748095253057739,0.8963716982461575,0.22799511357100255,0.07756382637293137,9.119804542840101e-07,6.775131261919022e-08,8.0,0,4.0,0,6.0,0,8.0,0,0.0,1,2018-09-01,2018-08-01,2018-08-01,2018-07-01,2018-08-01,2018-10-06,2018-09-29,persist17w
2018-10-19,0,2018-10-19,expansion,expansion,official,0.7237277502488545,-0.14290159793548957,0,1,0,1,0.43677509793722535,labor_stress,1.580531294974156,0.14096204587002298,none,absent,True,0.7956085416185226,0,expansion,0.0,0.0,0.0,0,0,4,,4,0,0.08286653823660822,0.022048629033889187,0.66557901216165,0.8867799199530251,0.25155351358866795,0.09117137833450253,9.360130738182993e-07,7.267858311836325e-08,4.0,0,5.0,0,7.0,0,4.0,0,0.0,1,2018-09-01,2018-08-01,2018-09-01,2018-07-01,2018-09-01,2018-10-13,2018-10-06,persist17w
2018-10-26,0,2018-10-26,expansion,expansion,official,0.7238907999426993,-0.16499331499505182,0,1,0,1,0.4351861373040627,labor_stress,1.5751362052850568,0.031087045152470273,none,absent,True,0.7974952026434867,0,expansion,0.0,0.0,0.0,0,0,4,,4,0,0.08030896132542965,0.021119192308448127,0.6681845437737398,0.8881879691977808,0.2515055590661922,0.09069276655429406,9.358346383858315e-07,7.193947712732831e-08,5.0,0,6.0,0,8.0,0,5.0,0,0.0,1,2018-09-01,2018-08-01,2018-09-01,2018-07-01,2018-09-01,2018-10-20,2018-10-13,persist17w
2018-11-02,0,2018-11-02,expansion,expansion,official,0.7092152675973252,-0.24392286720216597,0,1,0,1,0.4195107529750531,labor_stress,1.4876171546557884,-0.3949641211489939,none,absent,True,0.8184972521742879,0,expansion,0.0,0.08463516881764155,0.0,0,0,4,,4,0,0.07007360451713461,0.017854550798989514,0.6898595555922155,0.900321318246896,0.24006594662201133,0.08182406607260809,8.932686385935305e-07,6.488150630976284e-08,6.0,0,3.0,0,4.0,0,6.0,0,0.0,1,2018-10-01,2018-09-01,2018-09-01,2018-08-01,2018-09-01,2018-10-27,2018-10-20,persist17w
2018-11-09,0,2018-11-09,expansion,expansion,official,0.708998416999426,-0.27819157142813633,0,1,0,1,0.41793542547663404,labor_stress,1.4815777753545756,-0.5654894738034661,none,absent,True,0.8209737041357714,0,expansion,0.0,0.12117631581502845,0.0,0,0,4,,4,0,0.06640542906241331,0.016666286634544215,0.6936584481674032,0.9021536767650274,0.23993522998793243,0.081179972629256,8.927822511178882e-07,6.39711723518871e-08,7.0,0,4.0,0,5.0,0,7.0,0,0.0,1,2018-10-01,2018-09-01,2018-09-01,2018-08-01,2018-09-01,2018-11-03,2018-10-27,persist17w
2018-11-16,0,2018-11-16,expansion,expansion,official,0.6918361505960353,-0.4217932108436993,0,1,0,1,0.3909673322267386,labor_stress,1.3524266706827404,-1.1317315212286818,none,absent,True,0.8057557977360941,0,expansion,0.0,0.15,0.058823529411764705,0,0,4,,4,0,0.053723384630053855,0.013467113111091503,0.6808725768326828,0.8961443103399516,0.26540314586412117,0.09038851260385744,8.926731422348048e-07,6.39450993255146e-08,4.0,0,5.0,0,6.0,0,4.0,0,0.0,1,2018-10-01,2018-09-01,2018-10-01,2018-08-01,2018-10-01,2018-11-10,2018-11-03,persist17w
2018-11-23,0,2018-11-23,expansion,expansion,official,0.6568996240909636,-0.4988234940803563,0,1,0,1,0.35697644802985173,labor_stress,1.172488472600685,-1.5133551920405708,none,absent,True,0.7731009430695788,0,expansion,0.0,0.15,0.11764705882352941,0,0,4,,4,0,0.049828158291029837,0.012611271797781716,0.6546765918015707,0.8802448020312625,0.29549435591677764,0.10714385896168377,8.939906217822192e-07,6.720927197443566e-08,5.0,0,6.0,0,7.0,0,5.0,0,0.0,1,2018-10-01,2018-09-01,2018-10-01,2018-08-01,2018-10-01,2018-11-17,2018-11-10,persist17w
2018-11-30,0,2018-11-30,expansion,expansion,official,0.5989611798144148,-0.5852156138430791,0,1,0,1,0.29628563324376367,labor_stress,0.8873179622487285,-2.1422512679377363,none,absent,True,0.725961945946057,0,expansion,0.0,0.15,0.17647058823529413,0,0,4,,4,0,0.04708371038778813,0.012250791145172081,0.6230646747576771,0.8568555408715617,0.3298507191375768,0.13089359492550467,8.957169580098033e-07,7.30577614846019e-08,6.0,0,7.0,0,4.0,0,6.0,0,0.0,1,2018-10-01,2018-10-01,2018-10-01,2018-09-01,2018-10-01,2018-11-24,2018-11-17,persist17w
2018-12-07,0,2018-12-07,expansion,expansion,official,0.5524137920149919,-0.6170705164748574,0,0,0,0,0.2733861100159171,production,0.6735712136582839,-2.3848925974468607,none,absent,True,0.7464998119015115,0,expansion,0.0,0.15,0.17647058823529413,0,0,4,,4,0,0.049383423723043114,0.012656608446846873,0.6347694776618497,0.8669215657515741,0.3158461814120433,0.12042175385006255,9.172030639714773e-07,7.195151643505311e-08,7.0,0,4.0,0,5.0,0,7.0,0,0.0,1,2018-11-01,2018-10-01,2018-10-01,2018-09-01,2018-10-01,2018-12-01,2018-11-24,persist17w
2018-12-14,0,2018-12-14,expansion,expansion,official,0.5782837448673874,-0.39399876732210987,0,0,1,0,0.2676258648947392,labor_stress,0.7738184368735163,-1.8999791601519163,none,absent,True,0.7510008816940016,0,expansion,0.0,0.15,0.17647058823529413,0,0,4,,4,0,0.07158832038356437,0.018818542333385892,0.6299956253874978,0.8660911329105607,0.2984151364031982,0.11509025121655915,9.178257397324128e-07,7.353949427660606e-08,3.0,0,5.0,0,6.0,0,3.0,0,0.0,1,2018-11-01,2018-10-01,2018-11-01,2018-09-01,2018-11-01,2018-12-08,2018-12-01,persist17w
2018-12-21,0,2018-12-21,expansion,expansion,official,0.5694905994773958,-0.4176058660725725,0,0,0,0,0.29006587583806187,labor_stress,0.8259489475947686,-1.726686992719087,none,absent,True,0.5480204962370381,0,expansion,0.0,0.15,0.35294117647058826,0,0,4,,4,0,0.0732118893161437,0.020550523014275263,0.5373839571453154,0.7637349332248988,0.38940319103140747,0.2157144369878607,9.62507133505984e-07,1.0677296530306057e-07,4.0,0,6.0,0,3.0,0,4.0,0,0.0,1,2018-11-01,2018-11-01,2018-11-01,2018-10-01,2018-11-01,2018-12-15,2018-12-08,persist17w
2018-12-28,0,2018-12-28,expansion,expansion,official,0.5939389546220349,-0.3218919418425042,0,0,0,0,0.31856376517855484,labor_stress,0.9460371483530514,-1.2437676321352378,none,absent,True,0.7197249331961115,0,expansion,0.0,0.15,0.0,0,0,4,,4,0,0.08150401242541634,0.02033563030322296,0.6803620531728387,0.84969459997952,0.23813298186981752,0.12996966678340843,9.525319274792701e-07,1.0293384861147185e-07,5.0,0,7.0,0,4.0,0,5.0,0,0.0,1,2018-11-01,2018-11-01,2018-11-01,2018-10-01,2018-11-01,2018-12-22,2018-12-15,persist17w
2019-01-04,0,2019-01-04,expansion,expansion,official,0.5667012072888477,-0.331490353993083,0,0,0,0,0.2746651905542049,labor_stress,0.7782654754364465,-1.6105200210150552,none,absent,True,0.8238693679537676,0,expansion,0.0,0.15,0.0,0,0,4,,4,0,0.08051538446728536,0.020804216298839235,0.6920508073879751,0.901532542435346,0.2274328984131459,0.07766317448157839,9.097315936525836e-07,6.678423643228244e-08,6.0,0,3.0,0,5.0,0,6.0,0,0.0,1,2018-12-01,2018-11-01,2018-11-01,2018-10-01,2018-11-01,2018-12-29,2018-12-22,persist17w
2019-01-11,0,2019-01-11,expansion,expansion,official,0.5252898561192707,-0.35393255019425174,0,0,0,0,0.2925704230604673,production,0.5546947558476176,-1.7222694148391737,none,absent,True,0.826158202080515,0,expansion,0.0,0.15,0.0,0,0,4,,4,0,0.08366855210884214,0.021464024144014087,0.6887913528670956,0.9023470562968516,0.22753918486732286,0.0761888542163366,9.101567394692914e-07,6.534279767384757e-08,7.0,0,4.0,0,6.0,0,7.0,0,0.0,1,2018-12-01,2018-11-01,2018-11-01,2018-10-01,2018-11-01,2019-01-05,2018-12-29,persist17w
2019-01-18,0,2019-01-18,expansion,expansion,official,0.5339143972293126,-0.2304978039210414,0,0,0,0,0.30565363913820953,production,0.5385682059794658,-1.4291801626575402,none,absent,True,0.8178986502167187,0,expansion,0.0,0.15,0.0,0,0,4,,4,0,0.10017229357369362,0.026652265908738468,0.6717313037849986,0.8956231584352581,0.22809549025934675,0.07772450821853938,9.123819610373869e-07,6.743746412323777e-08,4.0,0,5.0,0,7.0,0,8.0,0,0.0,1,2018-12-01,2018-11-01,2018-12-01,2018-10-01,2018-11-01,2019-01-12,2019-01-05,persist17w
2019-01-25,0,2019-01-25,expansion,expansion,preliminary,0.5657716860587317,0.0010396043846132685,0,0,0,0,0.2906302570384862,production,0.7507995296409871,-0.273323784328941,none,absent,False,0.7908959544565093,0,expansion,0.0,0.05856938235620164,0.0,0,0,3,consumption,4,0,0.13372154994924815,0.03784952500022995,0.6272175742829044,0.8765231772617312,0.23905991952816935,0.0856272228052219,9.562396781126774e-07,7.493281693525261e-08,5.0,0,6.0,0,8.0,0,9.0,0,0.0,1,2018-12-01,2018-11-01,2018-12-01,2018-10-01,2018-11-01,2019-01-19,2019-01-12,persist17w
2019-02-01,0,2019-02-01,expansion,expansion,preliminary,0.5137281731811202,-0.010095485453009279,0,0,0,0,0.32103430049712744,production,0.45784517220347526,-0.434967804380404,none,absent,False,0.7766255469157742,0,expansion,0.0,0.09320738665294372,0.0,0,0,2,consumption|real_income,4,0,0.14441946193894992,0.04388211430220349,0.6163297579502479,0.8663716758087255,0.2392498231115098,0.08974612889295135,9.569992924460392e-07,8.099611969221699e-08,6.0,0,3.0,0,9.0,0,10.0,0,0.0,1,2019-01-01,2018-11-01,2018-12-01,2018-10-01,2018-11-01,2019-01-26,2019-01-19,persist17w
2019-02-08,0,2019-02-08,expansion,expansion,preliminary,0.466050684286219,-0.17645520848699284,0,0,0,0,0.3541680412707698,production,0.21542645869785565,-1.269024045905517,none,absent,False,0.7823329974835456,0,expansion,0.0,0.15786980165658607,0.0,0,0,2,consumption|real_income,4,0,0.12752026835900282,0.03897272108218631,0.6335289381309779,0.8716800973872982,0.2389498377106685,0.08934709990375261,9.55799350842674e-07,8.16267628725397e-08,7.0,0,4.0,0,10.0,0,11.0,0,0.0,1,2019-01-01,2018-11-01,2018-12-01,2018-10-01,2018-11-01,2019-02-02,2019-01-26,persist17w
2019-02-15,0,2019-02-08,slowdown,expansion,preliminary,0.3936952561089849,-0.8994099081724531,0,2,0,2,0.32496271903616336,production,0.2046314791669908,-1.2935571501318388,none,absent,False,0.10750764985370859,1,slowdown,0.24235490289002268,0.24235490289002268,0.47058823529411764,1,1,3,real_income,5,0,0.036837841875874196,0.00831929539636818,0.3855608251357878,0.44208644612344333,0.5776004083284464,0.5495940959771519,9.246598916450936e-07,1.6250303647417916e-07,3.0,0,4.0,0,10.0,0,7.0,0,0.0,1,2019-01-01,2018-11-01,2019-01-01,2018-10-01,2018-12-01,2019-02-09,2019-02-02,persist17w
2019-02-22,0,2019-02-08,slowdown,expansion,preliminary,0.3936952561089849,-0.8994099081724531,0,2,0,2,0.32496271903616336,production,0.2046314791669908,-1.2935571501318388,none,absent,False,0.10750764985370859,1,slowdown,0.24235490289002268,0.24235490289002268,0.47058823529411764,2,2,2,consumption|real_income,5,0,0.036837841875874196,0.00831929539636818,0.3855608251357878,0.44208644612344333,0.5776004083284464,0.5495940959771519,9.246598916450936e-07,1.6250303647417916e-07,3.0,0,4.0,0,10.0,0,7.0,0,0.0,1,2019-01-01,2018-11-01,2019-01-01,2018-10-01,2018-12-01,2019-02-16,2019-02-09,persist17w
2019-03-01,0,2019-03-01,expansion,expansion,official,0.43043122893329605,-0.6625498075657266,0,2,1,2,0.2920261731663803,real_income,-0.14729011333574343,-2.034965984209495,none,absent,True,0.565967286809818,0,expansion,0.20967536232205758,0.2080351626096238,0.23529411764705882,0,0,4,,4,0,0.05617553354748138,0.01493814892424432,0.5484108804040194,0.7755145214086336,0.3954126758862001,0.20954723459881566,9.101622992035277e-07,9.506830634302479e-08,6.0,0,7.0,0,8.0,0,6.0,0,0.0,1,2019-01-01,2018-12-01,2019-01-01,2018-12-01,2018-12-01,2019-02-23,2019-02-16,persist17w
2019-03-08,0,2019-03-08,expansion,expansion,preliminary,0.43536476135578095,-0.7134526545551828,0,3,1,3,0.3066803780258569,real_income,-0.0764996958922273,-1.4407727544434068,none,absent,False,0.410408371497472,0,expansion,0.20714707042503597,0.20714707042503597,0.29411764705882354,0,0,3,real_income,4,0,0.04859221381346838,0.012701527204674455,0.5018321688786529,0.6988533677601637,0.4495747348952592,0.2884449962626917,8.824126196141354e-07,1.0877247015544054e-07,7.0,0,4.0,0,9.0,0,7.0,0,0.0,1,2019-02-01,2018-12-01,2019-01-01,2018-12-01,2018-12-01,2019-03-02,2019-02-23,persist17w
2019-03-15,0,2019-03-15,expansion,expansion,preliminary,0.40304839459652975,-0.3361169911318599,0,2,1,2,0.35455348233508344,real_income,0.0054538890678467655,-1.2355832871073622,none,absent,False,0.7254205377152269,0,expansion,0.21250164949732048,0.19055114731178835,0.0,0,0,3,real_income,4,0,0.10842867806113721,0.030266217400621846,0.6265759057035002,0.8475771157813823,0.26499449451538176,0.12215657806615543,9.217199809230669e-07,8.87518403897073e-08,3.0,0,5.0,0,10.0,0,3.0,0,0.0,1,2019-02-01,2018-12-01,2019-02-01,2018-12-01,2019-02-01,2019-03-09,2019-03-02,persist17w
2019-03-22,0,2019-03-15,expansion,expansion,preliminary,0.400455412754825,-0.3420099058518571,0,2,1,2,0.35419192812429456,real_income,-0.007511020140677059,-1.2650478607073483,none,absent,False,0.725735273941565,0,expansion,0.21448779064599405,0.19233254037906683,0.0,1,1,3,real_income,5,0,0.10790110751949497,0.03010162571975687,0.627113876948202,0.8478167797622554,0.2649840938484985,0.12208150582069041,9.216838046904296e-07,8.869729727747638e-08,3.0,0,5.0,0,10.0,0,3.0,0,0.0,1,2019-02-01,2018-12-01,2019-02-01,2018-12-01,2019-02-01,2019-03-16,2019-03-09,persist17w
2019-03-29,0,2019-03-29,expansion,expansion,official,0.4156555075230962,-0.31779750887203617,0,2,0,2,0.3331634325418078,production,0.30885946595107633,-0.25490846886491003,none,absent,False,0.6878203388487936,0,expansion,0.10827572545556097,0.08812818908852514,0.0,0,0,4,,4,0,0.11415759345101462,0.03183246389967758,0.6087332760517618,0.8279938874744107,0.2771081666427309,0.14017354862561712,9.638544926703684e-07,1.0000029459337587e-07,5.0,0,7.0,0,8.0,0,5.0,0,0.0,1,2019-02-01,2019-01-01,2019-02-01,2019-01-01,2019-02-01,2019-03-23,2019-03-16,persist17w
2019-04-05,0,2019-04-05,expansion,expansion,preliminary,0.4538311720508056,-0.24171510157630868,0,2,0,2,0.30567874385206867,production,0.5040768864011614,0.526804223077205,none,absent,False,0.312645101073269,0,expansion,0.027944883297059867,0.014345528267265605,0.0,0,0,3,real_income,4,0,0.11981563492597731,0.02824850226846797,0.6030752345767991,0.6421981933952796,0.2771081666427309,0.32955309232201063,9.638544926703684e-07,2.120142418148381e-07,6.0,0,4.0,0,9.0,0,6.0,0,0.0,1,2019-03-01,2019-01-01,2019-02-01,2019-01-01,2019-02-01,2019-03-30,2019-03-23,persist17w
2019-04-12,0,2019-04-12,expansion,expansion,preliminary,0.5282245958981449,0.02794438800894481,0,2,0,2,0.32882764546375015,labor_stress,0.8684742507261394,1.874200668957807,none,absent,False,0.5142383924114952,0,expansion,0.0,0.0,0.0,0,0,3,real_income,4,0,0.14786052713251496,0.04075040998781352,0.5750303423702614,0.7367439161206669,0.2771081666427309,0.22250552370917176,9.638544926703684e-07,1.501823478958439e-07,7.0,0,5.0,0,10.0,0,7.0,0,0.0,1,2019-03-01,2019-01-01,2019-02-01,2019-01-01,2019-02-01,2019-04-06,2019-03-30,persist17w
2019-04-19,0,2019-04-12,expansion,expansion,preliminary,0.5371612662057084,0.14167342123269605,0,2,1,2,0.3168961901689449,labor_stress,0.851121793834577,1.833855886990157,none,absent,False,0.6245082277307599,0,expansion,0.0,0.0,0.0,1,1,3,real_income,5,0,0.1725381983983863,0.05520901364221173,0.5536883857650227,0.7846495484577495,0.2737724635845437,0.16014132072698958,9.522520472505868e-07,1.1717304912250833e-07,3.0,0,5.0,0,10.0,0,3.0,0,0.0,1,2019-03-01,2019-01-01,2019-03-01,2019-01-01,2019-03-01,2019-04-13,2019-04-06,persist17w
2019-04-26,0,2019-04-12,expansion,expansion,preliminary,0.5371612662057084,0.14167342123269605,0,2,1,2,0.3168961901689449,labor_stress,0.851121793834577,1.833855886990157,none,absent,False,0.6245082277307599,0,expansion,0.0,0.0,0.0,2,2,3,real_income,5,0,0.1725381983983863,0.05520901364221173,0.5536883857650227,0.7846495484577495,0.2737724635845437,0.16014132072698958,9.522520472505868e-07,1.1717304912250833e-07,3.0,0,5.0,0,10.0,0,3.0,0,0.0,1,2019-03-01,2019-01-01,2019-03-01,2019-01-01,2019-03-01,2019-04-20,2019-04-13,persist17w
2019-05-03,0,2019-05-03,expansion,expansion,official,0.4558676446025366,-0.027004141888195887,0,2,1,2,0.30120722219899454,labor_stress,0.6865531346056426,1.066158991019329,none,absent,False,0.6554297063333543,0,expansion,0.020679923993373338,0.0015362872632437951,0.0,0,0,4,,4,0,0.16712301709937266,0.060062787327624705,0.5589988743072046,0.7976834031288514,0.273877155977228,0.14225369679549718,9.526161947034019e-07,1.1274802656579012e-07,6.0,0,3.0,0,5.0,0,6.0,0,0.0,1,2019-04-01,2019-03-01,2019-03-01,2019-02-01,2019-03-01,2019-04-27,2019-04-20,persist17w
2019-05-10,0,2019-05-10,expansion,expansion,official,0.3633601575437519,-0.26087052250244,0,2,1,2,0.3318424872370102,production,0.21786720282529679,-0.10262310714899271,none,absent,False,0.6872969354502259,0,expansion,0.10296868138539869,0.06596074656765816,0.0,0,0,4,,4,0,0.14492379532186475,0.049984411284996776,0.5807689141978883,0.8186562099260549,0.2743063363712508,0.13135927447582907,9.541089960739158e-07,1.0431311924471453e-07,7.0,0,4.0,0,6.0,0,7.0,0,0.0,1,2019-04-01,2019-03-01,2019-03-01,2019-02-01,2019-03-01,2019-05-04,2019-04-27,persist17w
2019-05-17,0,2019-05-17,expansion,expansion,official,0.21566046317539972,-0.6355750978339205,0,2,0,2,0.33456347528985175,employment,-0.12296705210409839,-0.6620782960475838,none,absent,True,0.6367809930884654,0,expansion,0.3734835488869067,0.3623112623801503,0.11764705882352941,0,0,4,,4,0,0.09225075113582873,0.027469353494771725,0.5676752547303553,0.8046557702875103,0.3400730384921245,0.167874777199045,9.556416915115098e-07,9.901867288893016e-08,4.0,0,5.0,0,7.0,0,4.0,0,0.0,1,2019-04-01,2019-03-01,2019-04-01,2019-02-01,2019-04-01,2019-05-11,2019-05-04,persist17w
2019-05-24,0,2019-05-24,expansion,expansion,official,0.2596049073855592,-0.5993710624810867,0,2,0,2,0.3416130176807673,employment,0.088838941120801,-0.48105811928341474,none,absent,True,0.5817790760825325,0,expansion,0.2939539899736416,0.2791721800247333,0.17647058823529413,0,0,4,,4,0,0.091023360058237,0.027086270596466,0.5398628512512877,0.7773463507380556,0.3691128368365798,0.195567274655523,9.518538955152464e-07,1.040099553662372e-07,5.0,0,6.0,0,8.0,0,5.0,0,0.0,1,2019-04-01,2019-03-01,2019-04-01,2019-02-01,2019-04-01,2019-05-18,2019-05-11,persist17w
2019-05-31,0,2019-05-31,expansion,expansion,official,0.2888039358413009,-0.45107390753413484,0,2,0,2,0.30707481724019686,employment,0.27200091403188387,-0.4570845443705764,none,absent,True,0.589268428022899,0,expansion,0.24674828951873623,0.21456912104266135,0.17647058823529413,0,0,4,,4,0,0.11331728802375672,0.03627056778230201,0.5311952542444673,0.7764988766726989,0.3554865041005345,0.18723044864979982,9.536312414860801e-07,1.0689519922339949e-07,6.0,0,7.0,0,4.0,0,6.0,0,0.0,1,2019-04-01,2019-04-01,2019-04-01,2019-03-01,2019-04-01,2019-05-25,2019-05-18,persist17w
2019-06-07,0,2019-06-07,expansion,expansion,official,0.29298411528502033,-0.7182918532412023,0,3,0,3,0.26759812952726175,employment,0.33950170715297334,-1.1937317841792765,none,absent,True,0.33123256412517393,0,expansion,0.3274488091528158,0.3274488091528158,0.29411764705882354,0,0,4,,4,0,0.0650485306473075,0.018893149825690077,0.4728117726158917,0.6561696436058869,0.46213878162034927,0.324937079480713,9.151164515247087e-07,1.2708771007200708e-07,7.0,0,4.0,0,5.0,0,7.0,0,0.0,1,2019-05-01,2019-04-01,2019-04-01,2019-03-01,2019-04-01,2019-06-01,2019-05-25,persist17w
2019-06-14,0,2019-06-14,slowdown,expansion,official,0.2803541720057622,-0.8859609892043145,0,3,1,3,0.3584152949629683,consumption,0.05314386788696973,-2.7912635941467743,none,absent,True,0.3302098906752505,0,expansion,0.33812023240069794,0.33812023240069794,0.29411764705882354,0,0,4,,4,0,0.04972359074979729,0.014557830840881893,0.47218987128699424,0.6578259680789091,0.4780856292448512,0.32761607740365867,9.087183573670828e-07,1.236765503656577e-07,4.0,0,5.0,0,6.0,0,4.0,0,0.0,1,2019-05-01,2019-04-01,2019-05-01,2019-03-01,2019-05-01,2019-06-08,2019-06-01,persist17w
2019-06-21,0,2019-06-21,slowdown,expansion,official,0.2614461685248994,-0.8396576969672541,0,3,1,3,0.3618423015231373,consumption,-0.045191718073166166,-2.559747132961471,none,absent,True,0.19507674482935444,0,expansion,0.35409617967578083,0.35409617967578083,0.35294117647058826,0,0,4,,4,0,0.05120649011102931,0.013061014128850244,0.45485904838874186,0.5910077988063903,0.4939335839579536,0.3959310539770359,8.775422752318714e-07,1.3308772361564915e-07,5.0,0,6.0,0,7.0,0,5.0,0,0.0,1,2019-05-01,2019-04-01,2019-05-01,2019-03-01,2019-05-01,2019-06-15,2019-06-08,persist17w
2019-06-28,0,2019-06-28,slowdown,expansion,official,0.17454347652333585,-0.8798203651279941,0,3,0,3,0.26147631582263453,employment,-0.3140713154286446,-2.3260288666053865,watch,preliminary,True,0.26984482405798677,2,slowdown,0.4275229075101039,0.4275229075101039,0.47058823529411764,0,0,4,,4,0,0.05619341871844887,0.011031945420050482,0.3623149150753866,0.35956152748027254,0.5814907730114854,0.6294063515382593,8.931946791093337e-07,1.7556141755737502e-07,6.0,0,7.0,0,4.0,0,6.0,0,0.0,1,2019-05-01,2019-05-01,2019-05-01,2019-04-01,2019-05-01,2019-06-22,2019-06-15,persist17w
2019-07-05,0,2019-07-05,slowdown,slowdown,official,0.1665497043607096,-0.6715181353959098,0,3,0,3,0.252666209854037,employment,-0.3518501716529994,-1.31900037023327,watch,preliminary,True,0.40675191848747116,0,slowdown,0.42849370193788117,0.4227103151149305,0.5294117647058824,0,0,4,,4,0,0.08795696029093344,0.015491249690131485,0.3392614796031558,0.2888783179916721,0.5727806653114176,0.6956302364791432,8.94794493209532e-07,1.9583905315261098e-07,7.0,0,3.0,0,5.0,0,7.0,0,0.0,1,2019-06-01,2019-05-01,2019-05-01,2019-04-01,2019-05-01,2019-06-29,2019-06-22,persist17w
2019-07-12,0,2019-07-12,slowdown,slowdown,official,0.17345059961081,-0.5320132782050012,0,3,0,3,0.26011435304204794,employment,-0.3245114625617338,-0.46298137882999846,none,absent,True,0.369300093574969,0,slowdown,0.3442456913300733,0.3108347747405005,0.5294117647058824,0,0,4,,4,0,0.11368344333404076,0.02123248250741064,0.349617674093032,0.3047336095024505,0.5366979811510089,0.6740337030774195,9.014219183666717e-07,2.049127193120434e-07,8.0,0,4.0,0,6.0,0,8.0,0,0.0,1,2019-06-01,2019-05-01,2019-05-01,2019-04-01,2019-05-01,2019-07-06,2019-06-29,persist17w
2019-07-19,0,2019-07-19,expansion,expansion,official,0.16324420343540208,-0.47151815519621093,0,2,0,2,0.2545462168169935,employment,-0.37911509658970993,-1.0353643852254144,none,absent,True,0.44120104382975245,0,expansion,0.3902198036121062,0.3433696001865303,0.058823529411764705,0,0,4,,4,0,0.13694588820012588,0.04034866605890488,0.560256599571169,0.7004261077882978,0.3027965517248681,0.2592250639585454,9.60503837097267e-07,1.6219425197413396e-07,4.0,0,5.0,0,7.0,0,4.0,0,0.0,1,2019-06-01,2019-05-01,2019-06-01,2019-04-01,2019-06-01,2019-07-13,2019-07-06,persist17w
2019-07-26,0,2019-07-26,expansion,expansion,official,0.24627935921190974,-0.3505560478913036,0,2,0,2,0.32546016072286826,employment,0.03133643521110949,-0.43462120337267457,none,absent,False,0.5813417951353415,0,expansion,0.2559025757643875,0.20176095831967217,0.0,0,0,4,,4,0,0.14520928835270366,0.04401653612803044,0.5776815811500727,0.7686625631486145,0.2771081666427309,0.18732076801327302,9.638544926703684e-07,1.327100820707929e-07,5.0,0,6.0,0,8.0,0,5.0,0,0.0,1,2019-06-01,2019-05-01,2019-06-01,2019-04-01,2019-06-01,2019-07-20,2019-07-13,persist17w
2019-08-02,0,2019-08-02,expansion,expansion,official,0.36193854565117356,-0.3542169275834981,0,2,0,2,0.387455732097518,real_income,0.09055669636204698,-0.5123244892642242,none,absent,False,0.7158778073743397,0,expansion,0.19953315671216318,0.17009538078086828,0.0,0,0,4,,4,0,0.11323669658723777,0.03261861851368394,0.621673100283426,0.8416295482889726,0.2650892810796628,0.12575174091463295,9.220496733205663e-07,9.22827105055664e-08,6.0,0,3.0,0,4.0,0,6.0,0,0.0,1,2019-07-01,2019-06-01,2019-06-01,2019-05-01,2019-06-01,2019-07-27,2019-07-20,persist17w
2019-08-09,0,2019-08-09,expansion,expansion,official,0.35311881436866105,-0.25556751251993853,0,2,0,2,0.4014073848569628,real_income,0.03790276050687032,-0.021056926317319678,none,absent,False,0.7265695351043301,0,expansion,0.09094954084830528,0.050747710449904754,0.0,0,0,4,,4,0,0.13380236755110167,0.039503586920458064,0.6007019907667438,0.8435329305082598,0.26549471822226506,0.1169633954039297,9.23459889468748e-07,8.716735235016768e-08,7.0,0,4.0,0,5.0,0,7.0,0,0.0,1,2019-07-01,2019-06-01,2019-06-01,2019-05-01,2019-06-01,2019-08-03,2019-07-27,persist17w
2019-08-16,0,2019-08-16,expansion,expansion,official,0.2771243148162233,-0.24928671829886834,0,2,0,2,0.3932177941049742,real_income,-0.20837236097890244,-0.32980540369747957,none,absent,False,0.7102244372513064,0,expansion,0.2000801906970837,0.13863855790326027,0.0,0,0,4,,4,0,0.1536034345133357,0.05010662144465255,0.5805105589120861,0.8300588612676068,0.26588508175690245,0.11983442401630041,9.248176756761826e-07,9.327144029240281e-08,4.0,0,5.0,0,6.0,0,4.0,0,0.0,1,2019-07-01,2019-06-01,2019-07-01,2019-05-01,2019-07-01,2019-08-10,2019-08-03,persist17w
2019-08-23,0,2019-08-23,expansion,expansion,official,0.25261100261217356,-0.17160862735223312,0,2,0,2,0.3675298641246314,real_income,-0.33264244029223566,0.05729564016351015,none,absent,False,0.6974995561310681,0,expansion,0.1509042221225893,0.07105625412926073,0.0,0,0,4,,4,0,0.17757839684940954,0.06025450793913177,0.5560629461066698,0.8186224764583108,0.26635773058224893,0.12112292032724267,9.264616715904311e-07,9.527531481971395e-08,5.0,0,6.0,0,7.0,0,5.0,0,0.0,1,2019-07-01,2019-06-01,2019-07-01,2019-05-01,2019-07-01,2019-08-17,2019-08-10,persist17w
2019-08-30,0,2019-08-30,expansion,expansion,official,0.21881994079749262,-0.17929903016751897,0,3,1,3,0.27208229696591596,real_income,-0.3983729067763557,0.17705600149086312,none,absent,False,0.6245732666809989,0,expansion,0.17379060903246407,0.08448578968517083,0.0,0,0,4,,4,0,0.20105996489193406,0.0772273033829984,0.5130656712940463,0.7736729251113005,0.2858734303497571,0.14909965843030154,9.334642623665537e-07,1.1307539942010859e-07,6.0,0,7.0,0,4.0,0,6.0,0,0.0,1,2019-07-01,2019-07-01,2019-07-01,2019-06-01,2019-07-01,2019-08-24,2019-08-17,persist17w
2019-09-06,0,2019-09-06,expansion,expansion,official,0.17734449800483482,-0.403340130830592,0,3,1,3,0.2844072007487345,labor_stress,-0.5848763551114814,-0.6616236118041332,none,absent,True,0.624494837942219,0,expansion,0.3586271461182746,0.3003215647324779,0.058823529411764705,0,0,4,,4,0,0.15603736605336227,0.0584742577754706,0.5334772399433597,0.7830102348334422,0.31048446191829615,0.15851539689122324,9.320849817393061e-07,1.104998640022609e-07,7.0,0,4.0,0,5.0,0,7.0,0,0.0,1,2019-08-01,2019-07-01,2019-07-01,2019-06-01,2019-07-01,2019-08-31,2019-08-24,persist17w
2019-09-13,0,2019-09-13,expansion,expansion,official,0.26160200005387785,-0.10563292719953474,0,3,1,3,0.2980694190077689,real_income,-0.23201915082590824,0.3681993030590607,none,absent,False,0.6200625064847975,0,expansion,0.13075752563558346,0.04416481815426853,0.0,0,0,4,,4,0,0.20526707294026164,0.07912282570559927,0.5089436666332247,0.7704697834442213,0.28578832724013903,0.15040727695942385,9.331863746616785e-07,1.138907555260888e-07,8.0,0,5.0,0,6.0,0,3.0,0,0.0,1,2019-08-01,2019-07-01,2019-07-01,2019-06-01,2019-08-01,2019-09-07,2019-08-31,persist17w
2019-09-20,0,2019-09-20,expansion,expansion,official,0.29813136657271033,-0.07044338004305901,0,2,2,2,0.2636117587247009,real_income,-0.2565112024885781,-0.6542208270331407,none,absent,False,0.6133547920976529,0,expansion,0.23544985489970666,0.1576097926046699,0.0,0,0,4,,4,0,0.21648541484273687,0.1052845037117181,0.5142302483651354,0.7540350787624445,0.2692834001542142,0.1406802866647916,9.366379135798755e-07,1.3086104586010232e-07,4.0,0,6.0,0,7.0,0,4.0,0,0.0,1,2019-08-01,2019-07-01,2019-08-01,2019-06-01,2019-08-01,2019-09-14,2019-09-07,persist17w
2019-09-27,0,2019-09-27,expansion,expansion,official,0.30477086497178185,-0.09500267813923154,0,2,2,2,0.2878618389709527,real_income,-0.21668844832564368,-0.6543356411485697,none,absent,False,0.6359577848998503,0,expansion,0.23532539459414697,0.16294618312310086,0.0,0,0,4,,4,0,0.20852693707942435,0.090746095719422,0.5219010695823949,0.7726057845868687,0.26957105569972617,0.1366479996870183,9.376384546077431e-07,1.2000669110937402e-07,5.0,0,7.0,0,4.0,0,5.0,0,0.0,1,2019-08-01,2019-08-01,2019-08-01,2019-07-01,2019-08-01,2019-09-21,2019-09-14,persist17w
2019-10-04,0,2019-10-04,expansion,expansion,official,0.2863609342517012,-0.09566875603871619,0,2,2,2,0.27782728825262487,real_income,-0.3042509987504062,-0.7270185409136873,none,absent,False,0.6352903140621609,0,expansion,0.2540308119570702,0.17501668764569722,0.0,0,0,4,,4,0,0.21441823786228953,0.09173497657457332,0.5162227079174564,0.7717776095467728,0.2693581173224548,0.1364872954846119,9.368977993824514e-07,1.1839404216407981e-07,6.0,0,3.0,0,5.0,0,6.0,0,0.0,1,2019-09-01,2019-08-01,2019-08-01,2019-07-01,2019-08-01,2019-09-28,2019-09-21,persist17w
2019-10-11,0,2019-10-11,expansion,expansion,official,0.24348448486960486,-0.09518252991800173,0,2,2,2,0.2504916332236223,real_income,-0.5279796400000226,-0.7250271165633737,none,absent,False,0.6257360893890074,0,expansion,0.27454407362482736,0.1798155947040923,0.0,0,0,4,,4,0,0.22910807238754674,0.0986725357681185,0.5020638326016481,0.7635317173028445,0.268827159959814,0.13779562791383718,9.350509911645704e-07,1.1901519977523477e-07,7.0,0,4.0,0,6.0,0,7.0,0,0.0,1,2019-09-01,2019-08-01,2019-08-01,2019-07-01,2019-08-01,2019-10-05,2019-09-28,persist17w
2019-10-18,0,2019-10-18,expansion,expansion,official,0.13697350382395823,-0.5347242063239354,0,3,0,3,0.3421116933655612,labor_stress,-0.7419839749108957,-0.891719968304391,watch,preliminary,True,0.33846452142049,0,expansion,0.4227566804436381,0.3862464406590105,0.29411764705882354,0,0,4,,4,0,0.12316405558530513,0.040332211443278816,0.44837162668882913,0.6490660869964179,0.4284633964241456,0.3106015655759279,9.213017201713959e-07,1.3598437538258873e-07,4.0,0,5.0,0,7.0,0,4.0,0,0.0,1,2019-09-01,2019-08-01,2019-09-01,2019-07-01,2019-09-01,2019-10-12,2019-10-05,persist17w
2019-10-25,0,2019-10-25,slowdown,expansion,official,0.10616008654265281,-0.5903877739302941,0,3,0,3,0.38644351743097616,labor_stress,-0.9031821945828398,-1.1728336551807619,watch,preliminary,True,0.19015043197425746,0,expansion,0.4590498201171396,0.4327975264780711,0.35294117647058826,0,0,4,,4,0,0.11667618075746153,0.03666665585093463,0.4192918251357708,0.576741812376071,0.4640310793378806,0.38659138040181357,9.147688869853797e-07,1.5137118073408023e-07,5.0,0,6.0,0,8.0,0,5.0,0,0.0,1,2019-09-01,2019-08-01,2019-09-01,2019-07-01,2019-09-01,2019-10-19,2019-10-12,persist17w
2019-11-01,0,2019-11-01,expansion,expansion,official,0.10703548921885506,-0.26480038398869166,0,1,0,1,0.39684046870156936,labor_stress,-1.0293768587032734,-0.9329647545851698,none,absent,False,0.6986084491370503,0,expansion,0.0,0.27656038245616354,0.0,0,0,4,,4,0,0.201981356868511,0.07485540088961158,0.5442307844476526,0.811876473927772,0.253786914360434,0.1132680247907216,9.443234022713823e-07,1.0039189485174026e-07,6.0,0,3.0,0,4.0,0,6.0,0,0.0,1,2019-10-01,2019-09-01,2019-09-01,2019-08-01,2019-09-01,2019-10-26,2019-10-19,persist17w
2019-11-08,0,2019-11-08,expansion,expansion,official,0.08099014317840955,-0.5120227376727822,0,1,0,1,0.4262138226364926,labor_stress,-1.169565891382625,-2.1696531223194198,watch,preliminary,True,0.7059978762882333,0,expansion,0.0,0.41081631054030976,0.058823529411764705,0,0,4,,4,0,0.14384884821008337,0.05324973313056246,0.5786414959636917,0.8263740219696036,0.27750871555857526,0.12037614568137028,9.402676496261456e-07,9.921846360715551e-08,7.0,0,4.0,0,5.0,0,7.0,0,0.0,1,2019-10-01,2019-09-01,2019-09-01,2019-08-01,2019-09-01,2019-11-02,2019-10-26,persist17w
2019-11-15,0,2019-11-15,slowdown,expansion,official,-0.08596948516621779,-1.5554569444746034,0,3,0,3,0.47988171000419366,labor_stress,-1.4523068637055851,-2.799917781745138,elevated,preliminary,True,0.34280820508717685,0,expansion,0.6476382329933252,0.6476382329933252,0.29411764705882354,0,0,4,,4,0,0.018551021693834806,0.004645699291893232,0.48909777664222437,0.6690811979403519,0.4923503262196095,0.32627299285317507,8.754443312887509e-07,1.0991457980473737e-07,4.0,0,5.0,0,6.0,0,4.0,0,0.0,1,2019-10-01,2019-09-01,2019-10-01,2019-08-01,2019-10-01,2019-11-09,2019-11-02,persist17w
2019-11-22,0,2019-11-22,slowdown,expansion,official,-0.19608198285107906,-1.7462990457087226,0,3,0,3,0.5593291809910251,labor_stress,-2.015747295602139,-4.267404458553689,elevated,preliminary,True,0.15358265833976903,0,expansion,0.7406756316336155,0.7406756316336155,0.35294117647058826,0,0,4,,4,0,0.014241246588935969,0.0033390082906668323,0.44758469088034986,0.5751217618147395,0.5381731926065604,0.4215391034749705,8.699241537596857e-07,1.2641962328893085e-07,5.0,0,6.0,0,7.0,0,5.0,0,0.0,1,2019-10-01,2019-09-01,2019-10-01,2019-08-01,2019-10-01,2019-11-16,2019-11-09,persist17w
2019-11-29,0,2019-11-29,slowdown,expansion,official,-0.2407716598321265,-2.040979749867654,0,4,0,4,0.6068744691640517,labor_stress,-1.8418919189485259,-3.692749902508162,high,broad_and_confirmed,True,0.3048103721204137,2,slowdown,0.77843529906293,0.77843529906293,0.4117647058823529,0,0,4,,4,0,0.006852711953628479,0.0012956802833140354,0.3433847003468802,0.3396194317423075,0.5894104497206315,0.6444298038627212,0.060352137978859875,0.014655084111657325,6.0,0,7.0,0,4.0,0,6.0,0,0.0,1,2019-10-01,2019-10-01,2019-10-01,2019-09-01,2019-10-01,2019-11-23,2019-11-16,persist17w
2019-12-06,0,2019-12-06,slowdown,expansion,official,-0.2076469135561722,-1.7531738520989246,0,3,0,3,0.582631521207891,labor_stress,-1.6990592206525348,-2.849113157605228,high,broad_and_confirmed,True,0.4390663401247021,2,slowdown,0.7504471933625709,0.7504471933625709,0.47058823529411764,0,0,4,,4,0,0.014517350373577088,0.0022263775331943314,0.34689347737858944,0.2792495985303511,0.6376493494092851,0.7183159386550532,0.0009398228385483296,0.00020808528140156345,7.0,0,4.0,0,5.0,0,7.0,0,0.0,1,2019-11-01,2019-10-01,2019-10-01,2019-09-01,2019-10-01,2019-11-30,2019-11-23,persist17w
2019-12-13,0,2019-12-13,slowdown,slowdown,official,-0.36672371289912986,-1.9015807684872748,0,3,0,3,0.6784632835658269,labor_stress,-2.4271446731889514,-3.864959965913758,high,broad_and_confirmed,False,0.6436862448551421,0,slowdown,0.8848560198451892,0.8848560198451892,0.5294117647058824,0,0,4,,4,0,0.009001179833201254,0.0013924599346904177,0.16429957588680016,0.13014488983627287,0.4986431695156887,0.773831134691415,0.3280560747643098,0.09463151553762186,8.0,0,5.0,0,6.0,0,3.0,0,0.0,1,2019-11-01,2019-10-01,2019-10-01,2019-09-01,2019-11-01,2019-12-07,2019-11-30,persist17w
2019-12-20,0,2019-12-20,slowdown,slowdown,official,-0.37740964558657175,-1.3795307997763337,0,2,0,2,0.7537528886549831,labor_stress,-2.7384034064854585,-4.433064904209655,high,broad_and_confirmed,False,0.6204692810319079,0,slowdown,0.8938848894121133,0.8938848894121133,0.5882352941176471,0,0,4,,4,0,0.03295522775886964,0.005151525985226868,0.13861526182997835,0.09091033584676196,0.4719604029301587,0.7622037095999595,0.3564691074809933,0.14173442856805163,4.0,0,6.0,0,3.0,0,4.0,0,0.0,1,2019-11-01,2019-11-01,2019-11-01,2019-10-01,2019-11-01,2019-12-14,2019-12-07,persist17w
2019-12-27,0,2019-12-27,contraction,slowdown,official,-0.4861352458379291,-1.3804304256499038,0,2,0,2,0.7857822842757632,labor_stress,-3.282190864944998,-5.450976068284524,high,broad_and_confirmed,False,0.15634441291104545,0,slowdown,0.9857504562248903,0.9857504562248903,0.6470588235294118,0,0,4,,4,0,0.02231051880951366,0.0037703445718364676,0.02679207138159553,0.013716631232146188,0.3143058112926023,0.5694287185535314,0.6365915985162885,0.41308430564248594,5.0,0,7.0,0,4.0,0,5.0,0,0.0,1,2019-11-01,2019-11-01,2019-11-01,2019-10-01,2019-11-01,2019-12-21,2019-12-14,persist17w
2020-01-03,0,2020-01-03,contraction,slowdown,official,-0.5849321411994544,-1.3804763672823488,0,2,0,2,0.8170775230915301,labor_stress,-3.9973637868349456,-6.915627555362775,high,broad_and_confirmed,False,0.4147769430086913,1,contraction,1.0,1.0,0.7058823529411765,0,0,4,,4,0,0.02082153602139256,0.00387874523126324,0.006508447028508074,0.001405785506252515,0.2571925616065331,0.2899692631268964,0.7154774553435662,0.7047462061355877,6.0,0,8.0,0,5.0,0,6.0,0,0.0,1,2019-11-01,2019-11-01,2019-11-01,2019-10-01,2019-11-01,2019-12-28,2019-12-21,persist17w
2020-01-10,0,2020-01-10,contraction,slowdown,official,-0.501573312330076,-1.407447511222453,0,2,0,2,0.7920100261157238,labor_stress,-3.342329916166784,-4.473794020754865,high,broad_and_confirmed,False,0.6315228963409917,2,contraction,0.9987945481914161,0.9987945481914161,0.7647058823529411,0,0,4,,4,0,0.01880544297115133,0.004062371642311083,0.010444532396836131,0.0012452782885230126,0.2897411707192811,0.1815847268640871,0.6810088539127315,0.8131076232050788,7.0,0,4.0,0,6.0,0,7.0,0,0.0,1,2019-12-01,2019-11-01,2019-11-01,2019-10-01,2019-11-01,2020-01-04,2019-12-28,persist17w
2020-01-17,0,2020-01-17,slowdown,contraction,official,-0.4084675101927866,-0.6918840727822844,0,2,1,2,0.7385165732148878,labor_stress,-2.616627775180858,-1.424760912860196,high,broad_and_confirmed,False,0.45154376810178504,0,contraction,0.9156621299002304,0.9111976358801143,0.8235294117647058,0,0,4,,4,0,0.1510201868936359,0.052570565250181174,0.08577690064882665,0.01069624975597498,0.39528287645845445,0.24259470844602943,0.3679200359990831,0.6941384765478145,4.0,0,5.0,0,7.0,0,4.0,0,0.0,1,2019-12-01,2019-11-01,2019-12-01,2019-10-01,2019-12-01,2020-01-11,2020-01-04,persist17w
2020-01-24,0,2020-01-24,slowdown,contraction,official,-0.35490585278478165,-0.6611490118150316,0,2,1,2,0.7170300003097344,labor_stress,-2.3484724221174376,-1.2710856080239323,high,broad_and_confirmed,False,0.01786085754982092,1,slowdown,0.854755075394836,0.8346394004247966,0.8823529411764706,0,0,4,,4,0,0.18116830305811155,0.08600513087786174,0.10933786997826302,0.023854937168400002,0.490702772350249,0.45400039475177956,0.21879105461337645,0.43613953720195864,5.0,0,6.0,0,8.0,0,5.0,0,0.0,1,2019-12-01,2019-11-01,2019-12-01,2019-10-01,2019-12-01,2020-01-18,2020-01-11,persist17w
2020-01-31,0,2020-01-31,slowdown,slowdown,official,-0.40479446634039074,-0.6179548154031232,0,1,1,1,0.7786714095173186,labor_stress,-2.5335531715401785,-2.084441006954037,high,severe_but_concentrated,False,0.86138111136097,0,slowdown,0.0,0.8271223623837689,0.9411764705882353,0,0,4,,4,0,0.25263739762966714,0.033585331536547226,0.14067374086399062,0.05251665062807877,0.6066879214602114,0.9138977619890487,9.400461307150406e-07,2.558463252825524e-07,6.0,0,7.0,0,4.0,0,6.0,0,0.0,1,2019-12-01,2019-12-01,2019-12-01,2019-11-01,2019-12-01,2020-01-25,2020-01-18,persist17w
2020-02-07,0,2020-02-07,expansion,slowdown,official,-0.32737944260023893,-0.07326795526541097,0,1,1,1,0.7530626884237533,labor_stress,-2.1222537744380827,0.6806692017985545,none,absent,False,0.37580848590340077,0,slowdown,0.0,0.19587448753123282,0.0,0,0,4,,4,0,0.25903589490516155,0.054146731104587065,0.48192724633518436,0.28502217025162147,0.25903589490516155,0.6608306561550222,9.638544926703684e-07,4.424887691050206e-07,7.0,0,4.0,0,5.0,0,7.0,0,0.0,1,2020-01-01,2019-12-01,2019-12-01,2019-11-01,2019-12-01,2020-02-01,2020-01-25,persist17w
2020-02-14,0,2020-02-14,slowdown,slowdown,official,-0.3821223302086939,-0.4103857555692546,0,1,0,1,0.7011374876583605,labor_stress,-2.0410614466809025,1.6586430750326888,watch,preliminary,False,0.8519389986608523,0,slowdown,0.0,0.5562019358213652,1.0,0,0,4,,4,0,0.23999568894836085,0.022905402110137325,0.1864366105277409,0.06257766441852694,0.5735667405411424,0.9145166630793793,9.599827557934434e-07,2.703919564251799e-07,4.0,0,5.0,0,6.0,0,4.0,0,0.0,1,2020-01-01,2019-12-01,2020-01-01,2019-11-01,2020-01-01,2020-02-08,2020-02-01,persist17w
2020-02-21,0,2020-02-21,expansion,slowdown,official,-0.30944963504452616,0.009082578207095172,0,1,0,1,0.6584568823140433,labor_stress,-1.6786710134350007,3.938105137705561,none,absent,False,0.36562068554569116,0,slowdown,0.0,0.146252410474472,0.0,0,0,4,,4,0,0.24539853212414026,0.04431388715609572,0.4907970642482805,0.29503249475847226,0.26380342203345075,0.6606531803041634,9.81594128496561e-07,4.377812687297795e-07,5.0,0,6.0,0,7.0,0,5.0,0,0.0,1,2020-01-01,2019-12-01,2020-01-01,2019-11-01,2020-01-01,2020-02-15,2020-02-08,persist17w
2020-02-28,0,2020-02-28,expansion,contraction,official,-0.41150079821461805,-0.29149079260888716,0,3,0,3,0.6607187397116664,labor_stress,-1.8970589079923792,4.975442018260256,watch,preliminary,False,0.05490681881563497,2,slowdown,0.6566703960015458,0.4312055445377468,0.0,0,0,4,,4,0,0.23668616645096666,0.13625167241191377,0.4733723329019333,0.4044205884892195,0.2899405539024342,0.4593274073048545,9.467446658038666e-07,3.3179401220038833e-07,6.0,0,7.0,0,4.0,0,6.0,0,0.0,1,2020-01-01,2020-01-01,2020-01-01,2019-12-01,2020-01-01,2020-02-22,2020-02-15,persist17w
2020-03-06,0,2020-03-06,expansion,slowdown,official,-0.4760276269660886,-0.39493947766730625,0,3,1,3,0.6897529452675393,labor_stress,-2.263920224318558,2.2921676385657936,watch,preliminary,False,0.09821136046561446,1,expansion,0.7775715878512182,0.5973221719385864,0.058823529411764705,0,0,4,,4,0,0.2492388049298719,0.13276499175514533,0.38443335000577356,0.4736115037462731,0.3005934496772938,0.3754001432806586,0.06573439538706068,0.01822336121792305,7.0,0,3.0,0,5.0,0,7.0,0,0.0,1,2020-02-01,2020-01-01,2020-01-01,2019-12-01,2020-01-01,2020-02-29,2020-02-22,persist17w
2020-03-13,0,2020-03-13,contraction,slowdown,official,-0.5259807101712378,-0.8757793201345512,0,3,1,3,0.7115815754188464,labor_stress,-2.51460869593784,-0.12228363120191171,high,broad_and_confirmed,False,0.24178222954883383,0,slowdown,0.9950735786117985,0.9950735786117985,0.058823529411764705,0,0,4,,4,0,0.07477754865557548,0.07680529458128625,0.024447054299623513,0.06367969613718528,0.2823966172033129,0.5506486194151812,0.618378779841488,0.30886638986634735,8.0,0,4.0,0,6.0,0,8.0,0,0.0,1,2020-02-01,2020-01-01,2020-01-01,2019-12-01,2020-01-01,2020-03-07,2020-02-29,persist17w
2020-03-20,0,2020-03-20,contraction,slowdown,official,-0.8140557135550811,-1.3750934812296343,1,3,1,3,0.7920597902047334,labor_stress,-4.584000828277443,-6.141602547839368,high,broad_and_confirmed,False,0.6065267523066232,1,contraction,1.0,1.0,0.17647058823529413,0,0,4,,4,0,0.023402029501104645,0.0069520489677601565,0.0043150161481406695,0.0012087769126581907,0.17914803956863645,0.19265621090647925,0.7931349147821183,0.7991829632131024,4.0,0,5.0,0,7.0,0,4.0,0,0.0,1,2020-02-01,2020-01-01,2020-02-01,2019-12-01,2020-02-01,2020-03-14,2020-03-07,persist17w
2020-03-27,0,2020-03-27,contraction,slowdown,official,-0.7408580411935687,-0.9268497611861217,0,2,2,2,0.9729878927353545,labor_stress,-43.51774346959013,-113.2103303100523,high,broad_and_confirmed,False,0.6323269018317995,2,contraction,1.0,1.0,0.17647058823529413,0,0,4,,4,0,0.07686701341010874,0.028456692162308637,0.015324242908563504,0.003910607125083691,0.18940908917547505,0.16765289944040407,0.7183996545058527,0.7999798012722036,5.0,0,6.0,0,3.0,0,5.0,0,0.0,1,2020-02-01,2020-02-01,2020-02-01,2020-01-01,2020-02-01,2020-03-21,2020-03-14,persist17w
2020-04-03,0,2020-04-03,contraction,contraction,official,-0.8063514969138813,-1.8094441944632398,0,3,1,3,0.9790312757012143,labor_stress,-41.118691325901274,-108.43793411478242,high,broad_and_confirmed,False,0.8636822486464234,0,contraction,1.0,1.0,0.23529411764705882,0,0,4,,4,0,0.008279432162318466,0.0017097234492432765,0.0015501771862839267,0.00010540330805878716,0.19584908741810286,0.0672513122981373,0.7943213032332948,0.9309335609445607,6.0,0,3.0,0,4.0,0,6.0,0,0.0,1,2020-03-01,2020-02-01,2020-02-01,2020-01-01,2020-02-01,2020-03-28,2020-03-21,persist17w
2020-04-10,0,2020-04-10,contraction,contraction,official,-0.8059183784412921,-1.80943189405039,0,3,1,3,0.978553154138577,labor_stress,-40.2811950047839,-107.49130009262527,high,broad_and_confirmed,False,0.8853429284713666,0,contraction,1.0,1.0,0.29411764705882354,0,0,4,,4,0,0.008278282825655679,0.0017260247098587135,0.0015512971946802835,9.06730458046559e-05,0.19598441246288456,0.056420186886484945,0.7941860075167794,0.9417631153578516,7.0,0,4.0,0,5.0,0,7.0,0,0.0,1,2020-03-01,2020-02-01,2020-02-01,2020-01-01,2020-02-01,2020-04-04,2020-03-28,persist17w
2020-04-17,0,2020-04-17,contraction,contraction,official,-2.188152215407468,-2.866610640675714,2,3,1,3,0.816386785028114,labor_stress,-42.01939324492842,-112.76339401399122,high,broad_and_confirmed,False,0.9950713126041181,0,contraction,1.0,1.0,0.35294117647058826,0,0,4,,4,0,0.0005953684474499892,0.00010462506505575655,7.146741940387353e-06,2.702684311376358e-07,0.013551213774863067,0.002411896031197521,0.9858462710357466,0.9974832086353156,4.0,0,5.0,0,6.0,0,4.0,0,0.0,1,2020-03-01,2020-02-01,2020-03-01,2020-01-01,2020-03-01,2020-04-11,2020-04-04,persist17w
2020-04-24,0,2020-04-24,contraction,contraction,official,-2.1770293864069776,-2.866610640675714,2,3,1,3,0.8067573665654255,labor_stress,-38.99260202264695,-103.5386667018826,high,broad_and_confirmed,False,0.994963699823192,0,contraction,1.0,1.0,0.4117647058823529,0,0,4,,4,0,0.0005951880130872027,0.00010461942464337263,7.304323630727079e-06,2.762975298499917e-07,0.013850010511979078,0.0024657022273174155,0.985547497151303,0.9974294020505095,5.0,0,6.0,0,7.0,0,5.0,0,0.0,1,2020-03-01,2020-02-01,2020-03-01,2020-01-01,2020-03-01,2020-04-18,2020-04-11,persist17w
2020-05-01,0,2020-05-01,contraction,contraction,official,-2.6064907434049687,-3.7547000000000006,3,4,0,4,0.7553343659516766,labor_stress,-33.52773289604388,-87.02592120090605,high,broad_and_confirmed,False,0.9979116983855005,0,contraction,1.0,1.0,0.47058823529411764,0,0,4,,4,0,5.3867943300378724e-05,9.396748934394928e-06,8.160569881867909e-07,3.0446711049111233e-08,0.00592564929348846,0.001039437209427033,0.994019666706223,0.9989511355949275,6.0,0,7.0,0,4.0,0,6.0,0,0.0,1,2020-03-01,2020-03-01,2020-03-01,2020-02-01,2020-03-01,2020-04-25,2020-04-18,persist17w
2020-05-08,0,2020-05-08,contraction,contraction,official,-3.369228793821383,-3.7547000000000006,4,4,0,4,0.6077785966831322,labor_stress,-28.933956033045916,-73.29860670294732,high,broad_and_confirmed,True,0.9995626718333998,0,contraction,1.0,1.0,0.5294117647058824,0,0,4,,4,0,5.100003744275451e-05,8.861642088381955e-06,7.692420096309339e-07,2.8485525043943625e-08,0.0012314634297738583,0.0002142190194934144,0.9987167672907737,0.9997768908528931,7.0,0,4.0,0,5.0,0,7.0,0,0.0,1,2020-04-01,2020-03-01,2020-03-01,2020-02-01,2020-03-01,2020-05-02,2020-04-25,persist17w
2020-05-15,0,2020-05-15,contraction,contraction,official,-3.4092328245418146,-3.7547000000000006,4,4,0,4,0.45005939426600555,labor_stress,-25.17573804787779,-57.439627526085836,high,broad_and_confirmed,True,0.9995954540307367,0,contraction,1.0,1.0,0.5882352941176471,0,0,4,,4,0,5.100483934755409e-05,8.861781922864548e-06,7.692420059369186e-07,2.8481298378431303e-08,0.0011374245236103352,0.00019782785302100645,0.9988108013950362,0.9997932818837577,4.0,0,5.0,0,6.0,0,4.0,0,0.0,1,2020-04-01,2020-03-01,2020-04-01,2020-02-01,2020-04-01,2020-05-09,2020-05-02,persist17w
2020-05-22,0,2020-05-22,contraction,contraction,official,-3.4092328245418146,-2.2528200000000003,4,4,0,4,0.4208457447521101,labor_stress,-22.21125083400986,57.49599550945834,high,broad_and_confirmed,True,0.9989712574285984,0,contraction,1.0,1.0,0.6470588235294118,0,0,4,,4,0,0.002386527207613727,0.00041544717417243255,2.7177264887522447e-06,1.0081897649690201e-07,0.0011347656892804893,0.0001977474040801681,0.9964759893766171,0.9993867046027708,5.0,0,6.0,0,7.0,0,5.0,0,0.0,1,2020-04-01,2020-03-01,2020-04-01,2020-02-01,2020-04-01,2020-05-16,2020-05-09,persist17w
2020-05-29,0,2020-05-29,contraction,contraction,official,-3.7763,-2.2528200000000003,4,4,0,4,0.3397938454428816,labor_stress,-19.64861094451806,59.73631348938504,high,broad_and_confirmed,True,0.9990718108502453,0,contraction,1.0,1.0,0.7058823529411765,0,0,4,,4,0,0.002387934145130317,0.0004164321559040394,1.3107889721619875e-06,4.866922367367572e-08,0.0005473098038572566,9.527616872288592e-05,0.9970634452620403,0.9994882430061494,6.0,0,7.0,0,4.0,0,6.0,0,0.0,1,2020-04-01,2020-04-01,2020-04-01,2020-03-01,2020-04-01,2020-05-23,2020-05-16,persist17w
2020-06-05,0,2020-06-05,contraction,contraction,official,-3.7763,-2.2528200000000003,4,4,0,4,0.33494757574122747,labor_stress,-17.528751241763725,63.05007911780807,high,broad_and_confirmed,True,0.9990718064607456,0,contraction,1.0,1.0,0.7647058823529411,0,0,4,,4,0,0.002387934145130317,0.0004164343484793771,1.3107889721619875e-06,4.8669431517410075e-08,0.0005473098038572566,9.527617286416786e-05,0.9970634452620403,0.9994882408092249,7.0,0,4.0,0,5.0,0,7.0,0,0.0,1,2020-05-01,2020-04-01,2020-04-01,2020-03-01,2020-04-01,2020-05-30,2020-05-23,persist17w
2020-06-12,0,2020-06-12,contraction,contraction,official,-3.7763,-2.2528200000000003,4,4,0,4,0.3129899456541263,labor_stress,-15.795598356162635,72.79561802232897,high,broad_and_confirmed,True,0.9990718064505505,0,contraction,1.0,1.0,0.8235294117647058,0,0,4,,4,0,0.002387934145130317,0.0004164343535716683,1.3107889721619875e-06,4.8669432000308614e-08,0.0005473098038572566,9.527617287421952e-05,0.9970634452620403,0.9994882408041221,8.0,0,5.0,0,6.0,0,8.0,0,0.0,1,2020-05-01,2020-04-01,2020-04-01,2020-03-01,2020-04-01,2020-06-06,2020-05-30,persist17w
2020-06-19,0,2020-06-19,contraction,contraction,official,-3.7005463360837565,-0.7509400000000002,4,3,1,4,0.393022635495875,labor_stress,-14.247337301769628,68.67271761466661,high,broad_and_confirmed,True,0.9503898756047173,0,contraction,1.0,1.0,0.8823529411764706,0,0,4,,4,0,0.11351378326324688,0.024749445067072134,6.738402142887426e-05,3.0559217632307065e-06,0.0005652996457314129,0.00010817833937515144,0.8858535330695929,0.9751393206717894,4.0,0,6.0,0,7.0,0,4.0,0,0.0,1,2020-05-01,2020-04-01,2020-05-01,2020-03-01,2020-05-01,2020-06-13,2020-06-06,persist17w
2020-06-26,0,2020-06-26,contraction,contraction,official,-3.7763,-2.2528200000000003,4,4,0,4,0.3368922328453286,labor_stress,-13.153219901194358,56.684260567641054,high,broad_and_confirmed,True,0.9990718064505267,0,contraction,1.0,1.0,0.9411764705882353,0,0,4,,4,0,0.002387934145130317,0.0004164343535835226,1.3107889721619875e-06,4.866943200143285e-08,0.0005473098038572566,9.527617287424315e-05,0.9970634452620403,0.9994882408041103,5.0,0,7.0,0,4.0,0,5.0,0,0.0,1,2020-05-01,2020-05-01,2020-05-01,2020-04-01,2020-05-01,2020-06-20,2020-06-13,persist17w
2020-07-03,0,2020-07-03,contraction,contraction,official,-3.52818313001688,-0.75094,4,3,1,4,0.33806132703906266,labor_stress,-12.204903849035626,46.44914519195094,high,broad_and_confirmed,True,0.9503561547033108,0,contraction,1.0,1.0,1.0,0,0,4,,4,0,0.1134844383919623,0.02474355819193446,9.489962572036188e-05,4.3049363472597535e-06,0.0007961342119717485,0.00015242397647302917,0.8856245277703456,0.9750997128952452,6.0,0,3.0,0,5.0,0,6.0,0,0.0,1,2020-06-01,2020-05-01,2020-05-01,2020-04-01,2020-05-01,2020-06-27,2020-06-20,persist17w
2020-07-10,0,2020-07-10,contraction,contraction,official,-3.52818313001688,-0.75094,4,3,1,4,0.3233571064825787,labor_stress,-11.4092243499459,38.01059402632002,high,broad_and_confirmed,True,0.9503465182147404,0,contraction,1.0,1.0,1.0,0,0,4,,4,0,0.1134844383919623,0.024748376344282452,9.489962572036188e-05,4.305627687501135e-06,0.0007961342119717485,0.000152423469007198,0.8856245277703456,0.9750948945590229,7.0,0,4.0,0,6.0,0,7.0,0,0.0,1,2020-06-01,2020-05-01,2020-05-01,2020-04-01,2020-05-01,2020-07-04,2020-06-27,persist17w
2020-07-17,0,2020-07-17,recovery,recovery,official,-3.469283230526309,2.2528200000000003,4,1,3,4,0.3601097154046792,labor_stress,-10.685342718879475,31.793631745981312,none,absent,True,0.6501754623940581,0,recovery,0.15,0.15,0.0,0,0,4,,4,0,0.7095751314761491,0.8250331255676173,0.28945520205264624,0.17485766317355925,0.000968796869790876,0.00010903326881790663,8.696014137298016e-07,1.7799000551819132e-07,4.0,0,5.0,0,7.0,0,4.0,0,0.0,1,2020-06-01,2020-05-01,2020-06-01,2020-04-01,2020-06-01,2020-07-11,2020-07-04,persist17w
2020-07-24,0,2020-07-24,recovery,recovery,official,-3.4689577040544366,2.2528200000000003,4,1,3,4,0.3487227838247941,labor_stress,-10.124527368563898,26.258004615270558,none,absent,True,0.8160988847354969,0,recovery,0.15,0.15,0.0,0,0,4,,4,0,0.7854504087237835,0.9080198805143999,0.21383304355613736,0.09192099577890295,0.0007156920372685632,5.895061343956103e-05,8.556828107122616e-07,1.7309325763019027e-07,5.0,0,6.0,0,8.0,0,5.0,0,0.0,1,2020-06-01,2020-05-01,2020-06-01,2020-04-01,2020-06-01,2020-07-18,2020-07-11,persist17w
2020-07-31,0,2020-07-31,recovery,recovery,official,-3.1258805673833905,3.7547000000000006,4,0,4,4,0.45042840559609965,labor_stress,-9.714792879697674,21.555537702238034,none,absent,True,0.9221677943238763,0,recovery,0.15,0.15,0.0,0,0,4,,4,0,0.8653735954582336,0.9610835621903514,0.13461666768486044,0.03891576786647515,8.93655930524462e-06,5.151351866996122e-07,8.002976007504991e-07,1.548079868174278e-07,6.0,0,7.0,0,4.0,0,6.0,0,0.0,1,2020-06-01,2020-06-01,2020-06-01,2020-05-01,2020-06-01,2020-07-25,2020-07-18,persist17w
2020-08-07,0,2020-08-07,recovery,recovery,official,-3.0028935663414935,3.7547000000000006,4,0,4,4,0.45178077210234485,labor_stress,-9.261236895128334,18.019812996888845,none,absent,True,0.9698290564764517,0,recovery,0.15,0.15,0.0,0,0,4,,4,0,0.9328276208571157,0.9849143533484237,0.06716713550541392,0.015085296871972064,4.458906167642709e-06,2.057453448950843e-07,7.847313027632089e-07,1.4403425931737757e-07,7.0,0,4.0,0,5.0,0,7.0,0,0.0,1,2020-07-01,2020-06-01,2020-06-01,2020-05-01,2020-06-01,2020-08-01,2020-07-25,persist17w
2020-08-14,0,2020-08-14,recovery,recovery,official,-2.6858430610879402,3.7547000000000006,4,0,4,4,0.4744953747404548,labor_stress,-8.715934066099425,15.272538902666053,none,absent,True,0.9986073926576126,0,recovery,0.15,0.15,0.0,0,0,4,,4,0,0.9963216054388925,0.999303613973913,0.00367685440444055,0.0006962213163003841,7.700783334462836e-07,3.0569501159883654e-08,7.700783334462836e-07,1.341402855622325e-07,4.0,0,5.0,0,6.0,0,4.0,0,0.0,1,2020-07-01,2020-06-01,2020-07-01,2020-05-01,2020-07-01,2020-08-08,2020-08-01,persist17w
2020-08-21,0,2020-08-21,recovery,recovery,official,-2.6795367895270052,3.7547000000000006,4,0,4,4,0.461094455271228,labor_stress,-8.232178781019794,13.434238158768359,none,absent,True,0.9986984273283903,0,recovery,0.15,0.15,0.0,0,0,4,,4,0,0.9962753900431524,0.9993491323086461,0.0037230697788445235,0.0006507049802557273,7.700890015842905e-07,2.8635794388514964e-08,7.700890015842905e-07,1.3407530380055842e-07,5.0,0,6.0,0,7.0,0,5.0,0,0.0,1,2020-07-01,2020-06-01,2020-07-01,2020-05-01,2020-07-01,2020-08-15,2020-08-08,persist17w
2020-08-28,0,2020-08-28,recovery,recovery,official,-2.092991934900438,3.7547000000000006,3,0,4,3,0.5055903384484106,labor_stress,-7.63078413670365,12.38982794949075,none,absent,True,0.9957965799406051,0,recovery,0.15,0.15,0.0,0,0,4,,4,0,0.9881470004949817,0.9978982074913246,0.011851440779015903,0.002101627550719473,7.867606975847119e-07,2.963968116986625e-08,7.719653048435455e-07,1.353182747264796e-07,6.0,0,7.0,0,4.0,0,6.0,0,0.0,1,2020-07-01,2020-07-01,2020-07-01,2020-06-01,2020-07-01,2020-08-22,2020-08-15,persist17w
2020-09-04,0,2020-09-04,recovery,recovery,official,-2.0064349202358533,3.7547000000000006,3,0,4,3,0.5023527403253477,labor_stress,-7.095715874721136,11.672580173710722,none,absent,True,0.9949988944106866,0,recovery,0.15,0.15,0.0,0,0,4,,4,0,0.9859527129759076,0.9974993617518854,0.01404558213312394,0.002500467341198781,9.32419290033152e-07,3.5250747366469716e-08,7.724716783800352e-07,1.3565616861431581e-07,7.0,0,3.0,0,5.0,0,7.0,0,0.0,1,2020-08-01,2020-07-01,2020-07-01,2020-06-01,2020-07-01,2020-08-29,2020-08-22,persist17w
2020-09-11,0,2020-09-11,recovery,recovery,official,-2.0012514702638535,3.7547000000000006,3,0,4,3,0.49120849586857723,labor_stress,-6.761310018833201,10.541465301627344,none,absent,True,0.9949463931164171,0,recovery,0.15,0.15,0.0,0,0,4,,4,0,0.9858092788554423,0.9974731109091981,0.014189006699215492,0.002526717792781056,9.419405637561555e-07,3.561971199081142e-08,7.725047785285809e-07,1.3567830906542992e-07,8.0,0,4.0,0,6.0,0,8.0,0,0.0,1,2020-08-01,2020-07-01,2020-07-01,2020-06-01,2020-07-01,2020-09-05,2020-08-29,persist17w
2020-09-18,0,2020-09-18,recovery,recovery,official,-1.9168636198801827,3.7547000000000006,3,0,4,3,0.496924361208152,labor_stress,-6.335243793426599,10.089995217740123,none,absent,True,0.9940097794286792,0,recovery,0.15,0.15,0.0,0,0,4,,4,0,0.9832606789014872,0.9970048005782909,0.016737436886892214,0.0029950211496117254,1.1111187041686298e-06,4.219980309501728e-08,7.730929163913557e-07,1.360722941189943e-07,4.0,0,5.0,0,7.0,0,4.0,0,0.0,1,2020-08-01,2020-07-01,2020-08-01,2020-06-01,2020-08-01,2020-09-12,2020-09-05,persist17w
2020-09-25,0,2020-09-25,recovery,recovery,official,-1.9145047773952577,3.7547000000000006,3,0,4,3,0.48359427033258795,labor_stress,-5.997992160916429,9.852834521114627,none,absent,True,0.9939816867669117,0,recovery,0.15,0.15,0.0,0,0,4,,4,0,0.9831833214069081,0.996990754142498,0.016814789228566177,0.003009067375586322,1.116253757655373e-06,4.23976868224208e-08,7.731107681030223e-07,1.3608422878777973e-07,5.0,0,6.0,0,8.0,0,5.0,0,0.0,1,2020-08-01,2020-07-01,2020-08-01,2020-06-01,2020-08-01,2020-09-19,2020-09-12,persist17w
2020-10-02,0,2020-10-02,recovery,recovery,official,-1.624464893795065,3.7547000000000006,3,0,4,3,0.48431280519869946,labor_stress,-5.760516434676771,9.20898395737789,none,absent,True,0.9876039492602627,0,recovery,0.15,0.15,0.0,0,0,4,,4,0,0.9664335818756579,0.9938018609367285,0.03356352530286272,0.006197911676465803,2.072672149814666e-06,8.09720469128321e-08,8.201493296345334e-07,1.4641475865339394e-07,6.0,0,3.0,0,4.0,0,6.0,0,0.0,1,2020-09-01,2020-08-01,2020-08-01,2020-07-01,2020-08-01,2020-09-26,2020-09-19,persist17w
2020-10-09,0,2020-10-09,recovery,recovery,official,-1.6227971610520044,3.7547000000000006,3,0,4,3,0.4718303976585893,labor_stress,-5.477830925828928,8.441264259715615,none,absent,True,0.9875610614557658,0,recovery,0.15,0.15,0.0,0,0,4,,4,0,0.9663258617052091,0.993780416887847,0.033671238809332635,0.006219355432081174,2.079323858269143e-06,8.124979000144208e-08,8.201616000638921e-07,1.4643028177894625e-07,7.0,0,4.0,0,5.0,0,7.0,0,0.0,1,2020-09-01,2020-08-01,2020-08-01,2020-07-01,2020-08-01,2020-10-03,2020-09-26,persist17w
2020-10-16,0,2020-10-16,recovery,recovery,official,-1.5352235030116237,3.1390432025072585,3,0,4,3,0.4510488151887187,labor_stress,-5.250051852012166,7.750958930479393,none,absent,True,0.9851136784429946,0,recovery,0.15,0.15,0.0,0,0,4,,4,0,0.9601678901839341,0.9925565304326728,0.039819381715996235,0.007442851989678161,1.190723635452615e-05,4.702564459665392e-07,8.208637151526901e-07,1.4732120302199066e-07,4.0,0,5.0,0,6.0,0,4.0,0,0.0,1,2020-09-01,2020-08-01,2020-09-01,2020-07-01,2020-09-01,2020-10-10,2020-10-03,persist17w
2020-10-23,0,2020-10-23,recovery,recovery,official,-1.5347654191372633,3.1390432025072585,3,0,4,3,0.42067046662148233,labor_stress,-4.638039278894587,7.794848196627277,none,absent,True,0.9850993425928056,0,recovery,0.15,0.15,0.0,0,0,4,,4,0,0.9601330459458416,0.9925493622811742,0.03985421553372172,0.007450019688368503,1.1917652751841057e-05,4.707041954755121e-07,8.208676848444662e-07,1.4732626185759659e-07,5.0,0,6.0,0,7.0,0,5.0,0,0.0,1,2020-09-01,2020-08-01,2020-09-01,2020-07-01,2020-09-01,2020-10-17,2020-10-10,persist17w
2020-10-30,0,2020-10-30,recovery,recovery,official,-1.2848522026493239,3.1390432025072585,3,0,4,3,0.44956315358106513,labor_stress,-4.191336989915289,7.571918303605159,none,absent,True,0.974961397275437,0,recovery,0.15,0.15,0.0,0,0,4,,4,0,0.93611695554373,0.9874802296843149,0.06386312378780089,0.012518832408877953,1.909706470842126e-05,7.870408677482434e-07,8.236037606429262e-07,1.5086593935531202e-07,6.0,0,7.0,0,4.0,0,6.0,0,0.0,1,2020-09-01,2020-09-01,2020-09-01,2020-08-01,2020-09-01,2020-10-24,2020-10-17,persist17w
2020-11-06,0,2020-11-06,recovery,recovery,official,-1.2458925534573277,3.1390432025072585,3,0,4,3,0.43940382296656266,labor_stress,-3.8696939070556198,7.565328636833454,none,absent,True,0.9728275797243132,0,recovery,0.15,0.15,0.0,0,0,4,,4,0,0.9313256197053943,0.9864132874275827,0.06865302674998215,0.013585707703269475,2.0529395001561532e-05,8.532842990683138e-07,8.241496220970628e-07,1.5158484878599448e-07,7.0,0,4.0,0,5.0,0,7.0,0,0.0,1,2020-10-01,2020-09-01,2020-09-01,2020-08-01,2020-09-01,2020-10-31,2020-10-24,persist17w
2020-11-13,0,2020-11-13,recovery,recovery,official,-1.1826211243898137,3.1390432025072585,3,0,4,3,0.41401580056761805,labor_stress,-3.476466016334191,7.470288618343406,none,absent,True,0.9692330280887123,0,recovery,0.15,0.15,0.0,0,0,4,,4,0,0.9228308321177914,0.9846159545460943,0.07714527392318211,0.015382926457381985,2.3068841620636657e-05,9.661154244241174e-07,8.251174058762851e-07,1.528810992931612e-07,8.0,0,5.0,0,6.0,0,8.0,0,0.0,1,2020-10-01,2020-09-01,2020-09-01,2020-08-01,2020-09-01,2020-11-07,2020-10-31,persist17w
2020-11-20,0,2020-11-20,recovery,recovery,official,-0.9999644767471196,2.7883986578786413,3,0,4,3,0.4224695695040848,labor_stress,-3.187981342760628,7.344746602114993,none,absent,True,0.9545929337273915,0,recovery,0.15,0.15,0.0,0,0,4,,4,0,0.892628851303808,0.9772946477327294,0.10729153378255134,0.022701714005337957,7.878635216308044e-05,3.4806875213073115e-06,8.28561477598651e-07,1.5757441124023272e-07,4.0,0,6.0,0,7.0,0,4.0,0,0.0,1,2020-10-01,2020-09-01,2020-10-01,2020-08-01,2020-10-01,2020-11-14,2020-11-07,persist17w
2020-11-27,0,2020-11-27,recovery,recovery,official,-0.7957469971477599,2.8365613083705083,2,0,4,2,0.4481872450738112,labor_stress,-2.99248708856188,7.25980870301441,none,absent,True,0.9283380429021594,0,recovery,0.15,0.15,0.0,0,0,4,,4,0,0.8470913491247608,0.9641665373210331,0.1528086330607051,0.035828494418873716,9.918406464218014e-05,4.803334236545147e-06,8.337498918451692e-07,1.6492585662877861e-07,5.0,0,7.0,0,4.0,0,5.0,0,0.0,1,2020-10-01,2020-10-01,2020-10-01,2020-09-01,2020-10-01,2020-11-21,2020-11-14,persist17w
2020-12-04,0,2020-12-04,recovery,recovery,official,-0.7276927016471462,2.8365613083705083,2,0,4,2,0.4329466195097744,labor_stress,-2.743408057059468,6.917055016703592,none,absent,True,0.9165619361991237,0,recovery,0.15,0.15,0.0,0,0,4,,4,0,0.8287326203260524,0.9582780982404543,0.17115545133022272,0.04171616204133061,0.00011109250183433318,5.5717152464774394e-06,8.358418905882351e-07,1.6800296854694788e-07,6.0,0,3.0,0,5.0,0,6.0,0,0.0,1,2020-11-01,2020-10-01,2020-10-01,2020-09-01,2020-10-01,2020-11-28,2020-11-21,persist17w
2020-12-11,0,2020-12-11,recovery,recovery,official,-0.7199625229497781,2.8365613083705083,2,0,4,2,0.4310506259632591,labor_stress,-2.7147334190555124,6.1532965704049065,none,absent,True,0.913550546791982,0,recovery,0.15,0.15,0.0,0,0,4,,4,0,0.826540320469858,0.9567723128686872,0.17334632889559723,0.043221766076705276,0.00011251454283892016,5.75278889615494e-06,8.360917057357798e-07,1.6826571131883682e-07,7.0,0,4.0,0,6.0,0,7.0,0,0.0,1,2020-11-01,2020-10-01,2020-10-01,2020-09-01,2020-10-01,2020-12-05,2020-11-28,persist17w
2020-12-18,0,2020-12-18,recovery,recovery,official,-0.7392962893717934,2.318555515471614,2,1,3,3,0.4770171173510677,labor_stress,-2.6979085639918723,5.089223813060827,none,absent,True,0.9238780128562785,0,recovery,0.15,0.15,0.0,0,0,4,,4,0,0.8415605228465367,0.961927845630112,0.15799180340372562,0.0380498327738336,0.0004468283540981525,2.215362344558806e-05,8.453956396021477e-07,1.6797260873819583e-07,4.0,0,5.0,0,7.0,0,4.0,0,0.0,1,2020-11-01,2020-10-01,2020-11-01,2020-09-01,2020-11-01,2020-12-12,2020-12-05,persist17w
2020-12-25,0,2020-12-25,recovery,recovery,official,-0.8081514112190131,1.6425155996839362,3,2,2,4,0.40726268496105833,labor_stress,-2.5872680548918483,4.217952917400303,none,absent,True,0.9303507482942117,0,recovery,0.5742654647052989,0.14926546470529894,0.0,0,0,4,,4,0,0.8493435666506699,0.9651137544189095,0.14812240442359073,0.03476300612469777,0.0025331400409812055,0.0001230638948568437,8.888847580685047e-07,1.7556153583787115e-07,5.0,0,6.0,0,3.0,0,5.0,0,0.0,1,2020-11-01,2020-11-01,2020-11-01,2020-10-01,2020-11-01,2020-12-19,2020-12-12,persist17w
2021-01-01,0,2021-01-01,recovery,recovery,official,-0.8008619175976612,1.5703545426683756,3,2,2,4,0.4062636253872511,labor_stress,-2.5661139249808835,3.3938947149221974,none,absent,True,0.928767848517521,0,recovery,0.5730450341335125,0.1480450341335125,0.0,0,0,4,,4,0,0.8470386489180929,0.9643082488479026,0.1498767922037668,0.03554040033038148,0.0030836697645493668,0.0001511748705243923,8.891135910582382e-07,1.759511915287062e-07,6.0,0,7.0,0,4.0,0,6.0,0,0.0,1,2020-11-01,2020-11-01,2020-11-01,2020-10-01,2020-11-01,2020-12-26,2020-12-19,persist17w
2021-01-08,0,2021-01-08,recovery,recovery,official,-0.7566399616355871,1.131579884434806,3,2,2,4,0.39027315325763223,labor_stress,-2.382131866354702,2.856354110091335,none,absent,True,0.9216569905849397,0,recovery,0.5624306845973867,0.13743068459738664,0.0,0,0,4,,4,0,0.8295740513076838,0.9605725647787566,0.16027579315951843,0.038915574193817026,0.010149265062816515,0.0005116817430578413,8.904699813077795e-07,1.792843684762217e-07,7.0,0,4.0,0,5.0,0,7.0,0,0.0,1,2020-12-01,2020-11-01,2020-11-01,2020-10-01,2020-11-01,2021-01-02,2020-12-26,persist17w
2021-01-15,0,2021-01-15,recovery,recovery,official,-0.7109427442753868,0.7878876825965969,2,2,2,3,0.45405877896553404,labor_stress,-2.3640185528911397,2.157716820912385,none,absent,True,0.9111236708762395,0,recovery,0.5613856857437196,0.1363856857437196,0.0,0,0,4,,4,0,0.8039246328126424,0.9548628091974886,0.1700918395672417,0.043739138321249066,0.02598263586978176,0.0013978681557690932,8.917503340736975e-07,1.8432549319192921e-07,4.0,0,5.0,0,6.0,0,4.0,0,0.0,1,2020-12-01,2020-11-01,2020-12-01,2020-10-01,2020-12-01,2021-01-09,2021-01-02,persist17w
2021-01-22,0,2021-01-22,recovery,recovery,official,-0.6981922901538737,0.7089845850267098,2,2,2,3,0.44752341912255694,labor_stress,-2.3248024505232023,1.7632013330629492,none,absent,True,0.8980852014326012,0,recovery,0.5591232182994155,0.1341232182994155,0.0,0,0,4,,4,0,0.7774700495675209,0.9480578660488012,0.18747487504945787,0.04997266461619996,0.03505418136533673,0.001969279521509581,8.940176845562906e-07,1.8981348928807493e-07,5.0,0,6.0,0,7.0,0,5.0,0,0.0,1,2020-12-01,2020-11-01,2020-12-01,2020-10-01,2020-12-01,2021-01-16,2021-01-09,persist17w
2021-01-29,0,2021-01-29,expansion,recovery,official,-0.8166128836205384,-0.02808869922270376,2,2,2,3,0.4283933808405536,labor_stress,-2.282503091322553,1.211009624917675,none,absent,True,0.39144911235549545,2,expansion,0.5737367237527229,0.2747741622753115,0.0,0,0,4,,4,0,0.2674416116822217,0.2446572741439616,0.4651158464038638,0.636106386499457,0.2674416116822217,0.11923615130995692,9.302316928077276e-07,1.8804662457702447e-07,6.0,0,7.0,0,4.0,0,6.0,0,0.0,1,2020-12-01,2020-12-01,2020-12-01,2020-11-01,2020-12-01,2021-01-23,2021-01-16,persist17w
2021-02-05,0,2021-02-05,expansion,expansion,official,-0.7787430216937475,-0.25212668372858166,2,2,2,3,0.4141824564905577,labor_stress,-2.1283613559688384,1.5460673059186756,watch,preliminary,True,0.5101830956887081,0,expansion,0.7008669933498961,0.4289439084708206,0.0,0,0,4,,4,0,0.2674416116822217,0.1758738476917863,0.4651158464038639,0.6860569433804944,0.2674416116822217,0.13806905285746615,9.302316928077276e-07,1.5607025320437037e-07,7.0,0,4.0,0,5.0,0,7.0,0,0.0,1,2021-01-01,2020-12-01,2020-12-01,2020-11-01,2020-12-01,2021-01-30,2021-01-23,persist17w
2021-02-12,0,2021-02-12,expansion,expansion,official,-0.7381700621749075,-0.16849568372886106,2,2,2,3,0.3906727244734047,labor_stress,-1.9460426899522427,1.9493979747432766,none,absent,True,0.5335147762844379,0,expansion,0.6395726444864708,0.3168735953218508,0.0,0,0,4,,4,0,0.2674416116822217,0.16204931371124084,0.4651158464038639,0.6955640899956788,0.2674416116822217,0.14238644630892644,9.302316928077276e-07,1.499841538724765e-07,8.0,0,5.0,0,6.0,0,8.0,0,0.0,1,2021-01-01,2020-12-01,2020-12-01,2020-11-01,2020-12-01,2021-02-06,2021-01-30,persist17w
2021-02-19,0,2021-02-19,recovery,expansion,official,-0.43749199505761427,1.0393449960178125,2,1,3,2,0.32164944758403646,labor_stress,-1.8821153109499982,1.8026368097513035,none,absent,True,0.24190542619159072,0,expansion,0.10858357563173067,0.10858357563173067,0.0,0,0,4,,4,0,0.4956214855887069,0.3750087520933927,0.4714942110189818,0.6169141782849834,0.032883403228627976,0.008076941665331063,9.001636832296147e-07,1.279562929207894e-07,4.0,0,6.0,0,7.0,0,4.0,0,0.0,1,2021-01-01,2020-12-01,2021-01-01,2020-11-01,2021-01-01,2021-02-13,2021-02-06,persist17w
2021-02-26,0,2021-02-26,recovery,expansion,official,-0.5668013839710173,1.179373022830767,2,1,3,2,0.3058312951462625,real_income,-1.7256866605808967,2.124742375657842,none,absent,True,0.16146350270009802,1,recovery,0.09955884580274403,0.09955884580274403,0.0,0,0,4,,4,0,0.5972273949288444,0.5788253390710031,0.3840610669172725,0.41736183637090507,0.018710644154354517,0.003812666912916721,8.939995286397401e-07,1.5764517519594946e-07,5.0,0,7.0,0,4.0,0,5.0,0,0.0,1,2021-01-01,2021-01-01,2021-01-01,2020-12-01,2021-01-01,2021-02-20,2021-02-13,persist17w
2021-03-05,0,2021-03-05,recovery,expansion,official,-0.5176037299775508,1.6487767687725257,2,1,3,2,0.318766164203504,real_income,-1.5878336662206702,1.9884061762333416,none,absent,True,0.3654770067201296,2,recovery,0.0916057884358079,0.0916057884358079,0.0,0,0,4,,4,0,0.6420108715164374,0.6823150110012469,0.3528248716540731,0.3168380042811173,0.0051633655468526765,0.0008468155654879626,8.912826367330515e-07,1.6915214781171753e-07,6.0,0,3.0,0,5.0,0,6.0,0,0.0,1,2021-02-01,2021-01-01,2021-01-01,2020-12-01,2021-01-01,2021-02-27,2021-02-20,persist17w
2021-03-12,0,2021-03-12,recovery,recovery,official,-0.4808455182124943,1.7160756474804546,2,1,3,2,0.32916582669708416,real_income,-1.4040607163438774,2.3249005697729874,none,absent,True,0.5595247700881952,0,recovery,0.08100350286599292,0.08100350286599292,0.0,0,0,4,,4,0,0.6734468931256782,0.7795100289268987,0.3225791568233842,0.21998525883870343,0.0039730606754388425,0.0005045303482936863,8.893754986723967e-07,1.818861042205955e-07,7.0,0,4.0,0,6.0,0,7.0,0,0.0,1,2021-02-01,2021-01-01,2021-01-01,2020-12-01,2021-01-01,2021-03-06,2021-02-27,persist17w
2021-03-19,0,2021-03-19,recovery,recovery,official,-0.7084554274691872,0.6093461674681393,3,2,2,3,0.3312931735853753,real_income,-1.279292861967591,2.572693146683011,none,absent,True,0.761697615708453,0,recovery,0.49880535742120713,0.07380535742120717,0.0,0,0,4,,4,0,0.7164596647833351,0.8779258063197206,0.23155118973235148,0.11622819061126771,0.05198821840660463,0.005845801264512102,9.270777087806993e-07,2.0180449951970523e-07,4.0,0,5.0,0,7.0,0,4.0,0,0.0,1,2021-02-01,2021-01-01,2021-02-01,2020-12-01,2021-02-01,2021-03-13,2021-03-06,persist17w
2021-03-26,0,2021-03-26,recovery,recovery,official,-0.43152094055232243,1.2933232203006075,3,2,2,3,0.3292097483409024,consumption,-1.1411517801022577,2.7549873326267784,none,absent,True,0.6951404509700053,0,recovery,0.460638263850645,0.06583567962128409,0.0,0,0,4,,4,0,0.6625501943727741,0.8469909344421347,0.324807082506295,0.1518504834721294,0.012641793656181465,0.0011583739211000412,9.294647495177549e-07,2.081646358647819e-07,5.0,0,6.0,0,3.0,0,5.0,0,0.0,1,2021-02-01,2021-02-01,2021-02-01,2021-01-01,2021-02-01,2021-03-20,2021-03-13,persist17w
2021-04-02,0,2021-04-02,recovery,recovery,official,-0.3728862933963021,1.5252442505213986,3,2,2,3,0.3452332771421399,consumption,-1.0631944227378827,3.3093853296212528,none,absent,True,0.6371355356268822,0,recovery,0.43136962555209524,0.061338139773339385,0.0,0,0,4,,4,0,0.617899529912222,0.8181901141919248,0.3740630771526833,0.18105457856504256,0.00803646319095244,0.0007550917079213569,9.297441424104469e-07,2.155351113570613e-07,6.0,0,3.0,0,4.0,0,6.0,0,0.0,1,2021-03-01,2021-02-01,2021-02-01,2021-01-01,2021-02-01,2021-03-27,2021-03-20,persist17w
2021-04-09,0,2021-04-09,recovery,recovery,official,-0.356096642218369,1.4901587693546303,3,2,2,3,0.35011283951279343,consumption,-0.9858525361283689,3.133957923787412,none,absent,True,0.6079373420812559,0,recovery,0.41981455014263214,0.05687610785355973,0.0,0,0,4,,4,0,0.6041453156322594,0.8035246251913972,0.3867628894804524,0.19558728311014126,0.009090865207113465,0.0008878751065632967,9.296801747035515e-07,2.1659189819638095e-07,7.0,0,4.0,0,5.0,0,7.0,0,0.0,1,2021-03-01,2021-02-01,2021-02-01,2021-01-01,2021-02-01,2021-04-03,2021-03-27,persist17w
2021-04-16,0,2021-04-16,expansion,expansion,official,0.09610796604116549,1.552813349649397,2,2,2,3,0.5567690006190251,consumption,-0.7504835620977448,3.4004874620659065,none,absent,True,0.606233931088502,0,expansion,0.21519485664668214,0.0432971285825622,0.0,0,0,4,,4,0,0.3297151547406123,0.19544129063178195,0.657128821844795,0.8016752217202839,0.013155093980983707,0.0028833839581665086,9.29433608981012e-07,1.036897675690231e-07,4.0,0,5.0,0,6.0,0,4.0,0,0.0,1,2021-03-01,2021-02-01,2021-03-01,2021-01-01,2021-03-01,2021-04-10,2021-04-03,persist17w
2021-04-23,0,2021-04-23,expansion,expansion,official,0.13051715079693724,1.5665616568308678,2,2,2,3,0.5699564431902266,consumption,-0.5787460930079591,3.4011649731965004,none,absent,True,0.6819036583692697,0,expansion,0.1907502423169771,0.0333891976735361,0.0,0,0,4,,4,0,0.31678460220643845,0.15760099208499562,0.6702609031618013,0.8395046504542653,0.01295356518592508,0.0028942689241097936,9.294458351857192e-07,8.853662933495695e-08,5.0,0,6.0,0,7.0,0,5.0,0,0.0,1,2021-03-01,2021-02-01,2021-03-01,2021-01-01,2021-03-01,2021-04-17,2021-04-10,persist17w
2021-04-30,0,2021-04-30,expansion,expansion,official,0.10014716966257828,2.1381388073682093,2,1,3,3,0.5528226519264117,consumption,-0.38625753922660633,3.49612223587016,none,absent,True,0.5956019077959397,0,expansion,0.022284088801534978,0.022284088801534978,0.0,0,0,4,,4,0,0.344907048703048,0.20190508861898981,0.6523671892845557,0.7975069964149295,0.0027248527052775432,0.0005878152580740161,9.093071188223134e-07,9.970800670476818e-08,6.0,0,7.0,0,4.0,0,6.0,0,0.0,1,2021-03-01,2021-03-01,2021-03-01,2021-02-01,2021-03-01,2021-04-24,2021-04-17,persist17w
2021-05-07,0,2021-05-07,expansion,expansion,official,0.15745818626647273,2.1567594188373933,1,1,3,2,0.5883955291138986,consumption,-0.14265018449934783,3.583975001518823,none,absent,True,0.6744935908422592,0,expansion,0.0,0.008229818336500836,0.0,0,0,4,,4,0,0.3234528525646017,0.16246001218181336,0.6738627291808078,0.8369536030240726,0.0026835076459039093,0.0005862978666387341,9.10608686639163e-07,8.69274753571157e-08,7.0,0,4.0,0,5.0,0,7.0,0,0.0,1,2021-04-01,2021-03-01,2021-03-01,2021-02-01,2021-03-01,2021-05-01,2021-04-24,persist17w
2021-05-14,0,2021-05-14,expansion,expansion,official,0.16281376741316347,2.979018220340701,1,0,4,1,0.6094601534026741,consumption,-0.007876583501133674,3.506420202532268,none,absent,True,0.6754648611208709,0,expansion,0.0,0.0004544182789115581,0.0,0,0,4,,4,0,0.3358634808351623,0.16223448035202848,0.6638365105525053,0.8376993414728994,0.00029911661661031146,6.609597834898349e-05,8.919957220838097e-07,8.219672318227262e-08,3.0,0,5.0,0,6.0,0,3.0,0,0.0,1,2021-04-01,2021-03-01,2021-04-01,2021-02-01,2021-04-01,2021-05-08,2021-05-01,persist17w
2021-05-21,0,2021-05-21,expansion,expansion,official,0.19028301068378697,2.947939147067552,1,0,4,1,0.5904149844827199,consumption,0.12864842406822274,3.3524215536011215,none,absent,True,0.7058367475301479,0,expansion,0.0,0.0,0.0,0,0,4,,4,0,0.3266845642509143,0.147045191853675,0.6729861694038933,0.852881939383823,0.000328373301896145,7.279150197210208e-05,8.930432961985281e-07,7.726052988435149e-08,4.0,0,6.0,0,7.0,0,4.0,0,0.0,1,2021-04-01,2021-03-01,2021-04-01,2021-02-01,2021-04-01,2021-05-15,2021-05-08,persist17w
2021-05-28,0,2021-05-28,expansion,expansion,official,0.6300691159967997,3.485188892825454,0,0,4,0,0.7617549031834593,consumption,0.3812492671755153,3.6094051259711506,none,absent,False,0.8399087768169027,0,expansion,0.0,0.0,0.0,0,0,4,,4,0,0.2456170181063124,0.0800357094218386,0.7542891634805245,0.9199444862387413,9.291615222043269e-05,1.974591628550914e-05,9.022609425236896e-07,5.842313468748563e-08,5.0,0,7.0,0,4.0,0,5.0,0,0.0,1,2021-04-01,2021-04-01,2021-04-01,2021-03-01,2021-04-01,2021-05-22,2021-05-15,persist17w
2021-06-04,0,2021-06-04,expansion,expansion,official,0.6852780341288309,3.4041391451247565,0,0,4,0,0.7520937041414416,consumption,0.548567726899225,3.8193612654373794,none,absent,False,0.8632879626512119,0,expansion,0.0,0.0,0.0,0,0,4,,4,0,0.2258465425567009,0.06834369287104079,0.7740351984398789,0.9316316555222527,0.00011735448879837443,2.459676250334292e-05,9.045146217596517e-07,5.4844203073074445e-08,6.0,0,3.0,0,5.0,0,6.0,0,0.0,1,2021-05-01,2021-04-01,2021-04-01,2021-03-01,2021-04-01,2021-05-29,2021-05-22,persist17w
2021-06-11,0,2021-06-11,expansion,expansion,official,0.7211455634147547,3.3798475005647752,0,0,4,0,0.7240685210752601,consumption,0.7276419569874673,3.633241777200096,none,absent,False,0.8757247492700113,0,expansion,0.0,0.0,0.0,0,0,4,,4,0,0.21362169685765567,0.06212442755509001,0.786250535764261,0.9378491768251013,0.00012686147031601232,2.63426019872743e-05,9.059077673521951e-07,5.301782155450871e-08,7.0,0,4.0,0,6.0,0,7.0,0,0.0,1,2021-05-01,2021-04-01,2021-04-01,2021-03-01,2021-04-01,2021-06-05,2021-05-29,persist17w
2021-06-18,0,2021-06-18,expansion,expansion,official,0.6986933883542271,2.1593779787234157,0,0,3,0,0.6762235804683113,consumption,0.8012477576566938,3.4800520599838527,none,absent,False,0.8696729548569312,0,expansion,0.0,0.0,0.0,0,0,4,,4,0,0.22061150710322017,0.06486322688048576,0.7765302104308834,0.9345361817374169,0.002857377163808897,0.0006005377298483323,9.053020874922713e-07,5.3652248859528e-08,4.0,0,5.0,0,7.0,0,4.0,0,0.0,1,2021-05-01,2021-04-01,2021-05-01,2021-03-01,2021-05-01,2021-06-12,2021-06-05,persist17w
2021-06-25,0,2021-06-25,expansion,expansion,official,0.6778864362257412,1.5779164344130032,0,1,3,1,0.6656010333283751,consumption,0.8097051445238151,3.078309953568139,none,absent,False,0.8484283805653483,0,expansion,0.0,0.0,0.0,0,0,4,,4,0,0.23804363842684234,0.07424764064534023,0.7478481277123793,0.9226760212106885,0.014107278568263359,0.003076277963539083,9.552925150346219e-07,6.018043211917004e-08,5.0,0,6.0,0,3.0,0,5.0,0,0.0,1,2021-05-01,2021-05-01,2021-05-01,2021-04-01,2021-05-01,2021-06-19,2021-06-12,persist17w
2021-07-02,0,2021-07-02,expansion,expansion,official,0.7227376290081687,1.5889757056712104,0,1,3,1,0.677889585646665,consumption,0.8841788260684216,2.5830626973268385,none,absent,False,0.8643584441351205,0,expansion,0.0,0.0,0.0,0,0,4,,4,0,0.22233938136338655,0.06631478462849653,0.7636566282170605,0.930673228763617,0.014003032235312388,0.0030119286465390828,9.581842405218716e-07,5.796134728612457e-08,6.0,0,3.0,0,4.0,0,6.0,0,0.0,1,2021-06-01,2021-05-01,2021-05-01,2021-04-01,2021-05-01,2021-06-26,2021-06-19,persist17w
2021-07-09,0,2021-07-09,expansion,expansion,official,0.7254722833142382,1.5187709448132969,0,1,3,1,0.6756155280114753,consumption,0.8977348216235232,2.2404581385603315,none,absent,False,0.8657531095640076,0,expansion,0.0,0.0,0.0,0,0,4,,4,0,0.2207907585941291,0.06531258718924292,0.7624717335462169,0.9310656967532506,0.0167365495816831,0.003621658330273519,9.58277970832406e-07,5.772723291839311e-08,7.0,0,4.0,0,5.0,0,7.0,0,0.0,1,2021-06-01,2021-05-01,2021-05-01,2021-04-01,2021-05-01,2021-07-03,2021-06-26,persist17w
2021-07-16,0,2021-07-16,expansion,expansion,official,0.6991062186327102,1.0148085246792777,0,1,3,1,0.6184950518733607,consumption,1.0235732767734245,2.180030303640392,none,absent,False,0.8455833495781873,0,expansion,0.0,0.0,0.0,0,0,4,,4,0,0.22032991052247594,0.07033153354942015,0.7220239935825344,0.9159148831276074,0.05764514038645815,0.013753519324106933,9.55508531435461e-07,6.399886546660521e-08,4.0,0,5.0,0,6.0,0,4.0,0,0.0,1,2021-06-01,2021-05-01,2021-06-01,2021-04-01,2021-06-01,2021-07-10,2021-07-03,persist17w
2021-07-23,0,2021-07-23,expansion,expansion,official,0.6993183205891016,0.8802410104013116,0,1,3,1,0.6183708081247283,consumption,1.0244801869560625,1.527235239738028,none,absent,False,0.8429355654496835,0,expansion,0.0,0.0,0.0,0,0,4,,4,0,0.21515118832522157,0.06883392857195546,0.7053506185494122,0.911769494021639,0.0794972381902053,0.019396512962179886,9.549351609187445e-07,6.444422579185379e-08,5.0,0,6.0,0,7.0,0,5.0,0,0.0,1,2021-06-01,2021-05-01,2021-06-01,2021-04-01,2021-06-01,2021-07-17,2021-07-10,persist17w
2021-07-30,0,2021-07-30,expansion,expansion,official,0.32056321861550563,0.50220418018208,1,1,2,2,0.3880325200030778,consumption,0.9875011313611185,1.048427344239133,none,absent,True,0.6856125703090585,0,expansion,0.0,0.0,0.0,0,0,4,,4,0,0.28073259123753064,0.130564098874717,0.5546085583133603,0.8161766691837755,0.16465789855511584,0.053259134937159884,9.518939932324531e-07,9.700434753011737e-08,6.0,0,7.0,0,4.0,0,6.0,0,0.0,1,2021-06-01,2021-06-01,2021-06-01,2021-05-01,2021-06-01,2021-07-24,2021-07-17,persist17w
2021-08-06,0,2021-08-06,expansion,expansion,official,0.37144132543905256,0.4420120377740256,1,1,2,2,0.3977334317241344,consumption,1.0712161324107377,0.787494743417103,none,absent,True,0.6721678029026704,0,expansion,0.0,0.0,0.0,0,0,4,,4,0,0.2751854332271706,0.13110727515690948,0.5383360966056734,0.8032750780595799,0.1864775190719188,0.06561754382467015,9.510952372745632e-07,1.0295884053166353e-07,7.0,0,4.0,0,5.0,0,7.0,0,0.0,1,2021-07-01,2021-06-01,2021-06-01,2021-05-01,2021-06-01,2021-07-31,2021-07-24,persist17w
2021-08-13,0,2021-08-13,expansion,expansion,official,0.38262476219803,0.4225040357544514,1,1,2,2,0.3914407813813105,consumption,1.1254702826487724,0.7173432127545487,none,absent,True,0.6600331054006412,0,expansion,0.0,0.0,0.0,0,0,4,,4,0,0.2742203871162566,0.13358306450611118,0.5320374142309103,0.7936161699067523,0.19374124793849162,0.07280065703150257,9.507143414537545e-07,1.0855563386414053e-07,8.0,0,5.0,0,6.0,0,8.0,0,0.0,1,2021-07-01,2021-06-01,2021-06-01,2021-05-01,2021-06-01,2021-08-07,2021-07-31,persist17w
2021-08-20,0,2021-08-20,expansion,expansion,official,0.4297190121496948,0.48244503478249073,1,1,2,2,0.3601861493639882,labor_stress,1.357820494946332,1.1633027076320748,none,absent,True,0.7022533266794789,0,expansion,0.0,0.0,0.0,0,0,4,,4,0,0.24799068363428345,0.11671445970376816,0.5827179804826658,0.8189677863832471,0.16929040565135794,0.06431764785883842,9.302316928077275e-07,1.060541462694711e-07,4.0,0,6.0,0,7.0,0,4.0,0,0.0,1,2021-07-01,2021-06-01,2021-07-01,2021-05-01,2021-07-01,2021-08-14,2021-08-07,persist17w
2021-08-27,0,2021-08-27,expansion,expansion,official,0.496349394952367,0.6012052875267926,1,1,2,2,0.38435429642331154,labor_stress,1.5482477572525435,1.3202210903566562,none,absent,True,0.766479060133409,0,expansion,0.0,0.0,0.0,0,0,4,,4,0,0.2348815880223101,0.09562202773998225,0.6300880853167992,0.8621010878733913,0.13502939642919798,0.04227679830904717,9.302316928077276e-07,8.607757915987529e-08,5.0,0,7.0,0,4.0,0,5.0,0,0.0,1,2021-07-01,2021-07-01,2021-07-01,2021-06-01,2021-07-01,2021-08-21,2021-08-14,persist17w
2021-09-03,0,2021-09-03,expansion,expansion,official,0.5287502522516951,0.6438410188973348,1,1,2,2,0.40567239539176303,labor_stress,1.6659385338443238,1.5702848449958078,none,absent,True,0.7928571800344761,0,expansion,0.0,0.0,0.0,0,0,4,,4,0,0.22671875106044878,0.08487353996898685,0.6486567016371338,0.877730720003463,0.12462361707072458,0.03739566092253522,9.302316928077276e-07,7.91050149010724e-08,6.0,0,3.0,0,5.0,0,6.0,0,0.0,1,2021-08-01,2021-07-01,2021-07-01,2021-06-01,2021-07-01,2021-08-28,2021-08-21,persist17w
2021-09-10,0,2021-09-10,expansion,expansion,official,0.5529831428596312,0.6355948290138258,1,1,2,2,0.42262198553886127,labor_stress,1.7867506610755668,1.5290538955782629,none,absent,True,0.8057526242641408,0,expansion,0.0,0.0,0.0,0,0,4,,4,0,0.2177980685903615,0.07841671545760648,0.6538895202946577,0.8841693397217473,0.128311480883288,0.03741386932406268,9.302316928077276e-07,7.549658356960226e-08,7.0,0,4.0,0,6.0,0,7.0,0,0.0,1,2021-08-01,2021-07-01,2021-07-01,2021-06-01,2021-07-01,2021-09-04,2021-08-28,persist17w
2021-09-17,0,2021-09-17,expansion,expansion,official,0.5635780609380328,0.951034296379951,1,1,2,2,0.4276414426203515,labor_stress,1.830625926450164,1.6062232437271302,none,absent,True,0.8319211141371461,0,expansion,0.0,0.0,0.0,0,0,4,,4,0,0.23071625144420982,0.07644884009856984,0.7074182870476803,0.9083699542357159,0.06186453127641709,0.015181140667637686,9.302316928077276e-07,6.49980766407658e-08,4.0,0,5.0,0,7.0,0,4.0,0,0.0,1,2021-08-01,2021-07-01,2021-08-01,2021-06-01,2021-08-01,2021-09-11,2021-09-04,persist17w
2021-09-24,0,2021-09-24,expansion,expansion,official,0.5668853049620008,0.9545795797447804,1,1,2,2,0.4214600329121165,labor_stress,1.8111563279474714,1.623686304257369,none,absent,True,0.8349286225121418,0,expansion,0.0,0.0,0.0,0,0,4,,4,0,0.2296800175004116,0.07502874557290178,0.7088866711884163,0.9099573680850436,0.06143238107947919,0.015013822240283997,9.302316928077275e-07,6.410177062329185e-08,5.0,0,6.0,0,8.0,0,5.0,0,0.0,1,2021-08-01,2021-07-01,2021-08-01,2021-06-01,2021-08-01,2021-09-18,2021-09-11,persist17w
2021-10-01,0,2021-10-01,expansion,expansion,official,0.489940730036533,0.6345039724801482,1,2,2,2,0.3937981389624628,labor_stress,1.7636505656074275,1.3563908434433645,none,absent,True,0.7832261546931981,0,expansion,0.005517087211206243,0.0,0.0,0,0,4,,4,0,0.23774602069547177,0.08902100547475633,0.6296979126082253,0.8722471601679544,0.1325551445063708,0.03873175782938853,9.221899321687363e-07,7.6527900622034e-08,6.0,0,7.0,0,4.0,0,6.0,0,0.0,1,2021-08-01,2021-08-01,2021-08-01,2021-07-01,2021-08-01,2021-09-25,2021-09-18,persist17w
2021-10-08,0,2021-10-08,expansion,expansion,official,0.49401579819027636,0.054507432385860886,1,2,2,2,0.39006741126816824,labor_stress,1.745910511808609,1.1911336207993726,none,absent,False,0.7114998619878984,0,expansion,0.003795512692974701,0.0,0.0,0,0,4,,4,0,0.16402019718447658,0.057551034688537325,0.5731219859998131,0.826974366640461,0.262856902530832,0.11547450465256255,9.142848783681113e-07,9.401843924986203e-08,7.0,0,4.0,0,5.0,0,7.0,0,0.0,1,2021-09-01,2021-08-01,2021-08-01,2021-07-01,2021-08-01,2021-10-02,2021-09-25,persist17w
2021-10-15,0,2021-10-15,expansion,expansion,official,0.5144747826810219,0.4087558118180338,1,2,2,2,0.4010540431436636,labor_stress,1.8361115889555415,0.9126390419565422,none,absent,True,0.7597051236710928,0,expansion,0.0,0.0,0.0,0,0,4,,4,0,0.2072575572852177,0.08102359296393628,0.5763844852712114,0.840728716635029,0.2163570403376722,0.07824760231572196,9.171058987283244e-07,8.808531258151306e-08,8.0,0,5.0,0,6.0,0,4.0,0,0.0,1,2021-09-01,2021-08-01,2021-08-01,2021-07-01,2021-09-01,2021-10-09,2021-10-02,persist17w
2021-10-22,0,2021-10-22,expansion,expansion,official,0.43930654027077465,-0.3628009076053447,1,3,1,3,0.4831520248520097,labor_stress,2.030385347999957,0.9692033480681188,none,absent,False,0.7141880658835071,0,expansion,0.04085447798028501,0.02789241443985277,0.0,0,0,4,,4,0,0.10675743970395864,0.031589532252836706,0.6054606000400814,0.8412992221648861,0.2877810205628315,0.12711115628137892,9.396931283684292e-07,8.930089834436514e-08,5.0,0,6.0,0,7.0,0,5.0,0,0.0,1,2021-09-01,2021-08-01,2021-09-01,2021-07-01,2021-09-01,2021-10-16,2021-10-09,persist17w
2021-10-29,0,2021-10-29,expansion,expansion,official,0.5032005426502162,-0.4002723321829208,1,3,1,3,0.5570415510911544,labor_stress,2.3593079458195954,1.4211934985926034,none,absent,True,0.41869203668106425,0,expansion,0.0,0.0,0.29411764705882354,0,0,4,,4,0,0.08719774124188266,0.025474165260982236,0.4929874784042877,0.6966088754009871,0.4198138635469786,0.2779168387199229,9.168068510359406e-07,1.2061810766083638e-07,6.0,0,7.0,0,4.0,0,6.0,0,0.0,1,2021-09-01,2021-09-01,2021-09-01,2021-08-01,2021-09-01,2021-10-23,2021-10-16,persist17w
2021-11-05,0,2021-11-05,expansion,expansion,official,0.5831083230365306,-0.16422782698949362,1,3,1,3,0.5724452206828073,labor_stress,2.6532631744661264,1.774491080084825,none,absent,True,0.7127554488512722,0,expansion,0.0,0.0,0.0,0,0,4,,4,0,0.11167252351266158,0.03300053760109011,0.6006449408901205,0.8398774110985118,0.28768159622874045,0.12712196224723954,9.393684774816014e-07,8.905315857646288e-08,7.0,0,4.0,0,5.0,0,7.0,0,0.0,1,2021-10-01,2021-09-01,2021-09-01,2021-08-01,2021-09-01,2021-10-30,2021-10-23,persist17w
2021-11-12,0,2021-11-12,expansion,expansion,official,0.617516065996518,-0.10957805643479271,1,3,1,3,0.5871510626109848,labor_stress,2.8224369413409676,2.0325804158204552,none,absent,True,0.7120242926895115,0,expansion,0.0,0.0,0.0,0,0,4,,4,0,0.11303513510192345,0.03346599205234007,0.5993098928577648,0.8392791057334239,0.2876540327618373,0.1272548130439124,9.392784743243666e-07,8.917032356521789e-08,8.0,0,5.0,0,6.0,0,8.0,0,0.0,1,2021-10-01,2021-09-01,2021-09-01,2021-08-01,2021-09-01,2021-11-06,2021-10-30,persist17w
2021-11-19,0,2021-11-19,expansion,expansion,official,0.7751385530306928,0.5664842069606947,1,2,1,2,0.5271391044058419,labor_stress,2.949404159219967,2.287110744085154,none,absent,True,0.8453089086110299,0,expansion,0.0,0.0,0.0,0,0,4,,4,0,0.1462099543144544,0.043181537661950056,0.6827129905924163,0.9010636502049951,0.171076135240161,0.055754741593965255,9.198529682718499e-07,7.053908955000707e-08,4.0,0,6.0,0,7.0,0,4.0,0,0.0,1,2021-10-01,2021-09-01,2021-10-01,2021-08-01,2021-10-01,2021-11-13,2021-11-06,persist17w
2021-11-26,0,2021-11-26,expansion,expansion,official,0.9143880601548954,0.8064673746579306,0,1,1,1,0.577822970813534,labor_stress,3.1829859217862104,2.910640117859497,none,absent,True,0.9103288703028617,0,expansion,0.0,0.0,0.0,0,0,4,,4,0,0.12596410311659384,0.032253515642064176,0.7757775970221192,0.9425823859449258,0.09825736962959417,0.02516404225552242,9.302316928077276e-07,5.615748744268758e-08,5.0,0,7.0,0,4.0,0,5.0,0,0.0,1,2021-10-01,2021-10-01,2021-10-01,2021-09-01,2021-10-01,2021-11-20,2021-11-13,persist17w
2021-12-03,0,2021-12-03,expansion,expansion,official,0.9494189948660587,0.7955819681749057,0,1,1,1,0.5868514565035997,labor_stress,3.3355098618600385,3.28887428803546,none,absent,True,0.9154965441574001,0,expansion,0.0,0.0,0.0,0,0,4,,4,0,0.11816292922827079,0.029510338623523025,0.7802210995898404,0.9450068827809232,0.10161504095019598,0.025482724210966885,9.302316928077276e-07,5.438458707151938e-08,6.0,0,3.0,0,5.0,0,6.0,0,0.0,1,2021-11-01,2021-10-01,2021-10-01,2021-09-01,2021-10-01,2021-11-27,2021-11-20,persist17w
2021-12-10,0,2021-12-10,expansion,expansion,official,1.0056927845680537,0.8724189112936351,0,1,1,1,0.6056523531844129,labor_stress,3.612780996556266,3.6844764267523393,none,absent,True,0.926974309810936,0,expansion,0.0,0.0,0.0,0,0,4,,4,0,0.10899845487891176,0.026317224026892277,0.8049039394637935,0.9532915338378283,0.0860966754256019,0.020391190729409085,9.302316928077275e-07,5.1405870426071286e-08,7.0,0,4.0,0,6.0,0,7.0,0,0.0,1,2021-11-01,2021-10-01,2021-10-01,2021-09-01,2021-10-01,2021-12-04,2021-11-27,persist17w
2021-12-17,0,2021-12-17,expansion,expansion,official,1.0411282128392654,1.3809592815236846,0,2,2,2,0.6193747598028589,labor_stress,3.8500619700049468,3.7512512914280576,none,absent,False,0.9455107044229161,0,expansion,0.0,0.0,0.0,0,0,4,,4,0,0.10905228683174273,0.024545073796768475,0.8640795740749299,0.9700557782196846,0.0268672104915953,0.0053991036854708335,9.28601732110122e-07,4.429807614642989e-08,4.0,0,5.0,0,7.0,0,4.0,0,0.0,1,2021-11-01,2021-10-01,2021-11-01,2021-09-01,2021-11-01,2021-12-11,2021-12-04,persist17w
2021-12-24,0,2021-12-24,expansion,expansion,official,0.9923970505981277,1.0609094884526922,1,1,2,1,0.5707709554222005,labor_stress,3.8158265753001563,3.0109526384887113,none,absent,True,0.9393087676838245,0,expansion,0.0,0.0,0.0,0,0,4,,4,0,0.10907148080908209,0.024958189423864945,0.8391597539951148,0.9642669571076895,0.05176788587365359,0.01077481039843538,8.793221494276195e-07,4.3070010146681064e-08,5.0,0,6.0,0,3.0,0,5.0,0,0.0,1,2021-11-01,2021-11-01,2021-11-01,2021-10-01,2021-11-01,2021-12-18,2021-12-11,persist17w
2021-12-31,0,2021-12-31,expansion,expansion,official,0.9925887284508109,0.9906010892252681,1,1,2,1,0.5786773499382785,labor_stress,3.9425986130523434,2.6594106423515904,none,absent,True,0.9372412105070574,0,expansion,0.0,0.0,0.0,0,0,4,,4,0,0.10793154676786333,0.024822469264099048,0.830705976248634,0.9620636797711565,0.061361597148485617,0.01311380703398027,8.798350171656889e-07,4.3930764144063326e-08,6.0,0,7.0,0,4.0,0,6.0,0,0.0,1,2021-11-01,2021-11-01,2021-11-01,2021-10-01,2021-11-01,2021-12-25,2021-12-18,persist17w
2022-01-07,0,2022-01-07,expansion,expansion,official,0.9974750457999573,0.6698922604212151,1,1,1,1,0.5738405464456541,labor_stress,3.89816949011083,2.2552597012517515,none,absent,True,0.9146031485938202,0,expansion,0.0,0.0,0.0,0,0,4,,4,0,0.09295241006302947,0.022236633199024344,0.7765813217673367,0.9461832332288831,0.13046537856597498,0.0315800846350629,8.896036587997399e-07,4.8937029644179915e-08,7.0,0,4.0,0,5.0,0,7.0,0,0.0,1,2021-12-01,2021-11-01,2021-11-01,2021-10-01,2021-11-01,2022-01-01,2021-12-25,persist17w
2022-01-14,0,2022-01-14,expansion,expansion,official,0.8515923324953848,-0.38290132269765126,1,2,1,2,0.6414181775713758,labor_stress,3.873639659588941,1.9314730522088934,none,absent,False,0.8031856658770063,0,expansion,0.0,0.0,0.0,0,0,4,,4,0,0.04381655411151329,0.010610839214728553,0.6924618147912159,0.8962873799421082,0.2637207138078315,0.09310171406510183,9.172894393315879e-07,6.677806137536244e-08,4.0,0,5.0,0,6.0,0,4.0,0,0.0,1,2021-12-01,2021-11-01,2021-12-01,2021-10-01,2021-12-01,2022-01-08,2022-01-01,persist17w
2022-01-21,0,2022-01-21,expansion,expansion,official,0.8259268264547028,-0.5840386777374598,1,2,1,2,0.6272889953924469,labor_stress,3.6467524441252883,0.9254640087223146,none,absent,False,0.779698110539598,0,expansion,0.0,0.0,0.058823529411764705,0,0,4,,4,0,0.031282103848446104,0.007646252716421324,0.6724676574717762,0.8860258952272642,0.2962493242382565,0.10632778468766611,9.144415211577835e-07,6.736864840465717e-08,5.0,0,6.0,0,7.0,0,5.0,0,0.0,1,2021-12-01,2021-11-01,2021-12-01,2021-10-01,2021-12-01,2022-01-15,2022-01-08,persist17w
2022-01-28,0,2022-01-28,expansion,expansion,official,0.768455350606599,-0.7773954296386498,1,2,1,2,0.6324623940818977,labor_stress,3.4198782762886415,0.19626536260230992,none,absent,False,0.6708082538979976,0,expansion,0.0,0.0,0.17647058823529413,0,0,4,,4,0,0.023089526482514475,0.005811749046584739,0.6034131787766799,0.8324982132459074,0.3734963855572286,0.16168995934790983,9.091835770929918e-07,7.83595980045294e-08,6.0,0,7.0,0,4.0,0,6.0,0,0.0,1,2021-12-01,2021-12-01,2021-12-01,2021-11-01,2021-12-01,2022-01-22,2022-01-15,persist17w
2022-02-04,0,2022-02-04,expansion,expansion,official,0.7721689963976963,-0.6160979579598607,1,2,2,2,0.6138120123404306,labor_stress,3.330428519673169,-0.5456795944402543,none,absent,False,0.7333004377951513,0,expansion,0.11693134166576877,0.11693134166576877,0.11764705882352941,0,0,4,,4,0,0.034767064010991645,0.008793973100399314,0.6358585591881624,0.8622531960088413,0.3293734665513469,0.12895275821369,9.102494990671184e-07,7.267706934938981e-08,7.0,0,3.0,0,5.0,0,7.0,0,0.0,1,2022-01-01,2021-12-01,2021-12-01,2021-11-01,2021-12-01,2022-01-29,2022-01-22,persist17w
2022-02-11,0,2022-02-11,expansion,expansion,official,0.762405593966884,-0.7421310801614773,1,2,2,2,0.6082118582608189,labor_stress,3.2703520513605873,-1.1764452610188436,none,absent,True,0.6706669278875292,0,expansion,0.15,0.15,0.17647058823529413,0,0,4,,4,0,0.027079595697078327,0.006888092124235584,0.6021674149647761,0.8318893784253364,0.3707520815989747,0.16122245053780718,9.07739170863523e-07,7.891262085489549e-08,8.0,0,4.0,0,6.0,0,8.0,0,0.0,1,2022-01-01,2021-12-01,2021-12-01,2021-11-01,2021-12-01,2022-02-05,2022-01-29,persist17w
2022-02-18,0,2022-02-18,expansion,expansion,official,0.9768022871449965,-0.11464792957501321,1,2,2,2,0.5187870056891101,labor_stress,3.3456461688353296,-0.9456276360625964,none,absent,True,0.7965802789291075,0,expansion,0.15,0.15,0.0,0,0,4,,4,0,0.05672939763972949,0.014041659214542333,0.6804127855445602,0.891269275755057,0.262856902530832,0.09468899682594949,9.142848783681113e-07,6.82044512826453e-08,4.0,0,5.0,0,7.0,0,4.0,0,0.0,1,2022-01-01,2021-12-01,2022-01-01,2021-11-01,2022-01-01,2022-02-12,2022-02-05,persist17w
2022-02-25,0,2022-02-25,expansion,expansion,official,0.9480801881303662,-0.34269547646272625,1,2,2,2,0.5341666957421277,labor_stress,3.4625928457261956,-0.9416443101861525,none,absent,True,0.8023215023765934,0,expansion,0.15,0.15,0.0,0,0,4,,4,0,0.04194715163305853,0.01002952901548568,0.6951950315512311,0.8961459532805578,0.262856902530832,0.0938244509039644,9.142848783681113e-07,6.679999203636527e-08,5.0,0,6.0,0,3.0,0,5.0,0,0.0,1,2022-01-01,2022-01-01,2022-01-01,2021-12-01,2022-01-01,2022-02-19,2022-02-12,persist17w
2022-03-04,0,2022-03-04,expansion,expansion,official,0.9826236463399729,-0.22006033463639066,1,2,2,2,0.5321930241791317,labor_stress,3.5417179847461413,-0.7078808049728579,none,absent,True,0.8023533894499715,0,expansion,0.15,0.15,0.0,0,0,4,,4,0,0.04806327236904599,0.011626350368615033,0.6890789108152438,0.8953634862699664,0.262856902530832,0.09301009681999499,9.142848783681113e-07,6.654142349249011e-08,6.0,0,3.0,0,4.0,0,6.0,0,0.0,1,2022-02-01,2022-01-01,2022-01-01,2021-12-01,2022-01-01,2022-02-26,2022-02-19,persist17w
2022-03-11,0,2022-03-11,expansion,expansion,official,0.981618555080739,-0.21609814146745795,1,2,2,2,0.5316983191201714,labor_stress,3.5357537206313445,-0.6643604907605317,none,absent,True,0.8021085780980913,0,expansion,0.14236296230582823,0.14236296230582823,0.0,0,0,4,,4,0,0.048451312227662864,0.011751916495085665,0.6886908709566267,0.8951782974666138,0.262856902530832,0.0930697193685225,9.142848783681113e-07,6.666977804674493e-08,7.0,0,4.0,0,5.0,0,7.0,0,0.0,1,2022-02-01,2022-01-01,2022-01-01,2021-12-01,2022-01-01,2022-03-05,2022-02-26,persist17w
2022-03-18,0,2022-03-18,expansion,expansion,official,1.0005613663570034,0.673269174236109,1,1,3,1,0.542930364633653,labor_stress,3.6618691133246224,0.048003248473020003,none,absent,True,0.9055251457107154,0,expansion,0.0,0.0,0.0,0,0,4,,4,0,0.09879528475557056,0.024025574397359903,0.7725361210627297,0.940749758657357,0.12866771081767542,0.03522461294664164,8.8336402430873e-07,5.39986414486244e-08,4.0,0,5.0,0,6.0,0,4.0,0,0.0,1,2022-02-01,2022-01-01,2022-02-01,2021-12-01,2022-02-01,2022-03-12,2022-03-05,persist17w
2022-03-25,0,2022-03-25,expansion,expansion,official,1.0249415257060257,0.8173389310789722,1,1,3,1,0.5519683781810427,labor_stress,3.8071295956893962,0.7683520326873355,none,absent,True,0.9308615735931324,0,expansion,0.0,0.0,0.0,0,0,4,,4,0,0.09849294358488081,0.023050707882933945,0.8084212700156219,0.9539122814760663,0.09308490521252759,0.023036961371416614,8.811869697745708e-07,4.9269583220475615e-08,5.0,0,6.0,0,7.0,0,5.0,0,0.0,1,2022-02-01,2022-01-01,2022-02-01,2021-12-01,2022-02-01,2022-03-19,2022-03-12,persist17w
2022-04-01,0,2022-04-01,expansion,expansion,official,1.1475341978595792,1.4310065179275826,1,1,3,1,0.5041457466487815,labor_stress,3.8712130119919785,1.0650942134620045,none,absent,True,0.9600942617311713,0,expansion,0.0,0.0,0.0,0,0,4,,4,0,0.08529846085573722,0.01786623184747075,0.8933494326201543,0.977960493578642,0.02135123048949972,0.0041732354003004655,8.760346087876145e-07,3.917358661429733e-08,6.0,0,3.0,0,4.0,0,6.0,0,0.0,1,2022-03-01,2022-02-01,2022-02-01,2022-01-01,2022-02-01,2022-03-26,2022-03-19,persist17w
2022-04-08,0,2022-04-08,expansion,expansion,official,1.1483763898064705,1.4179964632659376,1,1,3,1,0.49865776249785176,labor_stress,3.7913452698340766,1.0000439401537808,none,absent,True,0.9599017022497411,0,expansion,0.0,0.0,0.0,0,0,4,,4,0,0.08510631453906238,0.017898789529313973,0.892830691678959,0.9778004917790551,0.022062117715899273,0.00430067947554203,8.760660793917789e-07,3.921608878994198e-08,7.0,0,4.0,0,5.0,0,7.0,0,0.0,1,2022-03-01,2022-02-01,2022-02-01,2022-01-01,2022-02-01,2022-04-02,2022-03-26,persist17w
2022-04-15,0,2022-04-15,expansion,expansion,official,1.1829611361106103,0.871151070522927,1,1,3,1,0.482340759093441,labor_stress,3.7434366640446872,0.7789300123180796,none,absent,True,0.9468823615844362,0,expansion,0.0,0.0,0.0,0,0,4,,4,0,0.07482369675532682,0.016311817406177705,0.8408281684341963,0.9652852506045606,0.08434725558954574,0.018402889020124436,8.792209312544909e-07,4.296913730367802e-08,4.0,0,5.0,0,6.0,0,4.0,0,0.0,1,2022-03-01,2022-02-01,2022-03-01,2022-01-01,2022-03-01,2022-04-09,2022-04-02,persist17w
2022-04-22,0,2022-04-22,expansion,expansion,official,1.1685458358523237,0.8049613564255272,1,1,3,1,0.47581630787000717,labor_stress,3.65850535819477,0.4616283038158248,none,absent,True,0.9393405315747897,0,expansion,0.0,0.0,0.0,0,0,4,,4,0,0.07565512515436952,0.016729961719199275,0.8261523686183013,0.961305262924413,0.0981916261160571,0.02196473134962331,8.801112721744506e-07,4.4006764456362276e-08,5.0,0,6.0,0,7.0,0,5.0,0,0.0,1,2022-03-01,2022-02-01,2022-03-01,2022-01-01,2022-03-01,2022-04-16,2022-04-09,persist17w
2022-04-29,0,2022-04-29,expansion,expansion,official,1.035803501059052,0.46601847926022133,1,2,2,2,0.5072070155245001,labor_stress,3.6077375999337913,0.17214400244449848,none,absent,True,0.8395006441258532,0,expansion,0.0,0.0,0.0,0,0,4,,4,0,0.08786225865269852,0.02288492928201009,0.6888488277793231,0.9083078263890958,0.223287996882562,0.06880718226324259,9.166854164170508e-07,6.206565153823479e-08,6.0,0,7.0,0,4.0,0,6.0,0,0.0,1,2022-03-01,2022-03-01,2022-03-01,2022-02-01,2022-03-01,2022-04-23,2022-04-16,persist17w
2022-05-06,0,2022-05-06,expansion,expansion,official,1.0200799436930086,0.2114442217732157,1,2,2,2,0.497742318272423,labor_stress,3.5012842922382337,0.06376465623086851,none,absent,True,0.7856464638729371,0,expansion,0.0,0.0,0.0,0,0,4,,4,0,0.07549240524432825,0.019669930920721296,0.6616497779399614,0.8829882308173534,0.262856902530832,0.0973417669444163,9.142848783681113e-07,7.131750906936007e-08,7.0,0,4.0,0,5.0,0,7.0,0,0.0,1,2022-04-01,2022-03-01,2022-03-01,2022-02-01,2022-03-01,2022-04-30,2022-04-23,persist17w
2022-05-13,0,2022-05-13,expansion,expansion,official,1.003981142637103,0.30971980019438405,1,2,2,2,0.4944169157929843,labor_stress,3.4380947121731196,-0.24992803015285395,none,absent,True,0.7837348477598084,0,expansion,0.05355600646132585,0.05355600646132585,0.0,0,0,4,,4,0,0.08409322755445024,0.022592575261730728,0.6530489556298394,0.8805711002489872,0.26285690253083194,0.09683625248917886,9.142848783681111e-07,7.200010314716661e-08,8.0,0,5.0,0,6.0,0,8.0,0,0.0,1,2022-04-01,2022-03-01,2022-03-01,2022-02-01,2022-03-01,2022-05-07,2022-04-30,persist17w
2022-05-20,0,2022-05-20,expansion,expansion,official,1.061449265778385,0.0540418086273603,1,2,2,2,0.46067056696878644,labor_stress,3.3357974626973665,-0.6285969011160574,none,absent,True,0.7952175615993707,0,expansion,0.13469933595344089,0.13469933595344089,0.0,0,0,4,,4,0,0.05980768180227084,0.015021736704658036,0.6773345013820188,0.8900978780461922,0.262856902530832,0.0948803164468215,9.142848783681113e-07,6.880232819880912e-08,4.0,0,6.0,0,7.0,0,4.0,0,0.0,1,2022-04-01,2022-03-01,2022-04-01,2022-02-01,2022-04-01,2022-05-14,2022-05-07,persist17w
2022-05-27,0,2022-05-27,expansion,expansion,official,1.0294194221172621,-0.340612621600466,1,2,2,2,0.5030621361596965,labor_stress,3.2180718615751087,-0.9119400871966558,none,absent,True,0.8088803338686157,0,expansion,0.15,0.15,0.0,0,0,4,,4,0,0.036043411043379985,0.008505334250497253,0.7010987721409095,0.9001874673504803,0.262856902530832,0.09130713348186455,9.142848783681113e-07,6.491715797278976e-08,5.0,0,7.0,0,4.0,0,5.0,0,0.0,1,2022-04-01,2022-04-01,2022-04-01,2022-03-01,2022-04-01,2022-05-21,2022-05-14,persist17w
2022-06-03,0,2022-06-03,expansion,expansion,official,1.0297175862761576,-0.42482924635131736,1,2,2,2,0.5010217948184956,labor_stress,3.205766799147716,-1.14115832641863,none,absent,True,0.7860593601506694,0,expansion,0.15,0.15,0.058823529411764705,0,0,4,,4,0,0.030898207202629095,0.007408472671642618,0.6774531392956962,0.8893254108171826,0.2916477409634584,0.10326605066651325,9.125382163872937e-07,6.584466140196713e-08,6.0,0,3.0,0,5.0,0,6.0,0,0.0,1,2022-05-01,2022-04-01,2022-04-01,2022-03-01,2022-04-01,2022-05-28,2022-05-21,persist17w
2022-06-10,0,2022-06-10,expansion,expansion,official,1.0025609102904227,-0.46603131642803197,1,2,2,2,0.49018061591461454,labor_stress,3.069841592881609,-1.3168877742879068,none,absent,True,0.7465233608528451,0,expansion,0.15,0.15,0.11764705882352941,0,0,4,,4,0,0.030067005814123308,0.007361212107732279,0.6472678402688038,0.8695810393106376,0.32266424326054344,0.12305767845779243,9.106565294240246e-07,7.012383779791716e-08,7.0,0,4.0,0,6.0,0,7.0,0,0.0,1,2022-05-01,2022-04-01,2022-04-01,2022-03-01,2022-04-01,2022-06-04,2022-05-28,persist17w
2022-06-17,0,2022-06-17,expansion,expansion,official,0.8936439723258932,-0.5673345942240311,1,2,2,2,0.5205194353222384,labor_stress,2.9782495890790943,-1.3510300467905498,none,absent,True,0.5316212953874679,0,expansion,0.15,0.15,0.29411764705882354,0,0,4,,4,0,0.030202152561250094,0.007745837396233227,0.5459557364256715,0.7619376812583749,0.4238412064946805,0.23031638587090703,9.045183978295178e-07,9.54744847356296e-08,4.0,0,5.0,0,7.0,0,4.0,0,0.0,1,2022-05-01,2022-04-01,2022-05-01,2022-03-01,2022-05-01,2022-06-11,2022-06-04,persist17w
2022-06-24,0,2022-06-24,expansion,expansion,official,0.8752788097958639,-0.5818927640317887,1,2,2,2,0.512698867408751,labor_stress,2.8864247137703867,-1.4291846216122672,none,absent,True,0.42149169263388725,0,expansion,0.15,0.15,0.35294117647058826,0,0,4,,4,0,0.03031465192551676,0.007734495312120205,0.5121625757909913,0.7068785447716996,0.4575218698084083,0.2853868521378124,9.02475083452395e-07,1.0777836771516808e-07,5.0,0,6.0,0,8.0,0,5.0,0,0.0,1,2022-05-01,2022-04-01,2022-05-01,2022-03-01,2022-05-01,2022-06-18,2022-06-11,persist17w
2022-07-01,0,2022-07-01,expansion,expansion,official,0.7950740573989913,-0.4605275709356329,1,1,2,2,0.4975090069279065,labor_stress,2.7298933180319493,-1.5133855827982725,none,absent,True,0.6594038002411151,0,expansion,0.0,0.15,0.23529411764705882,0,0,4,,4,0,0.04615213415166159,0.01204162145894415,0.5909926417011021,0.8236810471402226,0.3628542939155436,0.16427724689910755,9.302316928077276e-07,8.450172569240444e-08,6.0,0,7.0,0,4.0,0,6.0,0,0.0,1,2022-05-01,2022-05-01,2022-05-01,2022-04-01,2022-05-01,2022-06-25,2022-06-18,persist17w
2022-07-08,0,2022-07-08,slowdown,expansion,official,0.7787592630897733,-0.530742842254155,1,1,2,2,0.4896963067855813,labor_stress,2.647077595598654,-1.608147521369467,none,absent,True,0.25327967598816453,0,expansion,0.0,0.15,0.47058823529411764,0,0,4,,4,0,0.041624317434878204,0.010549702646590478,0.4671466407397206,0.6213649207424662,0.4912281115937083,0.36808524475430165,9.302316928077275e-07,1.3185664170299678e-07,7.0,0,4.0,0,5.0,0,7.0,0,0.0,1,2022-06-01,2022-05-01,2022-05-01,2022-04-01,2022-05-01,2022-07-02,2022-06-25,persist17w
2022-07-15,0,2022-07-15,slowdown,expansion,official,0.6629495352258234,-0.6682766580530093,1,2,1,3,0.5092351273283396,labor_stress,2.560114074135791,-1.5397105104848217,none,absent,True,0.40263730083691435,2,slowdown,0.15,0.15,0.5882352941176471,0,0,4,,4,0,0.038764204717640346,0.006457934054237464,0.34766929537300206,0.29545228892813896,0.6135655826450477,0.6980895897650533,9.172643099483005e-07,1.872525704212869e-07,4.0,0,5.0,0,6.0,0,4.0,0,0.0,1,2022-06-01,2022-05-01,2022-06-01,2022-04-01,2022-06-01,2022-07-09,2022-07-02,persist17w
2022-07-22,0,2022-07-22,slowdown,slowdown,official,0.6395468801628502,-0.6643765941369623,1,2,1,3,0.4974341157243306,labor_stress,2.442579611719592,-1.5226242353481947,none,absent,True,0.5678697024913412,0,slowdown,0.15,0.15,0.6470588235294118,0,0,4,,4,0,0.04068394817547365,0.005496891762378522,0.3157021303883599,0.21331660439752367,0.6436130082250175,0.7811863068888648,9.132111489879057e-07,1.969512330323059e-07,5.0,0,6.0,0,7.0,0,5.0,0,0.0,1,2022-06-01,2022-05-01,2022-06-01,2022-04-01,2022-06-01,2022-07-16,2022-07-09,persist17w
2022-07-29,0,2022-07-29,slowdown,slowdown,official,0.502091107316824,-1.1814446410062387,1,3,1,3,0.43288057937245306,labor_stress,2.297529912234358,-1.7778826156673762,none,absent,True,0.8470289347363996,0,slowdown,0.15076795107425403,0.15076795107425403,0.7058823529411765,0,0,4,,4,0,0.015431850814966378,0.0011104524815243562,0.21233539050531244,0.07593021690070681,0.7722319015957315,0.9229591516371064,8.570839896234863e-07,1.7898066243052916e-07,6.0,0,7.0,0,4.0,0,6.0,0,0.0,1,2022-06-01,2022-06-01,2022-06-01,2022-05-01,2022-06-01,2022-07-23,2022-07-16,persist17w
2022-08-05,0,2022-08-05,slowdown,slowdown,official,0.48772120014434783,-1.0772751931221605,1,3,1,3,0.4165678938285787,labor_stress,2.1810195119997626,-1.720271463583576,none,absent,True,0.8732800596632225,0,slowdown,0.16290952274085918,0.16290952274085918,0.7647058823529411,0,0,4,,4,0,0.018584669293220328,0.0012166967763878843,0.19531563218995326,0.06275153431147516,0.7860988565298448,0.9360315939746977,8.41986981739182e-07,1.7493743936491866e-07,7.0,0,4.0,0,5.0,0,7.0,0,0.0,1,2022-07-01,2022-06-01,2022-06-01,2022-05-01,2022-06-01,2022-07-30,2022-07-23,persist17w
2022-08-12,0,2022-08-12,slowdown,slowdown,official,0.48006342770021926,-1.061990848481829,1,3,1,3,0.41209122815227645,labor_stress,2.141802583098455,-1.6474634066178715,none,absent,True,0.9095758102467973,0,slowdown,0.16937980760915866,0.16937980760915866,0.8235294117647058,0,0,4,,4,0,0.019464971827221657,0.0011233194911714989,0.16031459052783462,0.044650350175312735,0.8202195994831003,0.9542261604221101,8.381618434672255e-07,1.6991140550729238e-07,8.0,0,5.0,0,6.0,0,8.0,0,0.0,1,2022-07-01,2022-06-01,2022-06-01,2022-05-01,2022-06-01,2022-08-06,2022-07-30,persist17w
2022-08-19,0,2022-08-19,slowdown,slowdown,official,0.5000914871535426,-0.6814644866440314,1,2,1,2,0.40349268825669876,labor_stress,2.1426698508799973,-1.4501337462649797,none,absent,True,0.8587690798786594,0,slowdown,0.15242495464738678,0.15239241832112663,0.8823529411764706,0,0,4,,4,0,0.045616356939298365,0.0032106812019182082,0.2077635109109224,0.06901002435766987,0.7466192566353637,0.9277791042363293,8.755144156751993e-07,1.9020408257512715e-07,4.0,0,6.0,0,7.0,0,4.0,0,0.0,1,2022-07-01,2022-06-01,2022-07-01,2022-05-01,2022-07-01,2022-08-13,2022-08-06,persist17w
2022-08-26,0,2022-08-26,slowdown,slowdown,official,0.5234597308654882,-0.5031380374946562,1,1,1,2,0.4107408865126194,labor_stress,2.089592027037918,-1.2952193657059246,none,absent,True,0.8545207775593824,0,slowdown,0.0,0.15,1.0,0,0,4,,4,0,0.06535015210344079,0.004704900776021698,0.21276688276201536,0.07038705750727649,0.7218820432515313,0.9249078350666589,9.218830125349292e-07,2.0665004310725932e-07,5.0,0,7.0,0,4.0,0,5.0,0,0.0,1,2022-07-01,2022-07-01,2022-07-01,2022-06-01,2022-07-01,2022-08-20,2022-08-13,persist17w
2022-09-02,0,2022-09-02,slowdown,slowdown,official,0.5233527012099364,-0.4968868879611709,1,1,1,2,0.41431597141646653,labor_stress,2.1075580963713088,-1.0880717576917602,none,absent,True,0.8751061313824223,0,slowdown,0.0,0.15,1.0,0,0,4,,4,0,0.07173182010444334,0.0047053883842088605,0.20303879534544073,0.06009413534230542,0.7252284543184232,0.9352002667247278,9.302316928077276e-07,2.095487580017086e-07,6.0,0,3.0,0,5.0,0,6.0,0,0.0,1,2022-08-01,2022-07-01,2022-07-01,2022-06-01,2022-07-01,2022-08-27,2022-08-20,persist17w
2022-09-09,0,2022-09-09,slowdown,slowdown,official,0.531936343250714,-0.44214425228634296,1,1,1,2,0.41890080905170185,labor_stress,2.1488588942054543,-0.8399644728689798,none,absent,True,0.8536538140777041,0,slowdown,0.0,0.15,1.0,0,0,4,,4,0,0.07801724137347017,0.005446777672970411,0.2246306205881485,0.0704495963622011,0.6973512078066885,0.9241034104399053,9.302316928077275e-07,2.1552492307469973e-07,7.0,0,4.0,0,6.0,0,7.0,0,0.0,1,2022-08-01,2022-07-01,2022-07-01,2022-06-01,2022-07-01,2022-09-03,2022-08-27,persist17w
2022-09-16,0,2022-09-16,expansion,expansion,official,0.5036293556146965,-0.2057665882906723,2,1,1,2,0.44086679239663634,labor_stress,2.262093253277466,-0.3717092612982988,none,absent,True,0.5859191307850704,0,expansion,0.07965198456392117,0.07965198456392117,0.0,0,0,4,,4,0,0.12000872264565128,0.030893657017106724,0.6299905796805791,0.7775126682790214,0.2499997674420768,0.19159353749395097,9.302316928077276e-07,1.3720992074379247e-07,4.0,0,5.0,0,7.0,0,4.0,0,0.0,1,2022-08-01,2022-07-01,2022-08-01,2022-06-01,2022-08-01,2022-09-10,2022-09-03,persist17w
2022-09-23,0,2022-09-23,expansion,expansion,official,0.5170411517142478,-0.1557262085749476,2,1,1,2,0.4480800250793981,labor_stress,2.3291522337752224,-0.11926199778394153,none,absent,True,0.6973282336960118,0,expansion,0.025556142382273186,0.025556142382273186,0.0,0,0,4,,4,0,0.12561191348521442,0.03543772287677439,0.6243873888410161,0.8309452043078528,0.2499997674420768,0.13361697061184094,9.302316928077276e-07,1.0220353181936184e-07,5.0,0,6.0,0,8.0,0,5.0,0,0.0,1,2022-08-01,2022-07-01,2022-08-01,2022-06-01,2022-08-01,2022-09-17,2022-09-10,persist17w
2022-09-30,0,2022-09-30,expansion,expansion,official,0.47752088504509815,0.460090607054613,1,1,2,2,0.4345892934628206,labor_stress,2.449542536483101,0.278823160662147,none,absent,True,0.7278201422542295,0,expansion,0.0,0.0,0.0,0,0,4,,4,0,0.24046488284434442,0.09966373027621596,0.5808418267804873,0.8274838725304455,0.1786923747318268,0.07285229764832493,9.156433413927861e-07,9.954501357717631e-08,6.0,0,7.0,0,4.0,0,6.0,0,0.0,1,2022-08-01,2022-08-01,2022-08-01,2022-07-01,2022-08-01,2022-09-24,2022-09-17,persist17w
2022-10-07,0,2022-10-07,expansion,expansion,official,0.4727421212687967,0.3181573667775585,1,1,1,2,0.4337009442860445,labor_stress,2.434172625451884,0.4472934204812683,none,absent,False,0.695117811743452,0,expansion,0.0,0.0,0.0,0,0,4,,4,0,0.2131114699807408,0.0845798374493374,0.545476941273204,0.8052689346530557,0.2414106585143624,0.11015112290960369,9.302316928077276e-07,1.0498800318565466e-07,7.0,0,4.0,0,5.0,0,7.0,0,0.0,1,2022-09-01,2022-08-01,2022-08-01,2022-07-01,2022-08-01,2022-10-01,2022-09-24,persist17w
2022-10-14,0,2022-10-14,expansion,expansion,official,0.43308474850464895,0.40182432995135287,1,0,1,1,0.41517554931305484,labor_stress,2.339839082240172,0.315548445972357,none,absent,True,0.7327179322268838,0,expansion,0.0,0.0,0.0,0,0,4,,4,0,0.24087671176414593,0.09884176454415705,0.5698018730721809,0.8315596967710408,0.18932047172358765,0.0695984439896623,9.434400855248219e-07,9.469513976424138e-08,8.0,0,5.0,0,6.0,0,3.0,0,0.0,1,2022-09-01,2022-08-01,2022-08-01,2022-07-01,2022-09-01,2022-10-08,2022-10-01,persist17w
2022-10-21,0,2022-10-21,expansion,expansion,official,0.45381676278565797,0.38113849975972885,1,0,1,1,0.3989323635721758,labor_stress,2.2896493781000027,0.32934347500773314,none,absent,False,0.7528693959812945,0,expansion,0.0,0.0,0.0,0,0,4,,4,0,0.22218907460058154,0.0879241896577355,0.5859240606957247,0.8407935856390301,0.19188595663104258,0.07128213473345267,9.080726511010712e-07,8.996978167603205e-08,4.0,0,6.0,0,7.0,0,4.0,0,0.0,1,2022-09-01,2022-08-01,2022-09-01,2022-07-01,2022-09-01,2022-10-15,2022-10-08,persist17w
2022-10-28,0,2022-10-28,expansion,expansion,official,0.5464656421952985,0.3339450371984155,1,0,1,1,0.420049430219838,labor_stress,2.134493108317022,0.009105041479091733,none,absent,True,0.7785926019493586,0,expansion,0.0,0.0,0.0,0,0,4,,4,0,0.18719150199138948,0.06564454247663724,0.5934697571732813,0.8564739895446952,0.21933783130520984,0.07788138759533658,9.095301194761908e-07,8.038333100281061e-08,5.0,0,7.0,0,4.0,0,5.0,0,0.0,1,2022-09-01,2022-09-01,2022-09-01,2022-08-01,2022-09-01,2022-10-22,2022-10-15,persist17w
2022-11-04,0,2022-11-04,expansion,expansion,official,0.5291147821457393,0.25498815165509997,1,0,1,1,0.4109941486152853,labor_stress,2.052822927920577,-0.28609324988464896,none,absent,True,0.744503273460356,0,expansion,0.0,0.061305696403853346,0.0,0,0,4,,4,0,0.19013130795649796,0.07028091902718744,0.5731815788478696,0.8371111310960104,0.23668616645096666,0.09260785763565432,9.467446658038666e-07,9.224114774974927e-08,6.0,0,3.0,0,5.0,0,6.0,0,0.0,1,2022-10-01,2022-09-01,2022-09-01,2022-08-01,2022-09-01,2022-10-29,2022-10-22,persist17w
2022-11-11,0,2022-11-11,expansion,expansion,official,0.5117164680732195,0.18069610581612888,1,0,1,1,0.40046024601804947,labor_stress,1.9653717984084689,-0.6169422479272112,none,absent,True,0.7419378303817625,0,expansion,0.0,0.13220191027011668,0.0,0,0,4,,4,0,0.1848228578338161,0.06768779614923658,0.5784900289705515,0.8371249702472184,0.2366861664509667,0.09518713986545589,9.467446658038668e-07,9.37380890207583e-08,7.0,0,4.0,0,6.0,0,7.0,0,0.0,1,2022-10-01,2022-09-01,2022-09-01,2022-08-01,2022-09-01,2022-11-05,2022-10-29,persist17w
2022-11-18,0,2022-11-18,expansion,expansion,official,0.47046147352051637,0.002359900818481986,1,1,1,2,0.3959594122618087,labor_stress,1.8616061681601657,-0.9402340989849524,none,absent,False,0.7232643207298266,0,expansion,0.0,0.15,0.0,0,0,4,,4,0,0.16445588960083105,0.058307584453407335,0.5855434127253993,0.8324783199903366,0.2499997674420768,0.10921399926051001,9.302316928077276e-07,9.629574604180435e-08,4.0,0,5.0,0,7.0,0,4.0,0,0.0,1,2022-10-01,2022-09-01,2022-10-01,2022-08-01,2022-10-01,2022-11-12,2022-11-05,persist17w
2022-11-25,0,2022-11-25,expansion,expansion,official,0.44327938647431653,-0.09529758404983138,1,1,1,2,0.3761005177293475,labor_stress,1.7171234404297655,-1.4285215233265192,none,absent,False,0.7378024985983744,0,expansion,0.0,0.1568695621399114,0.0,0,0,4,,4,0,0.15395196035104025,0.05225360853746897,0.5960473419751902,0.8427743993565813,0.2499997674420768,0.10497190075820685,9.302316928077276e-07,9.1347742925169e-08,5.0,0,6.0,0,8.0,0,5.0,0,0.0,1,2022-10-01,2022-09-01,2022-10-01,2022-08-01,2022-10-01,2022-11-19,2022-11-12,persist17w
2022-12-02,0,2022-12-02,expansion,expansion,official,0.40104016474892684,-0.07691896359495072,1,1,2,2,0.3494420817373507,labor_stress,1.6174195516653094,-1.5648329145535393,none,absent,False,0.6981947678687466,0,expansion,0.0,0.15946641313185286,0.0,0,0,4,,4,0,0.18597533918243667,0.06987070572471052,0.5566195328563918,0.8141619790849679,0.25740417017821265,0.11596721121622133,9.577829588026518e-07,1.0397410025570812e-07,6.0,0,3.0,0,4.0,0,6.0,0,0.0,1,2022-11-01,2022-10-01,2022-10-01,2022-09-01,2022-10-01,2022-11-26,2022-11-19,persist17w
2022-12-09,0,2022-12-09,expansion,expansion,official,0.37877745460509793,-0.09323447077422191,1,1,2,2,0.33335861558948027,labor_stress,1.5058686604217464,-1.626117909834612,none,absent,False,0.6971683753229905,0,expansion,0.0,0.16397976396819425,0.0,0,0,4,,4,0,0.1891770613296718,0.07074014326179118,0.5535279796311088,0.8132140642387996,0.25729400166618993,0.11604568891580919,9.573730294555905e-07,1.0358360004772586e-07,7.0,0,4.0,0,5.0,0,7.0,0,0.0,1,2022-11-01,2022-10-01,2022-10-01,2022-09-01,2022-10-01,2022-12-03,2022-11-26,persist17w
2022-12-16,0,2022-12-16,expansion,expansion,official,0.2970903090126082,-0.5084995921317117,1,1,1,2,0.35127668023694336,labor_stress,1.4433353307527843,-1.6352170056923634,none,absent,True,0.5658382332439943,0,expansion,0.0,0.27638347742203523,0.23529411764705882,0,0,4,,4,0,0.10997138090819111,0.03461820044760401,0.5195249877664273,0.7656099617626909,0.37050266484779315,0.1997717285186966,9.664775884696685e-07,1.0927100845592985e-07,4.0,0,5.0,0,6.0,0,4.0,0,0.0,1,2022-11-01,2022-10-01,2022-11-01,2022-09-01,2022-11-01,2022-12-10,2022-12-03,persist17w
2022-12-23,0,2022-12-23,expansion,expansion,official,0.31048009840330126,-0.40450035484629954,1,1,1,2,0.35438850150894563,labor_stress,1.432144146342911,-1.3353805566140458,none,absent,True,0.4062477895848406,0,expansion,0.0,0.24399774671146468,0.35294117647058826,0,0,4,,4,0,0.1281108322436709,0.0414952380662234,0.46814874285234387,0.6823762084770599,0.40373946201078253,0.27612841889221934,9.628932026239283e-07,1.345644973440947e-07,5.0,0,6.0,0,3.0,0,5.0,0,0.0,1,2022-11-01,2022-11-01,2022-11-01,2022-10-01,2022-11-01,2022-12-17,2022-12-10,persist17w
2022-12-30,0,2022-12-30,expansion,expansion,official,0.30393447146065106,-0.38173027586098957,1,1,1,2,0.3476643395207666,labor_stress,1.39359225995312,-1.2523048798206395,none,absent,False,0.5977731298328472,0,expansion,0.0,0.2417224343299893,0.0,0,0,4,,4,0,0.13581387453905122,0.040489609849731496,0.6028813705434015,0.778641691697899,0.2613037826244026,0.18086856186505174,9.7229314464894e-07,1.3658731778794953e-07,6.0,0,7.0,0,4.0,0,6.0,0,0.0,1,2022-11-01,2022-11-01,2022-11-01,2022-10-01,2022-11-01,2022-12-24,2022-12-17,persist17w
2023-01-06,0,2023-01-06,expansion,expansion,official,0.31148829089740276,-0.3607324381714257,1,2,1,3,0.35864847147445483,labor_stress,1.4511673422409284,-0.9874107412338173,none,absent,False,0.48307458211844867,0,expansion,0.27260102230513955,0.23338797628303493,0.0,0,0,4,,4,0,0.13614099594768536,0.03900411733374742,0.5893819139977949,0.7220351509959057,0.27447613535491844,0.23896056887745698,9.54699601234499e-07,1.627928899451041e-07,7.0,0,4.0,0,5.0,0,7.0,0,0.0,1,2022-12-01,2022-11-01,2022-11-01,2022-10-01,2022-11-01,2022-12-31,2022-12-24,persist17w
2023-01-13,0,2023-01-13,expansion,expansion,official,0.31428646629837154,-0.31860721467468844,1,2,1,3,0.3603073512932833,labor_stress,1.4629205356246213,-0.7776185901118425,none,absent,False,0.6061823046703165,0,expansion,0.2660119439753967,0.222574083133314,0.0,0,0,4,,4,0,0.14459754892396307,0.0436820303803617,0.5810888532105121,0.7812500747763556,0.2743126437345901,0.17506777010603905,9.541309347290092e-07,1.2473724368665355e-07,8.0,0,5.0,0,6.0,0,8.0,0,0.0,1,2022-12-01,2022-11-01,2022-11-01,2022-10-01,2022-11-01,2023-01-07,2022-12-31,persist17w
2023-01-20,0,2023-01-20,slowdown,slowdown,official,0.15530933523296137,-0.7563712608270844,1,3,1,4,0.38628540279453727,labor_stress,1.5360289414344128,-0.3970356793507204,watch,preliminary,True,0.5915561527146301,0,slowdown,0.3788534926873213,0.3788534926873213,0.5882352941176471,0,0,4,,4,0,0.0801136630122554,0.011400844453040584,0.30100182016299987,0.19852140100255455,0.6188836360874554,0.7900775537171847,8.807372893487823e-07,2.008272201749311e-07,4.0,0,6.0,0,7.0,0,4.0,0,0.0,1,2022-12-01,2022-11-01,2022-12-01,2022-10-01,2022-12-01,2023-01-14,2023-01-07,persist17w
2023-01-27,0,2023-01-27,slowdown,slowdown,official,0.11895286025050456,-0.865518840151854,2,3,1,4,0.3745098710551223,labor_stress,1.6346682738403138,-0.038074444681671496,none,absent,True,0.7456144320760787,0,slowdown,0.3326519197009571,0.3326519197009571,0.6470588235294118,0,0,4,,4,0,0.06740957971944346,0.006872729978507702,0.2600293472667237,0.12375631960108185,0.672560201249164,0.8693707516771605,8.717646687658557e-07,1.987432498998972e-07,5.0,0,7.0,0,4.0,0,5.0,0,0.0,1,2022-12-01,2022-12-01,2022-12-01,2022-11-01,2022-12-01,2023-01-21,2023-01-14,persist17w
2023-02-03,0,2023-02-03,slowdown,slowdown,official,0.1555879049694848,-0.6539114981129686,2,2,1,3,0.37542329069932623,labor_stress,1.7074234316284556,0.28923668960097354,none,absent,True,0.7032600437918812,0,slowdown,0.2838756358552474,0.2742122252135385,0.7058823529411765,0,0,4,,4,0,0.09952825623590655,0.011536249583914186,0.27808387930806056,0.14260174581041804,0.6223869719828675,0.8458617896022993,8.924731654253953e-07,2.150033684638971e-07,6.0,0,3.0,0,5.0,0,6.0,0,0.0,1,2023-01-01,2022-12-01,2022-12-01,2022-11-01,2022-12-01,2023-01-28,2023-01-21,persist17w
2023-02-10,0,2023-02-10,slowdown,slowdown,official,0.15563855619720562,-0.6321026374485627,2,2,1,3,0.3748100923694517,labor_stress,1.6959059449241214,0.3795750047349678,none,absent,True,0.7593984705252625,0,slowdown,0.27926223453706095,0.2650282193401505,0.7647058823529411,0,0,4,,4,0,0.10362639472921571,0.010918041611030717,0.2526595727645171,0.1148416368792442,0.6437131413269025,0.8742401074045067,8.911793646464816e-07,2.1410521835708794e-07,7.0,0,4.0,0,6.0,0,7.0,0,0.0,1,2023-01-01,2022-12-01,2022-12-01,2022-11-01,2022-12-01,2023-02-04,2023-01-28,persist17w
2023-02-17,0,2023-02-17,expansion,expansion,official,0.1863674216994346,-0.07019344264880911,1,1,1,2,0.4253725147115908,labor_stress,1.6517839509187762,0.2994464014832525,none,absent,False,0.6226712078700553,0,expansion,0.0,0.026827181364431275,0.0,0,0,4,,4,0,0.23909997939954197,0.10624067292760725,0.5108993229266885,0.7582152044443631,0.2499997674420768,0.1355439965743078,9.302316928077276e-07,1.260537219568545e-07,4.0,0,5.0,0,7.0,0,4.0,0,0.0,1,2023-01-01,2022-12-01,2023-01-01,2022-11-01,2023-01-01,2023-02-11,2023-02-04,persist17w
2023-02-24,0,2023-02-24,expansion,expansion,official,0.3178466065147209,-0.047261814651577125,1,1,1,2,0.5107101970848381,labor_stress,1.6074194812474643,0.3237696962723482,none,absent,False,0.6909036442585927,0,expansion,0.0,0.010562457484038654,0.0,0,0,4,,4,0,0.19981877511611865,0.07607615634148003,0.5501805272101118,0.8074136918825325,0.2499997674420768,0.11651004762393985,9.302316928077276e-07,1.0415204763904806e-07,5.0,0,6.0,0,3.0,0,5.0,0,0.0,1,2023-01-01,2023-01-01,2023-01-01,2022-12-01,2023-01-01,2023-02-18,2023-02-11,persist17w
2023-03-03,0,2023-03-03,expansion,expansion,official,0.3095597294519964,-0.0818451386269782,1,1,1,2,0.5019120804272948,labor_stress,1.556885013104091,0.1496875568935836,none,absent,False,0.6994820938646952,0,expansion,0.0,0.019110087894327315,0.0,0,0,4,,4,0,0.19483238297650918,0.07476249428182495,0.5551669193497213,0.8123597485884178,0.2499997674420768,0.11287765472372262,9.302316928077276e-07,1.0240603469311331e-07,6.0,0,7.0,0,4.0,0,6.0,0,0.0,1,2023-01-01,2023-01-01,2023-01-01,2022-12-01,2023-01-01,2023-02-25,2023-02-18,persist17w
2023-03-10,0,2023-03-10,expansion,expansion,official,0.29119532184270003,-0.10531121999670685,1,1,1,2,0.4882356785160256,labor_stress,1.4696312798576499,-0.03348988880424432,none,absent,False,0.7005652212433549,0,expansion,0.0,0.03410000272600442,0.0,0,0,4,,4,0,0.19528171555046508,0.0756962387135265,0.5547175867757653,0.8124344400864385,0.2499997674420768,0.11186921884308364,9.302316928077276e-07,1.0235695127215066e-07,7.0,0,4.0,0,5.0,0,7.0,0,0.0,1,2023-02-01,2023-01-01,2023-01-01,2022-12-01,2023-01-01,2023-03-04,2023-02-25,persist17w
2023-03-17,0,2023-03-17,expansion,expansion,official,0.2508614091097778,0.49474396793931685,1,0,1,1,0.48707360631561514,labor_stress,1.4664938567586239,-0.1585827137585802,none,absent,True,0.7318202565351114,0,expansion,0.0,0.03398201009112433,0.0,0,0,4,,4,0,0.261173338869111,0.10937748140856778,0.5855022147777125,0.8411977379436791,0.15332350542450504,0.049424691654072435,9.409286716075966e-07,8.899368068142301e-08,4.0,0,5.0,0,6.0,0,4.0,0,0.0,1,2023-02-01,2023-01-01,2023-02-01,2022-12-01,2023-02-01,2023-03-11,2023-03-04,persist17w
2023-03-24,0,2023-03-24,expansion,expansion,official,0.2526802265876621,0.44116361546867433,1,0,1,1,0.4783998973051066,labor_stress,1.4440778094860798,-0.4259576640059698,none,absent,True,0.7164497725094783,0,expansion,0.0,0.09127664228699353,0.0,0,0,4,,4,0,0.26165813586130227,0.11317445520307852,0.5677797992985345,0.8296242277125568,0.17056112270886828,0.057201224181294426,9.42131294950577e-07,9.29030701640048e-08,5.0,0,6.0,0,7.0,0,5.0,0,0.0,1,2023-02-01,2023-01-01,2023-02-01,2022-12-01,2023-02-01,2023-03-18,2023-03-11,persist17w
2023-03-31,0,2023-03-31,expansion,expansion,official,0.2649800955700311,0.3671376152032185,1,1,2,1,0.4501120666484891,labor_stress,1.3852589450516475,-0.6634007877926447,none,absent,False,0.6714348233750795,0,expansion,0.0,0.14215731166985243,0.0,0,0,4,,4,0,0.262856902530832,0.12516047044835407,0.5301761944931465,0.7965952938234336,0.20696598869114327,0.07824413291513277,9.142848783681113e-07,1.028130794078295e-07,6.0,0,7.0,0,4.0,0,6.0,0,0.0,1,2023-02-01,2023-02-01,2023-02-01,2023-01-01,2023-02-01,2023-03-25,2023-03-18,persist17w
2023-04-07,0,2023-04-07,expansion,expansion,official,0.11828455235164079,0.046617333189269194,1,2,2,2,0.37384913711912005,real_income,0.6684294086053975,-1.45300850019949,none,absent,False,0.560053813629028,0,expansion,0.31252889189915767,0.15,0.0,0,0,4,,4,0,0.2674416116822217,0.14708163932235316,0.4651158464038639,0.7071354529513811,0.2674416116822217,0.14578276514964086,9.302316928077276e-07,1.4257662486252913e-07,7.0,0,4.0,0,5.0,0,7.0,0,0.0,1,2023-03-01,2023-02-01,2023-02-01,2023-01-01,2023-02-01,2023-04-01,2023-03-25,persist17w
2023-04-14,0,2023-04-14,expansion,expansion,official,0.14197787827435474,-0.5338136186299204,1,3,1,3,0.3020488537657013,real_income,0.6161517991835984,-1.336196458141166,watch,preliminary,True,0.40561820447617586,0,expansion,0.4188291031312159,0.38261963422784095,0.29411764705882354,0,0,4,,4,0,0.11831517374368464,0.038104734881250185,0.46705865779001976,0.6837566737243458,0.4146252772083377,0.27813846924816993,8.912579578285349e-07,1.2214623406852215e-07,4.0,0,5.0,0,6.0,0,4.0,0,0.0,1,2023-03-01,2023-02-01,2023-03-01,2023-01-01,2023-03-01,2023-04-08,2023-04-01,persist17w
2023-04-21,0,2023-04-21,expansion,expansion,official,0.13820639667866183,-0.49796315670256375,1,3,1,3,0.3025470588357176,real_income,0.5864279483766388,-1.1666046816390758,none,absent,True,0.29227772695753085,0,expansion,0.41374460529165946,0.36926399902950435,0.35294117647058826,0,0,4,,4,0,0.12653342828195535,0.040765484846752055,0.43927200181567944,0.6257560522928565,0.4341936802999983,0.3334783253353256,8.89602366903089e-07,1.3752506589498476e-07,5.0,0,6.0,0,7.0,0,5.0,0,0.0,1,2023-03-01,2023-02-01,2023-03-01,2023-01-01,2023-03-01,2023-04-15,2023-04-08,persist17w
2023-04-28,0,2023-04-28,slowdown,expansion,official,0.05832619757340549,-0.5432817637412573,2,2,1,3,0.253588924489228,real_income,0.6002021734244972,-0.9305240924654188,watch,preliminary,True,0.18346952506884034,0,expansion,0.48365990128152336,0.44160138102964197,0.4117647058823529,0,0,4,,4,0,0.13743771127948862,0.044199939679845354,0.41423103132566064,0.5696347144056424,0.4483303447734739,0.38616518933680205,9.126213769263999e-07,1.5657771010613375e-07,6.0,0,7.0,0,4.0,0,5.0,0,0.0,1,2023-03-01,2023-03-01,2023-03-01,2023-02-01,2023-03-01,2023-04-22,2023-04-15,persist17w
2023-05-05,0,2023-05-05,slowdown,expansion,official,0.044126625547251955,-0.5791153254938679,2,2,1,3,0.2584132295955601,real_income,0.5607718121162837,-0.7603315271189662,watch,preliminary,False,0.009509865102432902,0,expansion,0.5042382638916905,0.4707604559296674,0.47058823529411764,0,0,4,,4,0,0.1318060086162943,0.03896258596177542,0.38628338825559616,0.48527355249362847,0.48190969293680974,0.47576368739119557,9.101912999416784e-07,1.7415340058366455e-07,7.0,0,3.0,0,5.0,0,6.0,0,0.0,1,2023-04-01,2023-03-01,2023-03-01,2023-02-01,2023-03-01,2023-04-29,2023-04-22,persist17w
2023-05-12,0,2023-05-12,slowdown,expansion,official,0.035084507841980694,-0.5796689712751416,2,2,1,3,0.2607631804382575,real_income,0.4822618539339838,-0.763099756025335,watch,preliminary,True,0.15471115632709093,1,slowdown,0.511374890669924,0.4773937491983805,0.5294117647058824,0,0,4,,4,0,0.13350006358513042,0.036857050390785365,0.3587171676240038,0.4042158010771831,0.5077818600509701,0.558926957404274,9.087398955951587e-07,1.9112775766999182e-07,8.0,0,4.0,0,6.0,0,7.0,0,0.0,1,2023-04-01,2023-03-01,2023-03-01,2023-02-01,2023-03-01,2023-05-06,2023-04-29,persist17w
2023-05-19,0,2023-05-19,slowdown,expansion,official,0.04086987019794439,-0.3918616884536402,2,2,1,3,0.2564922467250574,real_income,0.50702249884,-0.46700109090166986,none,absent,True,0.1916298790056381,2,slowdown,0.4045979732131855,0.3186564805796157,0.5882352941176471,0,0,4,,4,0,0.18123336316024688,0.05479924650694326,0.34761318597645974,0.3767853303286228,0.4711525365709691,0.5684152093342609,9.142923242819621e-07,2.1383017286920715e-07,4.0,0,5.0,0,7.0,0,4.0,0,0.0,1,2023-04-01,2023-03-01,2023-04-01,2023-02-01,2023-04-01,2023-05-13,2023-05-06,persist17w
2023-05-26,0,2023-05-26,expansion,expansion,official,-0.07955918312687489,-0.2583551967289625,2,2,2,3,0.32879764139602724,real_income,0.6488126074737899,0.009958377693223391,none,absent,False,0.5260573249218359,0,expansion,0.3369453475355346,0.18166872125611527,0.0,0,0,4,,4,0,0.2457140610614299,0.11220386607239102,0.4914281221228597,0.7069266546323495,0.262856902530832,0.18086932971051356,9.142848783681113e-07,1.495847458673397e-07,5.0,0,6.0,0,3.0,0,5.0,0,0.0,1,2023-04-01,2023-04-01,2023-04-01,2023-03-01,2023-04-01,2023-05-20,2023-05-13,persist17w
2023-06-02,0,2023-06-02,expansion,expansion,official,-0.06834217523640387,-0.1323375242477457,2,1,2,2,0.3243222617078724,real_income,0.6655136490565488,0.006625195662344212,none,absent,False,0.6541211915075318,0,expansion,0.007479566378222559,0.0912645663501012,0.0,0,0,4,,4,0,0.24157281656376045,0.11024149032605725,0.5168534679968827,0.7719397930487598,0.24157281656376045,0.11781860154122809,8.988755965163179e-07,1.1508395499453534e-07,6.0,0,3.0,0,4.0,0,6.0,0,0.0,1,2023-05-01,2023-04-01,2023-04-01,2023-03-01,2023-04-01,2023-05-27,2023-05-20,persist17w
2023-06-09,0,2023-06-09,expansion,expansion,official,-0.07935229715806787,-0.14292251225880442,2,1,2,2,0.32871397996031443,real_income,0.5836155759248458,-0.047605851261185377,none,absent,False,0.6606811911010209,0,expansion,0.019061688260352712,0.11066499330503013,0.0,0,0,4,,4,0,0.2415728165637604,0.11093518188407364,0.5168534679968828,0.7748729480576578,0.2415728165637604,0.11419175695663696,8.988755965163177e-07,1.131016316622288e-07,7.0,0,4.0,0,5.0,0,7.0,0,0.0,1,2023-05-01,2023-04-01,2023-04-01,2023-03-01,2023-04-01,2023-06-03,2023-05-27,persist17w
2023-06-16,0,2023-06-16,expansion,expansion,official,-0.11232378247837312,-0.03473200906074918,2,1,1,2,0.3362199946633492,real_income,0.47742051360847054,-0.1862853844616079,none,absent,False,0.631819178949709,0,expansion,0.049915542992767306,0.0657145427795228,0.0,0,0,4,,4,0,0.2499997674420768,0.12149085431263376,0.49999953488415355,0.7551641001363817,0.2499997674420768,0.12334492118667267,9.302316928077276e-07,1.2436431198159462e-07,4.0,0,5.0,0,6.0,0,4.0,0,0.0,1,2023-05-01,2023-04-01,2023-05-01,2023-03-01,2023-05-01,2023-06-10,2023-06-03,persist17w
2023-06-23,0,2023-06-23,expansion,expansion,official,-0.12372797119188228,-0.0767236902677079,2,1,1,2,0.339400112099486,real_income,0.38503308609253695,-0.403509853765719,none,absent,False,0.6329700062274178,0,expansion,0.09856663315883059,0.14450694016686552,0.0,0,0,4,,4,0,0.2499997674420768,0.12177949229587509,0.4999995348841536,0.7555951949298767,0.2499997674420768,0.12262518870245889,9.302316928077276e-07,1.2407178945170872e-07,5.0,0,6.0,0,7.0,0,5.0,0,0.0,1,2023-05-01,2023-04-01,2023-05-01,2023-03-01,2023-05-01,2023-06-17,2023-06-10,persist17w
2023-06-30,0,2023-06-30,expansion,expansion,official,-0.13583400614709076,-0.23650437812192018,2,1,0,2,0.302544291019056,real_income,0.37528405905718293,-0.339908632615889,none,absent,False,0.6577897502520169,0,expansion,0.09066658798153249,0.25520618589413147,0.0,0,0,4,,4,0,0.2285712195920278,0.10314730262953124,0.5257138050616639,0.7773211656246127,0.2457140610614299,0.11953141537259579,9.142848783681113e-07,1.1637326029899838e-07,6.0,0,7.0,0,4.0,0,6.0,0,0.0,1,2023-05-01,2023-05-01,2023-05-01,2023-04-01,2023-05-01,2023-06-24,2023-06-17,persist17w
2023-07-07,0,2023-07-07,expansion,expansion,official,-0.13338989067391074,-0.2825374938879943,2,2,0,3,0.3004589549469289,real_income,0.4245369208986605,-0.26876656459728543,none,absent,False,0.6037759399821853,0,expansion,0.43496104676661446,0.27462408224565826,0.0,0,0,4,,4,0,0.23255792320193194,0.10816235076030799,0.49999953488415355,0.7478067303404898,0.2674416116822217,0.1440307903583046,9.302316928077276e-07,1.2854089741438592e-07,7.0,0,4.0,0,5.0,0,7.0,0,0.0,1,2023-06-01,2023-05-01,2023-05-01,2023-04-01,2023-05-01,2023-07-01,2023-06-24,persist17w
2023-07-14,0,2023-07-14,expansion,expansion,official,-0.1099105569185723,-0.2803147661413151,2,2,0,3,0.2870980064897474,real_income,0.49048252734487174,-0.25765292586388927,none,absent,False,0.610422276737156,0,expansion,0.4178345156959807,0.26259091739109314,0.0,0,0,4,,4,0,0.23255792320193194,0.10742292282072669,0.49999953488415355,0.7514996138970117,0.2674416116822217,0.14107733715985568,9.302316928077276e-07,1.2612240575686302e-07,8.0,0,5.0,0,6.0,0,8.0,0,0.0,1,2023-06-01,2023-05-01,2023-05-01,2023-04-01,2023-05-01,2023-07-08,2023-07-01,persist17w
2023-07-21,0,2023-07-21,expansion,expansion,official,-0.16351947390791757,-0.41588002290574533,2,2,0,4,0.31004220080394074,real_income,0.5718683057176056,-0.09012571310116212,none,absent,True,0.2723351780735734,0,expansion,0.46818541689413457,0.35389560362329303,0.29411764705882354,0,0,4,,4,0,0.23785039098042532,0.12382642704918458,0.38956794176304493,0.5742542829034998,0.3725807158549657,0.3019191048299264,9.514015639217013e-07,1.8521738928764497e-07,4.0,0,6.0,0,7.0,0,4.0,0,0.0,1,2023-06-01,2023-05-01,2023-06-01,2023-04-01,2023-06-01,2023-07-15,2023-07-08,persist17w
2023-07-28,0,2023-07-28,expansion,expansion,official,-0.057797378303870085,-0.014491368928278677,2,2,2,4,0.3023902252250379,real_income,0.6144721291658933,-0.0305901542157521,none,absent,False,0.5569989674221791,0,expansion,0.24837706765171655,0.0163643392767934,0.0,0,0,4,,4,0,0.2674416116822217,0.14740343086298588,0.4651158464038639,0.7047976962430145,0.2674416116822217,0.14779872882083533,9.302316928077276e-07,1.4407316426775895e-07,5.0,0,7.0,0,4.0,0,5.0,0,0.0,1,2023-06-01,2023-06-01,2023-06-01,2023-05-01,2023-06-01,2023-07-22,2023-07-15,persist17w
2023-08-04,0,2023-08-04,expansion,expansion,official,-0.04977916573565786,-0.03675867298407785,2,2,2,4,0.2984972708112967,real_income,0.6685179139423347,0.23093002233021293,none,absent,False,0.5570651358380734,0,expansion,0.24579318227105343,0.02452643325452309,0.0,0,0,4,,4,0,0.2674416116822217,0.1475071777715462,0.4651158464038639,0.7047789069906674,0.2674416116822217,0.14771377115259393,9.302316928077276e-07,1.4408519240414779e-07,6.0,0,3.0,0,5.0,0,6.0,0,0.0,1,2023-07-01,2023-06-01,2023-06-01,2023-05-01,2023-06-01,2023-07-29,2023-07-22,persist17w
2023-08-11,0,2023-08-11,expansion,expansion,official,-0.040327917615150845,-0.007379330617176394,2,2,2,4,0.2937735498847385,real_income,0.6389950819677743,0.37782673416472023,none,absent,False,0.5571022823903322,0,expansion,0.2319568999346743,0.0067166983927655,0.0,0,0,4,,4,0,0.2674416116822217,0.14756142686557241,0.46511584640386383,0.7047703557170466,0.2674416116822217,0.14766807332671444,9.302316928077276e-07,1.440906665913858e-07,7.0,0,4.0,0,6.0,0,7.0,0,0.0,1,2023-07-01,2023-06-01,2023-06-01,2023-05-01,2023-06-01,2023-08-05,2023-07-29,persist17w
2023-08-18,0,2023-08-18,expansion,expansion,official,0.05372339724570989,0.4398654180737423,2,1,2,3,0.27840506690532413,real_income,0.6004367866213417,0.4776959444381661,none,absent,True,0.6234304029687122,0,expansion,0.0,0.0,0.0,0,0,4,,4,0,0.29261694162548985,0.151524115679458,0.5246448891802739,0.7749545186481702,0.18273722011172094,0.07352124769308974,9.490825153690549e-07,1.1797928201177031e-07,4.0,0,5.0,0,7.0,0,4.0,0,0.0,1,2023-07-01,2023-06-01,2023-07-01,2023-05-01,2023-07-01,2023-08-12,2023-08-05,persist17w
2023-08-25,0,2023-08-25,expansion,expansion,official,0.044272648368488675,0.41985470497018945,2,1,2,3,0.2824193352805348,real_income,0.55297737743754,0.379000355537819,none,absent,True,0.6085312339672632,0,expansion,0.0,0.0,0.0,0,0,4,,4,0,0.2991708988948709,0.15880918418465792,0.5128148834503946,0.7673404181519211,0.1880132697951784,0.07385027968301928,9.478595561108122e-07,1.179804018041858e-07,5.0,0,6.0,0,8.0,0,5.0,0,0.0,1,2023-07-01,2023-06-01,2023-07-01,2023-05-01,2023-07-01,2023-08-19,2023-08-12,persist17w
2023-09-01,0,2023-09-01,expansion,expansion,official,0.013263213890145353,0.19507183955080412,2,1,2,3,0.28863071678164814,real_income,0.523226261225192,0.2514685086150794,none,absent,False,0.5666543244163831,0,expansion,0.0,0.0,0.0,0,0,4,,4,0,0.2721890914186117,0.15076071669511198,0.47337233290193337,0.717415041111495,0.2544376289347892,0.13182410072274972,9.467446658038668e-07,1.4147064328868327e-07,6.0,0,3.0,0,4.0,0,6.0,0,0.0,1,2023-08-01,2023-07-01,2023-07-01,2023-06-01,2023-07-01,2023-08-26,2023-08-19,persist17w
2023-09-08,0,2023-09-08,expansion,expansion,official,0.03278625568820277,0.1970350843775015,2,1,2,3,0.28025397043417816,real_income,0.6022223344391685,0.26128473274856634,none,absent,False,0.5666586563724999,0,expansion,0.0,0.0,0.0,0,0,4,,4,0,0.27218909141861164,0.15078343015957496,0.4733723329019333,0.7174420865320749,0.25443762893478916,0.13177434185708684,9.467446658038666e-07,1.4145126340905274e-07,7.0,0,4.0,0,5.0,0,7.0,0,0.0,1,2023-08-01,2023-07-01,2023-07-01,2023-06-01,2023-07-01,2023-09-02,2023-08-26,persist17w
2023-09-15,0,2023-09-15,expansion,expansion,official,0.06525990468617975,0.22171171022914288,2,1,2,3,0.24769158142777442,real_income,0.6433964630296781,0.1790927459706856,none,absent,False,0.6328858394060423,0,expansion,0.0,0.0,0.0,0,0,4,,4,0,0.2499997674420768,0.12252459117185875,0.4999995348841536,0.755410430577901,0.2499997674420768,0.12206485405307749,9.302316928077276e-07,1.2419716265613646e-07,4.0,0,5.0,0,6.0,0,4.0,0,0.0,1,2023-08-01,2023-07-01,2023-08-01,2023-06-01,2023-08-01,2023-09-09,2023-09-02,persist17w
2023-09-22,0,2023-09-22,expansion,expansion,official,0.08962264024588026,0.23845759124888052,2,1,2,3,0.23759207112034336,real_income,0.7278212982830236,0.25738551304177226,none,absent,False,0.6334499130716049,0,expansion,0.0,0.0,0.0,0,0,4,,4,0,0.2499997674420768,0.12225321316061682,0.4999995348841536,0.7557031262322218,0.2499997674420768,0.1220435366086096,9.302316928077276e-07,1.2399855187590802e-07,5.0,0,6.0,0,7.0,0,5.0,0,0.0,1,2023-08-01,2023-07-01,2023-08-01,2023-06-01,2023-08-01,2023-09-16,2023-09-09,persist17w
2023-09-29,0,2023-09-29,expansion,expansion,official,0.17089631157534313,0.29486919476629614,2,1,2,3,0.2353897256019974,real_income,0.8013337098341231,0.2963903030830084,none,absent,False,0.6475180613189204,0,expansion,0.0,0.0,0.0,0,0,4,,4,0,0.24999976744207678,0.12011742134908258,0.5102804534003503,0.767635482668003,0.23971884892588005,0.11224697636963858,9.302316928077275e-07,1.1961327593308783e-07,6.0,0,7.0,0,4.0,0,6.0,0,0.0,1,2023-08-01,2023-08-01,2023-08-01,2023-07-01,2023-08-01,2023-09-23,2023-09-16,persist17w
2023-10-06,0,2023-10-06,expansion,expansion,official,0.18839083218297986,0.43293095578723245,2,0,2,2,0.2297578216737677,real_income,0.8274580687287447,0.40605646162279113,none,absent,True,0.7235399082067486,0,expansion,0.0,0.0,0.0,0,0,4,,4,0,0.2557295731287419,0.10921332917158379,0.5783901838704847,0.8327532373783324,0.16587933628547624,0.058033342204224465,9.067152972632916e-07,9.124585929364922e-08,7.0,0,4.0,0,5.0,0,7.0,0,0.0,1,2023-09-01,2023-08-01,2023-08-01,2023-07-01,2023-08-01,2023-09-30,2023-09-23,persist17w
2023-10-13,0,2023-10-13,expansion,expansion,official,0.20345208487294894,0.4363570755547828,2,0,2,2,0.23122932174210287,employment,0.8326213907083142,0.4756146511179691,none,absent,True,0.7235668816763157,0,expansion,0.0,0.0,0.0,0,0,4,,4,0,0.2565078670799942,0.10974995425432679,0.5789130032429844,0.8333168359306424,0.16457822308421755,0.056933119059387145,9.06592803976595e-07,9.075564359846014e-08,8.0,0,5.0,0,6.0,0,8.0,0,0.0,1,2023-09-01,2023-08-01,2023-08-01,2023-07-01,2023-08-01,2023-10-07,2023-09-30,persist17w
2023-10-20,0,2023-10-20,expansion,expansion,official,0.22985583637403545,0.24850818750172315,1,0,1,1,0.25019898927089174,employment,0.7943250378976812,0.4928893408389599,none,absent,False,0.6742558472822755,0,expansion,0.0,0.0,0.0,0,0,4,,4,0,0.2457140610614299,0.11305856879438117,0.525713805061664,0.7873144160766566,0.2285712195920278,0.09962690567759974,9.142848783681113e-07,1.0945136248837112e-07,4.0,0,6.0,0,7.0,0,4.0,0,0.0,1,2023-09-01,2023-08-01,2023-09-01,2023-07-01,2023-09-01,2023-10-14,2023-10-07,persist17w
2023-10-27,0,2023-10-27,expansion,expansion,official,0.21527512485118222,0.19818870723938303,1,0,1,1,0.2557247379430346,employment,0.7163531438677287,0.38875175813291096,none,absent,False,0.6740044670680964,0,expansion,0.0,0.0,0.0,0,0,4,,4,0,0.2457140610614299,0.11308660300223597,0.5257138050616639,0.7870910700703323,0.2285712195920278,0.09982221731579677,9.142848783681113e-07,1.096116350435664e-07,5.0,0,7.0,0,4.0,0,5.0,0,0.0,1,2023-09-01,2023-09-01,2023-09-01,2023-08-01,2023-09-01,2023-10-21,2023-10-14,persist17w
2023-11-03,0,2023-11-03,expansion,expansion,official,0.18254032670450085,0.07302366165983872,1,1,1,2,0.2505713530971275,real_income,0.623749516548028,0.052305216632946516,none,absent,False,0.6340478178879525,0,expansion,0.0,0.0,0.0,0,0,4,,4,0,0.2499997674420768,0.12202297673738208,0.4999995348841536,0.7560707946253346,0.2499997674420768,0.1219061048882155,9.302316928077276e-07,1.2374906779459834e-07,6.0,0,3.0,0,5.0,0,6.0,0,0.0,1,2023-10-01,2023-09-01,2023-09-01,2023-08-01,2023-09-01,2023-10-28,2023-10-21,persist17w
2023-11-10,0,2023-11-10,expansion,expansion,official,0.1714498455177115,0.020379839987690107,1,1,1,2,0.2599281046942171,employment,0.5391316452196455,-0.2099412244287162,none,absent,False,0.6339619427137514,0,expansion,0.0,0.04498740523472491,0.0,0,0,4,,4,0,0.2499997674420768,0.1220304067527751,0.4999995348841536,0.7559923494665265,0.2499997674420768,0.12197711997840109,9.302316928077276e-07,1.2380229733171664e-07,7.0,0,4.0,0,6.0,0,7.0,0,0.0,1,2023-10-01,2023-09-01,2023-09-01,2023-08-01,2023-09-01,2023-11-04,2023-10-28,persist17w
2023-11-17,0,2023-11-17,expansion,expansion,official,0.03247575975511743,-0.4335329411775371,1,2,0,3,0.32048990126544913,employment,0.38871148911357856,-0.6826693963926849,watch,preliminary,True,0.6205446644218924,0,expansion,0.4681774644138057,0.39250838684896716,0.058823529411764705,0,0,4,,4,0,0.1811014017648872,0.07378132436992982,0.5192034897344041,0.7733816106639878,0.29969414759221064,0.15283694624209543,9.609084981012136e-07,1.1872398699488412e-07,4.0,0,5.0,0,7.0,0,4.0,0,0.0,1,2023-10-01,2023-09-01,2023-10-01,2023-08-01,2023-10-01,2023-11-11,2023-11-04,persist17w
2023-11-24,0,2023-11-24,expansion,expansion,official,0.027859298216133376,-0.47352695382736254,1,2,0,3,0.3235401768530486,employment,0.3635544651167978,-0.8826394596418121,watch,preliminary,True,0.5841471766783408,0,expansion,0.48651793335930404,0.4215750351914842,0.11764705882352941,0,0,4,,4,0,0.17060809727753778,0.06739691768732227,0.5043888578028114,0.7583750693619031,0.325002087312185,0.17422789268356237,9.57607465786597e-07,1.2026721218329007e-07,5.0,0,6.0,0,8.0,0,5.0,0,0.0,1,2023-10-01,2023-09-01,2023-10-01,2023-08-01,2023-10-01,2023-11-18,2023-11-11,persist17w
2023-12-01,0,2023-12-01,expansion,expansion,official,0.1063593871166286,-0.209376241664912,1,2,2,3,0.393935069274798,employment,0.3177895245877514,-1.0026023475309493,none,absent,False,0.5848791814190348,0,expansion,0.3676876010793918,0.2502414835197521,0.0,0,0,4,,4,0,0.2467238447332447,0.12694152344647308,0.485084776520005,0.7289687607693334,0.26819044591041674,0.1440895793502985,9.328363336014496e-07,1.364338951325374e-07,6.0,0,7.0,0,4.0,0,6.0,0,0.0,1,2023-10-01,2023-10-01,2023-10-01,2023-09-01,2023-10-01,2023-11-25,2023-11-18,persist17w
2023-12-08,0,2023-12-08,expansion,expansion,official,0.09455022293214452,-0.26840447507370724,1,2,2,3,0.38883246126554044,employment,0.2930540987894136,-1.0647553802806555,none,absent,False,0.606405885533932,0,expansion,0.388719755156251,0.2823278696488071,0.0,0,0,4,,4,0,0.23326397277547362,0.11147575209995174,0.4980581458584515,0.7474650022627944,0.26867694683756427,0.14105911672886245,9.345285107393541e-07,1.289083913133685e-07,7.0,0,4.0,0,5.0,0,7.0,0,0.0,1,2023-11-01,2023-10-01,2023-10-01,2023-09-01,2023-10-01,2023-12-02,2023-11-25,persist17w
2023-12-15,0,2023-12-15,expansion,expansion,official,0.10261399039003134,-0.3278852982104724,1,2,2,3,0.38443213691478795,employment,0.3616131280370882,-0.8396132067859021,none,absent,False,0.6418974225564018,0,expansion,0.3983799055340508,0.3084614928091818,0.0,0,0,4,,4,0,0.21268194889403452,0.08813571090654743,0.5178962392953264,0.7768807982009817,0.26942087469455334,0.1349833756445799,9.371160858940985e-07,1.1524789106187491e-07,4.0,0,5.0,0,6.0,0,4.0,0,0.0,1,2023-11-01,2023-10-01,2023-11-01,2023-09-01,2023-11-01,2023-12-09,2023-12-02,persist17w
2023-12-22,0,2023-12-22,expansion,expansion,official,0.09274146157268601,-0.13153345917247294,0,2,1,2,0.3771087296918655,employment,0.35860809449110465,-0.6799323750227573,none,absent,False,0.5697069703542501,0,expansion,0.35158743052637703,0.2108351482507292,0.0,0,0,4,,4,0,0.25443762893478916,0.1264300529166531,0.4733723329019333,0.721638389447293,0.27218909141861164,0.15193141909304284,9.467446658038666e-07,1.385430110152862e-07,5.0,0,6.0,0,3.0,0,5.0,0,0.0,1,2023-11-01,2023-11-01,2023-11-01,2023-10-01,2023-11-01,2023-12-16,2023-12-09,persist17w
2023-12-29,0,2023-12-29,expansion,expansion,official,0.09348634401685682,-0.08997041257670851,0,2,1,2,0.3764942189494049,employment,0.36233250671195866,-0.47090975979163624,none,absent,False,0.5679513799637287,0,expansion,0.2961507288497555,0.14538167913869304,0.0,0,0,4,,4,0,0.25443762893478916,0.12921055313681432,0.4733723329019333,0.7193703433582591,0.27218909141861164,0.15141896339453043,9.467446658038666e-07,1.401103962505526e-07,6.0,0,7.0,0,4.0,0,6.0,0,0.0,1,2023-11-01,2023-11-01,2023-11-01,2023-10-01,2023-11-01,2023-12-23,2023-12-16,persist17w
2024-01-05,0,2024-01-05,expansion,expansion,official,0.09407540154049303,-0.009536080955102093,0,2,1,2,0.36373240819390673,employment,0.3930289282094809,-0.2426171342253509,none,absent,False,0.5658991700509162,0,expansion,0.2270992577085655,0.05669629781132002,0.0,0,0,4,,4,0,0.25443762893478916,0.13068635196705083,0.4733723329019333,0.7176063383914667,0.27218909141861164,0.15170716834055048,9.467446658038666e-07,1.4130093197439406e-07,7.0,0,4.0,0,5.0,0,7.0,0,0.0,1,2023-12-01,2023-11-01,2023-11-01,2023-10-01,2023-11-01,2023-12-30,2023-12-23,persist17w
2024-01-12,0,2024-01-12,expansion,expansion,official,0.09958563605870996,0.05994754927784697,0,2,1,2,0.3730076068078559,employment,0.38877463101877596,0.05237115776511732,none,absent,False,0.5662371595783798,0,expansion,0.17042853347420306,0.0,0.0,0,0,4,,4,0,0.25443762893478916,0.13122118973694966,0.4733723329019333,0.7175079142276396,0.27218909141861164,0.1512707546492598,9.467446658038666e-07,1.4138615088228168e-07,8.0,0,5.0,0,6.0,0,8.0,0,0.0,1,2023-12-01,2023-11-01,2023-11-01,2023-10-01,2023-11-01,2024-01-06,2023-12-30,persist17w
2024-01-19,0,2024-01-19,expansion,expansion,official,0.09617193641643834,0.25105653816017914,0,1,1,1,0.3871098950704122,employment,0.4466694386652285,0.22987101858761938,none,absent,False,0.5954640805465341,0,expansion,0.0,0.0,0.0,0,0,4,,4,0,0.25903589490516155,0.13417634720537788,0.48192724633518425,0.730643797313695,0.25903589490516155,0.13517971676716084,9.638544926703684e-07,1.3871376637311598e-07,4.0,0,6.0,0,7.0,0,4.0,0,0.0,1,2023-12-01,2023-11-01,2023-12-01,2023-10-01,2023-12-01,2024-01-13,2024-01-06,persist17w
2024-01-26,0,2024-01-26,expansion,expansion,official,0.13744703918496545,0.30309947181841557,0,1,2,1,0.4198676468705258,employment,0.4629689454679735,0.35394410982463836,none,absent,False,0.5808950016041137,0,expansion,0.0,0.0,0.0,0,0,4,,4,0,0.27245426575174464,0.14826149192981758,0.4868232171703848,0.7291564935339313,0.2407215694108593,0.12258187556414028,9.476670113104161e-07,1.3897211079183666e-07,5.0,0,7.0,0,4.0,0,5.0,0,0.0,1,2023-12-01,2023-12-01,2023-12-01,2023-11-01,2023-12-01,2024-01-20,2024-01-13,persist17w
2024-02-02,0,2024-02-02,expansion,expansion,official,0.13647331482743472,0.44025970955802374,0,0,2,0,0.4572611865846722,employment,0.38353599999546484,0.2316998065217807,none,absent,True,0.6756523362782205,0,expansion,0.0,0.0,0.0,0,0,4,,4,0,0.2815366298072758,0.1329115514358758,0.5521976044778182,0.8085638877140963,0.16626484096341415,0.05852446083245344,9.24751491877317e-07,1.0001757441879178e-07,6.0,0,3.0,0,5.0,0,6.0,0,0.0,1,2024-01-01,2023-12-01,2023-12-01,2023-11-01,2023-12-01,2024-01-27,2024-01-20,persist17w
2024-02-09,0,2024-02-09,expansion,expansion,official,0.1291592919540332,0.38520038816111235,0,0,2,0,0.4808028168286944,employment,0.31576372479284276,-0.06653591359946331,none,absent,False,0.6754633905752281,0,expansion,0.0,0.014257695771313568,0.0,0,0,4,,4,0,0.2665793563461553,0.12859995124745296,0.5445994227186322,0.804063341822681,0.18882029370266865,0.06733660452704401,9.272325438127142e-07,1.0240282206491286e-07,7.0,0,4.0,0,6.0,0,7.0,0,0.0,1,2024-01-01,2023-12-01,2023-12-01,2023-11-01,2023-12-01,2024-02-03,2024-01-27,persist17w
2024-02-16,0,2024-02-16,expansion,expansion,official,0.053303763815305216,0.16979334567732618,1,0,1,1,0.42938192146264664,employment,0.21693820743162828,-0.27831014480142197,none,absent,False,0.6441565524951498,0,expansion,0.0,0.05963788817173328,0.0,0,0,4,,4,0,0.25443762893478916,0.12383991043607197,0.5088752578695783,0.7679964629312218,0.23668616645096666,0.10816350581010056,9.467446658038666e-07,1.208226057670037e-07,4.0,0,5.0,0,7.0,0,4.0,0,0.0,1,2024-01-01,2023-12-01,2024-01-01,2023-11-01,2024-01-01,2024-02-10,2024-02-03,persist17w
2024-02-23,0,2024-02-23,expansion,expansion,official,0.057812397720898134,0.1754533037554161,1,0,1,1,0.4266790724579649,employment,0.23544123396527467,-0.2384782586537208,none,absent,False,0.643424793896071,0,expansion,0.0,0.05110248399722588,0.0,0,0,4,,4,0,0.25443762893478916,0.12396349830648452,0.5088752578695783,0.7673882922025556,0.23668616645096666,0.10864808823253223,9.467446658038666e-07,1.2125842773233839e-07,5.0,0,6.0,0,8.0,0,5.0,0,0.0,1,2024-01-01,2023-12-01,2024-01-01,2023-11-01,2024-01-01,2024-02-17,2024-02-10,persist17w
2024-03-01,0,2024-03-01,expansion,expansion,official,0.12097621502891438,0.1680962543670233,0,0,2,0,0.4856476932177008,employment,0.2538064234226695,-0.2749919541578671,none,absent,False,0.6171342434532531,0,expansion,0.0,0.058926847319542945,0.0,0,0,4,,4,0,0.2674416116822217,0.13809912503848856,0.4999995348841536,0.7552333684917416,0.23255792320193194,0.10666738279333021,9.302316928077276e-07,1.2367643948740418e-07,6.0,0,7.0,0,4.0,0,6.0,0,0.0,1,2024-01-01,2024-01-01,2024-01-01,2023-12-01,2024-01-01,2024-02-24,2024-02-17,persist17w
2024-03-08,0,2024-03-08,expansion,expansion,official,0.10188469325071987,0.058627808413070914,0,0,2,0,0.4681262791659731,employment,0.2379885663159276,-0.3089088336369079,none,absent,False,0.6163628108255009,0,expansion,0.0,0.0661947500650517,0.0,0,0,4,,4,0,0.2674416116822217,0.13831121668155524,0.4999995348841536,0.7546740275070561,0.23255792320193194,0.10701463174762803,9.302316928077276e-07,1.240637606319784e-07,7.0,0,4.0,0,5.0,0,7.0,0,0.0,1,2024-02-01,2024-01-01,2024-01-01,2023-12-01,2024-01-01,2024-03-02,2024-02-24,persist17w
2024-03-15,0,2024-03-15,expansion,expansion,official,0.0800392183437822,-0.08073035995063009,0,1,1,1,0.4281714850191491,employment,0.3513818098268075,-0.1721476377159774,none,absent,False,0.6339007895082475,0,expansion,0.0,0.07810421507701132,0.0,0,0,4,,4,0,0.2499997674420768,0.12203691420449912,0.4999995348841536,0.7559377037127466,0.2499997674420768,0.12202525824337666,9.302316928077276e-07,1.238393776082229e-07,3.0,0,5.0,0,6.0,0,3.0,0,0.0,1,2024-02-01,2024-01-01,2024-02-01,2023-12-01,2024-02-01,2024-03-09,2024-03-02,persist17w
2024-03-22,0,2024-03-22,expansion,expansion,official,0.07077223798990093,-0.1356992694084622,0,1,1,1,0.43873806285688144,employment,0.30310953336317303,-0.446992185005138,none,absent,False,0.6338982768594056,0,expansion,0.0,0.16658074909354825,0.0,0,0,4,,4,0,0.2499997674420768,0.12203570008966862,0.4999995348841536,0.7559339769490742,0.2499997674420768,0.12203019911935081,9.302316928077276e-07,1.2384190643101135e-07,4.0,0,6.0,0,7.0,0,4.0,0,0.0,1,2024-02-01,2024-01-01,2024-02-01,2023-12-01,2024-02-01,2024-03-16,2024-03-09,persist17w
2024-03-29,0,2024-03-29,slowdown,expansion,official,-0.10255072015171693,-0.727187899725586,2,3,0,3,0.35448741711220166,consumption,0.2972798686261114,-0.26810875679039875,watch,preliminary,False,0.021882633020614994,0,expansion,0.5691000992472917,0.5691000992472917,0.4117647058823529,0,0,4,,4,0,0.12489120378070527,0.037203922226585306,0.3849400053076308,0.4923392730387485,0.4901679077996668,0.47045664001813353,8.831119972398333e-07,1.647165326727341e-07,5.0,0,7.0,0,4.0,0,5.0,0,0.0,1,2024-02-01,2024-02-01,2024-02-01,2024-01-01,2024-02-01,2024-03-23,2024-03-16,persist17w
2024-04-05,0,2024-04-05,slowdown,expansion,official,-0.10533096921962455,-0.6745276709559518,2,3,0,3,0.3583921665800352,consumption,0.25988933947056536,-0.20733350442314988,watch,preliminary,True,0.1439764227346808,1,slowdown,0.549074012626356,0.5397220773641437,0.47058823529411764,0,0,4,,4,0,0.13830780116557226,0.03945661231748302,0.35455537880899796,0.40828339014668247,0.5071359379101508,0.5522598128813633,8.821152789401784e-07,1.8465447111327604e-07,6.0,0,4.0,0,5.0,0,6.0,0,0.0,1,2024-03-01,2024-02-01,2024-02-01,2024-01-01,2024-02-01,2024-03-30,2024-03-23,persist17w
2024-04-12,0,2024-04-12,slowdown,expansion,official,-0.10632098551558042,-0.6449630144028375,2,3,0,3,0.35900860997231887,consumption,0.2484469757293559,-0.06618980179542089,watch,preliminary,True,0.3137632153974088,2,slowdown,0.508778147676164,0.48853893171600393,0.5294117647058824,0,0,4,,4,0,0.14588956060165467,0.03699197473505275,0.3274478650067651,0.3246223043123925,0.526661693971441,0.6383855197098013,8.80420139170301e-07,2.0124275344504414e-07,7.0,0,5.0,0,6.0,0,7.0,0,0.0,1,2024-03-01,2024-02-01,2024-02-01,2024-01-01,2024-02-01,2024-04-06,2024-03-30,persist17w
2024-04-19,0,2024-04-19,expansion,expansion,official,-0.036496827335575174,-0.1630048645291498,2,2,1,2,0.33802729513876933,employment,0.23530356418650988,-0.17869706120878479,none,absent,False,0.6007583279493808,0,expansion,0.31928493432487837,0.1444403616899829,0.0,0,0,4,,4,0,0.2457140610614299,0.11802934419684963,0.4914281221228597,0.7413644279318343,0.262856902530832,0.14060609998245352,9.142848783681113e-07,1.2788886247540925e-07,4.0,0,6.0,0,7.0,0,4.0,0,0.0,1,2024-03-01,2024-02-01,2024-03-01,2024-01-01,2024-03-01,2024-04-13,2024-04-06,persist17w
2024-04-26,0,2024-04-26,expansion,expansion,official,0.011646624122726667,-0.05729886895549592,2,2,1,2,0.36492225155775815,employment,0.25363749466067104,-0.20340694912571525,none,absent,False,0.604527090260854,0,expansion,0.26815845618010936,0.07757029595856005,0.0,0,0,4,,4,0,0.2457140610614299,0.1189917333990532,0.4914281221228598,0.7427676149134198,0.262856902530832,0.13824052465256578,9.142848783681113e-07,1.2703496130213585e-07,5.0,0,7.0,0,4.0,0,5.0,0,0.0,1,2024-03-01,2024-03-01,2024-03-01,2024-02-01,2024-03-01,2024-04-20,2024-04-13,persist17w
2024-05-03,0,2024-05-03,expansion,expansion,official,0.0056676349799738126,-0.09127471045743842,2,2,1,2,0.34472431322255387,employment,0.2849277416004005,-0.14152508776058614,none,absent,False,0.6062838833658819,0,expansion,0.26782861129553326,0.08511917526077964,0.0,0,0,4,,4,0,0.2457140610614299,0.11943494792702702,0.4914281221228597,0.74342440440194,0.262856902530832,0.1371405210360581,9.142848783681113e-07,1.2663497480286747e-07,6.0,0,3.0,0,5.0,0,6.0,0,0.0,1,2024-04-01,2024-03-01,2024-03-01,2024-02-01,2024-03-01,2024-04-27,2024-04-20,persist17w
2024-05-10,0,2024-05-10,expansion,expansion,official,-0.0025657176484096657,-0.12173332915897646,2,2,1,2,0.35289869894338155,employment,0.23676601498301988,-0.22728940414660784,none,absent,False,0.6071278168729766,0,expansion,0.29943205935994016,0.12299139351890503,0.0,0,0,4,,4,0,0.2457140610614299,0.11965301399035262,0.4914281221228598,0.7437373382189703,0.262856902530832,0.13660952134599363,9.142848783681113e-07,1.2644468352635782e-07,7.0,0,4.0,0,6.0,0,7.0,0,0.0,1,2024-04-01,2024-03-01,2024-03-01,2024-02-01,2024-03-01,2024-05-04,2024-04-27,persist17w
2024-05-17,0,2024-05-17,expansion,expansion,official,-0.02749394799387674,-0.1444911575139956,2,1,0,2,0.3356604453356022,employment,0.20527930287843724,-0.20621668222498704,none,absent,False,0.6422817907788543,0,expansion,0.04726827962533998,0.13671120314908333,0.0,0,0,4,,4,0,0.2366861664509667,0.109069314638298,0.5088752578695783,0.7666061771656506,0.2544376289347892,0.12432438638679631,9.467446658038668e-07,1.2180925505377481e-07,4.0,0,5.0,0,7.0,0,4.0,0,0.0,1,2024-04-01,2024-03-01,2024-04-01,2024-02-01,2024-04-01,2024-05-11,2024-05-04,persist17w
2024-05-24,0,2024-05-24,expansion,expansion,official,-0.033523409875304784,-0.15486365427747248,2,1,0,2,0.33955752114182375,employment,0.17513199347129701,-0.2580791660423714,none,absent,False,0.6426255647935348,0,expansion,0.05912971063594603,0.15559347576780563,0.0,0,0,4,,4,0,0.2366861664509667,0.10902119441893707,0.5088752578695783,0.7668021243503012,0.2544376289347892,0.12417655955676633,9.467446658038668e-07,1.2167399547191304e-07,5.0,0,6.0,0,8.0,0,5.0,0,0.0,1,2024-04-01,2024-03-01,2024-04-01,2024-02-01,2024-04-01,2024-05-18,2024-05-11,persist17w
2024-05-31,0,2024-05-31,expansion,expansion,official,-0.14149617175830292,-0.15264380693329402,2,0,0,2,0.3107220723405326,consumption,0.13782674593826832,-0.26008886143344334,none,absent,False,0.6671826173238029,0,expansion,0.07182075517741256,0.17448026983777318,0.0,0,0,4,,4,0,0.24096362316759212,0.11077893380413442,0.5180717898103231,0.7782017820974375,0.24096362316759212,0.11101916477363458,9.638544926703684e-07,1.193247935225655e-07,6.0,0,7.0,0,4.0,0,6.0,0,0.0,1,2024-04-01,2024-04-01,2024-04-01,2024-03-01,2024-04-01,2024-05-25,2024-05-18,persist17w
2024-06-07,0,2024-06-07,expansion,expansion,official,-0.1442681418382325,-0.17766821486082132,2,0,0,2,0.31213497587461647,consumption,0.13227647591396363,-0.2525508385156996,none,absent,False,0.667420397772827,0,expansion,0.07127662320163711,0.19292679712325583,0.0,0,0,4,,4,0,0.24096362316759218,0.1107914488433759,0.5180717898103231,0.7783144148432323,0.24096362316759218,0.11089401707040525,9.638544926703686e-07,1.1924298650226995e-07,7.0,0,4.0,0,5.0,0,7.0,0,0.0,1,2024-05-01,2024-04-01,2024-04-01,2024-03-01,2024-04-01,2024-06-01,2024-05-25,persist17w
2024-06-14,0,2024-06-14,expansion,expansion,official,-0.1529528868667419,-0.20158487152928722,2,0,0,2,0.3166460821649839,consumption,0.07439722313323172,-0.37213412185802913,none,absent,False,0.6675194739095864,0,expansion,0.09870056489526997,0.23935059734795408,0.0,0,0,4,,4,0,0.24096362316759218,0.11079761457181356,0.5180717898103231,0.7783608700642638,0.24096362316759218,0.1108413961546774,9.638544926703686e-07,1.192092453093076e-07,8.0,0,5.0,0,6.0,0,8.0,0,0.0,1,2024-05-01,2024-04-01,2024-04-01,2024-03-01,2024-04-01,2024-06-08,2024-06-01,persist17w
2024-06-21,0,2024-06-21,expansion,expansion,official,-0.10758444011371023,-0.14083160752482374,2,1,1,2,0.3008832245251446,consumption,0.008661022508650362,-0.5591419688636233,none,absent,False,0.6340040365440984,0,expansion,0.13178185095302047,0.22360930573381185,0.0,0,0,4,,4,0,0.24999976744207678,0.12195192672191078,0.4999995348841537,0.7560259930213596,0.24999976744207678,0.12202195647726127,9.302316928077275e-07,1.237794682511463e-07,5.0,0,6.0,0,7.0,0,5.0,0,0.0,1,2024-05-01,2024-04-01,2024-05-01,2024-03-01,2024-05-01,2024-06-15,2024-06-08,persist17w
2024-06-28,0,2024-06-28,expansion,expansion,official,-0.11518996139437092,-0.06659412329775509,2,1,2,2,0.3535737024045062,consumption,-0.03457693863905719,-0.7353970061447753,none,absent,False,0.6084895981992149,0,expansion,0.16102090452127205,0.19969134583066106,0.0,0,0,4,,4,0,0.262856902530832,0.13563751086993645,0.4914281221228598,0.7441271090691514,0.2457140610614299,0.12023525384034328,9.142848783681113e-07,1.2622056896117587e-07,6.0,0,7.0,0,4.0,0,6.0,0,0.0,1,2024-05-01,2024-05-01,2024-05-01,2024-04-01,2024-05-01,2024-06-22,2024-06-15,persist17w
2024-07-05,0,2024-07-05,expansion,expansion,official,-0.13948244058702114,-0.06494270040558743,2,1,2,2,0.35840666510331853,consumption,-0.07476886167730351,-0.7201958834391134,none,absent,False,0.6061126798519268,0,expansion,0.163296874316403,0.20036333847864174,0.0,0,0,4,,4,0,0.262856902530832,0.13631079575165958,0.4914281221228597,0.7424234756035865,0.2457140610614299,0.12126560129613338,9.142848783681113e-07,1.2734862059435723e-07,7.0,0,3.0,0,5.0,0,7.0,0,0.0,1,2024-06-01,2024-05-01,2024-05-01,2024-04-01,2024-05-01,2024-06-29,2024-06-22,persist17w
2024-07-12,0,2024-07-12,expansion,expansion,official,-0.13173855738037776,-0.03594263054160294,2,1,2,2,0.36144588065151995,consumption,-0.042774310819288806,-0.575195534119191,none,absent,False,0.6071143846831797,0,expansion,0.1350148185063394,0.15079388460416634,0.0,0,0,4,,4,0,0.262856902530832,0.13620322607857072,0.4914281221228598,0.7433176107617504,0.2457140610614299,0.120479036413313,9.142848783681113e-07,1.2674636597926455e-07,8.0,0,4.0,0,6.0,0,8.0,0,0.0,1,2024-06-01,2024-05-01,2024-05-01,2024-04-01,2024-05-01,2024-07-06,2024-06-29,persist17w
2024-07-19,0,2024-07-19,expansion,expansion,official,-0.03088868190702817,0.31671932450049295,2,0,2,2,0.2998056462524471,consumption,-0.0664867105644525,-0.5664970193520816,none,absent,False,0.6948498643359802,0,expansion,0.12186815621417885,0.12234409399576876,0.0,0,0,4,,4,0,0.24506480331410194,0.10954803356658491,0.5445825623019811,0.8043978979025651,0.2103517225148813,0.08605396517177495,9.118690355873561e-07,1.0335907502775645e-07,4.0,0,5.0,0,7.0,0,4.0,0,0.0,1,2024-06-01,2024-05-01,2024-06-01,2024-04-01,2024-06-01,2024-07-13,2024-07-06,persist17w
2024-07-26,0,2024-07-26,expansion,expansion,official,-0.018468872351827675,0.47915008351103516,2,0,3,2,0.25066140818186994,real_income,-0.07739591170390889,-0.5037813462391794,none,absent,True,0.6817556552715147,0,expansion,0.1079531456226813,0.1079531456226813,0.0,0,0,4,,4,0,0.2927528027639712,0.1349414557384296,0.563647713264844,0.8166971110099444,0.14359859567648842,0.0483613408799775,8.882946965711101e-07,9.237164856789404e-08,5.0,0,6.0,0,3.0,0,5.0,0,0.0,1,2024-06-01,2024-06-01,2024-06-01,2024-05-01,2024-06-01,2024-07-20,2024-07-13,persist17w
2024-08-02,0,2024-08-02,expansion,expansion,official,-0.04134201001106933,0.39698108072204424,2,1,3,3,0.25537761500499845,real_income,-0.10338524936393194,-0.5667871885024928,none,absent,True,0.597233395059896,0,expansion,0.12145439753624845,0.12145439753624845,0.0,0,0,4,,4,0,0.3084187329305346,0.1655660689042558,0.50790408457173,0.7627994639641518,0.18367627097696954,0.07163435328796022,9.115207658494068e-07,1.1384363212040049e-07,6.0,0,3.0,0,4.0,0,6.0,0,0.0,1,2024-07-01,2024-06-01,2024-06-01,2024-05-01,2024-06-01,2024-07-27,2024-07-20,persist17w
2024-08-09,0,2024-08-09,expansion,expansion,official,-0.04551868555935098,0.40995877838905914,2,1,3,3,0.2526892431997848,real_income,-0.13146542839270042,-0.4995140151661312,none,absent,True,0.5741070907122461,0,expansion,0.10703871753559954,0.10703871753559954,0.0,0,0,4,,4,0,0.3197339659684806,0.17853780346234588,0.5039714449994833,0.7526448941745919,0.17629367819773478,0.06881718501525144,9.108343013896199e-07,1.1734781076896901e-07,7.0,0,4.0,0,5.0,0,7.0,0,0.0,1,2024-07-01,2024-06-01,2024-06-01,2024-05-01,2024-06-01,2024-08-03,2024-07-27,persist17w
2024-08-16,0,2024-08-16,expansion,expansion,official,-0.1457806919870421,0.06175973594707803,2,2,2,4,0.33395258382983833,real_income,-0.0954797419963436,-0.2596554495564188,none,absent,False,0.5585751125223801,0,expansion,0.3297277239480384,0.0756992854317522,0.0,0,0,4,,4,0,0.2674416116822217,0.14728068910104225,0.4651158464038639,0.7058558016234223,0.2674416116822217,0.1468633658797286,9.302316928077276e-07,1.4339580704277547e-07,4.0,0,5.0,0,6.0,0,4.0,0,0.0,1,2024-07-01,2024-06-01,2024-07-01,2024-05-01,2024-07-01,2024-08-10,2024-08-03,persist17w
2024-08-23,0,2024-08-23,expansion,expansion,official,-0.14553493348852625,0.07986707410655638,2,2,2,4,0.33375254460757336,real_income,-0.09562522996034738,-0.1562948612018619,none,absent,False,0.5578359615715609,0,expansion,0.30747520202811346,0.05241310342603846,0.0,0,0,4,,4,0,0.26744161168222164,0.14745974332908068,0.4651158464038639,0.7052957049006416,0.26744161168222164,0.147244408015919,9.302316928077275e-07,1.4375435881738124e-07,5.0,0,6.0,0,7.0,0,5.0,0,0.0,1,2024-07-01,2024-06-01,2024-07-01,2024-05-01,2024-07-01,2024-08-17,2024-08-10,persist17w
2024-08-30,0,2024-08-30,expansion,expansion,official,-0.1180779280692394,0.013628485488599112,2,2,1,4,0.34347492858989853,real_income,-0.055816555562255926,0.044783480772825755,none,absent,False,0.5669899135210539,0,expansion,0.26560400242806775,0.021847426874574735,0.0,0,0,4,,4,0,0.25443762893478916,0.13207479536351865,0.4733723329019333,0.7174574883518269,0.27218909141861164,0.15046757483077297,9.467446658038666e-07,1.4145388151499117e-07,6.0,0,7.0,0,4.0,0,6.0,0,0.0,1,2024-07-01,2024-07-01,2024-07-01,2024-06-01,2024-07-01,2024-08-24,2024-08-17,persist17w
2024-09-06,0,2024-09-06,expansion,expansion,official,-0.13545807591116452,-0.01409407458961481,2,2,1,4,0.36338386382755994,real_income,-0.03339967348797319,0.021744983794998517,none,absent,False,0.5668355573023441,0,expansion,0.2770840041756051,0.02486866342183733,0.0,0,0,4,,4,0,0.25443762893478916,0.1318976210349342,0.4733723329019333,0.717468897414095,0.27218909141861164,0.15063334011175092,9.467446658038666e-07,1.4143921988870035e-07,7.0,0,4.0,0,5.0,0,7.0,0,0.0,1,2024-08-01,2024-07-01,2024-07-01,2024-06-01,2024-07-01,2024-08-31,2024-08-24,persist17w
2024-09-13,0,2024-09-13,expansion,expansion,official,-0.13692691150406683,-0.008265005563002567,2,2,1,4,0.3622133915058111,real_income,-0.04074385145248483,0.06504409790317829,none,absent,False,0.5667516581282954,0,expansion,0.27588948916751416,0.025206858395471498,0.0,0,0,4,,4,0,0.25443762893478916,0.13181117214336124,0.4733723329019334,0.7174701722750604,0.27218909141861164,0.15071851414676501,9.467446658038666e-07,1.4143481357710777e-07,8.0,0,5.0,0,6.0,0,8.0,0,0.0,1,2024-08-01,2024-07-01,2024-07-01,2024-06-01,2024-07-01,2024-09-07,2024-08-31,persist17w
2024-09-20,0,2024-09-20,expansion,expansion,official,-0.09705278229400388,-0.012799054007236615,2,1,1,3,0.3390659614707225,real_income,-0.005769226820229898,0.17051115386549157,none,absent,False,0.5955426206049069,0,expansion,0.008525158053598365,0.016717476098337312,0.0,0,0,4,,4,0,0.2590358949051615,0.13452891149842633,0.48192724633518436,0.7305067851496572,0.2590358949051615,0.13496416454475021,9.638544926703682e-07,1.38807166215673e-07,4.0,0,6.0,0,7.0,0,4.0,0,0.0,1,2024-08-01,2024-07-01,2024-08-01,2024-06-01,2024-08-01,2024-09-14,2024-09-07,persist17w
2024-09-27,0,2024-09-27,expansion,expansion,official,0.14640470804335076,-0.03362633164948725,0,2,1,2,0.5071325820628287,employment,0.02507385672293071,0.31849655030832336,none,absent,False,0.5671463093207113,0,expansion,0.15788592838212814,0.01447364785456265,0.0,0,0,4,,4,0,0.25443762893478916,0.1310441605672533,0.4733723329019333,0.7180510038611618,0.27218909141861164,0.1509046945404505,9.467446658038666e-07,1.4103113439950367e-07,5.0,0,7.0,0,4.0,0,5.0,0,0.0,1,2024-08-01,2024-08-01,2024-08-01,2024-07-01,2024-08-01,2024-09-21,2024-09-14,persist17w
2024-10-04,0,2024-10-04,expansion,expansion,official,0.1387716350723166,0.12568426253304135,0,1,1,1,0.48631361807546086,employment,0.03387649651580135,0.41618837571647505,none,absent,False,0.6312668244060194,0,expansion,0.0,0.0,0.0,0,0,4,,4,0,0.2499997674420768,0.1222116658135492,0.4999995348841536,0.7545275168981,0.2499997674420768,0.12326069249208059,9.302316928077276e-07,1.2479627020088885e-07,6.0,0,3.0,0,5.0,0,6.0,0,0.0,1,2024-09-01,2024-08-01,2024-08-01,2024-07-01,2024-08-01,2024-09-28,2024-09-21,persist17w
2024-10-11,0,2024-10-11,expansion,expansion,official,0.12619106421717624,0.07823774906004169,0,1,1,1,0.48778246132119746,employment,-0.029344265210035598,0.16626567415136073,none,absent,False,0.6327349852783939,0,expansion,0.0,0.0016929383775020537,0.0,0,0,4,,4,0,0.2499997674420768,0.12210254214237319,0.4999995348841536,0.7553161594374448,0.2499997674420768,0.12258117415905087,9.302316928077276e-07,1.2426113102902705e-07,7.0,0,4.0,0,6.0,0,7.0,0,0.0,1,2024-09-01,2024-08-01,2024-08-01,2024-07-01,2024-08-01,2024-10-05,2024-09-28,persist17w
2024-10-18,0,2024-10-18,expansion,expansion,official,0.06390757731292798,-0.05990564537110053,0,1,1,1,0.631202216306052,employment,-0.08590310860910955,0.02051938686932479,none,absent,False,0.6328584978119991,0,expansion,0.0,0.03670615833621928,0.0,0,0,4,,4,0,0.2499997674420768,0.12200219643769386,0.4999995348841536,0.7554280885945622,0.2499997674420768,0.12256959078256315,9.302316928077276e-07,1.2418518067958643e-07,4.0,0,5.0,0,7.0,0,4.0,0,0.0,1,2024-09-01,2024-08-01,2024-09-01,2024-07-01,2024-09-01,2024-10-12,2024-10-05,persist17w
2024-10-25,0,2024-10-25,expansion,expansion,official,0.056320748786865216,-0.09922445213396389,0,1,1,1,0.6097507939153496,employment,-0.12383725123942338,-0.17607464694499192,none,absent,False,0.6334369680653493,0,expansion,0.0,0.09122826272088458,0.0,0,0,4,,4,0,0.24999976744207678,0.12201511951847685,0.4999995348841536,0.755710862276785,0.24999976744207678,0.12227389421143567,9.302316928077275e-07,1.2399330252620326e-07,5.0,0,6.0,0,8.0,0,5.0,0,0.0,1,2024-09-01,2024-08-01,2024-09-01,2024-07-01,2024-09-01,2024-10-19,2024-10-12,persist17w
2024-11-01,0,2024-11-01,expansion,expansion,official,-0.015703319658374282,-0.24003794918984736,0,2,1,2,0.4497770110385097,employment,-0.11635135703686489,-0.20298398585755056,none,absent,False,0.5664085428079781,0,expansion,0.3377742481212646,0.19378371540947467,0.0,0,0,4,,4,0,0.2544376289347892,0.1316796367541317,0.47337233290193337,0.7173643822783864,0.2721890914186117,0.1509558394704083,9.467446658038668e-07,1.414970735267616e-07,6.0,0,3.0,0,4.0,0,6.0,0,0.0,1,2024-10-01,2024-09-01,2024-09-01,2024-08-01,2024-09-01,2024-10-26,2024-10-19,persist17w
2024-11-08,0,2024-11-08,expansion,expansion,official,-0.0014427391518017792,-0.20129018121046816,0,2,1,2,0.47926496067145113,employment,-0.045296394211113276,-0.011614775814384895,none,absent,False,0.566530694824486,0,expansion,0.27700397675370725,0.12517568580136654,0.0,0,0,4,,4,0,0.25443762893478916,0.13170287160611818,0.4733723329019334,0.7174138408759955,0.27218909141861164,0.15088314605150943,9.467446658038666e-07,1.414663770239121e-07,7.0,0,4.0,0,5.0,0,7.0,0,0.0,1,2024-10-01,2024-09-01,2024-09-01,2024-08-01,2024-09-01,2024-11-02,2024-10-26,persist17w
2024-11-15,0,2024-11-15,expansion,expansion,official,-0.021427172433868897,-0.4165870386528324,0,3,0,3,0.44625710228999693,employment,0.008768312891731248,0.04812502592097969,none,absent,True,0.2804823845409664,0,expansion,0.3534033626373617,0.26370225552443655,0.29411764705882354,0,0,4,,4,0,0.1954082139115008,0.08323208339524726,0.4079868701786405,0.5986250684127421,0.3966039887564164,0.3181426838717757,9.271534422586443e-07,1.6432023496214203e-07,4.0,0,5.0,0,6.0,0,4.0,0,0.0,1,2024-10-01,2024-09-01,2024-10-01,2024-08-01,2024-10-01,2024-11-09,2024-11-02,persist17w
2024-11-22,0,2024-11-22,slowdown,expansion,official,-0.017036111338504002,-0.4223227812257373,0,3,0,3,0.43796697317940814,employment,0.030723618368555725,0.015531435633545306,none,absent,True,0.17192660153556677,0,expansion,0.35224447500210165,0.2650946213384692,0.35294117647058826,0,0,4,,4,0,0.19153156139105826,0.07987217475540662,0.3893514905412565,0.5460271244868684,0.41911602504910256,0.37410052295130164,9.230185825846434e-07,1.7780642335514974e-07,5.0,0,6.0,0,7.0,0,5.0,0,0.0,1,2024-10-01,2024-09-01,2024-10-01,2024-08-01,2024-10-01,2024-11-16,2024-11-09,persist17w
2024-11-29,0,2024-11-29,expansion,expansion,official,-0.03725503434542349,-0.19619424658946832,0,2,1,2,0.407997496265304,employment,0.023582833968502557,-0.03049138096386734,none,absent,False,0.5651342128769151,0,expansion,0.29874306605052164,0.1344743530283728,0.0,0,0,4,,4,0,0.25443762893478916,0.13150366434856126,0.4733723329019333,0.7168152033435129,0.27218909141861164,0.15168099046659775,9.467446658038666e-07,1.4184132809222725e-07,6.0,0,7.0,0,4.0,0,6.0,0,0.0,1,2024-10-01,2024-10-01,2024-10-01,2024-09-01,2024-10-01,2024-11-23,2024-11-16,persist17w
2024-12-06,0,2024-12-06,expansion,expansion,official,-0.034241161467282545,-0.1426357820398149,0,2,1,2,0.4208891068304845,employment,0.016087340860768545,0.1257416954090234,none,absent,False,0.5662820545884216,0,expansion,0.27321345661844487,0.09249551438282402,0.0,0,0,4,,4,0,0.2544376289347892,0.13166972961256257,0.47337233290193337,0.7173060917209408,0.2721890914186117,0.15102403713251922,9.467446658038668e-07,1.4153397739691238e-07,7.0,0,4.0,0,5.0,0,7.0,0,0.0,1,2024-11-01,2024-10-01,2024-10-01,2024-09-01,2024-10-01,2024-11-30,2024-11-23,persist17w
2024-12-13,0,2024-12-13,expansion,expansion,official,-0.04571595364088904,-0.14471503036442718,0,2,1,2,0.4127966338000637,employment,-0.04128662000726392,0.11770778896071568,none,absent,False,0.5664674736807271,0,expansion,0.2821194391474796,0.09823015811394505,0.0,0,0,4,,4,0,0.25443762893478916,0.13169707222023977,0.4733723329019333,0.7173851299879859,0.27218909141861164,0.15091765630725873,9.467446658038666e-07,1.414845157527821e-07,8.0,0,5.0,0,6.0,0,8.0,0,0.0,1,2024-11-01,2024-10-01,2024-10-01,2024-09-01,2024-10-01,2024-12-07,2024-11-30,persist17w
2024-12-20,0,2024-12-20,expansion,expansion,official,-0.060157642778790245,0.023621208009972992,0,2,2,2,0.3912411402987651,employment,-0.04501050987262972,0.19793791206461286,none,absent,False,0.5575465517252218,0,expansion,0.24051127129925942,0.011835093624537553,0.0,0,0,4,,4,0,0.2674416116822217,0.14632764092861,0.4651158464038639,0.7056093836215288,0.2674416116822217,0.14806283189630692,9.302316928077276e-07,1.4355355410373836e-07,4.0,0,6.0,0,3.0,0,4.0,0,0.0,1,2024-11-01,2024-11-01,2024-11-01,2024-10-01,2024-11-01,2024-12-14,2024-12-07,persist17w
2024-12-27,0,2024-12-27,expansion,expansion,official,-0.062289625784110216,0.015338850817076827,0,2,2,2,0.3882482070700309,employment,-0.05500373465483677,0.1575881371223322,none,absent,False,0.5573156552283801,0,expansion,0.24198849214362161,0.012955097906438545,0.0,0,0,4,,4,0,0.2674416116822217,0.14696444532582062,0.4651158464038639,0.7051755330356357,0.2674416116822217,0.1478598778072556,9.302316928077276e-07,1.4383128809352768e-07,5.0,0,7.0,0,4.0,0,5.0,0,0.0,1,2024-11-01,2024-11-01,2024-11-01,2024-10-01,2024-11-01,2024-12-21,2024-12-14,persist17w
2025-01-03,0,2025-01-03,expansion,expansion,official,-0.05519585781117035,-0.00427692334058194,0,2,2,2,0.39838854900091797,employment,-0.01867078218656162,0.06131596169194614,none,absent,False,0.5572148372024425,0,expansion,0.2383363142714858,0.010198428171159733,0.0,0,0,4,,4,0,0.2674416116822217,0.14728689852668733,0.4651158464038639,0.704963897354493,0.2674416116822217,0.1477490601520506,9.302316928077276e-07,1.4396676888810686e-07,6.0,0,8.0,0,5.0,0,6.0,0,0.0,1,2024-11-01,2024-11-01,2024-11-01,2024-10-01,2024-11-01,2024-12-28,2024-12-21,persist17w
2025-01-10,0,2025-01-10,expansion,expansion,official,-0.03550115456025392,0.1443645671268433,0,1,2,1,0.38670940196977205,employment,0.07206712414016964,0.1843329299589568,none,absent,False,0.6071582826466889,0,expansion,0.0,0.003656626580210466,0.0,0,0,4,,4,0,0.262856902530832,0.13624088681060423,0.4914281221228598,0.7433991694572931,0.2457140610614299,0.12035981704264309,9.142848783681113e-07,1.2668945969135637e-07,7.0,0,4.0,0,6.0,0,7.0,0,0.0,1,2024-12-01,2024-11-01,2024-11-01,2024-10-01,2024-11-01,2025-01-04,2024-12-28,persist17w
2025-01-17,0,2025-01-17,expansion,expansion,official,0.13212909010388316,0.4409241636241954,0,0,2,0,0.38763440702762525,employment,0.06973653457871495,0.11645052372933441,none,absent,True,0.6661260511839497,0,expansion,0.0,0.0,0.0,0,0,4,,4,0,0.28594887978279215,0.13777546272426336,0.5490225411943309,0.8039015139082131,0.16502765462537958,0.05832292162496447,9.243974974079739e-07,1.01742559043882e-07,4.0,0,5.0,0,7.0,0,4.0,0,0.0,1,2024-12-01,2024-11-01,2024-12-01,2024-10-01,2024-12-01,2025-01-11,2025-01-04,persist17w
2025-01-24,0,2025-01-24,expansion,expansion,official,0.130285643019323,0.4375469137027513,0,0,2,0,0.39009286362141776,employment,0.06066546881927873,0.11168067040899723,none,absent,True,0.6575133146781987,0,expansion,0.0,0.0,0.0,0,0,4,,4,0,0.29003754845377355,0.14190835829096504,0.5447846223101479,0.7994216729691638,0.16517690507621666,0.05866986562806576,9.241598617957124e-07,1.0311180546698315e-07,5.0,0,6.0,0,8.0,0,5.0,0,0.0,1,2024-12-01,2024-11-01,2024-12-01,2024-10-01,2024-12-01,2025-01-18,2025-01-11,persist17w
2025-01-31,0,2025-01-31,expansion,expansion,official,0.13314536694459791,0.3177976813596336,0,0,1,0,0.3938227022232255,employment,0.05995472434148948,0.13194244333628447,none,absent,False,0.6690778664505339,0,expansion,0.0,0.0,0.0,0,0,4,,4,0,0.25408114945383614,0.11957012544494529,0.5282439953469316,0.7886479918954792,0.2176739097810017,0.09178176998831139,9.45418230525902e-07,1.1267126411899198e-07,6.0,0,7.0,0,4.0,0,6.0,0,0.0,1,2024-12-01,2024-12-01,2024-12-01,2024-11-01,2024-12-01,2025-01-25,2025-01-18,persist17w
2025-02-07,0,2025-02-07,expansion,expansion,official,0.09313808097275905,0.33637264794472166,0,0,1,0,0.35201751380894514,production,0.02140709659656179,0.16557471155076545,none,absent,False,0.6436749983589151,0,expansion,0.0,0.0,0.0,0,0,4,,4,0,0.26380342203345075,0.13090176833453282,0.5175772087611176,0.7745767666934479,0.21861838761130323,0.094521341966946,9.81594128496561e-07,1.230050734361396e-07,7.0,0,4.0,0,5.0,0,7.0,0,0.0,1,2025-01-01,2024-12-01,2024-12-01,2024-11-01,2024-12-01,2025-02-01,2025-01-25,persist17w
2025-02-14,0,2025-02-14,expansion,expansion,official,0.07916042715173452,0.308363590445521,0,1,1,1,0.37170971655589297,production,0.026407781452549905,0.1885487299546343,none,absent,False,0.6760629672872506,0,expansion,0.0,0.0,0.0,0,0,4,,4,0,0.23668616645096666,0.10682996531404469,0.5250416845236556,0.7846164433963365,0.23827120228071189,0.10855347610908597,9.467446658038666e-07,1.1518053278744038e-07,4.0,0,5.0,0,6.0,0,4.0,0,0.0,1,2025-01-01,2024-12-01,2025-01-01,2024-11-01,2025-01-01,2025-02-08,2025-02-01,persist17w
2025-02-21,0,2025-02-21,expansion,expansion,official,0.081959896015331,0.3217307480871359,0,1,1,1,0.3694906275476167,production,0.038964071672064775,0.25544098112511393,none,absent,False,0.6835549709965346,0,expansion,0.0,0.0,0.0,0,0,4,,4,0,0.23668616645096666,0.10583062009294733,0.5306183685190867,0.7893855910894819,0.23269451828528073,0.10478367503416985,9.467446658038666e-07,1.1378340079672422e-07,5.0,0,6.0,0,7.0,0,5.0,0,0.0,1,2025-01-01,2024-12-01,2025-01-01,2024-11-01,2025-01-01,2025-02-15,2025-02-08,persist17w
2025-02-28,0,2025-02-28,expansion,expansion,official,0.09682627502779881,0.451891410508036,0,0,2,0,0.40695631734510335,production,-0.03677516068224478,-0.05991697279628268,none,absent,True,0.6765349599059318,0,expansion,0.0,0.012839351313489147,0.0,0,0,4,,4,0,0.28732421312752665,0.13466770773311681,0.5514967446411045,0.8112026676390486,0.1611781007547026,0.0541295260926769,9.414766661208711e-07,9.853515773531747e-08,6.0,0,7.0,0,4.0,0,6.0,0,0.0,1,2025-01-01,2025-01-01,2025-01-01,2024-12-01,2025-01-01,2025-02-22,2025-02-15,persist17w
2025-03-07,0,2025-03-07,expansion,expansion,official,0.09181813599665636,0.30815377721780723,0,1,2,1,0.4159501155623267,production,-0.04089133313951429,-0.29452400567700693,none,absent,False,0.6640586160245168,0,expansion,0.0,0.0631122869307872,0.0,0,0,4,,4,0,0.2499997674420768,0.1199696713078499,0.5157974129126657,0.7840282873323666,0.23420188941356468,0.09600193145475122,9.302316928077276e-07,1.0990503215679939e-07,7.0,0,3.0,0,5.0,0,7.0,0,0.0,1,2025-02-01,2025-01-01,2025-01-01,2024-12-01,2025-01-01,2025-03-01,2025-02-22,persist17w
2025-03-14,0,2025-03-14,expansion,expansion,official,0.08767005539275707,0.29265193429293346,0,1,2,1,0.4104326541022611,production,-0.06163173615901073,-0.372033220301376,none,absent,False,0.6542457915889046,0,expansion,0.0,0.07972140435029484,0.0,0,0,4,,4,0,0.24999976744207678,0.120151962798152,0.5093529564338212,0.7743977543870566,0.24064634589240913,0.10545016829765354,9.302316928077275e-07,1.1451713793120448e-07,8.0,0,4.0,0,6.0,0,8.0,0,0.0,1,2025-02-01,2025-01-01,2025-01-01,2024-12-01,2025-01-01,2025-03-08,2025-03-01,persist17w
2025-03-21,0,2025-03-21,expansion,expansion,official,0.14643845170214365,0.03556077956467685,0,2,2,2,0.5033655867764273,production,-0.0733647911198702,-0.3801771983446476,none,absent,False,0.6102517937579699,0,expansion,0.2321013914354155,0.0814665425024245,0.0,0,0,4,,4,0,0.2457140610614299,0.11994121320913557,0.4914281221228598,0.7451552274977084,0.262856902530832,0.13490343373973845,9.142848783681113e-07,1.255534176798232e-07,4.0,0,5.0,0,7.0,0,4.0,0,0.0,1,2025-02-01,2025-01-01,2025-02-01,2024-12-01,2025-02-01,2025-03-15,2025-03-08,persist17w
2025-03-28,0,2025-03-28,expansion,expansion,official,-0.00682153968503918,-0.34709713340935655,2,2,1,3,0.36583093194818234,production,-0.04477085186209695,-0.29487957338331205,none,absent,False,0.6489636402512301,0,expansion,0.38536809648427317,0.27678398658379744,0.0,0,0,4,,4,0,0.2117073503406923,0.08703676167150262,0.521261162950018,0.7809633829503729,0.26703055790734925,0.13199974269914286,9.288019405473018e-07,1.1267898159532337e-07,5.0,0,6.0,0,3.0,0,5.0,0,0.0,1,2025-02-01,2025-02-01,2025-02-01,2025-01-01,2025-02-01,2025-03-22,2025-03-15,persist17w
2025-04-04,0,2025-04-04,expansion,expansion,official,-0.0074880740652559325,-0.2756140083289966,2,1,1,2,0.36800837009269216,production,-0.03814039232688159,-0.1671365149877937,none,absent,False,0.647494035643976,0,expansion,0.03685914736965721,0.20564316211920156,0.0,0,0,4,,4,0,0.23668616645096666,0.10519730856294625,0.5088752578695784,0.7711483042693942,0.25443762893478916,0.12365426862541817,9.467446658038666e-07,1.1854224133246831e-07,6.0,0,3.0,0,4.0,0,6.0,0,0.0,1,2025-03-01,2025-02-01,2025-02-01,2025-01-01,2025-02-01,2025-03-29,2025-03-22,persist17w
2025-04-11,0,2025-04-11,expansion,expansion,official,-0.00729204780583372,-0.2776597799281239,2,1,1,2,0.3680745654713158,production,-0.036492397979475774,-0.17661935727936978,none,absent,False,0.6447974169409411,0,expansion,0.03886697385615717,0.20887006823682255,0.0,0,0,4,,4,0,0.23668616645096666,0.1074133680131745,0.5088752578695784,0.7686919643064621,0.25443762893478916,0.1238945473655211,9.467446658038666e-07,1.2031484224629795e-07,7.0,0,4.0,0,5.0,0,7.0,0,0.0,1,2025-03-01,2025-02-01,2025-02-01,2025-01-01,2025-02-01,2025-04-05,2025-03-29,persist17w
2025-04-18,0,2025-04-18,expansion,expansion,official,0.018605667160359704,-0.13663364416270413,1,1,1,2,0.35801773535665243,production,-0.019266815065760123,-0.12710057661010568,none,absent,False,0.6428973178074453,0,expansion,0.0,0.10712348122970823,0.0,0,0,4,,4,0,0.2366861664509667,0.10881011173998865,0.5088752578695783,0.7670435422836792,0.2544376289347892,0.12414622447623389,9.467446658038668e-07,1.215000984280092e-07,4.0,0,5.0,0,6.0,0,4.0,0,0.0,1,2025-03-01,2025-02-01,2025-03-01,2025-01-01,2025-03-01,2025-04-12,2025-04-05,persist17w
2025-04-25,0,2025-04-25,expansion,expansion,official,0.021747597176062207,-0.11125694130122613,1,1,1,2,0.36067504557560526,production,-0.013569844865153417,0.08504994454319863,none,absent,False,0.6429035470939831,0,expansion,0.0,0.06541120537595953,0.0,0,0,4,,4,0,0.2366861664509667,0.1089084246267403,0.5088752578695783,0.7669975004656034,0.2544376289347892,0.12409395337162035,9.467446658038668e-07,1.2153603578341313e-07,5.0,0,6.0,0,7.0,0,5.0,0,0.0,1,2025-03-01,2025-02-01,2025-03-01,2025-01-01,2025-03-01,2025-04-19,2025-04-12,persist17w
2025-05-02,0,2025-05-02,expansion,expansion,official,0.13597308640048117,0.35273527322128706,0,0,2,0,0.4530965606388996,production,-0.06352903501425959,-0.03404207840433626,none,absent,False,0.6872541383160573,0,expansion,0.0,0.0072947310866434845,0.0,0,0,4,,4,0,0.2538286158598351,0.1158634576483148,0.5419650007561134,0.8031175959643722,0.20420543890548093,0.08101883990146243,9.444785706412469e-07,1.0648585065809218e-07,6.0,0,3.0,0,4.0,0,6.0,0,0.0,1,2025-04-01,2025-03-01,2025-03-01,2025-02-01,2025-03-01,2025-04-26,2025-04-19,persist17w
2025-05-09,0,2025-05-09,expansion,expansion,official,0.1330384428647647,0.3554895086989221,0,0,2,0,0.44910110139635734,production,-0.07793750805290572,-0.02027090101616097,none,absent,False,0.6877773620838353,0,expansion,0.0,0.004496394695359946,0.0,0,0,4,,4,0,0.25380912201323325,0.11580886682322085,0.5430241674611551,0.8035862289070562,0.2031657661195763,0.08060479777939758,9.444060353980771e-07,1.0649032547903265e-07,7.0,0,4.0,0,5.0,0,7.0,0,0.0,1,2025-04-01,2025-03-01,2025-03-01,2025-02-01,2025-03-01,2025-05-03,2025-04-26,persist17w
2025-05-16,0,2025-05-16,expansion,expansion,official,0.11620615221611556,0.3599367080540943,0,1,2,1,0.4287162151220912,production,-0.10378771546393367,-0.07556249684005091,none,absent,False,0.6272953170994962,0,expansion,0.0,0.016191963608582337,0.0,0,0,4,,4,0,0.2728986612444025,0.1401341173169272,0.5093650381322429,0.7674294344164234,0.2177353514106199,0.0924363279960861,9.492127347631392e-07,1.2027056325322056e-07,4.0,0,5.0,0,6.0,0,4.0,0,0.0,1,2025-04-01,2025-03-01,2025-04-01,2025-02-01,2025-04-01,2025-05-10,2025-05-03,persist17w
2025-05-23,0,2025-05-23,expansion,expansion,official,0.11227037826324149,0.3234665634202027,0,1,2,1,0.4237128164270735,production,-0.12346658522830402,-0.23877880207446744,none,absent,False,0.6136206823227579,0,expansion,0.0,0.05116688615881445,0.0,0,0,4,,4,0,0.27261631071351183,0.14257915704594126,0.4950428966592145,0.7561998393686992,0.2323398443966276,0.10122088053746744,9.482306459600412e-07,1.2304789213391362e-07,5.0,0,6.0,0,7.0,0,5.0,0,0.0,1,2025-04-01,2025-03-01,2025-04-01,2025-02-01,2025-04-01,2025-05-17,2025-05-10,persist17w
2025-05-30,0,2025-05-30,expansion,expansion,official,0.2242303060293474,0.5926974717658365,0,1,2,1,0.38791035850672123,production,-0.11923026404515703,-0.25626491969177756,none,absent,True,0.683480326165534,0,expansion,0.0,0.054913911362523764,0.0,0,0,4,,4,0,0.2935700791416009,0.1368971120970666,0.5717980002676842,0.8203774382626006,0.1346309682762749,0.04272535259748797,9.523144399804747e-07,9.704284486417763e-08,6.0,0,7.0,0,4.0,0,6.0,0,0.0,1,2025-04-01,2025-04-01,2025-04-01,2025-03-01,2025-04-01,2025-05-24,2025-05-17,persist17w
2025-06-06,0,2025-06-06,expansion,expansion,official,0.2042085269569041,0.5302674675119641,0,1,2,1,0.39424824177076795,production,-0.15448035132002513,-0.36087652766445316,none,absent,True,0.6588305161853869,0,expansion,0.0,0.07733068449952568,0.0,0,0,4,,4,0,0.2968908435566609,0.14516950724950248,0.550898864300833,0.8040000234348894,0.15220934148760584,0.05083036658401761,9.506549003244182e-07,1.0273159050006221e-07,7.0,0,4.0,0,5.0,0,7.0,0,0.0,1,2025-05-01,2025-04-01,2025-04-01,2025-03-01,2025-04-01,2025-05-31,2025-05-24,persist17w
2025-06-13,0,2025-06-13,expansion,expansion,official,0.1935202049159731,0.48114569564924636,0,1,2,1,0.3828410872746405,production,-0.2081994038410547,-0.5788628630573582,none,absent,True,0.6391467520908234,0,expansion,0.0,0.12404204208371963,0.0,0,0,4,,4,0,0.2989683416350771,0.15147801467741018,0.5337733961056681,0.7906247667682336,0.16725731292518956,0.05789711157029795,9.493340651626354e-07,1.0698405841653251e-07,8.0,0,5.0,0,6.0,0,8.0,0,0.0,1,2025-05-01,2025-04-01,2025-04-01,2025-03-01,2025-04-01,2025-06-07,2025-05-31,persist17w
2025-06-20,0,2025-06-20,expansion,expansion,official,0.0786898347509695,0.06676739909038157,0,0,1,0,0.362141112251228,production,-0.2536306942513059,-0.7367292358082704,none,absent,False,0.6070397627140194,0,expansion,0.0,0.15,0.0,0,0,4,,4,0,0.26380342203345075,0.13727125410573826,0.4907970642482805,0.7443110168197576,0.24539853212414026,0.11841759402203297,9.81594128496561e-07,1.3505247127655575e-07,4.0,0,6.0,0,7.0,0,4.0,0,0.0,1,2025-05-01,2025-04-01,2025-05-01,2025-03-01,2025-05-01,2025-06-14,2025-06-07,persist17w
2025-06-27,0,2025-06-27,expansion,expansion,official,-0.0499645958812011,-0.5070514100980448,1,2,0,2,0.35129068367723454,real_income,-0.2607563624876542,-0.6149934651734814,watch,preliminary,True,0.3345706428525443,0,expansion,0.5346089312007605,0.4702169415779012,0.29411764705882354,0,0,4,,4,0,0.18149976098708526,0.07359554900990134,0.42226697969204824,0.6304874693112488,0.3962323110042902,0.2959168264587045,9.48316576335038e-07,1.5522014537314102e-07,5.0,0,7.0,0,4.0,0,5.0,0,0.0,1,2025-05-01,2025-05-01,2025-05-01,2025-04-01,2025-05-01,2025-06-21,2025-06-14,persist17w
2025-07-04,0,2025-07-04,slowdown,expansion,official,-0.049229035186193384,-0.47759239896123296,1,2,0,2,0.35711889563654464,real_income,-0.24467006676841382,-0.516908572762557,watch,preliminary,True,0.22264665542334267,0,expansion,0.5032367327694921,0.4291122335514029,0.35294117647058826,0,0,4,,4,0,0.18962136163653182,0.0771665259012572,0.3971243479618992,0.5727399785507792,0.4132533443051253,0.3500933231274365,9.460964437768008e-07,1.7242052713321185e-07,6.0,0,3.0,0,5.0,0,6.0,0,0.0,1,2025-06-01,2025-05-01,2025-05-01,2025-04-01,2025-05-01,2025-06-28,2025-06-21,persist17w
2025-07-11,0,2025-07-11,slowdown,expansion,official,-0.040325882661525335,-0.4395685146519412,1,3,0,3,0.3666213287370366,real_income,-0.20015430414507357,-0.31313358076415804,none,absent,False,0.07705885858104389,0,expansion,0.4407747964993538,0.3553769751047583,0.4117647058823529,0,0,4,,4,0,0.19264463303914212,0.0773172796641808,0.36524338693179004,0.49987069683318736,0.4421110612340592,0.42281183825214347,9.187950087334294e-07,1.852504884051721e-07,7.0,0,4.0,0,6.0,0,7.0,0,0.0,1,2025-06-01,2025-05-01,2025-05-01,2025-04-01,2025-05-01,2025-07-05,2025-06-28,persist17w
2025-07-18,0,2025-07-18,expansion,expansion,official,0.03129706997952417,-0.3816835260054415,1,2,0,2,0.4123629837605324,production,-0.15644696659737342,-0.1210618779447357,none,absent,False,0.5102399208677065,0,expansion,0.3338787063686599,0.24325942815333268,0.0,0,0,4,,4,0,0.1894792304451902,0.06876740610191705,0.5439274954755937,0.7207361797297626,0.2665923468014881,0.21049625886205603,9.272777280051759e-07,1.553062642520732e-07,4.0,0,5.0,0,7.0,0,4.0,0,0.0,1,2025-06-01,2025-05-01,2025-06-01,2025-04-01,2025-06-01,2025-07-12,2025-07-05,persist17w
2025-07-25,0,2025-07-25,expansion,expansion,official,0.0395732547128619,-0.3587002931341183,1,2,0,2,0.42215162820747304,production,-0.11494969416699115,-0.006145713588119747,none,absent,False,0.5970501828895359,0,expansion,0.3027375966946232,0.2072801268904033,0.0,0,0,4,,4,0,0.1934851201354133,0.07167773312725616,0.5398426323289923,0.7626861608912996,0.26667131998317695,0.16563597800176366,9.275524173327895e-07,1.2797968066901546e-07,5.0,0,6.0,0,8.0,0,5.0,0,0.0,1,2025-06-01,2025-05-01,2025-06-01,2025-04-01,2025-06-01,2025-07-19,2025-07-12,persist17w
2025-08-01,0,2025-08-01,slowdown,slowdown,official,-0.09257668303216149,-0.7294668046409855,1,3,0,3,0.4504655330964965,real_income,-0.08354371799820733,0.21936153527521512,watch,preliminary,True,0.5274319844081993,0,slowdown,0.5080406853291811,0.5080406853291811,0.5882352941176471,0,0,4,,4,0,0.12079978172571577,0.021796700043534227,0.29978580661201687,0.22538555464637441,0.5794135390013238,0.7528175390545737,8.726609435870493e-07,2.062555176793168e-07,6.0,0,3.0,0,4.0,0,6.0,0,0.0,1,2025-07-01,2025-06-01,2025-06-01,2025-05-01,2025-06-01,2025-07-26,2025-07-19,persist17w
2025-08-08,0,2025-08-08,slowdown,slowdown,official,-0.0926359410013797,-0.6951964011819968,1,3,0,3,0.45040172202963835,real_income,-0.08384000784429839,0.39071355257015844,watch,preliminary,True,0.6432315420798606,0,slowdown,0.5063810538225848,0.5046542598103501,0.6470588235294118,0,0,4,,4,0,0.12867112258317487,0.019561017833688386,0.2735113978748018,0.1686036135149581,0.5978166084281356,0.8118351555948187,8.711138878090907e-07,2.1305653479892354e-07,7.0,0,4.0,0,5.0,0,7.0,0,0.0,1,2025-07-01,2025-06-01,2025-06-01,2025-05-01,2025-06-01,2025-08-02,2025-07-26,persist17w
2025-08-15,0,2025-08-15,slowdown,slowdown,official,-0.08230190048264935,-0.40208692543924907,1,2,0,2,0.5004515577827455,real_income,-0.09072014271737762,0.50346559715752,none,absent,True,0.4885527067666121,0,slowdown,0.3945377000018349,0.2893021664806895,0.7058823529411765,0,0,4,,4,0,0.21648964352651276,0.05570859478766387,0.2880751884714932,0.22786922394420814,0.4954342527230374,0.7164219307108203,9.15278956707085e-07,2.505573077891154e-07,4.0,0,5.0,0,6.0,0,4.0,0,0.0,1,2025-07-01,2025-06-01,2025-07-01,2025-05-01,2025-07-01,2025-08-09,2025-08-02,persist17w
2025-08-22,0,2025-08-22,slowdown,slowdown,official,-0.08976357048511123,-0.42133320948751385,1,2,0,2,0.4907257745661966,real_income,-0.12802849272968703,0.40724555574336624,none,absent,True,0.5781396750676027,0,slowdown,0.40853838601747544,0.308846541753178,0.7647058823529411,0,0,4,,4,0,0.21247888398845552,0.05004539398720104,0.26565400164184994,0.18590733981186455,0.5218662009741126,0.7640470148794672,9.13395582014986e-07,2.5132146718450085e-07,5.0,0,6.0,0,7.0,0,5.0,0,0.0,1,2025-07-01,2025-06-01,2025-07-01,2025-05-01,2025-07-01,2025-08-16,2025-08-09,persist17w
2025-08-29,0,2025-08-29,expansion,expansion,official,-0.057008658313088725,-0.13123431224241117,1,1,0,2,0.4480140607212503,real_income,-0.14584935367468763,0.29310662032518686,none,absent,False,0.6213078747991024,0,expansion,0.0,0.09712284709961243,0.0,0,0,4,,4,0,0.23668616645096666,0.1067551559500284,0.5088752578695784,0.7572762954097407,0.25443762893478916,0.13596842061063832,9.467446658038666e-07,1.280295924897334e-07,6.0,0,7.0,0,4.0,0,6.0,0,0.0,1,2025-07-01,2025-07-01,2025-07-01,2025-06-01,2025-07-01,2025-08-23,2025-08-16,persist17w
2025-09-05,0,2025-09-05,expansion,expansion,official,-0.07336100922494897,-0.14343591203333728,1,1,0,2,0.46445504624890205,real_income,-0.1553380464651045,0.13623042772872793,none,absent,False,0.6330833798576037,0,expansion,0.0,0.10874913920831765,0.0,0,0,4,,4,0,0.23668616645096666,0.10789828027861906,0.5088752578695783,0.7625924875510693,0.25443762893478916,0.12950910769346569,9.467446658038666e-07,1.244768459677424e-07,7.0,0,4.0,0,5.0,0,7.0,0,0.0,1,2025-08-01,2025-07-01,2025-07-01,2025-06-01,2025-07-01,2025-08-30,2025-08-23,persist17w
2025-09-12,0,2025-09-12,expansion,expansion,official,-0.08665699345401257,-0.2128263626701426,1,1,0,2,0.44691423906192723,real_income,-0.22181796761042244,-0.21072182545529855,none,absent,False,0.6384996885659238,0,expansion,0.0,0.1966320557086903,0.0,0,0,4,,4,0,0.23668616645096666,0.10847371447229014,0.5088752578695783,0.7650129256158557,0.25443762893478916,0.12651323704993186,9.467446658038666e-07,1.2286192221562792e-07,8.0,0,5.0,0,6.0,0,8.0,0,0.0,1,2025-08-01,2025-07-01,2025-07-01,2025-06-01,2025-07-01,2025-09-06,2025-08-30,persist17w
2025-09-19,0,2025-09-19,expansion,expansion,official,-0.08459010310626103,-0.31144808590071393,1,2,0,3,0.4967060522401237,real_income,-0.20398947332182793,-0.2895022209687243,none,absent,False,0.5739009052044417,0,expansion,0.42071934294748453,0.28292974455386455,0.0,0,0,4,,4,0,0.24096362316759212,0.11669967695394164,0.48192724633518425,0.7286005444975093,0.2771081666427309,0.15469963929306763,9.638544926703684e-07,1.3925548148550736e-07,4.0,0,6.0,0,7.0,0,4.0,0,0.0,1,2025-08-01,2025-07-01,2025-08-01,2025-06-01,2025-08-01,2025-09-13,2025-09-06,persist17w
2025-09-26,0,2025-09-26,expansion,expansion,official,-0.09038882139875201,-0.11467988601790462,1,2,1,3,0.5238349419076999,real_income,-0.18183919386339603,-0.31355760959371726,none,absent,False,0.564639198866156,0,expansion,0.3589465587543332,0.14932993656582427,0.0,0,0,4,,4,0,0.25443762893478916,0.13115926117976232,0.4733723329019333,0.7167398979055805,0.27218909141861164,0.15210069903942447,9.467446658038666e-07,1.4187523269869414e-07,5.0,0,7.0,0,4.0,0,5.0,0,0.0,1,2025-08-01,2025-08-01,2025-08-01,2025-07-01,2025-08-01,2025-09-20,2025-09-13,persist17w
2025-10-03,0,2025-09-26,expansion,expansion,official,-0.09038882139875201,-0.11467988601790462,1,2,1,3,0.5238349419076999,real_income,-0.18183919386339603,-0.31355760959371726,none,absent,False,0.564639198866156,0,expansion,0.3589465587543332,0.14932993656582427,0.0,1,1,4,,5,0,0.25443762893478916,0.13115926117976232,0.4733723329019333,0.7167398979055805,0.27218909141861164,0.15210069903942447,9.467446658038666e-07,1.4187523269869414e-07,5.0,0,7.0,0,4.0,0,5.0,0,0.0,1,2025-08-01,2025-08-01,2025-08-01,2025-07-01,2025-08-01,2025-09-20,2025-09-13,persist17w
2025-10-10,0,2025-09-26,expansion,expansion,preliminary,-0.09038882139875201,-0.11467988601790462,1,2,1,3,0.5238349419076999,real_income,-0.18183919386339603,-0.31355760959371726,none,absent,False,0.564639198866156,0,expansion,0.3589465587543332,0.14932993656582427,0.0,2,2,3,employment,5,0,0.25443762893478916,0.13115926117976232,0.4733723329019333,0.7167398979055805,0.27218909141861164,0.15210069903942447,9.467446658038666e-07,1.4187523269869414e-07,5.0,0,7.0,0,4.0,0,5.0,0,0.0,1,2025-08-01,2025-08-01,2025-08-01,2025-07-01,2025-08-01,2025-09-20,2025-09-13,persist17w
2025-10-17,0,2025-09-26,expansion,expansion,preliminary,-0.09038882139875201,-0.11467988601790462,1,2,1,3,0.5238349419076999,real_income,-0.18183919386339603,-0.31355760959371726,none,absent,False,0.564639198866156,0,expansion,0.3589465587543332,0.14932993656582427,0.0,3,3,3,employment,5,0,0.25443762893478916,0.13115926117976232,0.4733723329019333,0.7167398979055805,0.27218909141861164,0.15210069903942447,9.467446658038666e-07,1.4187523269869414e-07,5.0,0,7.0,0,4.0,0,5.0,0,0.0,1,2025-08-01,2025-08-01,2025-08-01,2025-07-01,2025-08-01,2025-09-20,2025-09-13,persist17w
2025-10-24,0,2025-09-26,expansion,,withheld,-0.09038882139875201,-0.11467988601790462,1,2,1,3,0.5238349419076999,real_income,-0.18183919386339603,-0.31355760959371726,none,absent,False,0.564639198866156,0,expansion,0.3589465587543332,0.14932993656582427,0.0,4,4,1,consumption|employment|production,5,1,0.25443762893478916,0.13115926117976232,0.4733723329019333,0.7167398979055805,0.27218909141861164,0.15210069903942447,9.467446658038666e-07,1.4187523269869414e-07,5.0,0,7.0,0,4.0,0,5.0,0,0.0,1,2025-08-01,2025-08-01,2025-08-01,2025-07-01,2025-08-01,2025-09-20,2025-09-13,persist17w
2025-10-31,0,2025-09-26,expansion,,withheld,-0.09038882139875201,-0.11467988601790462,1,2,1,3,0.5238349419076999,real_income,-0.18183919386339603,-0.31355760959371726,none,absent,False,0.564639198866156,0,expansion,0.3589465587543332,0.14932993656582427,0.0,5,5,0,consumption|employment|production|real_income,5,1,0.25443762893478916,0.13115926117976232,0.4733723329019333,0.7167398979055805,0.27218909141861164,0.15210069903942447,9.467446658038666e-07,1.4187523269869414e-07,5.0,0,7.0,0,4.0,0,5.0,0,0.0,1,2025-08-01,2025-08-01,2025-08-01,2025-07-01,2025-08-01,2025-09-20,2025-09-13,persist17w
2025-11-07,0,2025-09-26,expansion,,withheld,-0.09038882139875201,-0.11467988601790462,1,2,1,3,0.5238349419076999,real_income,-0.18183919386339603,-0.31355760959371726,none,absent,False,0.564639198866156,0,expansion,0.3589465587543332,0.14932993656582427,0.0,6,6,0,consumption|employment|production|real_income,5,1,0.25443762893478916,0.13115926117976232,0.4733723329019333,0.7167398979055805,0.27218909141861164,0.15210069903942447,9.467446658038666e-07,1.4187523269869414e-07,5.0,0,7.0,0,4.0,0,5.0,0,0.0,1,2025-08-01,2025-08-01,2025-08-01,2025-07-01,2025-08-01,2025-09-20,2025-09-13,persist17w
2025-11-14,0,2025-09-26,expansion,,withheld,-0.09038882139875201,-0.11467988601790462,1,2,1,3,0.5238349419076999,real_income,-0.18183919386339603,-0.31355760959371726,none,absent,False,0.564639198866156,0,expansion,0.3589465587543332,0.14932993656582427,0.0,7,7,0,consumption|employment|production|real_income,5,1,0.25443762893478916,0.13115926117976232,0.4733723329019333,0.7167398979055805,0.27218909141861164,0.15210069903942447,9.467446658038666e-07,1.4187523269869414e-07,5.0,0,7.0,0,4.0,0,5.0,0,0.0,1,2025-08-01,2025-08-01,2025-08-01,2025-07-01,2025-08-01,2025-09-20,2025-09-13,persist17w
2025-11-21,0,2025-10-17,expansion,,withheld,-0.07568720267463125,-0.00719416536551275,1,2,1,3,0.5494131130655916,real_income,-0.07870778881414595,0.1398142644840848,none,absent,False,0.5663894741936765,0,expansion,0.2515286082583959,0.017140825218200425,0.0,5,5,0,consumption|employment|production|real_income,5,1,0.2544376289347892,0.131652650762569,0.4733723329019333,0.7173683409688444,0.2721890914186117,0.15097886677516795,9.467446658038668e-07,1.4149341860964706e-07,8.0,0,5.0,0,7.0,0,8.0,0,0.0,1,2025-09-01,2025-08-01,2025-08-01,2025-07-01,2025-08-01,2025-11-15,2025-11-08,persist17w
2025-11-28,0,2025-10-17,expansion,,withheld,-0.08894831613650056,-0.10730604722001406,1,2,0,3,0.5708534297187223,real_income,-0.07870778881414595,0.1398142644840848,none,absent,False,0.5750644252545551,0,expansion,0.29295388208840556,0.08121179231807085,0.0,6,6,0,consumption|employment|production|real_income,5,1,0.24096362316759212,0.11733164752175855,0.4819272463351842,0.7288663192955128,0.2771081666427309,0.15380189404095765,9.638544926703684e-07,1.39141770896966e-07,8.0,0,5.0,0,7.0,0,4.0,0,0.0,1,2025-09-01,2025-08-01,2025-08-01,2025-07-01,2025-09-01,2025-11-22,2025-11-15,persist17w
2025-12-05,0,2025-11-07,expansion,,withheld,-0.08866457772376345,-0.16322567067985377,1,3,0,3,0.5503759807882146,real_income,-0.10548682345320663,0.3603731899273407,none,absent,False,0.5432463485042915,0,expansion,0.314328496349593,0.12265581574987942,0.0,4,4,0,consumption|employment|production|real_income,5,1,0.2366861664509666,0.11447371550518692,0.4733723329019334,0.7143862455400138,0.2899405539024341,0.1711398970357223,9.467446658038665e-07,1.4191907702051024e-07,7.0,0,8.0,0,5.0,0,7.0,0,0.0,1,2025-09-01,2025-09-01,2025-09-01,2025-07-01,2025-09-01,2025-11-29,2025-11-22,persist17w
2025-12-12,0,2025-11-07,expansion,,withheld,-0.08866457772376345,-0.16322567067985377,1,3,0,3,0.5503759807882146,real_income,-0.10548682345320663,0.3603731899273407,none,absent,False,0.5432463485042915,0,expansion,0.314328496349593,0.12265581574987942,0.0,5,5,0,consumption|employment|production|real_income,5,1,0.2366861664509666,0.11447371550518692,0.4733723329019334,0.7143862455400138,0.2899405539024341,0.1711398970357223,9.467446658038665e-07,1.4191907702051024e-07,7.0,0,8.0,0,5.0,0,7.0,0,0.0,1,2025-09-01,2025-09-01,2025-09-01,2025-07-01,2025-09-01,2025-12-06,2025-11-29,persist17w
2025-12-19,0,2025-11-14,expansion,,withheld,-0.128979510485518,-0.2612067331488056,1,3,0,3,0.5086488174414757,real_income,-0.12388952699264268,0.2624913073779947,none,absent,False,0.5427624024266716,0,expansion,0.37376456770341104,0.20640295105287484,0.0,5,5,1,consumption|production|real_income,5,1,0.23668616645096666,0.1144183168840623,0.47337233290193326,0.7141719717505686,0.2899405539024342,0.17140956932389695,9.467446658038666e-07,1.420414721040238e-07,8.0,0,0.0,1,6.0,0,8.0,0,0.0,1,2025-11-01,2025-09-01,2025-09-01,2025-07-01,2025-09-01,2025-12-13,2025-12-06,persist17w
2025-12-26,0,2025-12-12,slowdown,expansion,preliminary,-0.1701493512184091,-0.4706582049139187,1,3,0,3,0.5768176954974973,real_income,-0.013414886949564202,0.2065268228646437,watch,preliminary,False,0.21692723878991382,2,slowdown,0.4763658411149079,0.383193384082785,0.5294117647058824,2,2,2,consumption|real_income,5,0,0.2179760682769822,0.0873027843696293,0.31678519585610593,0.3478848761277368,0.4652378434209459,0.5648121149176506,8.924459660282847e-07,2.2458498328656963e-07,3.0,0,4.0,0,10.0,0,8.0,0,0.0,1,2025-11-01,2025-09-01,2025-11-01,2025-09-01,2025-09-01,2025-12-20,2025-12-13,persist17w
2026-01-02,0,2025-12-12,slowdown,expansion,preliminary,-0.1701493512184091,-0.4706582049139187,1,3,0,3,0.5768176954974973,real_income,-0.013414886949564202,0.2065268228646437,watch,preliminary,False,0.21692723878991382,2,slowdown,0.4763658411149079,0.383193384082785,0.5294117647058824,3,3,2,consumption|real_income,5,0,0.2179760682769822,0.0873027843696293,0.31678519585610593,0.3478848761277368,0.4652378434209459,0.5648121149176506,8.924459660282847e-07,2.2458498328656963e-07,3.0,0,4.0,0,10.0,0,8.0,0,0.0,1,2025-11-01,2025-09-01,2025-11-01,2025-09-01,2025-09-01,2025-12-27,2025-12-20,persist17w
2026-01-09,0,2025-12-12,expansion,expansion,preliminary,-0.1830100190499379,-0.3707302642294567,1,3,0,3,0.5617585263062165,real_income,-0.013414886949564202,0.2065268228646437,none,absent,False,0.09136917227622038,0,expansion,0.4440797690837522,0.30775487058031525,0.0,4,4,2,consumption|real_income,5,0,0.2285712195920278,0.0826350330625914,0.4914281221228598,0.5043669364629438,0.2799997440002341,0.41299776418672346,9.142848783681113e-07,2.662877411175262e-07,3.0,0,0.0,1,10.0,0,8.0,0,0.0,1,2025-12-01,2025-09-01,2025-11-01,2025-09-01,2025-09-01,2026-01-03,2025-12-27,persist17w
2026-01-16,0,2025-12-12,expansion,,withheld,-0.22658197929996843,-0.2315628765019341,1,3,0,3,0.4759052821101902,real_income,-0.013414886949564202,0.2065268228646437,none,absent,False,0.5537937628277166,0,expansion,0.41095837499923765,0.20469680784615102,0.0,5,5,3,real_income,5,1,0.2285712195920278,0.10311350151039304,0.4914281221228598,0.7253400625836193,0.2799997440002341,0.1715462997559026,9.142848783681113e-07,1.3615008521166025e-07,3.0,0,0.0,1,10.0,0,3.0,0,0.0,1,2025-12-01,2025-09-01,2025-12-01,2025-09-01,2025-11-01,2026-01-10,2026-01-03,persist17w
2026-01-23,0,2026-01-23,expansion,expansion,preliminary,-0.0960359217263097,0.10436462759408274,1,2,1,3,0.498163184839872,real_income,0.1417886971076199,0.760756230123947,none,absent,False,0.6157863226767465,0,expansion,0.2530718357193654,0.011500550359035557,0.0,0,0,3,consumption,4,0,0.23255792320193194,0.10699332800164263,0.49999953488415355,0.7543964352182058,0.2674416116822217,0.1386101125414593,9.302316928077276e-07,1.2423869241123918e-07,5.0,0,6.0,0,7.0,0,9.0,0,0.0,1,2025-12-01,2025-11-01,2025-12-01,2025-10-01,2025-11-01,2026-01-17,2026-01-10,persist17w
2026-01-30,0,2026-01-30,expansion,expansion,preliminary,-0.10391060264076654,0.030249208272201133,1,2,1,3,0.5047826081335199,real_income,0.10241529253533566,0.3901791335145389,none,absent,False,0.6160141231988023,0,expansion,0.2563986144357115,0.015668977777085966,0.0,0,0,3,consumption,4,0,0.23255792320193194,0.10701543528828439,0.4999995348841536,0.7544992818676839,0.2674416116822217,0.13848515866888153,9.302316928077276e-07,1.2417515018519092e-07,6.0,0,7.0,0,8.0,0,10.0,0,0.0,1,2025-12-01,2025-11-01,2025-12-01,2025-10-01,2025-11-01,2026-01-24,2026-01-17,persist17w
2026-02-06,0,2026-02-06,expansion,expansion,preliminary,-0.1111109054104521,0.0031892536604609667,1,2,1,3,0.5109910064848917,real_income,0.06641377868690786,0.2548793604558381,none,absent,False,0.6161223994410167,0,expansion,0.259440491848352,0.01801394966983816,0.0,0,0,2,consumption|real_income,4,0,0.23255792320193194,0.10702647861217653,0.4999995348841536,0.754547898341837,0.2674416116822217,0.13842549890082034,9.302316928077276e-07,1.241451661922213e-07,7.0,0,8.0,0,9.0,0,11.0,0,0.0,1,2025-12-01,2025-11-01,2025-12-01,2025-10-01,2025-11-01,2026-01-31,2026-01-24,persist17w
2026-02-13,0,2026-02-13,expansion,expansion,preliminary,-0.2543493996629477,0.12933463679403553,1,0,1,1,0.4308338026312279,real_income,0.011329284412134587,0.047085606117846505,none,absent,False,0.667565751012424,0,expansion,0.0,0.027799092386833167,0.0,0,0,3,real_income,4,0,0.24096362316759212,0.11079930438896944,0.5180717898103232,0.7783831637152008,0.24096362316759212,0.11081741270277681,9.638544926703684e-07,1.1919305306306705e-07,8.0,0,5.0,0,10.0,0,8.0,0,0.0,1,2026-01-01,2025-11-01,2025-12-01,2025-10-01,2025-12-01,2026-02-07,2026-01-31,persist17w
2026-02-20,0,2026-02-20,expansion,expansion,preliminary,-0.2125327816951626,0.13006503525294918,1,1,1,1,0.5073931534280264,real_income,0.015162769388406792,0.029609829426999138,none,absent,False,0.6427319287748835,0,expansion,0.0,0.02316373588818674,0.0,0,0,3,consumption,4,0,0.23668616645096666,0.1089735153432263,0.5088752578695783,0.7668791459061012,0.25443762893478916,0.12414721713121771,9.467446658038666e-07,1.2161945481691325e-07,4.0,0,6.0,0,7.0,0,9.0,0,0.0,1,2026-01-01,2025-12-01,2026-01-01,2025-11-01,2025-12-01,2026-02-14,2026-02-07,persist17w
2026-02-27,0,2026-02-27,expansion,expansion,preliminary,-0.2151308177817337,0.11999316777161266,1,1,1,1,0.5093636175061226,real_income,0.002172588955551225,-0.016436914142777537,none,absent,False,0.642821781128789,0,expansion,0.0,0.02787655367410082,0.0,0,0,3,consumption,4,0,0.23668616645096666,0.1089830964865066,0.5088752578695783,0.7669192815248022,0.25443762893478916,0.12409750039601317,9.467446658038666e-07,1.215926780857534e-07,5.0,0,7.0,0,8.0,0,10.0,0,0.0,1,2026-01-01,2025-12-01,2026-01-01,2025-11-01,2025-12-01,2026-02-21,2026-02-14,persist17w
2026-03-06,0,2026-03-06,expansion,expansion,preliminary,-0.3304017469832844,-0.01116162002190022,3,2,1,3,0.4280192459789135,real_income,0.03184765424456972,-0.05222764102750538,none,absent,False,0.6162737141537389,0,expansion,0.3688889080508082,0.06674411056495207,0.0,0,0,3,real_income,4,0,0.23255792320193194,0.10704283664503302,0.49999953488415355,0.7546153767025323,0.2674416116822217,0.1383416625487934,9.302316928077276e-07,1.241036412001134e-07,6.0,0,3.0,0,9.0,0,6.0,0,0.0,1,2026-02-01,2025-12-01,2026-01-01,2025-11-01,2026-01-01,2026-02-28,2026-02-21,persist17w
2026-03-13,0,2026-03-13,expansion,expansion,official,-0.21523185626369884,0.04317029650575401,2,1,1,2,0.3983611006673789,real_income,0.059554435581793824,-0.12621854839532337,none,absent,False,0.6428322606601692,0,expansion,0.04269218470313321,0.05833753760726856,0.0,0,0,4,,4,0,0.23668616645096666,0.10898321094935469,0.5088752578695783,0.7669244640608238,0.25443762893478916,0.12409220340065467,9.467446658038666e-07,1.2158916690455385e-07,7.0,0,4.0,0,6.0,0,7.0,0,0.0,1,2026-02-01,2026-01-01,2026-01-01,2025-12-01,2026-01-01,2026-03-07,2026-02-28,persist17w
2026-03-20,0,2026-03-20,expansion,expansion,official,-0.19826249707211888,-0.003341569012580875,2,1,1,2,0.3888268505047981,real_income,0.07011175558469702,-0.12401777437590064,none,absent,False,0.6428659553152242,0,expansion,0.04291811620705945,0.05926099504785448,0.0,0,0,4,,4,0,0.2366861664509667,0.10898766287725642,0.5088752578695783,0.7669390854292548,0.2544376289347892,0.12407313011403069,9.467446658038668e-07,1.2157945808808534e-07,4.0,0,5.0,0,7.0,0,8.0,0,0.0,1,2026-02-01,2026-01-01,2026-02-01,2025-12-01,2026-01-01,2026-03-14,2026-03-07,persist17w
2026-03-27,0,2026-03-27,expansion,expansion,preliminary,-0.04708513558253173,0.00577127514966809,2,1,1,2,0.38531377604414213,real_income,0.07312289831046133,-0.07845355356465582,none,absent,False,0.6428816752168337,0,expansion,0.020602876134677196,0.024394276505499572,0.0,0,0,3,consumption,4,0,0.23668616645096666,0.10898982469306186,0.5088752578695783,0.7669458644744052,0.25443762893478916,0.12406418925757148,9.467446658038666e-07,1.2157496136377804e-07,5.0,0,6.0,0,8.0,0,9.0,0,0.0,1,2026-02-01,2026-01-01,2026-02-01,2025-12-01,2026-01-01,2026-03-21,2026-03-14,persist17w
2026-04-03,0,2026-04-03,expansion,expansion,preliminary,-0.16676033968050621,0.14838035111925868,1,1,2,1,0.39974048587543404,real_income,0.10047363763154592,0.13050847068365617,none,absent,False,0.6339157672889022,0,expansion,0.0,0.016895885019082967,0.0,0,0,3,real_income,4,0,0.2499997674420768,0.12198594772030329,0.49999953488415355,0.7559648478738201,0.2499997674420768,0.12204908058491792,9.302316928077276e-07,1.2382095873889618e-07,6.0,0,3.0,0,9.0,0,6.0,0,0.0,1,2026-03-01,2026-01-01,2026-02-01,2025-12-01,2026-02-01,2026-03-28,2026-03-21,persist17w
2026-04-10,0,2026-04-10,expansion,expansion,official,-0.23224381351401155,0.10400014751162323,1,1,2,1,0.4815659407078196,real_income,0.09792045760083937,0.3059915509264219,none,absent,False,0.6339060080411631,0,expansion,0.0,0.027847249708232154,0.0,0,0,4,,4,0,0.2499997674420768,0.12201265935221405,0.49999953488415355,0.7559466124278084,0.2499997674420768,0.1220406043866452,9.302316928077276e-07,1.2383333253436173e-07,7.0,0,4.0,0,5.0,0,7.0,0,0.0,1,2026-03-01,2026-02-01,2026-02-01,2026-01-01,2026-02-01,2026-04-04,2026-03-28,persist17w
2026-04-17,0,2026-04-17,expansion,expansion,official,-0.3460264728331173,-0.08107033055010768,1,1,1,1,0.5671361727709955,real_income,0.10250681038204532,0.3129670257843883,none,absent,False,0.6338991243409269,0,expansion,0.0,0.0830818351016997,0.0,0,0,4,,4,0,0.2499997674420768,0.12202445466891686,0.49999953488415355,0.7559372729161701,0.2499997674420768,0.12203814857524323,9.302316928077276e-07,1.2383966992839556e-07,4.0,0,5.0,0,6.0,0,8.0,0,0.0,1,2026-03-01,2026-02-01,2026-03-01,2026-01-01,2026-02-01,2026-04-11,2026-04-04,persist17w
2026-04-24,0,2026-04-24,expansion,expansion,official,-0.30608759687874676,-0.0943698563850806,1,1,1,1,0.592172175864156,real_income,0.0928645672805561,0.2881066019082187,none,absent,False,0.6338977663543441,0,expansion,0.0,0.09216196857758836,0.0,0,0,4,,4,0,0.2499997674420768,0.12202987393557574,0.49999953488415355,0.7559338842883996,0.2499997674420768,0.12203611793405539,9.302316928077276e-07,1.2384196930659085e-07,5.0,0,6.0,0,7.0,0,5.0,0,0.0,1,2026-03-01,2026-02-01,2026-03-01,2026-01-01,2026-03-01,2026-04-18,2026-04-11,persist17w
2026-05-01,0,2026-05-01,expansion,expansion,official,-0.25387914458444955,-0.009563834760183054,1,1,1,1,0.5452581863884193,real_income,0.130379073112962,0.33649469390527553,none,absent,False,0.6338972390025337,0,expansion,0.0,0.0425163705784983,0.0,0,0,4,,4,0,0.2499997674420768,0.1220323143326105,0.4999995348841536,0.7559324004134735,0.2499997674420768,0.12203516141093981,9.302316928077276e-07,1.2384297620079128e-07,6.0,0,7.0,0,4.0,0,6.0,0,0.0,1,2026-03-01,2026-03-01,2026-03-01,2026-02-01,2026-03-01,2026-04-25,2026-04-18,persist17w
2026-05-08,0,2026-05-08,expansion,expansion,official,-0.23804614135967403,0.1427493606586139,1,1,2,1,0.5372013546701886,real_income,0.16901542315082968,0.35026887225233827,none,absent,False,0.6085077114787971,0,expansion,0.0,0.02467983371439459,0.0,0,0,4,,4,0,0.262856902530832,0.13577506750067705,0.4914281221228598,0.7442827789794741,0.2457140610614299,0.11994202741062344,9.142848783681113e-07,1.2610922532059472e-07,7.0,0,4.0,0,5.0,0,7.0,0,0.0,1,2026-04-01,2026-03-01,2026-03-01,2026-02-01,2026-03-01,2026-05-02,2026-04-25,persist17w
2026-05-15,0,2026-05-15,expansion,expansion,official,-0.13920866108139546,0.03925720220688807,1,1,2,1,0.4680154750274932,real_income,0.16926959337097622,0.32745335425851757,none,absent,False,0.6081888056319433,0,expansion,0.0,0.020466489378776303,0.0,0,0,4,,4,0,0.262856902530832,0.1359571462519859,0.4914281221228598,0.7441459518839292,0.2457140610614299,0.11989677566957617,9.142848783681113e-07,1.261945086724552e-07,4.0,0,5.0,0,6.0,0,4.0,0,0.0,1,2026-04-01,2026-03-01,2026-04-01,2026-02-01,2026-04-01,2026-05-09,2026-05-02,persist17w
2026-05-22,0,2026-05-22,expansion,expansion,official,-0.13496702461731389,0.0484440700943265,1,1,2,1,0.4653013071013504,real_income,0.18333188388490715,0.37338769369570973,none,absent,False,0.6080377101514338,0,expansion,0.0,0.019323590360019266,0.0,0,0,4,,4,0,0.262856902530832,0.13604396623567214,0.4914281221228598,0.744081676387106,0.2457140610614299,0.11987423114270415,9.142848783681113e-07,1.262345176737005e-07,5.0,0,6.0,0,7.0,0,5.0,0,0.0,1,2026-04-01,2026-03-01,2026-04-01,2026-02-01,2026-04-01,2026-05-16,2026-05-09,persist17w
2026-05-29,0,2026-05-29,expansion,expansion,official,-0.31877898678158106,-0.04664378041426157,1,1,1,1,0.5744845791868186,real_income,0.1265313449461324,0.08786932953984823,none,absent,False,0.6338497539361728,0,expansion,0.0,0.05833541322297748,0.0,0,0,4,,4,0,0.24999976744207678,0.12206116619625966,0.4999995348841536,0.7559109201324324,0.24999976744207678,0.12202778981375606,9.302316928077275e-07,1.2385755180283425e-07,6.0,0,7.0,0,4.0,0,6.0,0,0.0,1,2026-04-01,2026-04-01,2026-04-01,2026-03-01,2026-04-01,2026-05-23,2026-05-16,persist17w
2026-06-05,0,2026-06-05,expansion,expansion,official,-0.312811243038523,-0.06352902340649712,1,1,1,1,0.592828316199362,real_income,0.07357187648065779,-0.09458827317612711,none,absent,False,0.6338878768525282,0,expansion,0.0,0.08282719148454096,0.0,0,0,4,,4,0,0.2499997674420768,0.12204568950470855,0.49999953488415355,0.7559335663572367,0.2499997674420768,0.12202062029586969,9.302316928077276e-07,1.238421850411102e-07,7.0,0,4.0,0,5.0,0,7.0,0,0.0,1,2026-05-01,2026-04-01,2026-04-01,2026-03-01,2026-04-01,2026-05-30,2026-05-23,persist17w
2026-06-12,0,2026-06-12,expansion,expansion,official,-0.31985903125373716,-0.09070556818558684,1,1,1,1,0.5979227116880982,real_income,0.03532396591327455,-0.23047099707157567,none,absent,False,0.6338927383003624,0,expansion,0.0,0.1394778259438168,0.0,0,0,4,,4,0,0.2499997674420768,0.12203952289159449,0.49999953488415355,0.7559322611919569,0.2499997674420768,0.12202809207337799,9.302316928077276e-07,1.2384307067057115e-07,8.0,0,5.0,0,6.0,0,8.0,0,0.0,1,2026-05-01,2026-04-01,2026-04-01,2026-03-01,2026-04-01,2026-06-06,2026-05-30,persist17w
2026-06-19,0,2026-06-19,expansion,expansion,official,-0.3022070740387223,-0.05277838662809039,1,2,2,2,0.5842241797065187,real_income,-0.005663921771317367,-0.34108386748780084,none,absent,False,0.6085256468824659,0,expansion,0.43890955764680045,0.1291686534987327,0.0,0,0,4,,4,0,0.2457140610614299,0.11993435629043095,0.4914281221228598,0.7442955822456421,0.262856902530832,0.13576993536317614,9.142848783681113e-07,1.261007507067942e-07,4.0,0,6.0,0,7.0,0,4.0,0,0.0,1,2026-05-01,2026-04-01,2026-05-01,2026-03-01,2026-05-01,2026-06-13,2026-06-06,persist17w
2026-06-26,0,2026-06-26,expansion,expansion,official,-0.3287339293695857,-0.08297620906211953,1,2,2,2,0.5666347257568395,real_income,-0.020320631227645616,-0.5166507775118981,none,absent,False,0.6081981279845718,0,expansion,0.503741054937737,0.19401393279304174,0.0,0,0,4,,4,0,0.2457140610614299,0.11989346480864856,0.4914281221228598,0.7441522684927879,0.262856902530832,0.13595414050821605,9.142848783681113e-07,1.261903473189329e-07,5.0,0,7.0,0,4.0,0,5.0,0,0.0,1,2026-05-01,2026-05-01,2026-05-01,2026-04-01,2026-05-01,2026-06-20,2026-06-13,persist17w
2026-07-03,0,2026-07-03,expansion,expansion,official,-0.335856318069378,-0.19830492705779595,1,2,1,2,0.5616738500426524,real_income,-0.012132414924746706,-0.6342268042543258,none,absent,False,0.6163694437398853,0,expansion,0.5906887948004451,0.336696626787403,0.0,0,0,4,,4,0,0.23255792320193194,0.10705922248180377,0.49999953488415355,0.7546550485891247,0.2674416116822217,0.13828560484923935,9.302316928077276e-07,1.240798321837536e-07,6.0,0,3.0,0,5.0,0,6.0,0,0.0,1,2026-06-01,2026-05-01,2026-05-01,2026-04-01,2026-05-01,2026-06-27,2026-06-20,persist17w
2026-07-10,0,2026-07-10,expansion,expansion,official,-0.33200092236556894,-0.1809476645086993,1,2,1,2,0.5623634386258738,real_income,0.007144563594298522,-0.5533281403144911,none,absent,False,0.6162918003550069,0,expansion,0.5625161376770715,0.3009442816293912,0.0,0,0,4,,4,0,0.23255792320193194,0.10704764165138163,0.4999995348841536,0.7546220173018926,0.2674416116822217,0.13833021694688577,9.302316928077276e-07,1.240998399881991e-07,7.0,0,4.0,0,6.0,0,7.0,0,0.0,1,2026-06-01,2026-05-01,2026-05-01,2026-04-01,2026-05-01,2026-07-04,2026-06-27,persist17w
2026-07-17,0,2026-07-17,expansion,expansion,official,-0.3013697328297924,-0.25898360394521325,1,2,0,2,0.5821465022270909,real_income,0.03817342920761977,-0.49920735265593025,none,absent,False,0.6162556071245096,0,expansion,0.5725160157136382,0.35842257310647774,0.0,0,0,4,,4,0,0.23255792320193194,0.10704767227998556,0.4999995348841536,0.7546039053665717,0.2674416116822217,0.13834829824206218,9.302316928077276e-07,1.241113805267922e-07,4.0,0,5.0,0,7.0,0,4.0,0,0.0,1,2026-06-01,2026-05-01,2026-06-01,2026-04-01,2026-06-01,2026-07-11,2026-07-04,persist17w
2026-07-24,0,2026-07-24,expansion,expansion,official,-0.2896919746484562,-0.18497577165950146,1,2,0,2,0.5736413974041413,real_income,0.09569292950340938,-0.12916819122737128,none,absent,False,0.6162376719302513,0,expansion,0.45105735108797956,0.20466624297112848,0.0,0,0,4,,4,0,0.2325579232019319,0.10704191111773044,0.4999995348841536,0.7545978183488886,0.26744161168222164,0.13836014641863734,9.302316928077275e-07,1.2411474371778924e-07,5.0,0,6.0,0,8.0,0,5.0,0,0.0,1,2026-06-01,2026-05-01,2026-06-01,2026-04-01,2026-06-01,2026-07-18,2026-07-11,persist17w
2026-07-31,0,2026-07-31,expansion,expansion,official,-0.20328024859973387,0.2940944085554861,1,0,1,1,0.5193048084426601,real_income,0.13928640621239857,0.22748824115948113,none,absent,False,0.6513889448917485,0,expansion,0.0,0.008190539852823486,0.0,0,0,4,,4,0,0.25425786649156684,0.1224227944335582,0.5186423602053244,0.7738117393253067,0.22709882722732652,0.10376534599703846,9.460757822942021e-07,1.2024409658627627e-07,6.0,0,7.0,0,4.0,0,6.0,0,0.0,1,2026-06-01,2026-06-01,2026-06-01,2026-05-01,2026-06-01,2026-07-25,2026-07-18,persist17w
2026-08-07,0,2026-08-07,expansion,expansion,official,-0.21180920457761374,0.24599234834539901,2,1,1,2,0.5025288352907881,real_income,0.1754614433321974,0.5038480517195659,none,absent,False,0.634142348622722,0,expansion,0.006400607908785829,0.012801215817571657,0.0,0,0,4,,4,0,0.2499997674420768,0.1219552974493651,0.49999953488415355,0.7560976460720871,0.2499997674420768,0.12194693274770037,9.302316928077276e-07,1.2373084754871828e-07,7.0,0,4.0,0,5.0,0,7.0,0,0.0,1,2026-07-01,2026-06-01,2026-06-01,2026-05-01,2026-06-01,2026-08-01,2026-07-25,persist17w
2026-08-14,0,2026-08-14,expansion,expansion,official,-0.24782057928767984,0.27432325090265297,2,1,1,2,0.5258394427264671,real_income,0.17500743604815222,0.6488466108121292,none,absent,False,0.6353953000771821,0,expansion,0.0060185979654273514,0.012037195930854703,0.0,0,0,4,,4,0,0.2499997674420768,0.12179837507525618,0.5016144277273941,0.7571936751524383,0.24838487459883643,0.12100782618236537,9.302316928077276e-07,1.2358994024147112e-07,8.0,0,5.0,0,6.0,0,4.0,0,0.0,1,2026-07-01,2026-06-01,2026-06-01,2026-05-01,2026-07-01,2026-08-08,2026-08-01,persist17w
