as_of,future_observations,last_modelled_week,raw_phase,official_phase,phase_status,activity_level,activity_momentum,negative_level_domains,negative_momentum_domains,positive_momentum_domains,confirming_domains,concentration,dominant_domain,labor_stress_level,labor_stress_momentum,recession_alert,recession_alert_character,evidence_quality_high,phase_separation,confirmation_pending,filtered_winner,contraction_evidence,alert_evidence,information_lag_weeks,weeks_since_any_new_observation,fresh_coincident_domains,stale_domains,carried_forward_domains,withheld,raw_recovery,filtered_recovery,raw_expansion,filtered_expansion,raw_slowdown,filtered_slowdown,raw_contraction,filtered_contraction,age_production,arrived_production,age_employment,arrived_employment,age_real_income,arrived_real_income,age_consumption,arrived_consumption,age_labor_stress,arrived_labor_stress,latest_observation_PAYEMS,latest_observation_W875RX1,latest_observation_INDPRO,latest_observation_CMRMTSPL,latest_observation_RRSFS,latest_observation_ICSA,latest_observation_CCSA,gated_phase,gated_status,blocked_run_weeks,gate_reason
2013-06-14,0,2013-06-14,expansion,slowdown,official,0.4794870609339569,0.0560475839582127,0,1,1,1,0.4297468575430143,labor_stress,1.0302902883445189,0.5893129476524519,none,absent,False,0.0019083447218758,1,expansion,0.0,0.0,0,0,4,,4,0,0.1711955590916897,0.0481210064307098,0.4441050430018537,0.4768935597057054,0.3846984676747637,0.4749852149838295,9.302316928077276e-07,2.1887975531906402e-07,4.0,0,5.0,0,6.0,0,8.0,0,0.0,1,2013-05-01,2013-04-01,2013-05-01,2013-02-01,2013-04-01,2013-06-08,2013-06-01,slowdown,official,0,initial
2013-06-21,0,2013-06-21,expansion,expansion,official,0.4706399138207461,0.0262827320386999,0,1,1,1,0.4128760989113439,labor_stress,0.971579858051404,0.2453543496273584,none,absent,False,0.1236310250852968,0,expansion,0.0,0.0,0,0,4,,4,0,0.1685819232562256,0.0552621329228663,0.4297001568129991,0.5341843516212662,0.4017169896990825,0.4105533265359693,9.302316928077276e-07,1.8891989812686534e-07,5.0,0,6.0,0,7.0,0,5.0,0,0.0,1,2013-05-01,2013-04-01,2013-05-01,2013-02-01,2013-05-01,2013-06-15,2013-06-08,expansion,official,0,accepted
2013-06-28,0,2013-06-28,slowdown,expansion,official,0.4909981912511392,-0.0477723916029328,0,1,1,1,0.4052048942031344,labor_stress,0.994774350699241,-0.2583820681756074,none,absent,False,0.09243047913342,0,expansion,0.0,0.0560596505666985,0,0,4,,4,0,0.1502860958541738,0.0515906042238762,0.3988878614631396,0.5204198481881283,0.4508251124509936,0.4279893690547082,9.302316928077276e-07,1.785332872905939e-07,6.0,0,7.0,0,4.0,0,6.0,0,0.0,1,2013-05-01,2013-05-01,2013-05-01,2013-04-01,2013-05-01,2013-06-22,2013-06-15,expansion,official,0,unchanged
2013-07-05,0,2013-07-05,slowdown,expansion,official,0.4948738779197873,-0.0676388078202295,0,1,1,1,0.3993182963941258,labor_stress,0.9880609693044204,-0.4945382138015844,none,absent,False,0.0535729580042784,0,expansion,0.0,0.10663591521004,0,0,4,,4,0,0.1458669433211129,0.0491995247731557,0.3901532250766956,0.5021866262469799,0.4639789013704987,0.4486136682427014,9.302316928077276e-07,1.807371629644199e-07,7.0,0,3.0,0,5.0,0,7.0,0,0.0,1,2013-06-01,2013-05-01,2013-05-01,2013-04-01,2013-05-01,2013-06-29,2013-06-22,expansion,official,0,unchanged
2013-07-12,0,2013-07-12,slowdown,expansion,official,0.4788826027765921,-0.1087313839097053,0,1,1,1,0.377909106641938,labor_stress,0.90487048300834,-0.7030829656567966,none,absent,False,0.0940228523168061,1,slowdown,0.0,0.1531652517465791,0,0,4,,4,0,0.1425630676733387,0.043285263276951,0.3693842278512112,0.4313458445454098,0.4880517742437571,0.525368696862216,9.302316928077276e-07,1.9531542326898005e-07,8.0,0,4.0,0,6.0,0,8.0,0,0.0,1,2013-06-01,2013-05-01,2013-05-01,2013-04-01,2013-05-01,2013-07-06,2013-06-29,expansion,official,0,unchanged
2013-07-19,0,2013-07-19,expansion,expansion,official,0.4809624174942162,0.0405383874362356,0,0,1,0,0.3796917123898032,labor_stress,0.913087219467592,-0.6860181973502951,none,absent,False,0.3455066234715264,0,expansion,0.0,0.1470038994322061,0,0,4,,4,0,0.1729133987680414,0.0658196629382075,0.4498789707691172,0.6398434005145505,0.3772066739144283,0.2943367770430241,9.565484130187618e-07,1.595042179374059e-07,4.0,0,5.0,0,7.0,0,4.0,0,0.0,1,2013-06-01,2013-05-01,2013-06-01,2013-04-01,2013-06-01,2013-07-13,2013-07-06,expansion,official,0,unchanged
2013-07-26,0,2013-07-26,expansion,expansion,official,0.4803391994848887,0.0974057660638862,0,0,1,0,0.3766503493991443,labor_stress,0.9045996365804432,-0.4019216236610853,none,absent,False,0.3768376877450052,0,expansion,0.0,0.0861260622130897,0,0,4,,4,0,0.1824181555363103,0.0674059359788117,0.4740203799034475,0.6547157944682789,0.3435605103592336,0.2778781067232737,9.542010084427293e-07,1.628296356384261e-07,5.0,0,6.0,0,8.0,0,5.0,0,0.0,1,2013-06-01,2013-05-01,2013-06-01,2013-04-01,2013-06-01,2013-07-20,2013-07-13,expansion,official,0,unchanged
2013-08-02,0,2013-08-02,slowdown,slowdown,official,0.4603288097758239,-0.0828644928594558,0,0,0,0,0.4065374358755197,labor_stress,0.9357044699294668,-0.1212717932397691,none,absent,False,0.3178525915662243,0,slowdown,0.0,0.0302548298166309,0,0,4,,4,0,0.1476594224023812,0.0303706502828243,0.3963888616759942,0.3258882534671073,0.4559507435776338,0.6437408450333316,9.723439907948935e-07,2.512167366197324e-07,6.0,0,3.0,0,4.0,0,6.0,0,0.0,1,2013-07-01,2013-06-01,2013-06-01,2013-04-01,2013-06-01,2013-07-27,2013-07-20,slowdown,official,0,accepted
2013-08-09,0,2013-08-09,expansion,slowdown,official,0.5077893864693657,-0.0411296328192307,0,0,0,0,0.393015632068455,labor_stress,0.9978458334045536,-0.1709575099141437,none,absent,False,0.0133893004404309,0,slowdown,0.0,0.0366337521244593,0,0,4,,4,0,0.1387885607492613,0.0366806309170842,0.4380071413872539,0.4749649313762047,0.4232033549957937,0.4883542318166357,9.428676908644064e-07,2.0589007543322946e-07,7.0,0,4.0,0,5.0,0,7.0,0,0.0,1,2013-07-01,2013-06-01,2013-06-01,2013-05-01,2013-06-01,2013-08-03,2013-07-27,slowdown,official,0,unchanged
2013-08-16,0,2013-08-16,expansion,slowdown,official,0.5130932646676906,0.0020332082750546,0,0,0,0,0.4175065889862049,labor_stress,1.0710990938160176,0.2333640505234411,none,absent,False,0.0156688267209436,0,slowdown,0.0,0.0,0,0,4,,4,0,0.1439188596293468,0.036057703295116,0.4590126368216927,0.4741366265051899,0.3970675634211141,0.4898054532261335,9.40127846373672e-07,2.1697356052572147e-07,4.0,0,5.0,0,6.0,0,4.0,0,0.0,1,2013-07-01,2013-06-01,2013-07-01,2013-05-01,2013-07-01,2013-08-10,2013-08-03,slowdown,official,0,unchanged
2013-08-23,0,2013-08-23,expansion,slowdown,official,0.5144620973025601,-0.005038119558453,0,0,0,0,0.4190183951558441,labor_stress,1.0778454119011422,0.1952753856299517,none,absent,False,0.0488924163325227,1,expansion,0.0,0.0,0,0,4,,4,0,0.1425486602290298,0.0381611349196143,0.4558814642363715,0.5053655393824288,0.4015689349983389,0.456473123049906,9.405362597807352e-07,2.026480508177432e-07,5.0,0,6.0,0,7.0,0,5.0,0,0.0,1,2013-07-01,2013-06-01,2013-07-01,2013-05-01,2013-07-01,2013-08-17,2013-08-10,slowdown,official,0,unchanged
2013-08-30,0,2013-08-30,slowdown,slowdown,official,0.4705702515179856,-0.1083125043005787,0,1,0,1,0.4438921604205924,labor_stress,1.044412227879901,0.0926220687701056,none,absent,False,0.3969384896028166,0,slowdown,0.0,0.0042397971899121,0,0,4,,4,0,0.1359495233891283,0.0257691235209322,0.3724607510179151,0.2886460742299239,0.4915887858764221,0.6855845638327405,9.39716534453628e-07,2.3841640343779418e-07,6.0,0,7.0,0,4.0,0,6.0,0,0.0,1,2013-07-01,2013-07-01,2013-07-01,2013-06-01,2013-07-01,2013-08-24,2013-08-17,slowdown,official,0,unchanged
2013-09-06,0,2013-09-06,slowdown,slowdown,official,0.4751940928215955,-0.0643266722712022,0,1,0,1,0.4564071771089891,labor_stress,1.0844099724178569,0.4990671714994705,none,absent,False,0.4108239006335801,0,slowdown,0.0,0.0021589921279869,0,0,4,,4,0,0.1423402545017491,0.0248077338237158,0.3935707616048829,0.2821840561873788,0.4640880437309688,0.693007956820959,9.40162399000216e-07,2.531679463495976e-07,7.0,0,4.0,0,5.0,0,7.0,0,0.0,1,2013-08-01,2013-07-01,2013-07-01,2013-06-01,2013-07-01,2013-08-31,2013-08-24,slowdown,official,0,unchanged
2013-09-13,0,2013-09-13,expansion,slowdown,official,0.5012029358815095,0.0235969710635788,0,1,0,1,0.4745849139079517,labor_stress,1.1893167608786943,0.8296659216805092,none,absent,False,0.2171428842884531,0,slowdown,0.0,0.0,0,0,4,,4,0,0.1503161216418349,0.0316348892199952,0.4376802073869691,0.3756109895578118,0.4120027302523416,0.592753873846265,9.407188543295658e-07,2.473759279811127e-07,8.0,0,5.0,0,6.0,0,8.0,0,0.0,1,2013-08-01,2013-07-01,2013-07-01,2013-06-01,2013-07-01,2013-09-07,2013-08-31,slowdown,official,0,unchanged
2013-09-20,0,2013-09-20,expansion,slowdown,official,0.5332062580671894,0.0751620069108084,0,1,0,1,0.4982104945945413,labor_stress,1.328244767762795,1.3055590687527472,none,absent,True,0.1404437196201644,0,slowdown,0.0,0.0,0,0,4,,4,0,0.1500942327783616,0.0322413785094551,0.4657440246459928,0.4136573269214096,0.3841608018722717,0.554101046541574,9.407033737255844e-07,2.480275611744848e-07,4.0,0,6.0,0,7.0,0,4.0,0,0.0,1,2013-08-01,2013-07-01,2013-08-01,2013-06-01,2013-08-01,2013-09-14,2013-09-07,slowdown,official,0,unchanged
2013-09-27,0,2013-09-27,expansion,expansion,official,0.5693446159822104,0.2327065267578728,0,0,0,0,0.5072704385378078,labor_stress,1.4440584651421782,1.5627426366037835,none,absent,True,0.464063178515962,0,expansion,0.0,0.0,0,0,4,,4,0,0.1654874000020489,0.0518083586405329,0.5517602186914252,0.7061273275589669,0.2827514198023864,0.2420641490430048,9.61504139517389e-07,1.6475749538539768e-07,5.0,0,7.0,0,4.0,0,5.0,0,0.0,1,2013-08-01,2013-08-01,2013-08-01,2013-06-01,2013-08-01,2013-09-21,2013-09-14,expansion,official,0,accepted
2013-10-04,0,2013-10-04,expansion,expansion,official,0.5747161181353829,0.2104440096241476,0,0,0,0,0.5106918258981453,labor_stress,1.4675141187182643,1.4542484346359332,none,absent,True,0.5489486925347185,0,expansion,0.0,0.0,0,0,4,,4,0,0.1613355120862903,0.0537620993197258,0.5436923532771378,0.7475932285865866,0.2949711725695584,0.1986445360518682,9.620670132857444e-07,1.3604181933853173e-07,6.0,0,8.0,0,5.0,0,6.0,0,0.0,1,2013-08-01,2013-08-01,2013-08-01,2013-06-01,2013-08-01,2013-09-28,2013-09-21,expansion,official,0,unchanged
2013-10-11,0,2013-10-04,expansion,expansion,preliminary,0.5749353632601512,0.2111527315920906,0,0,0,0,0.5108784180588235,labor_stress,1.4686103443421057,1.457792044475648,none,absent,True,0.5495199817609242,0,expansion,0.0,0.0,1,1,3,employment,5,0,0.161362901099566,0.0537593041079707,0.5440217266378448,0.7478802708222729,0.2946144102185554,0.1983602890613487,9.620440337719306e-07,1.360084075787981e-07,6.0,0,8.0,0,5.0,0,6.0,0,0.0,1,2013-08-01,2013-08-01,2013-08-01,2013-06-01,2013-08-01,2013-10-05,2013-09-28,expansion,preliminary,0,unchanged
2013-10-18,0,2013-10-04,expansion,expansion,preliminary,0.5749353632601512,0.2111527315920906,0,0,0,0,0.5108784180588235,labor_stress,1.4686103443421057,1.457792044475648,none,absent,True,0.5495199817609242,0,expansion,0.0,0.0,2,2,3,employment,5,0,0.161362901099566,0.0537593041079707,0.5440217266378448,0.7478802708222729,0.2946144102185554,0.1983602890613487,9.620440337719306e-07,1.360084075787981e-07,6.0,0,8.0,0,5.0,0,6.0,0,0.0,1,2013-08-01,2013-08-01,2013-08-01,2013-06-01,2013-08-01,2013-10-12,2013-10-05,expansion,preliminary,0,unchanged
2013-10-25,0,2013-10-18,slowdown,expansion,preliminary,0.4756198712392727,-0.1298527813543115,0,0,0,0,0.405923996618823,labor_stress,0.965327595023878,-0.4201725697952971,none,absent,False,0.2167803795886785,0,expansion,0.0,0.0943284844852556,1,1,2,consumption|production,5,0,0.1359109681947349,0.0523580952172198,0.3761120226989716,0.5822110646100963,0.4879760353476409,0.3654306850214178,9.73758652564675e-07,1.551512659768965e-07,8.0,0,5.0,0,7.0,0,8.0,0,0.0,1,2013-09-01,2013-08-01,2013-08-01,2013-06-01,2013-08-01,2013-10-19,2013-10-12,expansion,preliminary,0,unchanged
2013-11-01,0,2013-11-01,slowdown,expansion,preliminary,0.435800004686767,-0.1714561877498129,0,0,1,0,0.3312663695720343,labor_stress,0.7218294270603044,-1.2117100872247937,none,absent,False,0.0229282456771647,0,expansion,0.0,0.1639073796666151,0,0,3,real_income,4,0,0.1468183654184888,0.0550839337448648,0.3491835842129135,0.4839220644339345,0.5039970849743503,0.4609938187567697,9.653942474221664e-07,1.830644308637347e-07,6.0,0,7.0,0,9.0,0,6.0,0,0.0,1,2013-09-01,2013-08-01,2013-09-01,2013-06-01,2013-09-01,2013-10-26,2013-10-19,expansion,preliminary,0,unchanged
2013-11-08,0,2013-11-08,slowdown,expansion,official,0.4768380908060086,-0.057865634749186,0,0,2,0,0.3431454879224712,labor_stress,0.8181241966482373,-1.264944976243499,none,absent,False,0.2022938676576183,0,expansion,0.0,0.151827313489771,0,0,4,,4,0,0.1662577076702449,0.0663896229055998,0.4010499614504832,0.5679520362920272,0.4326913805462399,0.3656581686344088,9.503330318413412e-07,1.7216796413649829e-07,7.0,0,4.0,0,5.0,0,7.0,0,0.0,1,2013-10-01,2013-09-01,2013-09-01,2013-06-01,2013-09-01,2013-11-02,2013-10-26,expansion,official,0,unchanged
2013-11-15,0,2013-11-15,slowdown,expansion,official,0.4747363497109006,-0.2196919856101241,0,0,1,0,0.3607420972457975,labor_stress,0.8562869321676232,-1.5391677666647694,none,absent,False,0.2970263955999462,2,slowdown,0.0,0.1574948918413974,0,0,4,,4,0,0.1287538766448257,0.0345129109981759,0.330865678980707,0.3342302387231103,0.5403794764419159,0.6312566343230566,9.679325514424116e-07,2.1595565717336915e-07,4.0,0,5.0,0,6.0,0,8.0,0,0.0,1,2013-10-01,2013-09-01,2013-10-01,2013-06-01,2013-09-01,2013-11-09,2013-11-02,expansion,official,0,unchanged
2013-11-22,0,2013-11-22,slowdown,expansion,official,0.4955634334132487,-0.2123481546368517,0,0,1,0,0.3713018563051851,labor_stress,0.9200181137165514,-1.6949096744590262,none,absent,False,0.3325519600740311,2,slowdown,0.0,0.1519060920374909,0,0,4,,4,0,0.1254503467855877,0.0308091417744723,0.3360048554248174,0.3183193389443475,0.5385438299851116,0.6508712990183786,9.678044832040932e-07,2.2026280158328466e-07,5.0,0,6.0,0,7.0,0,5.0,0,0.0,1,2013-10-01,2013-09-01,2013-10-01,2013-08-01,2013-10-01,2013-11-16,2013-11-09,expansion,official,0,unchanged
2013-11-29,0,2013-11-29,slowdown,slowdown,official,0.515825589175354,-0.1710370699955913,0,0,1,0,0.3941235631177363,labor_stress,1.0164950957654808,-1.4904403919347775,none,absent,True,0.392818128993609,0,slowdown,0.0,0.15,0,0,4,,4,0,0.1280581130194309,0.0262743146219339,0.357088038588936,0.2904536603366933,0.514852882240005,0.6832717893303023,9.661516279222068e-07,2.357110703804003e-07,6.0,0,7.0,0,8.0,0,6.0,0,0.0,1,2013-10-01,2013-09-01,2013-10-01,2013-08-01,2013-10-01,2013-11-23,2013-11-16,slowdown,official,0,accepted
2013-12-06,0,2013-12-06,expansion,slowdown,official,0.5414877631459033,0.0172755297004584,0,0,0,0,0.4283422369153138,labor_stress,1.1597103986409294,-0.0359153494517509,none,absent,True,0.3961358912720782,0,slowdown,0.0,0.0076961463110894,0,0,4,,4,0,0.143638612068188,0.0215825533859643,0.453111211813394,0.291140630978083,0.4032492077317963,0.6872765222501613,9.683866214868624e-07,2.933857912112231e-07,7.0,0,4.0,0,5.0,0,7.0,0,0.0,1,2013-11-01,2013-10-01,2013-10-01,2013-09-01,2013-10-01,2013-11-30,2013-11-23,slowdown,official,0,unchanged
2013-12-13,0,2013-12-13,expansion,slowdown,official,0.527238406227801,0.1109651343413274,0,0,0,0,0.4035101361792204,labor_stress,1.0637302054794755,0.3095381376940658,none,absent,False,0.0658310881558812,0,slowdown,0.0,0.0,0,0,4,,4,0,0.1609526254120852,0.0346449572139878,0.4935471604364898,0.4497618461111938,0.3454992485859133,0.5155929342670751,9.65565511613338e-07,2.6240774328786933e-07,8.0,0,5.0,0,6.0,0,8.0,0,0.0,1,2013-11-01,2013-10-01,2013-10-01,2013-09-01,2013-10-01,2013-12-07,2013-11-30,slowdown,official,0,unchanged
2013-12-20,0,2013-12-20,expansion,expansion,official,0.5278967521902158,0.2899224435525089,0,0,2,0,0.3266894905010701,labor_stress,0.8622916050509564,0.1486857923905202,none,absent,True,0.656161977202316,0,expansion,0.0,0.0,0,0,4,,4,0,0.1879846545934314,0.0630032981227724,0.574383987838685,0.7965792814726923,0.2376304456036544,0.1404173042703763,9.119642289881096e-07,1.1613415893585314e-07,4.0,0,6.0,0,7.0,0,4.0,0,0.0,1,2013-11-01,2013-10-01,2013-11-01,2013-09-01,2013-11-01,2013-12-14,2013-12-07,expansion,official,0,accepted
2013-12-27,0,2013-12-27,expansion,expansion,official,0.5105687596377667,0.2546806151738497,0,0,2,0,0.2956215639408258,labor_stress,0.7546756761172208,0.1518480677391606,none,absent,True,0.6626399102073024,0,expansion,0.0,0.0,0,0,4,,4,0,0.1890817421515591,0.0667738995889146,0.5581724341240245,0.7979329504923309,0.2527449097221799,0.1352930402850285,9.140022364421956e-07,1.0963372588579457e-07,5.0,0,7.0,0,4.0,0,5.0,0,0.0,1,2013-11-01,2013-11-01,2013-11-01,2013-09-01,2013-11-01,2013-12-21,2013-12-14,expansion,official,0,unchanged
2014-01-03,0,2014-01-03,expansion,expansion,official,0.4823327050977166,0.1030876688403863,0,0,2,0,0.2543747213788153,labor_stress,0.6134662373556097,-0.6056632459556912,none,absent,False,0.591109279968965,0,expansion,0.0,0.1297849812762195,0,0,4,,4,0,0.1768535915713784,0.0689225554394849,0.4935753061986936,0.7610933067101614,0.3295701789488616,0.1699840267411964,9.23281066286116e-07,1.1110915721555189e-07,6.0,0,8.0,0,5.0,0,6.0,0,0.0,1,2013-11-01,2013-11-01,2013-11-01,2013-09-01,2013-11-01,2013-12-28,2013-12-21,expansion,official,0,unchanged
2014-01-10,0,2014-01-10,expansion,expansion,official,0.4936772461229242,0.058949103960201,0,0,2,0,0.2775661939029049,labor_stress,0.6851405711140385,-0.5698376464254207,none,absent,False,0.474207108269325,0,expansion,0.0,0.1221080670911615,0,0,4,,4,0,0.1669791155802724,0.0639371652482454,0.4766467864863166,0.70513490519159,0.3563731717553628,0.2309277969222649,9.261780481073172e-07,1.3263789986776345e-07,7.0,0,4.0,0,6.0,0,7.0,0,0.0,1,2013-12-01,2013-11-01,2013-11-01,2013-09-01,2013-11-01,2014-01-04,2013-12-28,expansion,official,0,unchanged
2014-01-17,0,2014-01-17,expansion,expansion,official,0.5117161490804337,0.0161750451279999,0,0,1,0,0.3143089258397321,labor_stress,0.8041847657615766,-0.3586069845021747,none,absent,True,0.2944277597091375,0,expansion,0.0,0.0768443538218945,0,0,4,,4,0,0.1463231661790135,0.0488075881982261,0.4654049622503812,0.6228100050802042,0.3882709322765397,0.3283822453710667,9.392940656297976e-07,1.613505028529745e-07,4.0,0,5.0,0,7.0,0,4.0,0,0.0,1,2013-12-01,2013-11-01,2013-12-01,2013-09-01,2013-12-01,2014-01-11,2014-01-04,expansion,official,0,unchanged
2014-01-24,0,2014-01-24,expansion,expansion,official,0.5116576157443308,-0.0431600239566052,0,0,1,0,0.3142304831763736,labor_stress,0.8038920990810619,-0.6584740055242413,none,absent,True,0.2215133973226446,0,expansion,0.0,0.1411015726123374,0,0,4,,4,0,0.1375679401031916,0.0454251281477853,0.4375066068352619,0.5880440525754124,0.4249245101285686,0.3665306552527677,9.429329779145966e-07,1.6402403443887461e-07,5.0,0,6.0,0,8.0,0,5.0,0,0.0,1,2013-12-01,2013-11-01,2013-12-01,2013-09-01,2013-12-01,2014-01-18,2014-01-11,expansion,official,0,unchanged
2014-01-31,0,2014-01-31,slowdown,expansion,official,0.500875802122799,-0.0948154469023009,0,0,2,0,0.295876960826491,labor_stress,0.7409880504181234,-1.2923188586826058,none,absent,False,0.3244154078520778,0,expansion,0.0,0.1502431067244822,0,0,4,,4,0,0.128749564090142,0.0462382373784203,0.426915858200836,0.6390885165566316,0.4443336561230602,0.3146731087045537,9.215859616016398e-07,1.3736039438259473e-07,6.0,0,7.0,0,4.0,0,6.0,0,0.0,1,2013-12-01,2013-12-01,2013-12-01,2013-11-01,2013-12-01,2014-01-25,2014-01-18,expansion,official,0,unchanged
2014-02-07,0,2014-02-07,slowdown,expansion,official,0.4937667053189161,-0.1333032923191915,0,1,2,1,0.2843660998746524,labor_stress,0.7020525611974847,-1.1246117020254167,none,absent,False,0.1361721525810312,2,slowdown,0.0,0.1514856635798785,0,0,4,,4,0,0.1233626046113309,0.0329011607730078,0.3786201709970914,0.4154632468968504,0.4980163085230571,0.5516353994778816,9.158685205857608e-07,1.9285226017293986e-07,7.0,0,4.0,0,5.0,0,7.0,0,0.0,1,2014-01-01,2013-12-01,2013-12-01,2013-11-01,2013-12-01,2014-02-01,2014-01-25,expansion,official,0,unchanged
2014-02-14,0,2014-02-14,slowdown,slowdown,official,0.4475137608058597,-0.3688700205437457,0,2,0,2,0.3012801557016542,labor_stress,0.6741350776711112,-0.6154904855186917,none,absent,False,0.8446201833905097,0,slowdown,0.1676842299863509,0.1565956303997339,0,0,4,,4,0,0.0940050733630194,0.0069204310705688,0.2288434483381762,0.0742295844913436,0.6771505666237029,0.9188497678818534,9.116751013739808e-07,2.1655623417342129e-07,4.0,0,5.0,0,6.0,0,8.0,0,0.0,1,2014-01-01,2013-12-01,2014-01-01,2013-11-01,2013-12-01,2014-02-08,2014-02-01,slowdown,official,0,accepted
2014-02-21,0,2014-02-21,slowdown,slowdown,official,0.4313637356581521,-0.3964960676534321,0,3,0,3,0.3030992339238876,labor_stress,0.6537300891026614,-0.2949131804751174,none,absent,True,0.8666564476849757,0,slowdown,0.1106016385236975,0.097479936778871,0,0,4,,4,0,0.0882367082864258,0.0060973677317106,0.2080139302035998,0.0636229916419447,0.7037484907707718,0.9302794393269204,8.707392023845334e-07,2.0129942405205058e-07,5.0,0,6.0,0,7.0,0,5.0,0,0.0,1,2014-01-01,2013-12-01,2014-01-01,2013-11-01,2014-01-01,2014-02-15,2014-02-08,slowdown,official,0,unchanged
2014-02-28,0,2014-02-28,slowdown,slowdown,official,0.4312908042872717,-0.3035379135685297,0,3,0,3,0.3025911469716273,labor_stress,0.652523895738006,0.1715988771096822,none,absent,False,0.8272000668308819,0,slowdown,0.0434311716499889,0.0262730626281895,0,0,4,,4,0,0.1037173026304314,0.0079685580730803,0.2444732609395948,0.0824155799760137,0.651808556150793,0.9096156468068956,8.802791808359797e-07,2.1514401035380806e-07,6.0,0,7.0,0,8.0,0,6.0,0,0.0,1,2014-01-01,2013-12-01,2014-01-01,2013-11-01,2014-01-01,2014-02-22,2014-02-15,slowdown,official,0,unchanged
2014-03-07,0,2014-03-07,slowdown,slowdown,official,0.4215527181312914,-0.3662257099257622,0,3,0,3,0.328789762822705,labor_stress,0.6930110910582696,0.024086296724077,none,absent,False,0.8294111194652426,0,slowdown,0.052410542489484,0.0360037991058047,0,0,4,,4,0,0.0932552445044014,0.0075338111830551,0.2317682463554908,0.081527432830014,0.6749756492859644,0.9109385522952568,8.598541432365424e-07,2.0369167411316678e-07,7.0,0,3.0,0,5.0,0,7.0,0,0.0,1,2014-02-01,2014-01-01,2014-01-01,2013-12-01,2014-01-01,2014-03-01,2014-02-22,slowdown,official,0,unchanged
2014-03-14,0,2014-03-14,slowdown,slowdown,official,0.4298337859055887,-0.4192026273584454,0,3,0,3,0.3584057940509119,labor_stress,0.7702745967370109,-0.1044642379528675,none,absent,True,0.8551515585602673,0,slowdown,0.0718062718015199,0.0594069899346752,0,0,4,,4,0,0.0836515085342708,0.0062735520841856,0.2113510410179224,0.0692873463164913,0.7049965946832544,0.9244389048767586,8.557645523170547e-07,1.9672256446896425e-07,8.0,0,4.0,0,6.0,0,8.0,0,0.0,1,2014-02-01,2014-01-01,2014-01-01,2013-12-01,2014-01-01,2014-03-08,2014-03-01,slowdown,official,0,unchanged
2014-03-21,0,2014-03-21,slowdown,slowdown,official,0.45346314800324,-0.2779551666286486,0,2,0,2,0.3629998362659295,labor_stress,0.8230352423890456,0.0509235874360448,none,absent,False,0.7293308578003789,0,slowdown,0.0292375016305293,0.0166198102220468,0,0,4,,4,0,0.1040879357511407,0.0106187313191166,0.294864288990641,0.130025094057268,0.6010468921170815,0.8593559518576469,8.831411367143777e-07,2.2276596842265482e-07,4.0,0,5.0,0,7.0,0,4.0,0,0.0,1,2014-02-01,2014-01-01,2014-02-01,2013-12-01,2014-02-01,2014-03-15,2014-03-08,slowdown,official,0,unchanged
2014-03-28,0,2014-03-28,slowdown,slowdown,official,0.458251299280959,-0.1478961168147093,0,1,0,1,0.4218700170583775,labor_stress,0.9666124172234094,0.7063572160893374,none,absent,False,0.6011239451796346,0,slowdown,0.0,0.0079884055787024,0,0,4,,4,0,0.1287821364150975,0.015680475259526,0.3683083276615758,0.1915976619156084,0.502908619051108,0.7927216070952431,9.168722186354964e-07,2.557296223300175e-07,5.0,0,6.0,0,3.0,0,5.0,0,0.0,1,2014-02-01,2014-02-01,2014-02-01,2014-01-01,2014-02-01,2014-03-22,2014-03-15,slowdown,official,0,unchanged
2014-04-04,0,2014-04-04,slowdown,slowdown,official,0.4581429546048457,-0.1185232428447787,0,1,0,1,0.4187801949006841,labor_stress,0.9593059791089628,0.6304348412658309,none,absent,False,0.4826913922486344,0,slowdown,0.0,0.0064173702243237,0,0,4,,4,0,0.1336799305499829,0.0206018833261923,0.3822333517078561,0.248353238397967,0.4840858013730293,0.7310446306466015,9.163691314922916e-07,2.4762923901266774e-07,6.0,0,3.0,0,4.0,0,6.0,0,0.0,1,2014-03-01,2014-02-01,2014-02-01,2014-01-01,2014-02-01,2014-03-29,2014-03-22,slowdown,official,0,unchanged
2014-04-11,0,2014-04-11,slowdown,slowdown,official,0.4684928109035421,-0.0538491556302178,0,1,0,1,0.4303343539252514,labor_stress,1.008042755494004,0.9535564376161052,none,absent,False,0.3733293409641208,0,slowdown,0.0,0.0022429076208662,0,0,4,,4,0,0.1418276049147743,0.0247072134354661,0.4139608693590236,0.3009815977759784,0.444210610713451,0.6743109387400992,9.150127510271456e-07,2.5004845624533145e-07,7.0,0,4.0,0,5.0,0,7.0,0,0.0,1,2014-03-01,2014-02-01,2014-02-01,2014-01-01,2014-02-01,2014-04-05,2014-03-29,slowdown,official,0,unchanged
2014-04-18,0,2014-04-18,expansion,expansion,official,0.534832434928797,0.5501680626495313,0,0,1,0,0.4105287097344317,labor_stress,1.0978203471772172,1.2164251342411512,none,absent,True,0.8229337004922329,0,expansion,0.0,0.0,0,0,4,,4,0,0.1985095382801714,0.0660062255101324,0.6610862080785701,0.8889399260023654,0.1404033398708081,0.0450537738965028,9.137704503932144e-07,7.459099937974372e-08,4.0,0,5.0,0,6.0,0,4.0,0,0.0,1,2014-03-01,2014-02-01,2014-03-01,2014-01-01,2014-03-01,2014-04-12,2014-04-05,expansion,official,0,accepted
2014-04-25,0,2014-04-25,expansion,expansion,official,0.5267137434771556,0.5435857511823761,0,0,1,0,0.4011469590347913,labor_stress,1.0564480823884606,1.2087706960067692,none,absent,True,0.8243870411109118,0,expansion,0.0,0.0,0,0,4,,4,0,0.2006125452245366,0.0664340692450067,0.6573929740510258,0.8908211103559185,0.1419935664722615,0.0427447493008273,9.142521760889946e-07,7.109824739605826e-08,5.0,0,6.0,0,7.0,0,5.0,0,0.0,1,2014-03-01,2014-02-01,2014-03-01,2014-01-01,2014-03-01,2014-04-19,2014-04-12,expansion,official,0,unchanged
2014-05-02,0,2014-05-02,expansion,expansion,official,0.544250591839863,0.666785645285214,0,0,1,0,0.3747651827759998,labor_stress,1.0198308626340618,1.0662488377564625,none,absent,True,0.8426291366784916,0,expansion,0.0,0.0,0,0,4,,4,0,0.2029336952006492,0.0642182403145431,0.6885929910778948,0.9068473769930347,0.1084724035388431,0.0289343187634683,9.101826127202706e-07,6.392895388873582e-08,6.0,0,3.0,0,4.0,0,6.0,0,0.0,1,2014-04-01,2014-03-01,2014-03-01,2014-01-01,2014-03-01,2014-04-26,2014-04-19,expansion,official,0,unchanged
2014-05-09,0,2014-05-09,expansion,expansion,official,0.534406741823596,0.579172779578518,0,0,1,0,0.3615064004635965,labor_stress,0.9659572881006336,0.6110990287808531,none,absent,True,0.8335463295140189,0,expansion,0.0,0.0,0,0,4,,4,0,0.2006616708156848,0.0651330021883009,0.6676880363378431,0.8986793317023197,0.1316493799371287,0.0361876000403447,9.129093432205032e-07,6.606903463370799e-08,7.0,0,4.0,0,5.0,0,7.0,0,0.0,1,2014-04-01,2014-03-01,2014-03-01,2014-02-01,2014-03-01,2014-05-03,2014-04-26,expansion,official,0,unchanged
2014-05-16,0,2014-05-16,expansion,expansion,official,0.5166038285156672,0.2619497104408711,0,0,1,0,0.3854688438953308,labor_stress,0.99567340264918,0.6122826220965457,none,absent,True,0.7226750044361607,0,expansion,0.0,0.0,0,0,4,,4,0,0.1881282764999113,0.0702295578201303,0.5620611869145455,0.8262226767987678,0.2498096230240141,0.103547672362607,9.135615291174696e-07,9.301849475557095e-08,4.0,0,5.0,0,6.0,0,4.0,0,0.0,1,2014-04-01,2014-03-01,2014-04-01,2014-02-01,2014-04-01,2014-05-10,2014-05-03,expansion,official,0,unchanged
2014-05-23,0,2014-05-23,expansion,expansion,official,0.5184538833380155,0.1609789219123258,0,0,1,0,0.386997035722161,labor_stress,1.0032005800522752,0.106135188219704,none,absent,True,0.6640603105713471,0,expansion,0.0,0.0,0,0,4,,4,0,0.1746750362856429,0.0676163147606882,0.5237906172609478,0.7982219481721317,0.3015334269614745,0.1341616376007846,9.19491934774626e-07,9.946639549562284e-08,5.0,0,6.0,0,7.0,0,5.0,0,0.0,1,2014-04-01,2014-03-01,2014-04-01,2014-02-01,2014-04-01,2014-05-17,2014-05-10,expansion,official,0,unchanged
2014-05-30,0,2014-05-30,expansion,expansion,official,0.5653465286788337,0.3212901833434879,0,0,1,0,0.4154948363088897,labor_stress,1.1744928169560551,0.7395228437191084,none,absent,True,0.7376456624800236,0,expansion,0.0,0.0,0,0,4,,4,0,0.1802353908935439,0.0638190447167873,0.5932728230134675,0.8369132615905959,0.2264908760518723,0.0992675991105723,9.100411161061116e-07,9.45820444776044e-08,6.0,0,7.0,0,4.0,0,6.0,0,0.0,1,2014-04-01,2014-04-01,2014-04-01,2014-03-01,2014-04-01,2014-05-24,2014-05-17,expansion,official,0,unchanged
2014-06-06,0,2014-06-06,expansion,expansion,official,0.5712238446483704,0.2880942707950366,0,0,1,0,0.4197191592668977,labor_stress,1.198767959145095,0.5725675681304815,none,absent,True,0.7378580827296634,0,expansion,0.0,0.0,0,0,4,,4,0,0.1749896265981298,0.0619019398836843,0.5827753993888258,0.8379780262950053,0.2422340622367173,0.1001199435653419,9.117763270948262e-07,9.025596830953105e-08,7.0,0,4.0,0,5.0,0,7.0,0,0.0,1,2014-05-01,2014-04-01,2014-04-01,2014-03-01,2014-04-01,2014-05-31,2014-05-24,expansion,official,0,unchanged
2014-06-13,0,2014-06-13,expansion,expansion,official,0.5656493983724481,0.2179643854872034,0,0,1,0,0.3996182295771064,labor_stress,1.1302190556947656,0.0821968945302791,none,absent,True,0.7133318882564965,0,expansion,0.0,0.0,0,0,4,,4,0,0.1685733066395486,0.0608109485351269,0.5552194705643299,0.8262604248511587,0.2762063069778968,0.1129285365946621,9.158182248684008e-07,9.001905228784253e-08,8.0,0,5.0,0,6.0,0,8.0,0,0.0,1,2014-05-01,2014-04-01,2014-04-01,2014-03-01,2014-04-01,2014-06-07,2014-05-31,expansion,official,0,unchanged
2014-06-20,0,2014-06-20,expansion,expansion,official,0.5892333004567432,0.1545877047592792,0,0,0,0,0.4025411781371417,labor_stress,1.1859533348174691,0.4048640292837763,none,absent,True,0.5965162865914563,0,expansion,0.0,0.0,0,0,4,,4,0,0.1453063423479605,0.0489190141908186,0.5391771251927134,0.7737985796987641,0.3155156027877068,0.1772822931073078,9.296716192162876e-07,1.1300310947409045e-07,4.0,0,6.0,0,7.0,0,4.0,0,0.0,1,2014-05-01,2014-04-01,2014-05-01,2014-03-01,2014-05-01,2014-06-14,2014-06-07,expansion,official,0,unchanged
2014-06-27,0,2014-06-27,expansion,expansion,official,0.5858318617400277,0.1337252430182794,0,0,0,0,0.3931254369275316,labor_stress,1.1515270330630885,0.4090041378198477,none,absent,True,0.5661426478432776,0,expansion,0.0,0.0,0,0,4,,4,0,0.1436618451963304,0.047971981636799,0.5294823613521067,0.7590852744633259,0.3268548625154105,0.1929426266200481,9.309361523657468e-07,1.1727982702183281e-07,5.0,0,7.0,0,4.0,0,5.0,0,0.0,1,2014-05-01,2014-05-01,2014-05-01,2014-04-01,2014-05-01,2014-06-21,2014-06-14,expansion,official,0,unchanged
2014-07-04,0,2014-07-04,expansion,expansion,official,0.5883680882156466,0.1606735405019789,0,0,0,0,0.3851381202133707,labor_stress,1.133014897444544,0.5375229254982072,none,absent,True,0.5905022455580453,0,expansion,0.0,0.0,0,0,4,,4,0,0.1462337715219067,0.0483973758221637,0.5416859078196365,0.7710523773928214,0.3120793913140698,0.1805501318347761,9.293443870269648e-07,1.1495023882516417e-07,6.0,0,3.0,0,5.0,0,6.0,0,0.0,1,2014-06-01,2014-05-01,2014-05-01,2014-04-01,2014-05-01,2014-06-28,2014-06-21,expansion,official,0,unchanged
2014-07-11,0,2014-07-11,expansion,expansion,official,0.5966826810967476,0.1677341345659248,0,0,0,0,0.393420065758688,labor_stress,1.1737346981707637,0.5700261503341977,none,absent,True,0.6080745759182733,0,expansion,0.0,0.0,0,0,4,,4,0,0.1449952255900826,0.0482417627707474,0.546050046735753,0.7799163508200374,0.3089537988990123,0.171841774901764,9.28775152085402e-07,1.1150745112031494e-07,7.0,0,4.0,0,6.0,0,7.0,0,0.0,1,2014-06-01,2014-05-01,2014-05-01,2014-04-01,2014-05-01,2014-07-05,2014-06-28,expansion,official,0,unchanged
2014-07-18,0,2014-07-18,expansion,expansion,official,0.6050911053572323,0.2905760544631269,0,0,0,0,0.3964265124312383,labor_stress,1.199370782999653,0.6432778404467785,none,absent,True,0.7408312172946119,0,expansion,0.0,0.0,0,0,4,,4,0,0.155978781552499,0.051237625172211,0.5973160371921599,0.8447967515323547,0.2467042591670505,0.1039655342377428,9.220882904518624e-07,8.905769151405244e-08,4.0,0,5.0,0,7.0,0,8.0,0,0.0,1,2014-06-01,2014-05-01,2014-06-01,2014-04-01,2014-05-01,2014-07-12,2014-06-28,expansion,official,0,unchanged
2014-07-25,0,2014-07-25,expansion,expansion,official,0.6219855676397072,0.1582531132964133,0,0,0,0,0.4189689204431629,labor_stress,1.3029631090261802,0.4580692440921641,none,absent,True,0.6305894009510404,0,expansion,0.0,0.0,0,0,4,,4,0,0.13781517987872,0.0463385708877741,0.5457861749074078,0.792125362864939,0.316397716404302,0.1615359619138985,9.288095701155504e-07,1.0433338845699884e-07,5.0,0,6.0,0,8.0,0,5.0,0,0.0,1,2014-06-01,2014-05-01,2014-06-01,2014-04-01,2014-06-01,2014-07-19,2014-07-12,expansion,official,0,unchanged
2014-08-01,0,2014-08-01,expansion,expansion,official,0.6499707649620503,0.136577335199784,0,0,0,0,0.4176949708841692,labor_stress,1.357447598731924,0.5343913733331627,none,absent,True,0.5847851914537636,0,expansion,0.0,0.0,0,0,4,,4,0,0.1289883867697311,0.0417454186360965,0.5400559348072855,0.7715198306949607,0.3309547488659914,0.186734639241197,9.29556991989884e-07,1.1142774582729972e-07,6.0,0,3.0,0,4.0,0,6.0,0,0.0,1,2014-07-01,2014-06-01,2014-06-01,2014-04-01,2014-06-01,2014-07-26,2014-07-19,expansion,official,0,unchanged
2014-08-08,0,2014-08-08,expansion,expansion,official,0.6651791240954209,0.2221559323736836,0,0,0,0,0.4238292056510621,labor_stress,1.4096116989051577,0.9333045542545332,none,absent,True,0.648242959617646,0,expansion,0.0,0.0,0,0,4,,4,0,0.1344223513291671,0.0418021373780413,0.580083678914648,0.803220357956148,0.2854930454201976,0.154977398338502,9.243359871099284e-07,1.063273085391922e-07,7.0,0,4.0,0,5.0,0,7.0,0,0.0,1,2014-07-01,2014-06-01,2014-06-01,2014-05-01,2014-06-01,2014-08-02,2014-07-26,expansion,official,0,unchanged
2014-08-15,0,2014-08-15,expansion,expansion,official,0.6555018943396524,0.1683790895133486,0,0,0,0,0.4104722997018424,labor_stress,1.3453268501425564,0.5426940136077933,none,absent,True,0.6532545656226103,0,expansion,0.0,0.0,0,0,4,,4,0,0.1311594084755596,0.0424278427686615,0.5552175755778762,0.8054133123487092,0.3136220883671755,0.1521587467260989,9.27579388649584e-07,9.815653043577423e-08,4.0,0,5.0,0,6.0,0,8.0,0,0.0,1,2014-07-01,2014-06-01,2014-07-01,2014-05-01,2014-06-01,2014-08-09,2014-08-02,expansion,official,0,unchanged
2014-08-22,0,2014-08-22,expansion,expansion,official,0.6328300419411147,0.1210943818402525,0,0,0,0,0.3972075210162969,labor_stress,1.256824260920347,0.3532827651546459,none,absent,True,0.600207126602385,0,expansion,0.0,0.0,0,0,4,,4,0,0.1311173983765414,0.0431977522964111,0.5305777199129472,0.7785046342681403,0.3383039509172317,0.1782975076657554,9.307932796528575e-07,1.0576969301646482e-07,5.0,0,6.0,0,7.0,0,5.0,0,0.0,1,2014-07-01,2014-06-01,2014-07-01,2014-05-01,2014-07-01,2014-08-16,2014-08-09,expansion,official,0,unchanged
2014-08-29,0,2014-08-29,expansion,expansion,official,0.6307142936281694,0.1417266420330202,0,0,0,0,0.3982617511999289,labor_stress,1.2559468954359048,0.4101025513128568,none,absent,True,0.6014918671151557,0,expansion,0.0,0.0,0,0,4,,4,0,0.1339289856085526,0.0438197652726997,0.5396802313654947,0.7788359967347744,0.3263898534199559,0.1773441296196187,9.296059967376344e-07,1.0837290701063673e-07,6.0,0,7.0,0,4.0,0,6.0,0,0.0,1,2014-07-01,2014-07-01,2014-07-01,2014-05-01,2014-07-01,2014-08-23,2014-08-16,expansion,official,0,unchanged
2014-09-05,0,2014-09-05,expansion,expansion,official,0.6170818142446237,-0.0097642811956111,0,0,0,0,0.3930723298820525,labor_stress,1.2127889322648908,0.1527711292203332,none,absent,True,0.3524008032965686,0,expansion,0.0,0.0,0,0,4,,4,0,0.1187850938856363,0.0380949902723287,0.4658579133732826,0.6571528366433517,0.4153560535060959,0.3047520333467831,9.392349851076304e-07,1.397375365095453e-07,7.0,0,4.0,0,5.0,0,7.0,0,0.0,1,2014-08-01,2014-07-01,2014-07-01,2014-06-01,2014-07-01,2014-08-30,2014-08-23,expansion,official,0,unchanged
2014-09-12,0,2014-09-12,expansion,expansion,official,0.6234234622612027,-0.0082223115091172,0,0,0,0,0.3826898004211492,labor_stress,1.1928890017530078,-0.0279089470040799,none,absent,True,0.3591703953395986,0,expansion,0.0,0.0059804886437314,0,0,4,,4,0,0.1176647051016078,0.0378213348607859,0.4673187166848509,0.6606744609397645,0.4150156391690955,0.3015040656001658,9.390444457357912e-07,1.3859928373072109e-07,8.0,0,5.0,0,6.0,0,8.0,0,0.0,1,2014-08-01,2014-07-01,2014-07-01,2014-06-01,2014-07-01,2014-09-06,2014-08-30,expansion,official,0,unchanged
2014-09-19,0,2014-09-19,slowdown,expansion,official,0.6365187049595366,-0.1407117487162931,0,1,0,1,0.4036190185592926,labor_stress,1.2845552749520006,-0.1088544830123087,none,absent,True,0.1600552637197753,2,slowdown,0.0,0.0233259606454947,0,0,4,,4,0,0.0948680221261314,0.0226313404683346,0.3867170809802284,0.408656604356452,0.5184139835043294,0.5687118680762274,9.133893107681732e-07,1.8709898579744504e-07,4.0,0,6.0,0,7.0,0,4.0,0,0.0,1,2014-08-01,2014-07-01,2014-08-01,2014-06-01,2014-08-01,2014-09-13,2014-09-06,expansion,official,0,unchanged
2014-09-26,0,2014-09-26,slowdown,slowdown,official,0.6367650354548584,-0.1663079495937523,0,1,0,1,0.4020698956890607,labor_stress,1.28012025691888,-0.2391937247455035,none,absent,True,0.3142921880465269,0,slowdown,0.0,0.0512557981597507,0,0,4,,4,0,0.0916069764344952,0.0183667841872634,0.3736067737559286,0.3336704126101818,0.5347853358524133,0.6479626006567087,9.13957162899934e-07,2.02545846111472e-07,5.0,0,7.0,0,8.0,0,5.0,0,0.0,1,2014-08-01,2014-07-01,2014-08-01,2014-06-01,2014-08-01,2014-09-20,2014-09-13,slowdown,official,0,accepted
2014-10-03,0,2014-10-03,slowdown,expansion,official,0.6727255773012245,-0.0508182314701595,0,1,1,1,0.3975275558492464,labor_stress,1.3371347725091454,-0.2251547142312526,none,absent,False,0.0295236779633125,0,expansion,0.0,0.0482474387638398,0,0,4,,4,0,0.0995522158944869,0.0255142570402227,0.4360996737676831,0.5020046229642343,0.464347199617623,0.4724809450009217,9.1072020688379e-07,1.749946213602045e-07,6.0,0,3.0,0,5.0,0,6.0,0,0.0,1,2014-09-01,2014-08-01,2014-08-01,2014-07-01,2014-08-01,2014-09-27,2014-09-20,slowdown,official,1,blocked_raw
2014-10-10,0,2014-10-10,expansion,expansion,official,0.6955852913483014,0.0679379736688222,0,1,1,1,0.4170033240231297,labor_stress,1.4503068931691938,0.3608741817876426,none,absent,True,0.1377800460386649,0,expansion,0.0,0.0,0,0,4,,4,0,0.1088731929992642,0.0267991623198602,0.4991063119348162,0.5554903513366637,0.3920195875178541,0.4177103052979988,9.075480653757736e-07,1.8104547724749578e-07,7.0,0,4.0,0,6.0,0,7.0,0,0.0,1,2014-09-01,2014-08-01,2014-08-01,2014-07-01,2014-08-01,2014-10-04,2014-09-27,expansion,official,0,accepted
2014-10-17,0,2014-10-17,expansion,expansion,official,0.7233286687780234,0.3328968135666973,0,0,1,0,0.4155467409733467,labor_stress,1.5028843548164852,0.8204315100082431,none,absent,True,0.7528740925371112,0,expansion,0.0,0.0,0,0,4,,4,0,0.1257014675387884,0.0357439439507287,0.6486412543233193,0.8585650306461114,0.2256563972769626,0.1056909381090002,8.80860929569481e-07,8.729415964037551e-08,4.0,0,5.0,0,7.0,0,8.0,0,0.0,1,2014-09-01,2014-08-01,2014-09-01,2014-07-01,2014-08-01,2014-10-11,2014-10-04,expansion,official,0,unchanged
2014-10-24,0,2014-10-24,expansion,expansion,official,0.7196965775469485,0.2961754898203471,0,0,0,0,0.4295645405801395,labor_stress,1.5457806484552683,0.9487117608480344,none,absent,True,0.7433763620277785,0,expansion,0.0,0.0,0,0,4,,4,0,0.1237449261628649,0.0358152728627208,0.6339509269555099,0.8537805016098169,0.2423032633224749,0.1104041395820384,8.835591502653478e-07,8.594542392207733e-08,5.0,0,6.0,0,8.0,0,5.0,0,0.0,1,2014-09-01,2014-08-01,2014-09-01,2014-07-01,2014-09-01,2014-10-18,2014-10-11,expansion,official,0,unchanged
2014-10-31,0,2014-10-31,expansion,expansion,official,0.709019702748731,0.2992760671638531,0,0,0,0,0.4306509289045068,labor_stress,1.5266999680016915,1.0601967500358354,none,absent,True,0.761398367524872,0,expansion,0.0,0.0,0,0,4,,4,0,0.1263065111778322,0.0369083229517404,0.6334837443104263,0.8622449819496486,0.2402088608667822,0.1008466144247765,8.836449592367991e-07,8.067383431780724e-08,6.0,0,7.0,0,4.0,0,6.0,0,0.0,1,2014-09-01,2014-09-01,2014-09-01,2014-07-01,2014-09-01,2014-10-25,2014-10-18,expansion,official,0,unchanged
2014-11-07,0,2014-11-07,expansion,expansion,official,0.7036993390369221,0.2906391540539776,0,0,0,0,0.4389279504453769,labor_stress,1.544366543066213,1.1535234206592937,none,absent,True,0.736717446844093,0,expansion,0.0,0.0,0,0,4,,4,0,0.1318785051487082,0.0398832339914574,0.614400917864094,0.8484170622294008,0.2537196571273678,0.1116996153853077,9.19859829983984e-07,8.839383397013004e-08,7.0,0,4.0,0,5.0,0,7.0,0,0.0,1,2014-10-01,2014-09-01,2014-09-01,2014-08-01,2014-09-01,2014-11-01,2014-10-25,expansion,official,0,unchanged
2014-11-14,0,2014-11-14,expansion,expansion,official,0.6820930580150911,0.1790830689866824,0,0,0,0,0.4192596451468534,labor_stress,1.429870467302696,0.5645884420049864,none,absent,True,0.6921612958079809,0,expansion,0.0,0.0,0,0,4,,4,0,0.1263307536701391,0.0404450496901322,0.563808839061164,0.8258580787075795,0.3098594808099066,0.1336967828995986,9.264587901854056e-07,8.870268956374625e-08,8.0,0,5.0,0,6.0,0,8.0,0,0.0,1,2014-10-01,2014-09-01,2014-09-01,2014-08-01,2014-09-01,2014-11-08,2014-11-01,expansion,official,0,unchanged
2014-11-21,0,2014-11-21,expansion,expansion,official,0.6596123845120871,0.0215296879215445,0,1,0,1,0.4188883622972938,labor_stress,1.381519757496405,0.3354984903171755,none,absent,True,0.3867691412663859,0,expansion,0.0,0.0,0,0,4,,4,0,0.1105787579164376,0.0351474555436989,0.4719375087137405,0.6758107788773523,0.4174828240545062,0.2890416376109663,9.093153156757528e-07,1.2796798240193284e-07,5.0,0,6.0,0,7.0,0,5.0,0,0.0,1,2014-10-01,2014-09-01,2014-10-01,2014-08-01,2014-10-01,2014-11-15,2014-11-08,expansion,official,0,unchanged
2014-11-28,0,2014-11-28,slowdown,expansion,official,0.6309035093187229,-0.0729432674086873,0,1,0,1,0.4109636957848221,labor_stress,1.2963921893661816,-0.1494660279080887,none,absent,True,0.2302464071299869,0,expansion,0.0,0.0320284345517333,0,0,4,,4,0,0.1044529146126935,0.0333267458120194,0.4210618205332541,0.598459759753703,0.474484352879631,0.3682133526237161,9.119744214962718e-07,1.418105613499702e-07,6.0,0,7.0,0,4.0,0,6.0,0,0.0,1,2014-10-01,2014-10-01,2014-10-01,2014-09-01,2014-10-01,2014-11-22,2014-11-15,expansion,official,0,unchanged
2014-12-05,0,2014-12-05,slowdown,expansion,official,0.6208033924484554,-0.1602807891449781,0,1,0,1,0.3887045825337501,labor_stress,1.2065456174860636,-0.8312099952532913,none,absent,False,0.085557144073792,0,expansion,0.0,0.15,0,0,4,,4,0,0.0950587821527176,0.0300929854433573,0.3755752976887568,0.5277320036394456,0.5293650060799642,0.4421748595656535,9.140785613295608e-07,1.513515435182299e-07,7.0,0,3.0,0,5.0,0,7.0,0,0.0,1,2014-11-01,2014-10-01,2014-10-01,2014-09-01,2014-10-01,2014-11-29,2014-11-22,expansion,official,0,unchanged
2014-12-12,0,2014-12-12,slowdown,expansion,official,0.6167495103902144,-0.1982828276848888,0,0,0,0,0.3734955620747831,labor_stress,1.1517660252127022,-1.1740819761362504,none,absent,False,0.076059611104235,0,expansion,0.0,0.15,0,0,4,,4,0,0.0922586042117489,0.0279427527584725,0.3851675987262251,0.5240583511159919,0.5225728678080244,0.4479987400117568,9.29254001592202e-07,1.5611377871398057e-07,8.0,0,4.0,0,6.0,0,8.0,0,0.0,1,2014-11-01,2014-10-01,2014-10-01,2014-09-01,2014-10-01,2014-12-06,2014-11-29,expansion,official,0,unchanged
2014-12-19,0,2014-12-19,expansion,expansion,official,0.6650405038652438,0.0408858136845814,0,0,2,0,0.3415869349411051,labor_stress,1.1358457366350845,-1.3999377565785964,none,absent,True,0.5533992879748418,0,expansion,0.0,0.15,0,0,4,,4,0,0.1114338942861263,0.0361029573387631,0.5121002986908375,0.758648113005357,0.3764649010831806,0.2052488250305151,9.059398555250926e-07,1.0462536481885615e-07,4.0,0,5.0,0,7.0,0,4.0,0,0.0,1,2014-11-01,2014-10-01,2014-11-01,2014-09-01,2014-11-01,2014-12-13,2014-12-06,expansion,official,0,unchanged
2014-12-26,0,2014-12-26,expansion,expansion,official,0.7204839444663647,0.2915315093075061,0,0,3,0,0.338071903210021,labor_stress,1.2178768916900349,-1.0953553578669717,none,absent,True,0.7662844781819818,0,expansion,0.0,0.15,0,0,4,,4,0,0.1312463068211268,0.0396074038927853,0.6264503942539671,0.8633384980619815,0.2423024231448181,0.0970540198799996,8.757800878274153e-07,7.816523348502195e-08,5.0,0,6.0,0,3.0,0,5.0,0,0.0,1,2014-11-01,2014-11-01,2014-11-01,2014-10-01,2014-11-01,2014-12-20,2014-12-13,expansion,official,0,unchanged
2015-01-02,0,2015-01-02,expansion,expansion,official,0.7175467484403032,0.2713668308373652,0,0,3,0,0.3353623758103694,labor_stress,1.203190911559728,-1.1983322442406183,none,absent,True,0.7637272778414731,0,expansion,0.0,0.15,0,0,4,,4,0,0.1302415580451185,0.0395379994000716,0.6180351535523264,0.8620946008298648,0.2517224110067135,0.0983673229883916,8.773958414188796e-07,7.678167203785776e-08,6.0,0,7.0,0,4.0,0,6.0,0,0.0,1,2014-11-01,2014-11-01,2014-11-01,2014-10-01,2014-11-01,2014-12-27,2014-12-20,expansion,official,0,unchanged
2015-01-09,0,2015-01-09,expansion,expansion,official,0.7225494735747559,0.3722699418132532,0,0,4,0,0.3354782350458736,labor_stress,1.211998110640921,-0.7693290953849675,none,absent,True,0.8063380740208023,0,expansion,0.0,0.15,0,0,4,,4,0,0.1369846287967269,0.040047021360657,0.6565303811546944,0.8831454900186173,0.2064841201937285,0.076807415997815,8.698548501546489e-07,7.262291054635865e-08,7.0,0,4.0,0,5.0,0,7.0,0,0.0,1,2014-12-01,2014-11-01,2014-11-01,2014-10-01,2014-11-01,2015-01-03,2014-12-27,expansion,official,0,unchanged
2015-01-16,0,2015-01-16,expansion,expansion,official,0.6533932600708393,0.1419308953065915,0,0,3,0,0.3272334585256271,labor_stress,1.0690606813515764,-1.083223824009802,none,absent,True,0.6050396354498457,0,expansion,0.0,0.15,0,0,4,,4,0,0.1371427682793136,0.0448920901594066,0.5377836452972883,0.7800737194526878,0.3250726661381114,0.175034084002842,9.202852867373392e-07,1.063850634547731e-07,4.0,0,5.0,0,6.0,0,4.0,0,0.0,1,2014-12-01,2014-11-01,2014-12-01,2014-10-01,2014-12-01,2015-01-10,2015-01-03,expansion,official,0,unchanged
2015-01-23,0,2015-01-23,expansion,expansion,official,0.6233094424732716,0.1093440708577396,0,0,3,0,0.2947626109171707,labor_stress,0.918641593363738,-1.2465230343974594,none,absent,True,0.5589455149308171,0,expansion,0.0,0.15,0,0,4,,4,0,0.1404332136878403,0.0468731793803073,0.5187162926405616,0.7560361108755466,0.3408495711288335,0.1970905959447295,9.225427645198308e-07,1.137994166191392e-07,5.0,0,6.0,0,7.0,0,5.0,0,0.0,1,2014-12-01,2014-11-01,2014-12-01,2014-10-01,2014-12-01,2015-01-17,2015-01-10,expansion,official,0,unchanged
2015-01-30,0,2015-01-30,expansion,expansion,official,0.6399935428909808,0.2166424426991414,0,0,3,0,0.3131475642475284,labor_stress,1.0020620954522834,-0.7104072597348023,none,absent,True,0.6245421532972851,0,expansion,0.0,0.15,0,0,4,,4,0,0.1487168880750442,0.0479698107251215,0.5678394198618532,0.7882861150258753,0.2834427765056262,0.1637439617285901,9.1555747631375e-07,1.1252041296158713e-07,6.0,0,7.0,0,8.0,0,6.0,0,0.0,1,2014-12-01,2014-11-01,2014-12-01,2014-10-01,2014-12-01,2015-01-24,2015-01-17,expansion,official,0,unchanged
2015-02-06,0,2015-02-06,expansion,expansion,official,0.681362012109132,0.2850036858533768,0,0,2,0,0.3207365684920158,labor_stress,1.092688568323492,-0.2398097373795822,none,absent,True,0.7149525515259284,0,expansion,0.0,0.0513878008670533,0,0,4,,4,0,0.139806303257417,0.0424675850177551,0.6173737192956581,0.8362424363176463,0.2428191005969027,0.1212898847917178,8.768500220838839e-07,9.387288072247769e-08,7.0,0,4.0,0,5.0,0,7.0,0,0.0,1,2015-01-01,2014-12-01,2014-12-01,2014-11-01,2014-12-01,2015-01-31,2015-01-24,expansion,official,0,unchanged
2015-02-13,0,2015-02-13,expansion,expansion,official,0.6928856170886835,0.337194134477079,0,0,2,0,0.330007112910014,labor_stress,1.1432859103615496,-0.0214399845557318,none,absent,True,0.7751701796187792,0,expansion,0.0,0.0045942824047996,0,0,4,,4,0,0.141384472702395,0.0425860996868489,0.6388114342054201,0.8662919997964619,0.219803220289803,0.0911218201776826,8.728023818133041e-07,8.033900648789177e-08,8.0,0,5.0,0,6.0,0,8.0,0,0.0,1,2015-01-01,2014-12-01,2014-12-01,2014-11-01,2014-12-01,2015-02-07,2015-01-31,expansion,official,0,unchanged
2015-02-20,0,2015-02-20,expansion,expansion,preliminary,0.7101937233986086,0.0295280217740827,0,1,1,1,0.3475005199247027,labor_stress,1.233963440641385,0.0186431579365812,none,absent,False,0.1047998205558845,0,expansion,0.0,0.0,0,0,3,consumption,4,0,0.1087556684759069,0.027587730979002,0.4774507553345042,0.5386059557895533,0.4137926749235367,0.4338061352336688,9.012660520881312e-07,1.77997775949939e-07,4.0,0,6.0,0,7.0,0,9.0,0,0.0,1,2015-01-01,2014-12-01,2015-01-01,2014-11-01,2014-12-01,2015-02-14,2015-02-07,expansion,preliminary,0,unchanged
2015-02-27,0,2015-02-27,slowdown,slowdown,official,0.651947731659256,-0.1588212508392378,0,1,1,1,0.3229490174169022,labor_stress,1.0527293967326747,-0.4967367444573151,none,absent,True,0.3661164394315781,0,slowdown,0.0,0.1064435880979961,0,0,4,,4,0,0.0985638830426264,0.0189532373475512,0.3602591550404418,0.3074650561437035,0.541176031685239,0.6735814955752817,9.302316928077276e-07,2.109334634537945e-07,5.0,0,7.0,0,8.0,0,5.0,0,0.0,1,2015-01-01,2014-12-01,2015-01-01,2014-11-01,2015-01-01,2015-02-21,2015-02-14,slowdown,official,0,accepted
2015-03-06,0,2015-03-06,slowdown,slowdown,official,0.6654665925445667,-0.2236302250968234,0,1,1,1,0.2674237896300299,labor_stress,0.8898079902522552,-0.8823685339846734,none,absent,True,0.3060629067480276,0,slowdown,0.0,0.15,0,0,4,,4,0,0.0783830853357386,0.0158376308634231,0.3605188391006076,0.3390496371568882,0.5610971809286094,0.6451125439049158,8.946350444591935e-07,1.8807477284817098e-07,6.0,0,3.0,0,5.0,0,6.0,0,0.0,1,2015-02-01,2015-01-01,2015-01-01,2014-12-01,2015-01-01,2015-02-28,2015-02-21,slowdown,official,0,unchanged
2015-03-13,0,2015-03-13,slowdown,slowdown,official,0.6659926516570119,-0.1404027275956777,0,1,1,1,0.2694824162958669,labor_stress,0.897366545019116,-0.4568306641341851,none,absent,True,0.4100967256395531,0,slowdown,0.0,0.0978922851716111,0,0,4,,4,0,0.0899916415894378,0.0146154973734924,0.3889768359411739,0.2876437787755739,0.5210306095573829,0.697740504415127,9.12912005292372e-07,2.194358065909899e-07,7.0,0,4.0,0,6.0,0,7.0,0,0.0,1,2015-02-01,2015-01-01,2015-01-01,2014-12-01,2015-01-01,2015-03-07,2015-02-28,slowdown,official,0,unchanged
2015-03-20,0,2015-03-20,slowdown,slowdown,official,0.6375462403146563,-0.096476845088117,0,1,1,1,0.2667993165896395,labor_stress,0.8504845060512221,-0.2065762666371095,none,absent,True,0.4075879659819537,0,slowdown,0.0,0.0442663428508091,0,0,4,,4,0,0.1002632173066898,0.0155881733104196,0.4095456598846203,0.2884118145796726,0.4901902104279185,0.6959997805616263,9.123807714972444e-07,2.315482816230872e-07,4.0,0,5.0,0,7.0,0,8.0,0,0.0,1,2015-02-01,2015-01-01,2015-02-01,2014-12-01,2015-01-01,2015-03-14,2015-03-07,slowdown,official,0,unchanged
2015-03-27,0,2015-03-27,slowdown,slowdown,official,0.6410524049570373,-0.121868386516085,0,2,1,2,0.2984947305551347,labor_stress,0.95675382444686,-0.1770632443652099,none,absent,True,0.4990399473508786,0,slowdown,0.0379421237925449,0.0379421237925449,0,0,4,,4,0,0.0931617096591599,0.0131733245019647,0.3831999059358092,0.2438932526616514,0.5236375026890527,0.74293320001253,8.817159780286053e-07,2.2282385377751654e-07,5.0,0,6.0,0,8.0,0,5.0,0,0.0,1,2015-02-01,2015-01-01,2015-02-01,2014-12-01,2015-02-01,2015-03-21,2015-03-14,slowdown,official,0,unchanged
2015-04-03,0,2015-04-03,slowdown,slowdown,official,0.6822362867577236,-0.2699578260797169,0,2,1,2,0.3548237851825115,labor_stress,1.2103683082811842,-0.1649495025054417,none,absent,True,0.7560835095523799,0,slowdown,0.0353463219654517,0.0353463219654517,0,0,4,,4,0,0.0695434571238008,0.0058030257027095,0.3104579135343873,0.1190566237587751,0.6199977507064728,0.875140133311155,8.786353390723747e-07,2.1722736041831018e-07,6.0,0,3.0,0,4.0,0,6.0,0,0.0,1,2015-03-01,2015-02-01,2015-02-01,2015-01-01,2015-02-01,2015-03-28,2015-03-21,slowdown,official,0,unchanged
2015-04-10,0,2015-04-10,slowdown,slowdown,official,0.6992647207844431,-0.2353576738756256,0,2,1,2,0.3700257388711005,labor_stress,1.293729724873787,0.0080512585150145,none,absent,True,0.7099115318715221,0,slowdown,0.0,0.0,0,0,4,,4,0,0.0711347068981038,0.006635845070699,0.3284963128981262,0.1417262020958249,0.6003681013608768,0.851637733967347,8.788428932102804e-07,2.1886612905089425e-07,7.0,0,4.0,0,5.0,0,7.0,0,0.0,1,2015-03-01,2015-02-01,2015-02-01,2015-01-01,2015-02-01,2015-04-04,2015-03-28,slowdown,official,0,unchanged
2015-04-17,0,2015-04-17,slowdown,slowdown,official,0.6887654065679782,-0.2448155618681177,0,1,1,1,0.3834873534581394,labor_stress,1.3206641145913671,-0.0862054816789245,none,absent,True,0.6569515133310547,0,slowdown,0.0,0.0184726032169124,0,0,4,,4,0,0.0744127322516224,0.0080279695246485,0.3365355956736694,0.1675101456524123,0.5890507570681348,0.824461658983467,9.150065732850298e-07,2.2583947211401946e-07,4.0,0,5.0,0,6.0,0,4.0,0,0.0,1,2015-03-01,2015-02-01,2015-03-01,2015-01-01,2015-03-01,2015-04-11,2015-04-04,slowdown,official,0,unchanged
2015-04-24,0,2015-04-24,slowdown,slowdown,official,0.6866129595266133,-0.1498548252081044,0,1,1,1,0.3829161524891469,labor_stress,1.3145759635555854,0.3880852404496026,none,absent,True,0.5742899810269413,0,slowdown,0.0,0.0,0,0,4,,4,0,0.0855932389799889,0.0099969821321143,0.3854470938890334,0.2078563993287468,0.5289587543116975,0.7821463803556882,9.128192801441248e-07,2.381834507044117e-07,5.0,0,6.0,0,7.0,0,5.0,0,0.0,1,2015-03-01,2015-02-01,2015-03-01,2015-01-01,2015-03-01,2015-04-18,2015-04-11,slowdown,official,0,unchanged
2015-05-01,0,2015-05-01,slowdown,slowdown,official,0.65561006090625,-0.3166824278068618,0,2,0,2,0.4111881051104332,labor_stress,1.3478952931768833,0.9996519819477256,none,absent,True,0.8154770274272594,0,slowdown,0.0,0.0,0,0,4,,4,0,0.0690184294785095,0.0049204825630283,0.2731699005314214,0.0898011374372407,0.6578107748507348,0.9052781648645,8.951393342919976e-07,2.1513523081945627e-07,6.0,0,7.0,0,4.0,0,6.0,0,0.0,1,2015-03-01,2015-03-01,2015-03-01,2015-02-01,2015-03-01,2015-04-25,2015-04-18,slowdown,official,0,unchanged
2015-05-08,0,2015-05-08,slowdown,slowdown,official,0.6706328590434563,-0.3032702347035959,0,3,0,3,0.4279848642903762,labor_stress,1.4351035658319031,1.243806015438039,none,absent,True,0.8280916625505429,0,slowdown,0.0,0.0,0,0,4,,4,0,0.0671123122463164,0.0048048357195896,0.2545847125905243,0.0835516480511223,0.6783020997501346,0.9116433106016651,8.754130246328689e-07,2.0562762299442925e-07,7.0,0,4.0,0,5.0,0,7.0,0,0.0,1,2015-04-01,2015-03-01,2015-03-01,2015-02-01,2015-03-01,2015-05-02,2015-04-25,slowdown,official,0,unchanged
2015-05-15,0,2015-05-15,slowdown,slowdown,official,0.6946979585530595,-0.1776345670543263,0,3,0,3,0.4514656205738553,labor_stress,1.568161224847737,1.7361165104009362,none,absent,True,0.7496981474239321,0,slowdown,0.0,0.0,0,0,4,,4,0,0.0789666224302953,0.0067006926189373,0.314232929263759,0.1218004681956973,0.6067995597598146,0.8714986156196295,8.885461310898213e-07,2.235657358535434e-07,4.0,0,5.0,0,6.0,0,8.0,0,0.0,1,2015-04-01,2015-03-01,2015-04-01,2015-02-01,2015-03-01,2015-05-09,2015-05-02,slowdown,official,0,unchanged
2015-05-22,0,2015-05-22,slowdown,slowdown,official,0.7143516848145371,-0.0644581646842308,0,3,0,3,0.473193312555679,labor_stress,1.690132200335606,1.940352537334341,none,absent,True,0.6042628773427798,0,slowdown,0.0,0.0,0,0,4,,4,0,0.0899522865509043,0.0102633014524689,0.3722112823279353,0.1927367927683597,0.5378355299081794,0.7969996701111396,9.01212981048782e-07,2.356680317498148e-07,5.0,0,6.0,0,7.0,0,5.0,0,0.0,1,2015-04-01,2015-03-01,2015-04-01,2015-02-01,2015-04-01,2015-05-16,2015-05-09,slowdown,official,0,unchanged
2015-05-29,0,2015-05-29,slowdown,slowdown,official,0.6934197832257265,-0.2683254007190092,0,3,0,3,0.457290873651189,labor_stress,1.5854726923915528,0.910655596077014,none,absent,True,0.7128398255517052,0,slowdown,0.0,0.0,0,0,4,,4,0,0.0683111645633797,0.0077386604969133,0.2711416489878993,0.1397106564994309,0.6605463077744317,0.8525504820511361,8.786742892855089e-07,2.0095251958461961e-07,6.0,0,7.0,0,8.0,0,6.0,0,0.0,1,2015-04-01,2015-03-01,2015-04-01,2015-02-01,2015-04-01,2015-05-23,2015-05-16,slowdown,official,0,unchanged
2015-06-05,0,2015-06-05,slowdown,slowdown,official,0.6909209445345315,-0.2345119994865278,0,2,0,2,0.4401216090330921,labor_stress,1.5204461891160088,0.5236870468161173,none,absent,True,0.5683538340339627,0,slowdown,0.0,0.0,0,0,4,,4,0,0.0739161898563366,0.0108621863613036,0.3138304370884593,0.2103918875051045,0.6122524748102673,0.7787457215390673,8.982449365279367e-07,2.0459452446583078e-07,7.0,0,4.0,0,5.0,0,7.0,0,0.0,1,2015-05-01,2015-04-01,2015-04-01,2015-03-01,2015-04-01,2015-05-30,2015-05-23,slowdown,official,0,unchanged
2015-06-12,0,2015-06-12,slowdown,slowdown,official,0.6837020555577764,-0.2457219567377006,0,2,0,2,0.414199344135501,labor_stress,1.4159447149806244,0.1582875162535094,none,absent,True,0.56912037498053,0,slowdown,0.0,0.0,0,0,4,,4,0,0.0735931460767447,0.0109994567927549,0.3080065898680065,0.2099399827134885,0.6183993662057653,0.7790603576940186,8.978494834028561e-07,2.027997377871072e-07,8.0,0,5.0,0,6.0,0,8.0,0,0.0,1,2015-05-01,2015-04-01,2015-04-01,2015-03-01,2015-04-01,2015-06-06,2015-05-30,slowdown,official,0,unchanged
2015-06-19,0,2015-06-19,slowdown,slowdown,official,0.6886146285321967,-0.2513555875392295,0,2,0,2,0.4144186950681623,labor_stress,1.4268738788058015,0.2314358623203779,none,absent,True,0.6230330330384133,0,slowdown,0.0,0.0,0,0,4,,4,0,0.0707714275296504,0.0088436128357936,0.3199716703513673,0.1840615737263501,0.6092560233234733,0.8070946067647634,8.787955089860336e-07,2.066730927368915e-07,4.0,0,6.0,0,7.0,0,4.0,0,0.0,1,2015-05-01,2015-04-01,2015-05-01,2015-03-01,2015-05-01,2015-06-13,2015-06-06,slowdown,official,0,unchanged
2015-06-26,0,2015-06-26,expansion,expansion,official,0.714996136944922,-0.021889253818981,0,1,1,1,0.4064125118238861,labor_stress,1.4529168798008054,0.2081876303554005,none,absent,True,0.1592365930575798,0,expansion,0.0,0.0,0,0,4,,4,0,0.0927106314734744,0.023995159180959,0.4705430672010772,0.5676206386811892,0.4367454182232198,0.4083840456236093,8.831022286748809e-07,1.5651424239904738e-07,5.0,0,7.0,0,4.0,0,5.0,0,0.0,1,2015-05-01,2015-05-01,2015-05-01,2015-04-01,2015-05-01,2015-06-20,2015-06-13,expansion,official,0,accepted
2015-07-03,0,2015-07-03,slowdown,expansion,official,0.700361709996472,-0.1138334194390256,0,1,1,1,0.396620380549668,labor_stress,1.3888886397060844,-0.2017715647971003,none,absent,False,0.0074281414477606,1,slowdown,0.0,0.0432367638850929,0,0,4,,4,0,0.0853161831040421,0.0211109615812206,0.4205966107580198,0.4857303653283502,0.4940863178624035,0.4931585067761108,8.882755345582921e-07,1.663143184688324e-07,6.0,0,3.0,0,5.0,0,6.0,0,0.0,1,2015-06-01,2015-05-01,2015-05-01,2015-04-01,2015-05-01,2015-06-27,2015-06-20,expansion,official,0,unchanged
2015-07-10,0,2015-07-10,slowdown,expansion,official,0.6767863044009068,-0.2594189844759152,0,1,1,1,0.374477686608022,labor_stress,1.267206848000221,-0.933005146951812,none,absent,True,0.2613041127384526,2,slowdown,0.0,0.15,0,0,4,,4,0,0.0728409987758485,0.0165108614822766,0.3426533935469225,0.3610924244435162,0.5845047113938613,0.6223965371819689,8.96283367657042e-07,1.7689223819577677e-07,7.0,0,4.0,0,6.0,0,7.0,0,0.0,1,2015-06-01,2015-05-01,2015-05-01,2015-04-01,2015-05-01,2015-07-04,2015-06-27,expansion,official,0,unchanged
2015-07-17,0,2015-07-17,slowdown,expansion,official,0.6547078954611611,-0.2669815770868193,0,0,0,0,0.3710506805282073,labor_stress,1.2146490507902712,-1.4321038972130635,none,absent,True,0.2543644967053312,1,slowdown,0.0,0.15,0,0,4,,4,0,0.0799344370378472,0.0189972355602435,0.3378408268274908,0.3633190391885696,0.5822237802018128,0.6176835358939009,9.55932849263565e-07,1.8935728594460457e-07,4.0,0,5.0,0,7.0,0,4.0,0,0.0,1,2015-06-01,2015-05-01,2015-06-01,2015-04-01,2015-06-01,2015-07-11,2015-07-04,expansion,official,0,unchanged
2015-07-24,0,2015-07-24,slowdown,expansion,official,0.6735515644570811,-0.1575341811764303,0,0,0,0,0.3836963257099446,labor_stress,1.2921963022918346,-0.9310685619067984,none,absent,True,0.2561142245220614,2,slowdown,0.0,0.15,0,0,4,,4,0,0.0900858382535822,0.0182993499916296,0.3952797069462419,0.362793108429772,0.514633506359347,0.6189073329518334,9.484408289140092e-07,2.086267648696224e-07,5.0,0,6.0,0,8.0,0,5.0,0,0.0,1,2015-06-01,2015-05-01,2015-06-01,2015-04-01,2015-06-01,2015-07-18,2015-07-11,expansion,official,0,unchanged
2015-07-31,0,2015-07-31,slowdown,slowdown,preliminary,0.683379507547176,-0.0952544528889407,0,0,0,0,0.3918088626923897,labor_stress,1.338770738196722,-0.6208163913155984,none,absent,False,0.2281943392351382,0,slowdown,0.0,0.1330320838533425,0,0,3,real_income,4,0,0.0957796540438771,0.0185215412339148,0.4285552192652051,0.3766419507351388,0.4756641825903687,0.604836289970277,9.44100549038772e-07,2.1806066919445963e-07,6.0,0,7.0,0,9.0,0,6.0,0,0.0,1,2015-06-01,2015-05-01,2015-06-01,2015-04-01,2015-06-01,2015-07-25,2015-07-18,slowdown,preliminary,0,accepted
2015-08-07,0,2015-08-07,slowdown,slowdown,official,0.6812337631851615,-0.1605129784428856,0,0,0,0,0.4312768031582464,labor_stress,1.469001597949792,0.0121617469471989,none,absent,True,0.5746170631294201,0,slowdown,0.0,0.0,0,0,4,,4,0,0.0884923569902914,0.0101735395243,0.3942635547964578,0.2076045721999007,0.5172431396398803,0.7822216353293208,9.48573370366222e-07,2.5294647849879624e-07,7.0,0,4.0,0,5.0,0,7.0,0,0.0,1,2015-07-01,2015-06-01,2015-06-01,2015-05-01,2015-06-01,2015-08-01,2015-07-25,slowdown,official,0,unchanged
2015-08-14,0,2015-08-14,expansion,slowdown,official,0.6980819803950237,0.0221098050491576,0,0,1,0,0.4210564212320545,labor_stress,1.4696595019585696,-0.0246967218785618,none,absent,False,0.0228406158614218,0,slowdown,0.0,0.0052921546882632,0,0,4,,4,0,0.1135445349282885,0.0245977346155958,0.4866150496930462,0.4762807185618179,0.3998394867728339,0.4991213344232398,9.286058314341536e-07,2.1239934630563186e-07,4.0,0,5.0,0,6.0,0,8.0,0,0.0,1,2015-07-01,2015-06-01,2015-07-01,2015-05-01,2015-06-01,2015-08-08,2015-08-01,slowdown,official,0,unchanged
2015-08-21,0,2015-08-21,slowdown,slowdown,official,0.6801562969297594,-0.1469637434047679,0,1,1,1,0.3958522877119123,labor_stress,1.3462071307065395,-0.4591712400093661,none,absent,True,0.3743814563817359,0,slowdown,0.0,0.0983938371448641,0,0,4,,4,0,0.0928574573022302,0.0161874176472407,0.3840244715033692,0.3047154567913076,0.5231171642604295,0.6790969131730435,9.069339710116732e-07,2.123884079630692e-07,5.0,0,6.0,0,7.0,0,5.0,0,0.0,1,2015-07-01,2015-06-01,2015-07-01,2015-05-01,2015-07-01,2015-08-15,2015-08-08,slowdown,official,0,unchanged
2015-08-28,0,2015-08-28,slowdown,slowdown,official,0.6796614238807557,-0.0887559170862496,0,1,1,1,0.3872835080043524,labor_stress,1.3161083024788611,-0.3734495866293288,none,absent,True,0.261065915871548,0,slowdown,0.0,0.0800249114205704,0,0,4,,4,0,0.1002020424919073,0.0192879615080052,0.4139914857630977,0.3598229562486923,0.4858055666290414,0.6208888721202404,9.051159536375496e-07,2.1012306227314922e-07,6.0,0,7.0,0,4.0,0,6.0,0,0.0,1,2015-07-01,2015-07-01,2015-07-01,2015-05-01,2015-07-01,2015-08-22,2015-08-15,slowdown,official,0,unchanged
2015-09-04,0,2015-09-04,slowdown,slowdown,official,0.6643041367295062,-0.079006477187275,0,1,1,1,0.374658127061197,labor_stress,1.2444347183304103,-0.2446361121890063,none,absent,True,0.255851337402407,0,slowdown,0.0,0.0524220240405013,0,0,4,,4,0,0.1042339532003224,0.0200753732223828,0.4176999584120345,0.3620365385030242,0.4780651834966724,0.6178878759054313,9.048909706729876e-07,2.12369161667381e-07,7.0,0,3.0,0,5.0,0,7.0,0,0.0,1,2015-08-01,2015-07-01,2015-07-01,2015-05-01,2015-07-01,2015-08-29,2015-08-22,slowdown,official,0,unchanged
2015-09-11,0,2015-09-11,slowdown,slowdown,official,0.661734548317541,-0.0492289105070303,0,1,1,1,0.3722298554312728,labor_stress,1.2315867762705843,-0.0948669577666622,none,absent,True,0.2029087289048431,0,slowdown,0.0,0.0203286338071419,0,0,4,,4,0,0.1085207800994171,0.0217446490457093,0.4326627689088677,0.3876732050514887,0.4588155470084975,0.5905819339563319,9.039832175944466e-07,2.119464700981523e-07,8.0,0,4.0,0,6.0,0,8.0,0,0.0,1,2015-08-01,2015-07-01,2015-07-01,2015-05-01,2015-07-01,2015-09-05,2015-08-29,slowdown,official,0,unchanged
2015-09-18,0,2015-09-18,expansion,expansion,official,0.6576998916114618,0.0622894872173404,0,0,0,0,0.3904353336392005,labor_stress,1.2839463830789355,-0.148482347425816,none,absent,True,0.4115305168542163,0,expansion,0.0,0.0318176458769605,0,0,4,,4,0,0.1151975535542868,0.0335699147901409,0.5217266605845449,0.6889802327677623,0.3630748816894183,0.277449715913546,9.04171750006599e-07,1.365285507026225e-07,4.0,0,5.0,0,7.0,0,4.0,0,0.0,1,2015-08-01,2015-07-01,2015-08-01,2015-05-01,2015-08-01,2015-09-12,2015-09-05,expansion,official,0,accepted
2015-09-25,0,2015-09-25,expansion,expansion,official,0.657752577528141,0.0389145180400417,0,0,0,0,0.3904841597089411,labor_stress,1.2842098126623314,-0.2701332575224285,none,absent,True,0.4172215906319171,0,expansion,0.0,0.0578856980405204,0,0,4,,4,0,0.1126622202546456,0.0335987270563657,0.5102976509029346,0.6918113659769847,0.377039222571466,0.2745897753450675,9.062709537672828e-07,1.3162158205178977e-07,5.0,0,6.0,0,8.0,0,5.0,0,0.0,1,2015-08-01,2015-07-01,2015-08-01,2015-05-01,2015-08-01,2015-09-19,2015-09-12,expansion,official,0,unchanged
2015-10-02,0,2015-10-02,slowdown,expansion,official,0.6624070087300732,-0.0568722862427947,0,1,0,1,0.3952212204450858,labor_stress,1.3089865321083909,-0.558900607148648,none,absent,False,0.006130632873156,1,slowdown,0.0,0.1197644158175674,0,0,4,,4,0,0.1035962019361018,0.0272779060724499,0.4156044107306724,0.4832956399871285,0.4807984498738976,0.4894262728602845,9.37459328079888e-07,1.8108013702144626e-07,6.0,0,3.0,0,4.0,0,6.0,0,0.0,1,2015-09-01,2015-08-01,2015-08-01,2015-07-01,2015-08-01,2015-09-26,2015-09-19,expansion,official,0,unchanged
2015-10-09,0,2015-10-09,slowdown,expansion,official,0.6754699107316695,-0.0168080266702489,0,1,0,1,0.4063953920876989,labor_stress,1.3725392960761993,-0.3669946236470799,none,absent,False,0.0207384299963956,2,slowdown,0.0,0.0786417050672314,0,0,4,,4,0,0.1062040362844504,0.0261043281901977,0.4372763182210565,0.476578525255618,0.4565187078532232,0.4973169552520137,9.376412698419202e-07,1.913021705303865e-07,7.0,0,4.0,0,5.0,0,7.0,0,0.0,1,2015-09-01,2015-08-01,2015-08-01,2015-07-01,2015-08-01,2015-10-03,2015-09-26,expansion,official,0,unchanged
2015-10-16,0,2015-10-16,slowdown,slowdown,official,0.6814364442233438,-0.1439341116302587,0,2,0,2,0.4206574968996789,labor_stress,1.4332567446160474,0.1649120160725511,none,absent,True,0.617723819128315,0,slowdown,0.0,0.0,0,0,4,,4,0,0.0861227499671187,0.0098247309471162,0.3588263932590249,0.186225609547012,0.5550499542069787,0.803949428675327,9.025668777894692e-07,2.308305445398136e-07,4.0,0,5.0,0,6.0,0,4.0,0,0.0,1,2015-09-01,2015-08-01,2015-09-01,2015-07-01,2015-09-01,2015-10-10,2015-10-03,slowdown,official,0,accepted
2015-10-23,0,2015-10-23,slowdown,slowdown,official,0.6903263615433032,-0.1028832743426818,0,2,1,2,0.4280753950152098,labor_stress,1.47755864953531,0.356682621531749,none,absent,True,0.5568308500169985,0,slowdown,0.0,0.0,0,0,4,,4,0,0.0897211524405113,0.011179279749721,0.3804844958949933,0.2159948183561912,0.5297934473143228,0.7728256683731897,9.0435017257571e-07,2.335208982170777e-07,5.0,0,6.0,0,7.0,0,5.0,0,0.0,1,2015-09-01,2015-08-01,2015-09-01,2015-07-01,2015-09-01,2015-10-17,2015-10-10,slowdown,official,0,unchanged
2015-10-30,0,2015-10-30,slowdown,slowdown,official,0.7032625356001975,-0.0740945651155159,0,2,0,2,0.4431063142926266,labor_stress,1.5581003506494533,0.7490425299019969,none,absent,True,0.5403798363809982,0,slowdown,0.0,0.0,0,0,4,,4,0,0.0910817883553507,0.0112773887322933,0.3963171566182034,0.2241712680356838,0.5126001495382746,0.7645511044166821,9.054881712589536e-07,2.388153407360444e-07,6.0,0,7.0,0,4.0,0,6.0,0,0.0,1,2015-09-01,2015-09-01,2015-09-01,2015-08-01,2015-09-01,2015-10-24,2015-10-17,slowdown,official,0,unchanged
2015-11-06,0,2015-11-06,slowdown,slowdown,official,0.6934768588249894,-0.0264049283940759,0,1,0,1,0.4318767661952766,labor_stress,1.497482716102974,0.6230599636534079,none,absent,True,0.1844371993438892,0,slowdown,0.0,0.0,0,0,4,,4,0,0.0987049499053381,0.018939496630426,0.4505993864896871,0.3983115454453914,0.4506947538235375,0.5827487447892806,9.097814371639686e-07,2.1313490201464562e-07,7.0,0,4.0,0,5.0,0,7.0,0,0.0,1,2015-10-01,2015-09-01,2015-09-01,2015-08-01,2015-09-01,2015-10-31,2015-10-24,slowdown,official,0,unchanged
2015-11-13,0,2015-11-13,slowdown,slowdown,official,0.6648262076742351,-0.133587941924946,0,1,0,1,0.4122642299255902,labor_stress,1.3704203227058451,0.1670927715782949,none,absent,True,0.291168217350828,0,slowdown,0.0,0.0,0,0,4,,4,0,0.0910022571110951,0.0174897173862423,0.3924339861225352,0.3456709303562916,0.5165628439935923,0.6368391477071196,9.127727773734664e-07,2.045503465407068e-07,8.0,0,5.0,0,6.0,0,8.0,0,0.0,1,2015-10-01,2015-09-01,2015-09-01,2015-08-01,2015-09-01,2015-11-07,2015-10-31,slowdown,official,0,unchanged
2015-11-20,0,2015-11-20,slowdown,slowdown,official,0.638116262930364,-0.2210055082959769,0,1,0,1,0.403858083400658,labor_stress,1.288542054669236,-0.0543641408848442,none,absent,True,0.4796696456949252,0,slowdown,0.0,0.011649458761038,0,0,4,,4,0,0.0845775804460625,0.0136552566360231,0.3458661907681049,0.2533374429361013,0.5695553136361464,0.7330070886310265,9.151496862153496e-07,2.1179684898093001e-07,4.0,0,6.0,0,7.0,0,4.0,0,0.0,1,2015-10-01,2015-09-01,2015-10-01,2015-08-01,2015-10-01,2015-11-14,2015-11-07,slowdown,official,0,unchanged
2015-11-27,0,2015-11-27,slowdown,slowdown,official,0.6501192847708441,-0.2716406821663969,0,1,0,1,0.3807084100424769,labor_stress,1.237529396215302,-0.2665632229687809,none,absent,True,0.5908364688867895,0,slowdown,0.0,0.0571206906361673,0,0,4,,4,0,0.0766857923016021,0.01044186740382,0.3211672655379526,0.1993607246950123,0.6021460260629318,0.7901971935818018,9.160975135761588e-07,2.1431936593918026e-07,5.0,0,7.0,0,4.0,0,5.0,0,0.0,1,2015-10-01,2015-10-01,2015-10-01,2015-08-01,2015-10-01,2015-11-21,2015-11-14,slowdown,official,0,unchanged
2015-12-04,0,2015-12-04,slowdown,expansion,official,0.6797729397427769,-0.1305725323363088,0,1,0,1,0.37596816141802,labor_stress,1.2778649116840717,-0.327047126957832,none,absent,True,0.126860236035755,2,slowdown,0.0,0.0700815272052497,0,0,4,,4,0,0.0866947123150593,0.0195812866834276,0.4102517491500185,0.4267791480651044,0.5030526489848701,0.5536393841008594,8.895500519203642e-07,1.8115060854339282e-07,6.0,0,3.0,0,5.0,0,6.0,0,0.0,1,2015-11-01,2015-10-01,2015-10-01,2015-09-01,2015-10-01,2015-11-28,2015-11-21,slowdown,official,1,blocked_raw
2015-12-11,0,2015-12-11,slowdown,slowdown,official,0.6635671728283127,-0.2008771656127101,0,1,0,1,0.361760147019862,labor_stress,1.200260789999623,-0.6646334370114777,none,absent,True,0.2768552485329312,0,slowdown,0.0,0.1424214507881737,0,0,4,,4,0,0.0812368240463938,0.0167177154112284,0.3722361698208096,0.3532134236699333,0.5465261126333277,0.6300686722028646,8.934994689695616e-07,1.8871597354972098e-07,7.0,0,4.0,0,6.0,0,7.0,0,0.0,1,2015-11-01,2015-10-01,2015-10-01,2015-09-01,2015-10-01,2015-12-05,2015-11-28,slowdown,official,0,unchanged
2015-12-18,0,2015-12-18,slowdown,slowdown,official,0.6258964738757125,-0.3681412432528811,0,1,0,1,0.3697296912102865,labor_stress,1.1570625500783716,-0.9035708819852776,none,absent,True,0.6854441776161908,0,slowdown,0.0,0.15,0,0,4,,4,0,0.0674155275035829,0.0078768157690446,0.2866159595405623,0.1533393994528546,0.6459676106680123,0.8387835770690454,9.02287842320418e-07,2.0770905534934933e-07,4.0,0,5.0,0,7.0,0,4.0,0,0.0,1,2015-11-01,2015-10-01,2015-11-01,2015-09-01,2015-11-01,2015-12-12,2015-12-05,slowdown,official,0,unchanged
2015-12-25,0,2015-12-25,slowdown,slowdown,official,0.6017459463156558,-0.4801098889639813,0,1,0,1,0.3595999750379188,labor_stress,1.0819391363713935,-1.3048265623042206,none,absent,True,0.8241387820725437,0,slowdown,0.0,0.15,0,0,4,,4,0,0.0589231817906197,0.0049277266121133,0.2241488954738697,0.0854666430493602,0.7169270019914066,0.909605425121904,9.207441038731497e-07,2.052166222708586e-07,5.0,0,6.0,0,3.0,0,5.0,0,0.0,1,2015-11-01,2015-11-01,2015-11-01,2015-10-01,2015-11-01,2015-12-19,2015-12-12,slowdown,official,0,unchanged
2016-01-01,0,2016-01-01,slowdown,slowdown,official,0.5784513537960413,-0.5000105830425688,0,1,0,1,0.333810671351195,labor_stress,0.9654661737733208,-1.4099312343381685,none,absent,True,0.8507571129176754,0,slowdown,0.0,0.15,0,0,4,,4,0,0.0593255931083666,0.0043596545079102,0.2154664975607883,0.0724415136146957,0.7252069880319283,0.9231986265323712,9.212989165579644e-07,2.0534502302632578e-07,6.0,0,7.0,0,4.0,0,6.0,0,0.0,1,2015-11-01,2015-11-01,2015-11-01,2015-10-01,2015-11-01,2015-12-26,2015-12-19,slowdown,official,0,unchanged
2016-01-08,0,2016-01-08,slowdown,slowdown,official,0.5853363514881617,-0.411849933785966,0,1,0,1,0.3339818661248581,labor_stress,0.9774586349036606,-1.0428298741001756,none,absent,True,0.8229649407927553,0,slowdown,0.0,0.15,0,0,4,,4,0,0.0686386929064574,0.0051081609686863,0.2527267623116397,0.0859633413729823,0.6786336250937148,0.9089282821657376,9.196881880270112e-07,2.154925935676081e-07,7.0,0,4.0,0,5.0,0,7.0,0,0.0,1,2015-12-01,2015-11-01,2015-11-01,2015-10-01,2015-11-01,2016-01-02,2015-12-26,slowdown,official,0,unchanged
2016-01-15,0,2016-01-15,slowdown,slowdown,official,0.5500641306754868,-0.4574031449239878,0,1,0,1,0.3241054895485125,labor_stress,0.8964687419460876,-1.0349383908489256,none,absent,True,0.8294170674195513,0,slowdown,0.0,0.15,0,0,4,,4,0,0.0665996553539429,0.0049448550638685,0.2435219560044351,0.0828189338172923,0.6898774815020388,0.9122360012368436,9.071395832474522e-07,2.0988199530815989e-07,4.0,0,5.0,0,6.0,0,8.0,0,0.0,1,2015-12-01,2015-11-01,2015-12-01,2015-10-01,2015-11-01,2016-01-09,2016-01-02,slowdown,official,0,unchanged
2016-01-22,0,2016-01-22,slowdown,slowdown,official,0.5199247019691862,-0.5939111142077232,0,1,0,1,0.2919958702180961,labor_stress,0.7636512889892216,-1.3223625965308483,none,absent,True,0.8928362758800402,0,slowdown,0.0,0.15,0,0,4,,4,0,0.0553275689232281,0.003507885936765,0.1788738447394452,0.0518278196340854,0.765797663097365,0.9446640955141256,9.232399617700416e-07,1.9891502380560402e-07,5.0,0,6.0,0,7.0,0,5.0,0,0.0,1,2015-12-01,2015-11-01,2015-12-01,2015-10-01,2015-12-01,2016-01-16,2016-01-09,slowdown,official,0,unchanged
2016-01-29,0,2016-01-29,slowdown,slowdown,official,0.5192784022913546,-0.6068881911570492,0,1,0,1,0.2911199625865913,labor_stress,0.7604197906000641,-1.3861430224732023,none,absent,True,0.8997760166518233,0,slowdown,0.0,0.15,0,0,4,,4,0,0.0539968819949137,0.0032888529390544,0.1743475769224408,0.0484674661760079,0.7716546176609258,0.9482434828278312,9.234217196100308e-07,1.9805710655422975e-07,6.0,0,7.0,0,8.0,0,6.0,0,0.0,1,2015-12-01,2015-11-01,2015-12-01,2015-10-01,2015-12-01,2016-01-23,2016-01-16,slowdown,official,0,unchanged
2016-02-05,0,2016-02-05,slowdown,slowdown,official,0.4938036257381976,-0.7532351195379297,0,1,0,1,0.2857644348852986,labor_stress,0.7100319608209985,-1.3175221616425934,none,absent,True,0.9366450548804112,0,slowdown,0.0,0.1577702963444652,0,0,4,,4,0,0.0419557082650861,0.0021634833216991,0.1287784374913714,0.0305956369296562,0.8292649288973479,0.9672406918100674,9.253461944411624e-07,1.879385770936013e-07,7.0,0,4.0,0,5.0,0,7.0,0,0.0,1,2016-01-01,2015-12-01,2015-12-01,2015-11-01,2015-12-01,2016-01-30,2016-01-23,slowdown,official,0,unchanged
2016-02-12,0,2016-02-12,slowdown,slowdown,official,0.5093201764671635,-0.6682250550889133,0,1,0,1,0.3022061105204861,labor_stress,0.774330175740381,-1.0236050708361453,none,absent,True,0.9207561650650156,0,slowdown,0.0,0.15,0,0,4,,4,0,0.0486371809248802,0.0026324461922387,0.1539634418349659,0.0383055975486153,0.7973984529557163,0.959061762613631,9.242844374439194e-07,1.936455150987443e-07,8.0,0,5.0,0,6.0,0,8.0,0,0.0,1,2016-01-01,2015-12-01,2015-12-01,2015-11-01,2015-12-01,2016-02-06,2016-01-30,slowdown,official,0,unchanged
2016-02-19,0,2016-02-19,slowdown,slowdown,official,0.5576500117222097,-0.1432227605562794,0,0,0,0,0.3203168649870853,labor_stress,0.8931235175743478,-0.5416314769660332,none,absent,True,0.5377380522348405,0,slowdown,0.0,0.1160638879212928,0,0,4,,4,0,0.112886160746697,0.0145813277487756,0.3933854660870238,0.223840180365765,0.4937274244783756,0.7615782326006055,9.48687903561615e-07,2.592848537040835e-07,4.0,0,6.0,0,7.0,0,4.0,0,0.0,1,2016-01-01,2015-12-01,2016-01-01,2015-11-01,2016-01-01,2016-02-13,2016-02-06,slowdown,official,0,unchanged
2016-02-26,0,2016-02-26,expansion,slowdown,official,0.5632482786058178,0.0162313441752857,0,0,0,0,0.3263747415814644,labor_stress,0.9191500568808922,-0.1693807313386502,none,absent,True,0.1723148017209456,0,slowdown,0.0,0.0362958710011393,0,0,4,,4,0,0.1339914248464349,0.026175582632601,0.4721589259660447,0.4007546842402067,0.3938487107744056,0.5730694859611524,9.384131147217492e-07,2.471660397817109e-07,5.0,0,7.0,0,4.0,0,5.0,0,0.0,1,2016-01-01,2016-01-01,2016-01-01,2015-12-01,2016-01-01,2016-02-20,2016-02-13,slowdown,official,0,unchanged
2016-03-04,0,2016-03-04,expansion,slowdown,official,0.5694173000240231,0.0212391105923587,0,0,0,0,0.3311747431550703,labor_stress,0.9428831404175472,-0.1491408872109396,none,absent,False,0.0167819417236175,0,slowdown,0.0,0.0319587615452013,0,0,4,,4,0,0.1332447826191073,0.0309064825353396,0.4753218700915009,0.4761556787251448,0.3914324092888346,0.4929376204487624,9.380005572048992e-07,2.182907531301536e-07,6.0,0,3.0,0,5.0,0,6.0,0,0.0,1,2016-02-01,2016-01-01,2016-01-01,2015-12-01,2016-01-01,2016-02-27,2016-02-20,slowdown,official,0,unchanged
2016-03-11,0,2016-03-11,expansion,slowdown,official,0.5796500374072309,0.0870655358593408,0,0,0,0,0.34298171765155,labor_stress,0.9940468273335864,0.17894129708889,none,absent,True,0.1672383169618673,1,expansion,0.0,0.0,0,0,4,,4,0,0.1394044761464508,0.0360849945786891,0.5075155295408824,0.5655765620444153,0.3530790605112784,0.398338245082548,9.338013884324096e-07,1.982943474747309e-07,7.0,0,4.0,0,6.0,0,7.0,0,0.0,1,2016-02-01,2016-01-01,2016-01-01,2015-12-01,2016-01-01,2016-03-05,2016-02-27,slowdown,official,0,unchanged
2016-03-18,0,2016-03-18,expansion,slowdown,official,0.5451915195659831,0.1108701065709836,0,0,0,0,0.363043041951947,labor_stress,0.9896399385481948,0.555830264445486,none,absent,True,0.2028006459163791,1,expansion,0.0,0.0,0,0,4,,4,0,0.1509506217580173,0.0403018317342087,0.5131634847138958,0.581249307680814,0.3358849604633874,0.3784486617644348,9.330646993639228e-07,1.9882054257143604e-07,4.0,0,5.0,0,7.0,0,4.0,0,0.0,1,2016-02-01,2016-01-01,2016-02-01,2015-12-01,2016-02-01,2016-03-12,2016-03-05,slowdown,official,0,unchanged
2016-03-25,0,2016-03-25,expansion,expansion,official,0.5919530727445388,0.1900049129884514,0,0,0,0,0.4138843114316199,labor_stress,1.2250004495635254,0.9662835795158368,none,absent,True,0.5660268446668681,0,expansion,0.0,0.0,0,0,4,,4,0,0.1487095417048105,0.0472691199938679,0.5547968642040233,0.7593787995959046,0.2964926664569022,0.1933519549290365,9.276342639912982e-07,1.254811908503425e-07,5.0,0,6.0,0,8.0,0,5.0,0,0.0,1,2016-02-01,2016-01-01,2016-02-01,2015-12-01,2016-02-01,2016-03-19,2016-03-12,expansion,official,0,accepted
2016-04-01,0,2016-04-01,expansion,expansion,official,0.5476775549677928,0.1739925835206336,0,0,0,0,0.3979099073107007,labor_stress,1.1728896045577573,0.9702750426565347,none,absent,True,0.5713919975852496,0,expansion,0.0,0.0,0,0,4,,4,0,0.1582621244380585,0.052753300580231,0.5406849669502493,0.7593192869975276,0.3010519791367479,0.1879272894122779,9.2947494440111e-07,1.2300996336314466e-07,6.0,0,3.0,0,4.0,0,6.0,0,0.0,1,2016-03-01,2016-02-01,2016-02-01,2016-01-01,2016-02-01,2016-03-26,2016-03-19,expansion,official,0,unchanged
2016-04-08,0,2016-04-08,expansion,expansion,official,0.53319899039671,0.0743407960170696,0,0,0,0,0.3829842858060347,labor_stress,1.1011691403813513,0.4725579829441275,none,absent,True,0.522960680236098,0,expansion,0.0,0.0,0,0,4,,4,0,0.149134970817173,0.052926104111698,0.4950463710002729,0.7350172275442234,0.3558177227547553,0.2120565473081254,9.354277987895568e-07,1.210359530975521e-07,7.0,0,4.0,0,5.0,0,7.0,0,0.0,1,2016-03-01,2016-02-01,2016-02-01,2016-01-01,2016-02-01,2016-04-02,2016-03-26,expansion,official,0,unchanged
2016-04-15,0,2016-04-15,slowdown,slowdown,official,0.5060227560320276,-0.2826348839197242,0,1,0,1,0.3780259542386575,labor_stress,1.1493597821870596,0.2431814739852702,none,absent,True,0.5573788562272469,0,slowdown,0.0,0.0,0,0,4,,4,0,0.0979476799412838,0.0160551584926318,0.3080323640888953,0.213282884945163,0.5940190375920623,0.7706617411724099,9.1837775850665e-07,2.153897950999303e-07,4.0,0,5.0,0,6.0,0,4.0,0,0.0,1,2016-03-01,2016-02-01,2016-03-01,2016-01-01,2016-03-01,2016-04-09,2016-04-02,slowdown,official,0,accepted
2016-04-22,0,2016-04-22,slowdown,slowdown,official,0.5260322587882117,-0.2507272348723933,0,1,0,1,0.3978404710338051,labor_stress,1.2494072959679796,0.369007318730992,none,absent,True,0.6005031292197696,0,slowdown,0.0,0.0,0,0,4,,4,0,0.0991288162208289,0.0137409653923202,0.3243982408893385,0.1928778398901026,0.5764720254225426,0.7933809691098721,9.17467289985814e-07,2.256077050336361e-07,5.0,0,6.0,0,7.0,0,5.0,0,0.0,1,2016-03-01,2016-02-01,2016-03-01,2016-01-01,2016-03-01,2016-04-16,2016-04-09,slowdown,official,0,unchanged
2016-04-29,0,2016-04-29,slowdown,slowdown,official,0.5416665299190516,-0.3078755651791792,0,1,0,1,0.4195905337577069,labor_stress,1.3505127436424025,0.3187296565388389,none,absent,True,0.7100762503629807,0,slowdown,0.0,0.0,0,0,4,,4,0,0.0883334973346217,0.0094451102853075,0.2981966490989626,0.1402392072075808,0.6134689352627074,0.8503154575705615,9.183037083222848e-07,2.249365501672153e-07,6.0,0,7.0,0,4.0,0,6.0,0,0.0,1,2016-03-01,2016-03-01,2016-03-01,2016-02-01,2016-03-01,2016-04-23,2016-04-16,slowdown,official,0,unchanged
2016-05-06,0,2016-05-06,slowdown,slowdown,official,0.5320306701210786,-0.4023274736979985,0,1,0,1,0.4168845082641201,labor_stress,1.3217178063322672,0.1556288998232718,none,absent,True,0.7938184974059302,0,slowdown,0.0,0.0,0,0,4,,4,0,0.0769805836762408,0.0067284162034676,0.2549405096179364,0.0997264350482569,0.6680779865699449,0.8935449324541872,9.201358778276814e-07,2.162940882340845e-07,7.0,0,4.0,0,5.0,0,7.0,0,0.0,1,2016-04-01,2016-03-01,2016-03-01,2016-02-01,2016-03-01,2016-04-30,2016-04-23,slowdown,official,0,unchanged
2016-05-13,0,2016-05-13,slowdown,slowdown,official,0.4883825530240708,-0.5020658008288009,0,1,0,1,0.3699927400594541,labor_stress,1.0923016570548072,-0.4794219750495271,none,absent,True,0.8349246874406999,0,slowdown,0.0,0.1115916759780029,0,0,4,,4,0,0.0698786366947793,0.0058628911862345,0.2121856051098294,0.0796061074265281,0.7179348359611737,0.914530794867228,9.222342175630634e-07,2.0652000933254882e-07,8.0,0,5.0,0,6.0,0,8.0,0,0.0,1,2016-04-01,2016-03-01,2016-03-01,2016-02-01,2016-03-01,2016-05-07,2016-04-30,slowdown,official,0,unchanged
2016-05-20,0,2016-05-20,slowdown,slowdown,official,0.4983705367903293,-0.2770067680762875,0,0,0,0,0.3380378031645791,labor_stress,0.9104689824730356,-0.9742964299647794,none,absent,False,0.4286351525925043,0,slowdown,0.0,0.1515479036429893,0,0,4,,4,0,0.1044472446983751,0.0207658097177999,0.3235133390697365,0.2752994108458407,0.5720384584302383,0.703934563438345,9.578016501457754e-07,2.1599801424875565e-07,4.0,0,6.0,0,7.0,0,4.0,0,0.0,1,2016-04-01,2016-03-01,2016-04-01,2016-02-01,2016-04-01,2016-05-14,2016-05-07,slowdown,official,0,unchanged
2016-05-27,0,2016-05-27,slowdown,slowdown,official,0.4809531190013271,-0.2875741306360112,0,0,0,0,0.3159190108552522,labor_stress,0.8233818935280242,-1.0317613596434163,none,absent,False,0.5368806696337414,0,slowdown,0.0,0.157652791452662,0,0,4,,4,0,0.106071670871987,0.0175554654581193,0.3173629815381172,0.2227818183577767,0.5765643889860259,0.759662487991518,9.586038698911585e-07,2.2819258583626042e-07,5.0,0,7.0,0,8.0,0,5.0,0,0.0,1,2016-04-01,2016-03-01,2016-04-01,2016-02-01,2016-04-01,2016-05-21,2016-05-14,slowdown,official,0,unchanged
2016-06-03,0,2016-06-03,slowdown,slowdown,official,0.472775352098044,-0.3437908615155438,0,1,0,1,0.3211688066198555,labor_stress,0.8239322541956451,-0.808798825872327,none,absent,False,0.7776163788207896,0,slowdown,0.0,0.1625423375178,0,0,4,,4,0,0.0962328438801797,0.0089239782462556,0.2648073578805085,0.1067297073087941,0.6389588612937057,0.8843460861295838,9.369456059027046e-07,2.283153664554629e-07,6.0,0,3.0,0,5.0,0,6.0,0,0.0,1,2016-05-01,2016-04-01,2016-04-01,2016-03-01,2016-04-01,2016-05-28,2016-05-21,slowdown,official,0,unchanged
2016-06-10,0,2016-06-10,slowdown,slowdown,official,0.5067804958863691,-0.2693208440648716,0,1,0,1,0.3633626045427437,labor_stress,0.993957973137271,-0.4383520163301658,none,absent,True,0.739470025911392,0,slowdown,0.0,0.0939325749278926,0,0,4,,4,0,0.1018920371954614,0.0097813575757017,0.2999903633060392,0.1253741889803918,0.5981166621580664,0.8648442148917838,9.373404329760248e-07,2.3855212266792005e-07,7.0,0,4.0,0,6.0,0,7.0,0,0.0,1,2016-05-01,2016-04-01,2016-04-01,2016-03-01,2016-04-01,2016-06-04,2016-05-28,slowdown,official,0,unchanged
2016-06-17,0,2016-06-17,slowdown,slowdown,official,0.4830473630046626,-0.1814184088379436,0,1,1,1,0.3433032829979878,labor_stress,0.9738980640536248,-0.7546130096519629,none,absent,False,0.5602425277429494,0,slowdown,0.0,0.1543692265087232,0,0,4,,4,0,0.1286826259514278,0.0195664434971558,0.3361918027551597,0.2100953942174021,0.5351246410617198,0.7703379219603514,9.302316928077276e-07,2.403250905375933e-07,4.0,0,5.0,0,7.0,0,4.0,0,0.0,1,2016-05-01,2016-04-01,2016-05-01,2016-03-01,2016-05-01,2016-06-11,2016-06-04,slowdown,official,0,unchanged
2016-06-24,0,2016-06-24,slowdown,slowdown,official,0.4907819561310392,-0.2163592644426061,0,1,1,1,0.3521352268132903,labor_stress,1.012571029685508,-0.9348971609788204,none,absent,False,0.5937060635523619,0,slowdown,0.0,0.1531908036591216,0,0,4,,4,0,0.1208975324288781,0.0178191392942692,0.3207471126969439,0.1942372808405495,0.5583544246424851,0.7879433443929115,9.302316928077276e-07,2.354722697214997e-07,5.0,0,6.0,0,8.0,0,5.0,0,0.0,1,2016-05-01,2016-04-01,2016-05-01,2016-03-01,2016-05-01,2016-06-18,2016-06-11,slowdown,official,0,unchanged
2016-07-01,0,2016-07-01,slowdown,slowdown,official,0.4873977565413831,-0.2474817995658157,0,1,1,1,0.3598495269421271,labor_stress,1.0286646220946374,-0.801533086532094,none,absent,False,0.6788763795913113,0,slowdown,0.0,0.1546607222311021,0,0,4,,4,0,0.1162318719082839,0.0138585474351465,0.3063011336911592,0.1536324174805919,0.5774660641688641,0.8325087970719033,9.302316928077276e-07,2.380123581535566e-07,6.0,0,7.0,0,4.0,0,6.0,0,0.0,1,2016-05-01,2016-05-01,2016-05-01,2016-04-01,2016-05-01,2016-06-25,2016-06-18,slowdown,official,0,unchanged
2016-07-08,0,2016-07-08,slowdown,slowdown,official,0.4918890949410432,-0.0359631168598922,0,1,1,1,0.3597612288256109,labor_stress,1.0364912605106222,-0.1726835528794232,none,absent,False,0.4309118265214059,0,slowdown,0.0,0.0374859322493627,0,0,4,,4,0,0.1521043181063563,0.0248590478234217,0.404429452376657,0.272114430657667,0.4434652992852937,0.703026257179073,9.302316928077276e-07,2.643398383515071e-07,7.0,0,4.0,0,5.0,0,7.0,0,0.0,1,2016-06-01,2016-05-01,2016-05-01,2016-04-01,2016-05-01,2016-07-02,2016-06-25,slowdown,official,0,unchanged
2016-07-15,0,2016-07-15,expansion,slowdown,official,0.538774301639646,0.0791068597182138,0,1,1,1,0.4027322818863579,labor_stress,1.1543088937042063,0.6284933973603856,none,absent,True,0.2712449321403721,0,slowdown,0.0,0.0,0,0,4,,4,0,0.1586836293622766,0.0287530559530121,0.463142295073595,0.3500008686616936,0.3781731453324355,0.6212458008020658,9.302316928077276e-07,2.745832284015554e-07,4.0,0,5.0,0,6.0,0,4.0,0,0.0,1,2016-06-01,2016-05-01,2016-06-01,2016-04-01,2016-06-01,2016-07-09,2016-07-02,slowdown,official,0,unchanged
2016-07-22,0,2016-07-22,expansion,slowdown,official,0.5412439628103247,0.1305929910302407,0,1,1,1,0.4052944273744619,labor_stress,1.1666571995575998,0.8865181112046621,none,absent,False,0.0271325908356233,0,slowdown,0.0,0.0,0,0,4,,4,0,0.165783345195129,0.0386999844934313,0.4862454422819696,0.4670835907335217,0.3479702822912085,0.494216181569145,9.302316928077276e-07,2.4320390188134294e-07,5.0,0,6.0,0,7.0,0,5.0,0,0.0,1,2016-06-01,2016-05-01,2016-06-01,2016-04-01,2016-06-01,2016-07-16,2016-07-09,slowdown,official,0,unchanged
2016-07-29,0,2016-07-29,expansion,slowdown,official,0.5453602480524522,0.1436819048017734,0,1,1,1,0.409516354250497,labor_stress,1.1872386257682372,0.9526795233783903,none,absent,True,0.1611642869963747,1,expansion,0.0,0.0,0,0,4,,4,0,0.1665687799381864,0.0464786185155792,0.4925635666968758,0.5573427313312681,0.3408667231332449,0.3961784443348934,9.302316928077276e-07,2.0581825918175814e-07,6.0,0,7.0,0,8.0,0,6.0,0,0.0,1,2016-06-01,2016-05-01,2016-06-01,2016-04-01,2016-06-01,2016-07-23,2016-07-16,slowdown,official,0,unchanged
2016-08-05,0,2016-08-05,expansion,expansion,official,0.4513586799275494,0.0575485710010055,0,2,2,2,0.4420298186875602,labor_stress,1.0737417050888172,0.2056069869647846,none,absent,False,0.2066957131446467,0,expansion,0.021816661064405,0.0,0,0,4,,4,0,0.1749016649877302,0.0618824931082486,0.4290430490509091,0.5724065245536045,0.3960543797572114,0.3657108114089578,9.062041491473712e-07,1.7092918906014604e-07,7.0,0,4.0,0,5.0,0,7.0,0,0.0,1,2016-07-01,2016-06-01,2016-06-01,2016-05-01,2016-06-01,2016-07-30,2016-07-23,expansion,official,0,accepted
2016-08-12,0,2016-08-12,expansion,expansion,official,0.4411261921736213,0.0592473049167805,0,1,2,1,0.4206335124299597,labor_stress,1.0002469588915948,0.0506590198174048,none,absent,False,0.3302965391587749,0,expansion,0.0,0.0,0,0,4,,4,0,0.1828559541912399,0.0710995720847487,0.4395226048980081,0.6295984044561876,0.3776205106790592,0.2993018652974127,9.302316928077276e-07,1.5816165088127585e-07,8.0,0,5.0,0,6.0,0,8.0,0,0.0,1,2016-07-01,2016-06-01,2016-06-01,2016-05-01,2016-06-01,2016-08-06,2016-07-30,expansion,official,0,unchanged
2016-08-19,0,2016-08-19,expansion,expansion,official,0.4482329764838582,0.1858444021191184,0,1,2,1,0.4048719541700474,labor_stress,0.9073848055623828,-0.3241250716098784,none,absent,False,0.6053724127290522,0,expansion,0.0,0.069455372487831,0,0,4,,4,0,0.2019315330001223,0.0850835262087411,0.4922801337232317,0.760144385558386,0.3057874030449531,0.1547719728293339,9.302316928077276e-07,1.1540353897374396e-07,4.0,0,6.0,0,7.0,0,4.0,0,0.0,1,2016-07-01,2016-06-01,2016-07-01,2016-05-01,2016-07-01,2016-08-13,2016-08-06,expansion,official,0,unchanged
2016-08-26,0,2016-08-26,expansion,expansion,official,0.4505364308389014,0.204267458918905,0,1,2,1,0.4079146610304513,labor_stress,0.9189020773375992,-0.2314583088333101,none,absent,False,0.5918752940693762,0,expansion,0.0,0.0495982090357093,0,0,4,,4,0,0.2040743449066092,0.0854401302613368,0.4997875124177576,0.7532175209495107,0.2961372124439403,0.1613422268801344,9.302316928077276e-07,1.219090181317771e-07,5.0,0,7.0,0,8.0,0,5.0,0,0.0,1,2016-07-01,2016-06-01,2016-07-01,2016-05-01,2016-07-01,2016-08-20,2016-08-13,expansion,official,0,unchanged
2016-09-02,0,2016-09-02,expansion,expansion,official,0.4939187766314145,0.3256061913128691,0,0,2,0,0.3711926062817073,labor_stress,0.9166949899464358,-0.3324894740734254,none,absent,False,0.7577947160253558,0,expansion,0.0,0.0712477444443054,0,0,4,,4,0,0.2026671851955214,0.0762808573991668,0.5787972888251809,0.8407568852659285,0.2185346156150777,0.0829621692405727,9.103642200332124e-07,8.809433190821587e-08,6.0,0,3.0,0,5.0,0,6.0,0,0.0,1,2016-08-01,2016-07-01,2016-07-01,2016-06-01,2016-07-01,2016-08-27,2016-08-20,expansion,official,0,unchanged
2016-09-09,0,2016-09-09,expansion,expansion,official,0.5008123258464121,0.2835098449006483,0,0,2,0,0.3798479737549926,labor_stress,0.9511627360214236,-0.5431842012692628,none,absent,False,0.7390278610572337,0,expansion,0.0,0.1163966145576991,0,0,4,,4,0,0.1955804365568121,0.0745306376613016,0.5662659040359417,0.8322485664354459,0.2381527469140754,0.0932207053782121,9.12493170678663e-07,9.052504029639428e-08,7.0,0,4.0,0,6.0,0,7.0,0,0.0,1,2016-08-01,2016-07-01,2016-07-01,2016-06-01,2016-07-01,2016-09-03,2016-08-27,expansion,official,0,unchanged
2016-09-16,0,2016-09-16,slowdown,expansion,official,0.466572112266799,-0.0804552352946295,0,1,1,1,0.3962069181453007,labor_stress,0.96029839817671,-0.5666500216459801,none,absent,False,0.0475352923071349,0,expansion,0.0,0.1249626248273363,0,0,4,,4,0,0.1379717146938097,0.0436607999477517,0.4011716507937114,0.5019371570062043,0.4608557189928559,0.4544018646990694,9.155196228394308e-07,1.7834697447475917e-07,4.0,0,5.0,0,7.0,0,4.0,0,0.0,1,2016-08-01,2016-07-01,2016-08-01,2016-06-01,2016-08-01,2016-09-10,2016-09-03,expansion,official,0,unchanged
2016-09-23,0,2016-09-23,slowdown,expansion,official,0.4757696316763234,-0.0633223672247235,0,1,1,1,0.4074499033879895,labor_stress,1.0062859952243324,-0.4819091345153838,none,absent,False,0.008458878332975,1,slowdown,0.0,0.105347537735912,0,0,4,,4,0,0.1385606304829444,0.0402931086945168,0.4103186349617935,0.4756239116084375,0.4511198195494748,0.4840827899414126,9.150057872601528e-07,1.8975563285441106e-07,5.0,0,6.0,0,8.0,0,5.0,0,0.0,1,2016-08-01,2016-07-01,2016-08-01,2016-06-01,2016-08-01,2016-09-17,2016-09-10,expansion,official,0,unchanged
2016-09-30,0,2016-09-30,slowdown,slowdown,official,0.4788003269252699,-0.055954250422123,0,1,0,1,0.4403026588451342,labor_stress,1.0940951231558602,0.0296518525433566,none,absent,False,0.327647585839483,0,slowdown,0.0,0.0016344268421661,0,0,4,,4,0,0.1428759081528166,0.0287925119675211,0.3978943261693204,0.321779829647965,0.4592288254780928,0.649427415487448,9.401997701504104e-07,2.4289706591010813e-07,6.0,0,7.0,0,4.0,0,6.0,0,0.0,1,2016-08-01,2016-08-01,2016-08-01,2016-07-01,2016-08-01,2016-09-24,2016-09-17,slowdown,official,0,accepted
2016-10-07,0,2016-10-07,slowdown,slowdown,official,0.4916064431066091,-0.0360450688883465,0,2,0,2,0.4600731913359808,labor_stress,1.172681091389461,0.4722224824188346,none,absent,False,0.5029771986631032,0,slowdown,0.0050612366253956,0.0004957104681052,0,0,4,,4,0,0.1426718266179182,0.0217600956374366,0.3791363366082856,0.2376312229509096,0.4781908991474597,0.7406084216140129,9.37626336397908e-07,2.5979764095716094e-07,7.0,0,4.0,0,5.0,0,7.0,0,0.0,1,2016-09-01,2016-08-01,2016-08-01,2016-07-01,2016-08-01,2016-10-01,2016-09-24,slowdown,official,0,unchanged
2016-10-14,0,2016-10-14,expansion,slowdown,official,0.5197990379527968,0.1042455981518569,0,1,0,1,0.4828699088658105,labor_stress,1.2988544496810583,1.0569828012521711,none,absent,True,0.1658646164221128,0,slowdown,0.0,0.0,0,0,4,,4,0,0.163297436398492,0.0352705349194278,0.4589636398441289,0.3994322911662688,0.377737950112163,0.5652969075883817,9.736452158818425e-07,2.663259215223727e-07,8.0,0,5.0,0,6.0,0,8.0,0,0.0,1,2016-09-01,2016-08-01,2016-08-01,2016-07-01,2016-08-01,2016-10-08,2016-10-01,slowdown,official,0,unchanged
2016-10-21,0,2016-10-21,slowdown,slowdown,official,0.5077390228358908,-0.0647120024364599,0,2,0,2,0.4639870982494942,labor_stress,1.2460335093387191,0.8791343756677757,none,absent,True,0.4947473169829724,0,slowdown,0.0,0.0,0,0,4,,4,0,0.1338918936908933,0.021107682700416,0.3674011222737411,0.2420723762616876,0.4987060490849155,0.73681969324466,9.349504499515176e-07,2.4779323624355586e-07,4.0,0,6.0,0,7.0,0,4.0,0,0.0,1,2016-09-01,2016-08-01,2016-09-01,2016-07-01,2016-09-01,2016-10-15,2016-10-08,slowdown,official,0,unchanged
2016-10-28,0,2016-10-28,slowdown,slowdown,official,0.5010206061556589,-0.0834549484939142,0,2,0,2,0.4571973276757059,labor_stress,1.2124414259375598,0.7872908415697906,none,absent,False,0.486777588628115,0,slowdown,0.0009359209152316,0.0001993917631771,0,0,4,,4,0,0.1322106692472825,0.0219418751504736,0.3579743919163313,0.2456401472893135,0.5098140053347986,0.7324177359174285,9.335015875416996e-07,2.416427842670533e-07,5.0,0,7.0,0,8.0,0,5.0,0,0.0,1,2016-09-01,2016-08-01,2016-09-01,2016-07-01,2016-09-01,2016-10-22,2016-10-15,slowdown,official,0,unchanged
2016-11-04,0,2016-11-04,slowdown,slowdown,official,0.4749701611141522,-0.1981763053144739,0,2,0,2,0.4387062487480853,labor_stress,1.1062624753849026,0.4171928046497963,none,absent,False,0.5706540184246994,0,slowdown,0.0151941043451385,0.0067049452181392,0,0,4,,4,0,0.1152563256749597,0.0177668993123345,0.3185418624643467,0.2057894296963636,0.5662009079377406,0.7764434481210631,9.039229528677362e-07,2.2287023851691385e-07,6.0,0,3.0,0,5.0,0,6.0,0,0.0,1,2016-10-01,2016-09-01,2016-09-01,2016-08-01,2016-09-01,2016-10-29,2016-10-22,slowdown,official,0,unchanged
2016-11-11,0,2016-11-11,slowdown,slowdown,official,0.4639355290500478,-0.2323002912250148,0,2,0,2,0.4261505327726685,labor_stress,1.051089315064381,0.2490637598628896,none,absent,False,0.6337339978622893,0,slowdown,0.0219801512331104,0.0109535427172554,0,0,4,,4,0,0.1117462395221535,0.0155104653769195,0.3021393333191093,0.1753776569389745,0.5861135246887181,0.8091116548012639,9.024700189820912e-07,2.228828420869095e-07,7.0,0,4.0,0,6.0,0,7.0,0,0.0,1,2016-10-01,2016-09-01,2016-09-01,2016-08-01,2016-09-01,2016-11-05,2016-10-29,slowdown,official,0,unchanged
2016-11-18,0,2016-11-18,expansion,expansion,official,0.5129729336103055,0.0814582377305872,0,1,1,1,0.4470935569749216,labor_stress,1.205938451861265,0.5094616786630021,none,absent,True,0.2250757445467536,0,expansion,0.0,0.0,0,0,4,,4,0,0.1660261425609443,0.0555002138637384,0.4603431396005253,0.5847876753654672,0.3736297876068375,0.3597119308187135,9.302316928077276e-07,1.7995208076178755e-07,4.0,0,5.0,0,7.0,0,4.0,0,0.0,1,2016-10-01,2016-09-01,2016-10-01,2016-08-01,2016-10-01,2016-11-12,2016-11-05,expansion,official,0,accepted
2016-11-25,0,2016-11-25,expansion,expansion,official,0.5191115015868746,0.0551673126426346,0,1,1,1,0.4533143820689288,labor_stress,1.236631291744111,0.3813741340252374,none,absent,True,0.2306746519246927,0,expansion,0.0,0.0,0,0,4,,4,0,0.1601649335803763,0.0542862512933051,0.4495445402480159,0.588194114085292,0.390289595939915,0.3575194621605992,9.302316928077276e-07,1.7246080363974365e-07,5.0,0,6.0,0,8.0,0,5.0,0,0.0,1,2016-10-01,2016-09-01,2016-10-01,2016-08-01,2016-10-01,2016-11-19,2016-11-12,expansion,official,0,unchanged
2016-12-02,0,2016-12-02,expansion,expansion,official,0.5455583774322619,0.1384048715346285,0,1,1,1,0.4119565491278981,labor_stress,1.1782828856180565,-0.0240732855581042,none,absent,True,0.6076181266006366,0,expansion,0.0,0.0051585611910223,0,0,4,,4,0,0.1507673000991614,0.0545412173987469,0.5129142267401154,0.7765384028090956,0.3363175635275045,0.1689202762084589,9.096332186449688e-07,1.0358369861749526e-07,6.0,0,3.0,0,4.0,0,6.0,0,0.0,1,2016-11-01,2016-10-01,2016-10-01,2016-09-01,2016-10-01,2016-11-26,2016-11-19,expansion,official,0,unchanged
2016-12-09,0,2016-12-09,expansion,expansion,official,0.5407435631091199,0.0560012653487354,0,1,1,1,0.4069650421264841,labor_stress,1.1542088140023457,-0.3658302187767066,none,absent,True,0.5061248550245303,0,expansion,0.0,0.0783921897378656,0,0,4,,4,0,0.1408756637668217,0.0517705078387309,0.4746969171655246,0.7271771157714482,0.3844265078060082,0.2210522607469179,9.11261645509874e-07,1.1564290301798089e-07,7.0,0,4.0,0,5.0,0,7.0,0,0.0,1,2016-11-01,2016-10-01,2016-10-01,2016-09-01,2016-10-01,2016-12-03,2016-11-26,expansion,official,0,unchanged
2016-12-16,0,2016-12-16,slowdown,slowdown,official,0.4837373795013032,-0.2503105344812651,0,2,0,2,0.3692381181337408,labor_stress,1.000183393342831,-0.6498305588938567,none,absent,False,0.5005734916706327,0,slowdown,0.1502971550543512,0.1450693306514353,0,0,4,,4,0,0.1049795814811155,0.0206615232478654,0.2952407315029468,0.2393823904332182,0.599778785847045,0.7399558821038509,9.011688927158676e-07,2.042150654822841e-07,4.0,0,5.0,0,6.0,0,4.0,0,0.0,1,2016-11-01,2016-10-01,2016-11-01,2016-09-01,2016-11-01,2016-12-10,2016-12-03,slowdown,official,0,accepted
2016-12-23,0,2016-12-23,slowdown,slowdown,official,0.4349515416015571,-0.41148738923437,0,2,0,2,0.3474154971115087,labor_stress,0.856326018228105,-0.9451538687208096,none,absent,True,0.8194877721842184,0,slowdown,0.1956473678370509,0.1837985233096124,0,0,4,,4,0,0.0892013033749046,0.008589062168669,0.2117932251716737,0.0859614787424911,0.6990045626288387,0.9054492509267096,9.08824583006438e-07,2.081621302486633e-07,5.0,0,6.0,0,3.0,0,5.0,0,0.0,1,2016-11-01,2016-11-01,2016-11-01,2016-10-01,2016-11-01,2016-12-17,2016-12-10,slowdown,official,0,unchanged
2016-12-30,0,2016-12-30,slowdown,slowdown,official,0.433001969227872,-0.356116375030727,0,2,0,2,0.3448244393010394,labor_stress,0.8465781563596788,-0.6664308472743234,none,absent,False,0.8234483508862256,0,slowdown,0.1874225974495793,0.1728951194048225,0,0,4,,4,0,0.0986324320707947,0.0082846003017427,0.2332799042145491,0.0841334154282134,0.6680867508573192,0.907581766314439,9.128573370308388e-07,2.1795560494574727e-07,6.0,0,7.0,0,4.0,0,6.0,0,0.0,1,2016-11-01,2016-11-01,2016-11-01,2016-10-01,2016-11-01,2016-12-24,2016-12-17,slowdown,official,0,unchanged
2017-01-06,0,2017-01-06,slowdown,slowdown,official,0.4450818575128707,-0.2601951132940735,0,1,0,1,0.363977922082724,labor_stress,0.9155859170934758,-0.3435902117165798,none,absent,False,0.7165850092498072,0,slowdown,0.0,0.0918166400842369,0,0,4,,4,0,0.1152496581200617,0.0122515659210927,0.3001480834987178,0.1355815916054691,0.5846013201088612,0.8521666008552764,9.382723591503678e-07,2.416181617102497e-07,7.0,0,4.0,0,5.0,0,7.0,0,0.0,1,2016-12-01,2016-11-01,2016-11-01,2016-10-01,2016-11-01,2016-12-31,2016-12-24,slowdown,official,0,unchanged
2017-01-13,0,2017-01-13,slowdown,slowdown,official,0.4381843220238824,-0.3593131266913449,0,1,0,1,0.3491659788273298,labor_stress,0.8662845723974091,-0.9509579341718808,none,absent,False,0.7579704580810466,0,slowdown,0.0,0.1781109845574913,0,0,4,,4,0,0.0998123061737499,0.0106606383128158,0.2564039008713066,0.1156843391561824,0.6437828557596079,0.8736547972372289,9.371953355978564e-07,2.2529377295788619e-07,8.0,0,5.0,0,6.0,0,8.0,0,0.0,1,2016-12-01,2016-11-01,2016-11-01,2016-10-01,2016-11-01,2017-01-07,2016-12-31,slowdown,official,0,unchanged
2017-01-20,0,2017-01-20,slowdown,slowdown,official,0.509931657450682,-0.1617062666977022,0,0,0,0,0.4164425198994584,labor_stress,1.0617861220263476,-0.4783154030388454,none,absent,True,0.5439821330778035,0,slowdown,0.0,0.1024961577940383,0,0,4,,4,0,0.1229490810046968,0.0177051034660365,0.3642613435438735,0.2191562521943865,0.5127886008659862,0.76313838527219,9.745854433068444e-07,2.590673868891291e-07,4.0,0,6.0,0,7.0,0,4.0,0,0.0,1,2016-12-01,2016-11-01,2016-12-01,2016-10-01,2016-12-01,2017-01-14,2017-01-07,slowdown,official,0,unchanged
2017-01-27,0,2017-01-27,slowdown,slowdown,official,0.5112679801162351,-0.1252731002669869,0,0,0,0,0.4179677886775543,labor_stress,1.068467735354113,-0.2961807144568518,none,absent,True,0.4844347687569663,0,slowdown,0.0,0.0634672959550396,0,0,4,,4,0,0.1285391624587112,0.0197633983883288,0.3818361622280387,0.2479007861399572,0.4896237019539556,0.7323355548969236,9.733592943922377e-07,2.60574790314774e-07,5.0,0,7.0,0,8.0,0,5.0,0,0.0,1,2016-12-01,2016-11-01,2016-12-01,2016-10-01,2016-12-01,2017-01-21,2017-01-14,slowdown,official,0,unchanged
2017-02-03,0,2017-02-03,slowdown,slowdown,official,0.4991951253046245,-0.1495181514141537,0,0,0,0,0.4080332692606623,labor_stress,1.0184410948851597,-0.3685782149314576,none,absent,False,0.4952865389007285,0,slowdown,0.0,0.0796677304591731,0,0,4,,4,0,0.1272705548529961,0.0197412826810334,0.3691014254593194,0.2424859613410638,0.5036270454399209,0.7377725002417923,9.742477635108886e-07,2.557361104755861e-07,6.0,0,3.0,0,5.0,0,6.0,0,0.0,1,2017-01-01,2016-12-01,2016-12-01,2016-11-01,2016-12-01,2017-01-28,2017-01-21,slowdown,official,0,unchanged
2017-02-10,0,2017-02-10,expansion,slowdown,official,0.5142983125442129,-0.0237498927431358,0,0,0,0,0.4254173130264964,labor_stress,1.0939570310831015,0.260763283661061,none,absent,True,0.3381713940305695,0,slowdown,0.0,0.0,0,0,4,,4,0,0.1440301968531131,0.0253679563839354,0.4304389463585777,0.3182301901953271,0.4255298868199031,0.6564015842258967,9.69968405867042e-07,2.691948408273367e-07,7.0,0,4.0,0,6.0,0,7.0,0,0.0,1,2017-01-01,2016-12-01,2016-12-01,2016-11-01,2016-12-01,2017-02-04,2017-01-28,slowdown,official,0,unchanged
2017-02-17,0,2017-02-17,expansion,slowdown,official,0.5013817685916913,0.0950139985801651,0,0,1,0,0.4121210268440322,labor_stress,1.0434995831818643,0.5223401073222752,none,absent,False,0.0612359619263437,1,expansion,0.0,0.0,0,0,4,,4,0,0.1758873936623781,0.0470624165859386,0.4765758165067324,0.5070866574402154,0.3475358353525331,0.4458506955138716,9.544783564400778e-07,2.3045997426053442e-07,4.0,0,5.0,0,7.0,0,4.0,0,0.0,1,2017-01-01,2016-12-01,2017-01-01,2016-11-01,2017-01-01,2017-02-11,2017-02-04,slowdown,official,0,unchanged
2017-02-24,0,2017-02-24,expansion,slowdown,official,0.5185980966868897,0.1539492352258762,0,0,1,0,0.4314501252181087,labor_stress,1.1295812236578564,0.8170162905508307,none,absent,True,0.2638068822879649,2,expansion,0.0,0.0,0,0,4,,4,0,0.1797903781532135,0.055091297738896,0.5041136501697034,0.6043576923322314,0.3160950193922698,0.3405508100442664,9.522848131810298e-07,1.998846059926536e-07,5.0,0,6.0,0,8.0,0,5.0,0,0.0,1,2017-01-01,2016-12-01,2017-01-01,2016-11-01,2017-01-01,2017-02-18,2017-02-04,slowdown,official,0,unchanged
2017-03-03,0,2017-03-03,expansion,expansion,official,0.5665101869820647,0.3416243419715318,0,1,2,1,0.4476725140609397,labor_stress,1.2792977515395256,1.1012434876712136,none,absent,True,0.711905930317955,0,expansion,0.0,0.0,0,0,4,,4,0,0.1790650105666081,0.0622044011436636,0.5907854988421604,0.8248507144620328,0.2301485962008905,0.1129447841440778,8.943903409811494e-07,1.0025022568719773e-07,6.0,0,7.0,0,4.0,0,6.0,0,0.0,1,2017-01-01,2017-01-01,2017-01-01,2016-12-01,2017-01-01,2017-02-25,2017-02-18,expansion,official,0,accepted
2017-03-10,0,2017-03-10,expansion,expansion,official,0.5578372619371992,0.380550874848996,0,1,2,1,0.4370708219510138,labor_stress,1.2300482623234354,0.9803730858022828,none,absent,True,0.7732643759310437,0,expansion,0.0,0.0,0,0,4,,4,0,0.1856570302320964,0.0645660274180436,0.6020633849443418,0.8543491326876366,0.2122786911174194,0.0810847567565928,8.937061422585324e-07,8.31377270424849e-08,7.0,0,4.0,0,5.0,0,7.0,0,0.0,1,2017-02-01,2017-01-01,2017-01-01,2016-12-01,2017-01-01,2017-03-04,2017-02-25,expansion,official,0,unchanged
2017-03-17,0,2017-03-17,expansion,expansion,official,0.5630904444319124,0.0807122715725634,0,1,1,1,0.4319349655214916,labor_stress,1.2160922585058973,0.433941428782974,none,absent,True,0.5165324693858042,0,expansion,0.0,0.0,0,0,4,,4,0,0.1388795567892173,0.0492757939526417,0.4892301857382937,0.7336282799361356,0.3718893472318005,0.2170958105503312,9.102406884254044e-07,1.1556089137655885e-07,4.0,0,5.0,0,6.0,0,4.0,0,0.0,1,2017-02-01,2017-01-01,2017-02-01,2016-12-01,2017-02-01,2017-03-11,2017-03-04,expansion,official,0,unchanged
2017-03-24,0,2017-03-24,slowdown,expansion,official,0.5312790475501957,-0.0335898235215293,0,1,1,1,0.3979209340068863,labor_stress,1.0570352740973143,-0.143278956626788,none,absent,True,0.1976003611131672,0,expansion,0.0,0.0307026335628831,0,0,4,,4,0,0.130280104579215,0.0417973008487333,0.4308110073842131,0.5779014511087348,0.4389079748517117,0.3803010899955675,9.131848601039856e-07,1.5804696441831105e-07,5.0,0,6.0,0,7.0,0,5.0,0,0.0,1,2017-02-01,2017-01-01,2017-02-01,2016-12-01,2017-02-01,2017-03-18,2017-03-11,expansion,official,0,unchanged
2017-03-31,0,2017-03-31,slowdown,expansion,official,0.464234544829198,-0.1822739425019587,0,1,0,1,0.3530705531372927,labor_stress,0.8315983606272204,-0.6337285520444955,none,absent,False,0.195290971977975,2,slowdown,0.0,0.144327862820718,0,0,4,,4,0,0.1218045499018584,0.0323788926153764,0.3525213377779878,0.3861649712929902,0.5256731949769892,0.5814559432709653,9.173431645306752e-07,1.9282066817805105e-07,6.0,0,7.0,0,4.0,0,6.0,0,0.0,1,2017-02-01,2017-02-01,2017-02-01,2017-01-01,2017-02-01,2017-03-25,2017-03-18,expansion,official,0,unchanged
2017-04-07,0,2017-04-07,slowdown,slowdown,official,0.4769372649326492,-0.2539587126903376,0,1,0,1,0.3835743635081665,labor_stress,0.927807149220276,-0.460947258379971,none,absent,False,0.5734327480074167,0,slowdown,0.0,0.1067636625097945,0,0,4,,4,0,0.107681655150832,0.0165490822298203,0.3196180203987574,0.2050089726048307,0.5726994060964085,0.7784417206122475,9.183540021191102e-07,2.245531014101503e-07,7.0,0,4.0,0,5.0,0,7.0,0,0.0,1,2017-03-01,2017-02-01,2017-02-01,2017-01-01,2017-02-01,2017-04-01,2017-03-25,slowdown,official,0,accepted
2017-04-14,0,2017-04-14,slowdown,slowdown,official,0.4733464555445003,-0.4127660378814909,0,2,0,2,0.4033919402530735,labor_stress,0.9685002890699622,-0.167290380966099,none,absent,True,0.8515664666668398,0,slowdown,0.0557626211108523,0.050622121746262,0,0,4,,4,0,0.081696252417465,0.0058049634649552,0.2250618883355006,0.0713141808550518,0.693240965372655,0.9228806475218916,8.938743793023426e-07,2.081581013027148e-07,8.0,0,5.0,0,6.0,0,4.0,0,0.0,1,2017-03-01,2017-02-01,2017-02-01,2017-01-01,2017-03-01,2017-04-08,2017-04-01,slowdown,official,0,unchanged
2017-04-21,0,2017-04-21,slowdown,slowdown,official,0.5056513679714838,-0.2057979692715018,0,2,1,2,0.4164202504456001,labor_stress,1.052817346444228,-0.0048816277470074,none,absent,True,0.6911009321742847,0,slowdown,0.0010460630886444,0.0010460630886444,0,0,4,,4,0,0.1151323255990213,0.0126925973451859,0.31461612143263,0.1481031187410521,0.5702506573322145,0.8392040509153368,8.956361340493668e-07,2.329984251508532e-07,5.0,0,6.0,0,7.0,0,5.0,0,0.0,1,2017-03-01,2017-02-01,2017-03-01,2017-01-01,2017-03-01,2017-04-15,2017-04-08,slowdown,official,0,unchanged
2017-04-28,0,2017-04-28,slowdown,slowdown,official,0.5122170481988604,-0.2523621158522602,0,2,1,2,0.4239006692177202,labor_stress,1.085645747581111,-0.2442044928433018,none,absent,True,0.7034633256213139,0,slowdown,0.0523295341807075,0.0523295341807075,0,0,4,,4,0,0.1061290935366772,0.0120491216741464,0.2938238294450307,0.1422436647308843,0.6000461831897717,0.8457069903521982,8.938285204108948e-07,2.232427709309696e-07,6.0,0,7.0,0,8.0,0,6.0,0,0.0,1,2017-03-01,2017-02-01,2017-03-01,2017-01-01,2017-03-01,2017-04-22,2017-04-15,slowdown,official,0,unchanged
2017-05-05,0,2017-05-05,slowdown,slowdown,official,0.5216322612739367,-0.0335002181100676,0,2,2,2,0.4170065758965207,labor_stress,1.087620415755018,0.0528903714165769,none,absent,True,0.4369229555178175,0,slowdown,0.0,0.0,0,0,4,,4,0,0.1532190195011721,0.0274260617087201,0.3758344388979823,0.2678253670417917,0.4709456230145435,0.7047483225596093,9.185863019551264e-07,2.486898788479875e-07,7.0,0,3.0,0,5.0,0,6.0,0,0.0,1,2017-04-01,2017-03-01,2017-03-01,2017-02-01,2017-03-01,2017-04-29,2017-04-22,slowdown,official,0,unchanged
2017-05-12,0,2017-05-12,expansion,expansion,official,0.5308057289058541,0.2111375285033708,0,1,2,1,0.4176660139974459,labor_stress,1.1084975649955846,0.0651497563498045,none,absent,True,0.379890797244281,0,expansion,0.0,0.0,0,0,4,,4,0,0.1975701131147918,0.0708996679688283,0.4935436778393052,0.6544954770944391,0.3088852563670045,0.2746046798501581,9.526788984018584e-07,1.7508657448723834e-07,8.0,0,4.0,0,6.0,0,3.0,0,0.0,1,2017-04-01,2017-03-01,2017-03-01,2017-02-01,2017-04-01,2017-05-06,2017-04-29,expansion,official,0,accepted
2017-05-19,0,2017-05-19,expansion,expansion,official,0.5868771888203558,0.4947542769921754,0,1,2,1,0.4074614153290296,labor_stress,1.1956490499053216,0.4991933808793509,none,absent,True,0.7627142216450387,0,expansion,0.0,0.0,0,0,4,,4,0,0.2156219696349164,0.080400423684628,0.6021572633287247,0.8431146453296667,0.1822198078749327,0.0764848310320296,9.591614262518452e-07,9.995367545725469e-08,4.0,0,5.0,0,7.0,0,4.0,0,0.0,1,2017-04-01,2017-03-01,2017-04-01,2017-02-01,2017-04-01,2017-05-13,2017-05-06,expansion,official,0,unchanged
2017-05-26,0,2017-05-26,expansion,expansion,official,0.615637422105849,0.6885031035267561,0,1,2,1,0.435142558992293,labor_stress,1.3394502163327882,1.4679375135522543,none,absent,True,0.8008499949621996,0,expansion,0.0,0.0,0,0,4,,4,0,0.2221396410553283,0.0785009919578061,0.6568630256418517,0.8793509869200057,0.1209963707201257,0.0421479344566264,9.625826943679363e-07,8.666556179996593e-08,5.0,0,6.0,0,8.0,0,5.0,0,0.0,1,2017-04-01,2017-03-01,2017-04-01,2017-02-01,2017-04-01,2017-05-20,2017-05-13,expansion,official,0,unchanged
2017-06-02,0,2017-06-02,expansion,expansion,official,0.5751065291813827,0.6447837191503669,0,0,2,0,0.4473915554676959,labor_stress,1.2864890232504331,1.0521092171180368,none,absent,True,0.7927700745651626,0,expansion,0.0,0.0,0,0,4,,4,0,0.2352425869652178,0.0859420415909888,0.6417560615209257,0.8787121161561514,0.1230003821986414,0.0353457637785583,9.693152149936695e-07,7.847430118460605e-08,6.0,0,3.0,0,4.0,0,6.0,0,0.0,1,2017-05-01,2017-04-01,2017-04-01,2017-03-01,2017-04-01,2017-05-27,2017-05-20,expansion,official,0,unchanged
2017-06-09,0,2017-06-09,expansion,expansion,official,0.5521002734798286,0.5498785532639289,0,0,2,0,0.4243641240599613,labor_stress,1.1714577447426626,0.5775833876858466,none,absent,True,0.7765259794600696,0,expansion,0.0,0.0,0,0,4,,4,0,0.2356776017261437,0.0890170234885982,0.6141982090679818,0.8655430029486678,0.1501232199474005,0.0454398913696074,9.692584739946375e-07,8.219312654928074e-08,7.0,0,4.0,0,5.0,0,7.0,0,0.0,1,2017-05-01,2017-04-01,2017-04-01,2017-03-01,2017-04-01,2017-06-03,2017-05-27,expansion,official,0,unchanged
2017-06-16,0,2017-06-16,expansion,expansion,official,0.5261249106351432,0.2981381403309378,0,0,2,0,0.4189072502547408,labor_stress,1.1019876980234455,0.1220059920129445,none,absent,True,0.7139771633072188,0,expansion,0.0,0.0,0,0,4,,4,0,0.2160804387510975,0.0899862347193619,0.5347839186925395,0.8119954135115385,0.2491346707417398,0.0980182502043196,9.71814623130886e-07,1.0156477987978429e-07,4.0,0,5.0,0,6.0,0,4.0,0,0.0,1,2017-05-01,2017-04-01,2017-05-01,2017-03-01,2017-05-01,2017-06-10,2017-06-03,expansion,official,0,unchanged
2017-06-23,0,2017-06-23,expansion,expansion,official,0.511987114164443,0.2425051634264694,0,0,2,0,0.4028611998772712,labor_stress,1.031298715669945,-0.156158892509397,none,absent,True,0.6655572722115394,0,expansion,0.0,0.0334626198234422,0,0,4,,4,0,0.2128069672915061,0.0909334264533669,0.5120849768917983,0.7873118672918139,0.2751070835750984,0.1217545950802744,9.722415972421193e-07,1.111745447503153e-07,5.0,0,6.0,0,7.0,0,5.0,0,0.0,1,2017-05-01,2017-04-01,2017-05-01,2017-03-01,2017-05-01,2017-06-17,2017-06-10,expansion,official,0,unchanged
2017-06-30,0,2017-06-30,expansion,expansion,official,0.519826670362235,0.190797188527956,0,1,2,1,0.4062525473191186,labor_stress,1.0559045449953686,-0.0676400400564952,none,absent,True,0.541666408098068,0,expansion,0.0,0.0144942942978204,0,0,4,,4,0,0.1977990590792989,0.083388400222172,0.4834473158531532,0.7291389378058285,0.3187526731069357,0.1874725297077605,9.51960612179319e-07,1.3226423905789385e-07,6.0,0,7.0,0,4.0,0,6.0,0,0.0,1,2017-05-01,2017-05-01,2017-05-01,2017-04-01,2017-05-01,2017-06-24,2017-06-17,expansion,official,0,unchanged
2017-07-07,0,2017-07-07,expansion,expansion,official,0.5125876240075431,0.1851425541314837,0,1,2,1,0.3928611353586609,labor_stress,1.006878779692009,-0.2861363971802296,none,absent,True,0.5936021694821653,0,expansion,0.0,0.0613149422529063,0,0,4,,4,0,0.192250088865015,0.078596610690171,0.4979086729446013,0.7575027213719981,0.3098403196219816,0.1639005518898328,9.185684020072488e-07,1.1604799795397469e-07,7.0,0,4.0,0,5.0,0,7.0,0,0.0,1,2017-06-01,2017-05-01,2017-05-01,2017-04-01,2017-05-01,2017-07-01,2017-06-24,expansion,official,0,unchanged
2017-07-14,0,2017-07-14,slowdown,expansion,official,0.4945379718375876,-0.1009683716964965,0,1,2,1,0.3706410937173054,labor_stress,0.9164804738331072,-0.7763723100114234,none,absent,False,0.073162918161855,0,expansion,0.0,0.1510312945528079,0,0,4,,4,0,0.1484799500042136,0.0544451076162419,0.3709938679024011,0.5093588190112137,0.4805252608695678,0.4361959008493586,9.212238174659608e-07,1.7252318560595787e-07,3.0,0,5.0,0,6.0,0,3.0,0,0.0,1,2017-06-01,2017-05-01,2017-06-01,2017-04-01,2017-06-01,2017-07-08,2017-07-01,expansion,official,0,unchanged
2017-07-21,0,2017-07-21,slowdown,expansion,official,0.4961513154472645,-0.1762237524178454,0,1,2,1,0.3726875906992374,labor_stress,0.924547191881492,-1.162257192608064,none,absent,False,0.1603827047377169,1,slowdown,0.0,0.1514567818195935,0,0,4,,4,0,0.1343404501144212,0.0425442976918276,0.3367430897094782,0.3985364026722269,0.528915538094478,0.5589191074099439,9.22081622525826e-07,1.9222600151643765e-07,4.0,0,6.0,0,7.0,0,4.0,0,0.0,1,2017-06-01,2017-05-01,2017-06-01,2017-04-01,2017-06-01,2017-07-15,2017-07-08,expansion,official,0,unchanged
2017-07-28,0,2017-07-28,slowdown,expansion,official,0.4896323833684808,-0.1439827593605532,0,1,2,1,0.3643355961675926,labor_stress,0.8919525314875735,-0.9997847386437784,none,absent,False,0.2804645436601478,2,slowdown,0.0,0.1523232041740672,0,0,4,,4,0,0.141790435561858,0.036349468306469,0.3508409904769211,0.341592887184189,0.5073676523315687,0.6220574308443368,9.216296521405546e-07,2.136650053173486e-07,5.0,0,7.0,0,8.0,0,5.0,0,0.0,1,2017-06-01,2017-05-01,2017-06-01,2017-04-01,2017-06-01,2017-07-22,2017-07-15,expansion,official,0,unchanged
2017-08-04,0,2017-08-04,slowdown,slowdown,official,0.4483510456682035,-0.1185262018882225,0,1,1,1,0.4127911500530698,labor_stress,0.9253767188443708,-0.6815368042344372,none,absent,False,0.4238936562244683,0,slowdown,0.0,0.153862023294477,0,0,4,,4,0,0.1483216435043138,0.0289017789856555,0.3616717925255651,0.2736021614808066,0.4900056337384283,0.6974958177052749,9.302316928077276e-07,2.418282629201067e-07,6.0,0,3.0,0,5.0,0,6.0,0,0.0,1,2017-07-01,2017-06-01,2017-06-01,2017-05-01,2017-06-01,2017-07-29,2017-07-22,slowdown,official,0,accepted
2017-08-11,0,2017-08-11,slowdown,slowdown,official,0.4483734693162094,-0.0801518177903802,0,1,1,1,0.4128205170104354,labor_stress,0.9254888370844008,-0.484359092487631,none,absent,False,0.3823874475932479,0,slowdown,0.0,0.1090761721530646,0,0,4,,4,0,0.1554488039854194,0.030763279757667,0.3790677655176097,0.2934245130906527,0.465482500265278,0.6758119606839006,9.302316928077276e-07,2.464677796107574e-07,7.0,0,4.0,0,6.0,0,7.0,0,0.0,1,2017-07-01,2017-06-01,2017-06-01,2017-05-01,2017-06-01,2017-08-05,2017-07-29,slowdown,official,0,unchanged
2017-08-18,0,2017-08-18,expansion,expansion,official,0.4751719841611023,0.1602290422669459,0,0,2,0,0.3915938090160866,labor_stress,0.9303720360768882,-0.2753776221266123,none,absent,False,0.4110083619457481,0,expansion,0.0,0.0590094904557026,0,0,4,,4,0,0.2045943865459537,0.0744106121464448,0.4918943949065316,0.6682987918862231,0.3035102795528916,0.2572904299404749,9.38994623075166e-07,1.660268572196009e-07,4.0,0,5.0,0,7.0,0,4.0,0,0.0,1,2017-07-01,2017-06-01,2017-07-01,2017-05-01,2017-07-01,2017-08-12,2017-08-05,expansion,official,0,accepted
2017-08-25,0,2017-08-25,expansion,expansion,official,0.4856298407799611,0.1727136141648514,0,0,2,0,0.4046956083229761,labor_stress,0.9826613191711818,-0.2140877641946401,none,absent,False,0.4854422430359058,0,expansion,0.0,0.04587594947028,0,0,4,,4,0,0.2031812957619037,0.0789074778470701,0.4987596231401379,0.7032673075577529,0.2980581423979882,0.2178250645218471,9.386999701473956e-07,1.5007332988584365e-07,5.0,0,6.0,0,8.0,0,5.0,0,0.0,1,2017-07-01,2017-06-01,2017-07-01,2017-05-01,2017-07-01,2017-08-19,2017-08-12,expansion,official,0,unchanged
2017-09-01,0,2017-09-01,expansion,expansion,official,0.5084141502832866,0.1901139225945672,0,0,2,0,0.3939937895140623,labor_stress,1.0015600885634202,0.0315565074001425,none,absent,True,0.464189989602856,0,expansion,0.0,0.0,0,0,4,,4,0,0.205875111120228,0.0816443341399275,0.4918980620773581,0.6912727474944549,0.3022258536566624,0.2270827578915988,9.731457514907405e-07,1.6047401864702104e-07,6.0,0,3.0,0,4.0,0,6.0,0,0.0,1,2017-08-01,2017-07-01,2017-07-01,2017-06-01,2017-07-01,2017-08-26,2017-08-19,expansion,official,0,unchanged
2017-09-08,0,2017-09-08,expansion,expansion,official,0.4444431721695258,0.0525668286765211,0,0,2,0,0.3067682172579718,labor_stress,0.6817051979946164,-0.6539816033995414,none,absent,False,0.3809079618236183,0,expansion,0.0,0.1401389150141874,0,0,4,,4,0,0.2023137794631205,0.0867346854158041,0.4256607846095296,0.6470865594956711,0.3720244623170772,0.2661785976720527,9.736102725467116e-07,1.574164722645451e-07,7.0,0,4.0,0,5.0,0,7.0,0,0.0,1,2017-08-01,2017-07-01,2017-07-01,2017-06-01,2017-07-01,2017-09-02,2017-08-26,expansion,official,0,unchanged
2017-09-15,0,2017-09-15,slowdown,slowdown,official,0.3225029879447563,-0.640754804423082,0,2,0,2,0.3076910621182679,employment,0.3880386213001148,-1.5397646685009432,none,absent,True,0.9151410569519028,0,slowdown,0.296053607414454,0.2895997990764656,0,0,4,,4,0,0.0705514879033632,0.0049171775295181,0.1339547143057991,0.0399707883389703,0.7954929015516775,0.9551118452908732,8.962391600801864e-07,1.888406384807867e-07,4.0,0,5.0,0,6.0,0,4.0,0,0.0,1,2017-08-01,2017-07-01,2017-08-01,2017-06-01,2017-08-01,2017-09-09,2017-09-02,slowdown,official,0,accepted
2017-09-22,0,2017-09-22,slowdown,slowdown,official,0.2954037201958442,-0.6990511394488197,0,2,0,2,0.3359175261274622,employment,0.2525422825555541,-1.8309821155714907,none,absent,True,0.9357555745741104,0,slowdown,0.3252855297035921,0.3251666480418438,0,0,4,,4,0,0.0657713123447289,0.003833892796227,0.1183288364937808,0.0302051738937462,0.8158989575839869,0.9659607484678568,8.935775032593682e-07,1.848421699118825e-07,5.0,0,6.0,0,7.0,0,5.0,0,0.0,1,2017-08-01,2017-07-01,2017-08-01,2017-06-01,2017-08-01,2017-09-16,2017-09-09,slowdown,official,0,unchanged
2017-09-29,0,2017-09-29,slowdown,slowdown,official,0.2438423337470432,-0.8375282916440099,0,2,0,2,0.4069485612780323,employment,0.0665802479178205,-2.4507236564492136,none,absent,True,0.9568458028229312,0,slowdown,0.3689701951441483,0.3689701951441483,0,0,4,,4,0,0.0537958965774924,0.0028025251030883,0.0873543822244973,0.0201757479439496,0.858848833222659,0.9770215507668808,8.879753511695195e-07,1.7618608120642478e-07,6.0,0,7.0,0,4.0,0,6.0,0,0.0,1,2017-08-01,2017-08-01,2017-08-01,2017-07-01,2017-08-01,2017-09-23,2017-09-16,slowdown,official,0,unchanged
2017-10-06,0,2017-10-06,slowdown,slowdown,official,0.2711966331147843,-0.8607753687753616,0,3,0,3,0.3240903098109531,employment,0.2600471750124221,-1.889377821125117,none,absent,True,0.9649886754974007,0,slowdown,0.3458577155590788,0.3458577155590788,0,0,4,,4,0,0.0459280378904964,0.002105916077976,0.0787465206253414,0.0164526223714047,0.875324602258908,0.9814412978688056,8.392252542373952e-07,1.6368181359928977e-07,7.0,0,4.0,0,5.0,0,7.0,0,0.0,1,2017-09-01,2017-08-01,2017-08-01,2017-07-01,2017-08-01,2017-09-30,2017-09-23,slowdown,official,0,unchanged
2017-10-13,0,2017-10-13,slowdown,slowdown,official,0.3493333629989247,-0.5763967826633236,0,2,0,2,0.2995839636246732,labor_stress,0.5232733675677732,-1.1399373536441455,none,absent,True,0.9191473544113288,0,slowdown,0.2683745107286535,0.2569114057009312,0,0,4,,4,0,0.0764065114511156,0.0042765293264533,0.1530198495487953,0.0382879607176997,0.7705727395104764,0.9574353151290284,8.994896127481513e-07,1.9482681844476718e-07,8.0,0,5.0,0,6.0,0,3.0,0,0.0,1,2017-09-01,2017-08-01,2017-08-01,2017-07-01,2017-09-01,2017-10-07,2017-09-30,slowdown,official,0,unchanged
2017-10-20,0,2017-10-20,slowdown,slowdown,official,0.3928668001280081,-0.4222525175695947,0,2,0,2,0.3841138018199924,labor_stress,0.7545278010301213,-0.6041541222064941,none,absent,True,0.8739911125115163,0,slowdown,0.2040552298939274,0.1855939716242719,0,0,4,,4,0,0.0944053312894698,0.0062322001247245,0.2061584119751341,0.0598882376855518,0.6994353479670025,0.933879350197068,9.08768393670693e-07,2.119926553966978e-07,4.0,0,6.0,0,7.0,0,4.0,0,0.0,1,2017-09-01,2017-08-01,2017-09-01,2017-07-01,2017-09-01,2017-10-14,2017-10-07,slowdown,official,0,unchanged
2017-10-27,0,2017-10-27,slowdown,slowdown,official,0.4305253890047259,-0.3244267094687774,0,2,0,2,0.4379861301993323,labor_stress,0.9428207454137104,-0.1301150097675823,none,absent,False,0.8297665353440628,0,slowdown,0.0726902145132681,0.0562626378931704,0,0,4,,4,0,0.1045135734521453,0.0079039219859535,0.2459755741073142,0.0811646589612008,0.6495099371601432,0.9109311943052636,9.15280397263932e-07,2.2474758203002082e-07,5.0,0,7.0,0,8.0,0,5.0,0,0.0,1,2017-09-01,2017-08-01,2017-09-01,2017-07-01,2017-09-01,2017-10-21,2017-10-14,slowdown,official,0,unchanged
2017-11-03,0,2017-11-03,slowdown,slowdown,official,0.4674758672942463,0.0156533264717741,0,2,0,2,0.4730497523938832,labor_stress,1.1056967163682951,1.256069382227281,none,absent,False,0.5859662183575383,0,slowdown,0.0150077101391106,0.0,0,0,4,,4,0,0.1579457644905317,0.0182782086163941,0.40006506367943,0.1978776394119832,0.4419882294816192,0.7838438577695215,9.423484190235437e-07,2.942021011814862e-07,6.0,0,3.0,0,5.0,0,6.0,0,0.0,1,2017-10-01,2017-09-01,2017-09-01,2017-08-01,2017-09-01,2017-10-28,2017-10-21,slowdown,official,0,unchanged
2017-11-10,0,2017-11-10,expansion,slowdown,official,0.4703349013954859,0.1778799314567405,0,2,0,2,0.4762529353239455,labor_stress,1.1199918868744934,2.046953198331853,none,absent,False,0.2692912996497922,0,slowdown,0.0137998677007141,0.0,0,0,4,,4,0,0.1850286199283509,0.0331389598780642,0.4713354089741647,0.3487847165245505,0.3436350159203982,0.6180760161743428,9.55177086224601e-07,3.074230421866212e-07,7.0,0,4.0,0,6.0,0,7.0,0,0.0,1,2017-10-01,2017-09-01,2017-09-01,2017-08-01,2017-09-01,2017-11-04,2017-10-28,slowdown,official,0,unchanged
2017-11-17,0,2017-11-17,expansion,expansion,official,0.5020734723254238,0.7539454776983913,0,1,2,1,0.3885217543459919,labor_stress,0.9753323313922874,2.0377334384724084,none,absent,True,0.8023244160930919,0,expansion,0.0,0.0,0,0,4,,4,0,0.2435200024194637,0.0846924943507502,0.6607377946033596,0.8870169104438422,0.0957412727454839,0.0282905208362998,9.302316928077276e-07,7.436910761370274e-08,4.0,0,5.0,0,7.0,0,4.0,0,0.0,1,2017-10-01,2017-09-01,2017-10-01,2017-08-01,2017-10-01,2017-11-11,2017-11-04,expansion,official,0,accepted
2017-11-24,0,2017-11-24,expansion,expansion,official,0.4892050338567807,0.8021596960686604,0,1,2,1,0.3724369440220326,labor_stress,0.9109901390490722,2.2796626793088985,none,absent,True,0.7995387927158965,0,expansion,0.0,0.0,0,0,4,,4,0,0.2500061026844936,0.088548134937591,0.6648506897497046,0.8880869276534875,0.0851422773341088,0.0233648652351795,9.302316928077276e-07,7.217374180253867e-08,5.0,0,6.0,0,8.0,0,5.0,0,0.0,1,2017-10-01,2017-09-01,2017-10-01,2017-08-01,2017-10-01,2017-11-18,2017-11-11,expansion,official,0,unchanged
2017-12-01,0,2017-12-01,expansion,expansion,official,0.4710822095076718,0.746593879637209,0,1,2,1,0.3380389203073833,labor_stress,0.7962206073899496,1.3224303885743915,none,absent,True,0.7954273082723906,0,expansion,0.0,0.0,0,0,4,,4,0,0.2500797952486873,0.0898040115069754,0.6534357410188294,0.8852313197793661,0.0964835335007905,0.0249645986488311,9.302316928077276e-07,7.00648272908334e-08,6.0,0,7.0,0,4.0,0,6.0,0,0.0,1,2017-10-01,2017-10-01,2017-10-01,2017-09-01,2017-10-01,2017-11-25,2017-11-18,expansion,official,0,unchanged
2017-12-08,0,2017-12-08,expansion,expansion,official,0.4737529800730747,0.7508800440784886,0,0,2,0,0.3394680935972723,labor_stress,0.8041201049071661,0.7339237293681528,none,absent,True,0.7968363581499245,0,expansion,0.0,0.0,0,0,4,,4,0,0.2517523053095041,0.0900454830079483,0.6587525626278224,0.8868818411578728,0.0894941955872054,0.0230726055000809,9.364754680870442e-07,7.033409798775759e-08,7.0,0,4.0,0,5.0,0,7.0,0,0.0,1,2017-11-01,2017-10-01,2017-10-01,2017-09-01,2017-10-01,2017-12-02,2017-11-25,expansion,official,0,unchanged
2017-12-15,0,2017-12-15,expansion,expansion,official,0.5208421277002351,0.5664234563210647,0,0,2,0,0.3618845783859801,labor_stress,0.942423668942282,0.4265532249458124,none,absent,True,0.7926648003969293,0,expansion,0.0,0.0,0,0,4,,4,0,0.225721972412281,0.0837281005817106,0.6357309620609873,0.87639290097864,0.138546125629039,0.0398789215664082,9.398976925809166e-07,7.687324117308814e-08,4.0,0,5.0,0,6.0,0,4.0,0,0.0,1,2017-11-01,2017-10-01,2017-11-01,2017-09-01,2017-11-01,2017-12-09,2017-12-02,expansion,official,0,unchanged
2017-12-22,0,2017-12-22,expansion,expansion,official,0.5179921147943548,0.4940497449909076,0,0,2,0,0.3423532518386206,labor_stress,0.8866814246330573,-0.2771214560881228,none,absent,True,0.7891077687634642,0,expansion,0.0,0.0593831691617405,0,0,4,,4,0,0.2204977506527452,0.0815260880103117,0.6175085354014115,0.8706338567737759,0.1619927724123395,0.0478399778589694,9.415335036255086e-07,7.735694295633946e-08,5.0,0,6.0,0,3.0,0,5.0,0,0.0,1,2017-11-01,2017-11-01,2017-11-01,2017-10-01,2017-11-01,2017-12-16,2017-12-09,expansion,official,0,unchanged
2017-12-29,0,2017-12-29,expansion,expansion,official,0.5079443684974707,0.3672820318194674,0,0,2,0,0.3293442136676831,labor_stress,0.8364426931486368,-0.9194297210886178,none,absent,True,0.7678470150425187,0,expansion,0.0,0.15,0,0,4,,4,0,0.2108980088458113,0.0812024246456515,0.5789432185679046,0.8490494396881703,0.2101578276924308,0.0697480508490032,9.44893853193562e-07,8.481717498607542e-08,6.0,0,7.0,0,4.0,0,6.0,0,0.0,1,2017-11-01,2017-11-01,2017-11-01,2017-10-01,2017-11-01,2017-12-23,2017-12-16,expansion,official,0,unchanged
2018-01-05,0,2018-01-05,expansion,expansion,official,0.4815009344203947,0.2358017791615673,0,0,2,0,0.2980079964264115,labor_stress,0.7174556437203342,-1.27513756153549,none,absent,False,0.6979862226185753,0,expansion,0.0,0.15,0,0,4,,4,0,0.2028925986636993,0.082257404679938,0.5284430741185125,0.807864359124048,0.2686633782421562,0.1098781365054726,9.489756319930508e-07,9.96905412724006e-08,7.0,0,4.0,0,5.0,0,7.0,0,0.0,1,2017-12-01,2017-11-01,2017-11-01,2017-10-01,2017-11-01,2017-12-30,2017-12-23,expansion,official,0,unchanged
2018-01-12,0,2018-01-12,expansion,expansion,official,0.4398452882530781,0.1102931990073899,0,0,1,0,0.3007841330399334,consumption,0.4962417153813873,-1.3720270450487952,none,absent,False,0.5516391464601633,0,expansion,0.0,0.15,0,0,4,,4,0,0.1968970404601581,0.0820970466134825,0.4720688614682579,0.734770987439974,0.3310331447445769,0.1831318409798107,9.533270070035684e-07,1.2496673276417932e-07,8.0,0,5.0,0,6.0,0,3.0,0,0.0,1,2017-12-01,2017-11-01,2017-11-01,2017-10-01,2017-12-01,2018-01-06,2017-12-23,expansion,official,0,unchanged
2018-01-19,0,2018-01-19,expansion,expansion,official,0.5019882864100286,0.0451101455593963,0,0,1,0,0.2635489458230886,consumption,0.6282113604453492,-0.8426357928652752,none,absent,False,0.3272096516311993,0,expansion,0.0,0.15,0,0,4,,4,0,0.1529878402278882,0.0508919240261652,0.4772827229771731,0.6381587837010154,0.3697284990501445,0.3109491320698161,9.37744794040792e-07,1.6020300304705848e-07,4.0,0,6.0,0,7.0,0,4.0,0,0.0,1,2017-12-01,2017-11-01,2017-12-01,2017-10-01,2017-12-01,2018-01-13,2018-01-06,expansion,official,0,unchanged
2018-01-26,0,2018-01-26,expansion,expansion,official,0.5225393339820462,0.1612718480886383,0,0,1,0,0.2785150971949252,labor_stress,0.7276754669609055,-0.2648309387104126,none,absent,True,0.464532052683387,0,expansion,0.0,0.0567494868665169,0,0,4,,4,0,0.1634172650364757,0.0535248666473308,0.5310809058996484,0.7055035179941436,0.3055008983362292,0.2409714653107565,9.307276467637036e-07,1.5004776902227874e-07,5.0,0,7.0,0,8.0,0,5.0,0,0.0,1,2017-12-01,2017-11-01,2017-12-01,2017-10-01,2017-12-01,2018-01-20,2018-01-13,expansion,official,0,unchanged
2018-02-02,0,2018-02-02,expansion,expansion,official,0.5595918921059898,0.2382833190707551,0,0,2,0,0.2937066982894746,labor_stress,0.8217794351000508,-0.0125669722635899,none,absent,True,0.6222768362619862,0,expansion,0.0,0.0026929226279121,0,0,4,,4,0,0.162593756823635,0.0540522652687015,0.5687980639020297,0.7841122257585302,0.2686072534663128,0.1618353894965441,9.258080223786692e-07,1.1947622410807605e-07,6.0,0,3.0,0,5.0,0,6.0,0,0.0,1,2018-01-01,2017-12-01,2017-12-01,2017-11-01,2017-12-01,2018-01-27,2018-01-20,expansion,official,0,unchanged
2018-02-09,0,2018-02-09,expansion,expansion,official,0.6034543287676698,0.2806561752804071,0,0,2,0,0.3447856305253827,labor_stress,1.040311906187163,0.179997403392444,none,absent,True,0.6942332185622372,0,expansion,0.0,0.0,0,0,4,,4,0,0.1554211342762511,0.0513809434335653,0.5932469567028225,0.8214260858528716,0.2513309864018869,0.1271928672906344,9.226190395501576e-07,1.0342292848089696e-07,7.0,0,4.0,0,6.0,0,7.0,0,0.0,1,2018-01-01,2017-12-01,2017-12-01,2017-11-01,2017-12-01,2018-02-03,2018-01-27,expansion,official,0,unchanged
2018-02-16,0,2018-02-16,slowdown,slowdown,official,0.5362340618126017,-0.1460252229676302,0,1,0,1,0.3494984475677611,labor_stress,0.937064860682296,0.0407057685817572,none,absent,True,0.4687511451186788,0,slowdown,0.0,0.0,0,0,4,,4,0,0.1154741934081587,0.0192294959293734,0.360481063295486,0.2560095625476085,0.5240438050083308,0.7247607076662873,9.382880243884536e-07,2.338567307702888e-07,4.0,0,5.0,0,7.0,0,4.0,0,0.0,1,2018-01-01,2017-12-01,2018-01-01,2017-11-01,2018-01-01,2018-02-10,2018-02-03,slowdown,official,0,accepted
2018-02-23,0,2018-02-23,slowdown,slowdown,official,0.5556818162903394,-0.0656457492893008,0,1,0,1,0.3722647035585447,labor_stress,1.0343036330709845,0.4452065210317961,none,absent,True,0.3960653145825381,0,slowdown,0.0,0.0,0,0,4,,4,0,0.1237017998243454,0.0210888834906401,0.4013884702223447,0.2914227786225809,0.4749087910912668,0.687488093205119,9.388620429067748e-07,2.446816600144175e-07,5.0,0,6.0,0,8.0,0,5.0,0,0.0,1,2018-01-01,2017-12-01,2018-01-01,2017-11-01,2018-01-01,2018-02-17,2018-02-10,slowdown,official,0,unchanged
2018-03-02,0,2018-03-02,slowdown,slowdown,official,0.5822985604477928,-0.0449142311918293,0,1,0,1,0.4084510844498453,labor_stress,1.189202392442424,1.0986919597348406,none,absent,True,0.4592923518556942,0,slowdown,0.0,0.0,0,0,4,,4,0,0.1210725276583235,0.0175988922485985,0.4142052580513621,0.2615542483377563,0.4647212756117089,0.7208466001934506,9.38678605484436e-07,2.592201945646787e-07,6.0,0,7.0,0,4.0,0,6.0,0,0.0,1,2018-01-01,2018-01-01,2018-01-01,2017-12-01,2018-01-01,2018-02-24,2018-02-17,slowdown,official,0,unchanged
2018-03-09,0,2018-03-09,expansion,slowdown,official,0.579366429796595,0.1732133215370312,0,1,0,1,0.3946247758817102,labor_stress,1.1431617375593397,1.5797032945657246,none,absent,True,0.1930833610074001,1,expansion,0.0,0.0,0,0,4,,4,0,0.1466107749121673,0.0365701719817999,0.5334498987688684,0.5782564926330306,0.319938418221579,0.3851731316256305,9.080973853318636e-07,2.037595389311304e-07,7.0,0,4.0,0,5.0,0,7.0,0,0.0,1,2018-02-01,2018-01-01,2018-01-01,2017-12-01,2018-01-01,2018-03-03,2018-02-24,slowdown,official,0,unchanged
2018-03-16,0,2018-03-16,expansion,expansion,official,0.6132111091544047,0.2186825404988724,0,1,1,1,0.3876702961353979,labor_stress,1.1886186613970195,1.29665637718647,none,absent,True,0.5229099528950918,0,expansion,0.0,0.0,0,0,4,,4,0,0.1434877881572978,0.0436382328140306,0.5584245117449128,0.7396357935427874,0.2980867937334284,0.2167258406476956,9.06364360791655e-07,1.329954864060478e-07,3.0,0,5.0,0,6.0,0,3.0,0,0.0,1,2018-02-01,2018-01-01,2018-02-01,2017-12-01,2018-02-01,2018-03-10,2018-03-03,expansion,official,0,accepted
2018-03-23,0,2018-03-16,expansion,expansion,official,0.5959468955631753,0.2037059242925818,0,1,1,1,0.3989008652436268,labor_stress,1.1886186613970195,1.29665637718647,none,absent,True,0.5021207929846231,0,expansion,0.0,0.0,1,1,4,,5,0,0.1460631405663883,0.0449439992882099,0.5492677463377984,0.7285883287761038,0.3046682059962609,0.2264675357914806,9.070995524643324e-07,1.3614420572696124e-07,3.0,0,5.0,0,6.0,0,3.0,0,0.0,1,2018-02-01,2018-01-01,2018-02-01,2017-12-01,2018-02-01,2018-03-10,2018-03-03,expansion,official,0,unchanged
2018-03-30,0,2018-03-30,slowdown,slowdown,official,0.5730005562094561,-0.1002679544317146,0,1,2,1,0.3960625930101534,labor_stress,1.1347204304428868,0.5845752640978008,none,absent,True,0.2155537020734844,0,slowdown,0.0,0.0,0,0,4,,4,0,0.1119191951490893,0.0244511999199434,0.4021017624975779,0.3799974458102083,0.4859781287077532,0.5955511478836927,9.136455795363998e-07,2.063861555054821e-07,5.0,0,7.0,0,4.0,0,5.0,0,0.0,1,2018-02-01,2018-02-01,2018-02-01,2018-01-01,2018-02-01,2018-03-24,2018-03-17,slowdown,official,0,accepted
2018-04-06,0,2018-04-06,slowdown,slowdown,official,0.5478368130996245,-0.2944823271374183,0,1,1,1,0.3805025153375476,labor_stress,1.0422664268945656,0.0321724050964138,none,absent,True,0.6418102047224964,0,slowdown,0.0,0.0,0,0,4,,4,0,0.0910077663066178,0.0124912976243635,0.290732703949177,0.172849138477802,0.6182585931631392,0.8146593432002984,9.365810659459818e-07,2.206975358364517e-07,6.0,0,4.0,0,5.0,0,6.0,0,0.0,1,2018-03-01,2018-02-01,2018-02-01,2018-01-01,2018-02-01,2018-03-31,2018-03-24,slowdown,official,0,unchanged
2018-04-13,0,2018-04-13,slowdown,slowdown,official,0.5328744509603786,-0.2966899365194808,0,1,1,1,0.3629570679958555,labor_stress,0.9670527416524016,0.0198942203464215,none,absent,True,0.6961869078970795,0,slowdown,0.0,0.0,0,0,4,,4,0,0.0931728031875497,0.0108401103401924,0.2889255596982494,0.1464863775753959,0.617900700382086,0.8426732854724754,9.367321148901871e-07,2.26611936083488e-07,7.0,0,5.0,0,6.0,0,7.0,0,0.0,1,2018-03-01,2018-02-01,2018-02-01,2018-01-01,2018-02-01,2018-04-07,2018-03-31,slowdown,official,0,unchanged
2018-04-20,0,2018-04-20,slowdown,expansion,official,0.5449756300460606,-0.0207632012761698,0,1,1,1,0.3269750379124287,labor_stress,0.8909671364783022,-0.4213461674200328,none,absent,True,0.1328908569146231,0,expansion,0.0,0.0902884644471498,0,0,4,,4,0,0.1328637183955481,0.0412934999843514,0.4220379114239161,0.5457985925419195,0.44509743067929,0.4129077356272964,9.39501245933414e-07,1.718464325601773e-07,4.0,0,6.0,0,7.0,0,4.0,0,0.0,1,2018-03-01,2018-02-01,2018-03-01,2018-01-01,2018-03-01,2018-04-14,2018-04-07,slowdown,official,1,blocked_raw
2018-04-27,0,2018-04-27,slowdown,expansion,official,0.5569757819873975,-0.0482234075995191,0,1,1,1,0.3414296351864146,labor_stress,0.9508401902581256,-0.5579365196511988,none,absent,False,0.0350150409963506,0,expansion,0.0,0.1195578256395426,0,0,4,,4,0,0.1260371677259284,0.0371723161928246,0.4100197071050435,0.4989212711864713,0.4639421861440526,0.4639062301901206,9.390249753995064e-07,1.824305833721037e-07,5.0,0,7.0,0,8.0,0,5.0,0,0.0,1,2018-03-01,2018-02-01,2018-03-01,2018-01-01,2018-03-01,2018-04-21,2018-04-14,slowdown,official,2,blocked_raw
2018-05-04,0,2018-05-04,expansion,expansion,official,0.598279083087449,0.0755614723194233,0,2,1,2,0.3984852980447407,labor_stress,1.1920270936901816,0.1793912766645189,none,absent,False,0.0269189603513121,0,expansion,0.0,0.0,0,0,4,,4,0,0.1308117929617544,0.0338522705030905,0.4619708958738442,0.4965332454484116,0.4072163965110258,0.4696142850970995,9.14653375573907e-07,1.9895139833608762e-07,6.0,0,3.0,0,5.0,0,6.0,0,0.0,1,2018-04-01,2018-03-01,2018-03-01,2018-02-01,2018-03-01,2018-04-28,2018-04-21,expansion,official,0,accepted
2018-05-11,0,2018-05-11,expansion,expansion,official,0.6380283311352841,0.1384428719824967,0,2,1,2,0.4357292944671983,labor_stress,1.3900381728783069,0.4937982749798863,none,absent,True,0.1582836753355514,0,expansion,0.0,0.0,0,0,4,,4,0,0.1300449768642649,0.0345963563280991,0.4970283240091296,0.5618435653869285,0.3729257824464101,0.403559890051377,9.16680195258918e-07,1.882335954841582e-07,7.0,0,4.0,0,6.0,0,7.0,0,0.0,1,2018-04-01,2018-03-01,2018-03-01,2018-02-01,2018-03-01,2018-05-05,2018-04-28,expansion,official,0,unchanged
2018-05-18,0,2018-05-18,expansion,expansion,official,0.6774944371169583,0.5070007283764324,0,1,1,1,0.4612760679681309,labor_stress,1.5625598501179634,1.1012172925903114,none,absent,True,0.8027670422775933,0,expansion,0.0,0.0,0,0,4,,4,0,0.1597014179069725,0.0492793868753882,0.6601941939388549,0.8767437837929469,0.1801034467805306,0.0739767415153536,9.413736418319824e-07,8.781631108495142e-08,4.0,0,5.0,0,7.0,0,4.0,0,0.0,1,2018-04-01,2018-03-01,2018-04-01,2018-02-01,2018-04-01,2018-05-12,2018-05-05,expansion,official,0,unchanged
2018-05-25,0,2018-05-25,expansion,expansion,official,0.6457958474280373,0.4214744429247138,0,1,1,1,0.4348330535927817,labor_stress,1.404066901673358,0.6721983090592468,none,absent,True,0.7975641208545394,0,expansion,0.0,0.0,0,0,4,,4,0,0.1612968923959426,0.0511949806286359,0.6260659676646653,0.8731845306337351,0.2126361984544382,0.0756204097791957,9.414849539020854e-07,7.895843323763167e-08,5.0,0,6.0,0,8.0,0,5.0,0,0.0,1,2018-04-01,2018-03-01,2018-04-01,2018-02-01,2018-04-01,2018-05-19,2018-05-12,expansion,official,0,unchanged
2018-06-01,0,2018-06-01,expansion,expansion,official,0.6387247133785002,0.4684104139973065,0,0,2,0,0.4175009312750801,labor_stress,1.3333408133196625,0.6812174304750809,none,absent,True,0.8248070293967339,0,expansion,0.0,0.0,0,0,4,,4,0,0.1799325498002548,0.0580940099178019,0.640604653495035,0.8833564719692335,0.1794618539524346,0.0585494425724995,9.427522756224716e-07,7.554046501863343e-08,6.0,0,3.0,0,4.0,0,6.0,0,0.0,1,2018-05-01,2018-04-01,2018-04-01,2018-03-01,2018-04-01,2018-05-26,2018-05-19,expansion,official,0,unchanged
2018-06-08,0,2018-06-08,expansion,expansion,official,0.6255584957458706,0.4658533585959826,0,0,2,0,0.4046096100366237,labor_stress,1.2655348950941685,0.6626655711591599,none,absent,True,0.8207654417172212,0,expansion,0.0,0.0,0,0,4,,4,0,0.183611751800847,0.060094902149714,0.6368145894860872,0.8808603438669353,0.1795727159530555,0.0590446774061637,9.427600101734596e-07,7.657718673297817e-08,7.0,0,4.0,0,5.0,0,7.0,0,0.0,1,2018-05-01,2018-04-01,2018-04-01,2018-03-01,2018-04-01,2018-06-02,2018-05-26,expansion,official,0,unchanged
2018-06-15,0,2018-06-15,expansion,expansion,official,0.6359765309237234,0.3398941080410725,0,0,2,0,0.4095782956977137,labor_stress,1.3024109181974148,0.9232286026826052,none,absent,True,0.7729752124457726,0,expansion,0.0,0.0,0,0,4,,4,0,0.1525747866454637,0.0481554088053932,0.6212811289576832,0.8624098602239135,0.226143165434441,0.0894346477781409,9.189624120431076e-07,8.319255224167929e-08,4.0,0,5.0,0,6.0,0,4.0,0,0.0,1,2018-05-01,2018-04-01,2018-05-01,2018-03-01,2018-05-01,2018-06-09,2018-06-02,expansion,official,0,unchanged
2018-06-22,0,2018-06-22,expansion,expansion,official,0.6575252788778178,0.3431467897121689,0,0,2,0,0.428223113148053,labor_stress,1.4078376094730043,0.9403555000329152,none,absent,True,0.7813607460223837,0,expansion,0.0,0.0,0,0,4,,4,0,0.1473961713956034,0.0464270627247007,0.6264652221207515,0.8674668012538501,0.2261376881974185,0.0861060552314664,9.182862266545448e-07,8.07899827230528e-08,5.0,0,6.0,0,7.0,0,5.0,0,0.0,1,2018-05-01,2018-04-01,2018-05-01,2018-03-01,2018-05-01,2018-06-16,2018-06-09,expansion,official,0,unchanged
2018-06-29,0,2018-06-29,expansion,expansion,official,0.643667443596935,0.1093561674295982,0,0,1,0,0.424388918815071,labor_stress,1.3658266523228195,0.1934864330461773,none,absent,True,0.6354631887058236,0,expansion,0.0,0.0,0,0,4,,4,0,0.1273630398452995,0.0434294075761526,0.5266101270245386,0.7960168422186672,0.3460259018193707,0.1605536535128436,9.313107912512256e-07,9.66923365371179e-08,6.0,0,7.0,0,4.0,0,6.0,0,0.0,1,2018-05-01,2018-05-01,2018-05-01,2018-04-01,2018-05-01,2018-06-23,2018-06-16,expansion,official,0,unchanged
2018-07-06,0,2018-07-06,expansion,expansion,official,0.6259414119009475,0.0049957541503282,0,0,1,0,0.4051476655662778,labor_stress,1.2679935090646444,-0.554228122372282,none,absent,True,0.5347581528432784,0,expansion,0.0,0.1187631690797747,0,0,4,,4,0,0.1187885883882763,0.0422025513474767,0.4741499458849021,0.7462777470902494,0.4070605275734048,0.2115195942469709,9.381534167311612e-07,1.0731530281585285e-07,7.0,0,4.0,0,5.0,0,7.0,0,0.0,1,2018-06-01,2018-05-01,2018-05-01,2018-04-01,2018-05-01,2018-06-30,2018-06-23,expansion,official,0,unchanged
2018-07-13,0,2018-07-13,slowdown,expansion,official,0.6273560189892228,-0.0798012019389911,0,0,1,0,0.4027957940777868,labor_stress,1.2634818291912155,-0.9804115566003622,none,absent,True,0.3508789941175197,0,expansion,0.0,0.15,0,0,4,,4,0,0.1078385774273365,0.0373087981544257,0.4316547435319754,0.6567850325224349,0.4605057353444243,0.3059060384049152,9.43696263669131e-07,1.3091822416166804e-07,8.0,0,5.0,0,6.0,0,8.0,0,0.0,1,2018-06-01,2018-05-01,2018-05-01,2018-04-01,2018-05-01,2018-07-07,2018-06-30,expansion,official,0,unchanged
2018-07-20,0,2018-07-20,slowdown,expansion,official,0.6577313816300489,-0.1158954371956308,0,0,1,0,0.3953381598417971,labor_stress,1.3001315704191316,-0.5087490420514904,none,absent,False,0.0523209758205696,1,slowdown,0.0,0.1090176518681765,0,0,4,,4,0,0.0977744836927049,0.024291804425659,0.4157327572339819,0.4616935160550402,0.4864918133002708,0.5140144918756099,9.457730424138296e-07,1.8764369083356253e-07,4.0,0,6.0,0,7.0,0,4.0,0,0.0,1,2018-06-01,2018-05-01,2018-06-01,2018-04-01,2018-06-01,2018-07-14,2018-07-07,expansion,official,0,unchanged
2018-07-27,0,2018-07-27,slowdown,expansion,official,0.6639544294568942,-0.0605012351812537,0,0,1,0,0.4008899480335488,labor_stress,1.3308632836080945,-0.2293839835486067,none,absent,False,0.0453004614851907,2,slowdown,0.0,0.0491537107604157,0,0,4,,4,0,0.1033491702266405,0.0240473714332533,0.4449064899150922,0.4653259847372727,0.4517433978904905,0.5106264462224636,9.419677767389504e-07,1.976070103606979e-07,5.0,0,7.0,0,8.0,0,5.0,0,0.0,1,2018-06-01,2018-05-01,2018-06-01,2018-04-01,2018-06-01,2018-07-21,2018-07-14,expansion,official,0,unchanged
2018-08-03,0,2018-08-03,expansion,expansion,official,0.7210332930020785,0.1159970974602459,0,0,1,0,0.3979901315766292,labor_stress,1.4348206757651374,0.2000375423864182,none,absent,True,0.3989129946195561,0,expansion,0.0,0.0,0,0,4,,4,0,0.1118904807822346,0.0310419654022259,0.539556915754041,0.6839354407209328,0.348551673841643,0.2850224461013767,9.29622081366522e-07,1.4777546443367473e-07,6.0,0,3.0,0,5.0,0,6.0,0,0.0,1,2018-07-01,2018-06-01,2018-06-01,2018-05-01,2018-06-01,2018-07-28,2018-07-21,expansion,official,0,unchanged
2018-08-10,0,2018-08-10,expansion,expansion,official,0.7171364084926479,0.1036366808162658,0,0,1,0,0.3909386098250001,labor_stress,1.401781552955046,0.1307758864341745,none,absent,True,0.446886482766396,0,expansion,0.0,0.0,0,0,4,,4,0,0.1114142359341612,0.0320962111383838,0.533114145982902,0.7073950683891668,0.355470687620495,0.2605085856227707,9.30462441800658e-07,1.3484967869292506e-07,7.0,0,4.0,0,6.0,0,7.0,0,0.0,1,2018-07-01,2018-06-01,2018-06-01,2018-05-01,2018-06-01,2018-08-04,2018-07-28,expansion,official,0,unchanged
2018-08-17,0,2018-08-17,expansion,expansion,official,0.7051511602553269,0.1116454312037988,0,0,1,0,0.3858532486900061,labor_stress,1.3604243300102252,-0.2642224649615189,none,absent,True,0.5702288250122493,0,expansion,0.0,0.0566190996346111,0,0,4,,4,0,0.1146204334456261,0.035774431957222,0.5355418337450755,0.7672271418264203,0.3498368026635112,0.196998316814171,9.301457871918116e-07,1.0940218664278707e-07,4.0,0,5.0,0,7.0,0,4.0,0,0.0,1,2018-07-01,2018-06-01,2018-07-01,2018-05-01,2018-07-01,2018-08-11,2018-08-04,expansion,official,0,unchanged
2018-08-24,0,2018-08-24,expansion,expansion,official,0.7174010101683435,0.1598905867156135,0,0,1,0,0.3943955777629171,labor_stress,1.4146989294652208,-0.025210223392335,none,absent,True,0.5937163248442605,0,expansion,0.0,0.0054021907269289,0,0,4,,4,0,0.1169421562316267,0.0355243028024147,0.5598595321157944,0.7790959559105048,0.3231973846786621,0.1853796310662443,9.269739166631536e-07,1.1022083608802487e-07,5.0,0,6.0,0,8.0,0,5.0,0,0.0,1,2018-07-01,2018-06-01,2018-07-01,2018-05-01,2018-07-01,2018-08-18,2018-08-11,expansion,official,0,unchanged
2018-08-31,0,2018-08-31,expansion,expansion,official,0.7151754071192815,0.1744401786448995,0,0,1,0,0.4066040791409364,labor_stress,1.453966189179899,0.3187696691259239,none,absent,True,0.5607982369525167,0,expansion,0.0,0.0,0,0,4,,4,0,0.1188041425693856,0.0349459239691924,0.566262705026131,0.7629260963261474,0.3149322262657624,0.2021278593736306,9.261387210317836e-07,1.2033102947067974e-07,6.0,0,7.0,0,4.0,0,6.0,0,0.0,1,2018-07-01,2018-07-01,2018-07-01,2018-06-01,2018-07-01,2018-08-25,2018-08-18,expansion,official,0,unchanged
2018-09-07,0,2018-09-07,expansion,expansion,official,0.7348760501916042,0.1933046381643075,0,1,1,1,0.4265304999163782,labor_stress,1.5672352453239915,0.606429107219497,none,absent,True,0.5027334857852077,0,expansion,0.0,0.0,0,0,4,,4,0,0.1138898976739289,0.0322782637728102,0.5645225318409933,0.7352275463813556,0.3215866665556345,0.2324940605961479,9.039294432901452e-07,1.2924968625502176e-07,7.0,0,4.0,0,5.0,0,7.0,0,0.0,1,2018-08-01,2018-07-01,2018-07-01,2018-06-01,2018-07-01,2018-09-01,2018-08-25,expansion,official,0,unchanged
2018-09-14,0,2018-09-14,expansion,expansion,official,0.7424394675173517,0.0948955810299806,0,1,1,1,0.4362129737290866,labor_stress,1.619308639697918,0.6359464189093389,none,absent,True,0.2942943266681462,0,expansion,0.0,0.0,0,0,4,,4,0,0.1028774634677904,0.0272146351444193,0.5176624275501558,0.6335397683919536,0.379459202978044,0.3392454417238073,9.060040099116068e-07,1.547398196901881e-07,4.0,0,5.0,0,6.0,0,4.0,0,0.0,1,2018-08-01,2018-07-01,2018-08-01,2018-06-01,2018-08-01,2018-09-08,2018-09-01,expansion,official,0,unchanged
2018-09-21,0,2018-09-21,expansion,expansion,official,0.7672460415779433,0.1342941635405793,0,1,1,1,0.4526030869060509,labor_stress,1.736289634173127,0.8316129507612234,none,absent,True,0.3884639211877389,0,expansion,0.0,0.0,0,0,4,,4,0,0.1021545750639285,0.0276472538408768,0.5400107750945299,0.6804082623677015,0.3578337452437794,0.2919443411799625,9.045977623294216e-07,1.42611459134609e-07,5.0,0,6.0,0,7.0,0,5.0,0,0.0,1,2018-08-01,2018-07-01,2018-08-01,2018-06-01,2018-08-01,2018-09-15,2018-09-08,expansion,official,0,unchanged
2018-09-28,0,2018-09-28,expansion,expansion,official,0.7602650980176209,0.0237136125424639,0,1,1,1,0.4556037543417364,labor_stress,1.7318981647590812,0.574316917960905,none,absent,True,0.2034579872683105,0,expansion,0.0,0.0,0,0,4,,4,0,0.092597400064731,0.0241393156409821,0.4827430063259809,0.5896592574014099,0.4246586862040247,0.3862012701330994,9.074052633084584e-07,1.5682450869490717e-07,6.0,0,7.0,0,4.0,0,6.0,0,0.0,1,2018-08-01,2018-08-01,2018-08-01,2018-07-01,2018-08-01,2018-09-22,2018-09-15,expansion,official,0,unchanged
2018-10-05,0,2018-10-05,expansion,expansion,official,0.7606277732253754,0.068128229056725,0,0,1,0,0.4564254294322031,labor_stress,1.7358492901622622,0.6293449793912537,none,absent,True,0.4340931970212989,0,expansion,0.0,0.0,0,0,4,,4,0,0.0997295080531744,0.0287189925716959,0.5203002223939789,0.702687037006571,0.3799693374190253,0.2685938399852721,9.32133821466964e-07,1.3043646113631904e-07,7.0,0,3.0,0,5.0,0,7.0,0,0.0,1,2018-09-01,2018-08-01,2018-08-01,2018-07-01,2018-08-01,2018-09-29,2018-09-22,expansion,official,0,unchanged
2018-10-12,0,2018-10-12,expansion,expansion,official,0.7487190072874103,0.0445487231177474,0,0,1,0,0.4458139983909826,labor_stress,1.668947071550638,0.5058279018576001,none,absent,True,0.4119101761502209,0,expansion,0.0,0.0,0,0,4,,4,0,0.0995259424914837,0.0289081041413707,0.5070893667574289,0.6915009702966785,0.3933837568941125,0.2795907941464575,9.338569748268388e-07,1.3141549330114057e-07,8.0,0,4.0,0,6.0,0,8.0,0,0.0,1,2018-09-01,2018-08-01,2018-08-01,2018-07-01,2018-08-01,2018-10-06,2018-09-29,expansion,official,0,unchanged
2018-10-19,0,2018-10-19,slowdown,slowdown,official,0.7237277502488545,-0.1429015979354895,0,1,0,1,0.4367750979372253,labor_stress,1.580531294974156,0.1409620458700229,none,absent,True,0.2413262593268686,0,slowdown,0.0,0.0,0,0,4,,4,0,0.0828665382366082,0.0177568205334156,0.3755435965974221,0.3704583627989278,0.5415889291528958,0.6117846221257964,9.360130738182992e-07,1.945418601291781e-07,4.0,0,5.0,0,7.0,0,4.0,0,0.0,1,2018-09-01,2018-08-01,2018-09-01,2018-07-01,2018-09-01,2018-10-13,2018-10-06,slowdown,official,0,accepted
2018-10-26,0,2018-10-26,slowdown,slowdown,official,0.7238907999426993,-0.1649933149950518,0,1,0,1,0.4351861373040627,labor_stress,1.5751362052850568,0.0310870451524702,none,absent,True,0.3604704630387536,0,slowdown,0.0,0.0,0,0,4,,4,0,0.0803089613254296,0.0150281508813232,0.364070887279182,0.3122505901106967,0.5556192155607499,0.6727210531494503,9.358346383858316e-07,2.0585852973653006e-07,5.0,0,6.0,0,8.0,0,5.0,0,0.0,1,2018-09-01,2018-08-01,2018-09-01,2018-07-01,2018-09-01,2018-10-20,2018-10-13,slowdown,official,0,unchanged
2018-11-02,0,2018-11-02,slowdown,slowdown,official,0.7092152675973252,-0.2439228672021659,0,1,0,1,0.4195107529750531,labor_stress,1.4876171546557884,-0.3949641211489939,none,absent,True,0.3742581475101079,0,slowdown,0.0,0.0846351688176415,0,0,4,,4,0,0.0717573986303471,0.0140084055788764,0.3379924707769459,0.3058666272778021,0.5902492158597741,0.68012477478791,9.147329329672184e-07,1.9235541146593426e-07,6.0,0,3.0,0,4.0,0,6.0,0,0.0,1,2018-10-01,2018-09-01,2018-09-01,2018-08-01,2018-09-01,2018-10-27,2018-10-20,slowdown,official,0,unchanged
2018-11-09,0,2018-11-09,slowdown,slowdown,official,0.708998416999426,-0.2781915714281363,0,1,0,1,0.417935425476634,labor_stress,1.4815777753545756,-0.5654894738034661,none,absent,True,0.5298218554184184,0,slowdown,0.0,0.1211763158150284,0,0,4,,4,0,0.0680975481686069,0.0105643474999198,0.3206155519552767,0.2298067964027839,0.6112859843443111,0.7596286518212024,9.155318052750824e-07,2.0427609381322057e-07,7.0,0,4.0,0,5.0,0,7.0,0,0.0,1,2018-10-01,2018-09-01,2018-09-01,2018-08-01,2018-09-01,2018-11-03,2018-10-27,slowdown,official,0,unchanged
2018-11-16,0,2018-11-16,slowdown,slowdown,official,0.6918361505960353,-0.4217932108436993,0,1,0,1,0.3909673322267386,labor_stress,1.3524266706827404,-1.1317315212286818,none,absent,True,0.7397004766194227,0,slowdown,0.0,0.15,0,0,4,,4,0,0.0552972570461875,0.0060186743630323,0.2516162302354077,0.1271403228308509,0.6930855938936408,0.8668407994502737,9.188247640073604e-07,2.033558429997491e-07,4.0,0,5.0,0,6.0,0,4.0,0,0.0,1,2018-10-01,2018-09-01,2018-10-01,2018-08-01,2018-10-01,2018-11-10,2018-11-03,slowdown,official,0,unchanged
2018-11-23,0,2018-11-23,slowdown,slowdown,official,0.6568996240909636,-0.4988234940803563,0,1,0,1,0.3569764480298517,labor_stress,1.172488472600685,-1.5133551920405708,none,absent,True,0.8290009497725945,0,slowdown,0.0,0.15,0,0,4,,4,0,0.0513111378415655,0.0042433301046851,0.217812205807536,0.0833777591668464,0.7308757357534372,0.912378708939441,9.205974612871096e-07,2.0178902732053357e-07,5.0,0,6.0,0,7.0,0,5.0,0,0.0,1,2018-10-01,2018-09-01,2018-10-01,2018-08-01,2018-10-01,2018-11-17,2018-11-10,slowdown,official,0,unchanged
2018-11-30,0,2018-11-30,slowdown,slowdown,official,0.5989611798144148,-0.5852156138430791,0,1,0,1,0.2962856332437636,labor_stress,0.8873179622487285,-2.1422512679377363,none,absent,True,0.8700988545772991,0,slowdown,0.0,0.15,0,0,4,,4,0,0.0484908180899426,0.0036183512914144,0.1834448538097464,0.0631412988291476,0.768063405614642,0.9332401534064468,9.224856688906024e-07,1.964729910949274e-07,6.0,0,7.0,0,4.0,0,6.0,0,0.0,1,2018-10-01,2018-10-01,2018-10-01,2018-09-01,2018-10-01,2018-11-24,2018-11-17,slowdown,official,0,unchanged
2018-12-07,0,2018-12-07,slowdown,slowdown,official,0.5524137920149919,-0.6170705164748574,0,0,0,0,0.2733861100159171,production,0.6735712136582839,-2.3848925974468607,none,absent,True,0.8846449076410917,0,slowdown,0.0,0.15,0,0,4,,4,0,0.0525680929314237,0.0035376528748711,0.1812920804705185,0.0559086149360259,0.7661388502458272,0.9405535225771176,9.763522305429191e-07,2.0961198497655514e-07,7.0,0,4.0,0,5.0,0,7.0,0,0.0,1,2018-11-01,2018-10-01,2018-10-01,2018-09-01,2018-10-01,2018-12-01,2018-11-24,slowdown,official,0,unchanged
2018-12-14,0,2018-12-14,slowdown,slowdown,official,0.5782837448673874,-0.3939987673221098,0,0,1,0,0.2676258648947392,labor_stress,0.7738184368735163,-1.8999791601519165,none,absent,True,0.798492487187304,0,slowdown,0.0,0.15,0,0,4,,4,0,0.0752192349195002,0.005933695296567,0.2731001006498366,0.0977867926321756,0.6516797000533797,0.8962792798194796,9.643772833640422e-07,2.322517777370637e-07,3.0,0,5.0,0,6.0,0,3.0,0,0.0,1,2018-11-01,2018-10-01,2018-11-01,2018-09-01,2018-11-01,2018-12-08,2018-12-01,slowdown,official,0,unchanged
2018-12-21,0,2018-12-21,slowdown,slowdown,official,0.5694905994773958,-0.4176058660725725,0,0,0,0,0.2900658758380618,labor_stress,0.8259489475947686,-1.726686992719087,none,absent,True,0.826276463053479,0,slowdown,0.0,0.15,0,0,4,,4,0,0.0747408445400613,0.0055703228497201,0.2492697032358142,0.0840764912723363,0.6759884696160167,0.9103529543258154,9.82608107863812e-07,2.315521279759981e-07,4.0,0,6.0,0,3.0,0,4.0,0,0.0,1,2018-11-01,2018-11-01,2018-11-01,2018-10-01,2018-11-01,2018-12-15,2018-12-08,slowdown,official,0,unchanged
2018-12-28,0,2018-12-28,slowdown,slowdown,official,0.5939389546220349,-0.3218919418425042,0,0,0,0,0.3185637651785548,labor_stress,0.9460371483530514,-1.2437676321352378,none,absent,True,0.7777390104849923,0,slowdown,0.0,0.15,0,0,4,,4,0,0.0838137512509164,0.0068142248922012,0.2934510666973953,0.1077232603558857,0.6227342025259981,0.885462270840878,9.79525690239608e-07,2.439110351198412e-07,5.0,0,7.0,0,4.0,0,5.0,0,0.0,1,2018-11-01,2018-11-01,2018-11-01,2018-10-01,2018-11-01,2018-12-22,2018-12-15,slowdown,official,0,unchanged
2019-01-04,0,2019-01-04,slowdown,slowdown,official,0.5667012072888477,-0.331490353993083,0,0,0,0,0.2746651905542049,labor_stress,0.7782654754364465,-1.6105200210150552,none,absent,True,0.7276713551734226,0,slowdown,0.0,0.15,0,0,4,,4,0,0.0850220294644125,0.0083050974221812,0.3016643256358657,0.132011655170297,0.6133126842482032,0.8596830103437197,9.606515186133686e-07,2.3706380200912321e-07,6.0,0,3.0,0,5.0,0,6.0,0,0.0,1,2018-12-01,2018-11-01,2018-11-01,2018-10-01,2018-11-01,2018-12-29,2018-12-22,slowdown,official,0,unchanged
2019-01-11,0,2019-01-11,slowdown,slowdown,official,0.5252898561192707,-0.3539325501942517,0,0,0,0,0.2925704230604673,production,0.5546947558476176,-1.7222694148391735,none,absent,True,0.7381523657467194,0,slowdown,0.0,0.15,0,0,4,,4,0,0.0884615186148998,0.0086394087889003,0.2890626397541808,0.126603995030771,0.6224748793357043,0.8647563607774904,9.62295215128153e-07,2.3540283839755206e-07,7.0,0,4.0,0,6.0,0,7.0,0,0.0,1,2018-12-01,2018-11-01,2018-11-01,2018-10-01,2018-11-01,2019-01-05,2018-12-29,slowdown,official,0,unchanged
2019-01-18,0,2019-01-18,slowdown,slowdown,official,0.5339143972293126,-0.2304978039210414,0,0,0,0,0.3056536391382095,production,0.5385682059794658,-1.4291801626575402,none,absent,True,0.6182620629137173,0,slowdown,0.0,0.15,0,0,4,,4,0,0.1048028610665258,0.0125718125029322,0.34838320871524,0.1845829382469402,0.5468129756604768,0.8028450011606575,9.545577573489504e-07,2.4808947006717885e-07,4.0,0,5.0,0,7.0,0,8.0,0,0.0,1,2018-12-01,2018-11-01,2018-12-01,2018-10-01,2018-11-01,2019-01-12,2019-01-05,slowdown,official,0,unchanged
2019-01-25,0,2019-01-25,expansion,slowdown,preliminary,0.5657716860587317,0.0010396043846132,0,0,0,0,0.2906302570384862,production,0.7507995296409871,-0.273323784328941,none,absent,False,0.3968296848680026,0,slowdown,0.0,0.0585693823562016,0,0,3,consumption,4,0,0.1354655136275713,0.0200524728639036,0.4484657720210442,0.2915587787903398,0.4160677456406627,0.6883884636583425,9.687107216133916e-07,2.8468741396884097e-07,5.0,0,6.0,0,8.0,0,9.0,0,0.0,1,2018-12-01,2018-11-01,2018-12-01,2018-10-01,2018-11-01,2019-01-19,2019-01-12,slowdown,preliminary,0,unchanged
2019-02-01,0,2019-02-01,expansion,slowdown,preliminary,0.5137281731811202,-0.0100954854530092,0,0,0,0,0.3210343004971274,production,0.4578451722034752,-0.434967804380404,none,absent,False,0.2394319274450925,0,slowdown,0.0,0.0932073866529437,0,0,2,consumption|real_income,4,0,0.1463100919852893,0.0284567231880137,0.4367571521727257,0.3660555471906052,0.4169317863143837,0.6054874746356977,9.695276012510458e-07,2.549856833629527e-07,6.0,0,3.0,0,9.0,0,10.0,0,0.0,1,2019-01-01,2018-11-01,2018-12-01,2018-10-01,2018-11-01,2019-01-26,2019-01-19,slowdown,preliminary,0,unchanged
2019-02-08,0,2019-02-08,slowdown,slowdown,preliminary,0.466050684286219,-0.1764552084869928,0,0,0,0,0.3541680412707698,production,0.2154264586978556,-1.269024045905517,none,absent,False,0.3354216088378745,0,slowdown,0.0,0.157869801656586,0,0,2,consumption|real_income,4,0,0.1301284685535338,0.0281481170093805,0.3533238150676501,0.3182150232761233,0.5165467410302903,0.6536366321139978,9.75348525925824e-07,2.2760049842680802e-07,7.0,0,4.0,0,10.0,0,11.0,0,0.0,1,2019-01-01,2018-11-01,2018-12-01,2018-10-01,2018-11-01,2019-02-02,2019-01-26,slowdown,preliminary,0,unchanged
2019-02-15,0,2019-02-08,slowdown,slowdown,preliminary,0.3936952561089849,-0.8994099081724531,0,2,0,2,0.3249627190361633,production,0.2046314791669908,-1.2935571501318388,none,absent,False,0.9642100866857723,0,slowdown,0.2423549028900226,0.2423549028900226,1,1,3,real_income,5,0,0.0352263258012499,0.0017085182849054,0.077052579640822,0.0170406124086303,0.8877202103484048,0.9812506990944028,8.842095231363371e-07,1.7021206137147935e-07,3.0,0,4.0,0,10.0,0,7.0,0,0.0,1,2019-01-01,2018-11-01,2019-01-01,2018-10-01,2018-12-01,2019-02-09,2019-02-02,slowdown,preliminary,0,unchanged
2019-02-22,0,2019-02-08,slowdown,slowdown,preliminary,0.3936952561089849,-0.8994099081724531,0,2,0,2,0.3249627190361633,production,0.2046314791669908,-1.2935571501318388,none,absent,False,0.9642100866857723,0,slowdown,0.2423549028900226,0.2423549028900226,2,2,2,consumption|real_income,5,0,0.0352263258012499,0.0017085182849054,0.077052579640822,0.0170406124086303,0.8877202103484048,0.9812506990944028,8.842095231363371e-07,1.7021206137147935e-07,3.0,0,4.0,0,10.0,0,7.0,0,0.0,1,2019-01-01,2018-11-01,2019-01-01,2018-10-01,2018-12-01,2019-02-16,2019-02-09,slowdown,preliminary,0,unchanged
2019-03-01,0,2019-03-01,slowdown,slowdown,official,0.430431228933296,-0.6625498075657266,0,2,1,2,0.2920261731663803,real_income,-0.1472901133357434,-2.034965984209495,none,absent,True,0.93236548814025,0,slowdown,0.2096753623220575,0.2080351626096238,0,0,4,,4,0,0.0546270064814531,0.0028095828155497,0.1381827570662565,0.0324123724379277,0.8071893513794004,0.9647778605781776,8.850728898861451e-07,1.841683446631124e-07,6.0,0,7.0,0,8.0,0,6.0,0,0.0,1,2019-01-01,2018-12-01,2019-01-01,2018-12-01,2018-12-01,2019-02-23,2019-02-16,slowdown,official,0,unchanged
2019-03-08,0,2019-03-08,slowdown,slowdown,preliminary,0.4353647613557809,-0.7134526545551828,0,3,1,3,0.3066803780258569,real_income,-0.0764996958922273,-1.4407727544434068,none,absent,False,0.9450578809457054,0,slowdown,0.2071470704250359,0.2071470704250359,0,0,3,real_income,4,0,0.0461594805719475,0.0022422256075404,0.1179144469693931,0.0263498619909024,0.8359252342233747,0.9714077429366078,8.382352845226903e-07,1.694649491960639e-07,7.0,0,4.0,0,9.0,0,7.0,0,0.0,1,2019-02-01,2018-12-01,2019-01-01,2018-12-01,2018-12-01,2019-03-02,2019-02-23,slowdown,preliminary,0,unchanged
2019-03-15,0,2019-03-15,slowdown,slowdown,preliminary,0.4030483945965297,-0.3361169911318599,0,2,1,2,0.3545534823350834,real_income,0.0054538890678467,-1.2355832871073622,none,absent,False,0.8122363232717287,0,slowdown,0.2125016494973204,0.1905511473117883,0,0,3,real_income,4,0,0.1057229302854875,0.0086051867851116,0.2532637721310415,0.0895791340907638,0.641012398864248,0.9018154573624924,8.987192228879259e-07,2.2176163216909998e-07,3.0,0,5.0,0,10.0,0,3.0,0,0.0,1,2019-02-01,2018-12-01,2019-02-01,2018-12-01,2019-02-01,2019-03-09,2019-03-02,slowdown,preliminary,0,unchanged
2019-03-22,0,2019-03-15,slowdown,slowdown,preliminary,0.400455412754825,-0.3420099058518571,0,2,1,2,0.3541919281242945,real_income,-0.007511020140677,-1.2650478607073483,none,absent,False,0.8147417005584329,0,slowdown,0.214487790645994,0.1923325403790668,1,1,3,real_income,5,0,0.1051861222805869,0.0085322256877549,0.2506822139456796,0.0883629264030123,0.644130765281145,0.9031046269614452,8.984925883794847e-07,2.209477875287003e-07,3.0,0,5.0,0,10.0,0,3.0,0,0.0,1,2019-02-01,2018-12-01,2019-02-01,2018-12-01,2019-02-01,2019-03-16,2019-03-09,slowdown,preliminary,0,unchanged
2019-03-29,0,2019-03-29,slowdown,slowdown,official,0.4156555075230962,-0.3177975088720361,0,2,0,2,0.3331634325418078,production,0.3088594659510763,-0.25490846886491,none,absent,False,0.825504081896184,0,slowdown,0.1082757254555609,0.0881281890885251,0,0,4,,4,0,0.1084959503724792,0.0083728971914604,0.2479099923431461,0.0830613971960679,0.6435931412322221,0.9085654790922518,9.160521524827752e-07,2.2652021973819265e-07,5.0,0,7.0,0,8.0,0,5.0,0,0.0,1,2019-02-01,2019-01-01,2019-02-01,2019-01-01,2019-02-01,2019-03-23,2019-03-16,slowdown,official,0,unchanged
2019-04-05,0,2019-04-05,slowdown,slowdown,preliminary,0.4538311720508056,-0.2417151015763086,0,2,0,2,0.3056787438520686,production,0.5040768864011614,0.526804223077205,none,absent,False,0.7902453899286956,0,slowdown,0.0279448832970598,0.0143455282672656,0,0,3,real_income,4,0,0.1145293137551681,0.0093100000683852,0.2823308630880178,0.100222185871355,0.603138901828027,0.8904675758000506,9.213287871284268e-07,2.382602089691887e-07,6.0,0,4.0,0,9.0,0,6.0,0,0.0,1,2019-03-01,2019-01-01,2019-02-01,2019-01-01,2019-02-01,2019-03-30,2019-03-23,slowdown,preliminary,0,unchanged
2019-04-12,0,2019-04-12,slowdown,slowdown,preliminary,0.5282245958981449,0.0279443880089448,0,2,0,2,0.3288276454637501,labor_stress,0.8684742507261394,1.874200668957807,none,absent,False,0.5781934650598981,0,slowdown,0.0,0.0,0,0,3,real_income,4,0,0.1445552593934086,0.0164853191758777,0.4131497650144083,0.2026604615236802,0.4422940332836514,0.7808539265835783,9.423085316109924e-07,2.927168637872297e-07,7.0,0,5.0,0,10.0,0,7.0,0,0.0,1,2019-03-01,2019-01-01,2019-02-01,2019-01-01,2019-02-01,2019-04-06,2019-03-30,slowdown,preliminary,0,unchanged
2019-04-19,0,2019-04-12,expansion,slowdown,preliminary,0.5371612662057084,0.141673421232696,0,2,1,2,0.3168961901689449,labor_stress,0.851121793834577,1.833855886990157,none,absent,False,0.4021555426349253,0,slowdown,0.0,0.0,1,1,3,real_income,5,0,0.1703220699935211,0.0255218381312447,0.4609481457866297,0.2861611539633862,0.3687288441987909,0.6883166965983115,9.400210582284898e-07,3.113070575322925e-07,3.0,0,5.0,0,10.0,0,3.0,0,0.0,1,2019-03-01,2019-01-01,2019-03-01,2019-01-01,2019-03-01,2019-04-13,2019-04-06,slowdown,preliminary,0,unchanged
2019-04-26,0,2019-04-12,expansion,slowdown,preliminary,0.5371612662057084,0.141673421232696,0,2,1,2,0.3168961901689449,labor_stress,0.851121793834577,1.833855886990157,none,absent,False,0.4021555426349253,0,slowdown,0.0,0.0,2,2,3,real_income,5,0,0.1703220699935211,0.0255218381312447,0.4609481457866297,0.2861611539633862,0.3687288441987909,0.6883166965983115,9.400210582284898e-07,3.113070575322925e-07,3.0,0,5.0,0,10.0,0,3.0,0,0.0,1,2019-03-01,2019-01-01,2019-03-01,2019-01-01,2019-03-01,2019-04-20,2019-04-13,slowdown,preliminary,0,unchanged
2019-05-03,0,2019-05-03,slowdown,slowdown,official,0.4558676446025366,-0.0270041418881958,0,2,1,2,0.3012072221989945,labor_stress,0.6865531346056426,1.066158991019329,none,absent,False,0.0020056584865267,2,expansion,0.0206799239933733,0.0015362872632437,0,0,4,,4,0,0.1628671684456022,0.0529822831081394,0.374994662925216,0.4745115938145124,0.4621372402717062,0.4725059353279857,9.283574754667948e-07,1.877493624556012e-07,6.0,0,3.0,0,5.0,0,6.0,0,0.0,1,2019-04-01,2019-03-01,2019-03-01,2019-02-01,2019-03-01,2019-04-27,2019-04-20,slowdown,official,0,unchanged
2019-05-10,0,2019-05-10,slowdown,slowdown,official,0.3633601575437519,-0.26087052250244,0,2,1,2,0.3318424872370102,production,0.2178672028252967,-0.1026231071489927,none,absent,False,0.3607937076470973,0,slowdown,0.1029686813853986,0.0659607465676581,0,0,4,,4,0,0.1386205127778654,0.0420952023870533,0.2655506018140227,0.2985554463715877,0.5958279727969151,0.659349154018685,9.126111967189602e-07,1.972226739495374e-07,7.0,0,4.0,0,6.0,0,7.0,0,0.0,1,2019-04-01,2019-03-01,2019-03-01,2019-02-01,2019-03-01,2019-05-04,2019-04-27,slowdown,official,0,unchanged
2019-05-17,0,2019-05-17,slowdown,slowdown,official,0.2156604631753997,-0.6355750978339205,0,2,0,2,0.3345634752898517,employment,-0.1229670521040983,-0.6620782960475838,none,absent,True,0.9091839426114624,0,slowdown,0.3734835488869067,0.3623112623801503,0,0,4,,4,0,0.0867095006696108,0.0067472901891124,0.1331281095727293,0.0420342870897843,0.7801614915187526,0.9512182297012468,8.982389072151686e-07,1.9301985649514547e-07,4.0,0,5.0,0,7.0,0,4.0,0,0.0,1,2019-04-01,2019-03-01,2019-04-01,2019-02-01,2019-04-01,2019-05-11,2019-05-04,slowdown,official,0,unchanged
2019-05-24,0,2019-05-24,slowdown,slowdown,official,0.2596049073855592,-0.5993710624810867,0,2,0,2,0.3416130176807673,employment,0.088838941120801,-0.4810581192834147,none,absent,True,0.9168046197579612,0,slowdown,0.2939539899736416,0.2791721800247333,0,0,4,,4,0,0.0860250510563517,0.0054772323551596,0.144135190366051,0.0388589762087282,0.7698388589922611,0.9556635959666896,8.99585336198282e-07,1.954694225248534e-07,5.0,0,6.0,0,8.0,0,5.0,0,0.0,1,2019-04-01,2019-03-01,2019-04-01,2019-02-01,2019-04-01,2019-05-18,2019-05-11,slowdown,official,0,unchanged
2019-05-31,0,2019-05-31,slowdown,slowdown,official,0.2888039358413009,-0.4510739075341348,0,2,0,2,0.3070748172401968,employment,0.2720009140318838,-0.4570845443705764,none,absent,True,0.8689962509487237,0,slowdown,0.2467482895187362,0.2145691210426613,0,0,4,,4,0,0.1079728868627955,0.0084347271326492,0.1917213550942236,0.0612844048609864,0.7003048493880003,0.9302806558097102,9.086549805552802e-07,2.1219665403216101e-07,6.0,0,7.0,0,4.0,0,6.0,0,0.0,1,2019-04-01,2019-04-01,2019-04-01,2019-03-01,2019-04-01,2019-05-25,2019-05-18,slowdown,official,0,unchanged
2019-06-07,0,2019-06-07,slowdown,slowdown,official,0.2929841152850203,-0.7182918532412023,0,3,0,3,0.2675981295272617,employment,0.3395017071529733,-1.1937317841792765,none,absent,True,0.9436919322330046,0,slowdown,0.3274488091528158,0.3274488091528158,0,0,4,,4,0,0.0602202181392965,0.0033862433847734,0.1078219801998799,0.0264608259146658,0.831956954470091,0.9701527581476704,8.471907326004752e-07,1.725528901892318e-07,7.0,0,4.0,0,5.0,0,7.0,0,0.0,1,2019-05-01,2019-04-01,2019-04-01,2019-03-01,2019-04-01,2019-06-01,2019-05-25,slowdown,official,0,unchanged
2019-06-14,0,2019-06-14,slowdown,slowdown,official,0.2803541720057622,-0.8859609892043145,0,3,1,3,0.3584152949629683,consumption,0.0531438678869697,-2.7912635941467743,none,absent,True,0.9616895735298858,0,slowdown,0.3381202324006979,0.3381202324006979,0,0,4,,4,0,0.0456988486979809,0.0025400207453166,0.0742261565685755,0.017885121606417,0.8800741595688446,0.9795746951363028,8.35164598859252e-07,1.625119633393522e-07,4.0,0,5.0,0,6.0,0,4.0,0,0.0,1,2019-05-01,2019-04-01,2019-05-01,2019-03-01,2019-05-01,2019-06-08,2019-06-01,slowdown,official,0,unchanged
2019-06-21,0,2019-06-21,slowdown,slowdown,official,0.2614461685248994,-0.8396576969672541,0,3,1,3,0.3618423015231373,consumption,-0.0451917180731661,-2.559747132961471,none,absent,True,0.9593818463296266,0,slowdown,0.3540961796757808,0.3540961796757808,0,0,4,,4,0,0.0487424603749501,0.002351144462368,0.0881151853458107,0.0191334221621183,0.8631415189638428,0.978515268491745,8.353153962532598e-07,1.648837686638881e-07,5.0,0,6.0,0,7.0,0,5.0,0,0.0,1,2019-05-01,2019-04-01,2019-05-01,2019-03-01,2019-05-01,2019-06-15,2019-06-08,slowdown,official,0,unchanged
2019-06-28,0,2019-06-28,slowdown,slowdown,official,0.1745434765233358,-0.8798203651279941,0,3,0,3,0.2614763158226345,employment,-0.3140713154286446,-2.3260288666053865,watch,preliminary,True,0.9660556515720076,0,slowdown,0.4275229075101039,0.4275229075101039,0,0,4,,4,0,0.0528316109508796,0.0024486084982983,0.0747474148199803,0.0157477877547837,0.8724201344704127,0.9818034393267911,8.3975872737936e-07,1.644201268409601e-07,6.0,0,7.0,0,4.0,0,6.0,0,0.0,1,2019-05-01,2019-05-01,2019-05-01,2019-04-01,2019-05-01,2019-06-22,2019-06-15,slowdown,official,0,unchanged
2019-07-05,0,2019-07-05,slowdown,slowdown,official,0.1665497043607096,-0.6715181353959098,0,3,0,3,0.252666209854037,employment,-0.3518501716529994,-1.31900037023327,watch,preliminary,True,0.9415107496829171,0,slowdown,0.4284937019378811,0.4227103151149305,0,0,4,,4,0,0.0838663388540666,0.004335601634958,0.1167852828831891,0.0270767343258206,0.7993475250825307,0.968587484008738,8.531802136413624e-07,1.8003048337581328e-07,7.0,0,3.0,0,5.0,0,7.0,0,0.0,1,2019-06-01,2019-05-01,2019-05-01,2019-04-01,2019-05-01,2019-06-29,2019-06-22,slowdown,official,0,unchanged
2019-07-12,0,2019-07-12,slowdown,slowdown,official,0.17345059961081,-0.5320132782050012,0,3,0,3,0.2601143530420479,employment,-0.3245114625617338,-0.4629813788299984,none,absent,True,0.9158384082552284,0,slowdown,0.3442456913300733,0.3108347747405005,0,0,4,,4,0,0.1090433160960372,0.0062495966186024,0.1539422303827035,0.0389558999326335,0.7370135888919667,0.954794308187862,8.646292925129993e-07,1.9526090197147225e-07,8.0,0,4.0,0,6.0,0,8.0,0,0.0,1,2019-06-01,2019-05-01,2019-05-01,2019-04-01,2019-05-01,2019-07-06,2019-06-29,slowdown,official,0,unchanged
2019-07-19,0,2019-07-19,slowdown,slowdown,official,0.163244203435402,-0.4715181551962109,0,2,0,2,0.2545462168169935,employment,-0.3791150965897099,-1.0353643852254144,none,absent,True,0.8699452331818268,0,slowdown,0.3902198036121062,0.3433696001865303,0,0,4,,4,0,0.129730174453496,0.0107407764860344,0.1794681710655574,0.0596568873428721,0.6908007445863013,0.9296021205246988,9.098946451593156e-07,2.156463942983844e-07,4.0,0,5.0,0,7.0,0,4.0,0,0.0,1,2019-06-01,2019-05-01,2019-06-01,2019-04-01,2019-06-01,2019-07-13,2019-07-06,slowdown,official,0,unchanged
2019-07-26,0,2019-07-26,slowdown,slowdown,official,0.2462793592119097,-0.3505560478913036,0,2,0,2,0.3254601607228682,employment,0.0313364352111094,-0.4346212033726745,none,absent,False,0.8354517091155328,0,slowdown,0.2559025757643875,0.2017609583196721,0,0,4,,4,0,0.1381483088526006,0.0116538272300566,0.2254162746416089,0.0764471162730935,0.6364344995199029,0.9118988253886264,9.1698588742456e-07,2.311082234577467e-07,5.0,0,6.0,0,8.0,0,5.0,0,0.0,1,2019-06-01,2019-05-01,2019-06-01,2019-04-01,2019-06-01,2019-07-20,2019-07-13,slowdown,official,0,unchanged
2019-08-02,0,2019-08-02,slowdown,slowdown,official,0.3619385456511735,-0.3542169275834981,0,2,0,2,0.387455732097518,real_income,0.0905566963620469,-0.5123244892642242,none,absent,False,0.8106557417764093,0,slowdown,0.1995331567121631,0.1700953807808682,0,0,4,,4,0,0.1103744197162768,0.0096328334001846,0.2436563414932556,0.0898556022131939,0.645968340047386,0.9005113439896033,8.987430816116733e-07,2.2039701805352785e-07,6.0,0,3.0,0,4.0,0,6.0,0,0.0,1,2019-07-01,2019-06-01,2019-06-01,2019-05-01,2019-06-01,2019-07-27,2019-07-20,slowdown,official,0,unchanged
2019-08-09,0,2019-08-09,slowdown,slowdown,official,0.353118814368661,-0.2555675125199385,0,2,0,2,0.4014073848569628,real_income,0.0379027605068703,-0.0210569263173196,none,absent,False,0.7617678280492414,0,slowdown,0.0909495408483052,0.0507477104499047,0,0,4,,4,0,0.130965638439996,0.0122889728493526,0.2840871690299403,0.1129714806676342,0.5849462886483445,0.8747393087168756,9.038817190720704e-07,2.3776613755565338e-07,7.0,0,4.0,0,5.0,0,7.0,0,0.0,1,2019-07-01,2019-06-01,2019-06-01,2019-05-01,2019-06-01,2019-08-03,2019-07-27,slowdown,official,0,unchanged
2019-08-16,0,2019-08-16,slowdown,slowdown,official,0.2771243148162233,-0.2492867182988683,0,2,0,2,0.3932177941049742,real_income,-0.2083723609789024,-0.3298054036974795,none,absent,False,0.7083817152956482,0,slowdown,0.2000801906970837,0.1386385579032602,0,0,4,,4,0,0.1505156986151469,0.0182812455437163,0.2807125022347093,0.1366683999039931,0.568770892923151,0.8450501151996413,9.062269928212568e-07,2.393526492206594e-07,4.0,0,5.0,0,6.0,0,4.0,0,0.0,1,2019-07-01,2019-06-01,2019-07-01,2019-05-01,2019-07-01,2019-08-10,2019-08-03,slowdown,official,0,unchanged
2019-08-23,0,2019-08-23,slowdown,slowdown,official,0.2526110026121735,-0.1716086273522331,0,2,0,2,0.3675298641246314,real_income,-0.3326424402922356,0.0572956401635101,none,absent,False,0.6569670228932101,0,slowdown,0.1509042221225893,0.0710562541292607,0,0,4,,4,0,0.1746463914529537,0.0230182966570913,0.3102234126058197,0.1600072115727286,0.515129284776408,0.8169742344659388,9.11164818657266e-07,2.5730424130618445e-07,5.0,0,6.0,0,7.0,0,5.0,0,0.0,1,2019-07-01,2019-06-01,2019-07-01,2019-05-01,2019-07-01,2019-08-17,2019-08-10,slowdown,official,0,unchanged
2019-08-30,0,2019-08-30,slowdown,slowdown,official,0.2188199407974926,-0.1792990301675189,0,3,1,3,0.2720822969659159,real_income,-0.3983729067763557,0.1770560014908631,none,absent,False,0.7132071910980751,0,slowdown,0.173790609032464,0.0844857896851708,0,0,4,,4,0,0.1914087130864888,0.0245960975966579,0.2750959766273317,0.1310982302940339,0.5334944216299357,0.8443054213921091,8.886562437621239e-07,2.507171989788116e-07,6.0,0,7.0,0,4.0,0,6.0,0,0.0,1,2019-07-01,2019-07-01,2019-07-01,2019-06-01,2019-07-01,2019-08-24,2019-08-17,slowdown,official,0,unchanged
2019-09-06,0,2019-09-06,slowdown,slowdown,official,0.1773444980048348,-0.403340130830592,0,3,1,3,0.2844072007487345,labor_stress,-0.5848763551114814,-0.6616236118041332,none,absent,True,0.8314882703337461,0,slowdown,0.3586271461182746,0.3003215647324779,0,0,4,,4,0,0.14534469824776,0.0155474187182769,0.1923585433148871,0.0764820495531678,0.6622958902247327,0.907970319886914,8.682126200838238e-07,2.118416412827769e-07,7.0,0,4.0,0,5.0,0,7.0,0,0.0,1,2019-08-01,2019-07-01,2019-07-01,2019-06-01,2019-07-01,2019-08-31,2019-08-24,slowdown,official,0,unchanged
2019-09-13,0,2019-09-13,slowdown,slowdown,official,0.2616020000538778,-0.1056329271995347,0,3,1,3,0.2980694190077689,real_income,-0.2320191508259082,0.3681993030590607,none,absent,False,0.6792664634975426,0,slowdown,0.1307575256355834,0.0441648181542685,0,0,4,,4,0,0.1969476977443745,0.0261535936646937,0.3081852420275666,0.1472898380821249,0.4948661648632766,0.8265563015796675,8.953647822002338e-07,2.66673513793409e-07,8.0,0,5.0,0,6.0,0,3.0,0,0.0,1,2019-08-01,2019-07-01,2019-07-01,2019-06-01,2019-08-01,2019-09-07,2019-08-31,slowdown,official,0,unchanged
2019-09-20,0,2019-09-20,slowdown,slowdown,official,0.2981313665727103,-0.070443380043059,0,2,2,2,0.2636117587247009,real_income,-0.2565112024885781,-0.6542208270331407,none,absent,False,0.2832644458321702,0,slowdown,0.2354498548997066,0.1576097926046699,0,0,4,,4,0,0.2109877388812775,0.0707496302946557,0.331870414192628,0.322992842127047,0.4571409340742255,0.6062572879592173,9.128518689365438e-07,2.396190800752935e-07,4.0,0,6.0,0,7.0,0,4.0,0,0.0,1,2019-08-01,2019-07-01,2019-08-01,2019-06-01,2019-08-01,2019-09-14,2019-09-07,slowdown,official,0,unchanged
2019-09-27,0,2019-09-27,slowdown,slowdown,official,0.3047708649717818,-0.0950026781392315,0,2,2,2,0.2878618389709527,real_income,-0.2166884483256436,-0.6543356411485697,none,absent,False,0.4207813704172776,0,slowdown,0.2353253945941469,0.1629461831231008,0,0,4,,4,0,0.2027621128379186,0.0545095627002709,0.3231697683507932,0.2623544083583355,0.4740672070942852,0.6831357787756132,9.117170030744488e-07,2.501657803984336e-07,5.0,0,7.0,0,4.0,0,5.0,0,0.0,1,2019-08-01,2019-08-01,2019-08-01,2019-07-01,2019-08-01,2019-09-21,2019-09-14,slowdown,official,0,unchanged
2019-10-04,0,2019-10-04,slowdown,slowdown,official,0.2863609342517012,-0.0956687560387161,0,2,2,2,0.2778272882526248,real_income,-0.3042509987504062,-0.7270185409136873,none,absent,False,0.4245198932509988,0,slowdown,0.2540308119570702,0.1750166876456972,0,0,4,,4,0,0.2085753062334485,0.0560200360449986,0.3204878118020513,0.2597299093907283,0.4709359705973172,0.6842498026417272,9.113671829592388e-07,2.519225458043357e-07,6.0,0,3.0,0,5.0,0,6.0,0,0.0,1,2019-09-01,2019-08-01,2019-08-01,2019-07-01,2019-08-01,2019-09-28,2019-09-21,slowdown,official,0,unchanged
2019-10-11,0,2019-10-11,slowdown,slowdown,official,0.2434844848696048,-0.0951825299180017,0,2,2,2,0.2504916332236223,real_income,-0.5279796400000226,-0.7250271165633737,none,absent,False,0.451318542767562,0,slowdown,0.2745440736248273,0.1798155947040923,0,0,4,,4,0,0.2231241810596381,0.0568017597567752,0.3148294684011417,0.2459397192990833,0.4620454399100814,0.6972582620666453,9.106291388095934e-07,2.588774961980437e-07,7.0,0,4.0,0,6.0,0,7.0,0,0.0,1,2019-09-01,2019-08-01,2019-08-01,2019-07-01,2019-08-01,2019-10-05,2019-09-28,slowdown,official,0,unchanged
2019-10-18,0,2019-10-18,slowdown,slowdown,official,0.1369735038239582,-0.5347242063239354,0,3,0,3,0.3421116933655612,labor_stress,-0.7419839749108957,-0.891719968304391,watch,preliminary,True,0.9037766407490688,0,slowdown,0.4227566804436381,0.3862464406590105,0,0,4,,4,0,0.1157015455997926,0.0080962545928251,0.1519159065958922,0.0440634541206547,0.7323816823242653,0.9478400948697236,8.654800500114113e-07,1.964167964609197e-07,4.0,0,5.0,0,7.0,0,4.0,0,0.0,1,2019-09-01,2019-08-01,2019-09-01,2019-07-01,2019-09-01,2019-10-12,2019-10-05,slowdown,official,0,unchanged
2019-10-25,0,2019-10-25,slowdown,slowdown,official,0.1061600865426528,-0.5903877739302941,0,3,0,3,0.3864435174309761,labor_stress,-0.9031821945828398,-1.172833655180762,watch,preliminary,True,0.9192959004553864,0,slowdown,0.4590498201171396,0.4327975264780711,0,0,4,,4,0,0.1098728720779479,0.0071547058570985,0.1356906739592129,0.0367746012534851,0.7544355925335035,0.9560705017088716,8.614293358604288e-07,1.911805449368466e-07,5.0,0,6.0,0,8.0,0,5.0,0,0.0,1,2019-09-01,2019-08-01,2019-09-01,2019-07-01,2019-09-01,2019-10-19,2019-10-12,slowdown,official,0,unchanged
2019-11-01,0,2019-11-01,slowdown,slowdown,official,0.107035489218855,-0.2648003839886916,0,1,0,1,0.3968404687015693,labor_stress,-1.0293768587032734,-0.9329647545851698,none,absent,False,0.6916552515916301,0,slowdown,0.0,0.2765603824561635,0,0,4,,4,0,0.201981356868511,0.0305902832651675,0.2686179944017292,0.1388770990477233,0.5293997044063575,0.8305323506393534,9.443234022713823e-07,2.670477557420188e-07,6.0,0,3.0,0,4.0,0,6.0,0,0.0,1,2019-10-01,2019-09-01,2019-09-01,2019-08-01,2019-09-01,2019-10-26,2019-10-19,slowdown,official,0,unchanged
2019-11-08,0,2019-11-08,slowdown,slowdown,official,0.0809901431784095,-0.5120227376727822,0,1,0,1,0.4262138226364926,labor_stress,-1.169565891382625,-2.16965312231942,watch,preliminary,True,0.820561829335977,0,slowdown,0.0,0.4108163105403097,0,0,4,,4,0,0.1438488482100833,0.0188092336619381,0.1816529404189141,0.0803143551872512,0.6744972711033528,0.9008761845232284,9.402676496261456e-07,2.26627582280459e-07,7.0,0,4.0,0,5.0,0,7.0,0,0.0,1,2019-10-01,2019-09-01,2019-09-01,2019-08-01,2019-09-01,2019-11-02,2019-10-26,slowdown,official,0,unchanged
2019-11-15,0,2019-11-15,slowdown,slowdown,official,-0.0859694851662177,-1.5554569444746034,0,3,0,3,0.4798817100041936,labor_stress,-1.4523068637055851,-2.799917781745138,elevated,preliminary,True,0.9935356193936618,0,slowdown,0.6476382329933252,0.6476382329933252,0,0,4,,4,0,0.0174040803007101,0.0006906357603663,0.0157700386362173,0.0028867988918948,0.9668250597442422,0.9964224182855566,8.213188304132315e-07,1.4706218232014605e-07,4.0,0,5.0,0,6.0,0,4.0,0,0.0,1,2019-10-01,2019-09-01,2019-10-01,2019-08-01,2019-10-01,2019-11-09,2019-11-02,slowdown,official,0,unchanged
2019-11-22,0,2019-11-22,slowdown,slowdown,official,-0.196081982851079,-1.7462990457087226,0,3,0,3,0.5593291809910251,labor_stress,-2.015747295602139,-4.267404458553689,elevated,preliminary,True,0.9959605973254564,0,slowdown,0.7406756316336155,0.7406756316336155,0,0,4,,4,0,0.0134223857004466,0.0005215866046265,0.0097710070230873,0.0017588353058187,0.976805787372292,0.9977194326312752,8.199041740467179e-07,1.4545827948517585e-07,5.0,0,6.0,0,7.0,0,5.0,0,0.0,1,2019-10-01,2019-09-01,2019-10-01,2019-08-01,2019-10-01,2019-11-16,2019-11-09,slowdown,official,0,unchanged
2019-11-29,0,2019-11-29,slowdown,slowdown,official,-0.2407716598321265,-2.040979749867654,0,4,0,4,0.6068744691640517,labor_stress,-1.8418919189485257,-3.692749902508162,high,broad_and_confirmed,True,0.9759353339471324,0,slowdown,0.77843529906293,0.77843529906293,0,0,4,,4,0,0.006219890269823,0.0002744989695858,0.0038538820816711,0.0007099802076947,0.9351473782939864,0.987475427384926,0.0547788493545194,0.0115400934377934,6.0,0,7.0,0,4.0,0,6.0,0,0.0,1,2019-10-01,2019-10-01,2019-10-01,2019-09-01,2019-10-01,2019-11-23,2019-11-16,slowdown,official,0,unchanged
2019-12-06,0,2019-12-06,slowdown,slowdown,official,-0.2076469135561722,-1.7531738520989246,0,3,0,3,0.582631521207891,labor_stress,-1.6990592206525348,-2.849113157605228,high,broad_and_confirmed,True,0.9961059791893466,0,slowdown,0.7504471933625709,0.7504471933625709,0,0,4,,4,0,0.0134933485141597,0.0005424421379182,0.0089296744263892,0.0015935742413384,0.9767034459552364,0.9976995534306852,0.0008735311042144,0.0001644301900581,7.0,0,4.0,0,5.0,0,7.0,0,0.0,1,2019-11-01,2019-10-01,2019-10-01,2019-09-01,2019-10-01,2019-11-30,2019-11-23,slowdown,official,0,unchanged
2019-12-13,0,2019-12-13,slowdown,slowdown,official,-0.3667237128991298,-1.9015807684872748,0,3,0,3,0.6784632835658269,labor_stress,-2.4271446731889514,-3.864959965913758,high,broad_and_confirmed,False,0.8426042660393912,0,slowdown,0.8848560198451892,0.8848560198451892,0,0,4,,4,0,0.0086884771463888,0.0004632216561575,0.0041909384976688,0.0010091118632003,0.6704612395653587,0.9205659662600166,0.3166593447905835,0.0779617002206254,8.0,0,5.0,0,6.0,0,3.0,0,0.0,1,2019-11-01,2019-10-01,2019-10-01,2019-09-01,2019-11-01,2019-12-07,2019-11-30,slowdown,official,0,unchanged
2019-12-20,0,2019-12-20,slowdown,slowdown,official,-0.3774096455865717,-1.3795307997763335,0,2,0,2,0.7537528886549831,labor_stress,-2.7384034064854585,-4.433064904209655,high,broad_and_confirmed,False,0.7654077651168973,0,slowdown,0.8938848894121133,0.8938848894121133,0,0,4,,4,0,0.0323579648269254,0.0022751352059363,0.0152799698677834,0.003986034771672,0.6023534133805283,0.8795732975696445,0.3500086519247627,0.1141655324527471,4.0,0,6.0,0,3.0,0,4.0,0,0.0,1,2019-11-01,2019-11-01,2019-11-01,2019-10-01,2019-11-01,2019-12-14,2019-12-07,slowdown,official,0,unchanged
2019-12-27,0,2019-12-27,contraction,slowdown,official,-0.4861352458379291,-1.3804304256499038,0,2,0,2,0.7857822842757632,labor_stress,-3.282190864944998,-5.450976068284524,high,broad_and_confirmed,False,0.2633443518462029,0,slowdown,0.9857504562248904,0.9857504562248904,0,0,4,,4,0,0.0222494286477354,0.0026372923030196,0.0084641929196749,0.002852536244782,0.3344378807411652,0.6289272616492005,0.6348484976914243,0.3655829098029976,5.0,0,7.0,0,4.0,0,5.0,0,0.0,1,2019-11-01,2019-11-01,2019-11-01,2019-10-01,2019-11-01,2019-12-21,2019-12-14,slowdown,official,0,unchanged
2020-01-03,0,2020-01-03,contraction,slowdown,official,-0.5849321411994544,-1.3804763672823488,0,2,0,2,0.8170775230915301,labor_stress,-3.9973637868349456,-6.915627555362775,high,broad_and_confirmed,False,0.3609462014496158,1,contraction,1.0,1.0,0,0,4,,4,0,0.0208215360213925,0.0036934455673322,0.006508447028508,0.0014623189332229,0.2571925616065331,0.3169490170249144,0.7154774553435662,0.6778952184745303,6.0,0,8.0,0,5.0,0,6.0,0,0.0,1,2019-11-01,2019-11-01,2019-11-01,2019-10-01,2019-11-01,2019-12-28,2019-12-21,slowdown,official,0,unchanged
2020-01-10,0,2020-01-10,contraction,slowdown,official,-0.501573312330076,-1.407447511222453,0,2,0,2,0.7920100261157238,labor_stress,-3.342329916166784,-4.473794020754865,high,broad_and_confirmed,False,0.6036911342093962,2,contraction,0.998794548191416,0.998794548191416,0,0,4,,4,0,0.0187955562837879,0.003999626403216,0.0069341385700719,0.0008740874976864,0.2936194817057905,0.1957175759448506,0.6806508234403496,0.7994087101542469,7.0,0,4.0,0,6.0,0,7.0,0,0.0,1,2019-12-01,2019-11-01,2019-11-01,2019-10-01,2019-11-01,2020-01-04,2019-12-28,slowdown,official,0,unchanged
2020-01-17,0,2020-01-17,slowdown,contraction,official,-0.4084675101927866,-0.6918840727822844,0,2,1,2,0.7385165732148878,labor_stress,-2.616627775180858,-1.424760912860196,high,broad_and_confirmed,False,0.4190550209920983,0,contraction,0.9156621299002304,0.9111976358801144,0,0,4,,4,0,0.1504917288713687,0.0515080981109089,0.06214838418058,0.0078040340769016,0.4207272966777531,0.2608164234100456,0.366632590270298,0.6798714444021439,4.0,0,5.0,0,7.0,0,4.0,0,0.0,1,2019-12-01,2019-11-01,2019-12-01,2019-10-01,2019-12-01,2020-01-11,2020-01-04,slowdown,official,1,blocked_raw
2020-01-24,0,2020-01-24,slowdown,contraction,official,-0.3549058527847816,-0.6611490118150316,0,2,1,2,0.7170300003097344,labor_stress,-2.3484724221174376,-1.2710856080239323,high,broad_and_confirmed,False,0.0681267837544631,1,slowdown,0.854755075394836,0.8346394004247966,0,0,4,,4,0,0.1804614027101094,0.0818715502421837,0.0828985873655542,0.0175139831894657,0.5187026558205703,0.4843706251614069,0.2179373541037661,0.4162438414069437,5.0,0,6.0,0,8.0,0,5.0,0,0.0,1,2019-12-01,2019-11-01,2019-12-01,2019-10-01,2019-12-01,2020-01-18,2020-01-11,slowdown,official,2,blocked_raw
2020-01-31,0,2020-01-31,slowdown,slowdown,official,-0.4047944663403907,-0.6179548154031232,0,1,1,1,0.7786714095173186,labor_stress,-2.5335531715401785,-2.084441006954037,high,severe_but_concentrated,False,0.8955472082895085,0,slowdown,0.0,0.8271223623837689,0,0,4,,4,0,0.2522479709164194,0.0271523718535595,0.1199042968370489,0.0386500851775531,0.6278467936494304,0.9341972934670616,9.385971010843512e-07,2.4950182573191493e-07,6.0,0,7.0,0,4.0,0,6.0,0,0.0,1,2019-12-01,2019-12-01,2019-12-01,2019-11-01,2019-12-01,2020-01-25,2020-01-18,slowdown,official,0,unchanged
2020-02-07,0,2020-02-07,slowdown,slowdown,official,-0.3273794426002389,-0.0732679552654109,0,1,1,1,0.7530626884237533,labor_stress,-2.1222537744380827,0.6806692017985545,none,absent,False,0.6889514976810018,0,slowdown,0.0,0.1958744875312328,0,0,4,,4,0,0.2560723404281086,0.0362047726193733,0.3238708605299714,0.1374216974644795,0.4200558462146067,0.8263731951454814,9.528273132208692e-07,3.347706657359079e-07,7.0,0,4.0,0,5.0,0,7.0,0,0.0,1,2020-01-01,2019-12-01,2019-12-01,2019-11-01,2019-12-01,2020-02-01,2020-01-25,slowdown,official,0,unchanged
2020-02-14,0,2020-02-14,slowdown,slowdown,official,-0.3821223302086939,-0.4103857555692546,0,1,0,1,0.7011374876583605,labor_stress,-2.0410614466809025,1.6586430750326888,watch,preliminary,False,0.85332218180367,0,slowdown,0.0,0.5562019358213652,0,0,4,,4,0,0.2399956889483608,0.0224701902510944,0.1864366105277409,0.0621036787679911,0.5735667405411424,0.9154258605716612,9.599827557934434e-07,2.704092531679919e-07,4.0,0,5.0,0,6.0,0,4.0,0,0.0,1,2020-01-01,2019-12-01,2020-01-01,2019-11-01,2020-01-01,2020-02-08,2020-02-01,slowdown,official,0,unchanged
2020-02-21,0,2020-02-21,slowdown,slowdown,official,-0.3094496350445261,0.0090825782070951,0,1,0,1,0.6584568823140433,labor_stress,-1.6786710134350007,3.938105137705561,none,absent,False,0.6065395277320289,0,slowdown,0.0,0.146252410474472,0,0,4,,4,0,0.2432382752092362,0.0352614749602331,0.3691024761616532,0.1790993231603883,0.3876582756760096,0.7856388508924173,9.729531008369447e-07,3.509869612105688e-07,5.0,0,6.0,0,7.0,0,5.0,0,0.0,1,2020-01-01,2019-12-01,2020-01-01,2019-11-01,2020-01-01,2020-02-15,2020-02-08,slowdown,official,0,unchanged
2020-02-28,0,2020-02-28,slowdown,contraction,official,-0.411500798214618,-0.2914907926088871,0,3,0,3,0.6607187397116664,labor_stress,-1.8970589079923792,4.975442018260256,watch,preliminary,False,0.7543993519889234,2,slowdown,0.6566703960015458,0.4312055445377468,0,0,4,,4,0,0.2243166284588385,0.0646253234445915,0.2163606013848171,0.0904875283986234,0.5593218728898306,0.8448868803875469,8.97266513835354e-07,2.677692380364323e-07,6.0,0,7.0,0,4.0,0,6.0,0,0.0,1,2020-01-01,2020-01-01,2020-01-01,2019-12-01,2020-01-01,2020-02-22,2020-02-15,slowdown,official,1,blocked_raw
2020-03-06,0,2020-03-06,slowdown,slowdown,official,-0.4760276269660886,-0.3949394776673062,0,3,1,3,0.6897529452675393,labor_stress,-2.263920224318558,2.2921676385657936,watch,preliminary,False,0.7280090374447405,0,slowdown,0.7775715878512182,0.5973221719385864,0,0,4,,4,0,0.2376608059627364,0.0637401737663754,0.1601153826158262,0.0949234837494357,0.5395430045881768,0.8229325211941763,0.0626808068332605,0.0184038212900125,7.0,0,3.0,0,5.0,0,7.0,0,0.0,1,2020-02-01,2020-01-01,2020-01-01,2019-12-01,2020-01-01,2020-02-29,2020-02-22,slowdown,official,0,unchanged
2020-03-13,0,2020-03-13,contraction,slowdown,official,-0.5259807101712378,-0.8757793201345512,0,3,1,3,0.7115815754188464,labor_stress,-2.51460869593784,-0.1222836312019117,high,broad_and_confirmed,False,0.3748904157518727,0,slowdown,0.9950735786117983,0.9950735786117983,0,0,4,,4,0,0.0747775486555754,0.0232960803417543,0.0244470542996235,0.0172052860578569,0.2823966172033129,0.6671945246761307,0.618378779841488,0.292304108924258,8.0,0,4.0,0,6.0,0,8.0,0,0.0,1,2020-02-01,2020-01-01,2020-01-01,2019-12-01,2020-01-01,2020-03-07,2020-02-29,slowdown,official,0,unchanged
2020-03-20,0,2020-03-20,contraction,slowdown,official,-0.8140557135550811,-1.3750934812296345,1,3,1,3,0.7920597902047334,labor_stress,-4.584000828277443,-6.141602547839368,high,broad_and_confirmed,False,0.5558486074689178,1,contraction,1.0,1.0,0,0,4,,4,0,0.0234020295011046,0.0053405726397377,0.0043150161481406,0.001090795112322,0.1791480395686364,0.2188600123895111,0.7931349147821183,0.774708619858429,4.0,0,5.0,0,7.0,0,4.0,0,0.0,1,2020-02-01,2020-01-01,2020-02-01,2019-12-01,2020-02-01,2020-03-14,2020-03-07,slowdown,official,0,unchanged
2020-03-27,0,2020-03-27,contraction,slowdown,official,-0.7408580411935687,-0.9268497611861216,0,2,2,2,0.9729878927353544,labor_stress,-43.51774346959013,-113.2103303100523,high,broad_and_confirmed,False,0.591131354327094,2,contraction,1.0,1.0,0,0,4,,4,0,0.0768670134101087,0.0218430115943514,0.0153242429085635,0.0034300791673938,0.189409089175475,0.1917977774555803,0.7183996545058527,0.7829291317826743,5.0,0,6.0,0,3.0,0,5.0,0,0.0,1,2020-02-01,2020-02-01,2020-02-01,2020-01-01,2020-02-01,2020-03-21,2020-03-14,slowdown,official,0,unchanged
2020-04-03,0,2020-04-03,contraction,contraction,official,-0.8063514969138813,-1.80944419446324,0,3,1,3,0.9790312757012144,labor_stress,-41.11869132590128,-108.43793411478242,high,broad_and_confirmed,False,0.861513415857319,0,contraction,1.0,1.0,0,0,4,,4,0,0.0082794321623184,0.0017080611698228,0.0015501771862839,0.0001068781593316,0.1958490874181028,0.0683358224067632,0.7943213032332948,0.9298492382640822,6.0,0,3.0,0,4.0,0,6.0,0,0.0,1,2020-03-01,2020-02-01,2020-02-01,2020-01-01,2020-02-01,2020-03-28,2020-03-21,contraction,official,0,accepted
2020-04-10,0,2020-04-10,contraction,contraction,official,-0.8059183784412921,-1.80943189405039,0,3,1,3,0.978553154138577,labor_stress,-40.2811950047839,-107.49130009262528,high,broad_and_confirmed,False,0.8848244562708052,0,contraction,1.0,1.0,0,0,4,,4,0,0.0082782828256556,0.0017256337131,0.0015512971946802,9.102590592699574e-05,0.1959844124628845,0.0566794420550839,0.7941860075167794,0.9415038983258892,7.0,0,4.0,0,5.0,0,7.0,0,0.0,1,2020-03-01,2020-02-01,2020-02-01,2020-01-01,2020-02-01,2020-04-04,2020-03-28,contraction,official,0,unchanged
2020-04-17,0,2020-04-17,contraction,contraction,official,-2.188152215407468,-2.866610640675714,2,3,1,3,0.816386785028114,labor_stress,-42.01939324492842,-112.76339401399122,high,broad_and_confirmed,False,0.9950713125363012,0,contraction,1.0,1.0,0,0,4,,4,0,0.0005953684474499,0.0001046250650631,7.146741940387353e-06,2.702684342199364e-07,0.013551213774863,0.0024118960651006,0.9858462710357466,0.997483208601402,4.0,0,5.0,0,6.0,0,4.0,0,0.0,1,2020-03-01,2020-02-01,2020-03-01,2020-01-01,2020-03-01,2020-04-11,2020-04-04,contraction,official,0,unchanged
2020-04-24,0,2020-04-24,contraction,contraction,official,-2.1770293864069776,-2.866610640675714,2,3,1,3,0.8067573665654255,labor_stress,-38.99260202264695,-103.5386667018826,high,broad_and_confirmed,False,0.9949636998222604,0,contraction,1.0,1.0,0,0,4,,4,0,0.0005951880130872,0.0001046194246434,7.304323630727079e-06,2.7629752989233146e-07,0.013850010511979,0.0024657022277831,0.985547497151303,0.9974294020500436,5.0,0,6.0,0,7.0,0,5.0,0,0.0,1,2020-03-01,2020-02-01,2020-03-01,2020-01-01,2020-03-01,2020-04-18,2020-04-11,contraction,official,0,unchanged
2020-05-01,0,2020-05-01,contraction,contraction,official,-2.6064907434049687,-3.7547000000000006,3,4,0,4,0.7553343659516766,labor_stress,-33.52773289604388,-87.02592120090605,high,broad_and_confirmed,False,0.9979116983855004,0,contraction,1.0,1.0,0,0,4,,4,0,5.386794330037872e-05,9.396748934394932e-06,8.160569881867909e-07,3.044671104911354e-08,0.0059256492934884,0.0010394372094271,0.994019666706223,0.9989511355949274,6.0,0,7.0,0,4.0,0,6.0,0,0.0,1,2020-03-01,2020-03-01,2020-03-01,2020-02-01,2020-03-01,2020-04-25,2020-04-18,contraction,official,0,unchanged
2020-05-08,0,2020-05-08,contraction,contraction,official,-3.369228793821383,-3.7547000000000006,4,4,0,4,0.6077785966831322,labor_stress,-28.93395603304592,-73.29860670294732,high,broad_and_confirmed,True,0.9995626718333998,0,contraction,1.0,1.0,0,0,4,,4,0,5.100003744275451e-05,8.861642088381955e-06,7.692420096309339e-07,2.8485525043943625e-08,0.0012314634297738,0.0002142190194934,0.9987167672907736,0.9997768908528932,7.0,0,4.0,0,5.0,0,7.0,0,0.0,1,2020-04-01,2020-03-01,2020-03-01,2020-02-01,2020-03-01,2020-05-02,2020-04-25,contraction,official,0,unchanged
2020-05-15,0,2020-05-15,contraction,contraction,official,-3.409232824541814,-3.7547000000000006,4,4,0,4,0.4500593942660055,labor_stress,-25.17573804787779,-57.43962752608584,high,broad_and_confirmed,True,0.9995954540307368,0,contraction,1.0,1.0,0,0,4,,4,0,5.100483934755409e-05,8.861781922864548e-06,7.692420059369186e-07,2.8481298378431303e-08,0.0011374245236103,0.000197827853021,0.9988108013950362,0.9997932818837576,4.0,0,5.0,0,6.0,0,4.0,0,0.0,1,2020-04-01,2020-03-01,2020-04-01,2020-02-01,2020-04-01,2020-05-09,2020-05-02,contraction,official,0,unchanged
2020-05-22,0,2020-05-22,contraction,contraction,official,-3.409232824541814,-2.2528200000000003,4,4,0,4,0.4208457447521101,labor_stress,-22.21125083400986,57.49599550945834,high,broad_and_confirmed,True,0.9989712574285984,0,contraction,1.0,1.0,0,0,4,,4,0,0.0023865272076137,0.0004154471741724,2.7177264887522447e-06,1.0081897649690201e-07,0.0011347656892804,0.0001977474040801,0.9964759893766172,0.9993867046027708,5.0,0,6.0,0,7.0,0,5.0,0,0.0,1,2020-04-01,2020-03-01,2020-04-01,2020-02-01,2020-04-01,2020-05-16,2020-05-09,contraction,official,0,unchanged
2020-05-29,0,2020-05-29,contraction,contraction,official,-3.7763,-2.2528200000000003,4,4,0,4,0.3397938454428816,labor_stress,-19.64861094451806,59.73631348938504,high,broad_and_confirmed,True,0.9990718108502452,0,contraction,1.0,1.0,0,0,4,,4,0,0.0023879341451303,0.000416432155904,1.3107889721619877e-06,4.866922367367572e-08,0.0005473098038572,9.527616872288592e-05,0.9970634452620404,0.9994882430061494,6.0,0,7.0,0,4.0,0,6.0,0,0.0,1,2020-04-01,2020-04-01,2020-04-01,2020-03-01,2020-04-01,2020-05-23,2020-05-16,contraction,official,0,unchanged
2020-06-05,0,2020-06-05,contraction,contraction,official,-3.7763,-2.2528200000000003,4,4,0,4,0.3349475757412274,labor_stress,-17.528751241763725,63.05007911780807,high,broad_and_confirmed,True,0.9990718064607456,0,contraction,1.0,1.0,0,0,4,,4,0,0.0023879341451303,0.0004164343484793,1.3107889721619877e-06,4.866943151741008e-08,0.0005473098038572,9.527617286416786e-05,0.9970634452620404,0.9994882408092248,7.0,0,4.0,0,5.0,0,7.0,0,0.0,1,2020-05-01,2020-04-01,2020-04-01,2020-03-01,2020-04-01,2020-05-30,2020-05-23,contraction,official,0,unchanged
2020-06-12,0,2020-06-12,contraction,contraction,official,-3.7763,-2.2528200000000003,4,4,0,4,0.3129899456541263,labor_stress,-15.795598356162635,72.79561802232897,high,broad_and_confirmed,True,0.9990718064505504,0,contraction,1.0,1.0,0,0,4,,4,0,0.0023879341451303,0.0004164343535716,1.3107889721619877e-06,4.866943200030861e-08,0.0005473098038572,9.527617287421952e-05,0.9970634452620404,0.999488240804122,8.0,0,5.0,0,6.0,0,8.0,0,0.0,1,2020-05-01,2020-04-01,2020-04-01,2020-03-01,2020-04-01,2020-06-06,2020-05-30,contraction,official,0,unchanged
2020-06-19,0,2020-06-19,contraction,contraction,official,-3.700546336083757,-0.7509400000000002,4,3,1,4,0.393022635495875,labor_stress,-14.247337301769628,68.67271761466661,high,broad_and_confirmed,True,0.9503898756047172,0,contraction,1.0,1.0,0,0,4,,4,0,0.1135137832632468,0.0247494450670721,6.738402142887426e-05,3.0559217632307065e-06,0.0005652996457314,0.0001081783393751,0.8858535330695929,0.9751393206717894,4.0,0,6.0,0,7.0,0,4.0,0,0.0,1,2020-05-01,2020-04-01,2020-05-01,2020-03-01,2020-05-01,2020-06-13,2020-06-06,contraction,official,0,unchanged
2020-06-26,0,2020-06-26,contraction,contraction,official,-3.7763,-2.2528200000000003,4,4,0,4,0.3368922328453286,labor_stress,-13.153219901194358,56.684260567641054,high,broad_and_confirmed,True,0.9990718064505268,0,contraction,1.0,1.0,0,0,4,,4,0,0.0023879341451303,0.0004164343535835,1.3107889721619877e-06,4.866943200143285e-08,0.0005473098038572,9.527617287424316e-05,0.9970634452620404,0.9994882408041104,5.0,0,7.0,0,4.0,0,5.0,0,0.0,1,2020-05-01,2020-05-01,2020-05-01,2020-04-01,2020-05-01,2020-06-20,2020-06-13,contraction,official,0,unchanged
2020-07-03,0,2020-07-03,contraction,contraction,official,-3.52818313001688,-0.75094,4,3,1,4,0.3380613270390626,labor_stress,-12.204903849035626,46.44914519195094,high,broad_and_confirmed,True,0.9503561547033108,0,contraction,1.0,1.0,0,0,4,,4,0,0.1134844383919623,0.0247435581919344,9.489962572036188e-05,4.3049363472597535e-06,0.0007961342119717,0.000152423976473,0.8856245277703456,0.9750997128952452,6.0,0,3.0,0,5.0,0,6.0,0,0.0,1,2020-06-01,2020-05-01,2020-05-01,2020-04-01,2020-05-01,2020-06-27,2020-06-20,contraction,official,0,unchanged
2020-07-10,0,2020-07-10,contraction,contraction,official,-3.52818313001688,-0.75094,4,3,1,4,0.3233571064825787,labor_stress,-11.4092243499459,38.01059402632002,high,broad_and_confirmed,True,0.9503465182147404,0,contraction,1.0,1.0,0,0,4,,4,0,0.1134844383919623,0.0247483763442824,9.489962572036188e-05,4.305627687501135e-06,0.0007961342119717,0.0001524234690071,0.8856245277703456,0.9750948945590228,7.0,0,4.0,0,6.0,0,7.0,0,0.0,1,2020-06-01,2020-05-01,2020-05-01,2020-04-01,2020-05-01,2020-07-04,2020-06-27,contraction,official,0,unchanged
2020-07-17,0,2020-07-17,recovery,recovery,official,-3.469283230526309,2.2528200000000003,4,1,3,4,0.3601097154046792,labor_stress,-10.685342718879475,31.793631745981312,none,absent,True,0.6501754623940581,0,recovery,0.15,0.15,0,0,4,,4,0,0.7095751314761491,0.8250331255676173,0.2894552020526462,0.1748576631735592,0.0009687968697908,0.0001090332688179,8.696014137298016e-07,1.7799000551819134e-07,4.0,0,5.0,0,7.0,0,4.0,0,0.0,1,2020-06-01,2020-05-01,2020-06-01,2020-04-01,2020-06-01,2020-07-11,2020-07-04,recovery,official,0,accepted
2020-07-24,0,2020-07-24,recovery,recovery,official,-3.4689577040544366,2.2528200000000003,4,1,3,4,0.3487227838247941,labor_stress,-10.124527368563898,26.25800461527056,none,absent,True,0.8160988847354969,0,recovery,0.15,0.15,0,0,4,,4,0,0.7854504087237835,0.9080198805144,0.2138330435561373,0.0919209957789029,0.0007156920372685,5.895061343956103e-05,8.556828107122616e-07,1.730932576301903e-07,5.0,0,6.0,0,8.0,0,5.0,0,0.0,1,2020-06-01,2020-05-01,2020-06-01,2020-04-01,2020-06-01,2020-07-18,2020-07-11,recovery,official,0,unchanged
2020-07-31,0,2020-07-31,recovery,recovery,official,-3.1258805673833905,3.7547000000000006,4,0,4,4,0.4504284055960996,labor_stress,-9.714792879697674,21.555537702238038,none,absent,True,0.9221677943238764,0,recovery,0.15,0.15,0,0,4,,4,0,0.8653735954582336,0.9610835621903514,0.1346166676848604,0.0389157678664751,8.93655930524462e-06,5.151351866996122e-07,8.002976007504991e-07,1.548079868174278e-07,6.0,0,7.0,0,4.0,0,6.0,0,0.0,1,2020-06-01,2020-06-01,2020-06-01,2020-05-01,2020-06-01,2020-07-25,2020-07-18,recovery,official,0,unchanged
2020-08-07,0,2020-08-07,recovery,recovery,official,-3.002893566341493,3.7547000000000006,4,0,4,4,0.4517807721023448,labor_stress,-9.261236895128334,18.019812996888845,none,absent,True,0.9698290564764516,0,recovery,0.15,0.15,0,0,4,,4,0,0.9328276208571156,0.9849143533484236,0.0671671355054139,0.015085296871972,4.458906167642709e-06,2.057453448950843e-07,7.847313027632089e-07,1.4403425931737757e-07,7.0,0,4.0,0,5.0,0,7.0,0,0.0,1,2020-07-01,2020-06-01,2020-06-01,2020-05-01,2020-06-01,2020-08-01,2020-07-25,recovery,official,0,unchanged
2020-08-14,0,2020-08-14,recovery,recovery,official,-2.68584306108794,3.7547000000000006,4,0,4,4,0.4744953747404548,labor_stress,-8.715934066099425,15.272538902666051,none,absent,True,0.9986073926576126,0,recovery,0.15,0.15,0,0,4,,4,0,0.9963216054388924,0.999303613973913,0.0036768544044405,0.0006962213163003,7.700783334462836e-07,3.0569501159883654e-08,7.700783334462836e-07,1.341402855622325e-07,4.0,0,5.0,0,6.0,0,4.0,0,0.0,1,2020-07-01,2020-06-01,2020-07-01,2020-05-01,2020-07-01,2020-08-08,2020-08-01,recovery,official,0,unchanged
2020-08-21,0,2020-08-21,recovery,recovery,official,-2.679536789527005,3.7547000000000006,4,0,4,4,0.461094455271228,labor_stress,-8.232178781019794,13.43423815876836,none,absent,True,0.9986984273283904,0,recovery,0.15,0.15,0,0,4,,4,0,0.9962753900431524,0.999349132308646,0.0037230697788445,0.0006507049802557,7.700890015842905e-07,2.8635794388514964e-08,7.700890015842905e-07,1.3407530380055842e-07,5.0,0,6.0,0,7.0,0,5.0,0,0.0,1,2020-07-01,2020-06-01,2020-07-01,2020-05-01,2020-07-01,2020-08-15,2020-08-08,recovery,official,0,unchanged
2020-08-28,0,2020-08-28,recovery,recovery,official,-2.092991934900438,3.7547000000000006,3,0,4,3,0.5055903384484106,labor_stress,-7.63078413670365,12.38982794949075,none,absent,True,0.9957965799406052,0,recovery,0.15,0.15,0,0,4,,4,0,0.9881470004949816,0.9978982074913246,0.0118514407790159,0.0021016275507194,7.867606975847119e-07,2.9639681169866254e-08,7.719653048435455e-07,1.353182747264796e-07,6.0,0,7.0,0,4.0,0,6.0,0,0.0,1,2020-07-01,2020-07-01,2020-07-01,2020-06-01,2020-07-01,2020-08-22,2020-08-15,recovery,official,0,unchanged
2020-09-04,0,2020-09-04,recovery,recovery,official,-2.0064349202358533,3.7547000000000006,3,0,4,3,0.5023527403253477,labor_stress,-7.095715874721136,11.672580173710722,none,absent,True,0.9949988944106866,0,recovery,0.15,0.15,0,0,4,,4,0,0.9859527129759076,0.9974993617518854,0.0140455821331239,0.0025004673411987,9.32419290033152e-07,3.525074736646972e-08,7.724716783800352e-07,1.3565616861431581e-07,7.0,0,3.0,0,5.0,0,7.0,0,0.0,1,2020-08-01,2020-07-01,2020-07-01,2020-06-01,2020-07-01,2020-08-29,2020-08-22,recovery,official,0,unchanged
2020-09-11,0,2020-09-11,recovery,recovery,official,-2.001251470263853,3.7547000000000006,3,0,4,3,0.4912084958685772,labor_stress,-6.761310018833201,10.541465301627344,none,absent,True,0.9949463931164172,0,recovery,0.15,0.15,0,0,4,,4,0,0.9858092788554425,0.997473110909198,0.0141890066992154,0.002526717792781,9.419405637561556e-07,3.5619711990811424e-08,7.725047785285809e-07,1.3567830906542992e-07,8.0,0,4.0,0,6.0,0,8.0,0,0.0,1,2020-08-01,2020-07-01,2020-07-01,2020-06-01,2020-07-01,2020-09-05,2020-08-29,recovery,official,0,unchanged
2020-09-18,0,2020-09-18,recovery,recovery,official,-1.9168636198801827,3.7547000000000006,3,0,4,3,0.496924361208152,labor_stress,-6.335243793426599,10.089995217740125,none,absent,True,0.9940097794286792,0,recovery,0.15,0.15,0,0,4,,4,0,0.9832606789014872,0.9970048005782908,0.0167374368868922,0.0029950211496117,1.1111187041686298e-06,4.2199803095017285e-08,7.730929163913557e-07,1.360722941189943e-07,4.0,0,5.0,0,7.0,0,4.0,0,0.0,1,2020-08-01,2020-07-01,2020-08-01,2020-06-01,2020-08-01,2020-09-12,2020-09-05,recovery,official,0,unchanged
2020-09-25,0,2020-09-25,recovery,recovery,official,-1.9145047773952577,3.7547000000000006,3,0,4,3,0.4835942703325879,labor_stress,-5.997992160916429,9.852834521114628,none,absent,True,0.9939816867669116,0,recovery,0.15,0.15,0,0,4,,4,0,0.983183321406908,0.996990754142498,0.0168147892285661,0.0030090673755863,1.116253757655373e-06,4.23976868224208e-08,7.731107681030223e-07,1.3608422878777973e-07,5.0,0,6.0,0,8.0,0,5.0,0,0.0,1,2020-08-01,2020-07-01,2020-08-01,2020-06-01,2020-08-01,2020-09-19,2020-09-12,recovery,official,0,unchanged
2020-10-02,0,2020-10-02,recovery,recovery,official,-1.624464893795065,3.7547000000000006,3,0,4,3,0.4843128051986994,labor_stress,-5.760516434676771,9.20898395737789,none,absent,True,0.9876039492602628,0,recovery,0.15,0.15,0,0,4,,4,0,0.966433581875658,0.9938018609367284,0.0335635253028627,0.0061979116764658,2.072672149814666e-06,8.09720469128321e-08,8.201493296345334e-07,1.4641475865339396e-07,6.0,0,3.0,0,4.0,0,6.0,0,0.0,1,2020-09-01,2020-08-01,2020-08-01,2020-07-01,2020-08-01,2020-09-26,2020-09-19,recovery,official,0,unchanged
2020-10-09,0,2020-10-09,recovery,recovery,official,-1.6227971610520044,3.7547000000000006,3,0,4,3,0.4718303976585893,labor_stress,-5.477830925828928,8.441264259715615,none,absent,True,0.9875610614557658,0,recovery,0.15,0.15,0,0,4,,4,0,0.9663258617052092,0.993780416887847,0.0336712388093326,0.0062193554320811,2.079323858269143e-06,8.124979000144208e-08,8.201616000638921e-07,1.4643028177894625e-07,7.0,0,4.0,0,5.0,0,7.0,0,0.0,1,2020-09-01,2020-08-01,2020-08-01,2020-07-01,2020-08-01,2020-10-03,2020-09-26,recovery,official,0,unchanged
2020-10-16,0,2020-10-16,recovery,recovery,official,-1.5352235030116237,3.1390432025072585,3,0,4,3,0.4510488151887187,labor_stress,-5.250051852012166,7.750958930479393,none,absent,True,0.9851136784429946,0,recovery,0.15,0.15,0,0,4,,4,0,0.960167890183934,0.9925565304326728,0.0398193817159962,0.0074428519896781,1.190723635452615e-05,4.702564459665392e-07,8.208637151526901e-07,1.4732120302199066e-07,4.0,0,5.0,0,6.0,0,4.0,0,0.0,1,2020-09-01,2020-08-01,2020-09-01,2020-07-01,2020-09-01,2020-10-10,2020-10-03,recovery,official,0,unchanged
2020-10-23,0,2020-10-23,recovery,recovery,official,-1.5347654191372633,3.1390432025072585,3,0,4,3,0.4206704666214823,labor_stress,-4.638039278894587,7.794848196627277,none,absent,True,0.9850993425928056,0,recovery,0.15,0.15,0,0,4,,4,0,0.9601330459458416,0.9925493622811742,0.0398542155337217,0.0074500196883685,1.1917652751841057e-05,4.707041954755121e-07,8.208676848444662e-07,1.473262618575966e-07,5.0,0,6.0,0,7.0,0,5.0,0,0.0,1,2020-09-01,2020-08-01,2020-09-01,2020-07-01,2020-09-01,2020-10-17,2020-10-10,recovery,official,0,unchanged
2020-10-30,0,2020-10-30,recovery,recovery,official,-1.284852202649324,3.1390432025072585,3,0,4,3,0.4495631535810651,labor_stress,-4.191336989915289,7.571918303605159,none,absent,True,0.974961397275437,0,recovery,0.15,0.15,0,0,4,,4,0,0.93611695554373,0.9874802296843148,0.0638631237878008,0.0125188324088779,1.909706470842126e-05,7.870408677482434e-07,8.236037606429262e-07,1.5086593935531204e-07,6.0,0,7.0,0,4.0,0,6.0,0,0.0,1,2020-09-01,2020-09-01,2020-09-01,2020-08-01,2020-09-01,2020-10-24,2020-10-17,recovery,official,0,unchanged
2020-11-06,0,2020-11-06,recovery,recovery,official,-1.2458925534573275,3.1390432025072585,3,0,4,3,0.4394038229665626,labor_stress,-3.86969390705562,7.565328636833454,none,absent,True,0.9728275797243132,0,recovery,0.15,0.15,0,0,4,,4,0,0.9313256197053944,0.9864132874275828,0.0686530267499821,0.0135857077032694,2.052939500156153e-05,8.532842990683138e-07,8.241496220970628e-07,1.515848487859945e-07,7.0,0,4.0,0,5.0,0,7.0,0,0.0,1,2020-10-01,2020-09-01,2020-09-01,2020-08-01,2020-09-01,2020-10-31,2020-10-24,recovery,official,0,unchanged
2020-11-13,0,2020-11-13,recovery,recovery,official,-1.1826211243898137,3.1390432025072585,3,0,4,3,0.414015800567618,labor_stress,-3.476466016334191,7.470288618343406,none,absent,True,0.9692330280887124,0,recovery,0.15,0.15,0,0,4,,4,0,0.9228308321177914,0.9846159545460944,0.0771452739231821,0.0153829264573819,2.3068841620636657e-05,9.661154244241174e-07,8.251174058762851e-07,1.528810992931612e-07,8.0,0,5.0,0,6.0,0,8.0,0,0.0,1,2020-10-01,2020-09-01,2020-09-01,2020-08-01,2020-09-01,2020-11-07,2020-10-31,recovery,official,0,unchanged
2020-11-20,0,2020-11-20,recovery,recovery,official,-0.9999644767471196,2.7883986578786413,3,0,4,3,0.4224695695040848,labor_stress,-3.187981342760628,7.344746602114993,none,absent,True,0.9545929337273916,0,recovery,0.15,0.15,0,0,4,,4,0,0.892628851303808,0.9772946477327294,0.1072915337825513,0.0227017140053379,7.878635216308044e-05,3.4806875213073115e-06,8.28561477598651e-07,1.5757441124023275e-07,4.0,0,6.0,0,7.0,0,4.0,0,0.0,1,2020-10-01,2020-09-01,2020-10-01,2020-08-01,2020-10-01,2020-11-14,2020-11-07,recovery,official,0,unchanged
2020-11-27,0,2020-11-27,recovery,recovery,official,-0.7957469971477599,2.8365613083705083,2,0,4,2,0.4481872450738112,labor_stress,-2.99248708856188,7.25980870301441,none,absent,True,0.9283380429021594,0,recovery,0.15,0.15,0,0,4,,4,0,0.8470913491247608,0.9641665373210332,0.1528086330607051,0.0358284944188737,9.918406464218014e-05,4.803334236545147e-06,8.337498918451692e-07,1.6492585662877861e-07,5.0,0,7.0,0,4.0,0,5.0,0,0.0,1,2020-10-01,2020-10-01,2020-10-01,2020-09-01,2020-10-01,2020-11-21,2020-11-14,recovery,official,0,unchanged
2020-12-04,0,2020-12-04,recovery,recovery,official,-0.7276927016471462,2.8365613083705083,2,0,4,2,0.4329466195097744,labor_stress,-2.743408057059468,6.917055016703592,none,absent,True,0.9165619361991236,0,recovery,0.15,0.15,0,0,4,,4,0,0.8287326203260524,0.9582780982404544,0.1711554513302227,0.0417161620413306,0.0001110925018343,5.57171524647744e-06,8.358418905882351e-07,1.680029685469479e-07,6.0,0,3.0,0,5.0,0,6.0,0,0.0,1,2020-11-01,2020-10-01,2020-10-01,2020-09-01,2020-10-01,2020-11-28,2020-11-21,recovery,official,0,unchanged
2020-12-11,0,2020-12-11,recovery,recovery,official,-0.7199625229497781,2.8365613083705083,2,0,4,2,0.4310506259632591,labor_stress,-2.7147334190555124,6.1532965704049065,none,absent,True,0.913550546791982,0,recovery,0.15,0.15,0,0,4,,4,0,0.826540320469858,0.9567723128686872,0.1733463288955972,0.0432217660767052,0.0001125145428389,5.75278889615494e-06,8.360917057357798e-07,1.6826571131883682e-07,7.0,0,4.0,0,6.0,0,7.0,0,0.0,1,2020-11-01,2020-10-01,2020-10-01,2020-09-01,2020-10-01,2020-12-05,2020-11-28,recovery,official,0,unchanged
2020-12-18,0,2020-12-18,recovery,recovery,official,-0.7392962893717934,2.318555515471614,2,1,3,3,0.4770171173510677,labor_stress,-2.6979085639918723,5.089223813060827,none,absent,True,0.9238780128562784,0,recovery,0.15,0.15,0,0,4,,4,0,0.8415605228465367,0.961927845630112,0.1579918034037256,0.0380498327738336,0.0004468283540981,2.215362344558806e-05,8.453956396021477e-07,1.6797260873819586e-07,4.0,0,5.0,0,7.0,0,4.0,0,0.0,1,2020-11-01,2020-10-01,2020-11-01,2020-09-01,2020-11-01,2020-12-12,2020-12-05,recovery,official,0,unchanged
2020-12-25,0,2020-12-25,recovery,recovery,official,-0.8081514112190131,1.6425155996839362,3,2,2,4,0.4072626849610583,labor_stress,-2.5872680548918483,4.217952917400303,none,absent,True,0.9303507482942116,0,recovery,0.5742654647052989,0.1492654647052989,0,0,4,,4,0,0.8493435666506699,0.9651137544189096,0.1481224044235907,0.0347630061246977,0.0025331400409812,0.0001230638948568,8.888847580685047e-07,1.7556153583787118e-07,5.0,0,6.0,0,3.0,0,5.0,0,0.0,1,2020-11-01,2020-11-01,2020-11-01,2020-10-01,2020-11-01,2020-12-19,2020-12-12,recovery,official,0,unchanged
2021-01-01,0,2021-01-01,recovery,recovery,official,-0.8008619175976612,1.5703545426683756,3,2,2,4,0.4062636253872511,labor_stress,-2.5661139249808835,3.3938947149221974,none,absent,True,0.928767848517521,0,recovery,0.5730450341335125,0.1480450341335125,0,0,4,,4,0,0.8470386489180929,0.9643082488479026,0.1498767922037668,0.0355404003303814,0.0030836697645493,0.0001511748705243,8.891135910582382e-07,1.759511915287062e-07,6.0,0,7.0,0,4.0,0,6.0,0,0.0,1,2020-11-01,2020-11-01,2020-11-01,2020-10-01,2020-11-01,2020-12-26,2020-12-19,recovery,official,0,unchanged
2021-01-08,0,2021-01-08,recovery,recovery,official,-0.7566399616355871,1.131579884434806,3,2,2,4,0.3902731532576322,labor_stress,-2.382131866354702,2.856354110091335,none,absent,True,0.9216569905849396,0,recovery,0.5624306845973867,0.1374306845973866,0,0,4,,4,0,0.8295740513076838,0.9605725647787566,0.1602757931595184,0.038915574193817,0.0101492650628165,0.0005116817430578,8.904699813077795e-07,1.792843684762217e-07,7.0,0,4.0,0,5.0,0,7.0,0,0.0,1,2020-12-01,2020-11-01,2020-11-01,2020-10-01,2020-11-01,2021-01-02,2020-12-26,recovery,official,0,unchanged
2021-01-15,0,2021-01-15,recovery,recovery,official,-0.7109427442753868,0.7878876825965969,2,2,2,3,0.454058778965534,labor_stress,-2.36401855289114,2.157716820912385,none,absent,True,0.9111236708762396,0,recovery,0.5613856857437196,0.1363856857437196,0,0,4,,4,0,0.8039246328126424,0.9548628091974886,0.1700918395672417,0.043739138321249,0.0259826358697817,0.001397868155769,8.917503340736975e-07,1.8432549319192921e-07,4.0,0,5.0,0,6.0,0,4.0,0,0.0,1,2020-12-01,2020-11-01,2020-12-01,2020-10-01,2020-12-01,2021-01-09,2021-01-02,recovery,official,0,unchanged
2021-01-22,0,2021-01-22,recovery,recovery,official,-0.6981922901538737,0.7089845850267098,2,2,2,3,0.4475234191225569,labor_stress,-2.3248024505232023,1.7632013330629492,none,absent,True,0.8980852014326012,0,recovery,0.5591232182994155,0.1341232182994155,0,0,4,,4,0,0.7774700495675209,0.9480578660488012,0.1874748750494578,0.0499726646161999,0.0350541813653367,0.0019692795215095,8.940176845562906e-07,1.8981348928807493e-07,5.0,0,6.0,0,7.0,0,5.0,0,0.0,1,2020-12-01,2020-11-01,2020-12-01,2020-10-01,2020-12-01,2021-01-16,2021-01-09,recovery,official,0,unchanged
2021-01-29,0,2021-01-29,slowdown,recovery,official,-0.8166128836205384,-0.0280886992227037,2,2,2,3,0.4283933808405536,labor_stress,-2.282503091322553,1.211009624917675,none,absent,True,0.1776325474102614,2,expansion,0.5737367237527229,0.2747741622753115,0,0,4,,4,0,0.2623715732014346,0.2874080588048681,0.3299147026834333,0.4650406062151296,0.4077128115183555,0.2475510979529268,9.125967763528162e-07,2.3702707533404198e-07,6.0,0,7.0,0,4.0,0,6.0,0,0.0,1,2020-12-01,2020-12-01,2020-12-01,2020-11-01,2020-12-01,2021-01-23,2021-01-16,recovery,official,0,unchanged
2021-02-05,0,2021-02-05,slowdown,slowdown,official,-0.7787430216937475,-0.2521266837285816,2,2,2,3,0.4141824564905577,labor_stress,-2.1283613559688384,1.5460673059186756,watch,preliminary,True,0.4742711840642252,0,slowdown,0.7008669933498961,0.4289439084708206,0,0,4,,4,0,0.2587030532197084,0.1665238653659115,0.2320874181036029,0.1796023346677523,0.5092086288399817,0.6538735187319775,8.998367068511597e-07,2.812343584888824e-07,7.0,0,4.0,0,5.0,0,7.0,0,0.0,1,2021-01-01,2020-12-01,2020-12-01,2020-11-01,2020-12-01,2021-01-30,2021-01-23,slowdown,official,0,accepted
2021-02-12,0,2021-02-12,slowdown,slowdown,official,-0.7381700621749075,-0.168495683728861,2,2,2,3,0.3906727244734047,labor_stress,-1.9460426899522427,1.9493979747432768,none,absent,True,0.5203426779278701,0,slowdown,0.6395726444864708,0.3168735953218508,0,0,4,,4,0,0.2600144764231331,0.1213338137867682,0.2670587339380753,0.1791616103774631,0.4729258852406127,0.6995042883053333,9.043981788630718e-07,2.875304353169923e-07,8.0,0,5.0,0,6.0,0,8.0,0,0.0,1,2021-01-01,2020-12-01,2020-12-01,2020-11-01,2020-12-01,2021-02-06,2021-01-30,slowdown,official,0,unchanged
2021-02-19,0,2021-02-19,recovery,expansion,official,-0.4374919950576142,1.0393449960178125,2,1,3,2,0.3216494475840364,labor_stress,-1.8821153109499984,1.8026368097513037,none,absent,True,0.2138777093523556,0,expansion,0.1085835756317306,0.1085835756317306,0,0,4,,4,0,0.4956214855887069,0.3891097288561356,0.4714942110189818,0.6029874382084913,0.0328834032286279,0.0079027008154887,9.001636832296147e-07,1.321198843075167e-07,4.0,0,6.0,0,7.0,0,4.0,0,0.0,1,2021-01-01,2020-12-01,2021-01-01,2020-11-01,2021-01-01,2021-02-13,2021-02-06,slowdown,official,1,blocked_raw
2021-02-26,0,2021-02-26,recovery,expansion,official,-0.5668013839710173,1.179373022830767,2,1,3,2,0.3058312951462625,real_income,-1.7256866605808967,2.124742375657842,none,absent,True,0.1760999499775324,1,recovery,0.099558845802744,0.099558845802744,0,0,4,,4,0,0.5972273949288444,0.5861753388422256,0.3840610669172725,0.4100753888646932,0.0187106441543545,0.0037491129038813,8.939995286397401e-07,1.5938919986026925e-07,5.0,0,7.0,0,4.0,0,5.0,0,0.0,1,2021-01-01,2021-01-01,2021-01-01,2020-12-01,2021-01-01,2021-02-20,2021-02-13,slowdown,official,2,blocked_raw
2021-03-05,0,2021-03-05,recovery,expansion,official,-0.5176037299775508,1.6487767687725257,2,1,3,2,0.318766164203504,real_income,-1.5878336662206702,1.9884061762333416,none,absent,True,0.3731148920896558,2,recovery,0.0916057884358079,0.0916057884358079,0,0,4,,4,0,0.6420108715164374,0.686138726577179,0.3528248716540731,0.3130238344875231,0.0051633655468526,0.0008372689403936,8.912826367330515e-07,1.6999490418251686e-07,6.0,0,3.0,0,5.0,0,6.0,0,0.0,1,2021-02-01,2021-01-01,2021-01-01,2020-12-01,2021-01-01,2021-02-27,2021-02-20,slowdown,official,3,blocked_raw
2021-03-12,0,2021-03-12,recovery,recovery,official,-0.4808455182124943,1.7160756474804546,2,1,3,2,0.3291658266970841,real_income,-1.4040607163438774,2.3249005697729874,none,absent,True,0.5634727932943455,0,recovery,0.0810035028659929,0.0810035028659929,0,0,4,,4,0,0.6734468931256782,0.7814861258968651,0.3225791568233842,0.2180133326025196,0.0039730606754388,0.0005003592056261,8.893754986723967e-07,1.822949890834879e-07,7.0,0,4.0,0,6.0,0,7.0,0,0.0,1,2021-02-01,2021-01-01,2021-01-01,2020-12-01,2021-01-01,2021-03-06,2021-02-27,recovery,official,0,accepted
2021-03-19,0,2021-03-19,recovery,recovery,official,-0.7084554274691872,0.6093461674681393,3,2,2,3,0.3312931735853753,real_income,-1.279292861967591,2.572693146683011,none,absent,True,0.7629182418326643,0,recovery,0.4988053574212071,0.0738053574212071,0,0,4,,4,0,0.7164596647833351,0.8785518986809882,0.2315511897323514,0.1156336568483238,0.0519882184066046,0.0058142425704101,9.270777087806992e-07,2.019002778306249e-07,4.0,0,5.0,0,7.0,0,4.0,0,0.0,1,2021-02-01,2021-01-01,2021-02-01,2020-12-01,2021-02-01,2021-03-13,2021-03-06,recovery,official,0,unchanged
2021-03-26,0,2021-03-26,recovery,recovery,official,-0.4315209405523224,1.2933232203006075,3,2,2,3,0.3292097483409024,consumption,-1.1411517801022577,2.7549873326267784,none,absent,True,0.6958855275192447,0,recovery,0.460638263850645,0.065835679621284,0,0,4,,4,0,0.6625501943727741,0.8473647538111518,0.324807082506295,0.1514792262919071,0.0126417936561814,0.0011558116509459,9.294647495177548e-07,2.0824599500740906e-07,5.0,0,6.0,0,3.0,0,5.0,0,0.0,1,2021-02-01,2021-02-01,2021-02-01,2021-01-01,2021-02-01,2021-03-20,2021-03-13,recovery,official,0,unchanged
2021-04-02,0,2021-04-02,recovery,recovery,official,-0.3728862933963021,1.5252442505213986,3,2,2,3,0.3452332771421399,consumption,-1.063194422737883,3.3093853296212528,none,absent,True,0.6374694567514447,0,recovery,0.4313696255520952,0.0613381397733393,0,0,4,,4,0,0.617899529912222,0.8183573841511301,0.3740630771526833,0.1808879273996853,0.0080364631909524,0.0007544728739524,9.297441424104468e-07,2.1557523199666483e-07,6.0,0,3.0,0,4.0,0,6.0,0,0.0,1,2021-03-01,2021-02-01,2021-02-01,2021-01-01,2021-02-01,2021-03-27,2021-03-20,recovery,official,0,unchanged
2021-04-09,0,2021-04-09,recovery,recovery,official,-0.356096642218369,1.4901587693546303,3,2,2,3,0.3501128395127934,consumption,-0.9858525361283688,3.133957923787412,none,absent,True,0.6081227707951024,0,recovery,0.4198145501426321,0.0568761078535597,0,0,4,,4,0,0.6041453156322594,0.8036175265420221,0.3867628894804524,0.1954947557469197,0.0090908652071134,0.0008875010962464,9.296801747035516e-07,2.166148116614002e-07,7.0,0,4.0,0,5.0,0,7.0,0,0.0,1,2021-03-01,2021-02-01,2021-02-01,2021-01-01,2021-02-01,2021-04-03,2021-03-27,recovery,official,0,unchanged
2021-04-16,0,2021-04-16,expansion,expansion,official,0.0961079660411654,1.552813349649397,2,2,2,3,0.5567690006190251,consumption,-0.7504835620977448,3.4004874620659065,none,absent,True,0.6059864350025264,0,expansion,0.2151948566466821,0.0432971285825622,0,0,4,,4,0,0.3297151547406123,0.1955652405317717,0.657128821844795,0.8015516755342981,0.0131550939809837,0.0028829801853259,9.29433608981012e-07,1.0374860416108893e-07,4.0,0,5.0,0,6.0,0,4.0,0,0.0,1,2021-03-01,2021-02-01,2021-03-01,2021-01-01,2021-03-01,2021-04-10,2021-04-03,expansion,official,0,accepted
2021-04-23,0,2021-04-23,expansion,expansion,official,0.1305171507969372,1.5665616568308678,2,2,2,3,0.5699564431902266,consumption,-0.5787460930079591,3.4011649731965004,none,absent,True,0.6817910431157891,0,expansion,0.1907502423169771,0.0333891976735361,0,0,4,,4,0,0.3167846022064384,0.1576573874307947,0.6702609031618013,0.8394484305465838,0.012953565185925,0.0028940934580794,9.294458351857192e-07,8.856454193551916e-08,5.0,0,6.0,0,7.0,0,5.0,0,0.0,1,2021-03-01,2021-02-01,2021-03-01,2021-01-01,2021-03-01,2021-04-17,2021-04-10,expansion,official,0,unchanged
2021-04-30,0,2021-04-30,expansion,expansion,official,0.1001471696625782,2.1381388073682093,2,1,3,3,0.5528226519264117,consumption,-0.3862575392266063,3.49612223587016,none,absent,True,0.5955036775300316,0,expansion,0.0222840888015349,0.0222840888015349,0,0,4,,4,0,0.344907048703048,0.2019542201431062,0.6523671892845557,0.7974578976731379,0.0027248527052775,0.0005877824539187,9.093071188223134e-07,9.972983699057212e-08,6.0,0,7.0,0,4.0,0,6.0,0,0.0,1,2021-03-01,2021-03-01,2021-03-01,2021-02-01,2021-03-01,2021-04-24,2021-04-17,expansion,official,0,unchanged
2021-05-07,0,2021-05-07,expansion,expansion,official,0.1574581862664727,2.1567594188373933,1,1,3,2,0.5883955291138986,consumption,-0.1426501844993478,3.583975001518823,none,absent,True,0.6744490180008962,0,expansion,0.0,0.0082298183365008,0,0,4,,4,0,0.3234528525646017,0.1624823056312925,0.6738627291808078,0.8369313236321888,0.0026835076459039,0.0005862837984432,9.10608686639163e-07,8.693807521729275e-08,7.0,0,4.0,0,5.0,0,7.0,0,0.0,1,2021-04-01,2021-03-01,2021-03-01,2021-02-01,2021-03-01,2021-05-01,2021-04-24,expansion,official,0,unchanged
2021-05-14,0,2021-05-14,expansion,expansion,official,0.1628137674131634,2.979018220340701,1,0,4,1,0.6094601534026741,consumption,-0.0078765835011336,3.506420202532268,none,absent,True,0.675445989009847,0,expansion,0.0,0.0004544182789115,0,0,4,,4,0,0.3358634808351623,0.1622439167423884,0.6638365105525053,0.8376899057522355,0.0002991166166103,6.609530442326548e-05,8.919957220838097e-07,8.220095282759736e-08,3.0,0,5.0,0,6.0,0,3.0,0,0.0,1,2021-04-01,2021-03-01,2021-04-01,2021-02-01,2021-04-01,2021-05-08,2021-05-01,expansion,official,0,unchanged
2021-05-21,0,2021-05-21,expansion,expansion,official,0.1902830106837869,2.947939147067552,1,0,4,1,0.5904149844827199,consumption,0.1286484240682227,3.352421553601121,none,absent,True,0.7058281360966632,0,expansion,0.0,0.0,0,0,4,,4,0,0.3266845642509143,0.1470494977353089,0.6729861694038933,0.8528776338319721,0.0003283733018961,7.279117020075806e-05,8.930432961985281e-07,7.726251815773279e-08,4.0,0,6.0,0,7.0,0,4.0,0,0.0,1,2021-04-01,2021-03-01,2021-04-01,2021-02-01,2021-04-01,2021-05-15,2021-05-08,expansion,official,0,unchanged
2021-05-28,0,2021-05-28,expansion,expansion,official,0.6300691159967997,3.485188892825454,0,0,4,0,0.7617549031834593,consumption,0.3812492671755153,3.609405125971151,none,absent,False,0.83990875353447,0,expansion,0.0,0.0,0,0,4,,4,0,0.2456170181063124,0.0800357210631594,0.7542891634805245,0.9199444745976294,9.291615222043269e-05,1.974591606934564e-05,9.022609425236896e-07,5.8423141959335535e-08,5.0,0,7.0,0,4.0,0,5.0,0,0.0,1,2021-04-01,2021-04-01,2021-04-01,2021-03-01,2021-04-01,2021-05-22,2021-05-15,expansion,official,0,unchanged
2021-06-04,0,2021-06-04,expansion,expansion,official,0.6852780341288309,3.4041391451247565,0,0,4,0,0.7520937041414416,consumption,0.548567726899225,3.8193612654373794,none,absent,False,0.863287956907289,0,expansion,0.0,0.0,0,0,4,,4,0,0.2258465425567009,0.0683436957430335,0.7740351984398789,0.9316316526503226,0.0001173544887983,2.459676243879728e-05,9.045146217596516e-07,5.484420503175224e-08,6.0,0,3.0,0,5.0,0,6.0,0,0.0,1,2021-05-01,2021-04-01,2021-04-01,2021-03-01,2021-04-01,2021-05-29,2021-05-22,expansion,official,0,unchanged
2021-06-11,0,2021-06-11,expansion,expansion,official,0.7211455634147547,3.3798475005647752,0,0,4,0,0.7240685210752601,consumption,0.7276419569874673,3.633241777200096,none,absent,False,0.875724747774088,0,expansion,0.0,0.0,0,0,4,,4,0,0.2136216968576556,0.06212442830306,0.786250535764261,0.937849176077148,0.000126861470316,2.6342601969600434e-05,9.059077673521952e-07,5.3017822095090647e-08,7.0,0,4.0,0,6.0,0,7.0,0,0.0,1,2021-05-01,2021-04-01,2021-04-01,2021-03-01,2021-04-01,2021-06-05,2021-05-29,expansion,official,0,unchanged
2021-06-18,0,2021-06-18,expansion,expansion,official,0.6986933883542271,2.159377978723416,0,0,3,0,0.6762235804683113,consumption,0.8012477576566938,3.4800520599838527,none,absent,False,0.8696729542169884,0,expansion,0.0,0.0,0,0,4,,4,0,0.2206115071032201,0.0648632272005441,0.7765302104308834,0.9345361814175326,0.0028573771638088,0.0006005377296738,9.053020874922712e-07,5.3652249083212364e-08,4.0,0,5.0,0,7.0,0,4.0,0,0.0,1,2021-05-01,2021-04-01,2021-05-01,2021-03-01,2021-05-01,2021-06-12,2021-06-05,expansion,official,0,unchanged
2021-06-25,0,2021-06-25,expansion,expansion,official,0.6778864362257412,1.5779164344130032,0,1,3,1,0.6656010333283751,consumption,0.8097051445238151,3.078309953568139,none,absent,False,0.8484283802391155,0,expansion,0.0,0.0,0,0,4,,4,0,0.2380436384268423,0.074247640808692,0.7478481277123793,0.9226760210478074,0.0141072785682633,0.0030762779630682,9.55292515034622e-07,6.018043223057284e-08,5.0,0,6.0,0,3.0,0,5.0,0,0.0,1,2021-05-01,2021-05-01,2021-05-01,2021-04-01,2021-05-01,2021-06-19,2021-06-12,expansion,official,0,unchanged
2021-07-02,0,2021-07-02,expansion,expansion,official,0.7227376290081687,1.5889757056712104,0,1,3,1,0.677889585646665,consumption,0.8841788260684216,2.5830626973268385,none,absent,False,0.8643584440583176,0,expansion,0.0,0.0,0,0,4,,4,0,0.2223393813633865,0.0663147846669511,0.7636566282170605,0.9306732287252688,0.0140030322353123,0.0030119286464329,9.581842405218716e-07,5.7961347314323465e-08,6.0,0,3.0,0,4.0,0,6.0,0,0.0,1,2021-06-01,2021-05-01,2021-05-01,2021-04-01,2021-05-01,2021-06-26,2021-06-19,expansion,official,0,unchanged
2021-07-09,0,2021-07-09,expansion,expansion,official,0.7254722833142382,1.5187709448132969,0,1,3,1,0.6756155280114753,consumption,0.8977348216235232,2.2404581385603315,none,absent,False,0.8657531095428065,0,expansion,0.0,0.0,0,0,4,,4,0,0.2207907585941291,0.0653125871998612,0.7624717335462169,0.9310656967426676,0.0167365495816831,0.0036216583302383,9.58277970832406e-07,5.7727232926233684e-08,7.0,0,4.0,0,5.0,0,7.0,0,0.0,1,2021-06-01,2021-05-01,2021-05-01,2021-04-01,2021-05-01,2021-07-03,2021-06-26,expansion,official,0,unchanged
2021-07-16,0,2021-07-16,expansion,expansion,official,0.6991062186327102,1.0148085246792775,0,1,3,1,0.6184950518733607,consumption,1.0235732767734245,2.180030303640392,none,absent,False,0.8455833495679848,0,expansion,0.0,0.0,0,0,4,,4,0,0.2203299105224759,0.0703315335545551,0.7220239935825344,0.91591488312254,0.0576451403864581,0.0137535193240396,9.55508531435461e-07,6.399886547037577e-08,4.0,0,5.0,0,6.0,0,4.0,0,0.0,1,2021-06-01,2021-05-01,2021-06-01,2021-04-01,2021-06-01,2021-07-10,2021-07-03,expansion,official,0,unchanged
2021-07-23,0,2021-07-23,expansion,expansion,official,0.6993183205891016,0.8802410104013116,0,1,3,1,0.6183708081247283,consumption,1.0244801869560625,1.527235239738028,none,absent,False,0.8429355654467473,0,expansion,0.0,0.0,0,0,4,,4,0,0.2151511883252215,0.0688339285734371,0.7053506185494122,0.9117694940201844,0.0794972381902053,0.0193965129621524,9.549351609187445e-07,6.444422579296715e-08,5.0,0,6.0,0,7.0,0,5.0,0,0.0,1,2021-06-01,2021-05-01,2021-06-01,2021-04-01,2021-06-01,2021-07-17,2021-07-10,expansion,official,0,unchanged
2021-07-30,0,2021-07-30,expansion,expansion,official,0.3205632186155056,0.50220418018208,1,1,2,2,0.3880325200030778,consumption,0.9875011313611184,1.048427344239133,none,absent,True,0.6856125701274067,0,expansion,0.0,0.0,0,0,4,,4,0,0.2807325912375306,0.1305640989684188,0.5546085583133603,0.8161766690958255,0.1646578985551158,0.0532591349314079,9.518939932324532e-07,9.70043475821892e-08,6.0,0,7.0,0,4.0,0,6.0,0,0.0,1,2021-06-01,2021-06-01,2021-06-01,2021-05-01,2021-06-01,2021-07-24,2021-07-17,expansion,official,0,unchanged
2021-08-06,0,2021-08-06,expansion,expansion,official,0.3714413254390525,0.4420120377740256,1,1,2,2,0.3977334317241344,consumption,1.0712161324107377,0.787494743417103,none,absent,True,0.6721678028275835,0,expansion,0.0,0.0,0,0,4,,4,0,0.2751854332271706,0.1311072751959892,0.5383360966056734,0.8032750780235728,0.1864775190719188,0.0656175438215975,9.510952372745632e-07,1.0295884055352485e-07,7.0,0,4.0,0,5.0,0,7.0,0,0.0,1,2021-07-01,2021-06-01,2021-06-01,2021-05-01,2021-06-01,2021-07-31,2021-07-24,expansion,official,0,unchanged
2021-08-13,0,2021-08-13,expansion,expansion,official,0.38262476219803,0.4225040357544514,1,1,2,2,0.3914407813813105,consumption,1.1254702826487724,0.7173432127545487,none,absent,True,0.6600331053662096,0,expansion,0.0,0.0,0,0,4,,4,0,0.2742203871162566,0.1335830645241535,0.5320374142309103,0.7936161698903631,0.1937412479384916,0.0728006570298496,9.507143414537544e-07,1.0855563387411493e-07,8.0,0,5.0,0,6.0,0,8.0,0,0.0,1,2021-07-01,2021-06-01,2021-06-01,2021-05-01,2021-06-01,2021-08-07,2021-07-31,expansion,official,0,unchanged
2021-08-20,0,2021-08-20,expansion,expansion,official,0.4297190121496948,0.4824450347824907,1,1,2,2,0.3601861493639882,labor_stress,1.357820494946332,1.1633027076320748,none,absent,True,0.7022533266676717,0,expansion,0.0,0.0,0,0,4,,4,0,0.2479906836342834,0.1167144597099425,0.5827179804826658,0.8189677863776142,0.1692904056513579,0.0643176478582969,9.302316928077276e-07,1.060541462731274e-07,4.0,0,6.0,0,7.0,0,4.0,0,0.0,1,2021-07-01,2021-06-01,2021-07-01,2021-05-01,2021-07-01,2021-08-14,2021-08-07,expansion,official,0,unchanged
2021-08-27,0,2021-08-27,expansion,expansion,official,0.496349394952367,0.6012052875267926,1,1,2,2,0.3843542964233115,labor_stress,1.5482477572525437,1.3202210903566562,none,absent,True,0.7664790601295651,0,expansion,0.0,0.0,0,0,4,,4,0,0.2348815880223101,0.0956220277419557,0.6300880853167992,0.8621010878715208,0.1350293964291979,0.042276798308944,9.302316928077276e-07,8.607757916115333e-08,5.0,0,7.0,0,4.0,0,5.0,0,0.0,1,2021-07-01,2021-07-01,2021-07-01,2021-06-01,2021-07-01,2021-08-21,2021-08-14,expansion,official,0,unchanged
2021-09-03,0,2021-09-03,expansion,expansion,official,0.5287502522516951,0.6438410188973348,1,1,2,2,0.405672395391763,labor_stress,1.6659385338443238,1.5702848449958078,none,absent,True,0.7928571800332385,0,expansion,0.0,0.0,0,0,4,,4,0,0.2267187510604487,0.08487353996962,0.6486567016371338,0.8777307200028585,0.1246236170707245,0.0373956609225067,9.302316928077276e-07,7.910501490150005e-08,6.0,0,3.0,0,5.0,0,6.0,0,0.0,1,2021-08-01,2021-07-01,2021-07-01,2021-06-01,2021-07-01,2021-08-28,2021-08-21,expansion,official,0,unchanged
2021-09-10,0,2021-09-10,expansion,expansion,official,0.5529831428596312,0.6355948290138258,1,1,2,2,0.4226219855388612,labor_stress,1.7867506610755668,1.5290538955782629,none,absent,True,0.8057526242637475,0,expansion,0.0,0.0,0,0,4,,4,0,0.2177980685903615,0.0784167154578075,0.6538895202946577,0.884169339721555,0.128311480883288,0.0374138693240539,9.302316928077276e-07,7.549658356974455e-08,7.0,0,4.0,0,6.0,0,7.0,0,0.0,1,2021-08-01,2021-07-01,2021-07-01,2021-06-01,2021-07-01,2021-09-04,2021-08-28,expansion,official,0,unchanged
2021-09-17,0,2021-09-17,expansion,expansion,official,0.5635780609380328,0.951034296379951,1,1,2,2,0.4276414426203515,labor_stress,1.830625926450164,1.6062232437271302,none,absent,True,0.8319211141370842,0,expansion,0.0,0.0,0,0,4,,4,0,0.2307162514442098,0.0764488400986009,0.7074182870476803,0.9083699542356852,0.061864531276417,0.0151811406676372,9.302316928077276e-07,6.499807664078697e-08,4.0,0,5.0,0,7.0,0,4.0,0,0.0,1,2021-08-01,2021-07-01,2021-08-01,2021-06-01,2021-08-01,2021-09-11,2021-09-04,expansion,official,0,unchanged
2021-09-24,0,2021-09-24,expansion,expansion,official,0.5668853049620008,0.9545795797447804,1,1,2,2,0.4214600329121165,labor_stress,1.8111563279474716,1.623686304257369,none,absent,True,0.8349286225121229,0,expansion,0.0,0.0,0,0,4,,4,0,0.2296800175004116,0.0750287455729113,0.7088866711884163,0.9099573680850342,0.0614323810794791,0.0150138222402838,9.302316928077276e-07,6.41017706232984e-08,5.0,0,6.0,0,8.0,0,5.0,0,0.0,1,2021-08-01,2021-07-01,2021-08-01,2021-06-01,2021-08-01,2021-09-18,2021-09-11,expansion,official,0,unchanged
2021-10-01,0,2021-10-01,expansion,expansion,official,0.489940730036533,0.6345039724801482,1,2,2,2,0.3937981389624628,labor_stress,1.7636505656074275,1.3563908434433645,none,absent,True,0.783226154693188,0,expansion,0.0055170872112062,0.0,0,0,4,,4,0,0.2377460206954717,0.0890210054747615,0.6296979126082253,0.8722471601679496,0.1325551445063708,0.0387317578293883,9.221899321687364e-07,7.652790062203736e-08,6.0,0,7.0,0,4.0,0,6.0,0,0.0,1,2021-08-01,2021-08-01,2021-08-01,2021-07-01,2021-08-01,2021-09-25,2021-09-18,expansion,official,0,unchanged
2021-10-08,0,2021-10-08,expansion,expansion,official,0.4940157981902763,0.0545074323858608,1,2,2,2,0.3900674112681682,labor_stress,1.745910511808609,1.1911336207993726,none,absent,False,0.3298236064712787,0,expansion,0.0037955126929747,0.0,0,0,4,,4,0,0.1624879547960706,0.0627474364262409,0.4338689970799626,0.6335380116247443,0.4036421423801465,0.3037144051534656,9.05743820195022e-07,1.4679554909709834e-07,7.0,0,4.0,0,5.0,0,7.0,0,0.0,1,2021-09-01,2021-08-01,2021-08-01,2021-07-01,2021-08-01,2021-10-02,2021-09-25,expansion,official,0,unchanged
2021-10-15,0,2021-10-15,expansion,expansion,official,0.5144747826810219,0.4087558118180338,1,2,2,2,0.4010540431436636,labor_stress,1.8361115889555413,0.9126390419565422,none,absent,True,0.7595734913040433,0,expansion,0.0,0.0,0,0,4,,4,0,0.2072575572852177,0.0810603846723704,0.5763844852712114,0.8406338759764137,0.2163570403376722,0.0783056511925439,9.171058987283244e-07,8.815867200208619e-08,8.0,0,5.0,0,6.0,0,4.0,0,0.0,1,2021-09-01,2021-08-01,2021-08-01,2021-07-01,2021-09-01,2021-10-09,2021-10-02,expansion,official,0,unchanged
2021-10-22,0,2021-10-22,slowdown,slowdown,official,0.4393065402707746,-0.3628009076053447,1,3,1,3,0.4831520248520097,labor_stress,2.030385347999957,0.9692033480681188,none,absent,False,0.8337970045990507,0,slowdown,0.040854477980285,0.0278924144398527,0,0,4,,4,0,0.0986017060006921,0.0085406757956886,0.2196731468770313,0.0788310574473856,0.6817242792169967,0.9126280620464364,8.679052797743217e-07,2.0471048909049442e-07,5.0,0,6.0,0,7.0,0,5.0,0,0.0,1,2021-09-01,2021-08-01,2021-09-01,2021-07-01,2021-09-01,2021-10-16,2021-10-09,slowdown,official,0,accepted
2021-10-29,0,2021-10-29,slowdown,slowdown,official,0.5032005426502162,-0.4002723321829208,1,3,1,3,0.5570415510911544,labor_stress,2.359307945819596,1.4211934985926034,none,absent,True,0.8712121139746628,0,slowdown,0.0,0.0,0,0,4,,4,0,0.082161884834231,0.0055361001186548,0.2078402047260688,0.0616257937290613,0.7099970465804093,0.932837907703724,8.638592908169072e-07,1.9844855980179146e-07,6.0,0,7.0,0,4.0,0,6.0,0,0.0,1,2021-09-01,2021-09-01,2021-09-01,2021-08-01,2021-09-01,2021-10-23,2021-10-16,slowdown,official,0,unchanged
2021-11-05,0,2021-11-05,slowdown,slowdown,official,0.5831083230365306,-0.1642278269894936,1,3,1,3,0.5724452206828073,labor_stress,2.6532631744661264,1.774491080084825,none,absent,True,0.7225832274189269,0,slowdown,0.0,0.0,0,0,4,,4,0,0.105287782159588,0.0104565701242668,0.3121980623269671,0.1334799865799427,0.5825132698522228,0.8560632139988696,8.856612218801782e-07,2.292969208130663e-07,7.0,0,4.0,0,5.0,0,7.0,0,0.0,1,2021-10-01,2021-09-01,2021-09-01,2021-08-01,2021-09-01,2021-10-30,2021-10-23,slowdown,official,0,unchanged
2021-11-12,0,2021-11-12,slowdown,slowdown,official,0.617516065996518,-0.1095780564347927,1,3,1,3,0.5871510626109848,labor_stress,2.822436941340968,2.0325804158204552,none,absent,True,0.6606942377355154,0,slowdown,0.0,0.0,0,0,4,,4,0,0.107234581169198,0.0118549442076519,0.3404826792612236,0.1637252915901861,0.552281848491475,0.8244195293257015,8.910781033224315e-07,2.3487646034024347e-07,8.0,0,5.0,0,6.0,0,8.0,0,0.0,1,2021-10-01,2021-09-01,2021-09-01,2021-08-01,2021-09-01,2021-11-06,2021-10-30,slowdown,official,0,unchanged
2021-11-19,0,2021-11-19,expansion,expansion,official,0.7751385530306928,0.5664842069606947,1,2,1,2,0.5271391044058419,labor_stress,2.949404159219967,2.287110744085154,none,absent,True,0.8353195255131005,0,expansion,0.0,0.0,0,0,4,,4,0,0.1462099543144544,0.0429292634289424,0.6827129905924163,0.896195093478668,0.171076135240161,0.0608755679655674,9.1985296827185e-07,7.512682203160809e-08,4.0,0,6.0,0,7.0,0,4.0,0,0.0,1,2021-10-01,2021-09-01,2021-10-01,2021-08-01,2021-10-01,2021-11-13,2021-11-06,expansion,official,0,accepted
2021-11-26,0,2021-11-26,expansion,expansion,official,0.9143880601548954,0.8064673746579306,0,1,1,1,0.577822970813534,labor_stress,3.1829859217862104,2.910640117859497,none,absent,True,0.9101865613482436,0,expansion,0.0,0.0,0,0,4,,4,0,0.1259641031165938,0.0322490911651131,0.7757775970221192,0.9424356525133568,0.0982573696295941,0.0253151999207775,9.302316928077276e-07,5.6400752451922296e-08,5.0,0,7.0,0,4.0,0,5.0,0,0.0,1,2021-10-01,2021-10-01,2021-10-01,2021-09-01,2021-10-01,2021-11-20,2021-11-13,expansion,official,0,unchanged
2021-12-03,0,2021-12-03,expansion,expansion,official,0.9494189948660589,0.7955819681749057,0,1,1,1,0.5868514565035997,labor_stress,3.3355098618600385,3.28887428803546,none,absent,True,0.9154771600014192,0,expansion,0.0,0.0,0,0,4,,4,0,0.1181629292282707,0.0295098645072787,0.7802210995898404,0.944987024508698,0.1016150409501959,0.0255030565676895,9.302316928077276e-07,5.4416333977785234e-08,6.0,0,3.0,0,5.0,0,6.0,0,0.0,1,2021-11-01,2021-10-01,2021-10-01,2021-09-01,2021-10-01,2021-11-27,2021-11-20,expansion,official,0,unchanged
2021-12-10,0,2021-12-10,expansion,expansion,official,1.0056927845680537,0.8724189112936351,0,1,1,1,0.6056523531844129,labor_stress,3.612780996556266,3.6844764267523393,none,absent,True,0.9269722507395948,0,expansion,0.0,0.0,0,0,4,,4,0,0.1089984548789117,0.0263171898428252,0.8049039394637935,0.9532894405824202,0.0860966754256019,0.0203933181649461,9.302316928077276e-07,5.1409808557244963e-08,7.0,0,4.0,0,6.0,0,7.0,0,0.0,1,2021-11-01,2021-10-01,2021-10-01,2021-09-01,2021-10-01,2021-12-04,2021-11-27,expansion,official,0,unchanged
2021-12-17,0,2021-12-17,expansion,expansion,official,1.0411282128392654,1.3809592815236846,0,2,2,2,0.6193747598028589,labor_stress,3.8500619700049463,3.7512512914280576,none,absent,False,0.9455106999549032,0,expansion,0.0,0.0,0,0,4,,4,0,0.1090522868317427,0.0245450759573581,0.8640795740749299,0.9700557759122614,0.0268672104915953,0.0053991038323001,9.28601732110122e-07,4.429808021917329e-08,4.0,0,5.0,0,7.0,0,4.0,0,0.0,1,2021-11-01,2021-10-01,2021-11-01,2021-09-01,2021-11-01,2021-12-11,2021-12-04,expansion,official,0,unchanged
2021-12-24,0,2021-12-24,expansion,expansion,official,0.9923970505981276,1.0609094884526922,1,1,2,1,0.5707709554222005,labor_stress,3.815826575300156,3.0109526384887118,none,absent,True,0.939308767220477,0,expansion,0.0,0.0,0,0,4,,4,0,0.109071480809082,0.0249581896521335,0.8391597539951148,0.9642669568726104,0.0517678858736535,0.0107748104052451,8.793221494276195e-07,4.30700104869472e-08,5.0,0,6.0,0,3.0,0,5.0,0,0.0,1,2021-11-01,2021-11-01,2021-11-01,2021-10-01,2021-11-01,2021-12-18,2021-12-11,expansion,official,0,unchanged
2021-12-31,0,2021-12-31,expansion,expansion,official,0.9925887284508108,0.990601089225268,1,1,2,1,0.5786773499382785,labor_stress,3.942598613052344,2.6594106423515904,none,absent,True,0.9372412104498834,0,expansion,0.0,0.0,0,0,4,,4,0,0.1079315467678633,0.0248224692925045,0.830705976248634,0.962063679742388,0.0613615971484856,0.0131138070343431,8.798350171656889e-07,4.3930764185265735e-08,6.0,0,7.0,0,4.0,0,6.0,0,0.0,1,2021-11-01,2021-11-01,2021-11-01,2021-10-01,2021-11-01,2021-12-25,2021-12-18,expansion,official,0,unchanged
2022-01-07,0,2022-01-07,expansion,expansion,official,0.9974750457999572,0.6698922604212151,1,1,1,1,0.5738405464456541,labor_stress,3.89816949011083,2.2552597012517515,none,absent,True,0.914603148591418,0,expansion,0.0,0.0,0,0,4,,4,0,0.0929524100630294,0.0222366332010827,0.7765813217673367,0.9461832332266528,0.1304653785659749,0.0315800846352348,8.896036587997399e-07,4.893702964780941e-08,7.0,0,4.0,0,5.0,0,7.0,0,0.0,1,2021-12-01,2021-11-01,2021-11-01,2021-10-01,2021-11-01,2022-01-01,2021-12-25,expansion,official,0,unchanged
2022-01-14,0,2022-01-14,slowdown,slowdown,official,0.8515923324953848,-0.3829013226976512,1,2,1,2,0.6414181775713758,labor_stress,3.873639659588941,1.9314730522088932,none,absent,False,0.7110156042635567,0,slowdown,0.0,0.0,0,0,4,,4,0,0.0425218660319323,0.0050943274608619,0.2484808067230746,0.1419449390823579,0.7089964370595496,0.8529605433459146,8.901854434398608e-07,1.901108655006511e-07,4.0,0,5.0,0,6.0,0,4.0,0,0.0,1,2021-12-01,2021-11-01,2021-12-01,2021-10-01,2021-12-01,2022-01-08,2022-01-01,slowdown,official,0,accepted
2022-01-21,0,2022-01-21,slowdown,slowdown,official,0.8259268264547028,-0.5840386777374598,1,2,1,2,0.6272889953924469,labor_stress,3.646752444125288,0.9254640087223146,none,absent,False,0.8681318207909867,0,slowdown,0.0,0.0,0,0,4,,4,0,0.0302301761473633,0.0024538306320348,0.1678654793178475,0.0647070840122362,0.8019034608433216,0.932838904803223,8.836914676515861e-07,1.8055250601928882e-07,5.0,0,6.0,0,7.0,0,5.0,0,0.0,1,2021-12-01,2021-11-01,2021-12-01,2021-10-01,2021-12-01,2022-01-15,2022-01-08,slowdown,official,0,unchanged
2022-01-28,0,2022-01-28,slowdown,slowdown,official,0.768455350606599,-0.7773954296386498,1,2,1,2,0.6324623940818977,labor_stress,3.419878276288641,0.1962653626023099,none,absent,False,0.9424691897401708,0,slowdown,0.0,0.0,0,0,4,,4,0,0.0223277213749899,0.0012082449342677,0.1105971051624339,0.0281611968897449,0.8670742942761794,0.9706303866299156,8.791863966297459e-07,1.7154607165641929e-07,6.0,0,7.0,0,4.0,0,6.0,0,0.0,1,2021-12-01,2021-12-01,2021-12-01,2021-11-01,2021-12-01,2022-01-22,2022-01-15,slowdown,official,0,unchanged
2022-02-04,0,2022-02-04,slowdown,slowdown,official,0.7721689963976963,-0.6160979579598607,1,2,2,2,0.6138120123404306,labor_stress,3.330428519673169,-0.5456795944402543,none,absent,False,0.8717378111168845,0,slowdown,0.1169313416657687,0.1169313416657687,0,0,4,,4,0,0.0336530552979186,0.0028982091573832,0.1562146585511153,0.0626819003797288,0.8101314050677454,0.9344197114966134,8.81083220525149e-07,1.789662745839599e-07,7.0,0,3.0,0,5.0,0,7.0,0,0.0,1,2022-01-01,2021-12-01,2021-12-01,2021-11-01,2021-12-01,2022-01-29,2022-01-22,slowdown,official,0,unchanged
2022-02-11,0,2022-02-11,slowdown,slowdown,official,0.762405593966884,-0.7421310801614773,1,2,2,2,0.6082118582608189,labor_stress,3.2703520513605877,-1.1764452610188436,none,absent,True,0.9343308600229744,0,slowdown,0.15,0.15,0,0,4,,4,0,0.0262041057133472,0.0015101087340796,0.1192990053542794,0.0320794289351839,0.854496010540633,0.9664102889581584,8.78391740391467e-07,1.733725778938245e-07,8.0,0,4.0,0,6.0,0,8.0,0,0.0,1,2022-01-01,2021-12-01,2021-12-01,2021-11-01,2021-12-01,2022-02-05,2022-01-29,slowdown,official,0,unchanged
2022-02-18,0,2022-02-18,slowdown,expansion,official,0.9768022871449964,-0.1146479295750132,1,2,2,2,0.5187870056891101,labor_stress,3.3456461688353296,-0.9456276360625964,none,absent,True,0.2250468699635319,2,slowdown,0.15,0.15,0,0,4,,4,0,0.0556238717896893,0.0111977093007588,0.3878293080014318,0.3818776211819586,0.5565459237413158,0.6069244911454905,8.964675630185674e-07,1.7837179197720337e-07,4.0,0,5.0,0,7.0,0,4.0,0,0.0,1,2022-01-01,2021-12-01,2022-01-01,2021-11-01,2022-01-01,2022-02-12,2022-02-05,slowdown,official,1,blocked_raw
2022-02-25,0,2022-02-25,slowdown,slowdown,official,0.9480801881303662,-0.3426954764627262,1,2,2,2,0.5341666957421277,labor_stress,3.462592845726196,-0.9416443101861524,none,absent,True,0.7688220464585592,0,slowdown,0.15,0.15,0,0,4,,4,0,0.0407558745433269,0.0036183769461216,0.2683927139569549,0.1137796886672376,0.6908505231800505,0.8826017351257969,8.883196676998007e-07,1.992608437932837e-07,5.0,0,6.0,0,3.0,0,5.0,0,0.0,1,2022-01-01,2022-01-01,2022-01-01,2021-12-01,2022-01-01,2022-02-19,2022-02-12,slowdown,official,0,unchanged
2022-03-04,0,2022-03-04,slowdown,slowdown,official,0.9826236463399728,-0.2200603346363906,1,2,2,2,0.5321930241791317,labor_stress,3.5417179847461413,-0.7078808049728579,none,absent,True,0.6727728962739206,0,slowdown,0.15,0.15,0,0,4,,4,0,0.0469174056980638,0.0047441394715155,0.3309326452811102,0.1612413769119651,0.6221490565332268,0.8340142731858857,8.92487599109621e-07,2.104306335695055e-07,6.0,0,3.0,0,4.0,0,6.0,0,0.0,1,2022-02-01,2022-01-01,2022-01-01,2021-12-01,2022-01-01,2022-02-26,2022-02-19,slowdown,official,0,unchanged
2022-03-11,0,2022-03-11,slowdown,slowdown,official,0.981618555080739,-0.2160981414674579,1,2,2,2,0.5316983191201714,labor_stress,3.5357537206313445,-0.6643604907605317,none,absent,True,0.6757320543008933,0,slowdown,0.1423629623058282,0.1423629623058282,0,0,4,,4,0,0.0473040643653286,0.004701365174745,0.3329938967379323,0.1597831844979826,0.6197011462606319,0.8355152387988759,8.926361071781027e-07,2.1152839650742178e-07,7.0,0,4.0,0,5.0,0,7.0,0,0.0,1,2022-02-01,2022-01-01,2022-01-01,2021-12-01,2022-01-01,2022-03-05,2022-02-26,slowdown,official,0,unchanged
2022-03-18,0,2022-03-18,expansion,expansion,official,1.0005613663570034,0.673269174236109,1,1,3,1,0.542930364633653,labor_stress,3.6618691133246224,0.04800324847302,none,absent,True,0.9045040299552864,0,expansion,0.0,0.0,0,0,4,,4,0,0.0987952847555705,0.0240153157943315,0.7725361210627297,0.9402443297795688,0.1286677108176754,0.0357402998242823,8.8336402430873e-07,5.46018173814581e-08,4.0,0,5.0,0,6.0,0,4.0,0,0.0,1,2022-02-01,2022-01-01,2022-02-01,2021-12-01,2022-02-01,2022-03-12,2022-03-05,expansion,official,0,accepted
2022-03-25,0,2022-03-25,expansion,expansion,official,1.0249415257060257,0.8173389310789722,1,1,3,1,0.5519683781810427,labor_stress,3.807129595689396,0.7683520326873355,none,absent,True,0.9307596994648596,0,expansion,0.0,0.0,0,0,4,,4,0,0.0984929435848808,0.023049800607454,0.8084212700156219,0.953854924746708,0.0930849052125275,0.0230952252818485,8.811869697745708e-07,4.9363989138938905e-08,5.0,0,6.0,0,7.0,0,5.0,0,0.0,1,2022-02-01,2022-01-01,2022-02-01,2021-12-01,2022-02-01,2022-03-19,2022-03-12,expansion,official,0,unchanged
2022-04-01,0,2022-04-01,expansion,expansion,official,1.1475341978595792,1.4310065179275826,1,1,3,1,0.5041457466487815,labor_stress,3.8712130119919785,1.0650942134620045,none,absent,True,0.9600942581259632,0,expansion,0.0,0.0,0,0,4,,4,0,0.0852984608557372,0.0178662335593582,0.8933494326201543,0.9779604916853216,0.0213512304894997,0.0041732355817293,8.760346087876145e-07,3.9173590938808384e-08,6.0,0,3.0,0,4.0,0,6.0,0,0.0,1,2022-03-01,2022-02-01,2022-02-01,2022-01-01,2022-02-01,2022-03-26,2022-03-19,expansion,official,0,unchanged
2022-04-08,0,2022-04-08,expansion,expansion,official,1.1483763898064705,1.4179964632659376,1,1,3,1,0.4986577624978517,labor_stress,3.7913452698340766,1.0000439401537808,none,absent,True,0.959901702112538,0,expansion,0.0,0.0,0,0,4,,4,0,0.0851063145390623,0.017898789597943,0.892830691678959,0.9778004917104812,0.0220621177158992,0.0043006794754868,8.760660793917789e-07,3.92160889119782e-08,7.0,0,4.0,0,5.0,0,7.0,0,0.0,1,2022-03-01,2022-02-01,2022-02-01,2022-01-01,2022-02-01,2022-04-02,2022-03-26,expansion,official,0,unchanged
2022-04-15,0,2022-04-15,expansion,expansion,official,1.1829611361106105,0.871151070522927,1,1,3,1,0.482340759093441,labor_stress,3.7434366640446872,0.7789300123180796,none,absent,True,0.9468823615779262,0,expansion,0.0,0.0,0,0,4,,4,0,0.0748236967553268,0.0163118174109462,0.8408281684341963,0.9652852505989212,0.0843472555895457,0.0184028890209952,8.792209312544909e-07,4.296913731495325e-08,4.0,0,5.0,0,6.0,0,4.0,0,0.0,1,2022-03-01,2022-02-01,2022-03-01,2022-01-01,2022-03-01,2022-04-09,2022-04-02,expansion,official,0,unchanged
2022-04-22,0,2022-04-22,expansion,expansion,official,1.1685458358523235,0.8049613564255272,1,1,3,1,0.4758163078700071,labor_stress,3.65850535819477,0.4616283038158248,none,absent,True,0.9393405315741644,0,expansion,0.0,0.0,0,0,4,,4,0,0.0756551251543695,0.0167299617196184,0.8261523686183013,0.9613052629238908,0.0981916261160571,0.0219647313497264,8.801112721744506e-07,4.400676445736749e-08,5.0,0,6.0,0,7.0,0,5.0,0,0.0,1,2022-03-01,2022-02-01,2022-03-01,2022-01-01,2022-03-01,2022-04-16,2022-04-09,expansion,official,0,unchanged
2022-04-29,0,2022-04-29,expansion,expansion,official,1.035803501059052,0.4660184792602213,1,2,2,2,0.5072070155245001,labor_stress,3.6077375999337913,0.1721440024444984,none,absent,True,0.8395006441192356,0,expansion,0.0,0.0,0,0,4,,4,0,0.0878622586526985,0.0228849292821116,0.6888488277793231,0.9083078263857362,0.223287996882562,0.0688071822665005,9.166854164170508e-07,6.206565154080555e-08,6.0,0,7.0,0,4.0,0,6.0,0,0.0,1,2022-03-01,2022-03-01,2022-03-01,2022-02-01,2022-03-01,2022-04-23,2022-04-16,expansion,official,0,unchanged
2022-05-06,0,2022-05-06,expansion,expansion,official,1.0200799436930086,0.2114442217732157,1,2,2,2,0.497742318272423,labor_stress,3.5012842922382337,0.0637646562308685,none,absent,True,0.6385210965387313,0,expansion,0.0,0.0,0,0,4,,4,0,0.0750317599323878,0.0210893596047322,0.570152247155542,0.8087158237837091,0.3548150842060448,0.1701947272449777,9.087060252154642e-07,8.936658092232284e-08,7.0,0,4.0,0,5.0,0,7.0,0,0.0,1,2022-04-01,2022-03-01,2022-03-01,2022-02-01,2022-03-01,2022-04-30,2022-04-23,expansion,official,0,unchanged
2022-05-13,0,2022-05-13,expansion,expansion,official,1.003981142637103,0.309719800194384,1,2,2,2,0.4944169157929843,labor_stress,3.43809471217312,-0.2499280301528539,none,absent,True,0.7484064548952766,0,expansion,0.0535560064613258,0.0535560064613258,0,0,4,,4,0,0.0838932397423556,0.0233536784098846,0.6174088227399195,0.8625263510018123,0.2986970254071694,0.1141198961065357,9.1211055544374e-07,7.448176721957441e-08,8.0,0,5.0,0,6.0,0,8.0,0,0.0,1,2022-04-01,2022-03-01,2022-03-01,2022-02-01,2022-03-01,2022-05-07,2022-04-30,expansion,official,0,unchanged
2022-05-20,0,2022-05-20,expansion,expansion,official,1.061449265778385,0.0540418086273603,1,2,2,2,0.4606705669687864,labor_stress,3.3357974626973665,-0.6285969011160574,none,absent,True,0.420199027779077,0,expansion,0.1346993359534408,0.1346993359534408,0,0,4,,4,0,0.0590500179043232,0.0166876453490938,0.487174295205718,0.7017556360560019,0.4537747841875497,0.2815566082769248,9.02702408961103e-07,1.1031797952565808e-07,4.0,0,6.0,0,7.0,0,4.0,0,0.0,1,2022-04-01,2022-03-01,2022-04-01,2022-02-01,2022-04-01,2022-05-14,2022-05-07,expansion,official,0,unchanged
2022-05-27,0,2022-05-27,slowdown,slowdown,official,1.029419422117262,-0.340612621600466,1,2,2,2,0.5030621361596965,labor_stress,3.2180718615751087,-0.9119400871966558,none,absent,True,0.7169320757212259,0,slowdown,0.15,0.15,0,0,4,,4,0,0.0350123888250213,0.0036741717382088,0.2710386559523539,0.1396967796228358,0.6939480670908765,0.8566288553440617,8.881317481226887e-07,1.9329489346158046e-07,5.0,0,7.0,0,4.0,0,5.0,0,0.0,1,2022-04-01,2022-04-01,2022-04-01,2022-03-01,2022-04-01,2022-05-21,2022-05-14,slowdown,official,0,accepted
2022-06-03,0,2022-06-03,slowdown,slowdown,official,1.0297175862761576,-0.4248292463513173,1,2,2,2,0.5010217948184956,labor_stress,3.205766799147716,-1.14115832641863,none,absent,True,0.8232658038821908,0,slowdown,0.15,0.15,0,0,4,,4,0,0.0299817661706987,0.0023271609535875,0.2322331122938999,0.0872034219312527,0.7377842360630745,0.9104692258134436,8.854723267964358e-07,1.913017161715832e-07,6.0,0,3.0,0,5.0,0,6.0,0,0.0,1,2022-05-01,2022-04-01,2022-04-01,2022-03-01,2022-04-01,2022-05-28,2022-05-21,slowdown,official,0,unchanged
2022-06-10,0,2022-06-10,slowdown,slowdown,official,1.0025609102904227,-0.4660313164280319,1,2,2,2,0.4901806159146145,labor_stress,3.069841592881609,-1.3168877742879068,none,absent,True,0.858701646288953,0,slowdown,0.15,0.15,0,0,4,,4,0,0.0291979626993655,0.0019753520442578,0.2142753306277081,0.0696614060827085,0.7565258223376007,0.9283630523716616,8.843353256534321e-07,1.895013720892704e-07,7.0,0,4.0,0,6.0,0,7.0,0,0.0,1,2022-05-01,2022-04-01,2022-04-01,2022-03-01,2022-04-01,2022-06-04,2022-05-28,slowdown,official,0,unchanged
2022-06-17,0,2022-06-17,slowdown,slowdown,official,0.8936439723258932,-0.5673345942240311,1,2,2,2,0.5205194353222384,labor_stress,2.9782495890790943,-1.3510300467905498,none,absent,True,0.9055533779173596,0,slowdown,0.15,0.15,0,0,4,,4,0,0.0294472133268551,0.0016605200582981,0.1740299580930072,0.0463929592077762,0.7965219466712682,0.951946337125136,8.819088694070414e-07,1.8360878936646744e-07,4.0,0,5.0,0,7.0,0,4.0,0,0.0,1,2022-05-01,2022-04-01,2022-05-01,2022-03-01,2022-05-01,2022-06-11,2022-06-04,slowdown,official,0,unchanged
2022-06-24,0,2022-06-24,slowdown,slowdown,official,0.8752788097958639,-0.5818927640317887,1,2,2,2,0.512698867408751,labor_stress,2.8864247137703867,-1.4291846216122672,none,absent,True,0.90979344559464,0,slowdown,0.15,0.15,0,0,4,,4,0,0.0296133740367321,0.001646425758869,0.1687372890784487,0.0442799729462056,0.8016484552869609,0.9540734185408456,8.815978580513174e-07,1.8275407963987285e-07,5.0,0,6.0,0,8.0,0,5.0,0,0.0,1,2022-05-01,2022-04-01,2022-05-01,2022-03-01,2022-05-01,2022-06-18,2022-06-11,slowdown,official,0,unchanged
2022-07-01,0,2022-07-01,slowdown,slowdown,official,0.7950740573989913,-0.4605275709356329,1,1,2,2,0.4975090069279065,labor_stress,2.7298933180319493,-1.5133855827982725,none,absent,True,0.8541326219168207,0,slowdown,0.0,0.15,0,0,4,,4,0,0.0461521341516615,0.0031302820583484,0.2242154306623351,0.0713684449713733,0.7296315049543104,0.925501066888194,9.302316928077276e-07,2.0608208432746227e-07,6.0,0,7.0,0,4.0,0,6.0,0,0.0,1,2022-05-01,2022-05-01,2022-05-01,2022-04-01,2022-05-01,2022-06-25,2022-06-18,slowdown,official,0,unchanged
2022-07-08,0,2022-07-08,slowdown,slowdown,official,0.7787592630897733,-0.530742842254155,1,1,2,2,0.4896963067855813,labor_stress,2.647077595598654,-1.608147521369467,none,absent,True,0.8835108000388209,0,slowdown,0.0,0.15,0,0,4,,4,0,0.0416243174348782,0.0025875029367414,0.1957647535691351,0.0569507484405512,0.7626099987642938,0.940461548479372,9.302316928077276e-07,2.0014333526641046e-07,7.0,0,4.0,0,5.0,0,7.0,0,0.0,1,2022-06-01,2022-05-01,2022-05-01,2022-04-01,2022-05-01,2022-07-02,2022-06-25,slowdown,official,0,unchanged
2022-07-15,0,2022-07-15,slowdown,slowdown,official,0.6629495352258234,-0.6682766580530093,1,2,1,3,0.5092351273283396,labor_stress,2.560114074135791,-1.5397105104848217,none,absent,True,0.9362206309793232,0,slowdown,0.15,0.15,0,0,4,,4,0,0.0375642880180299,0.0019196064799218,0.1305458197635908,0.0309297913219801,0.8318890033472937,0.9671504223013032,8.888710855424181e-07,1.7989679456741308e-07,4.0,0,5.0,0,6.0,0,4.0,0,0.0,1,2022-06-01,2022-05-01,2022-06-01,2022-04-01,2022-06-01,2022-07-09,2022-07-02,slowdown,official,0,unchanged
2022-07-22,0,2022-07-22,slowdown,slowdown,official,0.6395468801628502,-0.6643765941369623,1,2,1,3,0.4974341157243306,labor_stress,2.442579611719592,-1.522624235348195,none,absent,True,0.9352598968753824,0,slowdown,0.15,0.15,0,0,4,,4,0,0.0396100665946475,0.0020420829660506,0.1313975685658093,0.0313489198297007,0.828991475733248,0.9666088167050833,8.891062949537458e-07,1.80499165505122e-07,5.0,0,6.0,0,7.0,0,5.0,0,0.0,1,2022-06-01,2022-05-01,2022-06-01,2022-04-01,2022-06-01,2022-07-16,2022-07-09,slowdown,official,0,unchanged
2022-07-29,0,2022-07-29,slowdown,slowdown,official,0.502091107316824,-1.1814446410062387,1,3,1,3,0.432880579372453,labor_stress,2.297529912234358,-1.7778826156673762,none,absent,True,0.9851551180093572,0,slowdown,0.150767951074254,0.150767951074254,0,0,4,,4,0,0.0148524354137575,0.0006053521954937,0.0374885760330099,0.0071196898707955,0.9476581636499366,0.9922748078801528,8.249032959612755e-07,1.5005355815487228e-07,6.0,0,7.0,0,4.0,0,6.0,0,0.0,1,2022-06-01,2022-06-01,2022-06-01,2022-05-01,2022-06-01,2022-07-23,2022-07-16,slowdown,official,0,unchanged
2022-08-05,0,2022-08-05,slowdown,slowdown,official,0.4877212001443478,-1.0772751931221605,1,3,1,3,0.4165678938285787,labor_stress,2.181019511999762,-1.720271463583576,none,absent,True,0.9791002804790342,0,slowdown,0.1629095227408591,0.1629095227408591,0,0,4,,4,0,0.0182220093075296,0.0007620571541015,0.0516544051304724,0.0100687549099706,0.9301227600054934,0.9891690353890048,8.255565044499951e-07,1.5254692306972016e-07,7.0,0,4.0,0,5.0,0,7.0,0,0.0,1,2022-07-01,2022-06-01,2022-06-01,2022-05-01,2022-06-01,2022-07-30,2022-07-23,slowdown,official,0,unchanged
2022-08-12,0,2022-08-12,slowdown,slowdown,official,0.4800634277002192,-1.061990848481829,1,3,1,3,0.4120912281522764,labor_stress,2.141802583098455,-1.6474634066178715,none,absent,True,0.9781436581310936,0,slowdown,0.1693798076091586,0.1693798076091586,0,0,4,,4,0,0.0191813455573493,0.0008095726156787,0.0535523315403238,0.0105233081109631,0.9272654969534329,0.9886669662420569,8.259488940048762e-07,1.530313012528873e-07,8.0,0,5.0,0,6.0,0,8.0,0,0.0,1,2022-07-01,2022-06-01,2022-06-01,2022-05-01,2022-06-01,2022-08-06,2022-07-30,slowdown,official,0,unchanged
2022-08-19,0,2022-08-19,slowdown,slowdown,official,0.5000914871535426,-0.6814644866440314,1,2,1,2,0.4034926882566987,labor_stress,2.1426698508799973,-1.4501337462649797,none,absent,True,0.9283274502162848,0,slowdown,0.1524249546473867,0.1523924183211266,0,0,4,,4,0,0.0456163569392983,0.0024209177594999,0.1417756626270899,0.0346257256598337,0.8126071049191961,0.9629531758761186,8.755144156751993e-07,1.8070454769306737e-07,4.0,0,6.0,0,7.0,0,4.0,0,0.0,1,2022-07-01,2022-06-01,2022-07-01,2022-05-01,2022-07-01,2022-08-13,2022-08-06,slowdown,official,0,unchanged
2022-08-26,0,2022-08-26,slowdown,slowdown,official,0.5234597308654882,-0.5031380374946562,1,1,1,2,0.4107408865126194,labor_stress,2.089592027037918,-1.2952193657059246,none,absent,True,0.8685633652091188,0,slowdown,0.0,0.15,0,0,4,,4,0,0.0653501521034407,0.0042751469523513,0.2127668827620153,0.0635806399912064,0.7218820432515313,0.9321440052003253,9.218830125349292e-07,2.0785611699585254e-07,5.0,0,7.0,0,4.0,0,5.0,0,0.0,1,2022-07-01,2022-07-01,2022-07-01,2022-06-01,2022-07-01,2022-08-20,2022-08-13,slowdown,official,0,unchanged
2022-09-02,0,2022-09-02,slowdown,slowdown,official,0.5233527012099364,-0.4968868879611709,1,1,1,2,0.4143159714164665,labor_stress,2.1075580963713088,-1.0880717576917602,none,absent,True,0.8774861232095756,0,slowdown,0.0,0.15,0,0,4,,4,0,0.0717318201044433,0.0046062296328486,0.2030387953454407,0.0589537187197374,0.7252284543184232,0.9364398419293132,9.302316928077276e-07,2.0971810078558827e-07,6.0,0,3.0,0,5.0,0,6.0,0,0.0,1,2022-08-01,2022-07-01,2022-07-01,2022-06-01,2022-07-01,2022-08-27,2022-08-20,slowdown,official,0,unchanged
2022-09-09,0,2022-09-09,slowdown,slowdown,official,0.531936343250714,-0.4421442522863429,1,1,1,2,0.4189008090517018,labor_stress,2.1488588942054543,-0.8399644728689798,none,absent,True,0.8543819956980562,0,slowdown,0.0,0.15,0,0,4,,4,0,0.0780172413734701,0.0054153136841322,0.2246306205881485,0.0701012375189969,0.6973512078066885,0.9244832332170532,9.302316928077276e-07,2.1557981750733e-07,7.0,0,4.0,0,6.0,0,7.0,0,0.0,1,2022-08-01,2022-07-01,2022-07-01,2022-06-01,2022-07-01,2022-09-03,2022-08-27,slowdown,official,0,unchanged
2022-09-16,0,2022-09-16,slowdown,slowdown,official,0.5036293556146965,-0.2057665882906723,2,1,1,2,0.4408667923966363,labor_stress,2.262093253277466,-0.3717092612982988,none,absent,True,0.6879616700649853,0,slowdown,0.0796519845639211,0.0796519845639211,0,0,4,,4,0,0.1200087226456512,0.012767132601937,0.326625950159613,0.1496354744992516,0.5533643969630431,0.8375971445642371,9.302316928077276e-07,2.483345742219836e-07,4.0,0,5.0,0,7.0,0,4.0,0,0.0,1,2022-08-01,2022-07-01,2022-08-01,2022-06-01,2022-08-01,2022-09-10,2022-09-03,slowdown,official,0,unchanged
2022-09-23,0,2022-09-23,slowdown,slowdown,official,0.5170411517142478,-0.1557262085749476,2,1,1,2,0.4480800250793981,labor_stress,2.3291522337752224,-0.1192619977839415,none,absent,True,0.6132318606636864,0,slowdown,0.0255561423822731,0.0255561423822731,0,0,4,,4,0,0.1256119134852144,0.0155624574863462,0.3511143369317612,0.1856027150679568,0.5232728193513315,0.7988345757316433,9.302316928077276e-07,2.517140536278546e-07,5.0,0,6.0,0,8.0,0,5.0,0,0.0,1,2022-08-01,2022-07-01,2022-08-01,2022-06-01,2022-08-01,2022-09-17,2022-09-10,slowdown,official,0,unchanged
2022-09-30,0,2022-09-30,expansion,expansion,official,0.4775208850450981,0.460090607054613,1,1,2,2,0.4345892934628206,labor_stress,2.449542536483101,0.278823160662147,none,absent,True,0.7192907202989709,0,expansion,0.0,0.0,0,0,4,,4,0,0.2404648828443444,0.0978849839282505,0.5808418267804873,0.8171757042272215,0.1786923747318268,0.084939202494475,9.15643341392786e-07,1.0935005284818467e-07,6.0,0,7.0,0,4.0,0,6.0,0,0.0,1,2022-08-01,2022-08-01,2022-08-01,2022-07-01,2022-08-01,2022-09-24,2022-09-17,expansion,official,0,accepted
2022-10-07,0,2022-10-07,expansion,expansion,official,0.4727421212687967,0.3181573667775585,1,1,1,2,0.4337009442860445,labor_stress,2.434172625451884,0.4472934204812683,none,absent,False,0.6273841279479503,0,expansion,0.0,0.0,0,0,4,,4,0,0.2131114699807408,0.0820684636621974,0.545476941273204,0.7726577683819262,0.2414106585143624,0.1452736404339759,9.302316928077276e-07,1.2752190052420802e-07,7.0,0,4.0,0,5.0,0,7.0,0,0.0,1,2022-09-01,2022-08-01,2022-08-01,2022-07-01,2022-08-01,2022-10-01,2022-09-24,expansion,official,0,unchanged
2022-10-14,0,2022-10-14,expansion,expansion,official,0.4330847485046489,0.4018243299513528,1,0,1,1,0.4151755493130548,labor_stress,2.339839082240172,0.315548445972357,none,absent,True,0.7304649454799487,0,expansion,0.0,0.0,0,0,4,,4,0,0.2408767117641459,0.0985958139106344,0.5698018730721809,0.8290607593905831,0.1893204717235876,0.072343329734697,9.43440085524822e-07,9.696408540485409e-08,8.0,0,5.0,0,6.0,0,3.0,0,0.0,1,2022-09-01,2022-08-01,2022-08-01,2022-07-01,2022-09-01,2022-10-08,2022-10-01,expansion,official,0,unchanged
2022-10-21,0,2022-10-21,expansion,expansion,official,0.4538167627856579,0.3811384997597288,1,0,1,1,0.3989323635721758,labor_stress,2.2896493781000027,0.3293434750077331,none,absent,False,0.7525241599347976,0,expansion,0.0,0.0,0,0,4,,4,0,0.2221890746005815,0.0878766146872621,0.5859240606957247,0.8404007746220596,0.1918859566310425,0.0717225203838439,9.080726511010712e-07,9.030683423212089e-08,4.0,0,6.0,0,7.0,0,4.0,0,0.0,1,2022-09-01,2022-08-01,2022-09-01,2022-07-01,2022-09-01,2022-10-15,2022-10-08,expansion,official,0,unchanged
2022-10-28,0,2022-10-28,expansion,expansion,official,0.5464656421952985,0.3339450371984155,1,0,1,1,0.420049430219838,labor_stress,2.134493108317022,0.0091050414790917,none,absent,True,0.7785867929106653,0,expansion,0.0,0.0,0,0,4,,4,0,0.1871915019913894,0.06564429899382,0.5934697571732813,0.8564712067657367,0.2193378313052098,0.0778844138550714,9.095301194761908e-07,8.038537189066038e-08,5.0,0,7.0,0,4.0,0,5.0,0,0.0,1,2022-09-01,2022-09-01,2022-09-01,2022-08-01,2022-09-01,2022-10-22,2022-10-15,expansion,official,0,unchanged
2022-11-04,0,2022-11-04,expansion,expansion,official,0.5291147821457393,0.2549881516550999,1,0,1,1,0.4109941486152853,labor_stress,2.052822927920577,-0.2860932498846489,none,absent,True,0.7145110080734434,0,expansion,0.0,0.0613056964038533,0,0,4,,4,0,0.1905142349054338,0.072573308626662,0.545468452667485,0.8209688020980445,0.2640163637756592,0.1064577940246011,9.486514219830256e-07,9.525069239302957e-08,6.0,0,3.0,0,5.0,0,6.0,0,0.0,1,2022-10-01,2022-09-01,2022-09-01,2022-08-01,2022-09-01,2022-10-29,2022-10-22,expansion,official,0,unchanged
2022-11-11,0,2022-11-11,expansion,expansion,official,0.5117164680732195,0.1806961058161288,1,0,1,1,0.4004602460180494,labor_stress,1.9653717984084689,-0.6169422479272112,none,absent,True,0.6530326951206705,0,expansion,0.0,0.1322019102701166,0,0,4,,4,0,0.1856948566153392,0.0734303820664596,0.5135943405150061,0.7898011037428396,0.3007098516582241,0.1367684086221691,9.512114303841269e-07,1.0556853168300261e-07,7.0,0,4.0,0,6.0,0,7.0,0,0.0,1,2022-10-01,2022-09-01,2022-09-01,2022-08-01,2022-09-01,2022-11-05,2022-10-29,expansion,official,0,unchanged
2022-11-18,0,2022-11-18,expansion,expansion,official,0.4704614735205163,0.0023599008184819,1,1,1,2,0.3959594122618087,labor_stress,1.8616061681601657,-0.9402340989849524,none,absent,False,0.303640095277825,0,expansion,0.0,0.15,0,0,4,,4,0,0.164455889600831,0.0666010542805269,0.4190345884360185,0.6185194435010889,0.4165085917314576,0.3148793482232638,9.302316928077276e-07,1.5399512025341445e-07,4.0,0,5.0,0,7.0,0,4.0,0,0.0,1,2022-10-01,2022-09-01,2022-10-01,2022-08-01,2022-10-01,2022-11-12,2022-11-05,expansion,official,0,unchanged
2022-11-25,0,2022-11-25,slowdown,expansion,official,0.4432793864743165,-0.0952975840498313,1,1,1,2,0.3761005177293475,labor_stress,1.7171234404297655,-1.4285215233265192,none,absent,False,0.1082139001716386,0,expansion,0.0,0.1568695621399114,0,0,4,,4,0,0.1539519603510402,0.0589302037299734,0.3716348380584681,0.5246417626246479,0.4744122713587989,0.4164278624530093,9.302316928077276e-07,1.7119236930262778e-07,5.0,0,6.0,0,8.0,0,5.0,0,0.0,1,2022-10-01,2022-09-01,2022-10-01,2022-08-01,2022-10-01,2022-11-19,2022-11-12,expansion,official,0,unchanged
2022-12-02,0,2022-12-02,slowdown,expansion,official,0.4010401647489268,-0.0769189635949507,1,1,2,2,0.3494420817373507,labor_stress,1.6174195516653094,-1.5648329145535391,none,absent,False,0.008353001925638,0,expansion,0.0,0.1594664131318528,0,0,4,,4,0,0.1832583253289117,0.0735962774441583,0.3536937335103561,0.4673782637516575,0.4630469973705403,0.4590252618260194,9.437901919165856e-07,1.9697816473391224e-07,6.0,0,3.0,0,4.0,0,6.0,0,0.0,1,2022-11-01,2022-10-01,2022-10-01,2022-09-01,2022-10-01,2022-11-26,2022-11-19,expansion,official,0,unchanged
2022-12-09,0,2022-12-09,slowdown,expansion,official,0.3787774546050979,-0.0932344707742219,1,1,2,2,0.3333586155894802,labor_stress,1.5058686604217464,-1.626117909834612,none,absent,False,0.1309986910849264,1,slowdown,0.0,0.1639797639681942,0,0,4,,4,0,0.1863232614000738,0.0666535281527039,0.3440399816744608,0.4011737824320689,0.4696358139947317,0.5321724735169954,9.429307336251348e-07,2.158982318763947e-07,7.0,0,4.0,0,5.0,0,7.0,0,0.0,1,2022-11-01,2022-10-01,2022-10-01,2022-09-01,2022-10-01,2022-12-03,2022-11-26,expansion,official,0,unchanged
2022-12-16,0,2022-12-16,slowdown,slowdown,official,0.2970903090126082,-0.5084995921317117,1,1,1,2,0.3512766802369433,labor_stress,1.4433353307527843,-1.6352170056923634,none,absent,True,0.8759257424016409,0,slowdown,0.0,0.2763834774220352,0,0,4,,4,0,0.107277158297206,0.0083975232027644,0.1801395603283714,0.0578382585668205,0.7125823385748651,0.9337640009684616,9.427995574186702e-07,2.1726195360024634e-07,4.0,0,5.0,0,6.0,0,4.0,0,0.0,1,2022-11-01,2022-10-01,2022-11-01,2022-09-01,2022-11-01,2022-12-10,2022-12-03,slowdown,official,0,accepted
2022-12-23,0,2022-12-23,slowdown,slowdown,official,0.3104800984033012,-0.4045003548462995,1,1,1,2,0.3543885015089456,labor_stress,1.432144146342911,-1.3353805566140458,none,absent,True,0.8433894065425505,0,slowdown,0.0,0.2439977467114646,0,0,4,,4,0,0.1257786890542077,0.0102068946628085,0.216905098074095,0.0732017336134544,0.6573152675071048,0.916591140156005,9.453645925497344e-07,2.3156773209175178e-07,5.0,0,6.0,0,3.0,0,5.0,0,0.0,1,2022-11-01,2022-11-01,2022-11-01,2022-10-01,2022-11-01,2022-12-17,2022-12-10,slowdown,official,0,unchanged
2022-12-30,0,2022-12-30,slowdown,slowdown,official,0.303934471460651,-0.3817302758609895,1,1,1,2,0.3476643395207666,labor_stress,1.39359225995312,-1.2523048798206395,none,absent,False,0.8279794280290468,0,slowdown,0.0,0.2417224343299893,0,0,4,,4,0,0.1321304216376526,0.0114465700110742,0.2249126934864159,0.0802868834182035,0.64295593895267,0.9082663114472505,9.459232614774138e-07,2.3512347188677737e-07,6.0,0,7.0,0,4.0,0,6.0,0,0.0,1,2022-11-01,2022-11-01,2022-11-01,2022-10-01,2022-11-01,2022-12-24,2022-12-17,slowdown,official,0,unchanged
2023-01-06,0,2023-01-06,slowdown,slowdown,official,0.3114882908974027,-0.3607324381714257,1,2,1,3,0.3586484714744548,labor_stress,1.4511673422409284,-0.9874107412338172,none,absent,False,0.8364007422070902,0,slowdown,0.2726010223051395,0.2333879762830349,0,0,4,,4,0,0.1292739140522113,0.0106472184950085,0.2233798916524579,0.0764759073544534,0.6473452877516895,0.9128766495615436,9.065436412929912e-07,2.245889944547065e-07,7.0,0,4.0,0,5.0,0,7.0,0,0.0,1,2022-12-01,2022-11-01,2022-11-01,2022-10-01,2022-11-01,2022-12-31,2022-12-24,slowdown,official,0,unchanged
2023-01-13,0,2023-01-13,slowdown,slowdown,official,0.3142864662983715,-0.3186072146746884,1,2,1,3,0.3603073512932833,labor_stress,1.462920535624621,-0.7776185901118425,none,absent,False,0.811302571399702,0,slowdown,0.2660119439753967,0.222574083133314,0,0,4,,4,0,0.1377807787266886,0.0123558054985802,0.2394075163366029,0.0881706959815831,0.6228107957864208,0.8994732673812852,9.09150287625658e-07,2.311385513605633e-07,8.0,0,5.0,0,6.0,0,8.0,0,0.0,1,2022-12-01,2022-11-01,2022-11-01,2022-10-01,2022-11-01,2023-01-07,2022-12-31,slowdown,official,0,unchanged
2023-01-20,0,2023-01-20,slowdown,slowdown,official,0.1553093352329613,-0.7563712608270844,1,3,1,4,0.3862854027945372,labor_stress,1.5360289414344128,-0.3970356793507204,watch,preliminary,True,0.952139872380856,0,slowdown,0.3788534926873213,0.3788534926873213,0,0,4,,4,0,0.0766717366895547,0.0039181970990238,0.0971230334869315,0.0219708786778444,0.8262043869253738,0.9741107510587006,8.428981400000639e-07,1.731644309123787e-07,4.0,0,6.0,0,7.0,0,4.0,0,0.0,1,2022-12-01,2022-11-01,2022-12-01,2022-10-01,2022-12-01,2023-01-14,2023-01-07,slowdown,official,0,unchanged
2023-01-27,0,2023-01-27,slowdown,slowdown,official,0.1189528602505045,-0.865518840151854,2,3,1,4,0.3745098710551223,labor_stress,1.6346682738403138,-0.0380744446816714,none,absent,True,0.9643015837246204,0,slowdown,0.3326519197009571,0.3326519197009571,0,0,4,,4,0,0.0647774469907198,0.0030952934201423,0.0763343963395391,0.0163014781698614,0.8588873189447491,0.980603061894482,8.377249918244841e-07,1.665155143463356e-07,5.0,0,7.0,0,4.0,0,5.0,0,0.0,1,2022-12-01,2022-12-01,2022-12-01,2022-11-01,2022-12-01,2023-01-21,2023-01-14,slowdown,official,0,unchanged
2023-02-03,0,2023-02-03,slowdown,slowdown,official,0.1555879049694848,-0.6539114981129686,2,2,1,3,0.3754232906993262,labor_stress,1.7074234316284556,0.2892366896009735,none,absent,True,0.9262667945956492,0,slowdown,0.2838756358552474,0.2742122252135385,0,0,4,,4,0,0.0985486586364036,0.0057600358860954,0.1342723651897658,0.0339864882048238,0.7671780924847492,0.9602532828004732,8.836890813518304e-07,1.931086077484296e-07,6.0,0,3.0,0,5.0,0,6.0,0,0.0,1,2023-01-01,2022-12-01,2022-12-01,2022-11-01,2022-12-01,2023-01-28,2023-01-21,slowdown,official,0,unchanged
2023-02-10,0,2023-02-10,slowdown,slowdown,official,0.1556385561972056,-0.6321026374485627,2,2,1,3,0.3748100923694517,labor_stress,1.6959059449241214,0.3795750047349678,none,absent,True,0.9197402005647836,0,slowdown,0.2792622345370609,0.2650282193401505,0,0,4,,4,0,0.1028268235139695,0.0063414413547626,0.1401154655997688,0.0369590813698192,0.7570568265831507,0.956699281934603,8.843031110678956e-07,1.9534081511552306e-07,7.0,0,4.0,0,6.0,0,7.0,0,0.0,1,2023-01-01,2022-12-01,2022-12-01,2022-11-01,2022-12-01,2023-02-04,2023-01-28,slowdown,official,0,unchanged
2023-02-17,0,2023-02-17,slowdown,slowdown,official,0.1863674216994346,-0.0701934426488091,1,1,1,2,0.4253725147115908,labor_stress,1.6517839509187762,0.2994464014832525,none,absent,False,0.348228998911101,0,slowdown,0.0,0.0268271813644312,0,0,4,,4,0,0.2390999793995419,0.06507562455037,0.346330513719466,0.2933475522659556,0.4145685766492992,0.6415765511770567,9.302316928077276e-07,2.720066175573496e-07,4.0,0,5.0,0,7.0,0,4.0,0,0.0,1,2023-01-01,2022-12-01,2023-01-01,2022-11-01,2023-01-01,2023-02-11,2023-02-04,slowdown,official,0,unchanged
2023-02-24,0,2023-02-24,slowdown,slowdown,official,0.3178466065147209,-0.0472618146515771,1,1,1,2,0.5107101970848381,labor_stress,1.6074194812474645,0.3237696962723482,none,absent,False,0.2589737280548795,0,slowdown,0.0,0.0105624574840386,0,0,4,,4,0,0.1998187751161186,0.0527638317113647,0.37589604667889,0.3441310955125891,0.4242842479732985,0.6031048235674686,9.302316928077276e-07,2.492085774162249e-07,5.0,0,6.0,0,3.0,0,5.0,0,0.0,1,2023-01-01,2023-01-01,2023-01-01,2022-12-01,2023-01-01,2023-02-18,2023-02-11,slowdown,official,0,unchanged
2023-03-03,0,2023-03-03,slowdown,slowdown,official,0.3095597294519964,-0.0818451386269782,1,1,1,2,0.5019120804272948,labor_stress,1.556885013104091,0.1496875568935836,none,absent,False,0.2685958065697659,0,slowdown,0.0,0.0191100878943273,0,0,4,,4,0,0.1948323829765091,0.0538882507695365,0.360526878163149,0.3387578503998523,0.444639808628649,0.6073536569696183,9.302316928077276e-07,2.418609928073956e-07,6.0,0,7.0,0,4.0,0,6.0,0,0.0,1,2023-01-01,2023-01-01,2023-01-01,2022-12-01,2023-01-01,2023-02-25,2023-02-18,slowdown,official,0,unchanged
2023-03-10,0,2023-03-10,slowdown,slowdown,official,0.2911953218427,-0.1053112199967068,1,1,1,2,0.4882356785160256,labor_stress,1.46963127985765,-0.0334898888042443,none,absent,False,0.2689088673532349,0,slowdown,0.0,0.0341000027260044,0,0,4,,4,0,0.195281715550465,0.0569615502881273,0.3484031728891871,0.337064672359892,0.456314181328655,0.605973539713127,9.302316928077276e-07,2.3763885373636775e-07,7.0,0,4.0,0,5.0,0,7.0,0,0.0,1,2023-02-01,2023-01-01,2023-01-01,2022-12-01,2023-01-01,2023-03-04,2023-02-25,slowdown,official,0,unchanged
2023-03-17,0,2023-03-17,expansion,expansion,official,0.2508614091097778,0.4947439679393168,1,0,1,1,0.4870736063156151,labor_stress,1.466493856758624,-0.1585827137585802,none,absent,True,0.7314352204447919,0,expansion,0.0,0.0339820100911243,0,0,4,,4,0,0.261173338869111,0.1093805482054651,0.5855022147777125,0.8408157686502571,0.153323505424505,0.0498035937369833,9.409286716075966e-07,8.940729446668815e-08,4.0,0,5.0,0,6.0,0,4.0,0,0.0,1,2023-02-01,2023-01-01,2023-02-01,2022-12-01,2023-02-01,2023-03-11,2023-03-04,expansion,official,0,accepted
2023-03-24,0,2023-03-24,expansion,expansion,official,0.2526802265876621,0.4411636154686743,1,0,1,1,0.4783998973051066,labor_stress,1.4440778094860798,-0.4259576640059698,none,absent,True,0.7163372824265395,0,expansion,0.0,0.0912766422869935,0,0,4,,4,0,0.2616581358613022,0.1131792279138621,0.5677797992985345,0.8295165103404016,0.1705611227088682,0.0573041687383975,9.42131294950577e-07,9.300733878824225e-08,5.0,0,6.0,0,7.0,0,5.0,0,0.0,1,2023-02-01,2023-01-01,2023-02-01,2022-12-01,2023-02-01,2023-03-18,2023-03-11,expansion,official,0,unchanged
2023-03-31,0,2023-03-31,expansion,expansion,official,0.2649800955700311,0.3671376152032185,1,1,2,1,0.4501120666484891,labor_stress,1.3852589450516477,-0.6634007877926447,none,absent,False,0.6713716195244757,0,expansion,0.0,0.1421573116698524,0,0,4,,4,0,0.262856902530832,0.1251713400809428,0.5301761944931465,0.7965429596054185,0.2069659886911432,0.078285597460715,9.142848783681112e-07,1.0285292338635593e-07,6.0,0,7.0,0,4.0,0,6.0,0,0.0,1,2023-02-01,2023-02-01,2023-02-01,2023-01-01,2023-02-01,2023-03-25,2023-03-18,expansion,official,0,unchanged
2023-04-07,0,2023-04-07,slowdown,expansion,official,0.1182845523516407,0.0466173331892691,1,2,2,2,0.37384913711912,real_income,0.6684294086053975,-1.45300850019949,none,absent,False,0.1340155351436394,0,expansion,0.3125288918991576,0.15,0,0,4,,4,0,0.2636657390916934,0.1544083425257303,0.364425823099978,0.4898034891168276,0.3719075207101055,0.3557879539731882,9.170982229276292e-07,2.1438425386699922e-07,7.0,0,4.0,0,5.0,0,7.0,0,0.0,1,2023-03-01,2023-02-01,2023-02-01,2023-01-01,2023-02-01,2023-04-01,2023-03-25,expansion,official,0,unchanged
2023-04-14,0,2023-04-14,slowdown,slowdown,official,0.1419778782743547,-0.5338136186299204,1,3,1,3,0.3020488537657013,real_income,0.6161517991835984,-1.336196458141166,watch,preliminary,True,0.8973535235777756,0,slowdown,0.4188291031312159,0.3826196342278409,0,0,4,,4,0,0.1135859276813097,0.0080672774327303,0.1619264901261443,0.0472895016366371,0.7244867265595892,0.9446430252144128,8.556329567889206e-07,1.9571621970916386e-07,4.0,0,5.0,0,6.0,0,4.0,0,0.0,1,2023-03-01,2023-02-01,2023-03-01,2023-01-01,2023-03-01,2023-04-08,2023-04-01,slowdown,official,0,accepted
2023-04-21,0,2023-04-21,slowdown,slowdown,official,0.1382063966786618,-0.4979631567025637,1,3,1,3,0.3025470588357176,real_income,0.5864279483766388,-1.1666046816390758,none,absent,True,0.8885237186746829,0,slowdown,0.4137446052916594,0.3692639990295043,0,0,4,,4,0,0.1220997556359686,0.0087383984818701,0.1727634381943814,0.0513688411211572,0.7051359477385374,0.9398925597958402,8.584311125278869e-07,2.006011324091628e-07,5.0,0,6.0,0,7.0,0,5.0,0,0.0,1,2023-03-01,2023-02-01,2023-03-01,2023-01-01,2023-03-01,2023-04-15,2023-04-08,slowdown,official,0,unchanged
2023-04-28,0,2023-04-28,slowdown,slowdown,official,0.0583261975734054,-0.5432817637412573,2,2,1,3,0.253588924489228,real_income,0.6002021734244972,-0.9305240924654188,watch,preliminary,True,0.8953479284352466,0,slowdown,0.4836599012815233,0.4416013810296419,0,0,4,,4,0,0.1350971939442537,0.0095925073759321,0.1630850414322214,0.047529676451557,0.7018168675437787,0.9428776048868036,8.970797462246312e-07,2.1128570720614093e-07,6.0,0,7.0,0,4.0,0,5.0,0,0.0,1,2023-03-01,2023-03-01,2023-03-01,2023-02-01,2023-03-01,2023-04-22,2023-04-15,slowdown,official,0,unchanged
2023-05-05,0,2023-05-05,slowdown,slowdown,official,0.0441266255472519,-0.5791153254938679,2,2,1,3,0.2584132295955601,real_income,0.5607718121162837,-0.7603315271189662,watch,preliminary,True,0.9050017340536598,0,slowdown,0.5042382638916905,0.4707604559296674,0,0,4,,4,0,0.1297101319511927,0.0088821097166323,0.1522234881805828,0.0430579745167468,0.7180654841500788,0.9480597085704066,8.957181455964951e-07,2.0719621428244174e-07,7.0,0,3.0,0,5.0,0,6.0,0,0.0,1,2023-04-01,2023-03-01,2023-03-01,2023-02-01,2023-03-01,2023-04-29,2023-04-22,slowdown,official,0,unchanged
2023-05-12,0,2023-05-12,slowdown,slowdown,official,0.0350845078419806,-0.5796689712751416,2,2,1,3,0.2607631804382575,real_income,0.4822618539339838,-0.763099756025335,watch,preliminary,True,0.9029163092161062,0,slowdown,0.511374890669924,0.4773937491983805,0,0,4,,4,0,0.1316190996853694,0.00935136782239,0.1517118983857298,0.043866057662692,0.7166681059927964,0.9467823668787982,8.959361044059725e-07,2.0763611980582961e-07,8.0,0,4.0,0,6.0,0,7.0,0,0.0,1,2023-04-01,2023-03-01,2023-03-01,2023-02-01,2023-03-01,2023-05-06,2023-04-29,slowdown,official,0,unchanged
2023-05-19,0,2023-05-19,slowdown,slowdown,official,0.0408698701979443,-0.3918616884536402,2,2,1,3,0.2564922467250574,real_income,0.50702249884,-0.4670010909016698,none,absent,True,0.8307811758681627,0,slowdown,0.4045979732131855,0.3186564805796157,0,0,4,,4,0,0.1795262390363853,0.0172738227651769,0.2093262970327523,0.0759723819344936,0.6111465582506969,0.9067535578026564,9.056801655942532e-07,2.374976732061521e-07,4.0,0,5.0,0,7.0,0,4.0,0,0.0,1,2023-04-01,2023-03-01,2023-04-01,2023-02-01,2023-04-01,2023-05-13,2023-05-06,slowdown,official,0,unchanged
2023-05-26,0,2023-05-26,slowdown,slowdown,official,-0.0795591831268748,-0.2583551967289625,2,2,2,3,0.3287976413960272,real_income,0.6488126074737899,0.0099583776932233,none,absent,False,0.7298932840429461,0,slowdown,0.3369453475355346,0.1816687212561152,0,0,4,,4,0,0.241657988021739,0.0365518018209003,0.2467114990709477,0.1167773228804037,0.5116296137147998,0.8466706069233497,8.991925135692614e-07,2.6837534623147375e-07,5.0,0,6.0,0,3.0,0,5.0,0,0.0,1,2023-04-01,2023-04-01,2023-04-01,2023-03-01,2023-04-01,2023-05-20,2023-05-13,slowdown,official,0,unchanged
2023-06-02,0,2023-06-02,slowdown,slowdown,official,-0.0683421752364038,-0.1323375242477457,2,1,2,2,0.3243222617078724,real_income,0.6655136490565488,0.0066251956623442,none,absent,False,0.4575746069184011,0,slowdown,0.0074795663782225,0.0912645663501012,0,0,4,,4,0,0.2446733933528341,0.0597085776731106,0.3266845813659045,0.2413582692184744,0.428641114868635,0.6989328761368756,9.104126264291502e-07,2.7697153923658625e-07,6.0,0,3.0,0,4.0,0,6.0,0,0.0,1,2023-05-01,2023-04-01,2023-04-01,2023-03-01,2023-04-01,2023-05-27,2023-05-20,slowdown,official,0,unchanged
2023-06-09,0,2023-06-09,slowdown,slowdown,official,-0.0793522971580678,-0.1429225122588044,2,1,2,2,0.3287139799603144,real_income,0.5836155759248458,-0.0476058512611853,none,absent,False,0.4277246558800828,0,slowdown,0.0190616882603527,0.1106649933050301,0,0,4,,4,0,0.2447557859713674,0.0658449966455958,0.321631162728343,0.2532150384433961,0.4336121405810859,0.6809396943234789,9.107192036143904e-07,2.705875290982491e-07,7.0,0,4.0,0,5.0,0,7.0,0,0.0,1,2023-05-01,2023-04-01,2023-04-01,2023-03-01,2023-04-01,2023-06-03,2023-05-27,slowdown,official,0,unchanged
2023-06-16,0,2023-06-16,slowdown,slowdown,official,-0.1123237824783731,-0.0347320090607491,2,1,1,2,0.3362199946633492,real_income,0.4774205136084705,-0.1862853844616079,none,absent,False,0.1420854762005336,0,slowdown,0.0499155429927673,0.0657145427795228,0,0,4,,4,0,0.2499997674420768,0.094380262045839,0.3583254221662609,0.3817670054923556,0.3916738801599694,0.5238524816928892,9.302316928077276e-07,2.5076891604386217e-07,4.0,0,5.0,0,6.0,0,4.0,0,0.0,1,2023-05-01,2023-04-01,2023-05-01,2023-03-01,2023-05-01,2023-06-10,2023-06-03,slowdown,official,0,unchanged
2023-06-23,0,2023-06-23,slowdown,slowdown,official,-0.1237279711918822,-0.0767236902677079,2,1,1,2,0.339400112099486,real_income,0.3850330860925369,-0.403509853765719,none,absent,False,0.1748254258724579,0,slowdown,0.0985666331588305,0.1445069401668655,0,0,4,,4,0,0.2499997674420768,0.0988542402344032,0.3382598809103723,0.3631600426791656,0.4117394214158582,0.5379854685516235,9.302316928077276e-07,2.485348075158281e-07,5.0,0,6.0,0,7.0,0,5.0,0,0.0,1,2023-05-01,2023-04-01,2023-05-01,2023-03-01,2023-05-01,2023-06-17,2023-06-10,slowdown,official,0,unchanged
2023-06-30,0,2023-06-30,slowdown,slowdown,official,-0.1358340061470907,-0.2365043781219201,2,1,0,2,0.302544291019056,real_income,0.3752840590571829,-0.339908632615889,none,absent,False,0.5998412659719233,0,slowdown,0.0906665879815324,0.2552061858941314,0,0,4,,4,0,0.2323190650240871,0.0506222757876851,0.2829156552869021,0.1747680911778438,0.4847643504127507,0.7746093571497672,9.292762600963484e-07,2.758847038500518e-07,6.0,0,7.0,0,4.0,0,6.0,0,0.0,1,2023-05-01,2023-05-01,2023-05-01,2023-04-01,2023-05-01,2023-06-24,2023-06-17,slowdown,official,0,unchanged
2023-07-07,0,2023-07-07,slowdown,slowdown,official,-0.1333898906739107,-0.2825374938879943,2,2,0,3,0.3004589549469289,real_income,0.4245369208986605,-0.2687665645972854,none,absent,False,0.7296836994485963,0,slowdown,0.4349610467666144,0.2746240822456582,0,0,4,,4,0,0.2284913341657362,0.0364020728439179,0.2406186977077015,0.1169569816611971,0.5308890541612254,0.8466406811097935,9.139653366629448e-07,2.643850913695129e-07,7.0,0,4.0,0,5.0,0,7.0,0,0.0,1,2023-06-01,2023-05-01,2023-05-01,2023-04-01,2023-05-01,2023-07-01,2023-06-24,slowdown,official,0,unchanged
2023-07-14,0,2023-07-14,slowdown,slowdown,official,-0.1099105569185723,-0.2803147661413151,2,2,0,3,0.2870980064897474,real_income,0.4904825273448717,-0.2576529258638892,none,absent,False,0.7239965118490465,0,slowdown,0.4178345156959807,0.2625909173910931,0,0,4,,4,0,0.2285060610414086,0.0368388523983112,0.2415580277720129,0.1195821858460324,0.5299349971623343,0.8435786976950789,9.140242441656346e-07,2.640605775407833e-07,8.0,0,5.0,0,6.0,0,8.0,0,0.0,1,2023-06-01,2023-05-01,2023-05-01,2023-04-01,2023-05-01,2023-07-08,2023-07-01,slowdown,official,0,unchanged
2023-07-21,0,2023-07-21,slowdown,slowdown,official,-0.1635194739079175,-0.4158800229057453,2,2,0,4,0.3100422008039407,real_income,0.5718683057176056,-0.0901257131011621,none,absent,True,0.8431230745971428,0,slowdown,0.4681854168941345,0.353895603623293,0,0,4,,4,0,0.2306969799805443,0.0268259207850493,0.1773498913422812,0.0650253757863642,0.5919522058892545,0.908148450383507,9.227879199221773e-07,2.530450794626056e-07,4.0,0,6.0,0,7.0,0,4.0,0,0.0,1,2023-06-01,2023-05-01,2023-06-01,2023-04-01,2023-06-01,2023-07-15,2023-07-08,slowdown,official,0,unchanged
2023-07-28,0,2023-07-28,slowdown,slowdown,official,-0.05779737830387,-0.0144913689282786,2,2,2,4,0.3023902252250379,real_income,0.6144721291658933,-0.0305901542157521,none,absent,False,0.315694665146489,0,slowdown,0.2483770676517165,0.0163643392767934,0,0,4,,4,0,0.2626062107844765,0.0907231283117805,0.3361717103387549,0.2967909660078431,0.4012211654638615,0.6124856311543322,9.1341290707644e-07,2.745260439827016e-07,5.0,0,7.0,0,4.0,0,5.0,0,0.0,1,2023-06-01,2023-06-01,2023-06-01,2023-05-01,2023-06-01,2023-07-22,2023-07-15,slowdown,official,0,unchanged
2023-08-04,0,2023-08-04,slowdown,slowdown,official,-0.0497791657356578,-0.0367586729840778,2,2,2,4,0.2984972708112967,real_income,0.6685179139423347,0.2309300223302129,none,absent,False,0.408472165326839,0,slowdown,0.2457931822710534,0.024526433254523,0,0,4,,4,0,0.2622223257792456,0.0806980995389002,0.325934767964248,0.2554147257649793,0.4118419941788515,0.6638868910918183,9.120776548843324e-07,2.836043020987956e-07,6.0,0,3.0,0,5.0,0,6.0,0,0.0,1,2023-07-01,2023-06-01,2023-06-01,2023-05-01,2023-06-01,2023-07-29,2023-07-22,slowdown,official,0,unchanged
2023-08-11,0,2023-08-11,slowdown,slowdown,official,-0.0403279176151508,-0.0073793306171763,2,2,2,4,0.2937735498847385,real_income,0.6389950819677743,0.3778267341647202,none,absent,False,0.3357633616139129,0,slowdown,0.2319568999346743,0.0067166983927655,0,0,4,,4,0,0.2627291740200008,0.0868495302451961,0.3394507328040569,0.2886934142026255,0.397819179335337,0.6244567758165385,9.138406052869596e-07,2.797356399310076e-07,7.0,0,4.0,0,6.0,0,7.0,0,0.0,1,2023-07-01,2023-06-01,2023-06-01,2023-05-01,2023-06-01,2023-08-05,2023-07-29,slowdown,official,0,unchanged
2023-08-18,0,2023-08-18,expansion,expansion,official,0.0537233972457098,0.4398654180737423,2,1,2,3,0.2784050669053241,real_income,0.6004367866213417,0.4776959444381661,none,absent,True,0.6209192326401625,0,expansion,0.0,0.0,0,0,4,,4,0,0.2926169416254898,0.1486093368537454,0.5246448891802739,0.7695285694939078,0.1827372201117209,0.0818619696570839,9.490825153690548e-07,1.23995262898155e-07,4.0,0,5.0,0,7.0,0,4.0,0,0.0,1,2023-07-01,2023-06-01,2023-07-01,2023-05-01,2023-07-01,2023-08-12,2023-08-05,expansion,official,0,accepted
2023-08-25,0,2023-08-25,expansion,expansion,official,0.0442726483684886,0.4198547049701894,2,1,2,3,0.2824193352805348,real_income,0.55297737743754,0.379000355537819,none,absent,True,0.6084809510772868,0,expansion,0.0,0.0,0,0,4,,4,0,0.2991708988948709,0.1574331087858918,0.5128148834503946,0.7659140598631786,0.1880132697951784,0.076652711639582,9.478595561108122e-07,1.1971134757280793e-07,5.0,0,6.0,0,8.0,0,5.0,0,0.0,1,2023-07-01,2023-06-01,2023-07-01,2023-05-01,2023-07-01,2023-08-19,2023-08-12,expansion,official,0,unchanged
2023-09-01,0,2023-09-01,expansion,expansion,official,0.0132632138901453,0.1950718395508041,2,1,2,3,0.2886307167816481,real_income,0.523226261225192,0.2514685086150794,none,absent,False,0.4665057679104223,0,expansion,0.0,0.0,0,0,4,,4,0,0.2715491205137466,0.1506697164228054,0.4409100109463587,0.657917942920445,0.2875399240212145,0.1914121750100227,9.445186800478142e-07,1.6564672658488804e-07,6.0,0,3.0,0,4.0,0,6.0,0,0.0,1,2023-08-01,2023-07-01,2023-07-01,2023-06-01,2023-07-01,2023-08-26,2023-08-19,expansion,official,0,unchanged
2023-09-08,0,2023-09-08,expansion,expansion,official,0.0327862556882027,0.1970350843775015,2,1,2,3,0.2802539704341781,real_income,0.6022223344391685,0.2612847327485663,none,absent,False,0.4743331468118081,0,expansion,0.0,0.0,0,0,4,,4,0,0.2715661661188,0.1538758198155913,0.4417746438772695,0.6602285811326368,0.2866582454259614,0.1858954343208287,9.445779691088696e-07,1.647309431502187e-07,7.0,0,4.0,0,5.0,0,7.0,0,0.0,1,2023-08-01,2023-07-01,2023-07-01,2023-06-01,2023-07-01,2023-09-02,2023-08-26,expansion,official,0,unchanged
2023-09-15,0,2023-09-15,expansion,expansion,official,0.0652599046861797,0.2217117102291428,2,1,2,3,0.2476915814277744,real_income,0.6433964630296781,0.1790927459706856,none,absent,False,0.5810902847501986,0,expansion,0.0,0.0,0,0,4,,4,0,0.2499997674420768,0.1254261445394856,0.4787351769847767,0.7278320029877048,0.2712641253414536,0.1467417182375061,9.302316928077276e-07,1.3423530349949988e-07,4.0,0,5.0,0,6.0,0,4.0,0,0.0,1,2023-08-01,2023-07-01,2023-08-01,2023-06-01,2023-08-01,2023-09-09,2023-09-02,expansion,official,0,unchanged
2023-09-22,0,2023-09-22,expansion,expansion,official,0.0896226402458802,0.2384575912488805,2,1,2,3,0.2375920711203433,real_income,0.7278212982830236,0.2573855130417722,none,absent,False,0.5899426200509967,0,expansion,0.0,0.0,0,0,4,,4,0,0.2499997674420767,0.1250069914008757,0.4861193253566812,0.7324677472662847,0.2638799769695492,0.1425251272152879,9.302316928077276e-07,1.3411755160591506e-07,5.0,0,6.0,0,7.0,0,5.0,0,0.0,1,2023-08-01,2023-07-01,2023-08-01,2023-06-01,2023-08-01,2023-09-16,2023-09-09,expansion,official,0,unchanged
2023-09-29,0,2023-09-29,expansion,expansion,official,0.1708963115753431,0.2948691947662961,2,1,2,3,0.2353897256019974,real_income,0.8013337098341231,0.2963903030830084,none,absent,False,0.6470407223137371,0,expansion,0.0,0.0,0,0,4,,4,0,0.2499997674420767,0.1198829594022562,0.5102804534003503,0.7669236817159933,0.23971884892588,0.1131932387602331,9.302316928077276e-07,1.201215172710665e-07,6.0,0,7.0,0,4.0,0,6.0,0,0.0,1,2023-08-01,2023-08-01,2023-08-01,2023-07-01,2023-08-01,2023-09-23,2023-09-16,expansion,official,0,unchanged
2023-10-06,0,2023-10-06,expansion,expansion,official,0.1883908321829798,0.4329309557872324,2,0,2,2,0.2297578216737677,real_income,0.8274580687287447,0.4060564616227911,none,absent,True,0.7235473374173321,0,expansion,0.0,0.0,0,0,4,,4,0,0.2557295731287419,0.1091978188757158,0.5783901838704847,0.8327451562930479,0.1658793362854762,0.0580569335724353,9.067152972632916e-07,9.125880096889273e-08,7.0,0,4.0,0,5.0,0,7.0,0,0.0,1,2023-09-01,2023-08-01,2023-08-01,2023-07-01,2023-08-01,2023-09-30,2023-09-23,expansion,official,0,unchanged
2023-10-13,0,2023-10-13,expansion,expansion,official,0.2034520848729489,0.4363570755547828,2,0,2,2,0.2312293217421028,employment,0.8326213907083142,0.4756146511179691,none,absent,True,0.7235726317537831,0,expansion,0.0,0.0,0,0,4,,4,0,0.2565078670799942,0.10974387131177,0.5789130032429844,0.8333165030655532,0.1645782230842175,0.0569395348646524,9.06592803976595e-07,9.075802429458521e-08,8.0,0,5.0,0,6.0,0,8.0,0,0.0,1,2023-09-01,2023-08-01,2023-08-01,2023-07-01,2023-08-01,2023-10-07,2023-09-30,expansion,official,0,unchanged
2023-10-20,0,2023-10-20,expansion,expansion,official,0.2298558363740354,0.2485081875017231,1,0,1,1,0.2501989892708917,employment,0.7943250378976812,0.4928893408389599,none,absent,False,0.6584832083910682,0,expansion,0.0,0.0,0,0,4,,4,0,0.2460343671659241,0.1157251777973199,0.5164050549494508,0.7742083861883882,0.23755966240791,0.1100663205482299,9.154767150359968e-07,1.154660618524552e-07,4.0,0,6.0,0,7.0,0,4.0,0,0.0,1,2023-09-01,2023-08-01,2023-09-01,2023-07-01,2023-09-01,2023-10-14,2023-10-07,expansion,official,0,unchanged
2023-10-27,0,2023-10-27,expansion,expansion,official,0.2152751248511822,0.198188707239383,1,0,1,1,0.2557247379430346,employment,0.7163531438677287,0.3887517581329109,none,absent,False,0.6259665066439147,0,expansion,0.0,0.0,0,0,4,,4,0,0.2467898241138832,0.1196006699267419,0.4944499318643343,0.7531828573501929,0.2587593257340648,0.1272163507062781,9.182877176330538e-07,1.2201678712897865e-07,5.0,0,7.0,0,4.0,0,5.0,0,0.0,1,2023-09-01,2023-09-01,2023-09-01,2023-08-01,2023-09-01,2023-10-21,2023-10-14,expansion,official,0,unchanged
2023-11-03,0,2023-11-03,expansion,expansion,official,0.1825403267045008,0.0730236616598387,1,1,1,2,0.2505713530971275,real_income,0.623749516548028,0.0523052166329465,none,absent,False,0.4012894532762452,0,expansion,0.0,0.0,0,0,4,,4,0,0.2499997674420768,0.1358112491202737,0.4099781873081001,0.632739020771456,0.3400211150181303,0.2314495674952108,9.302316928077276e-07,1.626130593008605e-07,6.0,0,3.0,0,5.0,0,6.0,0,0.0,1,2023-10-01,2023-09-01,2023-09-01,2023-08-01,2023-09-01,2023-10-28,2023-10-21,expansion,official,0,unchanged
2023-11-10,0,2023-11-10,expansion,expansion,official,0.1714498455177115,0.0203798399876901,1,1,1,2,0.2599281046942171,employment,0.5391316452196455,-0.2099412244287162,none,absent,False,0.3074566412633037,0,expansion,0.0,0.0449874052347249,0,0,4,,4,0,0.2499997674420767,0.1387511826201639,0.3847878870576404,0.5843526406530055,0.3652114152685899,0.2768959993897018,9.302316928077276e-07,1.773371286906185e-07,7.0,0,4.0,0,6.0,0,7.0,0,0.0,1,2023-10-01,2023-09-01,2023-09-01,2023-08-01,2023-09-01,2023-11-04,2023-10-28,expansion,official,0,unchanged
2023-11-17,0,2023-11-17,slowdown,slowdown,official,0.0324757597551174,-0.4335329411775371,1,2,0,3,0.3204899012654491,employment,0.3887114891135785,-0.6826693963926849,watch,preliminary,True,0.8072466892747738,0,slowdown,0.4681774644138057,0.3925083868489671,0,0,4,,4,0,0.172657820215276,0.0269849212962373,0.1841730588310604,0.082884078601652,0.6431682048460847,0.8901307678764259,9.161075789124972e-07,2.3222568463637678e-07,4.0,0,5.0,0,7.0,0,4.0,0,0.0,1,2023-10-01,2023-09-01,2023-10-01,2023-08-01,2023-10-01,2023-11-11,2023-11-04,slowdown,official,0,accepted
2023-11-24,0,2023-11-24,slowdown,slowdown,official,0.0278592982161333,-0.4735269538273625,1,2,0,3,0.3235401768530486,employment,0.3635544651167978,-0.8826394596418121,watch,preliminary,True,0.854928657017316,0,slowdown,0.486517933359304,0.4215750351914842,0,0,4,,4,0,0.1626993277326046,0.0183813780490509,0.1719648612753258,0.0633448695655692,0.6653348977757956,0.9182735265828852,9.132162740303612e-07,2.2580249469141705e-07,5.0,0,6.0,0,8.0,0,5.0,0,0.0,1,2023-10-01,2023-09-01,2023-10-01,2023-08-01,2023-10-01,2023-11-18,2023-11-11,slowdown,official,0,unchanged
2023-12-01,0,2023-12-01,slowdown,slowdown,official,0.1063593871166286,-0.209376241664912,1,2,2,3,0.393935069274798,employment,0.3177895245877514,-1.0026023475309491,none,absent,False,0.5135095524638611,0,slowdown,0.3676876010793918,0.2502414835197521,0,0,4,,4,0,0.2388412121782761,0.0863203038007803,0.2565919496022878,0.200084942563796,0.5045659351864888,0.7135944950276571,9.03032947310779e-07,2.586077662673347e-07,6.0,0,7.0,0,4.0,0,6.0,0,0.0,1,2023-10-01,2023-10-01,2023-10-01,2023-09-01,2023-10-01,2023-11-25,2023-11-18,slowdown,official,0,unchanged
2023-12-08,0,2023-12-08,slowdown,slowdown,official,0.0945502229321445,-0.2684044750737072,1,2,2,3,0.3888324612655404,employment,0.2930540987894136,-1.0647553802806555,none,absent,False,0.6762898051364206,0,slowdown,0.388719755156251,0.2823278696488071,0,0,4,,4,0,0.2247264075224062,0.0524216469164153,0.235826027973353,0.1356441458629059,0.5394466641798896,0.8119339509993264,9.003243511927408e-07,2.562213522505248e-07,7.0,0,4.0,0,5.0,0,7.0,0,0.0,1,2023-11-01,2023-10-01,2023-10-01,2023-09-01,2023-10-01,2023-12-02,2023-11-25,slowdown,official,0,unchanged
2023-12-15,0,2023-12-15,slowdown,slowdown,official,0.1026139903900313,-0.3278852982104724,1,2,2,3,0.3844321369147879,employment,0.3616131280370882,-0.8396132067859021,none,absent,False,0.7950737163187827,0,slowdown,0.3983799055340508,0.3084614928091818,0,0,4,,4,0,0.2037836516967079,0.0258461494426962,0.2173047866469843,0.0895399441230825,0.5789106637477686,0.8846136604418652,8.979085392073988e-07,2.459923560645762e-07,4.0,0,5.0,0,6.0,0,4.0,0,0.0,1,2023-11-01,2023-10-01,2023-11-01,2023-09-01,2023-11-01,2023-12-09,2023-12-02,slowdown,official,0,unchanged
2023-12-22,0,2023-12-22,slowdown,slowdown,official,0.092741461572686,-0.1315334591724729,0,2,1,2,0.3771087296918655,employment,0.3586080944911046,-0.6799323750227573,none,absent,False,0.6080185732605665,0,slowdown,0.351587430526377,0.2108351482507292,0,0,4,,4,0,0.2478350523101548,0.0487354049712177,0.288090561511068,0.1716228689675535,0.4640734640018383,0.77964144222812,9.221769388284832e-07,2.838331086836768e-07,5.0,0,6.0,0,3.0,0,5.0,0,0.0,1,2023-11-01,2023-11-01,2023-11-01,2023-10-01,2023-11-01,2023-12-16,2023-12-09,slowdown,official,0,unchanged
2023-12-29,0,2023-12-29,slowdown,slowdown,official,0.0934863440168568,-0.0899704125767085,0,2,1,2,0.3764942189494049,employment,0.3623325067119586,-0.4709097597916362,none,absent,False,0.5452016569000393,0,slowdown,0.2961507288497555,0.145381679138693,0,0,4,,4,0,0.2485076349649299,0.0550712163698782,0.3069646030812271,0.1998634199723117,0.4445268372742709,0.745065076872351,9.2467957196253e-07,2.867854592166825e-07,6.0,0,7.0,0,4.0,0,6.0,0,0.0,1,2023-11-01,2023-11-01,2023-11-01,2023-10-01,2023-11-01,2023-12-23,2023-12-16,slowdown,official,0,unchanged
2024-01-05,0,2024-01-05,slowdown,slowdown,official,0.094075401540493,-0.009536080955102,0,2,1,2,0.3637324081939067,employment,0.3930289282094809,-0.2426171342253509,none,absent,False,0.3971358776336867,0,slowdown,0.2270992577085655,0.05669629781132,0,0,4,,4,0,0.2498400708929826,0.0673897881486869,0.3443554738048363,0.2677370234351974,0.405803525664708,0.6648729010688842,9.29637473090168e-07,2.873472313754101e-07,7.0,0,4.0,0,5.0,0,7.0,0,0.0,1,2023-12-01,2023-11-01,2023-11-01,2023-10-01,2023-11-01,2023-12-30,2023-12-23,slowdown,official,0,unchanged
2024-01-12,0,2024-01-12,expansion,slowdown,official,0.0995856360587099,0.0599475492778469,0,2,1,2,0.3730076068078559,employment,0.3887746310187759,0.0523711577651173,none,absent,False,0.2616117654490665,0,slowdown,0.170428533474203,0.0,0,0,4,,4,0,0.2510064413188558,0.077217809275915,0.3770862077121746,0.330585069986941,0.3719064169915134,0.5921968354360075,9.339774560701614e-07,2.853011365008729e-07,8.0,0,5.0,0,6.0,0,8.0,0,0.0,1,2023-12-01,2023-11-01,2023-11-01,2023-10-01,2023-11-01,2024-01-06,2023-12-30,slowdown,official,0,unchanged
2024-01-19,0,2024-01-19,expansion,expansion,official,0.0961719364164383,0.2510565381601791,0,1,1,1,0.3871098950704122,employment,0.4466694386652285,0.2298710185876193,none,absent,False,0.3964431845781724,0,expansion,0.0,0.0,0,0,4,,4,0,0.2588789603193532,0.1190786340410739,0.4735573939728363,0.63868217731478,0.2675626824372605,0.2422389927366076,9.632705500255002e-07,1.959075381985017e-07,4.0,0,6.0,0,7.0,0,4.0,0,0.0,1,2023-12-01,2023-11-01,2023-12-01,2023-10-01,2023-12-01,2024-01-13,2024-01-06,expansion,official,0,accepted
2024-01-26,0,2024-01-26,expansion,expansion,official,0.1374470391849654,0.3030994718184155,0,1,2,1,0.4198676468705258,employment,0.4629689454679735,0.3539441098246383,none,absent,False,0.5519595765527252,0,expansion,0.0,0.0,0,0,4,,4,0,0.2724542657517446,0.1416620128588921,0.4868232171703848,0.7051487034899664,0.2407215694108593,0.1531891269372412,9.47667011310416e-07,1.567139002697426e-07,5.0,0,7.0,0,4.0,0,5.0,0,0.0,1,2023-12-01,2023-12-01,2023-12-01,2023-11-01,2023-12-01,2024-01-20,2024-01-13,expansion,official,0,unchanged
2024-02-02,0,2024-02-02,expansion,expansion,official,0.1364733148274347,0.4402597095580237,0,0,2,0,0.4572611865846722,employment,0.3835359999954648,0.2316998065217807,none,absent,True,0.6755074610825398,0,expansion,0.0,0.0,0,0,4,,4,0,0.2815366298072758,0.1325877515465006,0.5521976044778182,0.8080952126290405,0.1662648409634141,0.0593169352169624,9.24751491877317e-07,1.0060749653141805e-07,6.0,0,3.0,0,5.0,0,6.0,0,0.0,1,2024-01-01,2023-12-01,2023-12-01,2023-11-01,2023-12-01,2024-01-27,2024-01-20,expansion,official,0,unchanged
2024-02-09,0,2024-02-09,expansion,expansion,official,0.1291592919540332,0.3852003881611123,0,0,2,0,0.4808028168286944,employment,0.3157637247928427,-0.0665359135994633,none,absent,False,0.6755113748877503,0,expansion,0.0,0.0142576957713135,0,0,4,,4,0,0.2665793563461553,0.1284564500991771,0.5445994227186322,0.8039678249869274,0.1888202937026686,0.0675756223919727,9.272325438127142e-07,1.0252192263746205e-07,7.0,0,4.0,0,6.0,0,7.0,0,0.0,1,2024-01-01,2023-12-01,2023-12-01,2023-11-01,2023-12-01,2024-02-03,2024-01-27,expansion,official,0,unchanged
2024-02-16,0,2024-02-16,expansion,expansion,official,0.0533037638153052,0.1697933456773261,1,0,1,1,0.4293819214626466,employment,0.2169382074316282,-0.2783101448014219,none,absent,False,0.5849880322336424,0,expansion,0.0,0.0596378881717332,0,0,4,,4,0,0.2552476641068127,0.1315221284947293,0.4648633036544195,0.7267328855042675,0.2798880824800174,0.1417448532706251,9.497587501648848e-07,1.327303780621099e-07,4.0,0,5.0,0,7.0,0,4.0,0,0.0,1,2024-01-01,2023-12-01,2024-01-01,2023-11-01,2024-01-01,2024-02-10,2024-02-03,expansion,official,0,unchanged
2024-02-23,0,2024-02-23,expansion,expansion,official,0.0578123977208981,0.1754533037554161,1,0,1,1,0.4266790724579649,employment,0.2354412339652746,-0.2384782586537208,none,absent,False,0.5670861936077818,0,expansion,0.0,0.0511024839972258,0,0,4,,4,0,0.2552005769149847,0.1329666538982228,0.467421710255064,0.7170596999393185,0.2773767632464093,0.1499735063315366,9.495835420092454e-07,1.3983092201837377e-07,5.0,0,6.0,0,8.0,0,5.0,0,0.0,1,2024-01-01,2023-12-01,2024-01-01,2023-11-01,2024-01-01,2024-02-17,2024-02-10,expansion,official,0,unchanged
2024-03-01,0,2024-03-01,expansion,expansion,official,0.1209762150289143,0.1680962543670233,0,0,2,0,0.4856476932177008,employment,0.2538064234226695,-0.2749919541578671,none,absent,False,0.5433473521687686,0,expansion,0.0,0.0589268473195429,0,0,4,,4,0,0.2682927626648449,0.1497958507826612,0.4559740162618094,0.6967756776852905,0.2757322878811276,0.1534283255165219,9.33192217964678e-07,1.460155263658861e-07,6.0,0,7.0,0,4.0,0,6.0,0,0.0,1,2024-01-01,2024-01-01,2024-01-01,2023-12-01,2024-01-01,2024-02-24,2024-02-17,expansion,official,0,unchanged
2024-03-08,0,2024-03-08,expansion,expansion,official,0.1018846932507198,0.0586278084130709,0,0,2,0,0.4681262791659731,employment,0.2379885663159276,-0.3089088336369079,none,absent,False,0.3538349672083701,0,expansion,0.0,0.0661947500650517,0,0,4,,4,0,0.2692617201181894,0.1609182213029988,0.4058549947516606,0.5964582806614349,0.3248823485676451,0.2426233134530648,9.365625047589198e-07,1.8458250150387507e-07,7.0,0,4.0,0,5.0,0,7.0,0,0.0,1,2024-02-01,2024-01-01,2024-01-01,2023-12-01,2024-01-01,2024-03-02,2024-02-24,expansion,official,0,unchanged
2024-03-15,0,2024-03-15,slowdown,slowdown,official,0.0800392183437822,-0.08073035995063,0,1,1,1,0.4281714850191491,employment,0.3513818098268075,-0.1721476377159774,none,absent,False,0.2448323478713894,0,slowdown,0.0,0.0781042150770113,0,0,4,,4,0,0.2499997674420768,0.0966837895590641,0.3363545302381071,0.329241800253375,0.4136447720881233,0.5740741481247645,9.302316928077276e-07,2.6206279627929205e-07,3.0,0,5.0,0,6.0,0,3.0,0,0.0,1,2024-02-01,2024-01-01,2024-02-01,2023-12-01,2024-02-01,2024-03-09,2024-03-02,slowdown,official,0,accepted
2024-03-22,0,2024-03-22,slowdown,slowdown,official,0.0707722379899009,-0.1356992694084622,0,1,1,1,0.4387380628568814,employment,0.303109533363173,-0.446992185005138,none,absent,False,0.347046845248385,0,slowdown,0.0,0.1665807490935482,0,0,4,,4,0,0.2499997674420768,0.0911561954928086,0.3104586664588115,0.2808983463371819,0.439540635867419,0.6279451915855669,9.302316928077276e-07,2.6658444264330746e-07,4.0,0,6.0,0,7.0,0,4.0,0,0.0,1,2024-02-01,2024-01-01,2024-02-01,2023-12-01,2024-02-01,2024-03-16,2024-03-09,slowdown,official,0,unchanged
2024-03-29,0,2024-03-29,slowdown,slowdown,official,-0.1025507201517169,-0.727187899725586,2,3,0,3,0.3544874171122016,consumption,0.2972798686261114,-0.2681087567903987,watch,preliminary,True,0.9405477790330492,0,slowdown,0.5691000992472917,0.5691000992472917,0,0,4,,4,0,0.1202687830236032,0.0071810558921772,0.1054431122254214,0.0261354897075967,0.7742872543243482,0.966683268740646,8.50426627067127e-07,1.856595797375447e-07,5.0,0,7.0,0,4.0,0,5.0,0,0.0,1,2024-02-01,2024-02-01,2024-02-01,2024-01-01,2024-02-01,2024-03-23,2024-03-16,slowdown,official,0,unchanged
2024-04-05,0,2024-04-05,slowdown,slowdown,official,-0.1053309692196245,-0.6745276709559518,2,3,0,3,0.3583921665800352,consumption,0.2598893394705653,-0.2073335044231498,watch,preliminary,True,0.9302085940579864,0,slowdown,0.549074012626356,0.5397220773641437,0,0,4,,4,0,0.1339353057074026,0.0086435251236223,0.1167776905182415,0.0305738444761261,0.7492861495464774,0.9607824385341128,8.542278783868969e-07,1.9186613872230978e-07,6.0,0,4.0,0,5.0,0,6.0,0,0.0,1,2024-03-01,2024-02-01,2024-02-01,2024-01-01,2024-02-01,2024-03-30,2024-03-23,slowdown,official,0,unchanged
2024-04-12,0,2024-04-12,slowdown,slowdown,official,-0.1063209855155804,-0.6449630144028375,2,3,0,3,0.3590086099723188,consumption,0.2484469757293559,-0.0661898017954208,watch,preliminary,True,0.9243283842168124,0,slowdown,0.508778147676164,0.4885389317160039,0,0,4,,4,0,0.1419191752824682,0.0094613105053416,0.1234954903875754,0.0331050548125424,0.7345844778704568,0.9574334390293548,8.564594994859962e-07,1.9565276108503921e-07,7.0,0,5.0,0,6.0,0,7.0,0,0.0,1,2024-03-01,2024-02-01,2024-02-01,2024-01-01,2024-02-01,2024-04-06,2024-03-30,slowdown,official,0,unchanged
2024-04-19,0,2024-04-19,slowdown,slowdown,official,-0.0364968273355751,-0.1630048645291498,2,2,1,2,0.3380272951387693,employment,0.2353035641865098,-0.1786970612087847,none,absent,False,0.566140736458751,0,slowdown,0.3192849343248783,0.1444403616899829,0,0,4,,4,0,0.2423539781307691,0.053396088251218,0.2887029394352326,0.1902314528545032,0.4689421806517541,0.7563721893132541,9.017822442075128e-07,2.695810246814564e-07,4.0,0,6.0,0,7.0,0,4.0,0,0.0,1,2024-03-01,2024-02-01,2024-03-01,2024-01-01,2024-03-01,2024-04-13,2024-04-06,slowdown,official,0,unchanged
2024-04-26,0,2024-04-26,slowdown,slowdown,official,0.0116466241227266,-0.0572988689554959,2,2,1,2,0.3649222515577581,employment,0.253637494660671,-0.2034069491257152,none,absent,False,0.3145840048740943,0,slowdown,0.2681584561801093,0.07757029595856,0,0,4,,4,0,0.2431715666382272,0.0762113816345457,0.3380308229899336,0.3046021771627906,0.4187967055474051,0.6191861820368849,9.04824434002706e-07,2.591657786077268e-07,5.0,0,7.0,0,4.0,0,5.0,0,0.0,1,2024-03-01,2024-03-01,2024-03-01,2024-02-01,2024-03-01,2024-04-20,2024-04-13,slowdown,official,0,unchanged
2024-05-03,0,2024-05-03,slowdown,slowdown,official,0.0056676349799738,-0.0912747104574384,2,2,1,2,0.3447243132225538,employment,0.2849277416004005,-0.1415250877605861,none,absent,False,0.4018198827037351,0,slowdown,0.2678286112955332,0.0851191752607796,0,0,4,,4,0,0.2429049784388994,0.0715198665224749,0.321946654079114,0.2633299926966496,0.4351474636495085,0.6651498754003847,9.03832477912184e-07,2.653804906577013e-07,6.0,0,3.0,0,5.0,0,6.0,0,0.0,1,2024-04-01,2024-03-01,2024-03-01,2024-02-01,2024-03-01,2024-04-27,2024-04-20,slowdown,official,0,unchanged
2024-05-10,0,2024-05-10,slowdown,slowdown,official,-0.0025657176484096,-0.1217333291589764,2,2,1,2,0.3528986989433815,employment,0.2367660149830198,-0.2272894041466078,none,absent,False,0.4216842096224806,0,slowdown,0.2994320593599401,0.122991393518905,0,0,4,,4,0,0.2426687325598276,0.0723364081450703,0.3076931401086721,0.2529895604856831,0.4496372243780767,0.6746737701081638,9.029534234784286e-07,2.6126108276052e-07,7.0,0,4.0,0,6.0,0,7.0,0,0.0,1,2024-04-01,2024-03-01,2024-03-01,2024-02-01,2024-03-01,2024-05-04,2024-04-27,slowdown,official,0,unchanged
2024-05-17,0,2024-05-17,slowdown,slowdown,official,-0.0274939479938767,-0.1444911575139956,2,1,0,2,0.3356604453356022,employment,0.2052793028784372,-0.206216682224987,none,absent,False,0.4556580783081173,0,slowdown,0.0472682796253399,0.1367112031490833,0,0,4,,4,0,0.2366861664509667,0.0646583611927651,0.311806747383191,0.2398416415043635,0.4515061394211765,0.6954997198124809,9.467446658038668e-07,2.7749039034800324e-07,4.0,0,5.0,0,7.0,0,4.0,0,0.0,1,2024-04-01,2024-03-01,2024-04-01,2024-02-01,2024-04-01,2024-05-11,2024-05-04,slowdown,official,0,unchanged
2024-05-24,0,2024-05-24,slowdown,slowdown,official,-0.0335234098753047,-0.1548636542774724,2,1,0,2,0.3395575211418237,employment,0.175131993471297,-0.2580791660423714,none,absent,False,0.4626948005486193,0,slowdown,0.059129710635946,0.1555934757678056,0,0,4,,4,0,0.2366861664509667,0.0646961785931581,0.3069173993462491,0.2363043723944187,0.4563954874581185,0.698999172943038,9.467446658038668e-07,2.760693850688775e-07,5.0,0,6.0,0,8.0,0,5.0,0,0.0,1,2024-04-01,2024-03-01,2024-04-01,2024-02-01,2024-04-01,2024-05-18,2024-05-11,slowdown,official,0,unchanged
2024-05-31,0,2024-05-31,slowdown,slowdown,official,-0.1414961717583029,-0.152643806933294,2,0,0,2,0.3107220723405326,consumption,0.1378267459382683,-0.2600888614334433,none,absent,False,0.4138996543703852,0,slowdown,0.0718207551774125,0.1744802698377731,0,0,4,,4,0,0.2444520884449953,0.0709200505051807,0.3180662472338654,0.2575900037539195,0.4374806865127855,0.6714896581243047,9.778083537799813e-07,2.876165951093842e-07,6.0,0,7.0,0,4.0,0,6.0,0,0.0,1,2024-04-01,2024-04-01,2024-04-01,2024-03-01,2024-04-01,2024-05-25,2024-05-18,slowdown,official,0,unchanged
2024-06-07,0,2024-06-07,slowdown,slowdown,official,-0.1442681418382325,-0.1776682148608213,2,0,0,2,0.3121349758746164,consumption,0.1322764759139636,-0.2525508385156996,none,absent,False,0.4668306277275877,0,slowdown,0.0712766232016371,0.1929267971232558,0,0,4,,4,0,0.2446583944020195,0.0676755386554689,0.3062380272029387,0.2327467715511458,0.4491025997614642,0.6995773992787336,9.78633577608078e-07,2.905146515795289e-07,7.0,0,4.0,0,5.0,0,7.0,0,0.0,1,2024-05-01,2024-04-01,2024-04-01,2024-03-01,2024-04-01,2024-06-01,2024-05-25,slowdown,official,0,unchanged
2024-06-14,0,2024-06-14,slowdown,slowdown,official,-0.1529528868667419,-0.2015848715292872,2,0,0,2,0.3166460821649839,consumption,0.0743972231332317,-0.3721341218580291,none,absent,False,0.4841883106897826,0,slowdown,0.0987005648952699,0.239350597347954,0,0,4,,4,0,0.2448531462567231,0.0679957039524672,0.2950722430341556,0.2239078487629287,0.4600736312965363,0.7080961594527114,9.794125850268926e-07,2.878318926366191e-07,8.0,0,5.0,0,6.0,0,8.0,0,0.0,1,2024-05-01,2024-04-01,2024-04-01,2024-03-01,2024-04-01,2024-06-08,2024-06-01,slowdown,official,0,unchanged
2024-06-21,0,2024-06-21,slowdown,slowdown,official,-0.1075844401137102,-0.1408316075248237,2,1,1,2,0.3008832245251446,consumption,0.0086610225086503,-0.5591419688636233,none,absent,False,0.3477785708290903,0,slowdown,0.1317818509530204,0.2236093057338118,0,0,4,,4,0,0.2499997674420767,0.0868214022174268,0.3080688681472225,0.2826998818577091,0.4419304341790079,0.6304784526867995,9.302316928077276e-07,2.6323806460155045e-07,5.0,0,6.0,0,7.0,0,5.0,0,0.0,1,2024-05-01,2024-04-01,2024-05-01,2024-03-01,2024-05-01,2024-06-15,2024-06-08,slowdown,official,0,unchanged
2024-06-28,0,2024-06-28,slowdown,slowdown,official,-0.1151899613943709,-0.066594123297755,2,1,2,2,0.3535737024045062,consumption,-0.0345769386390571,-0.7353970061447753,none,absent,False,0.139260181237342,0,slowdown,0.161020904521272,0.199691345830661,0,0,4,,4,0,0.262856902530832,0.1126810405932719,0.3372038153597785,0.3740292665254328,0.3999383678245111,0.5132894477627749,9.142848783681112e-07,2.45118520304434e-07,6.0,0,7.0,0,4.0,0,6.0,0,0.0,1,2024-05-01,2024-05-01,2024-05-01,2024-04-01,2024-05-01,2024-06-22,2024-06-15,slowdown,official,0,unchanged
2024-07-05,0,2024-07-05,slowdown,slowdown,official,-0.1394824405870211,-0.0649427004055874,2,1,2,2,0.3584066651033185,consumption,-0.0747688616773035,-0.7201958834391134,none,absent,False,0.2053574367457199,0,slowdown,0.163296874316403,0.2003633384786417,0,0,4,,4,0,0.262856902530832,0.1050629293294328,0.3379780481967673,0.3447896883378936,0.3991641349875223,0.5501471250836135,9.142848783681112e-07,2.5724906012583546e-07,7.0,0,3.0,0,5.0,0,7.0,0,0.0,1,2024-06-01,2024-05-01,2024-05-01,2024-04-01,2024-05-01,2024-06-29,2024-06-22,slowdown,official,0,unchanged
2024-07-12,0,2024-07-12,slowdown,slowdown,official,-0.1317385573803777,-0.0359426305416029,2,1,2,2,0.3614458806515199,consumption,-0.0427743108192888,-0.575195534119191,none,absent,False,0.1695157654629439,0,slowdown,0.1350148185063394,0.1507938846041663,0,0,4,,4,0,0.262856902530832,0.1089913034111959,0.3516122645066509,0.3607463360509136,0.3855299186776387,0.5302621015138576,9.142848783681112e-07,2.590240328900871e-07,8.0,0,4.0,0,6.0,0,8.0,0,0.0,1,2024-06-01,2024-05-01,2024-05-01,2024-04-01,2024-05-01,2024-07-06,2024-06-29,slowdown,official,0,unchanged
2024-07-19,0,2024-07-19,expansion,expansion,official,-0.0308886819070281,0.3167193245004929,2,0,2,2,0.2998056462524471,consumption,-0.0664867105644525,-0.5664970193520816,none,absent,False,0.693156742523046,0,expansion,0.1218681562141788,0.1223440939957687,0,0,4,,4,0,0.2450648033141019,0.1089342483319106,0.5445825623019811,0.8020909908549567,0.2103517225148813,0.088974655591402,9.11869035587356e-07,1.0522173067297422e-07,4.0,0,5.0,0,7.0,0,4.0,0,0.0,1,2024-06-01,2024-05-01,2024-06-01,2024-04-01,2024-06-01,2024-07-13,2024-07-06,expansion,official,0,accepted
2024-07-26,0,2024-07-26,expansion,expansion,official,-0.0184688723518276,0.4791500835110351,2,0,3,2,0.2506614081818699,real_income,-0.0773959117039088,-0.5037813462391794,none,absent,True,0.6818081299300301,0,expansion,0.1079531456226813,0.1079531456226813,0,0,4,,4,0,0.2927528027639712,0.1347326335946425,0.563647713264844,0.8165407635246726,0.1435985956764884,0.0487265102253557,8.882946965711101e-07,9.265532909080869e-08,5.0,0,6.0,0,3.0,0,5.0,0,0.0,1,2024-06-01,2024-06-01,2024-06-01,2024-05-01,2024-06-01,2024-07-20,2024-07-13,expansion,official,0,unchanged
2024-08-02,0,2024-08-02,expansion,expansion,official,-0.0413420100110693,0.3969810807220442,2,1,3,3,0.2553776150049984,real_income,-0.1033852493639319,-0.5667871885024928,none,absent,True,0.5974352336836843,0,expansion,0.1214543975362484,0.1214543975362484,0,0,4,,4,0,0.3084187329305346,0.1652094895268889,0.50790408457173,0.7626447232105733,0.1836762709769695,0.0721456731587643,9.115207658494068e-07,1.1410377328203756e-07,6.0,0,3.0,0,4.0,0,6.0,0,0.0,1,2024-07-01,2024-06-01,2024-06-01,2024-05-01,2024-06-01,2024-07-27,2024-07-20,expansion,official,0,unchanged
2024-08-09,0,2024-08-09,expansion,expansion,official,-0.0455186855593509,0.4099587783890591,2,1,3,3,0.2526892431997848,real_income,-0.1314654283927004,-0.4995140151661312,none,absent,True,0.5743083462935811,0,expansion,0.1070387175355995,0.1070387175355995,0,0,4,,4,0,0.3197339659684806,0.1783537378837563,0.5039714449994833,0.7526620841773375,0.1762936781977347,0.0689840605339789,9.1083430138962e-07,1.1740492721424655e-07,7.0,0,4.0,0,5.0,0,7.0,0,0.0,1,2024-07-01,2024-06-01,2024-06-01,2024-05-01,2024-06-01,2024-08-03,2024-07-27,expansion,official,0,unchanged
2024-08-16,0,2024-08-16,expansion,expansion,official,-0.1457806919870421,0.061759735947078,2,2,2,4,0.3339525838298383,real_income,-0.0954797419963436,-0.2596554495564188,none,absent,False,0.0480867505654913,0,expansion,0.3297277239480384,0.0756992854317522,0,0,4,,4,0,0.2639285760468541,0.1425056813290329,0.3714348146657009,0.4527904175828761,0.3646356912750065,0.4047036670173847,9.180124384238406e-07,2.3407070615314337e-07,4.0,0,5.0,0,6.0,0,4.0,0,0.0,1,2024-07-01,2024-06-01,2024-07-01,2024-05-01,2024-07-01,2024-08-10,2024-08-03,expansion,official,0,unchanged
2024-08-23,0,2024-08-23,expansion,expansion,official,-0.1455349334885262,0.0798670741065563,2,2,2,4,0.3337525446075733,real_income,-0.0956252299603473,-0.1562948612018619,none,absent,False,0.0765528050058816,0,expansion,0.3074752020281134,0.0524131034260384,0,0,4,,4,0,0.2642424907649357,0.1403664605773598,0.3798058810937243,0.4680930566439624,0.3559507090370243,0.3915402516380807,9.191043157041244e-07,2.311405970136873e-07,5.0,0,6.0,0,7.0,0,5.0,0,0.0,1,2024-07-01,2024-06-01,2024-07-01,2024-05-01,2024-07-01,2024-08-17,2024-08-10,expansion,official,0,unchanged
2024-08-30,0,2024-08-30,slowdown,slowdown,official,-0.1180779280692394,0.0136284854885991,2,2,1,4,0.3434749285898985,real_income,-0.0558165555622559,0.0447834807728257,none,absent,False,0.1787132023217491,0,slowdown,0.2656040024280677,0.0218474268745747,0,0,4,,4,0,0.2502283405218007,0.1043509939707943,0.3552511117799103,0.358467770695374,0.3945196166160916,0.5371809730171231,9.310821972904214e-07,2.6231670864787364e-07,6.0,0,7.0,0,4.0,0,6.0,0,0.0,1,2024-07-01,2024-07-01,2024-07-01,2024-06-01,2024-07-01,2024-08-24,2024-08-17,slowdown,official,0,accepted
2024-09-06,0,2024-09-06,slowdown,slowdown,official,-0.1354580759111645,-0.0140940745896148,2,2,1,4,0.3633838638275599,real_income,-0.0333996734879731,0.0217449837949985,none,absent,False,0.2443470890522723,0,slowdown,0.2770840041756051,0.0248686634218373,0,0,4,,4,0,0.2497638261104073,0.0944952411253147,0.3422158896427755,0.3305787028494714,0.4080193548930456,0.5749257919017438,9.293537715736086e-07,2.641234701241646e-07,7.0,0,4.0,0,5.0,0,7.0,0,0.0,1,2024-08-01,2024-07-01,2024-07-01,2024-06-01,2024-07-01,2024-08-31,2024-08-24,slowdown,official,0,unchanged
2024-09-13,0,2024-09-13,slowdown,slowdown,official,-0.1369269115040668,-0.0082650055630025,2,2,1,4,0.3622133915058111,real_income,-0.0407438514524848,0.0650440979031782,none,absent,False,0.2289686447704881,0,slowdown,0.2758894891675141,0.0252068583954714,0,0,4,,4,0,0.2498613435347177,0.0949559457388266,0.3449524275347119,0.3380375734136767,0.4051852992139431,0.5670062181841649,9.297166271059266e-07,2.626633316985938e-07,8.0,0,5.0,0,6.0,0,8.0,0,0.0,1,2024-08-01,2024-07-01,2024-07-01,2024-06-01,2024-07-01,2024-09-07,2024-08-31,slowdown,official,0,unchanged
2024-09-20,0,2024-09-20,slowdown,slowdown,official,-0.0970527822940038,-0.0127990540072366,2,1,1,3,0.3390659614707225,real_income,-0.0057692268202298,0.1705111538654915,none,absent,False,0.235488840149553,0,slowdown,0.0085251580535983,0.0167174760983373,0,0,4,,4,0,0.2566031489482244,0.0931786193689868,0.3521806746041677,0.335666131510262,0.3912152216451932,0.5711549716598151,9.548024146910675e-07,2.7746093599765065e-07,4.0,0,6.0,0,7.0,0,4.0,0,0.0,1,2024-08-01,2024-07-01,2024-08-01,2024-06-01,2024-08-01,2024-09-14,2024-09-07,slowdown,official,0,unchanged
2024-09-27,0,2024-09-27,slowdown,slowdown,official,0.1464047080433507,-0.0336263316494872,0,2,1,2,0.5071325820628287,employment,0.0250738567229307,0.3184965503083233,none,absent,False,0.400451246805412,0,slowdown,0.1578859283821281,0.0144736478545626,0,0,4,,4,0,0.2494378681699007,0.0707446697028121,0.3330688447768901,0.2644019010178964,0.4174923589123043,0.6648531478233085,9.281409048182352e-07,2.814559827939418e-07,5.0,0,7.0,0,4.0,0,5.0,0,0.0,1,2024-08-01,2024-08-01,2024-08-01,2024-07-01,2024-08-01,2024-09-21,2024-09-14,slowdown,official,0,unchanged
2024-10-04,0,2024-10-04,expansion,slowdown,official,0.1387716350723166,0.1256842625330413,0,1,1,1,0.4863136180754608,employment,0.0338764965158013,0.416188375716475,none,absent,False,0.2131183990596121,2,expansion,0.0,0.0,0,0,4,,4,0,0.2499997674420767,0.1091136603866885,0.4348618752556557,0.5520022622549383,0.3151374270705746,0.3388838631953261,9.302316928077276e-07,2.141630470252958e-07,6.0,0,3.0,0,5.0,0,6.0,0,0.0,1,2024-09-01,2024-08-01,2024-08-01,2024-07-01,2024-08-01,2024-09-28,2024-09-21,slowdown,official,0,unchanged
2024-10-11,0,2024-10-11,expansion,expansion,official,0.1261910642171762,0.0782377490600416,0,1,1,1,0.4877824613211974,employment,-0.0293442652100355,0.1662656741513607,none,absent,False,0.2422505472297988,0,expansion,0.0,0.001692938377502,0,0,4,,4,0,0.2499997674420768,0.1176346143976201,0.4124596547293044,0.5623078677230281,0.337539647596926,0.3200573204932292,9.302316928077276e-07,1.9738612246014065e-07,7.0,0,4.0,0,6.0,0,7.0,0,0.0,1,2024-09-01,2024-08-01,2024-08-01,2024-07-01,2024-08-01,2024-10-05,2024-09-28,expansion,official,0,accepted
2024-10-18,0,2024-10-18,slowdown,slowdown,official,0.0639075773129279,-0.0599056453711005,0,1,1,1,0.631202216306052,employment,-0.0859031086091095,0.0205193868693247,none,absent,False,0.1230290000822858,0,slowdown,0.0,0.0367061583362192,0,0,4,,4,0,0.2499997674420768,0.1044057577359023,0.346277388774986,0.3862824990816237,0.4037219135512444,0.5093114991639096,9.302316928077276e-07,2.440185643057592e-07,4.0,0,5.0,0,7.0,0,4.0,0,0.0,1,2024-09-01,2024-08-01,2024-09-01,2024-07-01,2024-09-01,2024-10-12,2024-10-05,slowdown,official,0,accepted
2024-10-25,0,2024-10-25,slowdown,slowdown,official,0.0563207487868652,-0.0992244521339638,0,1,1,1,0.6097507939153496,employment,-0.1238372512394233,-0.1760746469449919,none,absent,False,0.1852268160337989,0,slowdown,0.0,0.0912282627208845,0,0,4,,4,0,0.2499997674420767,0.104684837019069,0.3275873827601662,0.3550440496533628,0.4224119195660641,0.5402708656871618,9.302316928077276e-07,2.4764040640727764e-07,5.0,0,6.0,0,8.0,0,5.0,0,0.0,1,2024-09-01,2024-08-01,2024-09-01,2024-07-01,2024-09-01,2024-10-19,2024-10-12,slowdown,official,0,unchanged
2024-11-01,0,2024-11-01,slowdown,slowdown,official,-0.0157033196583742,-0.2400379491898473,0,2,1,2,0.4497770110385097,employment,-0.1163513570368648,-0.2029839858575505,none,absent,False,0.6712792297150977,0,slowdown,0.3377742481212646,0.1937837154094746,0,0,4,,4,0,0.2461592774491272,0.05334738098457,0.2410648998102963,0.1376865598907358,0.512774906799079,0.8089657896058335,9.159414974851244e-07,2.6951886050141893e-07,6.0,0,3.0,0,4.0,0,6.0,0,0.0,1,2024-10-01,2024-09-01,2024-09-01,2024-08-01,2024-09-01,2024-10-26,2024-10-19,slowdown,official,0,unchanged
2024-11-08,0,2024-11-08,slowdown,slowdown,official,-0.0014427391518017,-0.2012901812104681,0,2,1,2,0.4792649606714511,employment,-0.0452963942111132,-0.0116147758143848,none,absent,False,0.6612507597483206,0,slowdown,0.2770039767537072,0.1251756858013665,0,0,4,,4,0,0.2467423612409587,0.0513632497917533,0.2574274206808261,0.1436928570910863,0.4958292999671036,0.804943616839407,9.181111115942648e-07,2.7627775338076655e-07,7.0,0,4.0,0,5.0,0,7.0,0,0.0,1,2024-10-01,2024-09-01,2024-09-01,2024-08-01,2024-09-01,2024-11-02,2024-10-26,slowdown,official,0,unchanged
2024-11-15,0,2024-11-15,slowdown,slowdown,official,-0.0214271724338688,-0.4165870386528324,0,3,0,3,0.4462571022899969,employment,0.0087683128917312,0.0481250259209796,none,absent,True,0.8590288665064778,0,slowdown,0.3534033626373617,0.2637022555244365,0,0,4,,4,0,0.1861626686110175,0.0179705161462713,0.1783989084507387,0.0615001953051536,0.6354375396521446,0.9205290618116314,8.832860992267722e-07,2.2673694373916373e-07,4.0,0,5.0,0,6.0,0,4.0,0,0.0,1,2024-10-01,2024-09-01,2024-10-01,2024-08-01,2024-10-01,2024-11-09,2024-11-02,slowdown,official,0,unchanged
2024-11-22,0,2024-11-22,slowdown,slowdown,official,-0.017036111338504,-0.4223227812257373,0,3,0,3,0.4379669731794081,employment,0.0307236183685557,0.0155314356335453,none,absent,True,0.8597760799844619,0,slowdown,0.3522444750021016,0.2650946213384692,0,0,4,,4,0,0.1831182632735745,0.0176902126769504,0.1770200818441694,0.061266741108595,0.6398607724085865,0.921042821093057,8.824736695329166e-07,2.2512139745558335e-07,5.0,0,6.0,0,7.0,0,5.0,0,0.0,1,2024-10-01,2024-09-01,2024-10-01,2024-08-01,2024-10-01,2024-11-16,2024-11-09,slowdown,official,0,unchanged
2024-11-29,0,2024-11-29,slowdown,slowdown,official,-0.0372550343454234,-0.1961942465894683,0,2,1,2,0.407997496265304,employment,0.0235828339685025,-0.0304913809638673,none,absent,False,0.6454250964891184,0,slowdown,0.2987430660505216,0.1344743530283728,0,0,4,,4,0,0.2468204053237834,0.0509048201107124,0.2596174968790159,0.1518349045805513,0.4935611793956925,0.7972600010696697,9.184015081815196e-07,2.742390666544738e-07,6.0,0,7.0,0,4.0,0,6.0,0,0.0,1,2024-10-01,2024-10-01,2024-10-01,2024-09-01,2024-10-01,2024-11-23,2024-11-16,slowdown,official,0,unchanged
2024-12-06,0,2024-12-06,slowdown,slowdown,official,-0.0342411614672825,-0.1426357820398149,0,2,1,2,0.4208891068304845,employment,0.0160873408607685,0.1257416954090234,none,absent,False,0.5890441728745388,0,slowdown,0.2732134566184448,0.092495514382824,0,0,4,,4,0,0.2476578611677837,0.0559706762921981,0.2831182165312618,0.177492435265571,0.4692230007833315,0.7665366081401099,9.21517622949893e-07,2.8030212095681975e-07,7.0,0,4.0,0,5.0,0,7.0,0,0.0,1,2024-11-01,2024-10-01,2024-10-01,2024-09-01,2024-10-01,2024-11-30,2024-11-23,slowdown,official,0,unchanged
2024-12-13,0,2024-12-13,slowdown,slowdown,official,-0.045715953640889,-0.1447150303644271,0,2,1,2,0.4127966338000637,employment,-0.0412866200072639,0.1177077889607156,none,absent,False,0.5776333275053502,0,slowdown,0.2821194391474796,0.098230158113945,0,0,4,,4,0,0.2476248038558133,0.0575484406313401,0.2821905609102064,0.182408976848252,0.4701837138393612,0.7600423043536022,9.213946189983752e-07,2.781668055911401e-07,8.0,0,5.0,0,6.0,0,8.0,0,0.0,1,2024-11-01,2024-10-01,2024-10-01,2024-09-01,2024-10-01,2024-12-07,2024-11-30,slowdown,official,0,unchanged
2024-12-20,0,2024-12-20,slowdown,slowdown,official,-0.0601576427787902,0.0236212080099729,0,2,2,2,0.3912411402987651,employment,-0.0450105098726297,0.1979379120646128,none,absent,False,0.2258065763751998,0,slowdown,0.2405112712992594,0.0118350936245375,0,0,4,,4,0,0.2632664843435274,0.0951343334312623,0.3537790205574718,0.3395294109751796,0.3829535793894898,0.5653359873503794,9.157095107600956e-07,2.682431788722411e-07,4.0,0,6.0,0,3.0,0,4.0,0,0.0,1,2024-11-01,2024-11-01,2024-11-01,2024-10-01,2024-11-01,2024-12-14,2024-12-07,slowdown,official,0,unchanged
2024-12-27,0,2024-12-27,slowdown,slowdown,official,-0.0622896257841102,0.0153388508170768,0,2,2,2,0.3882482070700309,employment,-0.0550037346548367,0.1575881371223322,none,absent,False,0.1865016129754993,0,slowdown,0.2419884921436216,0.0129550979064385,0,0,4,,4,0,0.263122773480118,0.1028651113814445,0.349946727534125,0.3553165079761483,0.3869295837761102,0.5418181209516476,9.152096468873668e-07,2.596907594917921e-07,5.0,0,7.0,0,4.0,0,5.0,0,0.0,1,2024-11-01,2024-11-01,2024-11-01,2024-10-01,2024-11-01,2024-12-21,2024-12-14,slowdown,official,0,unchanged
2025-01-03,0,2025-01-03,slowdown,slowdown,official,-0.0551958578111703,-0.0042769233405819,0,2,2,2,0.3983885490009179,employment,-0.0186707821865616,0.0613159616919461,none,absent,False,0.1810032896803155,0,slowdown,0.2383363142714858,0.0101984281711597,0,0,4,,4,0,0.2627828568608943,0.1081923274194488,0.3408822764727039,0.3554020640938805,0.3963339526390735,0.5364053537741961,9.140273282118064e-07,2.5471247448425695e-07,6.0,0,8.0,0,5.0,0,6.0,0,0.0,1,2024-11-01,2024-11-01,2024-11-01,2024-10-01,2024-11-01,2024-12-28,2024-12-21,slowdown,official,0,unchanged
2025-01-10,0,2025-01-10,expansion,expansion,official,-0.0355011545602539,0.1443645671268433,0,1,2,1,0.386709401969772,employment,0.0720671241401696,0.1843329299589568,none,absent,False,0.3604170602876495,0,expansion,0.0,0.0036566265802104,0,0,4,,4,0,0.262856902530832,0.1359863613667322,0.4359681720238667,0.6122152579922787,0.3011740111604231,0.2517981977046292,9.142848783681112e-07,1.8293635992517266e-07,7.0,0,4.0,0,6.0,0,7.0,0,0.0,1,2024-12-01,2024-11-01,2024-11-01,2024-10-01,2024-11-01,2025-01-04,2024-12-28,expansion,official,0,accepted
2025-01-17,0,2025-01-17,expansion,expansion,official,0.1321290901038831,0.4409241636241954,0,0,2,0,0.3876344070276252,employment,0.0697365345787149,0.1164505237293344,none,absent,True,0.6659908952287152,0,expansion,0.0,0.0,0,0,4,,4,0,0.2859488797827921,0.1375920449777317,0.5490225411943309,0.803582940206447,0.1650276546253795,0.0588249126814754,9.24397497407974e-07,1.0213434561360902e-07,4.0,0,5.0,0,7.0,0,4.0,0,0.0,1,2024-12-01,2024-11-01,2024-12-01,2024-10-01,2024-12-01,2025-01-11,2025-01-04,expansion,official,0,unchanged
2025-01-24,0,2025-01-24,expansion,expansion,official,0.130285643019323,0.4375469137027513,0,0,2,0,0.3900928636214177,employment,0.0606654688192787,0.1116806704089972,none,absent,True,0.6575290654316767,0,expansion,0.0,0.0,0,0,4,,4,0,0.2900375484537735,0.1418300587791086,0.5447846223101479,0.7993591242107853,0.1651769050762166,0.0588107138037522,9.241598617957124e-07,1.0320635391501669e-07,5.0,0,6.0,0,8.0,0,5.0,0,0.0,1,2024-12-01,2024-11-01,2024-12-01,2024-10-01,2024-12-01,2025-01-18,2025-01-11,expansion,official,0,unchanged
2025-01-31,0,2025-01-31,expansion,expansion,official,0.1331453669445979,0.3177976813596336,0,0,1,0,0.3938227022232255,employment,0.0599547243414894,0.1319424433362844,none,absent,False,0.6690089514740891,0,expansion,0.0,0.0,0,0,4,,4,0,0.2540811494538361,0.1195274800982214,0.5282439953469316,0.7885364315723106,0.2176739097810017,0.0919359755662569,9.45418230525902e-07,1.1276321097019073e-07,6.0,0,7.0,0,4.0,0,6.0,0,0.0,1,2024-12-01,2024-12-01,2024-12-01,2024-11-01,2024-12-01,2025-01-25,2025-01-18,expansion,official,0,unchanged
2025-02-07,0,2025-02-07,expansion,expansion,official,0.093138080972759,0.3363726479447216,0,0,1,0,0.3520175138089451,production,0.0214070965965617,0.1655747115507654,none,absent,False,0.6436677467399071,0,expansion,0.0,0.0,0,0,4,,4,0,0.2638034220334507,0.130894421037211,0.5175772087611176,0.7745621677771182,0.2186183876113032,0.0945432881677909,9.81594128496561e-07,1.2301787989195813e-07,7.0,0,4.0,0,5.0,0,7.0,0,0.0,1,2025-01-01,2024-12-01,2024-12-01,2024-11-01,2024-12-01,2025-02-01,2025-01-25,expansion,official,0,unchanged
2025-02-14,0,2025-02-14,expansion,expansion,official,0.0791604271517345,0.308363590445521,0,1,1,1,0.3717097165558929,production,0.0264077814525499,0.1885487299546343,none,absent,False,0.675994757371846,0,expansion,0.0,0.0,0,0,4,,4,0,0.2366861664509666,0.106821126374276,0.5250416845236556,0.7845867578978448,0.2382712022807118,0.1085920005259988,9.467446658038666e-07,1.1520188024147253e-07,4.0,0,5.0,0,6.0,0,4.0,0,0.0,1,2025-01-01,2024-12-01,2025-01-01,2024-11-01,2025-01-01,2025-02-08,2025-02-01,expansion,official,0,unchanged
2025-02-21,0,2025-02-21,expansion,expansion,official,0.081959896015331,0.3217307480871359,0,1,1,1,0.3694906275476167,production,0.0389640716720647,0.2554409811251139,none,absent,False,0.6835470558927628,0,expansion,0.0,0.0,0,0,4,,4,0,0.2366861664509666,0.1058268233657205,0.5306183685190867,0.7893738792584832,0.2326945182852807,0.1047991835837267,9.467446658038666e-07,1.1379206935828317e-07,5.0,0,6.0,0,7.0,0,5.0,0,0.0,1,2025-01-01,2024-12-01,2025-01-01,2024-11-01,2025-01-01,2025-02-15,2025-02-08,expansion,official,0,unchanged
2025-02-28,0,2025-02-28,expansion,expansion,official,0.0968262750277988,0.451891410508036,0,0,2,0,0.4069563173451033,production,-0.0367751606822447,-0.0599169727962826,none,absent,True,0.6765370759438054,0,expansion,0.0,0.0128393513134891,0,0,4,,4,0,0.2873242131275266,0.134666547424725,0.5514967446411045,0.8112036233685304,0.1611781007547026,0.0541297306720697,9.414766661208712e-07,9.85346749526806e-08,6.0,0,7.0,0,4.0,0,6.0,0,0.0,1,2025-01-01,2025-01-01,2025-01-01,2024-12-01,2025-01-01,2025-02-22,2025-02-15,expansion,official,0,unchanged
2025-03-07,0,2025-03-07,expansion,expansion,official,0.0918181359966563,0.3081537772178072,0,1,2,1,0.4159501155623267,production,-0.0408913331395142,-0.2945240056770069,none,absent,False,0.6640594510215754,0,expansion,0.0,0.0631122869307872,0,0,4,,4,0,0.2499997674420768,0.1199691625148552,0.5157974129126657,0.7840286135364306,0.2342018894135646,0.0960021140438951,9.302316928077276e-07,1.0990481906894977e-07,7.0,0,3.0,0,5.0,0,7.0,0,0.0,1,2025-02-01,2025-01-01,2025-01-01,2024-12-01,2025-01-01,2025-03-01,2025-02-22,expansion,official,0,unchanged
2025-03-14,0,2025-03-14,expansion,expansion,official,0.087670055392757,0.2926519342929334,0,1,2,1,0.4104326541022611,production,-0.0616317361590107,-0.372033220301376,none,absent,False,0.6542461563124644,0,expansion,0.0,0.0797214043502948,0,0,4,,4,0,0.2499997674420767,0.1201517389569112,0.5093529564338212,0.7743978952693756,0.2406463458924091,0.1054502512566686,9.302316928077276e-07,1.145170444958331e-07,8.0,0,4.0,0,6.0,0,8.0,0,0.0,1,2025-02-01,2025-01-01,2025-01-01,2024-12-01,2025-01-01,2025-03-08,2025-03-01,expansion,official,0,unchanged
2025-03-21,0,2025-03-21,expansion,expansion,official,0.1464384517021436,0.0355607795646768,0,2,2,2,0.5033655867764273,production,-0.0733647911198702,-0.3801771983446476,none,absent,False,0.216023260245214,0,expansion,0.2321013914354155,0.0814665425024245,0,0,4,,4,0,0.2439089399714963,0.1305740319301915,0.382519053423743,0.542724519123425,0.3735710990366119,0.3267012588782109,9.07568148731149e-07,1.9006817249691002e-07,4.0,0,5.0,0,7.0,0,4.0,0,0.0,1,2025-02-01,2025-01-01,2025-02-01,2024-12-01,2025-02-01,2025-03-15,2025-03-08,expansion,official,0,unchanged
2025-03-28,0,2025-03-28,slowdown,slowdown,official,-0.0068215396850391,-0.3470971334093565,2,2,1,3,0.3658309319481823,production,-0.0447708518620969,-0.294879573383312,none,absent,False,0.7779829203496722,0,slowdown,0.3853680964842731,0.2767839865837974,0,0,4,,4,0,0.2074132963963259,0.029348676065962,0.2199658607978736,0.0963340763603192,0.5726199328427224,0.8743169967099914,9.099630781746728e-07,2.508637273757453e-07,5.0,0,6.0,0,3.0,0,5.0,0,0.0,1,2025-02-01,2025-02-01,2025-02-01,2025-01-01,2025-02-01,2025-03-22,2025-03-15,slowdown,official,0,accepted
2025-04-04,0,2025-04-04,slowdown,slowdown,official,-0.0074880740652559,-0.2756140083289966,2,1,1,2,0.3680083700926921,production,-0.0381403923268815,-0.1671365149877937,none,absent,False,0.6982548903670818,0,slowdown,0.0368591473696572,0.2056431621192015,0,0,4,,4,0,0.2366861664509666,0.040823619894054,0.2522352398784638,0.1304606050336248,0.5110776469259037,0.8287154954007067,9.467446658038666e-07,2.796716145605732e-07,6.0,0,3.0,0,4.0,0,6.0,0,0.0,1,2025-03-01,2025-02-01,2025-02-01,2025-01-01,2025-02-01,2025-03-29,2025-03-22,slowdown,official,0,unchanged
2025-04-11,0,2025-04-11,slowdown,slowdown,official,-0.0072920478058337,-0.2776597799281239,2,1,1,2,0.3680745654713158,production,-0.0364923979794757,-0.1766193572793697,none,absent,False,0.6904904780558254,0,slowdown,0.0388669738561571,0.2088700682368225,0,0,4,,4,0,0.2366861664509666,0.0420898641424221,0.2513508131424327,0.133709689729805,0.5119620736619348,0.8242001677856304,9.467446658038666e-07,2.7834214238009574e-07,7.0,0,4.0,0,5.0,0,7.0,0,0.0,1,2025-03-01,2025-02-01,2025-02-01,2025-01-01,2025-02-01,2025-04-05,2025-03-29,slowdown,official,0,unchanged
2025-04-18,0,2025-04-18,slowdown,slowdown,official,0.0186056671603597,-0.1366336441627041,1,1,1,2,0.3580177353566524,production,-0.0192668150657601,-0.1271005766101056,none,absent,False,0.4763010752561232,0,slowdown,0.0,0.1071234812297082,0,0,4,,4,0,0.2366861664509667,0.0597972870750813,0.315526544664712,0.2319506780471749,0.4477863421396554,0.7082517533032981,9.467446658038668e-07,2.815744456053451e-07,4.0,0,5.0,0,6.0,0,4.0,0,0.0,1,2025-03-01,2025-02-01,2025-03-01,2025-01-01,2025-03-01,2025-04-12,2025-04-05,slowdown,official,0,unchanged
2025-04-25,0,2025-04-25,slowdown,slowdown,official,0.0217475971760622,-0.1112569413012261,1,1,1,2,0.3606750455756052,production,-0.0135698448651534,0.0850499445431986,none,absent,False,0.4580175349995359,0,slowdown,0.0,0.0654112053759595,0,0,4,,4,0,0.2366861664509667,0.0600552143789223,0.327625286857455,0.2409634826047385,0.4356875999469126,0.6989810176042744,9.467446658038668e-07,2.8541206479098804e-07,5.0,0,6.0,0,7.0,0,5.0,0,0.0,1,2025-03-01,2025-02-01,2025-03-01,2025-01-01,2025-03-01,2025-04-19,2025-04-12,slowdown,official,0,unchanged
2025-05-02,0,2025-05-02,expansion,expansion,official,0.1359730864004811,0.352735273221287,0,0,2,0,0.4530965606388996,production,-0.0635290350142595,-0.0340420784043362,none,absent,False,0.6825075795765456,0,expansion,0.0,0.0072947310866434,0,0,4,,4,0,0.2538286158598351,0.1140792742924053,0.5419650007561134,0.7965868538689509,0.2042054389054809,0.0893337596518957,9.444785706412468e-07,1.1218674812207998e-07,6.0,0,3.0,0,4.0,0,6.0,0,0.0,1,2025-04-01,2025-03-01,2025-03-01,2025-02-01,2025-03-01,2025-04-26,2025-04-19,expansion,official,0,accepted
2025-05-09,0,2025-05-09,expansion,expansion,official,0.1330384428647647,0.3554895086989221,0,0,2,0,0.4491011013963573,production,-0.0779375080529057,-0.0202709010161609,none,absent,False,0.686377870911809,0,expansion,0.0,0.0044963946953599,0,0,4,,4,0,0.2538091220132332,0.11507625806113,0.5430241674611551,0.8014541289729391,0.2031657661195763,0.083469504579936,9.444060353980772e-07,1.0838599476501723e-07,7.0,0,4.0,0,5.0,0,7.0,0,0.0,1,2025-04-01,2025-03-01,2025-03-01,2025-02-01,2025-03-01,2025-05-03,2025-04-26,expansion,official,0,unchanged
2025-05-16,0,2025-05-16,expansion,expansion,official,0.1162061522161155,0.3599367080540943,0,1,2,1,0.4287162151220912,production,-0.1037877154639336,-0.0755624968400509,none,absent,False,0.6270462201973832,0,expansion,0.0,0.0161919636085823,0,0,4,,4,0,0.2728986612444025,0.1397411788092875,0.5093650381322429,0.7667873990066708,0.2177353514106199,0.0934713013483564,9.492127347631392e-07,1.208356851264101e-07,4.0,0,5.0,0,6.0,0,4.0,0,0.0,1,2025-04-01,2025-03-01,2025-04-01,2025-02-01,2025-04-01,2025-05-10,2025-05-03,expansion,official,0,unchanged
2025-05-23,0,2025-05-23,expansion,expansion,official,0.1122703782632414,0.3234665634202027,0,1,2,1,0.4237128164270735,production,-0.123466585228304,-0.2387788020744674,none,absent,False,0.6135721950001973,0,expansion,0.0,0.0511668861588144,0,0,4,,4,0,0.2726163107135118,0.1423874868729101,0.4950428966592145,0.7559596818731075,0.2323398443966276,0.1016527080082468,9.482306459600412e-07,1.2324573555816653e-07,5.0,0,6.0,0,7.0,0,5.0,0,0.0,1,2025-04-01,2025-03-01,2025-04-01,2025-02-01,2025-04-01,2025-05-17,2025-05-10,expansion,official,0,unchanged
2025-05-30,0,2025-05-30,expansion,expansion,official,0.2242303060293474,0.5926974717658365,0,1,2,1,0.3879103585067212,production,-0.119230264045157,-0.2562649196917775,none,absent,True,0.6835492692887618,0,expansion,0.0,0.0549139113625237,0,0,4,,4,0,0.2935700791416009,0.1368592004699808,0.5717980002676842,0.8204084697587426,0.1346309682762749,0.0427322327423099,9.523144399804748e-07,9.702896652709474e-08,6.0,0,7.0,0,4.0,0,6.0,0,0.0,1,2025-04-01,2025-04-01,2025-04-01,2025-03-01,2025-04-01,2025-05-24,2025-05-17,expansion,official,0,unchanged
2025-06-06,0,2025-06-06,expansion,expansion,official,0.2042085269569041,0.5302674675119641,0,1,2,1,0.3942482417707679,production,-0.1544803513200251,-0.3608765276644531,none,absent,True,0.6588897183110489,0,expansion,0.0,0.0773306844995256,0,0,4,,4,0,0.2968908435566609,0.1451370886826002,0.550898864300833,0.8040268069936491,0.1522093414876058,0.0508360016049395,9.506549003244182e-07,1.0271881103018489e-07,7.0,0,4.0,0,5.0,0,7.0,0,0.0,1,2025-05-01,2025-04-01,2025-04-01,2025-03-01,2025-04-01,2025-05-31,2025-05-24,expansion,official,0,unchanged
2025-06-13,0,2025-06-13,expansion,expansion,official,0.1935202049159731,0.4811456956492463,0,1,2,1,0.3828410872746405,production,-0.2081994038410547,-0.5788628630573582,none,absent,True,0.6391764539749358,0,expansion,0.0,0.1240420420837196,0,0,4,,4,0,0.2989683416350771,0.1514620796099479,0.5337733961056681,0.7906385335848838,0.1672573129251895,0.0578992798282129,9.493340651626354e-07,1.0697695538729417e-07,8.0,0,5.0,0,6.0,0,8.0,0,0.0,1,2025-05-01,2025-04-01,2025-04-01,2025-03-01,2025-04-01,2025-06-07,2025-05-31,expansion,official,0,unchanged
2025-06-20,0,2025-06-20,expansion,expansion,official,0.0786898347509695,0.0667673990903815,0,0,1,0,0.362141112251228,production,-0.2536306942513059,-0.7367292358082704,none,absent,False,0.383238279110531,0,expansion,0.0,0.15,0,0,4,,4,0,0.2638034220334507,0.1560798893822606,0.3995059108973203,0.6135791046306572,0.3366896854751004,0.2303408255201262,9.81594128496561e-07,1.8046695590005625e-07,4.0,0,6.0,0,7.0,0,4.0,0,0.0,1,2025-05-01,2025-04-01,2025-05-01,2025-03-01,2025-05-01,2025-06-14,2025-06-07,expansion,official,0,unchanged
2025-06-27,0,2025-06-27,slowdown,slowdown,official,-0.0499645958812011,-0.5070514100980448,1,2,0,2,0.3512906836772345,real_income,-0.2607563624876542,-0.6149934651734814,watch,preliminary,True,0.8797051027059763,0,slowdown,0.5346089312007605,0.4702169415779012,0,0,4,,4,0,0.1747391977147456,0.0168914079658717,0.1582160289415667,0.0517016313766142,0.6670438603503214,0.9314067340825906,9.129933660913746e-07,2.265749234899321e-07,5.0,0,7.0,0,4.0,0,5.0,0,0.0,1,2025-05-01,2025-05-01,2025-05-01,2025-04-01,2025-05-01,2025-06-21,2025-06-14,slowdown,official,0,accepted
2025-07-04,0,2025-07-04,slowdown,slowdown,official,-0.0492290351861933,-0.4775923989612329,1,2,0,2,0.3571188956365446,real_income,-0.2446700667684138,-0.516908572762557,watch,preliminary,True,0.8730761602283095,0,slowdown,0.5032367327694921,0.4291122335514029,0,0,4,,4,0,0.1834257317443186,0.0170526732890104,0.1663242187735666,0.0549354675924504,0.6502491342981344,0.92801162782076,9.1518398034235e-07,2.3129777919519057e-07,6.0,0,3.0,0,5.0,0,6.0,0,0.0,1,2025-06-01,2025-05-01,2025-05-01,2025-04-01,2025-05-01,2025-06-28,2025-06-21,slowdown,official,0,unchanged
2025-07-11,0,2025-07-11,slowdown,slowdown,official,-0.0403258826615253,-0.4395685146519412,1,3,0,3,0.3666213287370366,real_income,-0.2001543041450735,-0.313133580764158,none,absent,True,0.8682223817340726,0,slowdown,0.4407747964993538,0.3553769751047583,0,0,4,,4,0,0.1848488054611128,0.0172599221278329,0.1706078217150007,0.0572587360273816,0.6445424912101235,0.9254811177614544,8.81613762857847e-07,2.240833311207549e-07,7.0,0,4.0,0,6.0,0,7.0,0,0.0,1,2025-06-01,2025-05-01,2025-05-01,2025-04-01,2025-05-01,2025-07-05,2025-06-28,slowdown,official,0,unchanged
2025-07-18,0,2025-07-18,slowdown,slowdown,official,0.0312970699795241,-0.3816835260054415,1,2,0,2,0.4123629837605324,production,-0.1564469665973734,-0.1210618779447357,none,absent,False,0.8224824716963895,0,slowdown,0.3338787063686599,0.2432594281533326,0,0,4,,4,0,0.1852508459172695,0.0187986824264261,0.2119292107106939,0.079359302822634,0.6028190367872721,0.9018417745190236,9.065847645127118e-07,2.4023191637351177e-07,4.0,0,5.0,0,7.0,0,4.0,0,0.0,1,2025-06-01,2025-05-01,2025-06-01,2025-04-01,2025-06-01,2025-07-12,2025-07-05,slowdown,official,0,unchanged
2025-07-25,0,2025-07-25,slowdown,slowdown,official,0.0395732547128619,-0.3587002931341183,1,2,0,2,0.422151628207473,production,-0.1149496941669911,-0.0061457135881197,none,absent,False,0.8055916963871985,0,slowdown,0.3027375966946232,0.2072801268904033,0,0,4,,4,0,0.1893266977185122,0.020594485039203,0.2201852431569556,0.086906787475624,0.5904871515072642,0.8924984838628226,9.076172679921688e-07,2.436223502441215e-07,5.0,0,6.0,0,8.0,0,5.0,0,0.0,1,2025-06-01,2025-05-01,2025-06-01,2025-04-01,2025-06-01,2025-07-19,2025-07-12,slowdown,official,0,unchanged
2025-08-01,0,2025-08-01,slowdown,slowdown,official,-0.0925766830321614,-0.7294668046409855,1,3,0,3,0.4504655330964965,real_income,-0.0835437179982073,0.2193615352752151,watch,preliminary,True,0.9413572493297704,0,slowdown,0.5080406853291811,0.5080406853291811,0,0,4,,4,0,0.1176518112880109,0.006916364338247,0.1052144975861689,0.0258631007211852,0.7771328412059014,0.9672203500509556,8.49919918617409e-07,1.848896121269031e-07,6.0,0,3.0,0,4.0,0,6.0,0,0.0,1,2025-07-01,2025-06-01,2025-06-01,2025-05-01,2025-06-01,2025-07-26,2025-07-19,slowdown,official,0,unchanged
2025-08-08,0,2025-08-08,slowdown,slowdown,official,-0.0926359410013797,-0.6951964011819968,1,3,0,3,0.4504017220296383,real_income,-0.0838400078442983,0.3907135525701584,watch,preliminary,True,0.9351298874863672,0,slowdown,0.5063810538225848,0.5046542598103501,0,0,4,,4,0,0.1258877268898728,0.0077281996134949,0.1125665085593407,0.0285708621155447,0.7615449122807123,0.963700749601912,8.522700742553844e-07,1.886690485386894e-07,7.0,0,4.0,0,5.0,0,7.0,0,0.0,1,2025-07-01,2025-06-01,2025-06-01,2025-05-01,2025-06-01,2025-08-02,2025-07-26,slowdown,official,0,unchanged
2025-08-15,0,2025-08-15,slowdown,slowdown,official,-0.0823019004826493,-0.402086925439249,1,2,0,2,0.5004515577827455,real_income,-0.0907201427173776,0.50346559715752,none,absent,True,0.8259690260201109,0,slowdown,0.3945377000018349,0.2893021664806895,0,0,4,,4,0,0.2151316742158593,0.0238079456419343,0.1963598355903965,0.0751113902980569,0.5885075806560354,0.9010804163181678,9.095377087025684e-07,2.4774184066257805e-07,4.0,0,5.0,0,6.0,0,4.0,0,0.0,1,2025-07-01,2025-06-01,2025-07-01,2025-05-01,2025-07-01,2025-08-09,2025-08-02,slowdown,official,0,unchanged
2025-08-22,0,2025-08-22,slowdown,slowdown,official,-0.0897635704851112,-0.4213332094875138,1,2,0,2,0.4907257745661966,real_income,-0.128028492729687,0.4072455557433662,none,absent,True,0.8278638027456673,0,slowdown,0.4085383860174754,0.308846541753178,0,0,4,,4,0,0.2113791540165482,0.0244522553166111,0.1900938159405756,0.0738418487986187,0.5985261213747687,0.901705651544286,9.086681075530806e-07,2.4434048408617373e-07,5.0,0,6.0,0,7.0,0,5.0,0,0.0,1,2025-07-01,2025-06-01,2025-07-01,2025-05-01,2025-07-01,2025-08-16,2025-08-09,slowdown,official,0,unchanged
2025-08-29,0,2025-08-29,slowdown,slowdown,official,-0.0570086583130887,-0.1312343122424111,1,1,0,2,0.4480140607212503,real_income,-0.1458493536746876,0.2931066203251868,none,absent,False,0.4266785088390071,0,slowdown,0.0,0.0971228470996124,0,0,4,,4,0,0.2366861664509666,0.0631969269749027,0.318090199210477,0.2550621449374979,0.4452226875938905,0.6817406537765051,9.467446658038666e-07,2.743110943230381e-07,6.0,0,7.0,0,4.0,0,6.0,0,0.0,1,2025-07-01,2025-07-01,2025-07-01,2025-06-01,2025-07-01,2025-08-23,2025-08-16,slowdown,official,0,unchanged
2025-09-05,0,2025-09-05,slowdown,slowdown,official,-0.0733610092249489,-0.1434359120333372,1,1,0,2,0.464455046248902,real_income,-0.1553380464651045,0.1362304277287279,none,absent,False,0.4077795352687812,0,slowdown,0.0,0.1087491392083176,0,0,4,,4,0,0.2366861664509666,0.0682837770484934,0.3123055270277985,0.2619682090828388,0.451007359776569,0.6697477443516201,9.467446658038666e-07,2.695170475332451e-07,7.0,0,4.0,0,5.0,0,7.0,0,0.0,1,2025-08-01,2025-07-01,2025-07-01,2025-06-01,2025-07-01,2025-08-30,2025-08-23,slowdown,official,0,unchanged
2025-09-12,0,2025-09-12,slowdown,slowdown,official,-0.0866569934540125,-0.2128263626701426,1,1,0,2,0.4469142390619272,real_income,-0.2218179676104224,-0.2107218254552985,none,absent,False,0.4852192494754587,0,slowdown,0.0,0.1966320557086903,0,0,4,,4,0,0.2366861664509666,0.0671227417328776,0.2801038060526969,0.2238288710407603,0.4832090807516705,0.709048120516219,9.467446658038666e-07,2.667101428771662e-07,8.0,0,5.0,0,6.0,0,8.0,0,0.0,1,2025-08-01,2025-07-01,2025-07-01,2025-06-01,2025-07-01,2025-09-06,2025-08-30,slowdown,official,0,unchanged
2025-09-19,0,2025-09-19,slowdown,slowdown,official,-0.084590103106261,-0.3114480859007139,1,2,0,3,0.4967060522401237,real_income,-0.2039894733218279,-0.2895022209687243,none,absent,False,0.7422997419906994,0,slowdown,0.4207193429474845,0.2829297445538645,0,0,4,,4,0,0.2320025671876379,0.0414045867686825,0.2160823466350521,0.1081477043023813,0.5519141581670411,0.8504474462930808,9.28010268750552e-07,2.626358552432822e-07,4.0,0,6.0,0,7.0,0,4.0,0,0.0,1,2025-08-01,2025-07-01,2025-08-01,2025-06-01,2025-08-01,2025-09-13,2025-09-06,slowdown,official,0,unchanged
2025-09-26,0,2025-09-26,slowdown,slowdown,official,-0.090388821398752,-0.1146798860179046,1,2,1,3,0.5238349419076999,real_income,-0.181839193863396,-0.3135576095937172,none,absent,False,0.4539275897169512,0,slowdown,0.3589465587543332,0.1493299365658242,0,0,4,,4,0,0.2481061119659748,0.0760955785928739,0.2956970484991239,0.2349882805594492,0.4561959163493683,0.6889158702764004,9.231855328966504e-07,2.705712764407306e-07,5.0,0,7.0,0,4.0,0,5.0,0,0.0,1,2025-08-01,2025-08-01,2025-08-01,2025-07-01,2025-08-01,2025-09-20,2025-09-13,slowdown,official,0,unchanged
2025-10-03,0,2025-09-26,slowdown,slowdown,official,-0.090388821398752,-0.1146798860179046,1,2,1,3,0.5238349419076999,real_income,-0.181839193863396,-0.3135576095937172,none,absent,False,0.4539275897169512,0,slowdown,0.3589465587543332,0.1493299365658242,1,1,4,,5,0,0.2481061119659748,0.0760955785928739,0.2956970484991239,0.2349882805594492,0.4561959163493683,0.6889158702764004,9.231855328966504e-07,2.705712764407306e-07,5.0,0,7.0,0,4.0,0,5.0,0,0.0,1,2025-08-01,2025-08-01,2025-08-01,2025-07-01,2025-08-01,2025-09-20,2025-09-13,slowdown,official,0,unchanged
2025-10-10,0,2025-09-26,slowdown,slowdown,preliminary,-0.090388821398752,-0.1146798860179046,1,2,1,3,0.5238349419076999,real_income,-0.181839193863396,-0.3135576095937172,none,absent,False,0.4539275897169512,0,slowdown,0.3589465587543332,0.1493299365658242,2,2,3,employment,5,0,0.2481061119659748,0.0760955785928739,0.2956970484991239,0.2349882805594492,0.4561959163493683,0.6889158702764004,9.231855328966504e-07,2.705712764407306e-07,5.0,0,7.0,0,4.0,0,5.0,0,0.0,1,2025-08-01,2025-08-01,2025-08-01,2025-07-01,2025-08-01,2025-09-20,2025-09-13,slowdown,preliminary,0,unchanged
2025-10-17,0,2025-09-26,slowdown,slowdown,preliminary,-0.090388821398752,-0.1146798860179046,1,2,1,3,0.5238349419076999,real_income,-0.181839193863396,-0.3135576095937172,none,absent,False,0.4539275897169512,0,slowdown,0.3589465587543332,0.1493299365658242,3,3,3,employment,5,0,0.2481061119659748,0.0760955785928739,0.2956970484991239,0.2349882805594492,0.4561959163493683,0.6889158702764004,9.231855328966504e-07,2.705712764407306e-07,5.0,0,7.0,0,4.0,0,5.0,0,0.0,1,2025-08-01,2025-08-01,2025-08-01,2025-07-01,2025-08-01,2025-09-20,2025-09-13,slowdown,preliminary,0,unchanged
2025-10-24,0,2025-09-26,slowdown,,withheld,-0.090388821398752,-0.1146798860179046,1,2,1,3,0.5238349419076999,real_income,-0.181839193863396,-0.3135576095937172,none,absent,False,0.4539275897169512,0,slowdown,0.3589465587543332,0.1493299365658242,4,4,1,consumption|employment|production,5,1,0.2481061119659748,0.0760955785928739,0.2956970484991239,0.2349882805594492,0.4561959163493683,0.6889158702764004,9.231855328966504e-07,2.705712764407306e-07,5.0,0,7.0,0,4.0,0,5.0,0,0.0,1,2025-08-01,2025-08-01,2025-08-01,2025-07-01,2025-08-01,2025-09-20,2025-09-13,,withheld,0,upstream_withheld
2025-10-31,0,2025-09-26,slowdown,,withheld,-0.090388821398752,-0.1146798860179046,1,2,1,3,0.5238349419076999,real_income,-0.181839193863396,-0.3135576095937172,none,absent,False,0.4539275897169512,0,slowdown,0.3589465587543332,0.1493299365658242,5,5,0,consumption|employment|production|real_income,5,1,0.2481061119659748,0.0760955785928739,0.2956970484991239,0.2349882805594492,0.4561959163493683,0.6889158702764004,9.231855328966504e-07,2.705712764407306e-07,5.0,0,7.0,0,4.0,0,5.0,0,0.0,1,2025-08-01,2025-08-01,2025-08-01,2025-07-01,2025-08-01,2025-09-20,2025-09-13,,withheld,0,upstream_withheld
2025-11-07,0,2025-09-26,slowdown,,withheld,-0.090388821398752,-0.1146798860179046,1,2,1,3,0.5238349419076999,real_income,-0.181839193863396,-0.3135576095937172,none,absent,False,0.4539275897169512,0,slowdown,0.3589465587543332,0.1493299365658242,6,6,0,consumption|employment|production|real_income,5,1,0.2481061119659748,0.0760955785928739,0.2956970484991239,0.2349882805594492,0.4561959163493683,0.6889158702764004,9.231855328966504e-07,2.705712764407306e-07,5.0,0,7.0,0,4.0,0,5.0,0,0.0,1,2025-08-01,2025-08-01,2025-08-01,2025-07-01,2025-08-01,2025-09-20,2025-09-13,,withheld,0,upstream_withheld
2025-11-14,0,2025-09-26,slowdown,,withheld,-0.090388821398752,-0.1146798860179046,1,2,1,3,0.5238349419076999,real_income,-0.181839193863396,-0.3135576095937172,none,absent,False,0.4539275897169512,0,slowdown,0.3589465587543332,0.1493299365658242,7,7,0,consumption|employment|production|real_income,5,1,0.2481061119659748,0.0760955785928739,0.2956970484991239,0.2349882805594492,0.4561959163493683,0.6889158702764004,9.231855328966504e-07,2.705712764407306e-07,5.0,0,7.0,0,4.0,0,5.0,0,0.0,1,2025-08-01,2025-08-01,2025-08-01,2025-07-01,2025-08-01,2025-09-20,2025-09-13,,withheld,0,upstream_withheld
2025-11-21,0,2025-10-17,slowdown,,withheld,-0.0756872026746312,-0.0071941653655127,1,2,1,3,0.5494131130655916,real_income,-0.0787077888141459,0.1398142644840848,none,absent,False,0.3237011156118535,0,slowdown,0.2515286082583959,0.0171408252182004,5,5,0,consumption|employment|production|real_income,5,1,0.2498792684378915,0.0807164261507332,0.345455436890127,0.297791090227012,0.404664364888657,0.6214922058388656,9.297833244200616e-07,2.777833892914007e-07,8.0,0,5.0,0,7.0,0,8.0,0,0.0,1,2025-09-01,2025-08-01,2025-08-01,2025-07-01,2025-08-01,2025-11-15,2025-11-08,,withheld,0,upstream_withheld
2025-11-28,0,2025-10-17,slowdown,,withheld,-0.0889483161365005,-0.107306047220014,1,2,0,3,0.5708534297187223,real_income,-0.0787077888141459,0.1398142644840848,none,absent,False,0.5456746940586708,0,slowdown,0.2929538820884055,0.0812117923180708,6,6,0,consumption|employment|production|real_income,5,1,0.2349767326312415,0.0541756677173446,0.3043160007730349,0.2000746773198281,0.4607063266887929,0.7457493713784988,9.39906930524966e-07,2.835843282315796e-07,8.0,0,5.0,0,7.0,0,4.0,0,0.0,1,2025-09-01,2025-08-01,2025-08-01,2025-07-01,2025-09-01,2025-11-22,2025-11-15,,withheld,0,upstream_withheld
2025-12-05,0,2025-11-07,slowdown,,withheld,-0.0886645777237634,-0.1632256706798537,1,3,0,3,0.5503759807882146,real_income,-0.1054868234532066,0.3603731899273407,none,absent,False,0.668322460310401,0,slowdown,0.314328496349593,0.1226558157498794,4,4,0,consumption|employment|production|real_income,5,1,0.226908368337779,0.0405714849109512,0.2702112427226247,0.1455528932967681,0.5028794813061229,0.8138753536071691,9.07633473351116e-07,2.68185111556743e-07,7.0,0,8.0,0,5.0,0,7.0,0,0.0,1,2025-09-01,2025-09-01,2025-09-01,2025-07-01,2025-09-01,2025-11-29,2025-11-22,,withheld,0,upstream_withheld
2025-12-12,0,2025-11-07,slowdown,,withheld,-0.0886645777237634,-0.1632256706798537,1,3,0,3,0.5503759807882146,real_income,-0.1054868234532066,0.3603731899273407,none,absent,False,0.668322460310401,0,slowdown,0.314328496349593,0.1226558157498794,5,5,0,consumption|employment|production|real_income,5,1,0.226908368337779,0.0405714849109512,0.2702112427226247,0.1455528932967681,0.5028794813061229,0.8138753536071691,9.07633473351116e-07,2.68185111556743e-07,7.0,0,8.0,0,5.0,0,7.0,0,0.0,1,2025-09-01,2025-09-01,2025-09-01,2025-07-01,2025-09-01,2025-12-06,2025-11-29,,withheld,0,upstream_withheld
2025-12-19,0,2025-11-14,slowdown,,withheld,-0.128979510485518,-0.2612067331488056,1,3,0,3,0.5086488174414757,real_income,-0.1238895269926426,0.2624913073779947,none,absent,False,0.7459904447087907,0,slowdown,0.373764567703411,0.2064029510528748,5,5,1,consumption|production|real_income,5,1,0.2249008076507663,0.0345814245762282,0.2284985572025023,0.1097139378618634,0.5465997355435007,0.8557043825706542,8.996032306030651e-07,2.549912542051988e-07,8.0,0,0.0,1,6.0,0,8.0,0,0.0,1,2025-11-01,2025-09-01,2025-09-01,2025-07-01,2025-09-01,2025-12-13,2025-12-06,,withheld,0,upstream_withheld
2025-12-26,0,2025-12-12,slowdown,slowdown,preliminary,-0.1701493512184091,-0.4706582049139187,1,3,0,3,0.5768176954974973,real_income,-0.0134148869495642,0.2065268228646437,watch,preliminary,False,0.8616796330070111,0,slowdown,0.4763658411149079,0.383193384082785,2,2,2,consumption|real_income,5,0,0.2135157386422411,0.022876957767507,0.1636552565172865,0.057721589638405,0.6228281306561586,0.919401222645416,8.741843136315502e-07,2.29948671708819e-07,3.0,0,4.0,0,10.0,0,8.0,0,0.0,1,2025-11-01,2025-09-01,2025-11-01,2025-09-01,2025-09-01,2025-12-20,2025-12-13,slowdown,preliminary,0,unchanged
2026-01-02,0,2025-12-12,slowdown,slowdown,preliminary,-0.1701493512184091,-0.4706582049139187,1,3,0,3,0.5768176954974973,real_income,-0.0134148869495642,0.2065268228646437,watch,preliminary,False,0.8616796330070111,0,slowdown,0.4763658411149079,0.383193384082785,3,3,2,consumption|real_income,5,0,0.2135157386422411,0.022876957767507,0.1636552565172865,0.057721589638405,0.6228281306561586,0.919401222645416,8.741843136315502e-07,2.29948671708819e-07,3.0,0,4.0,0,10.0,0,8.0,0,0.0,1,2025-11-01,2025-09-01,2025-11-01,2025-09-01,2025-09-01,2025-12-27,2025-12-20,slowdown,preliminary,0,unchanged
2026-01-09,0,2025-12-12,slowdown,slowdown,preliminary,-0.1830100190499379,-0.3707302642294567,1,3,0,3,0.5617585263062165,real_income,-0.0134148869495642,0.2065268228646437,none,absent,False,0.8348358332851167,0,slowdown,0.4440797690837522,0.3077548705803152,4,4,2,consumption|real_income,5,0,0.2198047056299715,0.0231871086409626,0.197713125945734,0.0709884076485851,0.5824812892054718,0.9058242409337018,8.792188225198862e-07,2.427767502522059e-07,3.0,0,0.0,1,10.0,0,8.0,0,0.0,1,2025-12-01,2025-09-01,2025-11-01,2025-09-01,2025-09-01,2026-01-03,2025-12-27,slowdown,preliminary,0,unchanged
2026-01-16,0,2025-12-12,slowdown,,withheld,-0.2265819792999684,-0.2315628765019341,1,3,0,3,0.4759052821101902,real_income,-0.0134148869495642,0.2065268228646437,none,absent,False,0.7498098016476059,0,slowdown,0.4109583749992376,0.204696807846151,5,5,3,real_income,5,1,0.2214908925920725,0.0294791856914941,0.2542074632924861,0.1103553761843323,0.5243007581518709,0.8601651778319382,8.859635703682902e-07,2.602922352365909e-07,3.0,0,0.0,1,10.0,0,3.0,0,0.0,1,2025-12-01,2025-09-01,2025-12-01,2025-09-01,2025-11-01,2026-01-10,2026-01-03,,withheld,0,upstream_withheld
2026-01-23,0,2026-01-23,expansion,slowdown,preliminary,-0.0960359217263097,0.1043646275940827,1,2,1,3,0.498163184839872,real_income,0.1417886971076199,0.760756230123947,none,absent,False,0.1018977777933241,2,expansion,0.2530718357193654,0.0115005503590355,0,0,3,consumption,4,0,0.2313448186293127,0.0900270729690795,0.4226236120092638,0.5059352415775332,0.3460306439821488,0.4040374637842091,9.253792745172508e-07,2.216691781196167e-07,5.0,0,6.0,0,7.0,0,9.0,0,0.0,1,2025-12-01,2025-11-01,2025-12-01,2025-10-01,2025-11-01,2026-01-17,2026-01-10,slowdown,preliminary,0,unchanged
2026-01-30,0,2026-01-30,expansion,expansion,preliminary,-0.1039106026407665,0.0302492082722011,1,2,1,3,0.5047826081335199,real_income,0.1024152925353356,0.3901791335145389,none,absent,False,0.0725367406627239,0,expansion,0.2563986144357115,0.0156689777770859,0,0,3,consumption,4,0,0.2307791719682098,0.0955875826349239,0.3865447500448447,0.4884744735370794,0.3826751548702574,0.4159377328743555,9.231166878728392e-07,2.1095364110721883e-07,6.0,0,7.0,0,8.0,0,10.0,0,0.0,1,2025-12-01,2025-11-01,2025-12-01,2025-10-01,2025-11-01,2026-01-24,2026-01-17,expansion,preliminary,0,accepted
2026-02-06,0,2026-02-06,slowdown,expansion,preliminary,-0.1111109054104521,0.0031892536604609,1,2,1,3,0.5109910064848917,real_income,0.0664137786869078,0.2548793604558381,none,absent,False,0.0351389815718941,0,expansion,0.259440491848352,0.0180139496698381,0,0,2,consumption|real_income,4,0,0.2305717708279115,0.0980746938943014,0.3733160020884882,0.4685320369185873,0.3961113047965168,0.4333930553466932,9.222870833116464e-07,2.138404177947285e-07,7.0,0,8.0,0,9.0,0,11.0,0,0.0,1,2025-12-01,2025-11-01,2025-12-01,2025-10-01,2025-11-01,2026-01-31,2026-01-24,expansion,preliminary,0,unchanged
2026-02-13,0,2026-02-13,expansion,expansion,preliminary,-0.2543493996629477,0.1293346367940355,1,0,1,1,0.4308338026312279,real_income,0.0113292844121345,0.0470856061178465,none,absent,False,0.5335802848063764,0,expansion,0.0,0.0277990923868331,0,0,3,real_income,4,0,0.2420736034645026,0.1207419244541182,0.4544328558152506,0.7064191085609379,0.3034925724258329,0.1728388237545615,9.682944138580106e-07,1.4323038220800858e-07,8.0,0,5.0,0,10.0,0,8.0,0,0.0,1,2026-01-01,2025-11-01,2025-12-01,2025-10-01,2025-12-01,2026-02-07,2026-01-31,expansion,preliminary,0,unchanged
2026-02-20,0,2026-02-20,expansion,expansion,preliminary,-0.2125327816951626,0.1300650352529491,1,1,1,1,0.5073931534280264,real_income,0.0151627693884067,0.0296098294269991,none,absent,False,0.4502243979830702,0,expansion,0.0,0.0231637358881867,0,0,3,consumption,4,0,0.2366861664509666,0.1156945800079465,0.4446667169374318,0.6672648301574746,0.3186461698669356,0.2170404321744044,9.467446658038666e-07,1.576601744336894e-07,4.0,0,6.0,0,7.0,0,9.0,0,0.0,1,2026-01-01,2025-12-01,2026-01-01,2025-11-01,2025-12-01,2026-02-14,2026-02-07,expansion,preliminary,0,unchanged
2026-02-27,0,2026-02-27,expansion,expansion,preliminary,-0.2151308177817337,0.1199931677716126,1,1,1,1,0.5093636175061226,real_income,0.0021725889555512,-0.0164369141427775,none,absent,False,0.4321492372196148,0,expansion,0.0,0.0278765536741008,0,0,3,consumption,4,0,0.2366861664509666,0.116988333342501,0.4398665741833026,0.657580371323038,0.3234463126210647,0.2254311341034232,9.467446658038666e-07,1.6123103762856417e-07,5.0,0,7.0,0,8.0,0,10.0,0,0.0,1,2026-01-01,2025-12-01,2026-01-01,2025-11-01,2025-12-01,2026-02-21,2026-02-14,expansion,preliminary,0,unchanged
2026-03-06,0,2026-03-06,slowdown,expansion,preliminary,-0.3304017469832844,-0.0111616200219002,3,2,1,3,0.4280192459789135,real_income,0.0318476542445697,-0.0522276410275053,none,absent,False,0.0002292475399803,1,slowdown,0.3688889080508082,0.066744110564952,0,0,3,real_income,4,0,0.2304618742963521,0.1010975452384907,0.3663064286831185,0.4493364937572004,0.4032307751730322,0.4495657412971807,9.218474971854084e-07,2.1970712803559834e-07,6.0,0,3.0,0,9.0,0,6.0,0,0.0,1,2026-02-01,2025-12-01,2026-01-01,2025-11-01,2026-01-01,2026-02-28,2026-02-21,expansion,preliminary,0,unchanged
2026-03-13,0,2026-03-13,expansion,expansion,official,-0.2152318562636988,0.043170296505754,2,1,1,2,0.3983611006673789,real_income,0.0595544355817938,-0.1262185483953233,none,absent,False,0.2646399815185922,0,expansion,0.0426921847031332,0.0583375376072685,0,0,4,,4,0,0.2366861664509666,0.117598309204322,0.4027420758240327,0.5735207416434881,0.3605708109803347,0.3088807601248958,9.467446658038666e-07,1.890272939448629e-07,7.0,0,4.0,0,6.0,0,7.0,0,0.0,1,2026-02-01,2026-01-01,2026-01-01,2025-12-01,2026-01-01,2026-03-07,2026-02-28,expansion,official,0,unchanged
2026-03-20,0,2026-03-20,slowdown,expansion,official,-0.1982624970721188,-0.0033415690125808,2,1,1,2,0.3888268505047981,real_income,0.070111755584697,-0.1240177743759006,none,absent,False,0.1482062573183005,0,expansion,0.0429181162070594,0.0592609950478544,0,0,4,,4,0,0.2366861664509667,0.1168533365746353,0.3800226699527391,0.5156763571305181,0.3832902168516284,0.3674700998122175,9.467446658038668e-07,2.064826292274321e-07,4.0,0,5.0,0,7.0,0,8.0,0,0.0,1,2026-02-01,2026-01-01,2026-02-01,2025-12-01,2026-01-01,2026-03-14,2026-03-07,expansion,official,0,unchanged
2026-03-27,0,2026-03-27,expansion,expansion,preliminary,-0.0470851355825317,0.005771275149668,2,1,1,2,0.3853137760441421,real_income,0.0731228983104613,-0.0784535535646558,none,absent,False,0.1227376748395484,0,expansion,0.0206028761346771,0.0243942765054995,0,0,3,consumption,4,0,0.2366861664509666,0.1138291746495719,0.3844781244355672,0.5044541434514954,0.3788347623688002,0.381716468611947,9.467446658038666e-07,2.1328698563465386e-07,5.0,0,6.0,0,8.0,0,9.0,0,0.0,1,2026-02-01,2026-01-01,2026-02-01,2025-12-01,2026-01-01,2026-03-21,2026-03-14,expansion,preliminary,0,unchanged
2026-04-03,0,2026-04-03,expansion,expansion,preliminary,-0.1667603396805062,0.1483803511192586,1,1,2,1,0.399740485875434,real_income,0.1004736376315459,0.1305084706836561,none,absent,False,0.4137872292600816,0,expansion,0.0,0.0168958850190829,0,0,3,real_income,4,0,0.2499997674420768,0.1308403869334736,0.4454351638564442,0.6414733350371337,0.3045641384697862,0.2276861057770521,9.302316928077276e-07,1.7225234077931673e-07,6.0,0,3.0,0,9.0,0,6.0,0,0.0,1,2026-03-01,2026-01-01,2026-02-01,2025-12-01,2026-02-01,2026-03-28,2026-03-21,expansion,preliminary,0,unchanged
2026-04-10,0,2026-04-10,expansion,expansion,official,-0.2322438135140115,0.1040001475116232,1,1,2,1,0.4815659407078196,real_income,0.0979204576008393,0.3059915509264219,none,absent,False,0.2846358810766495,0,expansion,0.0,0.0278472497082321,0,0,4,,4,0,0.2499997674420768,0.128907448803203,0.4246677129584082,0.5778641175597483,0.3253315893678221,0.2932282364830987,9.302316928077276e-07,1.971539500480821e-07,7.0,0,4.0,0,5.0,0,7.0,0,0.0,1,2026-03-01,2026-02-01,2026-02-01,2026-01-01,2026-02-01,2026-04-04,2026-03-28,expansion,official,0,unchanged
2026-04-17,0,2026-04-17,slowdown,slowdown,official,-0.3460264728331173,-0.0810703305501076,1,1,1,1,0.5671361727709955,real_income,0.1025068103820453,0.3129670257843883,none,absent,False,0.2418024815279912,0,slowdown,0.0,0.0830818351016997,0,0,4,,4,0,0.2499997674420768,0.1005978792065158,0.336192950368857,0.3287996880573025,0.4138063519573733,0.5706021695852938,9.302316928077276e-07,2.63150887855094e-07,4.0,0,5.0,0,6.0,0,8.0,0,0.0,1,2026-03-01,2026-02-01,2026-03-01,2026-01-01,2026-02-01,2026-04-11,2026-04-04,slowdown,official,0,accepted
2026-04-24,0,2026-04-24,slowdown,slowdown,official,-0.3060875968787467,-0.0943698563850806,1,1,1,1,0.592172175864156,real_income,0.0928645672805561,0.2881066019082187,none,absent,False,0.2690240698038137,0,slowdown,0.0,0.0921619685775883,0,0,4,,4,0,0.2499997674420768,0.097128214102108,0.3298840231859114,0.3169237261364619,0.420115279140319,0.5859477959402757,9.302316928077276e-07,2.638211544274005e-07,5.0,0,6.0,0,7.0,0,5.0,0,0.0,1,2026-03-01,2026-02-01,2026-03-01,2026-01-01,2026-03-01,2026-04-18,2026-04-11,slowdown,official,0,unchanged
2026-05-01,0,2026-05-01,slowdown,expansion,official,-0.2538791445844495,-0.009563834760183,1,1,1,1,0.5452581863884193,real_income,0.130379073112962,0.3364946939052755,none,absent,False,0.0184413515436796,0,expansion,0.0,0.0425163705784983,0,0,4,,4,0,0.2499997674420768,0.1201758221942024,0.3704054220349347,0.4491326487608273,0.3795938802912957,0.4306912972171476,9.302316928077276e-07,2.3182782249452665e-07,6.0,0,7.0,0,4.0,0,6.0,0,0.0,1,2026-03-01,2026-03-01,2026-03-01,2026-02-01,2026-03-01,2026-04-25,2026-04-18,slowdown,official,1,blocked_raw
2026-05-08,0,2026-05-08,expansion,expansion,official,-0.238046141359674,0.1427493606586139,1,1,2,1,0.5372013546701886,real_income,0.1690154231508296,0.3502688722523382,none,absent,False,0.4104034365958073,0,expansion,0.0,0.0246798337143945,0,0,4,,4,0,0.262856902530832,0.1437502608551472,0.4352307531600121,0.6333265022557683,0.3019114300242775,0.2229230656599609,9.142848783681112e-07,1.7122912344531473e-07,7.0,0,4.0,0,5.0,0,7.0,0,0.0,1,2026-04-01,2026-03-01,2026-03-01,2026-02-01,2026-03-01,2026-05-02,2026-04-25,expansion,official,0,accepted
2026-05-15,0,2026-05-15,expansion,expansion,official,-0.1392086610813954,0.039257202206888,1,1,2,1,0.4680154750274932,real_income,0.1692695933709762,0.3274533542585175,none,absent,False,0.2100927883080571,0,expansion,0.0,0.0204664893787763,0,0,4,,4,0,0.262856902530832,0.147269929385034,0.3870913117461248,0.5314113279078839,0.3500508714381649,0.3213185395998267,9.142848783681112e-07,2.0310725521439962e-07,4.0,0,5.0,0,6.0,0,4.0,0,0.0,1,2026-04-01,2026-03-01,2026-04-01,2026-02-01,2026-04-01,2026-05-09,2026-05-02,expansion,official,0,unchanged
2026-05-22,0,2026-05-22,expansion,expansion,official,-0.1349670246173138,0.0484440700943265,1,1,2,1,0.4653013071013504,real_income,0.1833318838849071,0.3733876936957097,none,absent,False,0.2104076969984508,0,expansion,0.0,0.0193235903600192,0,0,4,,4,0,0.262856902530832,0.146580495323177,0.3914153093819148,0.531913498406189,0.3457268738023749,0.3215058014077381,9.142848783681112e-07,2.048628958626859e-07,5.0,0,6.0,0,7.0,0,5.0,0,0.0,1,2026-04-01,2026-03-01,2026-04-01,2026-02-01,2026-04-01,2026-05-16,2026-05-09,expansion,official,0,unchanged
2026-05-29,0,2026-05-29,slowdown,expansion,official,-0.318778986781581,-0.0466437804142615,1,1,1,1,0.5744845791868186,real_income,0.1265313449461324,0.0878693295398482,none,absent,False,0.0359622650383946,0,expansion,0.0,0.0583354132229774,0,0,4,,4,0,0.2499997674420767,0.1260538152063534,0.3526186451092667,0.4549541143275924,0.3973806572169637,0.4189918492891977,9.302316928077276e-07,2.211768563760933e-07,6.0,0,7.0,0,4.0,0,6.0,0,0.0,1,2026-04-01,2026-04-01,2026-04-01,2026-03-01,2026-04-01,2026-05-23,2026-05-16,expansion,official,0,unchanged
2026-06-05,0,2026-06-05,slowdown,expansion,official,-0.312811243038523,-0.0635290234064971,1,1,1,1,0.592828316199362,real_income,0.0735718764806577,-0.0945882731761271,none,absent,False,0.0283260085280007,0,expansion,0.0,0.0828271914845409,0,0,4,,4,0,0.2499997674420768,0.1293670155667824,0.3445475596718076,0.4494793862333074,0.4054517426544227,0.4211533777053067,9.302316928077276e-07,2.204946033041757e-07,7.0,0,4.0,0,5.0,0,7.0,0,0.0,1,2026-05-01,2026-04-01,2026-04-01,2026-03-01,2026-04-01,2026-05-30,2026-05-23,expansion,official,0,unchanged
2026-06-12,0,2026-06-12,slowdown,expansion,official,-0.3198590312537371,-0.0907055681855868,1,1,1,1,0.5979227116880982,real_income,0.0353239659132745,-0.2304709970715756,none,absent,False,0.066555222802253,1,slowdown,0.0,0.1394778259438168,0,0,4,,4,0,0.2499997674420768,0.1246372757749348,0.3316198329153952,0.4044036341607965,0.4183794694108352,0.4709588569630495,9.302316928077276e-07,2.331012190787108e-07,8.0,0,5.0,0,6.0,0,8.0,0,0.0,1,2026-05-01,2026-04-01,2026-04-01,2026-03-01,2026-04-01,2026-06-06,2026-05-30,expansion,official,0,unchanged
2026-06-19,0,2026-06-19,slowdown,expansion,official,-0.3022070740387223,-0.0527783866280903,1,2,2,2,0.5842241797065187,real_income,-0.0056639217713173,-0.3410838674878008,none,absent,False,0.0312915592887609,1,slowdown,0.4389095576468004,0.1291686534987327,0,0,4,,4,0,0.2432072307247464,0.1199002772355795,0.3401825581120034,0.4244039715360156,0.4166093062061126,0.4556955308247766,9.049571375804516e-07,2.204036281532642e-07,4.0,0,6.0,0,7.0,0,4.0,0,0.0,1,2026-05-01,2026-04-01,2026-05-01,2026-03-01,2026-05-01,2026-06-13,2026-06-06,expansion,official,0,unchanged
2026-06-26,0,2026-06-26,slowdown,expansion,official,-0.3287339293695857,-0.0829762090621195,1,2,2,2,0.5666347257568395,real_income,-0.0203206312276456,-0.5166507775118981,none,absent,False,0.1296302633148677,2,slowdown,0.503741054937737,0.1940139327930417,0,0,4,,4,0,0.2429698270904493,0.11230393351129,0.3258591928478861,0.3790327863717102,0.4311700759878893,0.5086630496865779,9.040737752202764e-07,2.304304217964747e-07,5.0,0,7.0,0,4.0,0,5.0,0,0.0,1,2026-05-01,2026-05-01,2026-05-01,2026-04-01,2026-05-01,2026-06-20,2026-06-13,expansion,official,0,unchanged
2026-07-03,0,2026-07-03,slowdown,slowdown,official,-0.335856318069378,-0.1983049270577959,1,2,1,2,0.5616738500426524,real_income,-0.0121324149247467,-0.6342268042543258,none,absent,False,0.4851921061528268,0,slowdown,0.5906887948004451,0.336696626787403,0,0,4,,4,0,0.2290696570227528,0.0707389604507716,0.2775060904282553,0.2220343383389232,0.4934233362703637,0.70722644449175,9.162786280910116e-07,2.567185551645095e-07,6.0,0,3.0,0,5.0,0,6.0,0,0.0,1,2026-06-01,2026-05-01,2026-05-01,2026-04-01,2026-05-01,2026-06-27,2026-06-20,slowdown,official,0,accepted
2026-07-10,0,2026-07-10,slowdown,slowdown,official,-0.3320009223655689,-0.1809476645086993,1,2,1,2,0.5623634386258738,real_income,0.0071445635942985,-0.5533281403144911,none,absent,False,0.5273685867577405,0,slowdown,0.5625161376770715,0.3009442816293912,0,0,4,,4,0,0.2291935309433413,0.0624860077107328,0.28540718909856,0.2050725704014135,0.4853983631839749,0.7324411571591539,9.167741237733652e-07,2.6472869984929374e-07,7.0,0,4.0,0,6.0,0,7.0,0,0.0,1,2026-06-01,2026-05-01,2026-05-01,2026-04-01,2026-05-01,2026-07-04,2026-06-27,slowdown,official,0,unchanged
2026-07-17,0,2026-07-17,slowdown,slowdown,official,-0.3013697328297924,-0.2589836039452132,1,2,0,2,0.5821465022270909,real_income,0.0381734292076197,-0.4992073526559302,none,absent,False,0.6797496124736588,0,slowdown,0.5725160157136382,0.3584225731064777,0,0,4,,4,0,0.2286489382634082,0.0455824275875701,0.2506712214401819,0.1373338471817541,0.5206789257006568,0.817083459655413,9.145957530536328e-07,2.655752626848251e-07,4.0,0,5.0,0,7.0,0,4.0,0,0.0,1,2026-06-01,2026-05-01,2026-06-01,2026-04-01,2026-06-01,2026-07-11,2026-07-04,slowdown,official,0,unchanged
2026-07-24,0,2026-07-24,slowdown,slowdown,official,-0.2896919746484562,-0.1849757716595014,1,2,0,2,0.5736413974041413,real_income,0.0956929295034093,-0.1291681912273712,none,absent,False,0.6401483346830125,0,slowdown,0.4510573510879795,0.2046662429711284,0,0,4,,4,0,0.2291646553625872,0.0442614764512584,0.2835654066505979,0.1577949565629994,0.4872690213281933,0.7979432912460119,9.166586214503488e-07,2.757397302411228e-07,5.0,0,6.0,0,8.0,0,5.0,0,0.0,1,2026-06-01,2026-05-01,2026-06-01,2026-04-01,2026-06-01,2026-07-18,2026-07-11,slowdown,official,0,unchanged
2026-07-31,0,2026-07-31,expansion,expansion,official,-0.2032802485997338,0.2940944085554861,1,0,1,1,0.5193048084426601,real_income,0.1392864062123985,0.2274882411594811,none,absent,False,0.5940075291735556,0,expansion,0.0,0.0081905398528234,0,0,4,,4,0,0.2542578664915668,0.1221382816406809,0.5186423602053244,0.7359345493558349,0.2270988272273265,0.1419270201822793,9.46075782294202e-07,1.4882120482991214e-07,6.0,0,7.0,0,4.0,0,6.0,0,0.0,1,2026-06-01,2026-06-01,2026-06-01,2026-05-01,2026-06-01,2026-07-25,2026-07-18,expansion,official,0,accepted
2026-08-07,0,2026-08-07,expansion,expansion,official,-0.2118092045776137,0.245992348345399,2,1,1,2,0.5025288352907881,real_income,0.1754614433321974,0.5038480517195659,none,absent,False,0.4655939142006005,0,expansion,0.0064006079087858,0.0128012158175716,0,0,4,,4,0,0.2499997674420768,0.1178957685423628,0.4894116701581184,0.6738489860570703,0.2605876321681119,0.2082550718564698,9.302316928077276e-07,1.735440970907969e-07,7.0,0,4.0,0,5.0,0,7.0,0,0.0,1,2026-07-01,2026-06-01,2026-06-01,2026-05-01,2026-06-01,2026-08-01,2026-07-25,expansion,official,0,unchanged
2026-08-14,0,2026-08-14,expansion,expansion,official,-0.2478205792876798,0.2743232509026529,2,1,1,2,0.5258394427264671,real_income,0.1750074360481522,0.6488466108121292,none,absent,False,0.5571246494730617,0,expansion,0.0060185979654273,0.0120371959308547,0,0,4,,4,0,0.2499997674420768,0.1189646093312193,0.5016144277273941,0.7190799452625803,0.2483848745988364,0.1619552957895185,9.302316928077276e-07,1.496166816873369e-07,8.0,0,5.0,0,6.0,0,4.0,0,0.0,1,2026-07-01,2026-06-01,2026-06-01,2026-05-01,2026-07-01,2026-08-08,2026-08-01,expansion,official,0,unchanged
