,official_phase,raw_phase,activity_level,activity_momentum,negative_level_domains,negative_momentum_domains,concentration,candidate_h_phase,usrec
1995-01-06,expansion_late,expansion_late,0.8596130138502934,0.2659040906110773,0,0,0.35351526967982616,expansion_late,0
1995-01-13,expansion_middle,expansion_middle,0.8592893473721185,0.4040665446556316,0,0,0.35108392904818264,expansion_late,0
1995-01-20,expansion_early,expansion_early,0.8589659245397642,0.5025555637218662,0,0,0.33070205942789205,expansion_late,0
1995-01-27,expansion_early,expansion_early,0.8586427450782207,0.5060943772496521,0,0,0.3326195768163192,expansion_late,0
1995-02-03,expansion_middle,expansion_middle,0.8921161759997006,0.4460575797828396,0,0,0.32979047217983676,expansion_late,0
1995-02-10,expansion_late,expansion_late,0.7793670375823251,0.2217011137791739,0,0,0.34039132686824364,expansion_late,0
1995-02-17,slowdown_early,slowdown_early,0.767345990409291,-0.022833352895580174,0,1,0.318541866625981,slowdown_early,0
1995-02-24,slowdown_early,slowdown_early,0.7556901384620127,-0.022833352895580174,0,1,0.3234803996097454,slowdown_early,0
1995-03-03,slowdown_early,slowdown_early,0.7370359003582964,-0.022143571975471194,0,1,0.3318619947089109,slowdown_early,0
1995-03-10,slowdown_early,slowdown_early,0.6994713239726076,-0.607458436128896,0,2,0.3353890221318282,slowdown_early,0
1995-03-17,slowdown_early,slowdown_early,0.6994713239726076,-0.607458436128896,0,2,0.31768156247309765,slowdown_early,0
1995-03-24,slowdown_early,slowdown_early,0.6994713239726076,-0.6302836917724213,0,3,0.34151172818938164,slowdown_middle,0
1995-03-31,slowdown_early,slowdown_early,0.6994713239726076,-0.607170657596582,0,3,0.341019469834548,slowdown_middle,0
1995-04-07,slowdown_early,slowdown_early,0.6994713239726076,-0.6515917627394803,0,2,0.3397015685775755,slowdown_middle,0
1995-04-14,slowdown_early,slowdown_early,0.6573390856367537,-0.5681958258953563,0,3,0.34241579109026826,slowdown_middle,0
1995-04-21,slowdown_middle,slowdown_middle,0.6573390856367537,-0.7040826273040317,0,3,0.31509515340190775,slowdown_middle,0
1995-04-28,slowdown_middle,slowdown_middle,0.6573390856367537,-0.6956104855902551,0,3,0.31943301381632916,slowdown_middle,0
1995-05-05,slowdown_early,slowdown_early,0.6573390856367537,-0.6028391723181957,0,3,0.33143543813068943,slowdown_middle,0
1995-05-12,slowdown_middle,slowdown_middle,0.5535766767927365,-1.14917753860991,0,3,0.3505319704414728,slowdown_middle,0
1995-05-19,slowdown_middle,slowdown_middle,0.5366035975901697,-0.920947453315323,0,3,0.39793665105395726,slowdown_middle,0
1995-05-26,slowdown_late,slowdown_late,0.5366035975901697,-1.2679482204262946,0,3,0.40767961187049445,slowdown_late,0
1995-06-02,slowdown_late,slowdown_late,0.41214832278198194,-1.4264313835080469,0,4,0.4379517345671734,slowdown_late,0
1995-06-09,slowdown_late,slowdown_late,0.41214832278198194,-1.2588283770387592,0,4,0.43701764073012556,slowdown_late,0
1995-06-16,slowdown_middle,slowdown_middle,0.5069758030644846,-0.7116555153503321,0,3,0.41704625481535146,slowdown_late,0
1995-06-23,slowdown_middle,slowdown_middle,0.511477598912688,-0.6867548677701777,0,3,0.41248621758162296,slowdown_late,0
1995-06-30,slowdown_middle,slowdown_middle,0.5121037066930847,-0.6668603874298137,0,2,0.39830279220973797,slowdown_late,0
1995-07-07,slowdown_early,slowdown_early,0.5127313492089555,-0.06167588801502703,0,1,0.3983761937225946,slowdown_middle,0
1995-07-14,slowdown_early,slowdown_early,0.5136990728277095,-0.1129480904364017,0,1,0.4062303642045951,slowdown_middle,0
1995-07-21,slowdown_early,slowdown_early,0.5255199772738234,-0.2942477154377418,0,2,0.30925148703039257,slowdown_middle,0
1995-07-28,slowdown_early,slowdown_middle,0.5245431813852272,-0.5158864160954535,0,2,0.3003345866441363,slowdown_middle,0
1995-08-04,slowdown_early,slowdown_early,0.5720258123612275,-0.4518065406942721,0,2,0.2962948149660228,slowdown_early,0
1995-08-11,slowdown_early,slowdown_early,0.5720258123612275,-0.16267154205577822,0,2,0.3009588101528057,slowdown_early,0
1995-08-18,slowdown_early,slowdown_early,0.4436511640451463,0.2827021197763305,0,2,0.45338429390142526,slowdown_early,0
1995-08-25,expansion_late,expansion_late,0.43675116746368303,0.18443817320682662,0,2,0.441012685229202,slowdown_early,0
1995-09-01,expansion_late,expansion_late,0.43675116746368303,0.03066771687499177,0,2,0.45128037682144384,slowdown_early,0
1995-09-08,expansion_late,expansion_late,0.43132400927938014,0.04918297111840234,0,1,0.4542496382216879,slowdown_early,0
1995-09-15,expansion_late,expansion_late,0.5316132743275386,0.11143287878900714,0,0,0.39326746650715005,slowdown_early,0
1995-09-22,expansion_late,expansion_late,0.5300385141766281,0.11143287878900714,0,0,0.3879149585808825,expansion_late,0
1995-09-29,expansion_middle,expansion_middle,0.6646070073982953,0.37704943457964946,0,0,0.3652490012950749,expansion_late,0
1995-10-06,expansion_late,expansion_late,0.6615088312276103,0.19705914487370046,0,0,0.36487559326988,expansion_late,0
1995-10-13,expansion_late,slowdown_early,0.6584394063556146,0.0015964730184435648,0,1,0.36898686714898365,expansion_late,0
1995-10-20,slowdown_early,slowdown_early,0.5587340844597002,-0.4466354666816061,0,2,0.33971734701715295,expansion_late,0
1995-10-27,slowdown_early,slowdown_early,0.5597487027634223,-0.44530022041578754,0,2,0.33697214336597187,expansion_late,0
1995-11-03,slowdown_early,slowdown_early,0.5598491039833131,-0.3821690298237617,0,1,0.3282124045915364,slowdown_early,0
1995-11-10,slowdown_middle,slowdown_middle,0.5599495412272747,-0.6483334749408416,0,3,0.32966796418816297,slowdown_early,0
1995-11-17,slowdown_middle,slowdown_middle,0.4808111423640306,-0.7836695328217238,0,3,0.3343874089136233,slowdown_early,0
1995-11-24,slowdown_middle,slowdown_middle,0.4808111423640306,-0.7800152761356576,0,3,0.33533397586780334,slowdown_middle,0
1995-12-01,slowdown_middle,slowdown_middle,0.4808111423640306,-0.7695042113572508,0,3,0.32199254779842873,slowdown_middle,0
1995-12-08,slowdown_middle,slowdown_middle,0.4808111423640306,-0.705653652518121,0,3,0.32620507954540745,slowdown_middle,0
1995-12-15,slowdown_early,slowdown_early,0.4808111423640306,-0.2853509923773338,0,1,0.33330110820042363,slowdown_middle,0
1995-12-22,slowdown_early,slowdown_early,0.5886072117739028,-0.06736561717529616,0,1,0.3213310966776438,slowdown_middle,0
1995-12-29,slowdown_early,slowdown_early,0.607779286836469,-0.03017141992390027,0,1,0.3386736171897557,slowdown_early,0
1996-01-05,slowdown_early,slowdown_early,0.598823727852139,-0.030376051183925466,0,0,0.3470648637662395,slowdown_early,0
1996-01-12,slowdown_early,slowdown_early,0.598823727852139,-0.026745798479796776,0,1,0.35629038376331024,slowdown_early,0
1996-01-19,slowdown_early,slowdown_early,0.518302294696189,-0.030955770853651046,0,2,0.3211156491417061,slowdown_early,0
1996-01-26,slowdown_early,slowdown_middle,0.5199319884792383,-0.5209738156773185,0,3,0.33130200748104915,slowdown_early,0
1996-02-02,slowdown_middle,slowdown_middle,0.5056635113263911,-0.9684342191808443,0,3,0.33268289522937494,slowdown_early,0
1996-02-09,slowdown_early,slowdown_early,0.5056635113263911,-0.20265203179125532,0,2,0.3118093539803791,slowdown_middle,0
1996-02-16,slowdown_late,slowdown_late,0.3570326305391307,-1.033670471947224,0,3,0.26459289817446946,slowdown_middle,0
1996-02-23,slowdown_middle,slowdown_middle,0.3570326305391307,-0.5086114725616546,0,2,0.4020421602690434,slowdown_middle,0
1996-03-01,slowdown_early,slowdown_early,0.3570326305391307,-0.11238306086731267,0,1,0.35982894544730876,slowdown_middle,0
1996-03-08,expansion_middle,expansion_middle,0.36800182562901124,0.40811440816568934,0,1,0.35870650834534457,slowdown_middle,0
1996-03-15,expansion_early,expansion_early,0.3689040053951622,0.9653463963093233,0,1,0.36756514729394296,slowdown_middle,0
1996-03-22,expansion_early,expansion_early,0.47430682134925783,0.9664136785582154,0,1,0.3278289473639317,slowdown_early,0
1996-03-29,expansion_early,expansion_early,0.4751968909716093,0.972324615636879,0,1,0.31146026176359176,slowdown_early,0
1996-04-05,expansion_late,expansion_late,0.47609030742919517,0.10980467321648542,0,1,0.30332969991149084,slowdown_early,0
1996-04-12,expansion_early,expansion_early,0.4769870896347024,0.5098002000901128,0,0,0.3050733000915673,expansion_late,0
1996-04-19,expansion_late,expansion_late,0.39360684329209045,0.2523479552027182,0,0,0.35618509141450244,expansion_late,0
1996-04-26,expansion_late,expansion_late,0.39360684329209045,0.25579490931250254,0,0,0.37283276658569736,expansion_late,0
1996-05-03,expansion_late,slowdown_early,0.3958600669687266,0.25699327078850825,0,1,0.3908402027688452,expansion_late,0
1996-05-10,expansion_late,slowdown_early,0.398139236576012,0.2582029134090492,0,1,0.3707519329950767,expansion_late,0
1996-05-17,expansion_late,expansion_late,0.5651366489104076,0.23109012766802978,0,1,0.3729364130657404,expansion_late,0
1996-05-24,expansion_late,expansion_late,0.5761415884628267,0.23109012766802978,0,0,0.36265468229482806,expansion_late,0
1996-05-31,expansion_late,slowdown_early,0.5763277647759794,0.27422748127066426,0,0,0.3482534179144727,expansion_middle,0
1996-06-07,expansion_early,expansion_early,0.576514061451295,0.4831837603701204,0,0,0.3481508431400527,expansion_middle,0
1996-06-14,expansion_early,expansion_early,0.5784369451853014,0.6459778988209988,0,0,0.3448652188175517,expansion_middle,0
1996-06-21,expansion_early,expansion_early,0.6952739628928722,0.8981812414191829,0,0,0.35340576615218333,expansion_middle,0
1996-06-28,expansion_early,expansion_early,0.697836373597385,0.8981812414191829,0,0,0.35340957771254927,expansion_middle,0
1996-07-05,expansion_early,expansion_early,0.7004177415391426,0.8981812414191829,0,0,0.33136398650165955,expansion_middle,0
1996-07-12,expansion_early,expansion_early,0.7004177415391426,0.5929370588581984,0,0,0.329611772521916,expansion_middle,0
1996-07-19,expansion_late,expansion_late,0.4436807580787681,0.2005568854252779,0,1,0.32489532504665225,expansion_late,0
1996-07-26,expansion_late,expansion_late,0.4495330600726314,0.2005568854252779,0,1,0.31857179619555925,expansion_late,0
1996-08-02,slowdown_early,slowdown_early,0.45554181347184014,-0.09860265597289224,0,1,0.33712977982553555,expansion_late,0
1996-08-09,slowdown_early,slowdown_early,0.45554181347184014,-0.1761684774725255,0,1,0.33380689160620336,expansion_late,0
1996-08-16,slowdown_early,slowdown_early,0.5903155362923523,-0.23939310066750477,0,2,0.3161885563107524,expansion_late,0
1996-08-23,slowdown_early,slowdown_early,0.5903155362923523,-0.23939310066750477,0,2,0.3241769002651306,slowdown_early,0
1996-08-30,slowdown_early,slowdown_early,0.5903155362923523,-0.4015539824612149,0,3,0.32149333758038856,slowdown_early,0
1996-09-06,slowdown_early,slowdown_early,0.5941917061073836,-0.40547517472309297,0,3,0.32261567456875295,slowdown_early,0
1996-09-13,expansion_late,expansion_late,0.5981191163175651,0.17067757824025154,0,2,0.3259878656651294,slowdown_early,0
1996-09-20,expansion_late,expansion_late,0.5898044620928296,0.18155606635651717,0,2,0.33821318635929615,slowdown_early,0
1996-09-27,slowdown_early,slowdown_early,0.5898044620928296,0.3294821965720931,0,1,0.3402561304121101,slowdown_early,0
1996-10-04,expansion_middle,expansion_middle,0.5898044620928296,0.4047411501304602,0,0,0.34196714880532475,slowdown_early,0
1996-10-11,slowdown_early,slowdown_early,0.5898044620928296,-0.026273473012226163,0,0,0.34059831858693396,slowdown_early,0
1996-10-18,slowdown_early,slowdown_early,0.5701631229459077,-0.08833813379696809,0,1,0.3140426249801333,slowdown_early,0
1996-10-25,slowdown_early,slowdown_early,0.5701631229459077,-0.08833813379696809,0,1,0.3086803432103013,slowdown_early,0
1996-11-01,slowdown_early,slowdown_early,0.5701631229459077,-0.28019082182456206,0,2,0.3217149308326317,slowdown_early,0
1996-11-08,slowdown_early,slowdown_early,0.5701631229459077,-0.1897388866559159,0,2,0.31984051999669777,slowdown_early,0
1996-11-15,slowdown_early,slowdown_early,0.7035069079868236,-0.1011263461104932,0,2,0.30585435098529423,slowdown_early,0
1996-11-22,expansion_late,expansion_late,0.7057638565116522,0.14869699396079522,0,1,0.3457755106643073,slowdown_early,0
1996-11-29,expansion_late,expansion_late,0.7075616372721995,0.19535242806084813,0,1,0.33957007522065286,slowdown_early,0
1996-12-06,expansion_late,expansion_late,0.7093686003379012,0.2022521498477163,0,1,0.3342724188071511,slowdown_early,0
1996-12-13,expansion_late,expansion_late,0.7093686003379012,0.07547696180905801,0,1,0.34403548473491324,slowdown_early,0
1996-12-20,slowdown_early,slowdown_early,0.7687376651103751,-0.013862563433649534,0,1,0.34796882266164864,expansion_late,0
1996-12-27,expansion_late,expansion_late,0.7627719262779707,0.14171410234981305,0,0,0.35124587353230186,expansion_late,0
1997-01-03,expansion_early,expansion_early,0.811134411929926,0.47373503361633706,0,0,0.35650462971944114,expansion_late,0
1997-01-10,slowdown_early,slowdown_early,0.811134411929926,0.34355525119616653,0,0,0.3544989149977419,expansion_late,0
1997-01-17,slowdown_early,slowdown_early,0.4789452845880539,-0.34271419865964914,0,1,0.3645394519846548,slowdown_early,0
1997-01-24,slowdown_early,slowdown_early,0.4789452845880539,-0.34120982224641966,0,1,0.361843928597927,slowdown_early,0
1997-01-31,slowdown_early,slowdown_early,0.4789452845880539,-0.3411073785013979,0,1,0.3492286240261369,slowdown_early,0
1997-02-07,slowdown_early,slowdown_early,0.4789452845880539,-0.1248679156862726,0,1,0.34318560780276197,slowdown_early,0
1997-02-14,slowdown_early,expansion_late,0.5028229632832073,0.2359843865680315,0,2,0.33014040599935013,slowdown_early,0
1997-02-21,expansion_early,expansion_early,0.776296139452098,0.6059358736397553,0,0,0.3378022648278191,slowdown_early,0
1997-02-28,expansion_late,expansion_late,0.776296139452098,0.26629212702496385,0,0,0.33366008418164017,expansion_late,0
1997-03-07,expansion_early,expansion_early,0.7900390701941824,0.6319315226180368,0,0,0.32374870939831063,expansion_late,0
1997-03-14,expansion_early,expansion_early,0.8042773582260258,0.9534114284380374,0,0,0.31977872494631443,expansion_late,0
1997-03-21,expansion_early,expansion_early,0.9094296473560661,1.3926646909348115,0,0,0.2884566157119792,expansion_middle,0
1997-03-28,expansion_early,expansion_early,0.9094296473560661,1.2617278976616184,0,0,0.28652662324351735,expansion_middle,0
1997-04-04,expansion_early,expansion_early,0.9608239340433641,1.1628981321072764,0,0,0.2837028504410926,expansion_middle,0
1997-04-11,expansion_early,expansion_early,0.9572509697272733,0.8316057025247636,0,0,0.2843406923671439,expansion_middle,0
1997-04-18,slowdown_early,slowdown_early,0.5724651167364828,0.35050040980435493,0,2,0.32181651436696196,expansion_middle,0
1997-04-25,expansion_late,expansion_late,0.5724651167364828,0.16210172424662644,0,2,0.3208434837723679,expansion_late,0
1997-05-02,slowdown_early,slowdown_early,0.5724651167364828,-0.2565271373004855,0,2,0.3311993463186677,expansion_late,0
1997-05-09,slowdown_early,slowdown_early,0.5817790698764076,-0.3638551315053568,0,2,0.33390994783448996,expansion_late,0
1997-05-16,slowdown_early,slowdown_early,0.5817790698764076,-0.25697954668922784,0,2,0.3331810413828792,slowdown_early,0
1997-05-23,slowdown_early,slowdown_early,0.5817790698764076,-0.45778863386510904,0,2,0.3423999586924091,slowdown_early,0
1997-05-30,slowdown_early,slowdown_early,0.5817790698764076,-0.2635312131786702,0,2,0.3297233240767854,slowdown_early,0
1997-06-06,slowdown_early,slowdown_early,0.6004890024776225,-0.038974076772764425,0,2,0.3242872369352628,slowdown_early,0
1997-06-13,slowdown_early,expansion_late,0.5873050551241673,0.06546825972509418,0,0,0.3249527446661254,slowdown_early,0
1997-06-20,slowdown_early,slowdown_early,0.5873050551241673,-0.030420684552158288,0,0,0.3161691988025664,slowdown_early,0
1997-06-27,expansion_late,expansion_late,0.5873050551241673,0.0935128092524402,0,0,0.3143868661003127,slowdown_early,0
1997-07-04,expansion_late,slowdown_early,0.5873050551241673,0.006790754584290386,0,0,0.31300811009406737,slowdown_early,0
1997-07-11,expansion_late,expansion_late,0.6089519132282789,0.05045495896753972,0,0,0.3162935178318627,slowdown_early,0
1997-07-18,expansion_early,expansion_early,0.8179057460986988,0.47065314478747944,0,0,0.3061642198814127,slowdown_early,0
1997-07-25,expansion_late,expansion_late,0.8179057460986988,0.20669813676666257,0,0,0.3031146921741655,expansion_late,0
1997-08-01,expansion_early,expansion_early,0.8179057460986988,0.47410048024156115,0,0,0.29494041083560446,expansion_late,0
1997-08-08,expansion_early,expansion_early,0.8179145801996074,0.4776169840628999,0,1,0.2979550657408697,expansion_late,0
1997-08-15,expansion_early,expansion_early,0.8917357951572646,0.536599889795614,0,1,0.29212370372163765,expansion_late,0
1997-08-22,expansion_early,expansion_early,0.8011708199561363,0.5560367253040472,0,1,0.3259538628128816,expansion_late,0
1997-08-29,expansion_early,expansion_early,0.8082354544119091,0.8506212739291339,0,1,0.3189862461086653,expansion_late,0
1997-09-05,expansion_early,expansion_early,0.8082354544119091,0.8506212739291339,0,1,0.323180726971376,expansion_late,0
1997-09-12,slowdown_early,slowdown_early,0.8082354544119091,-0.06642025073451353,0,0,0.3119269612056438,expansion_late,0
1997-09-19,slowdown_early,slowdown_early,0.6944268445702457,0.025243874685940894,0,0,0.3274415175538263,expansion_late,0
1997-09-26,slowdown_early,expansion_late,0.6944268445702457,0.03880408291605186,0,0,0.32249620331314477,expansion_late,0
1997-10-03,expansion_early,expansion_early,0.6944268445702457,0.6113046209617037,0,0,0.31872739649329,expansion_late,0
1997-10-10,expansion_early,expansion_early,0.715047179977307,0.6275125898479289,0,1,0.3127593738946217,expansion_late,0
1997-10-17,expansion_early,expansion_early,0.7565656270128419,0.6394707876416277,0,1,0.32411568653008793,expansion_late,0
1997-10-24,expansion_early,expansion_early,0.7495843225641907,0.8105086192559137,0,1,0.3241223248171258,expansion_late,0
1997-10-31,expansion_early,expansion_early,0.8225388825552823,0.9375124036426599,0,1,0.3137947893485692,expansion_late,0
1997-11-07,expansion_middle,expansion_middle,0.82888970066356,0.44946647204133733,0,1,0.3136566264989157,expansion_late,0
1997-11-14,expansion_middle,expansion_middle,0.8584348010232101,0.4495995598014156,0,0,0.31031646880802516,expansion_late,0
1997-11-21,expansion_middle,expansion_middle,0.8593594647968861,0.4497327263998465,0,1,0.3338301574354761,expansion_late,0
1997-11-28,expansion_early,expansion_early,0.8262294398147623,0.6092972003108152,0,1,0.33531761176558106,expansion_late,0
1997-12-05,expansion_late,expansion_late,0.803670928040917,0.19111851093472917,0,1,0.3249115705907228,expansion_late,0
1997-12-12,expansion_late,expansion_late,0.7473681048442649,0.20243329812438102,0,1,0.32639320429791596,expansion_late,0
1997-12-19,slowdown_early,slowdown_early,0.7425282917806509,-0.2152327259127718,0,0,0.30399935802868416,expansion_late,0
1997-12-26,slowdown_early,slowdown_early,0.7346947262487601,-0.2152327259127718,0,0,0.3045071260257171,slowdown_early,0
1998-01-02,slowdown_early,slowdown_early,0.8168355047652666,-0.2152327259127718,0,0,0.2954951856534049,slowdown_early,0
1998-01-09,slowdown_early,slowdown_early,0.8217902395302534,-0.2152327259127718,0,0,0.29551352619131216,slowdown_early,0
1998-01-16,expansion_late,expansion_late,0.7236751697278431,0.17313851368414698,0,1,0.309861630320264,slowdown_early,0
1998-01-23,expansion_late,expansion_late,0.7097069412407798,0.16289185283406676,0,1,0.3130286134752269,slowdown_early,0
1998-01-30,expansion_late,expansion_late,0.7165824434891777,0.16289185283406676,0,1,0.3298911967941093,slowdown_early,0
1998-02-06,slowdown_early,slowdown_early,0.7235924659896447,-0.0485844447456105,0,1,0.3297004673358482,slowdown_early,0
1998-02-13,slowdown_early,slowdown_early,0.6992300200973472,-0.3445395986782588,0,0,0.31879746298395606,slowdown_early,0
1998-02-20,slowdown_early,slowdown_early,0.7820338189012745,-0.3269222897515272,0,2,0.3277001235206085,slowdown_early,0
1998-02-27,slowdown_early,slowdown_early,0.7055774110804012,-0.5538722211258994,0,2,0.3339930562345354,slowdown_early,0
1998-03-06,slowdown_early,slowdown_early,0.7155274067654028,-0.4590104591885776,0,2,0.34207393393571306,slowdown_early,0
1998-03-13,slowdown_early,slowdown_early,0.7192185727855818,-0.31055211773409624,0,2,0.3458648797889571,slowdown_early,0
1998-03-20,slowdown_early,slowdown_early,0.7469281000378699,0.2869165487160765,0,2,0.33699787843308876,slowdown_early,0
1998-03-27,slowdown_early,slowdown_early,0.7617745623871114,0.28727411041429507,0,2,0.33575535249033106,slowdown_early,0
1998-04-03,slowdown_early,slowdown_early,0.7740110135500001,0.2884241852740014,0,2,0.3379620235159373,slowdown_early,0
1998-04-10,expansion_late,expansion_late,0.7521670609442622,0.1259376178860121,0,2,0.3384980459631803,slowdown_early,0
1998-04-17,expansion_late,expansion_late,0.8653250184231661,0.07393837498985115,0,2,0.3163605373329986,slowdown_early,0
1998-04-24,expansion_middle,expansion_middle,0.8728146475061016,0.43154432093564693,0,2,0.31425566432783497,expansion_late,0
1998-05-01,slowdown_early,slowdown_early,0.878699823934662,-0.25422119653922165,0,2,0.30570516866972963,expansion_late,0
1998-05-08,expansion_early,expansion_early,0.9451063627324755,0.5748471671321008,0,1,0.2967925746467019,expansion_late,0
1998-05-15,expansion_early,expansion_early,0.9445061249109907,0.4927519483874277,0,0,0.29663832461908335,expansion_late,0
1998-05-22,expansion_middle,expansion_middle,0.9816433538738835,0.4048559643379999,0,0,0.3001837848462612,expansion_late,0
1998-05-29,expansion_middle,expansion_middle,1.0350128596878831,0.4064767670818176,0,1,0.294193777287306,expansion_late,0
1998-06-05,expansion_middle,expansion_middle,0.9471398005385717,0.4081105994509488,0,1,0.29852587452063123,expansion_late,0
1998-06-12,expansion_late,expansion_late,0.9293516853089769,0.18201256433392585,0,1,0.2991318930541416,slowdown_early,0
1998-06-19,slowdown_early,slowdown_early,0.8578692871408985,-0.0404108097396634,0,2,0.31009691510245774,slowdown_early,0
1998-06-26,slowdown_early,slowdown_early,0.8046092935234881,-0.12546232280113653,0,1,0.32491076782467115,slowdown_early,0
1998-07-03,slowdown_early,slowdown_early,0.8046092935234881,-0.1657179816776942,0,1,0.34667214124271706,slowdown_early,0
1998-07-10,slowdown_early,slowdown_early,0.8046092935234881,-0.7704539897151101,0,2,0.3884527684599643,slowdown_middle,0
1998-07-17,slowdown_middle,slowdown_middle,0.5979793910919012,-0.904074657799302,0,3,0.458548277483931,slowdown_middle,0
1998-07-24,slowdown_middle,slowdown_middle,0.5994768075912335,-0.8933974483419501,0,3,0.4659003664290988,slowdown_late,0
1998-07-31,slowdown_middle,slowdown_middle,0.600981742360247,-0.9174980383425627,0,4,0.4390029185713714,slowdown_late,0
1998-08-07,slowdown_middle,slowdown_middle,0.600981742360247,-0.9000137309432641,0,4,0.4154484209031711,slowdown_late,0
1998-08-14,slowdown_middle,slowdown_middle,0.600981742360247,-1.1780806126502557,0,3,0.4100411927535814,slowdown_late,0
1998-08-21,slowdown_middle,slowdown_middle,0.7472278838468801,-0.8603716749652904,0,2,0.3957373585186401,slowdown_middle,0
1998-08-28,slowdown_early,slowdown_early,0.7516710857799059,-0.2090224514369257,0,2,0.37044280505654764,slowdown_middle,0
1998-09-04,expansion_middle,expansion_middle,0.7561674445533956,0.3865408154906385,0,2,0.343358364184367,slowdown_middle,0
1998-09-11,expansion_late,expansion_late,0.8365255320676303,0.08998711360218664,0,2,0.3361758534272383,slowdown_early,0
1998-09-18,expansion_late,expansion_late,0.8613483002691779,0.09057732117201467,0,1,0.3211265516721429,expansion_late,0
1998-09-25,expansion_late,expansion_late,0.8613483002691779,0.09098352090590572,0,0,0.3221219697914442,expansion_late,0
1998-10-02,expansion_late,expansion_late,0.8613483002691779,0.09139338030868371,0,1,0.30030127797708756,expansion_late,0
1998-10-09,slowdown_early,slowdown_early,0.8613483002691779,-0.2581841302074031,0,2,0.29654002108172334,expansion_late,0
1998-10-16,slowdown_early,slowdown_early,0.8744029601132808,-0.5444780375818558,0,3,0.2933656459018019,expansion_late,0
1998-10-23,slowdown_early,slowdown_early,0.9330013811868946,-0.499923591000246,0,3,0.2734088795013247,expansion_late,0
1998-10-30,slowdown_early,slowdown_early,0.8381089565436189,-0.5001785492668085,0,3,0.26157579242433193,expansion_late,0
1998-11-06,slowdown_early,slowdown_early,0.7873139011141902,-0.23702774693857304,0,2,0.2625213665854403,expansion_late,0
1998-11-13,slowdown_early,slowdown_early,0.7772408519420406,-0.13170323627001637,0,1,0.26123021957043274,slowdown_early,0
1998-11-20,slowdown_early,slowdown_early,0.7872864655534844,-0.5083240721041661,0,2,0.26849998694822635,slowdown_early,0
1998-11-27,slowdown_early,slowdown_early,0.7872864655534844,-0.5083240721041661,0,2,0.26640064668444163,slowdown_early,0
1998-12-04,slowdown_early,slowdown_early,0.7872864655534844,-0.5083240721041661,0,2,0.2659154488061599,slowdown_early,0
1998-12-11,slowdown_early,slowdown_early,0.808390753320384,-0.5083240721041661,0,2,0.26692125308955716,slowdown_early,0
1998-12-18,slowdown_early,slowdown_early,0.808390753320384,-0.7613941367744751,0,2,0.24972841998360398,slowdown_early,0
1998-12-25,slowdown_early,slowdown_early,0.808390753320384,-0.085565648121301,0,1,0.24772322870418803,slowdown_early,0
1999-01-01,slowdown_early,slowdown_early,0.808390753320384,-0.6021884766211522,0,2,0.24182816365856635,slowdown_early,0
1999-01-08,slowdown_early,slowdown_early,0.8013143904019421,-0.6962672053736522,0,2,0.25020220849432767,slowdown_early,0
1999-01-15,slowdown_early,slowdown_early,0.8028763001639019,-0.1526948834181559,0,1,0.2765632882626401,slowdown_early,0
1999-01-22,slowdown_early,slowdown_early,0.793688022651927,-0.1526948834181559,0,1,0.28815862805144665,slowdown_early,0
1999-01-29,slowdown_early,slowdown_early,0.7945848840121205,-0.1526948834181559,0,1,0.27285505845841046,slowdown_middle,0
1999-02-05,slowdown_early,slowdown_early,0.7945848840121205,-0.7489463712933676,0,2,0.26008238105986714,slowdown_middle,0
1999-02-12,slowdown_early,slowdown_early,0.8948614321386046,-0.1875790455490368,0,1,0.23188613498541524,slowdown_early,0
1999-02-19,expansion_late,expansion_late,0.8948614321386046,0.08340761197328095,0,1,0.2610403536445093,slowdown_early,0
1999-02-26,expansion_late,expansion_late,0.8948614321386046,0.11808176713739692,0,0,0.2712612463867585,slowdown_early,0
1999-03-05,expansion_late,expansion_late,0.8948614321386046,0.1936593355624532,0,1,0.2688953920027925,slowdown_early,0
1999-03-12,expansion_late,expansion_late,0.8315759478690855,0.11808176713739692,0,1,0.2758266936283478,slowdown_early,0
1999-03-19,expansion_late,expansion_late,0.8075124267822961,0.15154830141913647,0,1,0.31509273633333984,expansion_late,0
1999-03-26,expansion_late,expansion_late,0.8017701435586798,0.1519073274963833,0,0,0.31580005056854377,expansion_late,0
1999-04-02,expansion_late,expansion_late,0.8017701435586798,0.15226805871738255,0,1,0.3228687691905622,expansion_late,0
1999-04-09,slowdown_early,slowdown_early,0.8424418223164314,-0.15119360226247258,0,1,0.3203542188742209,expansion_late,0
1999-04-16,slowdown_early,slowdown_early,0.8471855488001675,-0.15167421925571395,0,1,0.2896391961840449,expansion_late,0
1999-04-23,slowdown_early,slowdown_early,0.8519830009425016,-0.4859579345373845,0,2,0.30099410576253216,slowdown_early,0
1999-04-30,slowdown_early,slowdown_early,0.710966067540734,-0.46365117791266686,0,2,0.30915925141610673,slowdown_early,0
1999-05-07,slowdown_early,slowdown_early,0.7164711919604345,-0.21362345367850852,0,2,0.30304121360859587,slowdown_early,0
1999-05-14,slowdown_early,slowdown_early,0.7901812587154021,-0.29977295499627105,0,2,0.2989362007184421,slowdown_middle,0
1999-05-21,slowdown_early,slowdown_early,0.8641343629496618,-0.09031159383077683,0,2,0.2817686245979894,slowdown_middle,0
1999-05-28,slowdown_early,slowdown_early,0.8395219102700093,-0.090480923464652,0,2,0.28785000389907284,slowdown_middle,0
1999-06-04,slowdown_early,slowdown_early,0.7644524291044381,-0.21302928199981466,0,2,0.2980105577021335,slowdown_middle,0
1999-06-11,slowdown_early,slowdown_early,0.8306898866047338,-0.14405848729314694,0,1,0.2920142933453091,slowdown_middle,0
1999-06-18,slowdown_early,slowdown_early,0.8920721862386392,-0.14453968502378634,0,2,0.32657769287702476,slowdown_early,0
1999-06-25,slowdown_early,slowdown_early,0.8920721862386392,-0.14502410821238887,0,1,0.3236002733471431,slowdown_early,0
1999-07-02,slowdown_early,slowdown_early,0.8920721862386392,-0.14502410821238887,0,2,0.31742795909811156,slowdown_early,0
1999-07-09,slowdown_early,slowdown_early,0.9447750037661952,0.3012764981779453,0,2,0.3040890908173761,slowdown_early,0
1999-07-16,expansion_late,expansion_late,0.9447750037661952,0.224639387281669,0,2,0.28907718863054893,slowdown_early,0
1999-07-23,expansion_late,expansion_late,0.9447750037661952,0.19022743941114237,0,2,0.2927987312897118,slowdown_early,0
1999-07-30,expansion_late,expansion_late,0.9016282820564535,0.1903419266451924,0,1,0.30679198597723945,slowdown_early,0
1999-08-06,slowdown_early,slowdown_early,0.7848135871206418,-0.1651836032675801,0,1,0.31489027685093357,slowdown_early,0
1999-08-13,slowdown_early,slowdown_early,0.757405591874863,-0.23601142556286667,0,0,0.3229918625755462,slowdown_early,0
1999-08-20,slowdown_early,slowdown_early,0.8430184530433403,-0.23601142556286667,0,0,0.32501759771376953,slowdown_early,0
1999-08-27,slowdown_early,slowdown_early,0.8647790138196767,-0.13866683075960995,0,0,0.3134823239102906,slowdown_early,0
1999-09-03,slowdown_early,slowdown_early,0.8647790138196767,-0.11400439809719302,0,1,0.3078847315879431,slowdown_early,0
1999-09-10,slowdown_early,slowdown_early,0.8196083656953705,-0.10925644016241277,0,1,0.30981317205252856,slowdown_early,0
1999-09-17,slowdown_early,slowdown_early,0.8196083656953705,-0.10925644016241277,0,2,0.30918248390870934,slowdown_early,0
1999-09-24,slowdown_early,slowdown_early,0.8291499830376305,-0.03578931029489052,0,2,0.3066746787475556,slowdown_early,0
1999-10-01,slowdown_early,slowdown_early,0.8389163780582515,-0.7618671241994761,0,3,0.3245346869164143,slowdown_early,0
1999-10-08,slowdown_early,slowdown_early,0.9457845690370087,-0.03632392783531127,0,2,0.3282685693350948,slowdown_early,0
1999-10-15,slowdown_early,slowdown_early,0.8874765451469455,-0.13872961934294636,0,2,0.3341582536097935,slowdown_early,0
1999-10-22,slowdown_early,slowdown_early,0.8808258342601665,-0.3184308865799937,0,2,0.2596565833331663,slowdown_early,0
1999-10-29,slowdown_early,slowdown_early,0.9698773073175452,-0.05668316370574128,0,1,0.25169954354092655,slowdown_early,0
1999-11-05,slowdown_early,slowdown_early,0.9698773073175452,-0.05777339754216542,0,1,0.2853826701070409,slowdown_early,0
1999-11-12,expansion_early,expansion_early,0.9805342218095963,0.4711166072330168,0,1,0.29804067645475907,slowdown_early,0
1999-11-19,expansion_early,expansion_early,0.9805342218095963,0.46897254381492454,0,0,0.28113815804118614,slowdown_early,0
1999-11-26,expansion_early,expansion_early,0.9805342218095963,0.87771947809274,0,0,0.28946582297650003,expansion_late,0
1999-12-03,expansion_early,expansion_early,0.9805342218095963,1.0542153742233253,0,0,0.27385871907740406,expansion_late,0
1999-12-10,expansion_early,expansion_early,1.0112042355393935,1.0403954298795073,0,0,0.2728841308690062,expansion_late,0
1999-12-17,expansion_early,expansion_early,1.0189922509181306,1.157073286524273,0,0,0.3222209389182774,expansion_middle,0
1999-12-24,expansion_middle,expansion_middle,1.026901159665583,0.4337548576770264,0,0,0.32908209324515975,expansion_middle,0
1999-12-31,expansion_middle,expansion_middle,1.0453582528357372,0.4337548576770264,0,0,0.31447719836991833,expansion_middle,0
2000-01-07,expansion_middle,expansion_middle,1.0644909695721554,0.44194018591927986,0,0,0.31444122765146937,expansion_middle,0
2000-01-14,expansion_middle,expansion_middle,1.0255712573275804,0.414338791904682,0,0,0.32850701331470306,expansion_late,0
2000-01-21,slowdown_early,slowdown_early,1.0255712573275804,-0.13370795001348657,0,1,0.273799447906881,expansion_late,0
2000-01-28,slowdown_early,slowdown_early,0.9634378173814362,-0.1343222588986776,0,1,0.2805242087074431,expansion_late,0
2000-02-04,slowdown_early,slowdown_early,0.9886609574125108,-0.3036991866819479,0,1,0.27097082951709284,slowdown_early,0
2000-02-11,slowdown_middle,slowdown_middle,0.9181649588185832,-1.0364180249650923,0,3,0.28664334364817545,slowdown_early,0
2000-02-18,slowdown_middle,slowdown_middle,0.9352067526794788,-1.0384350544705034,0,3,0.33989883672896537,slowdown_early,0
2000-02-25,slowdown_middle,slowdown_middle,0.9352067526794788,-1.0384350544705034,0,3,0.34178776859256316,slowdown_early,0
2000-03-03,slowdown_middle,slowdown_middle,0.9352067526794788,-1.0259775877914057,0,3,0.34527709808566265,slowdown_early,0
2000-03-10,slowdown_early,slowdown_early,0.9644752962538439,-0.42797433183898476,0,2,0.32162543582826764,slowdown_early,0
2000-03-17,slowdown_early,slowdown_early,1.0538541018913847,-0.09018994790399544,0,0,0.2486447573932175,slowdown_early,0
2000-03-24,slowdown_early,slowdown_early,1.1054711148621206,0.3102928000440063,0,0,0.24335773236817268,slowdown_early,0
2000-03-31,slowdown_early,slowdown_early,1.1054711148621206,-0.24608462816674567,0,1,0.25204290750714997,slowdown_early,0
2000-04-07,slowdown_early,slowdown_early,1.124438892347007,-0.24608462816674567,0,1,0.28106505685655975,slowdown_early,0
2000-04-14,slowdown_early,slowdown_early,1.1440488150167143,-0.1123303736758361,0,2,0.28547884180162725,slowdown_early,0
2000-04-21,expansion_late,expansion_late,0.9156932293034912,0.11091886665296793,0,2,0.3310025922726209,slowdown_early,0
2000-04-28,expansion_late,expansion_late,0.9156932293034912,0.11091886665296793,0,1,0.3342189190835353,slowdown_early,0
2000-05-05,slowdown_early,slowdown_early,0.912810733210508,-0.0001393078361113853,0,1,0.3074934913587845,slowdown_early,0
2000-05-12,slowdown_early,slowdown_early,0.9132164679051836,-0.35169768334048496,0,1,0.2786956710746468,slowdown_early,0
2000-05-19,slowdown_early,slowdown_early,0.9136225634497946,-0.35413228314752077,0,1,0.2521214977607486,slowdown_early,0
2000-05-26,slowdown_early,slowdown_early,0.913871263871665,-0.3566008245676263,0,1,0.24939630822075504,slowdown_early,0
2000-06-02,slowdown_early,slowdown_early,0.8804783204054736,-0.6484275731273418,0,2,0.25830094699021394,slowdown_early,0
2000-06-09,slowdown_early,slowdown_early,0.8705076331134666,-0.7786163714073635,0,3,0.281538627195642,slowdown_middle,0
2000-06-16,slowdown_early,slowdown_early,0.8045747924146435,-0.7778103926493901,0,2,0.2791303999927201,slowdown_middle,0
2000-06-23,slowdown_early,slowdown_middle,0.8045747924146435,-0.8112675330307185,0,3,0.2635740831555487,slowdown_middle,0
2000-06-30,slowdown_early,slowdown_middle,0.7973011962184212,-0.8112675330307185,0,3,0.2488499810031274,slowdown_middle,0
2000-07-07,slowdown_early,slowdown_middle,0.8047065524096745,-0.803452217738294,0,3,0.24832429043618826,slowdown_middle,0
2000-07-14,slowdown_middle,slowdown_middle,0.6970084404303485,-0.7206380959909181,0,4,0.24287351483896227,slowdown_late,0
2000-07-21,slowdown_late,slowdown_late,0.551593426625311,-1.3492650214743631,0,4,0.3084744874109506,slowdown_late,0
2000-07-28,slowdown_late,slowdown_late,0.4421281201650065,-1.3963923600620562,0,3,0.32246770752152276,slowdown_late,0
2000-08-04,slowdown_late,slowdown_late,0.28464422831124403,-1.3427522896233128,0,3,0.3520312399801948,slowdown_late,0
2000-08-11,slowdown_late,slowdown_late,0.27314665465388216,-1.3885959938668742,0,3,0.408833187165402,slowdown_late,0
2000-08-18,slowdown_late,slowdown_late,0.09452424885366874,-1.7415018463675738,0,3,0.5115525160446384,slowdown_late,0
2000-08-25,slowdown_late,slowdown_late,0.09452424885366874,-1.738124074009442,0,3,0.5194853993781922,slowdown_late,0
2000-09-01,slowdown_late,slowdown_late,0.09429626853265298,-1.7409267373752373,0,3,0.4763684710114089,slowdown_late,0
2000-09-08,slowdown_late,slowdown_late,0.09406938528401688,-1.7409267373752373,0,3,0.5121094922513434,slowdown_late,0
2000-09-15,slowdown_late,slowdown_late,0.09406489954396202,-0.9016496374951342,0,3,0.5075007682888308,slowdown_late,0
2000-09-22,slowdown_middle,slowdown_middle,0.16719682469482447,-0.7326078170902235,0,2,0.466856474900953,slowdown_late,0
2000-09-29,slowdown_middle,slowdown_middle,0.16504653383835166,-0.631605725768636,0,3,0.48699505318233816,slowdown_late,0
2000-10-06,slowdown_middle,slowdown_middle,0.1629508497669118,-0.6281717634891272,0,3,0.4815714316637378,slowdown_late,0
2000-10-13,expansion_late,expansion_late,0.15946054613499033,0.08180879805853163,0,2,0.5213382000641948,slowdown_late,0
2000-10-20,slowdown_middle,slowdown_middle,0.19045920355746215,-0.6406930139037523,0,3,0.5164844404871443,slowdown_late,0
2000-10-27,slowdown_middle,slowdown_middle,0.1454820240090855,-0.7169763896690229,0,3,0.5425961576095504,slowdown_late,0
2000-11-03,slowdown_late,slowdown_late,0.1454820240090855,-0.809019017631955,0,3,0.5524528725951303,slowdown_late,0
2000-11-10,slowdown_late,slowdown_late,0.1454820240090855,-0.809019017631955,0,3,0.5269546193786865,slowdown_late,0
2000-11-17,slowdown_late,slowdown_late,-0.15452344676941254,-1.1528129528342232,0,4,0.39599380264029566,slowdown_late,0
2000-11-24,slowdown_late,slowdown_late,-0.15452344676941254,-1.1528129528342232,0,3,0.341020303774018,slowdown_late,0
2000-12-01,slowdown_late,slowdown_late,-0.15452344676941254,-1.271787471773091,0,4,0.4255817126984565,slowdown_late,0
2000-12-08,slowdown_late,slowdown_late,-0.15452344676941254,-1.1472484703072674,0,4,0.4756188046875829,slowdown_late,0
2000-12-15,slowdown_late,slowdown_late,-0.15452344676941254,-0.9029344660463392,0,3,0.4978359174207684,slowdown_late,0
2000-12-22,slowdown_late,slowdown_late,-0.33383804837135533,-1.2277332457722592,1,4,0.4483204331672177,slowdown_late,0
2000-12-29,slowdown_late,slowdown_late,-0.33383804837135533,-1.2695684758927992,1,4,0.4745084307316483,slowdown_late,0
2001-01-05,slowdown_late,slowdown_late,-0.3319711672494606,-1.2676937217757374,1,3,0.49334606729504366,slowdown_late,0
2001-01-12,slowdown_late,slowdown_late,-0.3301250498686796,-1.2658244963412248,1,4,0.5512126183951729,slowdown_late,0
2001-01-19,slowdown_late,slowdown_late,-0.38917690727530607,-1.5713871693874046,1,3,0.5573758998978426,slowdown_late,0
2001-01-26,slowdown_late,slowdown_late,-0.3888764353353125,-1.3580801997451526,1,3,0.542050607301654,slowdown_late,0
2001-02-02,slowdown_late,slowdown_late,-0.3885764270083118,-1.2103134170554055,1,3,0.5539813303797106,slowdown_late,0
2001-02-09,slowdown_late,slowdown_late,-0.38827688122213416,-1.6064470043025874,1,3,0.5728239566410666,slowdown_late,0
2001-02-16,slowdown_late,slowdown_late,-0.5473680754247133,-0.9867402685799938,2,3,0.5801690136047666,slowdown_late,0
2001-02-23,slowdown_late,slowdown_late,-0.7921810651102119,-1.8558355630963506,2,2,0.5421648515245371,contraction_early,0
2001-03-02,slowdown_late,slowdown_late,-0.7921006278927203,-1.8499734680734468,2,2,0.5678503550028385,contraction_early,0
2001-03-09,slowdown_late,slowdown_late,-0.7920202070085882,-1.9124708952668226,2,2,0.5529687609332737,contraction_early,0
2001-03-16,slowdown_late,slowdown_late,-0.7897232873428714,-1.1892953298050102,2,3,0.5708958001856121,contraction_early,0
2001-03-23,slowdown_late,slowdown_late,-0.9393087560955881,-1.7720204225838097,2,3,0.5475907715191843,contraction_early,0
2001-03-30,slowdown_late,slowdown_late,-0.9393087560955881,-1.7720204225838097,2,4,0.5505113350676032,contraction_early,0
2001-04-06,slowdown_late,slowdown_late,-0.9393087560955881,-1.6472406130934527,2,4,0.5554692634923131,contraction_early,1
2001-04-13,contraction_early,contraction_early,-0.936864828580722,-1.7720204225838097,3,4,0.525757879052046,contraction_early,1
2001-04-20,contraction_early,contraction_early,-1.0565702766207237,-1.4106556054038932,3,4,0.5150064776496187,contraction_middle,1
2001-04-27,contraction_early,contraction_early,-1.0565702766207237,-1.3857665949462465,3,3,0.5291495066584142,contraction_middle,1
2001-05-04,contraction_early,contraction_early,-1.0565702766207237,-1.6762013844813652,3,4,0.5590027232192663,contraction_middle,1
2001-05-11,contraction_early,contraction_early,-1.0459281026892417,-1.4927040091675983,3,4,0.5413849828804053,contraction_middle,1
2001-05-18,contraction_early,contraction_early,-1.3266112807848967,-1.6762013844813652,3,4,0.5135430587780684,contraction_middle,1
2001-05-25,contraction_early,contraction_early,-1.3200314861711968,-1.4820666717196511,3,4,0.5146875125330065,contraction_middle,1
2001-06-01,contraction_early,contraction_early,-1.3135166390327049,-1.6923846558426276,3,4,0.5290119739927568,contraction_middle,1
2001-06-08,contraction_early,contraction_early,-1.311716145991079,-1.6923846558426276,3,4,0.5277676410061448,contraction_middle,1
2001-06-15,contraction_early,contraction_early,-1.177293550171131,-1.9502797383092618,3,3,0.5503303261401639,contraction_middle,1
2001-06-22,contraction_early,contraction_early,-1.4211850879650751,-1.7932345665929441,3,4,0.5221657563920148,contraction_middle,1
2001-06-29,contraction_early,contraction_early,-1.4051567288934967,-1.7932345665929441,3,4,0.5158195143229242,contraction_middle,1
2001-07-06,contraction_early,contraction_early,-1.4051567288934967,-1.4014257344145822,3,4,0.5099961733216483,contraction_middle,1
2001-07-13,contraction_early,contraction_early,-1.4271873455168642,-0.882271430436595,3,3,0.4895604719437539,contraction_middle,1
2001-07-20,contraction_middle,contraction_middle,-1.708590447515012,-1.781185384244868,3,4,0.4579854674144748,contraction_middle,1
2001-07-27,contraction_middle,contraction_middle,-1.7053960053529011,-1.2995958674747163,3,4,0.46304404562293383,contraction_middle,1
2001-08-03,contraction_middle,contraction_middle,-1.7053960053529011,-1.4266507025396888,3,4,0.45149767515404576,contraction_middle,1
2001-08-10,contraction_middle,contraction_middle,-1.7053960053529011,-1.668032772796768,3,4,0.4378592678290146,contraction_middle,1
2001-08-17,contraction_middle,contraction_middle,-1.6952579549182154,-1.0091781349618634,3,3,0.4458251235804003,contraction_late,1
2001-08-24,contraction_middle,contraction_middle,-1.6952579549182154,-0.5749421276571857,3,3,0.4481669904279192,contraction_late,1
2001-08-31,contraction_middle,contraction_middle,-1.6952579549182154,-1.0069666167585556,3,3,0.4460555528956433,contraction_late,1
2001-09-07,contraction_middle,contraction_middle,-1.6667452462940855,-1.0047647700260767,3,3,0.4471034473978397,contraction_late,1
2001-09-14,slowdown_late,slowdown_late,-1.7182643909127233,-0.14378097040347104,3,2,0.43714599110883856,contraction_late,1
2001-09-21,contraction_late,contraction_late,-1.9813274214971635,-0.9117329841283117,3,4,0.3978559929491258,contraction_late,1
2001-09-28,contraction_late,contraction_late,-1.9813274214971635,-0.7078752233098151,3,4,0.41325246461845677,contraction_late,1
2001-10-05,contraction_late,contraction_late,-1.9813274214971635,-1.4188758003805488,3,4,0.43670918182858925,contraction_late,1
2001-10-12,contraction_late,contraction_late,-2.211295832307975,-1.6390395804987976,3,4,0.43808215852198534,contraction_middle,1
2001-10-19,contraction_late,contraction_late,-1.8952231775280501,-1.4175113651680593,3,3,0.5218484344234567,contraction_late,1
2001-10-26,contraction_late,contraction_late,-1.8952231775280501,-0.7781327834465716,3,3,0.5290557505256626,contraction_late,1
2001-11-02,contraction_late,contraction_late,-1.8952231775280501,-2.3062498291782605,4,3,0.5094469905684679,contraction_late,1
2001-11-09,contraction_late,contraction_late,-1.891629546094534,-2.3062498291782605,4,3,0.48653107137184026,contraction_late,1
2001-11-16,slowdown_late,slowdown_late,-1.8880495170125657,-2.3062498291782605,3,2,0.4997707038775062,contraction_late,1
2001-11-23,contraction_late,contraction_late,-2.0167050322978,-1.1684032421950123,4,3,0.44433305729487516,contraction_late,1
2001-11-30,contraction_late,contraction_late,-2.0167050322978,-0.7405623441924616,4,3,0.44252682139095684,recovery_early,1
2001-12-07,contraction_late,contraction_late,-2.008711476101903,-0.7405623441924616,4,3,0.4421101876521677,recovery_early,0
2001-12-14,contraction_late,contraction_late,-2.0007810373902783,-0.580073677279142,4,4,0.4243859370752054,contraction_late,0
2001-12-21,contraction_late,contraction_late,-1.9522856646416742,-1.8063135811191378,4,3,0.3936805222834075,contraction_late,0
2001-12-28,contraction_late,contraction_late,-1.9522856646416742,-0.5324149055022732,4,3,0.36637113023260365,contraction_late,0
2002-01-04,contraction_late,contraction_late,-1.9522856646416742,-0.8364118284922489,4,3,0.34779424498590167,recovery_early,0
2002-01-11,contraction_late,contraction_late,-1.9522856646416742,-0.8364118284922489,4,3,0.3357275366403314,contraction_late,0
2002-01-18,contraction_middle,contraction_middle,-1.7204977116526714,-0.8336590767098062,4,3,0.3467453681955672,recovery_early,0
2002-01-25,slowdown_late,slowdown_late,-1.7204977116526714,-0.30200249164411547,4,2,0.3369320093934878,recovery_early,0
2002-02-01,contraction_middle,contraction_middle,-1.7059685467989696,-0.543670548431851,4,3,0.3325160508541062,recovery_early,0
2002-02-08,contraction_middle,contraction_middle,-1.6916827172321205,-0.545465754785465,4,3,0.33259815766965584,recovery_early,0
2002-02-15,slowdown_late,slowdown_late,-1.6916827172321205,-0.09929798774011317,4,2,0.31919197520889786,recovery_early,0
2002-02-22,recovery_early,recovery_early,-1.671759688657536,0.10908280323762534,4,2,0.3181411991233189,recovery_early,0
2002-03-01,recovery_early,recovery_early,-1.671759688657536,0.10971181404128197,4,2,0.30795006187389284,recovery_early,0
2002-03-08,recovery_early,recovery_early,-1.671759688657536,0.11034812112443676,4,2,0.29985101710532797,recovery_early,0
2002-03-15,recovery_early,recovery_early,-1.6675639218737506,0.06390649135424747,4,2,0.3007705625411839,recovery_early,0
2002-03-22,slowdown_late,slowdown_late,-1.4485910602054801,-0.22784107727864727,4,2,0.30622594213912446,recovery_early,0
2002-03-29,slowdown_late,slowdown_late,-1.4485910602054801,-0.22802076381610545,4,2,0.3047883086359563,recovery_early,0
2002-04-05,slowdown_late,slowdown_late,-1.4485910602054801,-0.08344663334214301,4,1,0.31843931126923425,recovery_early,0
2002-04-12,slowdown_late,slowdown_late,-1.4374605721842153,-0.47611230464594523,4,2,0.3312152726923885,recovery_early,0
2002-04-19,slowdown_late,slowdown_late,-1.331611316731183,-0.5547711311953489,4,2,0.35224050402840523,recovery_early,0
2002-04-26,slowdown_late,slowdown_late,-1.3294941525896753,-0.2895036576082289,4,1,0.3498042217681375,recovery_early,0
2002-05-03,slowdown_late,slowdown_late,-1.3273837100321577,-0.49271374586654904,4,2,0.3276195232626135,recovery_early,0
2002-05-10,slowdown_late,slowdown_late,-1.3273837100321577,-0.29406496785179836,4,1,0.3138513840753254,recovery_early,0
2002-05-17,slowdown_late,slowdown_late,-1.370958490414843,-0.17846657786694578,4,1,0.3046013766589219,recovery_early,0
2002-05-24,slowdown_late,slowdown_late,-1.3583494021547329,-0.10348477501344103,4,0,0.3071097397880534,recovery_early,0
2002-05-31,slowdown_late,slowdown_late,-1.3583494021547329,-0.026420319273359305,4,0,0.3119357656570929,recovery_early,0
2002-06-07,recovery_early,recovery_early,-1.3583494021547329,0.2013694016321109,4,0,0.3181867618250052,recovery_early,0
2002-06-14,recovery_early,recovery_early,-1.3544004035493267,0.4696669294468557,4,0,0.3180048685446393,recovery_early,0
2002-06-21,recovery_early,recovery_early,-1.2561776459534106,0.5517541705322182,4,0,0.33320013008931404,recovery_middle,0
2002-06-28,recovery_early,recovery_early,-1.2551563793359166,0.5517541705322182,4,0,0.3393859008660046,recovery_middle,0
2002-07-05,recovery_early,recovery_early,-1.2551563793359166,0.7099172580266718,4,0,0.3430613638707118,recovery_middle,0
2002-07-12,recovery_early,recovery_early,-1.2551563793359166,0.7099172580266718,4,0,0.34702454847275543,recovery_middle,0
2002-07-19,recovery_early,recovery_early,-0.9810791296320506,0.7733394792107727,4,0,0.3638549359137639,recovery_middle,0
2002-07-26,recovery_early,recovery_early,-0.9714769588527898,0.7733394792107727,4,0,0.3705950543485597,recovery_middle,0
2002-08-02,recovery_early,recovery_early,-0.9714769588527898,0.7733394792107727,4,1,0.3668812380909449,recovery_middle,0
2002-08-09,recovery_early,recovery_early,-0.9714769588527898,0.7733394792107727,4,1,0.36829921984664016,recovery_middle,0
2002-08-16,slowdown_late,slowdown_late,-1.05402425529528,-0.11889914380585079,4,1,0.36447789656581386,recovery_early,0
2002-08-23,slowdown_late,slowdown_late,-1.0204146649542367,-0.11889914380585079,4,1,0.36044256415433945,recovery_early,0
2002-08-30,slowdown_late,slowdown_late,-1.0204146649542367,-0.11981187926818515,4,1,0.35721776645615577,recovery_early,0
2002-09-06,slowdown_late,slowdown_late,-1.0204146649542367,0.1855994322488175,4,1,0.3568601753641112,recovery_early,0
2002-09-13,slowdown_late,slowdown_late,-1.0204146649542367,-0.14451920307931668,4,1,0.3453466749642055,recovery_early,0
2002-09-20,slowdown_late,slowdown_late,-1.3916818164288174,-0.1965189009920859,4,2,0.317690178015988,contraction_late,0
2002-09-27,slowdown_late,slowdown_late,-1.3834598170832735,-0.22954069313666237,4,1,0.31716025423454125,contraction_late,0
2002-10-04,slowdown_late,slowdown_late,-1.3771957866719682,-0.3437243854057009,4,1,0.3145813809322909,contraction_late,0
2002-10-11,slowdown_late,slowdown_late,-1.3771957866719682,-0.34587093368448646,4,1,0.308083983471017,contraction_late,0
2002-10-18,slowdown_late,slowdown_late,-1.4747802930702105,-0.3166630338890836,4,1,0.3021142570173312,contraction_late,0
2002-10-25,slowdown_late,slowdown_late,-1.4747802930702105,-0.2648910191970436,4,1,0.3015461894333807,contraction_late,0
2002-11-01,slowdown_late,slowdown_late,-1.4747802930702105,-0.13691101259744579,4,1,0.3051371252647061,contraction_late,0
2002-11-08,recovery_early,recovery_early,-1.4747802930702105,0.10689181746749535,4,1,0.30058414556624796,contraction_late,0
2002-11-15,recovery_early,recovery_early,-1.576358517163706,0.10744898336947578,4,1,0.2962670099869509,contraction_late,0
2002-11-22,recovery_early,recovery_early,-1.4654899123828677,0.3136106178383319,4,1,0.3055649591060674,contraction_late,0
2002-11-29,recovery_early,recovery_early,-1.3363096033667383,0.4475295990701565,4,1,0.31267588113873446,recovery_early,0
2002-12-06,recovery_early,recovery_early,-1.1698520007221869,0.31429937512040806,4,1,0.3196396496871442,recovery_early,0
2002-12-13,recovery_early,recovery_early,-1.1972141391347066,0.4483188590076823,4,0,0.32343525915582766,recovery_early,0
2002-12-20,recovery_early,recovery_early,-1.1740531477594984,0.4483188590076823,4,0,0.33064829078468866,recovery_early,0
2002-12-27,recovery_early,recovery_early,-1.1740531477594984,0.2227851615386994,4,0,0.32936881459320155,recovery_early,0
2003-01-03,recovery_early,recovery_early,-1.1740531477594984,0.29940722476613435,4,1,0.323099227167647,recovery_early,0
2003-01-10,recovery_early,recovery_early,-1.1740531477594984,0.3809116704675675,4,0,0.31457527715535755,recovery_early,0
2003-01-17,recovery_early,recovery_early,-1.0530182160422976,0.3818942041483353,4,0,0.326938902928608,recovery_early,0
2003-01-24,recovery_early,recovery_early,-1.0282565704339364,0.38487903460767525,4,0,0.3270448644633053,recovery_early,0
2003-01-31,recovery_early,recovery_early,-0.99967670280771,0.389140714594732,4,1,0.3241484769296669,recovery_early,0
2003-02-07,recovery_early,recovery_early,-1.0448753676431493,0.34354381141457113,4,1,0.31909547719793185,recovery_early,0
2003-02-14,recovery_early,recovery_early,-1.0504037750364612,0.580115488554535,4,1,0.321004138002984,recovery_early,0
2003-02-21,recovery_early,recovery_early,-1.1318815350480578,0.5008488575451056,4,2,0.29760807732235234,recovery_early,0
2003-02-28,recovery_early,recovery_early,-1.194162182276337,0.5638913800804373,4,2,0.2949577529439208,recovery_early,0
2003-03-07,slowdown_late,slowdown_late,-1.2751598228472671,-0.29369232085293046,4,2,0.2864546525072894,contraction_late,0
2003-03-14,contraction_early,contraction_early,-1.4341794293976158,-0.8546757069295716,4,3,0.285427531182114,contraction_late,0
2003-03-21,contraction_early,contraction_early,-1.4864020117103587,-0.9833491227790612,4,3,0.28259971608880935,contraction_late,0
2003-03-28,contraction_early,contraction_early,-1.461490018557814,-0.93105858763576,4,3,0.28371615631504304,contraction_middle,0
2003-04-04,contraction_early,contraction_early,-1.4679429386792147,-0.8264036595523704,4,3,0.28323130009857855,contraction_middle,0
2003-04-11,slowdown_late,slowdown_late,-1.4308584636302688,-0.6965061064601451,4,2,0.2791524335537087,contraction_middle,0
2003-04-18,slowdown_late,slowdown_late,-1.3236220509973273,-0.6710323544705287,4,2,0.2851053327585883,contraction_late,0
2003-04-25,slowdown_late,slowdown_late,-1.3236220509973273,-0.6965061064601451,4,2,0.27909940388010696,contraction_late,0
2003-05-02,slowdown_late,slowdown_late,-1.3236220509973273,-0.32593114140005963,4,1,0.282082121730769,contraction_late,0
2003-05-09,recovery_early,recovery_early,-1.3236220509973273,0.8282774159332349,4,1,0.2706341790118708,recovery_early,0
2003-05-16,recovery_early,recovery_early,-1.3820427481738475,0.7536183396314342,4,1,0.26781072849979365,recovery_early,0
2003-05-23,recovery_early,recovery_early,-1.3125582830886795,0.8282774159332349,4,1,0.27399048391814085,recovery_early,0
2003-05-30,recovery_early,recovery_early,-1.3125582830886795,0.8282774159332349,4,1,0.2866062749101499,recovery_early,0
2003-06-06,recovery_early,recovery_early,-1.3125582830886795,0.6234802447122467,4,1,0.2873601752703801,recovery_early,0
2003-06-13,slowdown_late,slowdown_late,-1.3125582830886795,0.032074427701667865,4,0,0.2804570777167803,recovery_early,0
2003-06-20,recovery_early,recovery_early,-0.9395658511360596,1.0668379199864548,4,0,0.3054806791733828,recovery_middle,0
2003-06-27,recovery_early,recovery_early,-0.9382419303166316,1.0668379199864548,4,0,0.3095253176483262,recovery_middle,0
2003-07-04,recovery_early,recovery_early,-0.9369217352606,0.8111389276252767,4,0,0.31408900679380575,recovery_middle,0
2003-07-11,recovery_early,recovery_early,-0.9369217352606,0.9098280825324168,4,0,0.3095276604352418,recovery_middle,0
2003-07-18,recovery_early,recovery_middle,-0.8328651643996369,0.9098280825324168,4,0,0.3343929649498845,recovery_middle,0
2003-07-25,recovery_early,recovery_middle,-0.8314534085009124,0.7202751772734948,4,0,0.33957894991225335,recovery_middle,0
2003-08-01,recovery_early,recovery_middle,-0.8300464305234492,0.9098280825324168,4,0,0.35118930983151847,recovery_middle,0
2003-08-08,recovery_middle,recovery_middle,-0.7978178116168674,0.7975229191443205,4,0,0.3601380653959954,recovery_middle,0
2003-08-15,recovery_middle,recovery_middle,-0.7418774268467546,0.7975229191443205,4,0,0.3731882573969714,recovery_middle,0
2003-08-22,recovery_middle,recovery_middle,-0.7063899585178053,0.7975229191443205,3,0,0.3825932746507194,recovery_middle,0
2003-08-29,recovery_middle,recovery_middle,-0.6945744092821561,0.7975229191443205,3,0,0.3866982714590859,recovery_middle,0
2003-09-05,recovery_middle,slowdown_late,-0.6945744092821561,0.33304973413246625,3,0,0.38791736550825895,recovery_middle,0
2003-09-12,recovery_middle,recovery_middle,-0.7176168920502888,0.5882265878583282,3,0,0.3697724491242496,recovery_middle,0
2003-09-19,recovery_middle,recovery_middle,-0.6909543457995171,0.40096867656139124,4,0,0.36409716069459047,recovery_middle,0
2003-09-26,recovery_middle,recovery_middle,-0.6883188573662334,0.40096867656139124,4,0,0.37162845537104866,recovery_middle,0
2003-10-03,recovery_middle,recovery_middle,-0.6739611653721826,0.40096867656139124,4,0,0.3813897059810606,recovery_middle,0
2003-10-10,recovery_middle,recovery_middle,-0.6727275607759812,0.40096867656139124,4,0,0.3810011626309008,recovery_middle,0
2003-10-17,recovery_middle,recovery_middle,-0.6847782373285696,0.7377889608891397,4,1,0.38853887036795287,recovery_middle,0
2003-10-24,recovery_middle,recovery_middle,-0.6847782373285696,0.7304145570133422,4,1,0.3890517705595103,recovery_middle,0
2003-10-31,recovery_middle,recovery_middle,-0.6847782373285696,0.9424711787872586,4,1,0.40881749154494107,recovery_middle,0
2003-11-07,recovery_middle,recovery_middle,-0.6847782373285696,0.9424711787872586,4,1,0.4266259656978832,recovery_middle,0
2003-11-14,recovery_middle,recovery_middle,-0.6847782373285696,0.9424711787872586,4,0,0.41095704945280254,recovery_middle,0
2003-11-21,recovery_middle,recovery_middle,-0.6007028875941813,0.9424711787872586,4,0,0.4212111436577992,recovery_middle,0
2003-11-28,recovery_middle,recovery_middle,-0.6006496771695946,0.8409631669512508,4,0,0.40124770084091993,recovery_middle,0
2003-12-05,recovery_middle,recovery_middle,-0.6006387541435904,0.7181248438307397,3,0,0.40791376238860344,recovery_middle,0
2003-12-12,recovery_middle,recovery_middle,-0.5976173542152058,1.1179382058795053,3,0,0.38951613636893007,recovery_late,0
2003-12-19,recovery_middle,recovery_middle,-0.5956121767338397,1.1179382058795053,3,0,0.3830141348720736,recovery_late,0
2003-12-26,recovery_middle,recovery_middle,-0.5956121767338397,1.0949310897475972,3,0,0.3795813094450579,recovery_late,0
2004-01-02,recovery_middle,recovery_middle,-0.5956121767338397,0.5877876534479776,3,0,0.36491673989854323,recovery_late,0
2004-01-09,recovery_middle,recovery_middle,-0.5956121767338397,0.5877876534479776,3,0,0.34127380163626203,recovery_late,0
2004-01-16,recovery_middle,recovery_middle,-0.6050958362151366,0.4624405490221915,3,0,0.32588617687721216,recovery_middle,0
2004-01-23,recovery_middle,recovery_middle,-0.5921317354765094,0.47133577495308077,3,0,0.3242189555337967,recovery_middle,0
2004-01-30,slowdown_late,slowdown_late,-0.6140245893765661,0.007340187946242521,4,1,0.31374928154740456,recovery_middle,0
2004-02-06,slowdown_late,slowdown_late,-0.6140245893765661,0.007340187946242521,4,1,0.31841339934915713,recovery_early,0
2004-02-13,slowdown_late,slowdown_late,-0.6131434145443412,0.07399441989820818,4,1,0.3199210921351138,recovery_early,0
2004-02-20,slowdown_late,slowdown_late,-0.6122647652018096,0.1995804593128361,3,2,0.3231162300072843,recovery_early,0
2004-02-27,slowdown_late,slowdown_late,-0.6122647652018096,-0.013585171330124646,3,2,0.32601099492882324,recovery_early,0
2004-03-05,slowdown_late,slowdown_late,-0.6387838575564063,0.13782660342333722,3,2,0.31053551156252146,recovery_early,0
2004-03-12,slowdown_late,recovery_middle,-0.6373003260899299,0.36295107956512856,3,1,0.27018619497599755,recovery_early,0
2004-03-19,recovery_middle,recovery_middle,-0.5756974661059332,0.6544947667223058,3,1,0.3121754414034609,recovery_early,0
2004-03-26,recovery_middle,recovery_middle,-0.5756974661059332,0.8154484992947039,3,0,0.3305261616135721,recovery_middle,0
2004-04-02,recovery_middle,recovery_middle,-0.5756974661059332,1.026643409832598,3,0,0.3425184035957765,recovery_middle,0
2004-04-09,recovery_middle,recovery_middle,-0.5756974661059332,1.1085625445090646,3,0,0.3622323924462061,recovery_late,0
2004-04-16,recovery_middle,recovery_middle,-0.5756974661059332,1.1812684115667211,3,1,0.37489735108100997,recovery_late,0
2004-04-23,recovery_middle,recovery_middle,-0.5232449071684525,1.0391747848504977,2,0,0.3447214069964304,recovery_late,0
2004-04-30,recovery_middle,recovery_middle,-0.5232449071684525,0.9792473408224515,2,0,0.3518694170956832,recovery_late,0
2004-05-07,recovery_middle,recovery_middle,-0.5232449071684525,0.9792473408224515,2,0,0.3662434691438571,recovery_late,0
2004-05-14,recovery_middle,recovery_middle,-0.5232449071684525,0.42394108432249766,1,0,0.40001096421474447,recovery_late,0
2004-05-21,expansion_early,expansion_early,-0.41237267217352996,0.9627030084688567,1,0,0.4183216701102599,recovery_late,0
2004-05-28,recovery_late,recovery_late,-0.41237267217352996,0.4386575779048482,1,0,0.4164088918098153,recovery_late,0
2004-06-04,recovery_late,expansion_early,-0.41237267217352996,0.9625305452385797,1,0,0.4094517807951828,recovery_late,0
2004-06-11,recovery_late,expansion_early,-0.4116153016327371,0.9625305452385797,1,1,0.39073452797663594,recovery_late,0
2004-06-18,slowdown_late,slowdown_late,-0.5736604359119518,0.1995499667675665,3,1,0.3557781542017097,recovery_middle,0
2004-06-25,slowdown_late,slowdown_late,-0.5736604359119518,0.007797263821029965,3,1,0.3399454199515445,recovery_middle,0
2004-07-02,slowdown_late,slowdown_late,-0.5736604359119518,-0.24006317013340428,3,1,0.32911893895321265,recovery_early,0
2004-07-09,slowdown_late,slowdown_late,-0.5736604359119518,-0.19952357400128654,3,1,0.35668794564140255,recovery_early,0
2004-07-16,slowdown_late,slowdown_late,-0.5736604359119518,-0.4945164572088766,3,2,0.3412599776723705,recovery_early,0
2004-07-23,slowdown_late,slowdown_late,-0.4540576100235705,-0.24447018494573894,1,1,0.37566635229275513,recovery_early,0
2004-07-30,slowdown_late,slowdown_late,-0.4540576100235705,-0.1620575687637437,1,1,0.3822976774921394,recovery_early,0
2004-08-06,slowdown_late,slowdown_late,-0.4540576100235705,-0.13013033176166197,1,1,0.3621853667825079,recovery_early,0
2004-08-13,recovery_middle,recovery_middle,-0.4540576100235705,0.29876462578591767,1,0,0.3772037889605345,recovery_early,0
2004-08-20,recovery_middle,slowdown_late,-0.46162670217537327,0.29876462578591767,2,0,0.38095524447723544,recovery_early,0
2004-08-27,recovery_middle,recovery_middle,-0.46162670217537327,0.3989303701057734,2,0,0.38876158317338594,recovery_middle,0
2004-09-03,slowdown_late,slowdown_late,-0.46162670217537327,0.19273764950347883,2,0,0.38147184930158623,recovery_middle,0
2004-09-10,recovery_middle,recovery_middle,-0.46162670217537327,0.6002194887640645,2,0,0.39463830479412687,recovery_middle,0
2004-09-17,recovery_late,recovery_late,-0.32156952229049574,0.6002194887640645,1,0,0.4608685207765813,recovery_middle,0
2004-09-24,recovery_late,recovery_late,-0.3212997509280845,0.17854028792352852,1,0,0.4611745947593141,recovery_late,0
2004-10-01,recovery_late,recovery_late,-0.3293129260310596,0.38163958665133246,1,0,0.4590793948990544,recovery_late,0
2004-10-08,recovery_late,recovery_late,-0.3287852251053395,0.16601126630985422,1,0,0.4683034554297165,recovery_late,0
2004-10-15,slowdown_late,slowdown_late,-0.3287852251053395,0.0445622588823294,1,0,0.4647282956444084,recovery_late,0
2004-10-22,recovery_late,recovery_late,-0.3274204801550843,0.7680189376695378,1,0,0.4941826515440519,recovery_late,0
2004-10-29,recovery_late,recovery_late,-0.3274204801550843,0.7680189376695378,1,0,0.5065108639054677,recovery_late,0
2004-11-05,recovery_late,recovery_late,-0.3274204801550843,0.7658418628503721,1,0,0.5117989651622469,recovery_late,0
2004-11-12,recovery_late,recovery_late,-0.3274204801550843,0.43426438190691424,1,0,0.519666236389601,recovery_late,0
2004-11-19,recovery_late,recovery_late,-0.31006445900780316,0.2870821598988692,1,0,0.508567629977637,recovery_late,0
2004-11-26,recovery_late,recovery_late,-0.31006445900780316,0.6189133163992047,1,0,0.5336631197000857,recovery_late,0
2004-12-03,slowdown_late,slowdown_late,-0.31006445900780316,0.057226354552224835,1,1,0.5163895027469206,recovery_late,0
2004-12-10,recovery_late,recovery_late,-0.31006445900780316,0.2912746618521071,1,1,0.5064298251174919,recovery_middle,0
2004-12-17,recovery_late,recovery_late,-0.19831800924633883,0.5699012778884583,1,1,0.5621502646676992,recovery_late,0
2004-12-24,recovery_late,recovery_late,-0.19831800924633883,0.2912746618521071,1,1,0.5528514462371986,recovery_late,0
2004-12-31,expansion_early,expansion_early,0.08322246005209974,0.6825417182276422,1,0,0.592964467002369,recovery_late,0
2005-01-07,expansion_early,expansion_early,0.08378996370845977,0.6825417182276422,1,0,0.5777990181659042,recovery_late,0
2005-01-14,expansion_early,expansion_early,0.08436526025260356,0.635552617107132,1,0,0.5356575186938343,expansion_early,0
2005-01-21,recovery_late,recovery_late,-0.0228797854465478,0.5365811030307926,1,0,0.5391804728207663,expansion_early,0
2005-01-28,recovery_late,recovery_late,-0.02290188690295865,0.5365811030307926,1,0,0.5152042580062164,expansion_early,0
2005-02-04,recovery_late,recovery_late,-0.17325225266272737,0.30253279573091035,1,1,0.506290763229808,recovery_late,0
2005-02-11,slowdown_middle,slowdown_middle,-0.17325225266272737,-0.24515314863258358,0,1,0.5736577346665419,recovery_late,0
2005-02-18,recovery_late,recovery_late,-0.07855440605990485,0.19042261371498642,0,1,0.5839271041360568,recovery_late,0
2005-02-25,recovery_late,recovery_late,-0.07856680576305942,0.1956702683532105,0,1,0.5983725014201451,slowdown_late,0
2005-03-04,recovery_late,recovery_late,-0.07857920938138362,0.5910151020270418,1,1,0.6034936283042858,slowdown_late,0
2005-03-11,recovery_late,expansion_early,-0.07864744104852746,0.6919946819023572,1,1,0.5845426926793575,slowdown_late,0
2005-03-18,recovery_late,recovery_late,-0.14479027171787567,0.15829891162851503,1,1,0.5864129358779235,slowdown_late,0
2005-03-25,recovery_late,recovery_late,-0.14551599204475035,0.15831949973431222,1,1,0.5713543236108517,slowdown_late,0
2005-04-01,recovery_late,recovery_late,-0.1462516835450753,0.17101254180931996,0,0,0.5567074379864788,slowdown_late,0
2005-04-08,recovery_late,recovery_late,-0.1462543432318363,0.1587168778076904,0,0,0.5774033263755683,slowdown_late,0
2005-04-15,slowdown_middle,slowdown_middle,-0.1661747913270587,-0.3640939866627748,0,1,0.543212800080072,slowdown_late,0
2005-04-22,slowdown_middle,slowdown_middle,-0.1451655261695056,-0.3579600144042435,0,1,0.5901049279308974,slowdown_late,0
2005-04-29,slowdown_middle,slowdown_middle,-0.1451655261695056,-0.35814084521938744,0,1,0.6198453446988785,slowdown_late,0
2005-05-06,slowdown_middle,slowdown_middle,-0.1451655261695056,-0.09450113815855583,0,1,0.6234620445553472,slowdown_late,0
2005-05-13,slowdown_middle,slowdown_middle,-0.1451655261695056,0.053463066049638394,0,0,0.6259890326059775,slowdown_late,0
2005-05-20,slowdown_middle,slowdown_middle,-0.1674305905421076,0.05370037885208073,0,0,0.6103522646792164,slowdown_late,0
2005-05-27,recovery_late,recovery_late,-0.16744200425289243,0.2720806118252728,0,0,0.6029361536200673,slowdown_late,0
2005-06-03,recovery_late,recovery_late,-0.16744200425289243,0.18865930616037724,0,0,0.6105012072830545,slowdown_late,0
2005-06-10,recovery_late,recovery_late,-0.16744200425289243,0.31875203602228547,0,0,0.6133407556436783,slowdown_late,0
2005-06-17,expansion_early,expansion_early,-0.1224366263543594,0.7792568022012207,0,0,0.46539418421649204,expansion_early,0
2005-06-24,expansion_early,expansion_early,-0.1224366263543594,0.7007767125037322,0,0,0.45746032591135044,expansion_early,0
2005-07-01,expansion_early,expansion_early,-0.1224366263543594,0.7792568022012207,0,0,0.4873916771980268,expansion_early,0
2005-07-08,expansion_early,expansion_early,-0.1224366263543594,0.9476323024182496,0,0,0.5103609659300338,expansion_early,0
2005-07-15,expansion_early,expansion_early,-0.1224366263543594,0.9457820820837152,0,0,0.5017960138154168,expansion_early,0
2005-07-22,expansion_early,expansion_early,-0.2082424252291754,0.9421498673849403,0,0,0.47195788615626016,expansion_early,0
2005-07-29,recovery_late,recovery_late,-0.2082424252291754,0.48703914232572565,0,0,0.4616988628262579,expansion_early,0
2005-08-05,recovery_late,recovery_late,-0.2082424252291754,0.48703914232572565,0,0,0.46698591123497496,expansion_early,0
2005-08-12,recovery_late,recovery_late,-0.17956754144337717,0.41913256745468924,0,1,0.4992747012862932,expansion_early,0
2005-08-19,recovery_late,recovery_late,-0.18295537117574914,0.49044978704937164,0,2,0.6716499273548389,expansion_middle,0
2005-08-26,recovery_late,recovery_late,-0.1846161826968857,0.24280559171263572,0,2,0.6739179363160954,expansion_late,0
2005-09-02,slowdown_middle,slowdown_middle,-0.1846161826968857,-0.13358367728875858,0,2,0.6567343249481461,slowdown_early,0
2005-09-09,slowdown_middle,slowdown_middle,-0.19842492761380537,-0.13358367728875858,0,2,0.6284837059485645,slowdown_late,0
2005-09-16,slowdown_middle,slowdown_middle,-0.2022186982544135,-0.13358367728875858,0,1,0.4965567519735973,slowdown_late,0
2005-09-23,slowdown_late,slowdown_late,-0.34281237395403374,-2.071029955919015,1,2,0.35131759489308184,slowdown_late,0
2005-09-30,slowdown_late,slowdown_late,-0.39139315766686356,-2.071029955919015,1,3,0.34796956727596556,slowdown_late,0
2005-10-07,slowdown_late,slowdown_late,-0.4275462348698162,-2.071029955919015,1,3,0.28381890646237223,slowdown_late,0
2005-10-14,slowdown_late,slowdown_late,-0.4275462348698162,-1.2494543590277014,1,3,0.28954163298181446,slowdown_late,0
2005-10-21,slowdown_late,slowdown_late,-0.38870010862886545,-1.2455489583772485,1,3,0.3404108256580174,slowdown_late,0
2005-10-28,slowdown_late,slowdown_late,-0.38870010862886545,-1.0149376119729578,1,3,0.37115955561733577,slowdown_late,0
2005-11-04,slowdown_late,slowdown_late,-0.3076474249839502,-1.0149376119729578,1,2,0.3337611475054986,slowdown_late,0
2005-11-11,slowdown_late,slowdown_late,-0.3076474249839502,-0.21005384549132558,1,2,0.30865137196328796,slowdown_late,0
2005-11-18,recovery_late,recovery_late,-0.20094544844124076,0.7026451324500028,0,0,0.4841674113642832,recovery_late,0
2005-11-25,expansion_early,expansion_early,-0.20094544844124076,1.2036878605874657,0,0,0.48795377308067234,recovery_late,0
2005-12-02,expansion_early,expansion_early,-0.20094544844124076,2.204112415226826,0,0,0.5351776508169779,recovery_late,0
2005-12-09,expansion_early,expansion_early,-0.20094544844124076,2.204112415226826,0,0,0.559512482301565,recovery_late,0
2005-12-16,expansion_early,expansion_early,-0.13477273262278955,1.3625365463339065,0,0,0.6290237034213549,expansion_early,0
2005-12-23,expansion_early,expansion_early,-0.136878471524599,1.3562410886091523,0,0,0.6596100841203468,expansion_early,0
2005-12-30,expansion_early,expansion_early,-0.136878471524599,1.3529456683019352,0,0,0.6680043491011983,expansion_early,0
2006-01-06,expansion_early,expansion_early,-0.13715218863996656,1.2132135997508187,0,0,0.6764845870847116,expansion_early,0
2006-01-13,recovery_late,recovery_late,-0.10828609841818942,0.46101448137660533,0,0,0.6927712249508019,expansion_early,0
2006-01-20,expansion_early,expansion_early,-0.07694007763079239,0.7747841978596002,0,0,0.5619906984377137,expansion_early,0
2006-01-27,recovery_late,recovery_late,-0.07732906140812686,0.5691141915769498,0,0,0.593663503842103,expansion_early,0
2006-02-03,expansion_early,expansion_early,-0.03157668634163147,1.1883122956417085,0,0,0.6516874665345276,expansion_early,0
2006-02-10,expansion_early,expansion_early,-0.003803670724738614,1.409846041982592,0,0,0.7010797609264577,expansion_early,0
2006-02-17,expansion_early,expansion_early,-0.0039333845157800635,1.0316388449772729,0,0,0.7777262507159416,expansion_early,0
2006-02-24,expansion_early,expansion_early,-0.0039333845157800635,1.0316388449772729,0,0,0.7817086330291481,expansion_early,0
2006-03-03,expansion_early,expansion_early,0.05215019024333252,1.0284869825451086,0,0,0.7662352504538451,expansion_early,0
2006-03-10,expansion_early,expansion_early,0.07150608136168202,1.0858389299004516,0,0,0.7348893324116578,expansion_early,0
2006-03-17,expansion_early,expansion_early,0.07150608136168202,0.7531679647793393,0,1,0.7324096177444148,expansion_early,0
2006-03-24,expansion_late,expansion_late,0.07150608136168202,0.10382709189695319,0,1,0.7247184275299864,expansion_early,0
2006-03-31,slowdown_middle,slowdown_middle,0.08366925606851436,-0.13420182275630993,0,1,0.7104413778516881,expansion_middle,0
2006-04-07,slowdown_middle,slowdown_middle,0.08366925606851436,-0.13520127219844486,0,1,0.7193114851376522,expansion_middle,0
2006-04-14,expansion_late,expansion_late,0.08366925606851436,0.03797602441510653,0,0,0.7227035218940677,expansion_middle,0
2006-04-21,expansion_late,expansion_late,0.08366925606851436,0.15318470590430855,0,0,0.774247163814081,expansion_middle,0
2006-04-28,expansion_late,expansion_late,0.08366925606851436,0.15318470590430855,0,0,0.7650798821039494,expansion_late,0
2006-05-05,expansion_late,expansion_late,0.0796582356897459,-0.05526510458682454,0,0,0.7547943194622928,expansion_late,0
2006-05-12,slowdown_middle,slowdown_middle,0.046232572942555325,-0.28622159642115236,0,0,0.7452087224191054,slowdown_early,0
2006-05-19,slowdown_middle,slowdown_middle,0.019052859421988193,-0.378356037660811,0,1,0.5787037020376571,slowdown_middle,0
2006-05-26,slowdown_middle,slowdown_middle,0.019052859421988193,-0.378356037660811,0,1,0.5632355627969214,slowdown_late,0
2006-06-02,slowdown_late,slowdown_late,-0.03809750770817519,-1.1371896142107885,0,2,0.5530488028152963,slowdown_late,0
2006-06-09,slowdown_late,slowdown_late,-0.03809750770817519,-1.126162554991966,0,3,0.6027912680831745,slowdown_late,0
2006-06-16,slowdown_late,slowdown_late,-0.03809750770817519,-0.8906859865270015,0,3,0.6869133755776667,slowdown_late,0
2006-06-23,slowdown_late,slowdown_late,-0.03809750770817519,-0.7646069786595376,0,3,0.7204011390559072,slowdown_late,0
2006-06-30,slowdown_late,slowdown_late,-0.07131181290891205,-0.6331606586767252,0,3,0.7217165824979922,slowdown_late,0
2006-07-07,slowdown_middle,slowdown_middle,-0.07131181290891205,-0.2151799018069123,0,2,0.7068963133355932,slowdown_late,0
2006-07-14,slowdown_middle,expansion_late,-0.07132643721204174,0.04277119894734157,0,1,0.6552471411048004,slowdown_late,0
2006-07-21,slowdown_middle,slowdown_middle,-0.07134106751457325,-0.10886032083143016,0,1,0.505769750598817,slowdown_late,0
2006-07-28,slowdown_middle,slowdown_middle,-0.07134106751457325,-0.10886032083143016,0,0,0.49443583168507,slowdown_late,0
2006-08-04,slowdown_middle,slowdown_middle,-0.14713764457625833,-0.17315155696049922,0,1,0.4757334852976867,slowdown_late,0
2006-08-11,slowdown_middle,slowdown_middle,-0.14713764457625833,-0.44004726630203767,0,2,0.5023419645909396,slowdown_late,0
2006-08-18,slowdown_late,slowdown_late,-0.14713764457625833,-0.5317033539199263,1,2,0.46878766824877655,slowdown_late,0
2006-08-25,slowdown_late,slowdown_late,-0.14713764457625833,-0.6897951327602099,1,2,0.46070468700473416,slowdown_late,0
2006-09-01,slowdown_late,slowdown_late,-0.15237258789063746,-0.7834264839245284,1,2,0.4312299258164348,slowdown_late,0
2006-09-08,slowdown_late,slowdown_late,-0.15237258789063746,-0.2251322951896725,1,2,0.4353435303786532,slowdown_late,0
2006-09-15,slowdown_late,slowdown_late,-0.15237258789063746,-0.05536956438588314,1,1,0.4461263597400794,slowdown_late,0
2006-09-22,slowdown_late,slowdown_late,-0.2177068056250623,-0.09462228784748326,1,2,0.3989832078775943,slowdown_late,0
2006-09-29,slowdown_late,slowdown_late,-0.13482477390740794,-0.09462228784748326,1,1,0.4101804939029862,slowdown_late,0
2006-10-06,slowdown_late,slowdown_late,-0.13482477390740794,-0.09462228784748326,1,1,0.42032923599390654,slowdown_late,0
2006-10-13,slowdown_late,slowdown_late,-0.13482477390740794,-0.3891668365288263,1,2,0.40621062533433616,slowdown_late,0
2006-10-20,slowdown_late,slowdown_late,-0.1349437698446913,-0.07145454368164508,1,2,0.4289218560575239,slowdown_late,0
2006-10-27,expansion_late,expansion_late,-0.13506297601843675,0.05583638168720958,1,2,0.4315402778064888,slowdown_late,0
2006-11-03,slowdown_late,slowdown_late,-0.06875650150990917,-0.18943779859214033,1,2,0.41759317114209205,slowdown_late,0
2006-11-10,slowdown_late,slowdown_late,-0.05135584354997466,-0.18455065079172603,1,1,0.4186712783847866,slowdown_late,0
2006-11-17,slowdown_late,slowdown_late,-0.05135584354997466,-0.14300323644378843,1,1,0.40464605092781564,slowdown_late,0
2006-11-24,slowdown_late,slowdown_late,-0.05135584354997466,-0.18455065079172603,1,1,0.394352603749606,slowdown_late,0
2006-12-01,slowdown_late,slowdown_late,-0.01915891897731282,-0.18455065079172603,1,1,0.4501868830285317,slowdown_late,0
2006-12-08,expansion_late,expansion_late,0.0032827806508115634,0.0951219725853524,1,1,0.47953812484572167,slowdown_late,0
2006-12-15,expansion_late,expansion_late,0.0032827806508115634,0.02363547400595417,1,0,0.49172478430672756,slowdown_late,0
2006-12-22,recovery_late,recovery_late,0.0032827806508115634,0.4614616671226725,0,0,0.5023126997624857,slowdown_late,0
2006-12-29,recovery_late,recovery_late,0.011525452194769557,0.4614616671226725,0,0,0.43075257403297207,slowdown_late,0
2007-01-05,recovery_late,recovery_late,0.011635127857838032,0.3058854266642703,0,0,0.4478849222198146,slowdown_late,0
2007-01-12,recovery_late,recovery_late,0.048015143773350054,0.4635457158162674,0,0,0.46481894052321115,slowdown_late,0
2007-01-19,recovery_late,recovery_late,0.048015143773350054,0.4635457158162674,0,0,0.38130960763363,slowdown_late,0
2007-01-26,recovery_late,recovery_late,0.048015143773350054,0.4158050455554097,0,0,0.34500612563362315,slowdown_late,0
2007-02-02,recovery_late,recovery_late,-0.034636520948087585,0.2930006597384866,0,0,0.41088387307368457,slowdown_late,0
2007-02-09,recovery_late,recovery_late,-0.034636520948087585,0.4158050455554097,0,0,0.45614924790308886,slowdown_late,0
2007-02-16,slowdown_late,slowdown_late,-0.034636520948087585,-0.10405875304326961,1,1,0.4794702763478068,slowdown_late,0
2007-02-23,slowdown_late,slowdown_late,-0.034636520948087585,-0.24620666716678757,1,1,0.5640423833099844,slowdown_late,0
2007-03-02,slowdown_late,slowdown_late,-0.006529841457675949,-0.31522982084665885,1,1,0.6405085899634522,slowdown_late,0
2007-03-09,slowdown_late,slowdown_late,-0.006529841457675949,-0.31522982084665885,1,1,0.6485068250862867,slowdown_late,0
2007-03-16,slowdown_late,slowdown_late,-0.006529841457675949,-0.23835686103902706,1,2,0.564534724772392,slowdown_late,0
2007-03-23,expansion_late,expansion_late,-0.006529841457675949,0.05451330615704006,1,1,0.4752669773871562,slowdown_late,0
2007-03-30,expansion_late,expansion_late,0.027738101086586222,0.13543606627029744,1,0,0.43644563731804337,slowdown_late,0
2007-04-06,recovery_late,recovery_late,0.027738101086586222,0.30246493308740413,1,0,0.47416064378513,slowdown_late,0
2007-04-13,recovery_late,recovery_late,0.024067023740907283,0.5354977902986156,1,0,0.45378976602650206,slowdown_late,0
2007-04-20,recovery_late,recovery_late,0.0245398839160178,0.2046622790962207,1,0,0.5936544461465444,slowdown_late,0
2007-04-27,recovery_late,recovery_late,0.0245398839160178,0.20809485860262775,1,0,0.6492440090683735,slowdown_late,0
2007-05-04,recovery_late,recovery_late,0.0245398839160178,0.3479102642652978,1,0,0.6237849676708714,slowdown_late,0
2007-05-11,recovery_late,recovery_late,0.028488912599544825,0.3479102642652978,1,0,0.5444321757368367,slowdown_late,0
2007-05-18,recovery_late,recovery_late,0.028488912599544825,0.3479102642652978,1,0,0.5246350705506471,slowdown_late,0
2007-05-25,expansion_late,expansion_late,0.028488912599544825,0.05371357157301352,1,0,0.5520739030426686,slowdown_late,0
2007-06-01,slowdown_late,slowdown_late,-0.0030591385477199964,-0.18993593362864522,1,0,0.552276456188059,slowdown_late,0
2007-06-08,slowdown_late,slowdown_late,-0.013816794367419987,-0.18993593362864522,1,0,0.5332877818864743,slowdown_late,0
2007-06-15,slowdown_middle,slowdown_middle,-0.013869281036755705,-0.1428348754135211,0,0,0.538860528963732,slowdown_late,0
2007-06-22,slowdown_late,slowdown_late,-0.014086248097293452,-0.26187280632657367,1,0,0.5863633969272402,slowdown_late,0
2007-06-29,slowdown_late,slowdown_late,-0.045436464492406285,-0.26187280632657367,1,1,0.5801731098569258,slowdown_late,0
2007-07-06,slowdown_late,slowdown_late,-0.045436464492406285,-0.26187280632657367,1,1,0.599494810252706,slowdown_late,0
2007-07-13,slowdown_late,slowdown_late,-0.060201482440103496,-0.8055954606491462,1,3,0.5838749060524073,slowdown_late,0
2007-07-20,slowdown_late,slowdown_late,-0.11430251864622151,-0.8055954606491462,1,4,0.5713887018841495,slowdown_late,0
2007-07-27,slowdown_late,slowdown_late,-0.11430251864622151,-0.6711210680450663,1,4,0.5860928882938405,slowdown_late,0
2007-08-03,slowdown_late,slowdown_late,-0.11501652916849507,-0.6989366012552247,1,4,0.547583420520185,slowdown_late,0
2007-08-10,slowdown_late,slowdown_late,-0.11573951614506559,-0.8326157076795729,1,4,0.506639618863197,slowdown_late,0
2007-08-17,slowdown_late,slowdown_late,-0.11365852502716817,-0.3624922640504521,1,2,0.5133930143378692,slowdown_late,0
2007-08-24,slowdown_late,slowdown_late,-0.11697488693662617,-0.34497656112801345,1,1,0.5308437958624014,slowdown_late,0
2007-08-31,slowdown_late,slowdown_late,-0.16728287464100772,-0.567500584585892,1,2,0.5599004255245313,slowdown_late,0
2007-09-07,slowdown_late,slowdown_late,-0.16829704793803035,-0.44636052333642107,1,2,0.5656766924809025,slowdown_late,0
2007-09-14,slowdown_late,slowdown_late,-0.16829704793803035,-0.4821940874647711,1,2,0.5740643896134937,slowdown_late,0
2007-09-21,slowdown_late,slowdown_late,-0.16829704793803035,-0.2857105535549202,1,2,0.494299889882813,slowdown_late,0
2007-09-28,slowdown_late,slowdown_late,-0.16922353861087117,-0.09071593738086696,1,2,0.4451978291458305,slowdown_late,0
2007-10-05,slowdown_late,slowdown_late,-0.19478727870518003,-0.10999900612333514,1,1,0.4382127227368532,slowdown_late,0
2007-10-12,slowdown_late,slowdown_late,-0.19478727870518003,-0.05926848183142395,1,1,0.4171839707996801,slowdown_late,0
2007-10-19,slowdown_late,slowdown_late,-0.2271905999695239,-0.2415393016334273,1,2,0.4083756567797426,slowdown_late,0
2007-10-26,slowdown_late,slowdown_late,-0.22867559066899112,-0.21127095617748354,1,1,0.4564973851796889,slowdown_late,0
2007-11-02,slowdown_late,slowdown_late,-0.26257503391099035,-0.37175876713266537,1,2,0.46479322073713125,slowdown_late,0
2007-11-09,slowdown_late,slowdown_late,-0.26372248553819433,-0.4718856741474423,1,2,0.44658784123770295,slowdown_late,0
2007-11-16,slowdown_late,slowdown_late,-0.26372248553819433,-0.5978818694096913,1,2,0.4072238864048689,slowdown_late,0
2007-11-23,slowdown_late,slowdown_late,-0.26372248553819433,-0.10085349215338021,1,1,0.4251322891175581,slowdown_late,0
2007-11-30,slowdown_late,slowdown_late,-0.28672842601144716,-0.10085349215338021,1,1,0.37756963226048185,slowdown_late,0
2007-12-07,slowdown_late,slowdown_late,-0.31152427353695145,-0.06033374808932715,1,1,0.353255446746023,slowdown_late,0
2007-12-14,slowdown_late,slowdown_late,-0.31152427353695145,0.029088030081339714,1,1,0.3534401383862416,slowdown_late,0
2007-12-21,slowdown_late,slowdown_late,-0.31152427353695145,-0.9462736441576053,1,2,0.48663907809558216,slowdown_late,0
2007-12-28,slowdown_late,slowdown_late,-0.3136282235093068,-0.38322970793762534,1,1,0.47119212522787757,slowdown_late,0
2008-01-04,slowdown_late,slowdown_late,-0.287268983461726,-0.06748355424429414,1,1,0.45402829027655917,slowdown_late,1
2008-01-11,slowdown_late,slowdown_late,-0.3693909131435946,-0.4259255970511741,1,2,0.42086160513556675,slowdown_late,1
2008-01-18,slowdown_late,slowdown_late,-0.3693909131435946,-0.5573541603203396,1,3,0.47025722557410643,contraction_early,1
2008-01-25,slowdown_late,slowdown_late,-0.3693909131435946,-0.5573541603203396,1,3,0.4978946131172135,contraction_early,1
2008-02-01,slowdown_late,slowdown_late,-0.3693909131435946,-0.4259255970511741,1,3,0.4865537796923188,contraction_early,1
2008-02-08,slowdown_late,slowdown_late,-0.491143304746824,-0.5621143527513789,1,3,0.45986036947893133,contraction_early,1
2008-02-15,slowdown_late,slowdown_late,-0.491143304746824,-0.4581194346431783,1,3,0.4290926280761146,contraction_middle,1
2008-02-22,slowdown_late,slowdown_late,-0.491143304746824,-1.0391832739760258,1,3,0.4430769269648408,contraction_middle,1
2008-02-29,slowdown_late,slowdown_late,-0.491143304746824,-1.0391832739760258,1,3,0.4428925240475494,contraction_middle,1
2008-03-07,slowdown_late,slowdown_late,-0.491143304746824,-0.6205933543917245,1,3,0.44224514270831294,contraction_middle,1
2008-03-14,slowdown_late,slowdown_late,-0.6125164935011483,-0.6044381775418219,2,3,0.424235466882041,contraction_middle,1
2008-03-21,contraction_early,contraction_early,-0.6125164935011483,-1.203375901267303,3,3,0.4245724135663805,contraction_middle,1
2008-03-28,contraction_early,contraction_early,-0.6125164935011483,-1.195806586189935,3,3,0.4156623679043417,contraction_middle,1
2008-04-04,contraction_early,contraction_early,-0.6125164935011483,-1.1887833937922985,3,3,0.3917463545095511,contraction_middle,1
2008-04-11,contraction_early,contraction_early,-0.8435108679936798,-1.3958678041051362,3,3,0.3656504377506418,contraction_middle,1
2008-04-18,contraction_early,contraction_early,-0.8665729482944251,-1.5501511953416136,3,3,0.38901777507953295,contraction_middle,1
2008-04-25,contraction_early,contraction_early,-0.8665729482944251,-1.5501511953416136,3,3,0.39555468411820416,contraction_middle,1
2008-05-02,contraction_early,contraction_early,-0.8665729482944251,-1.5501511953416136,4,4,0.3875388942682374,contraction_middle,1
2008-05-09,contraction_early,contraction_early,-1.0384395505750943,-1.5501511953416136,4,4,0.36958958037198264,contraction_middle,1
2008-05-16,contraction_early,contraction_early,-1.0213087422438019,-1.1180166681729877,4,3,0.3438798269881059,contraction_middle,1
2008-05-23,contraction_early,contraction_early,-1.1009964787856137,-1.544065937528331,4,3,0.3071287128143149,contraction_middle,1
2008-05-30,contraction_early,contraction_early,-1.0704356269857846,-2.0938257742134447,4,3,0.301507212261963,contraction_middle,1
2008-06-06,contraction_early,contraction_early,-1.0415255367293368,-0.9626610783957272,4,3,0.30519323701451534,contraction_middle,1
2008-06-13,contraction_early,contraction_early,-1.1509613290552843,-0.9840938588036046,4,3,0.29331857450470106,contraction_middle,1
2008-06-20,contraction_early,contraction_early,-1.1407618893365747,-1.351720061803285,4,3,0.3271838666812094,contraction_middle,1
2008-06-27,contraction_early,contraction_early,-1.1342456333830153,-0.8972955285014469,4,3,0.3273110679858895,contraction_middle,1
2008-07-04,contraction_early,contraction_early,-1.1312891876232962,-0.7501788700209159,4,3,0.3133716428113833,contraction_middle,1
2008-07-11,contraction_early,contraction_early,-1.308373502432687,-1.351720061803285,4,4,0.3058509873160633,contraction_middle,1
2008-07-18,contraction_early,contraction_early,-1.3014109944173966,-1.5624456141581329,4,4,0.3216131371977965,contraction_middle,1
2008-07-25,contraction_early,contraction_early,-1.294522196111987,-1.0186981806104225,4,4,0.31862098412976064,contraction_middle,1
2008-08-01,contraction_early,contraction_early,-1.294522196111987,-1.5624456141581329,4,4,0.30213850599943415,contraction_middle,1
2008-08-08,contraction_early,contraction_early,-1.4890853039602345,-1.7532553128032713,4,4,0.27989241904980483,contraction_middle,1
2008-08-15,contraction_early,contraction_early,-1.4579059334554163,-1.7532553128032713,4,4,0.3042409669670888,contraction_middle,1
2008-08-22,contraction_middle,contraction_middle,-1.615254356685879,-2.0717298635074486,4,4,0.2873311338411093,contraction_middle,1
2008-08-29,contraction_middle,contraction_middle,-1.6041418395742169,-1.9899542964597134,4,3,0.293393393031598,contraction_middle,1
2008-09-05,contraction_middle,contraction_middle,-1.6041418395742169,-1.8241866489828893,4,3,0.2942723027634374,contraction_middle,1
2008-09-12,contraction_middle,contraction_middle,-1.7272508823152524,-2.1350036065278415,4,3,0.2844918219998466,contraction_middle,1
2008-09-19,contraction_late,contraction_late,-2.2867959156503708,-2.2165534186827998,4,3,0.27465162342810306,contraction_middle,1
2008-09-26,contraction_late,contraction_late,-2.4703931917835598,-2.187839930278412,4,3,0.27007684223997325,contraction_middle,1
2008-10-03,contraction_late,contraction_late,-2.594712329001904,-1.6942608816459095,4,3,0.26808315263877347,contraction_middle,1
2008-10-10,contraction_late,contraction_late,-2.6995502651622423,-1.509646297627422,4,3,0.2591186248797889,contraction_middle,1
2008-10-17,contraction_late,contraction_late,-2.367479640740164,-3.1614767852232712,4,3,0.31568997713354086,contraction_middle,1
2008-10-24,contraction_late,contraction_late,-2.3501772357131503,-3.1614767852232712,4,3,0.3165801180798265,contraction_middle,1
2008-10-31,contraction_late,contraction_late,-2.333125900355375,-3.1614767852232712,4,3,0.32078226776025404,contraction_middle,1
2008-11-07,contraction_late,contraction_late,-2.333125900355375,-1.55795378611875,4,3,0.3193670504271106,contraction_middle,1
2008-11-14,slowdown_late,slowdown_late,-2.333125900355375,-1.63131206995085,4,2,0.30376756448809783,contraction_late,1
2008-11-21,slowdown_late,slowdown_late,-2.5436568689358174,-1.6131128054438322,4,2,0.30712903235111977,contraction_late,1
2008-11-28,slowdown_late,slowdown_late,-2.4846878937259698,-1.6371175935085556,4,2,0.3063838971172333,contraction_late,1
2008-12-05,slowdown_late,slowdown_late,-2.4435400803838263,-1.5868586234756996,4,2,0.3084610729936927,contraction_late,1
2008-12-12,contraction_late,contraction_late,-2.4435400803838263,-1.1549006646322948,4,3,0.29604299133576445,contraction_late,1
2008-12-19,contraction_late,contraction_late,-2.9937867096781963,-2.1847290085849647,4,3,0.29791965000207854,contraction_late,1
2008-12-26,contraction_late,contraction_late,-2.9625552483486817,-2.5777907505701956,4,3,0.2944426736688269,contraction_late,1
2009-01-02,contraction_late,contraction_late,-2.947526204177943,-2.5705958199121848,4,4,0.2852813816142172,contraction_middle,1
2009-01-09,contraction_late,contraction_late,-2.947526204177943,-1.719235492386897,4,4,0.2834069814446065,contraction_middle,1
2009-01-16,contraction_late,contraction_late,-2.944478978987105,-1.4012069245678893,4,4,0.27770558335664597,contraction_middle,1
2009-01-23,contraction_late,contraction_late,-3.259899234215962,-1.4012069245678893,4,3,0.24824325019690205,contraction_late,1
2009-01-30,contraction_late,contraction_late,-3.2541066092553783,-3.931120159723411,4,3,0.24276584370459503,contraction_middle,1
2009-02-06,contraction_late,contraction_late,-3.25121800975544,-1.9579322741252576,4,3,0.25481670837725884,contraction_middle,1
2009-02-13,contraction_late,contraction_late,-3.25121800975544,-1.7140050230473944,4,3,0.25746019403815884,contraction_late,1
2009-02-20,contraction_late,contraction_late,-2.9280432496532383,-0.7857831426928567,4,3,0.2644113194967247,contraction_late,1
2009-02-27,contraction_late,contraction_late,-2.8473187481159705,-0.98005468710727,4,3,0.27018063851010604,contraction_late,1
2009-03-06,contraction_late,contraction_late,-2.827459603232228,-1.4253655733792325,4,3,0.2609829595370094,contraction_late,1
2009-03-13,contraction_late,contraction_late,-2.8297094630874358,-1.5865362419559486,4,3,0.2564953853554636,contraction_late,1
2009-03-20,slowdown_late,slowdown_late,-2.8297094630874358,-1.599631879489786,4,2,0.2580439643064107,contraction_late,1
2009-03-27,slowdown_late,slowdown_late,-2.8297094630874358,-1.2826173635302929,4,2,0.25675896025719397,contraction_late,1
2009-04-03,slowdown_late,slowdown_late,-2.7656582968738195,-0.6936041165496871,4,2,0.25844748741360823,contraction_late,1
2009-04-10,slowdown_late,slowdown_late,-2.736515433787565,-0.2528076227333091,4,2,0.25971684443762566,contraction_late,1
2009-04-17,recovery_early,recovery_early,-2.586711953360877,0.18280266829321257,4,2,0.2612775299192649,contraction_late,1
2009-04-24,recovery_early,recovery_early,-2.5853792867321395,0.6124205282850539,4,2,0.25871756129180595,contraction_late,1
2009-05-01,recovery_early,recovery_early,-2.5853792867321395,0.7786861407205243,4,1,0.25698175949473534,recovery_early,1
2009-05-08,recovery_early,recovery_early,-2.527687420677813,0.7786861407205243,4,0,0.2507642716382606,recovery_early,1
2009-05-15,recovery_early,recovery_early,-2.504220460044481,0.26858125894497054,4,0,0.2506572481608538,recovery_early,1
2009-05-22,recovery_early,recovery_early,-2.3704805366327415,1.0150098681865498,4,0,0.2540307847271825,recovery_early,1
2009-05-29,recovery_early,recovery_early,-2.3704805366327415,1.3223918714645362,4,0,0.2521703597663319,recovery_early,1
2009-06-05,recovery_early,recovery_early,-2.3704805366327415,1.3223918714645362,4,0,0.25051490706524854,recovery_early,1
2009-06-12,recovery_early,recovery_early,-2.3563143882252047,0.7641802136945712,4,0,0.24563323839096338,recovery_early,1
2009-06-19,recovery_early,recovery_early,-2.1785702800744895,1.5191659573430183,4,0,0.25024163457410026,recovery_early,1
2009-06-26,recovery_early,recovery_early,-2.164960012118541,1.4200377850299448,4,0,0.24766783304886505,recovery_middle,1
2009-07-03,recovery_early,recovery_early,-2.142717849743294,1.3488218098070535,4,0,0.24082146316430672,recovery_middle,0
2009-07-10,recovery_early,recovery_early,-2.1209280587060935,1.5441192616759436,4,0,0.23771369653333801,recovery_middle,0
2009-07-17,recovery_early,recovery_early,-1.8140660193050289,1.5342554936494417,4,0,0.2411998802978915,recovery_middle,0
2009-07-24,recovery_early,recovery_early,-1.8093109465214499,1.5326883174688029,4,1,0.2307741393206306,recovery_middle,0
2009-07-31,recovery_early,recovery_early,-1.7990779746129038,1.5326883174688029,4,1,0.22423676555034386,recovery_middle,0
2009-08-07,recovery_early,recovery_early,-1.7990779746129038,1.5254989675239734,4,1,0.21920728514161586,recovery_middle,0
2009-08-14,recovery_early,recovery_early,-1.7990779746129038,1.335644025994905,4,1,0.2139869071014718,recovery_middle,0
2009-08-21,recovery_early,recovery_early,-1.7977157634545595,1.861705649052698,4,1,0.22765060411290944,recovery_middle,0
2009-08-28,recovery_early,recovery_early,-1.7301309349006022,1.8261245090489964,4,0,0.23043491744220296,recovery_middle,0
2009-09-04,recovery_early,recovery_early,-1.6746347081959714,1.790489723772278,4,0,0.23799303384299947,recovery_middle,0
2009-09-11,recovery_early,recovery_early,-1.6079877670829625,1.5407819608535933,4,0,0.2337728369096119,recovery_middle,0
2009-09-18,recovery_early,recovery_early,-1.5297775058605971,1.358587227033361,4,0,0.2383467414698342,recovery_middle,0
2009-09-25,recovery_early,recovery_early,-1.4564488706316807,1.2872725511228975,4,0,0.24078230498154204,recovery_middle,0
2009-10-02,recovery_early,recovery_early,-1.3937724248915206,1.1313106051016175,4,0,0.24617494100608367,recovery_middle,0
2009-10-09,recovery_early,recovery_early,-1.316471796732751,1.2416707757957257,4,0,0.2426438691729304,recovery_middle,0
2009-10-16,recovery_early,recovery_early,-1.233597419634879,1.2584809122566913,4,0,0.2402153017971098,recovery_middle,0
2009-10-23,recovery_early,recovery_early,-1.1617497600248825,1.284511458732424,4,0,0.24071320413603145,recovery_middle,0
2009-10-30,recovery_early,recovery_early,-1.1354858785240118,1.381472208904833,4,0,0.2480863257541987,recovery_middle,0
2009-11-06,recovery_early,recovery_early,-1.1337368608872083,1.291396813480391,4,0,0.2511037087286623,recovery_middle,0
2009-11-13,recovery_early,recovery_early,-1.1170216620893996,1.291396813480391,4,0,0.2390289464630746,recovery_middle,0
2009-11-20,recovery_early,recovery_early,-0.9638136740893891,1.363719609256173,4,0,0.25342535092977336,recovery_middle,0
2009-11-27,recovery_early,recovery_early,-0.9638136740893891,1.363719609256173,4,0,0.25936088251506784,recovery_middle,0
2009-12-04,recovery_early,recovery_early,-0.9638136740893891,1.363719609256173,4,0,0.2715965698697946,recovery_middle,0
2009-12-11,recovery_early,recovery_early,-0.9638136740893891,1.4105780988383905,4,0,0.26843214015545613,recovery_middle,0
2009-12-18,recovery_early,recovery_middle,-0.8353400751119763,1.408021149818216,4,0,0.28313116510810876,recovery_middle,0
2009-12-25,recovery_early,recovery_middle,-0.8353400751119763,1.3363705910830261,4,0,0.2860686453946443,recovery_middle,0
2010-01-01,recovery_early,recovery_middle,-0.8353400751119763,1.4010629014023979,4,0,0.2976329392378658,recovery_middle,0
2010-01-08,recovery_early,recovery_middle,-0.8353400751119763,1.2903324601175266,4,0,0.28990463589438753,recovery_middle,0
2010-01-15,recovery_middle,recovery_middle,-0.7906431952323979,1.2364153097047885,4,0,0.2968373969054877,recovery_middle,0
2010-01-22,recovery_middle,recovery_middle,-0.7675590803052218,1.5354425047665303,4,0,0.30945895216615177,recovery_middle,0
2010-01-29,recovery_middle,recovery_middle,-0.7675590803052218,1.2278527894994764,4,0,0.3132246383137029,recovery_middle,0
2010-02-05,recovery_middle,recovery_middle,-0.7675590803052218,0.8870345456305315,4,0,0.3096099035118154,recovery_middle,0
2010-02-12,recovery_middle,recovery_middle,-0.7675590803052218,0.9455751293654756,4,0,0.2976990422488777,recovery_middle,0
2010-02-19,recovery_middle,recovery_middle,-0.7300448143174898,0.9295921527431222,3,0,0.30990652443254396,recovery_middle,0
2010-02-26,recovery_middle,recovery_middle,-0.7300448143174898,0.6508007349261646,3,0,0.30661733173720274,recovery_middle,0
2010-03-05,recovery_middle,recovery_middle,-0.7300448143174898,0.4273111352486984,3,0,0.3120901441174957,recovery_middle,0
2010-03-12,slowdown_late,slowdown_late,-0.7300448143174898,0.2988252490416155,3,0,0.30768570987952254,recovery_middle,0
2010-03-19,recovery_middle,recovery_middle,-0.5047681318227731,0.9393127018334122,2,0,0.3452551006673876,recovery_middle,0
2010-03-26,recovery_middle,recovery_middle,-0.5047681318227731,0.9352933054637378,2,0,0.35221232251237666,recovery_middle,0
2010-04-02,recovery_middle,recovery_middle,-0.5047681318227731,1.1021445216443508,2,0,0.34837656120828975,recovery_middle,0
2010-04-09,recovery_middle,recovery_middle,-0.5047681318227731,1.1021445216443508,2,0,0.3398733070973932,recovery_middle,0
2010-04-16,expansion_early,expansion_early,-0.4080471821169125,1.1021445216443508,2,0,0.3516177822890078,recovery_middle,0
2010-04-23,expansion_early,expansion_early,-0.34493269882207767,1.1006206064982742,2,0,0.3673215825685659,recovery_middle,0
2010-04-30,expansion_early,expansion_early,-0.34493269882207767,1.3186049491681657,2,0,0.37681252264779314,recovery_late,0
2010-05-07,expansion_early,expansion_early,-0.34493269882207767,1.2159163234762604,2,0,0.36900244364126955,recovery_late,0
2010-05-14,expansion_early,recovery_late,-0.34493269882207767,0.7492889407295888,2,0,0.3141872507764331,recovery_late,0
2010-05-21,expansion_early,expansion_early,-0.33226328115561105,1.4188562657895298,2,0,0.3431389084202579,recovery_late,0
2010-05-28,expansion_early,expansion_early,-0.33226328115561105,1.408888913862131,2,0,0.34562444168139356,recovery_late,0
2010-06-04,expansion_early,expansion_early,-0.33226328115561105,1.3979316072040602,1,0,0.38383137548459817,recovery_late,0
2010-06-11,expansion_early,expansion_early,-0.33226328115561105,1.3630003258571624,1,0,0.3788301952463485,recovery_late,0
2010-06-18,expansion_early,expansion_early,-0.34461589701784023,1.1624445904712657,1,0,0.3771163955585316,recovery_late,0
2010-06-25,expansion_early,expansion_early,-0.34461589701784023,1.1624445904712657,1,0,0.37064505292756095,recovery_late,0
2010-07-02,expansion_early,expansion_early,-0.34461589701784023,1.1624445904712657,1,0,0.37438066054590996,recovery_late,0
2010-07-09,recovery_late,recovery_late,-0.34461589701784023,0.2608734440640925,1,0,0.36435136182562844,recovery_late,0
2010-07-16,recovery_late,recovery_late,-0.2759972088906453,0.2640826333307947,1,0,0.3680047353426921,recovery_middle,0
2010-07-23,recovery_late,recovery_late,-0.26039163834970147,0.38498495346710465,1,0,0.38189968104291083,recovery_middle,0
2010-07-30,recovery_late,recovery_late,-0.26039163834970147,0.44857578799694003,1,0,0.3910093510576402,recovery_middle,0
2010-08-06,recovery_late,recovery_late,-0.26039163834970147,0.3077339694369352,1,0,0.40029453502797885,recovery_middle,0
2010-08-13,recovery_late,recovery_late,-0.26039163834970147,0.3011363917941308,1,0,0.3987174987903817,recovery_middle,0
2010-08-20,recovery_late,recovery_late,-0.17577441926104853,0.5647913178527452,1,0,0.44518137529591556,recovery_middle,0
2010-08-27,recovery_late,recovery_late,-0.17577441926104853,0.577580863712614,1,0,0.4392215782730496,recovery_middle,0
2010-09-03,recovery_late,recovery_late,-0.17577441926104853,0.5817415748867384,1,0,0.4400955855467011,recovery_middle,0
2010-09-10,recovery_late,recovery_late,-0.17577441926104853,0.5817415748867384,1,0,0.41862413907943596,recovery_middle,0
2010-09-17,recovery_late,recovery_late,-0.12054106689576187,0.5280115055879716,1,0,0.41418788341513185,recovery_middle,0
2010-09-24,recovery_late,recovery_late,-0.12054106689576187,0.5131785282910248,1,0,0.41349649700343205,recovery_middle,0
2010-10-01,recovery_late,recovery_late,-0.12054106689576187,0.5131785282910248,1,0,0.41576212397880474,recovery_middle,0
2010-10-08,recovery_late,recovery_late,-0.12054106689576187,0.5131785282910248,1,0,0.3702107781416693,recovery_late,0
2010-10-15,recovery_late,recovery_late,-0.12054106689576187,0.36463191355580776,1,0,0.3733735982164987,recovery_late,0
2010-10-22,recovery_late,recovery_late,-0.06514441215036808,0.41768807957254056,1,0,0.3793618289702,recovery_late,0
2010-10-29,recovery_late,recovery_late,-0.06514441215036808,0.41768807957254056,1,0,0.3718215309117921,recovery_late,0
2010-11-05,recovery_late,recovery_late,-0.06514441215036808,0.41768807957254056,1,0,0.37215647359364307,recovery_late,0
2010-11-12,recovery_late,recovery_late,-0.06514441215036808,0.35014180965359737,0,0,0.3687937295183788,recovery_late,0
2010-11-19,recovery_late,recovery_late,-0.004591491623302834,0.5022321738211832,0,0,0.39980442570946867,recovery_late,0
2010-11-26,recovery_late,recovery_late,-0.004591491623302834,0.510356275746041,0,0,0.4231640934753135,recovery_late,0
2010-12-03,recovery_late,recovery_late,-0.004591491623302834,0.5160862051050008,0,0,0.4519399591998043,recovery_late,0
2010-12-10,recovery_late,recovery_late,-0.004591491623302834,0.5184817784467441,0,0,0.47861766349005375,recovery_late,0
2010-12-17,expansion_early,expansion_early,0.04457337472227333,0.8309704355055808,0,0,0.44321491571602606,recovery_late,0
2010-12-24,expansion_early,expansion_early,0.04457337472227333,0.7132869384169258,0,0,0.43629674920126144,recovery_late,0
2010-12-31,expansion_early,expansion_early,0.04538604467966461,0.8882293993231462,0,0,0.4985092048765692,recovery_late,0
2011-01-07,expansion_early,expansion_early,0.046065204972803225,0.8057939043232062,0,0,0.5058589935707786,expansion_early,0
2011-01-14,expansion_early,expansion_early,0.04613626983689996,0.7396663109173283,0,0,0.5162774348007874,expansion_early,0
2011-01-21,expansion_early,expansion_early,0.07223919871043176,0.5996611779394861,0,0,0.5247885398129132,expansion_early,0
2011-01-28,recovery_late,recovery_late,0.07223919871043176,0.54786701704533,0,0,0.5051731051766316,expansion_early,0
2011-02-04,recovery_late,recovery_late,0.08975347458909996,0.2712925912519627,0,0,0.5122682400332056,expansion_early,0
2011-02-11,recovery_late,recovery_late,0.08989130685838125,0.25883862605820773,0,0,0.5540768713731063,expansion_early,0
2011-02-18,recovery_late,recovery_late,0.1456282864113825,0.5360765980681371,0,1,0.5265105825219191,expansion_early,0
2011-02-25,recovery_late,recovery_late,0.1456282864113825,0.5360765980681371,0,1,0.5571663234148126,expansion_early,0
2011-03-04,recovery_late,expansion_early,0.1941438658294178,0.5484826999530018,0,1,0.5531762541071505,expansion_early,0
2011-03-11,recovery_late,recovery_late,0.1941438658294178,0.5360765980681371,0,1,0.5727744541368638,expansion_early,0
2011-03-18,recovery_late,expansion_early,0.16755949001186596,0.555216858894417,0,0,0.5729553885194774,expansion_early,0
2011-03-25,expansion_early,expansion_early,0.16755949001186596,0.6680250375772828,0,0,0.5661497951764753,expansion_early,0
2011-04-01,recovery_late,recovery_late,0.12771798401356196,0.4645171595552166,0,0,0.5859157574738917,expansion_early,0
2011-04-08,recovery_late,recovery_late,0.12771798401356196,0.4645171595552166,0,0,0.6260479566723749,expansion_middle,0
2011-04-15,recovery_late,recovery_late,0.16755949001186596,0.47828315606095445,0,0,0.5843464830916807,expansion_middle,0
2011-04-22,expansion_late,expansion_late,0.12771798401356196,0.15692669733074807,0,0,0.6091882151488228,expansion_middle,0
2011-04-29,expansion_late,expansion_late,0.1136979260734826,-0.08312508394970843,0,1,0.6161479978870766,expansion_middle,0
2011-05-06,expansion_late,expansion_late,0.11698711512731878,-0.08312508394970843,0,1,0.5724339308813108,expansion_late,0
2011-05-13,slowdown_middle,slowdown_middle,0.11698711512731878,-0.3449494921106816,0,1,0.5703241599601717,expansion_late,0
2011-05-20,slowdown_middle,slowdown_middle,0.09893720576638829,-0.30486271753076394,0,1,0.597107703846502,slowdown_early,0
2011-05-27,slowdown_middle,slowdown_middle,0.09893720576638829,-0.3076817142004826,0,0,0.5922721571841103,slowdown_early,0
2011-06-03,slowdown_middle,slowdown_middle,0.09895140962036304,-0.31024406291090534,0,1,0.6372942233557753,slowdown_early,0
2011-06-10,slowdown_middle,slowdown_middle,0.10041235463441028,-0.3163060642391283,0,1,0.6800156227882437,slowdown_middle,0
2011-06-17,slowdown_middle,slowdown_middle,0.09307894702137254,-0.32458283179636693,0,1,0.6642381451428897,slowdown_middle,0
2011-06-24,slowdown_middle,slowdown_middle,0.09333135527157367,-0.21141876940300208,0,0,0.6668153997851105,slowdown_middle,0
2011-07-01,recovery_late,recovery_late,0.1466637840208256,0.2348046930061628,0,0,0.6124457433105666,slowdown_middle,0
2011-07-08,recovery_late,recovery_late,0.1466637840208256,0.23554041692641217,0,0,0.6220546857910906,slowdown_early,0
2011-07-15,recovery_late,recovery_late,0.1466637840208256,0.32157189472753683,0,0,0.6232406302857929,slowdown_early,0
2011-07-22,recovery_late,recovery_late,0.1466637840208256,0.49835431975468303,0,0,0.5739338152138842,slowdown_early,0
2011-07-29,recovery_late,expansion_early,0.2215103829162538,0.541845422760814,0,0,0.5406872466473319,expansion_late,0
2011-08-05,expansion_late,expansion_late,0.2215103829162538,0.20660628328797911,0,0,0.5468878303528318,expansion_late,0
2011-08-12,recovery_late,recovery_late,0.2215103829162538,0.364240512403471,0,0,0.5653655913875267,expansion_late,0
2011-08-19,expansion_early,expansion_early,0.22699955241487071,0.5844345815351831,0,0,0.5392994617610937,expansion_late,0
2011-08-26,expansion_early,expansion_early,0.22699955241487071,0.5854959075179678,0,0,0.5346265412065853,expansion_middle,0
2011-09-02,recovery_late,recovery_late,0.19099227993483425,0.3782446885542536,0,0,0.5445960716454984,expansion_middle,0
2011-09-09,recovery_late,recovery_late,0.19099227993483425,0.4106275360988995,0,0,0.5359828546556135,expansion_middle,0
2011-09-16,recovery_late,recovery_late,0.1913534731696293,0.41229808452526806,0,0,0.49879021446703486,expansion_middle,0
2011-09-23,recovery_late,slowdown_early,0.263913965912283,0.27317941804081397,0,0,0.4776967731171434,expansion_late,0
2011-09-30,recovery_late,slowdown_early,0.263913965912283,0.27322141941469724,0,1,0.49509458830970093,expansion_late,0
2011-10-07,recovery_late,slowdown_early,0.263913965912283,0.27698801374830045,0,1,0.5002021213716873,expansion_late,0
2011-10-14,slowdown_early,slowdown_early,0.263913965912283,-0.23607883274784075,0,1,0.49542911436879655,expansion_late,0
2011-10-21,slowdown_early,recovery_late,0.22352600739101477,0.27297652146274515,0,1,0.49904206865797396,expansion_late,0
2011-10-28,slowdown_early,recovery_late,0.22352600739101477,0.27297652146274515,0,1,0.5006446772013312,expansion_late,0
2011-11-04,slowdown_early,recovery_late,0.22352600739101477,0.2746293541621544,0,1,0.5096762731513493,expansion_late,0
2011-11-11,slowdown_early,recovery_late,0.22352600739101477,0.2767308386974858,0,1,0.5091114490165275,expansion_late,0
2011-11-18,slowdown_early,slowdown_early,0.3160692763688485,0.32354288968631956,0,1,0.5002649407558052,expansion_late,0
2011-11-25,slowdown_early,slowdown_early,0.3160692763688485,0.32354288968631956,0,0,0.5099263575403166,expansion_late,0
2011-12-02,slowdown_early,recovery_late,0.3160692763688485,0.32461748658165823,0,1,0.5216229794558156,expansion_late,0
2011-12-09,slowdown_early,recovery_late,0.3160692763688485,0.32461748658165823,0,1,0.5127178501425328,expansion_late,0
2011-12-16,expansion_late,expansion_late,0.2744793332090013,0.1895326205279699,0,1,0.5332525083657911,expansion_late,0
2011-12-23,expansion_late,expansion_late,0.2705037416543515,0.17492349407181532,0,1,0.5314437181132834,expansion_late,0
2011-12-30,expansion_early,expansion_early,0.2705037416543515,0.6584657149147763,0,0,0.4919643564235608,expansion_late,0
2012-01-06,recovery_late,recovery_late,0.2705037416543515,0.4307145427924302,0,0,0.4953254575309577,expansion_late,0
2012-01-13,recovery_late,recovery_late,0.2705037416543515,0.3328041411050073,0,0,0.4609048234421698,expansion_late,0
2012-01-20,expansion_early,expansion_early,0.3766105852538738,0.7052500788623686,0,0,0.4301867540006762,expansion_middle,0
2012-01-27,expansion_early,expansion_early,0.3766105852538738,0.7112734053689134,0,0,0.4329969905282295,expansion_middle,0
2012-02-03,expansion_early,expansion_early,0.3766105852538738,0.7283843107029129,0,0,0.41965854546124814,expansion_middle,0
2012-02-10,expansion_early,expansion_early,0.3766105852538738,0.7404263280175817,0,0,0.4238156569090925,expansion_middle,0
2012-02-17,expansion_early,expansion_early,0.4381604715789478,0.8476454854163591,0,0,0.4051926260361499,expansion_middle,0
2012-02-24,expansion_early,expansion_early,0.4381604715789478,0.7305469280588839,0,0,0.4186014191230793,expansion_middle,0
2012-03-02,expansion_early,expansion_early,0.4391627779113232,0.8459864286985602,0,0,0.40716336582205503,expansion_middle,0
2012-03-09,expansion_early,expansion_early,0.4391627779113232,0.8296433364357293,0,0,0.3966784777772073,expansion_middle,0
2012-03-16,expansion_middle,expansion_middle,0.4391627779113232,0.4105517293687697,0,0,0.390378545748447,expansion_middle,0
2012-03-23,expansion_middle,expansion_middle,0.4391627779113232,0.41336527001077994,0,1,0.39928497227729554,expansion_middle,0
2012-03-30,expansion_middle,expansion_middle,0.44462077980901793,0.41336527001077994,0,1,0.39756888193743645,expansion_late,0
2012-04-06,expansion_middle,expansion_middle,0.44462077980901793,0.41336527001077994,0,1,0.40499599272490505,expansion_late,0
2012-04-13,expansion_late,expansion_late,0.44462077980901793,0.0028135406420101996,0,1,0.3963958703889464,expansion_late,0
2012-04-20,slowdown_early,slowdown_early,0.40927514527566844,-0.24275492990848035,0,1,0.3912460456634439,expansion_late,0
2012-04-27,slowdown_early,slowdown_early,0.40927514527566844,-0.24468225102727822,0,1,0.3745676529565541,slowdown_early,0
2012-05-04,slowdown_early,slowdown_early,0.40927514527566844,-0.24956137523198957,0,1,0.36086147911334227,slowdown_early,0
2012-05-11,slowdown_early,slowdown_early,0.40927514527566844,-0.2550568879591018,0,1,0.3649875479463537,slowdown_early,0
2012-05-18,slowdown_early,slowdown_early,0.410711721161667,-0.01453246087130937,0,1,0.37066572309540946,slowdown_early,0
2012-05-25,slowdown_early,slowdown_early,0.410711721161667,-0.01453246087130937,0,1,0.37889701392495523,slowdown_early,0
2012-06-01,slowdown_early,slowdown_early,0.4025981928766908,-0.28553962163805074,0,1,0.38200670265197306,slowdown_early,0
2012-06-08,slowdown_early,slowdown_early,0.4025981928766908,-0.28553962163805074,0,1,0.37526267178281714,slowdown_early,0
2012-06-15,slowdown_early,slowdown_early,0.4025981928766908,-0.00973368564676982,0,0,0.3635655423542959,slowdown_early,0
2012-06-22,slowdown_early,slowdown_early,0.3783194042765858,-0.28553962163805074,0,0,0.3727430656779813,slowdown_early,0
2012-06-29,slowdown_early,slowdown_middle,0.335203616915923,-0.34846263331072663,0,1,0.3829418838597614,slowdown_middle,0
2012-07-06,slowdown_early,slowdown_middle,0.335203616915923,-0.34846263331072663,0,1,0.38558487628301436,slowdown_middle,0
2012-07-13,slowdown_early,slowdown_early,0.34820190956881225,-0.30112362356885397,0,1,0.3970938749264266,slowdown_middle,0
2012-07-20,slowdown_middle,slowdown_middle,0.34820190956881225,-0.38066051359437686,0,1,0.39497266329988734,slowdown_middle,0
2012-07-27,slowdown_early,slowdown_early,0.34820190956881225,-0.2955301553810567,0,2,0.40047618784409067,slowdown_middle,0
2012-08-03,slowdown_early,slowdown_early,0.34820190956881225,-0.23720798667529117,0,2,0.4375648898343916,slowdown_middle,0
2012-08-10,slowdown_early,slowdown_early,0.3701516248649667,-0.2377098673720798,0,2,0.421208718905829,slowdown_late,0
2012-08-17,expansion_late,expansion_late,0.3205617063427253,0.10516980253746709,0,2,0.4436056272218171,slowdown_late,0
2012-08-24,expansion_late,expansion_late,0.3205617063427253,0.05301827828096753,0,2,0.43604053072701227,slowdown_late,0
2012-08-31,expansion_late,slowdown_early,0.3205617063427253,-0.05617535601144784,0,2,0.444161190151554,slowdown_late,0
2012-09-07,slowdown_early,slowdown_early,0.3205617063427253,-0.2608423265761182,0,2,0.44003722831965203,slowdown_late,0
2012-09-14,slowdown_middle,slowdown_middle,0.3205617063427253,-0.43861948594330735,0,2,0.4133404793500766,slowdown_late,0
2012-09-21,slowdown_middle,slowdown_middle,0.31032731310057604,-0.6765965579993081,0,2,0.4086103438880809,slowdown_late,0
2012-09-28,slowdown_middle,slowdown_middle,0.31032731310057604,-0.4443350114251719,0,2,0.40553099576452595,slowdown_late,0
2012-10-05,expansion_late,expansion_late,0.31032731310057604,0.15132098844588715,0,1,0.3678718312028595,slowdown_late,0
2012-10-12,expansion_late,slowdown_early,0.31032731310057604,-0.04185285021581584,0,0,0.3961763654557564,slowdown_middle,0
2012-10-19,expansion_late,slowdown_early,0.2926298377766922,-0.04698043859764447,0,0,0.40303901616743687,slowdown_middle,0
2012-10-26,expansion_late,slowdown_early,0.29302073896856595,-0.04698043859764447,0,0,0.4036143263670775,slowdown_middle,0
2012-11-02,expansion_late,slowdown_early,0.36558955171432317,-0.04698043859764447,0,0,0.38135320252836225,slowdown_early,0
2012-11-09,expansion_late,expansion_late,0.36558955171432317,0.03536433442648272,0,0,0.37107835325200905,slowdown_early,0
2012-11-16,expansion_late,expansion_late,0.36558955171432317,0.20276926654205346,0,1,0.32596406167384767,slowdown_early,0
2012-11-23,expansion_late,expansion_late,0.36558955171432317,0.20276926654205346,0,0,0.27799757009362963,slowdown_early,0
2012-11-30,expansion_late,expansion_late,0.4099512215286194,0.20349362842548707,0,0,0.30669783163219033,expansion_late,0
2012-12-07,expansion_late,expansion_late,0.4099512215286194,0.10372973783472011,0,0,0.31104934074576435,expansion_late,0
2012-12-14,expansion_late,expansion_late,0.4443169824815341,0.22358170020150883,0,0,0.29539350434455636,expansion_late,0
2012-12-21,expansion_middle,expansion_middle,0.4443169824815341,0.4428311558086163,0,0,0.31438989595642525,expansion_middle,0
2012-12-28,expansion_middle,expansion_middle,0.4443169824815341,0.4428311558086163,0,0,0.33635043761735084,expansion_middle,0
2013-01-04,expansion_early,expansion_early,0.4443169824815341,0.5155449882929348,0,0,0.3524127019821601,expansion_middle,0
2013-01-11,expansion_early,expansion_early,0.4579130641269256,0.8848747086329526,0,0,0.3570488935603451,expansion_middle,0
2013-01-18,expansion_early,expansion_early,0.4769365219075109,0.9438032606695487,0,0,0.35058092873724295,expansion_middle,0
2013-01-25,expansion_early,expansion_early,0.4769365219075109,0.9438032606695487,0,0,0.34415287198919975,expansion_middle,0
2013-02-01,expansion_early,expansion_early,0.4579130641269256,0.47325967424408333,0,1,0.4034756827185022,expansion_late,0
2013-02-08,expansion_early,expansion_early,0.4769365219075109,0.5351385782498135,0,1,0.3949744403630011,slowdown_early,0
2013-02-15,expansion_late,expansion_late,0.4810130292699465,0.2447215437106338,0,1,0.3932218581045086,slowdown_late,0
2013-02-22,expansion_late,expansion_late,0.49854985643026944,0.15152766842592047,0,1,0.36606244486886447,slowdown_late,0
2013-03-01,expansion_late,expansion_late,0.49854985643026944,0.15235655243427995,0,1,0.3783537876909024,slowdown_late,0
2013-03-08,expansion_middle,expansion_middle,0.496819618251602,0.385176935720583,0,1,0.3942460076564448,slowdown_late,0
2013-03-15,expansion_middle,slowdown_early,0.496819618251602,0.33838698015015717,0,1,0.39806375794879467,slowdown_late,0
2013-03-22,slowdown_early,slowdown_early,0.4624521541252907,0.30990618079556254,0,1,0.41313304689518293,slowdown_late,0
2013-03-29,expansion_late,expansion_late,0.4624521541252907,0.14444942065437105,0,0,0.40882147068218355,slowdown_late,0
2013-04-05,expansion_late,slowdown_early,0.4624521541252907,-0.017129449130608314,0,0,0.38297663272583254,slowdown_middle,0
2013-04-12,expansion_late,slowdown_early,0.4624521541252907,-0.011789669901149229,0,0,0.3631775811667367,slowdown_middle,0
2013-04-19,slowdown_early,slowdown_early,0.3583138668929638,-0.09327278620160057,0,1,0.37236617062614397,slowdown_middle,0
2013-04-26,slowdown_early,slowdown_early,0.3612759318813915,-0.09335999904316064,0,1,0.380357606230958,slowdown_middle,0
2013-05-03,slowdown_early,slowdown_early,0.3642873779561041,-0.09355752857000624,0,1,0.42727785589477224,slowdown_middle,0
2013-05-10,slowdown_early,slowdown_early,0.3642873779561041,-0.09392392241188936,0,1,0.4397034486005348,slowdown_middle,0
2013-05-17,slowdown_middle,slowdown_middle,0.3479342845853286,-0.41713883652157396,0,2,0.4391279269835219,slowdown_early,0
2013-05-24,slowdown_early,slowdown_early,0.34871989559701927,-0.23641490307706223,0,2,0.437812546918014,slowdown_early,0
2013-05-31,slowdown_early,slowdown_early,0.35284905987664084,-0.11449557306453342,0,2,0.43293885233087376,slowdown_early,0
2013-06-07,slowdown_early,expansion_late,0.35284905987664084,0.0010146892830325148,0,2,0.4241389085917856,slowdown_early,0
2013-06-14,slowdown_early,expansion_late,0.35284905987664084,0.22821312241451577,0,0,0.43899193838577777,slowdown_early,0
2013-06-21,slowdown_early,expansion_late,0.4131633125911444,0.23052563478719018,0,0,0.4151664668240651,expansion_late,0
2013-06-28,slowdown_early,expansion_late,0.4131633125911444,0.2310540291661007,0,0,0.4190670263589767,expansion_late,0
2013-07-05,slowdown_early,expansion_late,0.4131633125911444,0.05376730415800732,0,0,0.41786953661042814,expansion_late,0
2013-07-12,slowdown_early,expansion_late,0.4131633125911444,0.019947202554816065,0,0,0.4063436577545952,expansion_late,0
2013-07-19,slowdown_early,slowdown_early,0.3816396375854654,-0.08995696431564774,0,1,0.42355398478873235,slowdown_early,0
2013-07-26,slowdown_early,slowdown_early,0.3819453788037145,-0.17809806075020326,0,1,0.412179935233288,slowdown_early,0
2013-08-02,slowdown_early,slowdown_early,0.38242355359023966,-0.23704253431107436,0,2,0.40102923534857454,slowdown_early,0
2013-08-09,slowdown_early,slowdown_middle,0.38304522183990686,-0.37468866716522115,0,2,0.4028008025722904,slowdown_early,0
2013-08-16,slowdown_early,slowdown_early,0.3667463971569168,-0.23020950523803316,0,2,0.42614068634924185,slowdown_early,0
2013-08-23,slowdown_early,slowdown_early,0.3491278020720755,-0.09460644097489032,0,2,0.4312834815199329,slowdown_middle,0
2013-08-30,slowdown_early,slowdown_early,0.3494891125249224,-0.09460644097489032,0,1,0.42864478183024257,slowdown_middle,0
2013-09-06,slowdown_early,slowdown_early,0.3494891125249224,-0.09460644097489032,0,1,0.44026983825364047,slowdown_middle,0
2013-09-13,slowdown_early,expansion_late,0.3512711110367199,0.24997966242912792,0,0,0.4613775869861039,slowdown_early,0
2013-09-20,slowdown_early,expansion_late,0.4115387618827825,0.2503176167617,0,0,0.4654782949279115,slowdown_early,0
2013-09-27,slowdown_early,expansion_late,0.4137687475252552,0.25067136446696,0,0,0.4801895181794181,slowdown_early,0
2013-10-04,expansion_early,expansion_early,0.4137687475252552,0.5978186759875859,0,0,0.4961321094382254,expansion_late,0
2013-10-11,expansion_late,expansion_late,0.4165780122737701,0.12880359510403078,0,0,0.4388324674951676,expansion_late,0
2013-10-18,expansion_late,expansion_late,0.36881847099342224,0.12903790580291072,0,0,0.39780012912068385,expansion_late,0
2013-10-25,expansion_late,expansion_late,0.3691111374834593,0.12931963523344278,0,0,0.35727290955838836,expansion_late,0
2013-11-01,expansion_late,expansion_late,0.3691111374834593,0.0438087194907963,0,0,0.3108650329872734,slowdown_early,0
2013-11-08,expansion_late,expansion_late,0.37252847836003483,0.04530416377601356,0,0,0.32879110748248286,slowdown_early,0
2013-11-15,slowdown_early,slowdown_early,0.3823630758121832,-0.1233533346267252,0,0,0.3491081273665788,slowdown_early,0
2013-11-22,slowdown_early,slowdown_early,0.3896414946713443,-0.12337123047726307,0,0,0.36165480653560134,slowdown_early,0
2013-11-29,slowdown_early,slowdown_early,0.3896414946713443,-0.2960200000563909,0,0,0.3988958824784871,slowdown_early,0
2013-12-06,slowdown_early,expansion_late,0.3896414946713443,0.04590114350450085,0,0,0.4252455278594909,slowdown_early,0
2013-12-13,expansion_late,expansion_late,0.3927997257069686,0.0587808985022257,0,0,0.42030973809493855,slowdown_early,0
2013-12-20,expansion_late,expansion_late,0.4764373775017401,0.0787042388408286,0,0,0.37690760302445087,slowdown_early,0
2013-12-27,slowdown_early,slowdown_early,0.4764373775017401,0.3024928973602196,0,0,0.35373781132476206,expansion_late,0
2014-01-03,expansion_late,expansion_late,0.4764373775017401,0.1310426681655052,0,0,0.33672227749707545,expansion_late,0
2014-01-10,expansion_late,expansion_late,0.4764373775017401,0.12831015795587808,0,0,0.3604670390993964,expansion_late,0
2014-01-17,slowdown_middle,slowdown_middle,0.2995055863711105,-0.331539421478718,0,1,0.442629631559194,expansion_late,0
2014-01-24,slowdown_middle,slowdown_middle,0.2995886465885188,-0.331539421478718,0,1,0.444190328290931,slowdown_early,0
2014-01-31,slowdown_middle,slowdown_middle,0.2995886465885188,-0.37735448078259193,0,1,0.4509092830451689,slowdown_early,0
2014-02-07,slowdown_middle,slowdown_middle,0.3005667881183517,-0.37735448078259193,0,1,0.43601429578486073,slowdown_early,0
2014-02-14,slowdown_middle,slowdown_middle,0.30246925094168764,-0.3321098168541989,0,2,0.42040399120485744,slowdown_early,0
2014-02-21,slowdown_early,slowdown_early,0.4137853110682612,-0.052884621121746994,0,1,0.39565425383842207,slowdown_early,0
2014-02-28,expansion_late,expansion_late,0.41404198798902586,0.06993052143183821,0,1,0.39002066234138655,slowdown_early,0
2014-03-07,slowdown_early,slowdown_early,0.4145504085295905,-0.07063664150340399,0,1,0.3779555334652113,slowdown_early,0
2014-03-14,expansion_late,expansion_late,0.41504089139424855,0.17484752238410425,0,0,0.38847949355688116,slowdown_early,0
2014-03-21,expansion_early,expansion_early,0.5597015898061408,0.5225600269155811,0,0,0.35525309204693123,expansion_late,0
2014-03-28,expansion_early,expansion_early,0.5597015898061408,0.5305670838213391,0,0,0.38012583904746766,expansion_late,0
2014-04-04,expansion_early,expansion_early,0.5597015898061408,0.537735230353572,0,0,0.35712514597701683,expansion_late,0
2014-04-11,expansion_early,expansion_early,0.563496386778423,0.6720112111951008,0,0,0.3615613245295486,expansion_middle,0
2014-04-18,expansion_early,expansion_early,0.5386273278595685,0.8561163365338431,0,0,0.3619287236938011,expansion_middle,0
2014-04-25,expansion_early,expansion_early,0.5377593346762326,0.7934655951414208,0,0,0.3537433103228068,expansion_middle,0
2014-05-02,expansion_early,expansion_early,0.5377593346762326,0.6756441156553048,0,0,0.3388529451313102,expansion_middle,0
2014-05-09,expansion_early,expansion_early,0.5377593346762326,0.5339538368067502,0,0,0.32556952435877873,expansion_middle,0
2014-05-16,expansion_middle,expansion_middle,0.5352479615771533,0.45012919203553686,0,0,0.329522027487887,expansion_middle,0
2014-05-23,expansion_middle,expansion_middle,0.5635156093166291,0.3652389027729239,0,0,0.328114056216688,expansion_late,0
2014-05-30,expansion_middle,slowdown_early,0.5635156093166291,0.3389460512734789,0,0,0.36201794249829794,expansion_late,0
2014-06-06,expansion_late,expansion_late,0.5635156093166291,0.08942226667000293,0,0,0.3718446241271227,expansion_late,0
2014-06-13,expansion_late,expansion_late,0.5635156093166291,0.08944791308218072,0,0,0.3579489522479694,expansion_late,0
2014-06-20,slowdown_early,slowdown_early,0.5832143411619337,0.3117601568194446,0,0,0.3657624313773846,expansion_late,0
2014-06-27,slowdown_early,slowdown_early,0.5832143411619337,0.32071211979548914,0,0,0.35903751741295165,expansion_late,0
2014-07-04,slowdown_early,slowdown_early,0.5832143411619337,0.32071211979548914,0,0,0.3564490233649014,expansion_late,0
2014-07-11,slowdown_early,slowdown_early,0.5832143411619337,0.32071211979548914,0,0,0.3658699371858277,expansion_late,0
2014-07-18,slowdown_early,expansion_late,0.5766459523757138,0.24183757791087113,0,0,0.3739598054325374,expansion_late,0
2014-07-25,slowdown_early,expansion_late,0.5766459523757138,0.23878593345105636,0,0,0.38753147647495023,expansion_late,0
2014-08-01,slowdown_early,slowdown_early,0.5766459523757138,0.31755967800594775,0,0,0.38672561746820666,expansion_late,0
2014-08-08,expansion_late,expansion_late,0.5766459523757138,0.08788385738376511,0,0,0.3905359267658417,expansion_late,0
2014-08-15,expansion_late,slowdown_early,0.5766459523757138,-0.003854706964351735,0,0,0.38276469196555585,expansion_late,0
2014-08-22,expansion_late,expansion_late,0.5700902759292826,0.24824412566783113,0,1,0.37677473960162006,expansion_late,0
2014-08-29,expansion_late,expansion_late,0.5751812994574002,0.24824412566783113,0,1,0.3655416249608239,expansion_late,0
2014-09-05,expansion_late,expansion_late,0.5771098470317084,0.10306947759057013,0,1,0.3589074911185649,expansion_late,0
2014-09-12,expansion_late,expansion_late,0.5777717009253749,0.20127914314624737,0,1,0.35709384294919094,expansion_late,0
2014-09-19,expansion_late,expansion_late,0.5146396802894181,0.15092086415495964,0,1,0.3721647097471068,expansion_late,0
2014-09-26,expansion_late,expansion_late,0.5146396802894181,0.15170690033265172,0,1,0.3749275389896222,expansion_late,0
2014-10-03,expansion_late,expansion_late,0.5146396802894181,0.15207734009531781,0,1,0.3771654941165827,expansion_late,0
2014-10-10,expansion_late,expansion_late,0.5146396802894181,0.25974898267703933,0,1,0.3852964570714758,expansion_late,0
2014-10-17,slowdown_early,slowdown_early,0.5115150424367105,0.2974286972847946,0,0,0.39153527952092093,expansion_late,0
2014-10-24,expansion_late,expansion_late,0.5115150424367105,0.1856692463572635,0,0,0.3940527837018377,expansion_late,0
2014-10-31,slowdown_early,slowdown_early,0.598207907808414,0.30345746549322133,0,0,0.3803742055227732,expansion_late,0
2014-11-07,slowdown_early,expansion_late,0.598207907808414,0.04530829138467155,0,0,0.3869704142163364,expansion_late,0
2014-11-14,slowdown_early,slowdown_early,0.598207907808414,0.2665797564116099,0,0,0.3762870617292129,expansion_late,0
2014-11-21,slowdown_early,expansion_late,0.598207907808414,0.24765304003107858,0,0,0.3634492100042067,expansion_late,0
2014-11-28,slowdown_early,expansion_late,0.598207907808414,0.24806755244632148,0,0,0.359001369361207,expansion_late,0
2014-12-05,slowdown_early,expansion_late,0.6703980611898962,0.22756064347475138,0,0,0.3401193147647577,expansion_late,0
2014-12-12,expansion_middle,expansion_middle,0.6813959593535942,0.3766345035228105,0,0,0.33348894867925816,expansion_late,0
2014-12-19,expansion_late,expansion_late,0.6813959593535942,0.21720075315471712,0,0,0.34628114120809717,expansion_late,0
2014-12-26,expansion_late,expansion_late,0.6813959593535942,0.21934256691829468,0,0,0.360503789783001,expansion_late,0
2015-01-02,expansion_late,expansion_late,0.6813959593535942,0.2215406994901318,0,0,0.35353512769832385,expansion_late,0
2015-01-09,expansion_late,expansion_late,0.6741791961042667,0.051252372831406656,0,0,0.3541703484303075,expansion_late,0
2015-01-16,slowdown_early,slowdown_early,0.6741791961042667,-0.140676067951061,0,0,0.3378664245268305,expansion_late,0
2015-01-23,slowdown_early,slowdown_early,0.6741791961042667,-0.13364710505584537,0,1,0.3356529959170589,slowdown_early,0
2015-01-30,slowdown_early,slowdown_early,0.6741791961042667,-0.13364710505584537,0,1,0.33387353327442265,slowdown_early,0
2015-02-06,slowdown_early,slowdown_early,0.6741791961042667,-0.09786469183596354,0,1,0.34558708566027246,slowdown_early,0
2015-02-13,expansion_late,expansion_late,0.6801412668600704,0.16181765004530851,0,1,0.35072520218596,expansion_late,0
2015-02-20,slowdown_early,slowdown_early,0.6801412668600704,-0.017098965890231844,0,1,0.3821835128526325,slowdown_early,0
2015-02-27,slowdown_early,slowdown_early,0.6801412668600704,-0.20121242976623113,0,1,0.3501949645497807,slowdown_early,0
2015-03-06,slowdown_early,slowdown_early,0.6801412668600704,-0.20121242976623113,0,1,0.3207714869777962,slowdown_early,0
2015-03-13,slowdown_early,slowdown_early,0.6473126276447936,-0.36796321416048683,0,1,0.32114214164589366,slowdown_early,0
2015-03-20,slowdown_early,slowdown_early,0.6473126276447936,-0.36796321416048683,0,1,0.3181150732764506,slowdown_early,0
2015-03-27,slowdown_early,slowdown_early,0.6473126276447936,-0.36796321416048683,0,1,0.332706906048836,slowdown_early,0
2015-04-03,slowdown_early,slowdown_early,0.6473126276447936,-0.36796321416048683,0,2,0.3941265995756125,slowdown_middle,0
2015-04-10,slowdown_early,slowdown_early,0.6579885639737729,-0.30340234067034916,0,2,0.4048086924516861,slowdown_middle,0
2015-04-17,slowdown_early,slowdown_early,0.6550853330669015,-0.42864202754368225,0,2,0.40671967354816546,slowdown_middle,0
2015-04-24,slowdown_early,slowdown_early,0.6533615079412441,-0.3048909191700531,0,2,0.3987817783329793,slowdown_middle,0
2015-05-01,slowdown_early,slowdown_early,0.6533615079412441,-0.30654457277086655,0,2,0.39858367620729135,slowdown_middle,0
2015-05-08,slowdown_early,expansion_middle,0.6792604403077058,0.36587873186433517,0,2,0.4052240775035542,slowdown_middle,0
2015-05-15,expansion_late,expansion_late,0.6792604403077058,0.10165292365622593,0,2,0.4224612011720394,slowdown_early,0
2015-05-22,expansion_early,expansion_early,0.6785114948799535,0.4865446320377455,0,2,0.41728256870509245,slowdown_early,0
2015-05-29,expansion_middle,expansion_middle,0.6773183346382903,0.4370278300611269,0,1,0.4107805852589545,slowdown_early,0
2015-06-05,expansion_late,expansion_late,0.6768730563195261,0.12378200228436799,0,1,0.4030677123436021,slowdown_early,0
2015-06-12,expansion_late,slowdown_early,0.6612668898224398,-0.006266791089705134,0,1,0.39448191790515263,slowdown_early,0
2015-06-19,slowdown_early,slowdown_early,0.6612668898224398,-0.1492239126811101,0,2,0.41034845201064224,slowdown_early,0
2015-06-26,slowdown_early,slowdown_early,0.6612668898224398,-0.1213010841228088,0,2,0.4125554168648085,slowdown_early,0
2015-07-03,slowdown_early,slowdown_early,0.6612668898224398,-0.4383587307153665,0,3,0.41539331775420274,slowdown_middle,0
2015-07-10,slowdown_early,slowdown_early,0.6720720515868157,-0.4984728609166844,0,3,0.39820576896973253,slowdown_middle,0
2015-07-17,slowdown_early,slowdown_early,0.6718340490973971,-0.4383587307153665,0,2,0.3926869671090568,slowdown_middle,0
2015-07-24,slowdown_early,slowdown_early,0.6700364323763381,-0.3170576465925577,0,1,0.40102278683352865,slowdown_middle,0
2015-07-31,slowdown_early,slowdown_early,0.645840642562685,-0.46565049991086216,0,2,0.40768998216646946,slowdown_middle,0
2015-08-07,slowdown_early,slowdown_early,0.645840642562685,-0.12534420445056832,0,2,0.42737256313704675,slowdown_middle,0
2015-08-14,slowdown_early,slowdown_early,0.6454396513755551,-0.10067326083989996,0,1,0.4348034919643914,slowdown_early,0
2015-08-21,slowdown_early,slowdown_early,0.6454396513755551,-0.18576173551560815,0,1,0.41464291756242316,slowdown_early,0
2015-08-28,slowdown_early,slowdown_early,0.6454396513755551,-0.14158623003990845,0,0,0.40852747707017495,slowdown_early,0
2015-09-04,slowdown_early,slowdown_early,0.6263093237503853,-0.22988976040095543,0,0,0.4008179031034146,slowdown_early,0
2015-09-11,slowdown_early,slowdown_early,0.6263093237503853,-0.22988976040095543,0,1,0.40265814095657604,slowdown_early,0
2015-09-18,slowdown_early,slowdown_early,0.6263093237503853,-0.3385963341726392,0,2,0.4139986104635395,slowdown_early,0
2015-09-25,slowdown_early,slowdown_early,0.6263093237503853,-0.34431848357725475,0,2,0.41444367266874643,slowdown_early,0
2015-10-02,slowdown_early,slowdown_early,0.6259010087807966,-0.34568613702555157,0,2,0.417957765639971,slowdown_early,0
2015-10-09,slowdown_early,slowdown_early,0.6259010087807966,-0.34568613702555157,0,1,0.41922602620690985,slowdown_middle,0
2015-10-16,slowdown_early,slowdown_early,0.6259010087807966,-0.09067538122114985,0,0,0.4077278483964251,slowdown_early,0
2015-10-23,slowdown_early,slowdown_early,0.6259010087807966,-0.09099803666553052,0,1,0.40751156741805483,slowdown_early,0
2015-10-30,slowdown_early,slowdown_early,0.6230251814014215,-0.01517264498322189,0,1,0.4154969200345805,slowdown_early,0
2015-11-06,slowdown_early,slowdown_early,0.6230251814014215,-0.01517264498322189,0,1,0.4079941830925194,slowdown_early,0
2015-11-13,slowdown_early,slowdown_early,0.6230251814014215,-0.01517264498322189,0,1,0.3946706237610784,slowdown_early,0
2015-11-20,slowdown_early,slowdown_early,0.6230251814014215,-0.08588068440092249,0,1,0.3712548443722102,slowdown_early,0
2015-11-27,slowdown_early,slowdown_early,0.6230251814014215,-0.08588068440092249,0,1,0.3710836627185226,slowdown_middle,0
2015-12-04,slowdown_early,slowdown_early,0.5273894722687182,-0.2681257769716305,0,2,0.39091813164963646,slowdown_middle,0
2015-12-11,slowdown_early,slowdown_early,0.533111038626248,-0.4596407220710227,0,3,0.3772017833593581,slowdown_middle,0
2015-12-18,slowdown_early,slowdown_early,0.5388972895611432,-0.4596407220710227,0,2,0.36436112888451067,slowdown_late,0
2015-12-25,slowdown_early,slowdown_early,0.5388972895611432,-0.44622252335025175,0,2,0.36124943616818167,slowdown_late,0
2016-01-01,slowdown_early,slowdown_early,0.5800437565246622,-0.25833868987558417,0,1,0.3429521710162587,slowdown_late,0
2016-01-08,slowdown_early,slowdown_early,0.58008341229387,-0.25833868987558417,0,1,0.3533340915620094,slowdown_late,0
2016-01-15,slowdown_early,slowdown_early,0.5801230734857291,-0.2603750452556802,0,1,0.3395184794485198,slowdown_late,0
2016-01-22,slowdown_early,slowdown_early,0.5801230734857291,-0.26244375885242854,0,1,0.328137155943717,slowdown_late,0
2016-01-29,slowdown_early,slowdown_early,0.5440145182507579,-0.2460904498114329,0,1,0.33347460159921744,slowdown_late,0
2016-02-05,slowdown_early,slowdown_early,0.5451489957846475,-0.3779392141763983,0,1,0.32167801275475977,slowdown_late,0
2016-02-12,slowdown_early,slowdown_early,0.5468932575037403,-0.49712275061666655,0,2,0.3423252751813586,slowdown_late,0
2016-02-19,slowdown_early,slowdown_early,0.5477695807823578,-0.1480435773788908,0,1,0.34843034154846936,slowdown_late,0
2016-02-26,slowdown_early,slowdown_early,0.5484571658174696,-0.17559227571768718,0,1,0.3478064021253681,slowdown_middle,0
2016-03-04,slowdown_early,slowdown_early,0.4646597029744099,-0.15266072046445064,0,1,0.370477012566793,slowdown_late,0
2016-03-11,slowdown_early,expansion_late,0.4646597029744099,0.0253324232869366,0,1,0.3832614480392671,slowdown_middle,0
2016-03-18,expansion_late,expansion_late,0.4646597029744099,-0.009270376204316559,1,2,0.3673838318942555,slowdown_late,0
2016-03-25,expansion_late,expansion_late,0.4646597029744099,-0.00943904710541563,1,2,0.37446779531865326,slowdown_middle,0
2016-04-01,expansion_late,expansion_late,0.3987480731774908,-0.009466533412362641,1,2,0.3839834744587589,slowdown_middle,0
2016-04-08,expansion_late,expansion_late,0.3987480731774908,-0.015318750771032289,1,2,0.36534096980723996,slowdown_late,0
2016-04-15,slowdown_middle,slowdown_middle,0.3987480731774908,-0.18968259761962797,1,2,0.36924293046185835,slowdown_late,0
2016-04-22,slowdown_early,slowdown_early,0.3987480731774908,-0.16811647978757496,0,1,0.38815527963527846,slowdown_late,0
2016-04-29,slowdown_early,slowdown_early,0.334103763489865,-0.16811647978757496,0,1,0.41326433737179374,slowdown_late,0
2016-05-06,slowdown_early,slowdown_early,0.334103763489865,-0.16811647978757496,0,1,0.40755581379042133,slowdown_late,0
2016-05-13,slowdown_middle,slowdown_middle,0.334103763489865,-0.5011159770088763,0,2,0.377630069462647,slowdown_late,0
2016-05-20,slowdown_middle,slowdown_middle,0.2989977534680142,-0.8003854935242575,0,2,0.34234204369119947,slowdown_late,0
2016-05-27,slowdown_middle,slowdown_middle,0.2989977534680142,-0.5144795904433761,0,2,0.32227003059576304,slowdown_late,0
2016-06-03,slowdown_middle,slowdown_middle,0.2989977534680142,-0.670251809272207,0,2,0.3434073967474658,slowdown_late,0
2016-06-10,slowdown_middle,slowdown_middle,0.2989977534680142,-0.4762373105086613,0,2,0.3775532379208952,slowdown_late,0
2016-06-17,slowdown_middle,slowdown_middle,0.29684313476605234,-0.4989364176737075,0,2,0.4028550801097799,slowdown_late,0
2016-06-24,slowdown_middle,slowdown_middle,0.29684313476605234,-0.3443718405504414,0,1,0.4091020529816798,slowdown_late,0
2016-07-01,slowdown_middle,slowdown_middle,0.29684313476605234,-0.3649334799775385,0,1,0.41019460898494875,slowdown_late,0
2016-07-08,expansion_late,expansion_late,0.29684313476605234,0.10158735472923217,0,0,0.41508118265450394,slowdown_late,0
2016-07-15,expansion_early,expansion_early,0.29684313476605234,0.6894433122265011,0,0,0.4406167959059392,slowdown_middle,0
2016-07-22,expansion_early,expansion_early,0.32191634297398053,0.6894433122265011,0,0,0.444338184392304,slowdown_middle,0
2016-07-29,expansion_early,expansion_early,0.32191634297398053,0.6894433122265011,0,0,0.4252044938652039,slowdown_early,0
2016-08-05,recovery_late,recovery_late,0.32191634297398053,0.435790968878078,0,0,0.40874389090448043,slowdown_early,0
2016-08-12,expansion_late,expansion_late,0.32191634297398053,0.23511131859829107,0,0,0.3901523135629632,slowdown_early,0
2016-08-19,expansion_late,expansion_late,0.3043891516306648,0.18673402280138746,0,0,0.383698897717047,slowdown_early,0
2016-08-26,expansion_late,expansion_late,0.3043891516306648,0.18673402280138746,0,0,0.3802452863344389,slowdown_early,0
2016-09-02,slowdown_early,slowdown_early,0.27278502523982795,-0.20553067772241862,0,0,0.3864964420647307,slowdown_early,0
2016-09-09,slowdown_early,slowdown_early,0.27278502523982795,-0.04050675211221951,0,0,0.3914505206581345,slowdown_early,0
2016-09-16,slowdown_early,slowdown_early,0.3287826347902295,-0.04050675211221951,0,0,0.39455937119409695,slowdown_early,0
2016-09-23,slowdown_early,slowdown_early,0.35922746164860164,-0.10104368545811404,0,0,0.40639447461055306,slowdown_early,0
2016-09-30,slowdown_early,expansion_late,0.35922746164860164,0.031212874498042765,0,0,0.4189835558017358,slowdown_early,0
2016-10-07,slowdown_early,slowdown_early,0.35922746164860164,0.25994976272882164,0,0,0.4345741732825655,slowdown_early,0
2016-10-14,slowdown_early,expansion_late,0.35922746164860164,0.031212874498042765,0,0,0.4440263528992674,expansion_late,0
2016-10-21,expansion_late,expansion_late,0.33205792353576125,0.12085786457489726,0,0,0.43595140117564213,expansion_late,0
2016-10-28,expansion_late,expansion_late,0.33205792353576125,0.18642994330001425,0,0,0.42443123977188923,expansion_late,0
2016-11-04,expansion_late,expansion_late,0.33205792353576125,0.12085786457489726,0,1,0.3998766721170559,expansion_late,0
2016-11-11,expansion_late,expansion_late,0.33205792353576125,0.022819217501738463,0,1,0.4011087528106013,slowdown_early,0
2016-11-18,slowdown_early,slowdown_early,0.29956950706768115,-0.284761630814766,0,2,0.4337339717896544,slowdown_early,0
2016-11-25,slowdown_early,slowdown_early,0.29956950706768115,-0.284761630814766,0,2,0.4437063138909872,slowdown_early,0
2016-12-02,slowdown_early,slowdown_early,0.3521669724350988,-0.284761630814766,0,2,0.4434003369681892,slowdown_early,0
2016-12-09,slowdown_early,slowdown_early,0.3521669724350988,-0.284761630814766,0,1,0.4441484311908613,slowdown_early,0
2016-12-16,slowdown_early,slowdown_early,0.3521669724350988,-0.3169197771820758,0,1,0.42068302301704164,slowdown_early,0
2016-12-23,slowdown_early,expansion_late,0.3733526912953431,0.2052635693569404,0,0,0.41286644749369433,slowdown_early,0
2016-12-30,slowdown_early,slowdown_early,0.4076640447400586,0.2877041874476605,0,0,0.3941781351555797,slowdown_early,0
2017-01-06,slowdown_early,slowdown_early,0.4076640447400586,0.28811312398292227,0,0,0.39051652632297135,expansion_late,0
2017-01-13,expansion_early,expansion_early,0.4076640447400586,0.52437585286278,0,0,0.39573103120758973,expansion_late,0
2017-01-20,expansion_early,expansion_early,0.5365654210845383,0.5838605703391917,0,0,0.3823439286081979,expansion_late,0
2017-01-27,slowdown_early,slowdown_early,0.5365654210845383,0.28667008823960544,0,0,0.38460986452432466,expansion_late,0
2017-02-03,expansion_early,expansion_early,0.5365654210845383,0.485026392363234,0,0,0.38032090285259534,expansion_late,0
2017-02-10,expansion_early,expansion_early,0.5365654210845383,0.485026392363234,0,0,0.3891832023655232,expansion_late,0
2017-02-17,slowdown_early,slowdown_early,0.4995471566452605,0.3358823849798189,0,1,0.3911742290309637,expansion_late,0
2017-02-24,expansion_late,expansion_late,0.4995471566452605,0.19835630412362856,0,1,0.40451552707419514,expansion_late,0
2017-03-03,expansion_middle,expansion_middle,0.4995471566452605,0.4456871470229933,0,1,0.41961505288295226,expansion_late,0
2017-03-10,expansion_middle,expansion_middle,0.4995471566452605,0.4456871470229933,0,1,0.41382914382406916,expansion_late,0
2017-03-17,expansion_middle,expansion_middle,0.49394556778146076,0.4456871470229933,0,1,0.4455975815716518,expansion_late,0
2017-03-24,expansion_middle,expansion_middle,0.49394556778146076,0.4456871470229933,0,1,0.4563766510005783,expansion_late,0
2017-03-31,expansion_middle,expansion_middle,0.5474124561222377,0.4256090595261093,0,1,0.42783536424394353,expansion_late,0
2017-04-07,expansion_early,expansion_early,0.5474124561222377,0.5504052581682363,0,1,0.44990002787837036,expansion_late,0
2017-04-14,expansion_early,expansion_early,0.545217606172038,0.5512870865215583,0,2,0.4552618042533292,expansion_late,0
2017-04-21,expansion_early,expansion_early,0.545217606172038,0.4994723667757029,0,2,0.48416713500591724,expansion_late,0
2017-04-28,expansion_late,expansion_late,0.545217606172038,0.16011656672401892,0,2,0.48322057559813375,expansion_late,0
2017-05-05,expansion_late,expansion_late,0.545217606172038,0.06577939049791554,0,1,0.4636657379490699,expansion_late,0
2017-05-12,slowdown_early,slowdown_early,0.5426983523051422,-0.0811939371143205,0,1,0.4569473825861598,expansion_late,0
2017-05-19,slowdown_early,slowdown_early,0.5426983523051422,-0.0811939371143205,0,1,0.47349189323638313,expansion_late,0
2017-05-26,expansion_late,expansion_late,0.5426983523051422,0.1268474200477359,0,1,0.47771824346168357,expansion_late,0
2017-06-02,slowdown_early,slowdown_early,0.5426983523051422,-0.0811939371143205,0,1,0.4309683712824016,expansion_late,0
2017-06-09,slowdown_early,slowdown_early,0.5397042926612448,-0.09495922191265838,0,1,0.4057755088702139,expansion_late,0
2017-06-16,slowdown_early,slowdown_early,0.5397042926612448,-0.09495922191265838,0,1,0.38119125596863823,expansion_late,0
2017-06-23,slowdown_early,slowdown_early,0.5397042926612448,-0.09495922191265838,0,1,0.3471429794612224,slowdown_early,0
2017-06-30,slowdown_early,slowdown_early,0.5397042926612448,-0.09495922191265838,0,1,0.35689530644985096,slowdown_early,0
2017-07-07,slowdown_early,slowdown_early,0.5397042926612448,-0.05156854831273571,0,1,0.3400334918229871,slowdown_early,0
2017-07-14,slowdown_early,slowdown_early,0.5335996510572932,0.26450453780676736,0,0,0.314955861670585,slowdown_early,0
2017-07-21,slowdown_early,slowdown_early,0.5335996510572932,-0.07083976425155085,0,0,0.3204830948651685,slowdown_early,0
2017-07-28,slowdown_early,slowdown_early,0.5335996510572932,-0.15738003139494475,0,0,0.3107625081514346,slowdown_early,0
2017-08-04,slowdown_early,slowdown_early,0.5335996510572932,-0.10564934543774189,0,0,0.3207667223418651,slowdown_early,0
2017-08-11,slowdown_early,slowdown_early,0.518574019915741,-0.1385827080702272,0,0,0.32429941050091854,slowdown_early,0
2017-08-18,slowdown_early,slowdown_early,0.518574019915741,-0.3664574411360294,0,1,0.32839710607896455,slowdown_middle,0
2017-08-25,slowdown_early,slowdown_early,0.518574019915741,-0.3664574411360294,0,1,0.3310613739697681,slowdown_middle,0
2017-09-01,slowdown_early,slowdown_early,0.518574019915741,-0.29787525572181045,0,1,0.32747357947428823,slowdown_middle,0
2017-09-08,slowdown_middle,slowdown_middle,0.49204138634934513,-0.7218660342730812,0,2,0.3355206204122019,slowdown_middle,0
2017-09-15,slowdown_middle,slowdown_middle,0.3505602161517946,-0.546534483459146,0,2,0.36267976872683266,slowdown_middle,0
2017-09-22,slowdown_early,slowdown_early,0.49204138634934513,-0.3780683261932076,0,1,0.35737673119378927,slowdown_middle,0
2017-09-29,slowdown_early,slowdown_early,0.49204138634934513,-0.3780683261932076,0,1,0.3760192080105237,slowdown_middle,0
2017-10-06,slowdown_early,slowdown_early,0.49204138634934513,-0.3780683261932076,0,1,0.3384985351533385,slowdown_middle,0
2017-10-13,slowdown_early,slowdown_early,0.5039005988816702,-0.052170888916716195,0,1,0.31694178263845135,slowdown_early,0
2017-10-20,slowdown_early,slowdown_early,0.5089067510473282,-0.052170888916716195,0,1,0.2652735171041136,slowdown_early,0
2017-10-27,expansion_late,expansion_late,0.5089067510473282,0.12064209384869656,0,1,0.28329152625617776,slowdown_early,0
2017-11-03,expansion_early,expansion_early,0.5089067510473282,0.9904348231433215,0,0,0.2970840317178492,expansion_late,0
2017-11-10,expansion_early,expansion_early,0.5089067510473282,1.0667445415604038,0,0,0.29343503553649725,expansion_late,0
2017-11-17,expansion_early,expansion_early,0.6017680769150329,0.6593109098171825,0,0,0.2661032486164299,expansion_middle,0
2017-11-24,expansion_early,expansion_early,0.6017680769150329,0.6604187221871095,0,0,0.27210456251686205,expansion_middle,0
2017-12-01,expansion_early,expansion_early,0.5558413137838786,0.5779660750430071,0,0,0.2930495256288864,expansion_middle,0
2017-12-08,expansion_early,expansion_early,0.5448125290098509,0.5779660750430071,0,0,0.2955302824845069,expansion_middle,0
2017-12-15,expansion_late,expansion_late,0.6017680769150329,0.23871682710792894,0,0,0.2825488175937546,expansion_middle,0
2017-12-22,expansion_middle,expansion_middle,0.6511687905610514,0.412497085119069,0,0,0.27572555720623027,expansion_middle,0
2017-12-29,expansion_late,expansion_late,0.5791294716079232,0.22141230794401898,0,0,0.2785573004588813,expansion_late,0
2018-01-05,expansion_late,expansion_late,0.5329816732421708,0.22141230794401898,0,0,0.28317581292008365,expansion_late,0
2018-01-12,expansion_late,expansion_late,0.4546193769324342,0.17378025801114008,0,1,0.299563073594278,expansion_late,0
2018-01-19,slowdown_early,slowdown_early,0.47310796428147867,-0.15856620833320445,0,1,0.3020412551506128,expansion_late,0
2018-01-26,slowdown_early,slowdown_early,0.5790087462089814,-0.08683463293444246,0,1,0.28814675229300535,slowdown_early,0
2018-02-02,slowdown_early,slowdown_early,0.5803970534610174,-0.15915046921579945,0,1,0.2588679805345907,slowdown_early,0
2018-02-09,expansion_late,expansion_late,0.5817920342893196,0.07561623429940019,0,1,0.2910356634600284,slowdown_early,0
2018-02-16,slowdown_early,slowdown_early,0.4928898044585515,-0.09816402371173989,0,2,0.3099180873488667,slowdown_early,0
2018-02-23,expansion_late,expansion_late,0.4928898044585515,0.13031897027102082,0,2,0.32187553590243023,slowdown_early,0
2018-03-02,expansion_late,expansion_late,0.4928898044585515,0.13057511402759556,0,2,0.3403460613308001,slowdown_early,0
2018-03-09,expansion_late,expansion_late,0.49376844152220917,0.1308322666754237,0,2,0.33324055981838097,slowdown_early,0
2018-03-16,expansion_late,expansion_late,0.49376844152220917,0.22938293586408967,0,2,0.3363197200713683,slowdown_early,0
2018-03-23,expansion_early,expansion_early,0.49376844152220917,0.7039842514338969,0,2,0.3139518933298935,slowdown_early,0
2018-03-30,expansion_middle,expansion_middle,0.49376844152220917,0.40471476521844,0,1,0.3063588146645318,slowdown_early,0
2018-04-06,slowdown_early,slowdown_early,0.49376844152220917,-0.014314366455907728,0,1,0.30238238272603846,slowdown_early,0
2018-04-13,slowdown_early,slowdown_early,0.4766134688714523,-0.15098636103515012,0,0,0.28503057478788685,slowdown_early,0
2018-04-20,slowdown_early,slowdown_early,0.6263610678637743,-0.3016237215950085,0,1,0.24999025032376337,slowdown_early,0
2018-04-27,slowdown_early,slowdown_early,0.6263610678637743,-0.30665935448846215,0,1,0.27888878672262013,slowdown_early,0
2018-05-04,slowdown_early,slowdown_early,0.5872709165358171,-0.2266343546745351,0,1,0.32855630557847826,slowdown_early,0
2018-05-11,slowdown_early,expansion_late,0.5872709165358171,0.04539994244752518,0,1,0.3692772729410409,expansion_late,0
2018-05-18,slowdown_early,expansion_late,0.4961598476863856,0.04546162487632051,0,0,0.41870307713075733,expansion_late,0
2018-05-25,slowdown_early,expansion_late,0.4961598476863856,0.04572256895122424,0,0,0.39934404297429005,expansion_late,0
2018-06-01,slowdown_early,expansion_late,0.4961598476863856,0.04620444056710916,0,0,0.3854689654583713,expansion_late,0
2018-06-08,expansion_late,expansion_late,0.4926517713133127,0.09452612595728037,0,0,0.377708615422982,expansion_late,0
2018-06-15,slowdown_early,slowdown_early,0.5246940109782188,0.318123008081353,0,1,0.3764604540715894,expansion_late,0
2018-06-22,slowdown_early,slowdown_early,0.555472651629911,0.3190174681355599,0,1,0.3904141141006602,expansion_late,0
2018-06-29,slowdown_early,slowdown_early,0.5563154400908426,0.3359186407797785,0,1,0.3887987928742441,expansion_late,0
2018-07-06,slowdown_early,slowdown_early,0.5596348206298815,0.28138478393202554,0,1,0.38619557970028934,expansion_late,0
2018-07-13,slowdown_early,slowdown_early,0.5636261243101088,-0.13981562955679078,0,1,0.3962290207181924,expansion_late,0
2018-07-20,slowdown_early,slowdown_early,0.5648041746302465,0.33379442713883395,0,2,0.4136785966562153,expansion_late,0
2018-07-27,slowdown_early,slowdown_early,0.5675944186521668,0.29127279878357876,0,2,0.4241211023298331,expansion_late,0
2018-08-03,expansion_early,expansion_early,0.5697692956249196,0.67999574930528,0,2,0.4407187552542136,expansion_late,0
2018-08-10,expansion_early,expansion_early,0.570809225487508,0.6886597093845819,0,2,0.443908768886495,expansion_late,0
2018-08-17,expansion_early,expansion_early,0.675137547270445,0.6299282068716704,0,2,0.4365446107017315,expansion_late,0
2018-08-24,expansion_middle,expansion_middle,0.675579453314316,0.3909167152613214,0,2,0.43857648336797306,expansion_late,0
2018-08-31,expansion_early,expansion_early,0.675657170804228,0.5691622390633894,0,2,0.42807691338277815,expansion_late,0
2018-09-07,expansion_early,expansion_early,0.675657170804228,0.5691622390633894,0,1,0.43990418498277406,expansion_late,0
2018-09-14,expansion_early,expansion_early,0.6760027453974331,0.5691622390633894,0,1,0.44788587763591126,expansion_late,0
2018-09-21,expansion_middle,expansion_middle,0.6422920989065696,0.4333196626826881,0,2,0.46772109397507705,expansion_late,0
2018-09-28,expansion_late,expansion_late,0.6429778140917617,0.17824552380206804,0,2,0.4768046970522862,expansion_late,0
2018-10-05,slowdown_early,slowdown_early,0.6436649949896622,-0.40147509969827383,0,3,0.48027531166521686,slowdown_early,0
2018-10-12,slowdown_early,slowdown_early,0.6436649949896622,-0.40147509969827383,0,3,0.47133392963211584,slowdown_early,0
2018-10-19,slowdown_early,slowdown_early,0.5703315205852325,-0.40147509969827383,0,3,0.4652324425623607,slowdown_early,0
2018-10-26,slowdown_early,slowdown_middle,0.5708566709607317,-0.5814056266912164,0,3,0.44049358509166403,slowdown_early,0
2018-11-02,slowdown_middle,slowdown_middle,0.5708566709607317,-0.8591311845079309,0,3,0.42697050338429937,slowdown_middle,0
2018-11-09,slowdown_middle,slowdown_middle,0.5712939314992344,-0.8020542717303507,0,3,0.40622156678769344,slowdown_middle,0
2018-11-16,slowdown_middle,slowdown_middle,0.5719419423824786,-0.8020542717303507,0,3,0.37513757854123386,slowdown_late,0
2018-11-23,slowdown_middle,slowdown_middle,0.5442999418877498,-0.8020542717303507,0,3,0.3399032184504273,slowdown_late,0
2018-11-30,slowdown_middle,slowdown_middle,0.5455006340496639,-0.6449840004125293,0,2,0.25378633237454,slowdown_late,0
2018-12-07,slowdown_middle,slowdown_middle,0.4517679003240987,-0.5579774403235793,0,2,0.2638587994036862,slowdown_late,0
2018-12-14,slowdown_early,slowdown_early,0.49490642235034193,-0.3098832159798164,0,1,0.25975650562306896,slowdown_late,0
2018-12-21,slowdown_middle,slowdown_middle,0.4728005888162113,-0.6972674205402264,0,3,0.30559113251429626,slowdown_late,0
2018-12-28,slowdown_middle,slowdown_middle,0.5090491790456515,-0.6972674205402264,0,3,0.2985539268513156,slowdown_late,0
2019-01-04,slowdown_middle,slowdown_middle,0.38880946930694565,-0.4331174357654545,0,2,0.41818262046924254,slowdown_late,0
2019-01-11,slowdown_middle,slowdown_middle,0.39412352413201485,-0.4331174357654545,0,2,0.47006418444947656,slowdown_late,0
2019-01-18,slowdown_late,slowdown_late,0.30952028001541276,-1.528415116640188,0,2,0.5484765564809893,slowdown_late,0
2019-01-25,slowdown_late,slowdown_late,0.3102141873240675,-1.1744626329377013,0,2,0.5246638922498463,slowdown_late,0
2019-02-01,slowdown_middle,slowdown_middle,0.3102141873240675,-0.7574686623199337,0,2,0.49943595929772344,slowdown_late,0
2019-02-08,slowdown_late,slowdown_late,0.3102141873240675,-1.031803219332979,0,3,0.5377908291209799,slowdown_late,0
2019-02-15,slowdown_middle,slowdown_middle,0.3102141873240675,-0.8312080477440612,0,2,0.5196183481834596,slowdown_late,0
2019-02-22,slowdown_late,slowdown_late,0.1389891258405562,-0.8312080477440612,0,3,0.5887160467733159,slowdown_late,0
2019-03-01,slowdown_late,slowdown_late,0.1390107520821465,-0.8373464942977795,0,4,0.6201127001273522,slowdown_late,0
2019-03-08,slowdown_late,slowdown_late,0.1390107520821465,-0.8373464942977795,0,4,0.578445051426774,slowdown_late,0
2019-03-15,slowdown_late,slowdown_late,0.15827270695199952,-0.8373464942977795,0,3,0.5600405473856167,slowdown_late,0
2019-03-22,slowdown_late,slowdown_late,0.11365701831057358,-0.8373464942977795,0,3,0.5568726556848571,slowdown_late,0
2019-03-29,slowdown_middle,slowdown_middle,0.22124538028308313,-0.45367429488058003,0,3,0.5012259737555935,slowdown_late,0
2019-04-05,expansion_late,expansion_late,0.3617399713250926,0.02141859921878289,0,2,0.4563471277414301,slowdown_late,0
2019-04-12,slowdown_early,slowdown_early,0.3774446161271944,0.31916636192787035,0,2,0.38911511669740034,slowdown_middle,0
2019-04-19,slowdown_middle,slowdown_middle,0.37826187156309016,-0.4100598106003636,0,3,0.41277441106261964,slowdown_middle,0
2019-04-26,slowdown_early,slowdown_early,0.37888276891889044,-0.28654655094445874,0,2,0.3957388606883169,slowdown_middle,0
2019-05-03,slowdown_middle,slowdown_middle,0.37888276891889044,-0.4112121887640265,0,3,0.3611245171652196,slowdown_late,0
2019-05-10,slowdown_middle,slowdown_middle,0.3238800959277601,-0.5586344684934597,0,4,0.45560228002353664,slowdown_late,0
2019-05-17,slowdown_late,slowdown_late,0.13754837973805067,-1.0031784185182457,0,4,0.5183005781095552,slowdown_late,0
2019-05-24,slowdown_middle,slowdown_middle,0.22255011004342912,-0.7658339518798039,0,4,0.48640496743703593,slowdown_late,0
2019-05-31,slowdown_late,slowdown_late,0.2501080739300441,-1.0031784185182457,0,4,0.43502334059645387,slowdown_late,0
2019-06-07,slowdown_late,slowdown_late,0.27467632618363796,-1.0031784185182457,0,4,0.42687314534296456,slowdown_late,0
2019-06-14,slowdown_late,slowdown_late,0.020266767462109838,-0.8496369241862827,0,2,0.5251150362902736,slowdown_late,0
2019-06-21,slowdown_late,slowdown_late,-0.014055605469707215,-0.8496369241862827,0,2,0.53377282681896,slowdown_late,0
2019-06-28,slowdown_middle,slowdown_middle,-0.014055605469707215,-0.559598113227737,0,2,0.43976612648086805,slowdown_late,0
2019-07-05,slowdown_middle,slowdown_middle,-0.014074718708039577,-0.28250023613505576,0,1,0.38776740252889086,slowdown_late,0
2019-07-12,slowdown_middle,slowdown_middle,-0.014093883998675822,-0.5332955874905484,0,2,0.42249861612266176,slowdown_late,0
2019-07-19,slowdown_late,slowdown_late,0.04019240465739848,-0.8115760886610689,0,3,0.3514454235362904,slowdown_late,0
2019-07-26,slowdown_middle,slowdown_middle,0.2376222855164604,-0.2740424560517349,0,2,0.3575641065444902,slowdown_late,0
2019-08-02,slowdown_middle,slowdown_middle,0.31693482853930943,-0.5332955874905484,0,3,0.3195467257797405,slowdown_late,0
2019-08-09,slowdown_middle,slowdown_middle,0.32208851981837316,-0.45804319817948175,0,3,0.360735380280844,slowdown_late,0
2019-08-16,slowdown_middle,slowdown_middle,0.3231602472674741,-0.45804319817948175,0,3,0.3312198042815261,slowdown_late,0
2019-08-23,slowdown_early,slowdown_early,0.32317738336434726,-0.21899214307044623,0,2,0.3002376290833295,slowdown_middle,0
2019-08-30,slowdown_early,slowdown_early,0.2422577580539318,-0.09255501082695536,0,1,0.39112391780373235,slowdown_middle,0
2019-09-06,expansion_late,expansion_late,0.09891366881513343,0.0774769927696515,0,0,0.4412499199759562,slowdown_early,0
2019-09-13,recovery_late,recovery_late,0.24136611106446923,0.34039759372965434,0,0,0.3960492900446495,slowdown_early,0
2019-09-20,expansion_late,expansion_late,0.26265358278216844,-0.020525080399098974,0,1,0.3215827468967288,slowdown_early,0
2019-09-27,expansion_late,expansion_late,0.3186147717738182,-0.020525080399098974,0,1,0.30599282274544315,slowdown_middle,0
2019-10-04,slowdown_early,slowdown_early,0.3186147717738182,-0.09540124611180768,0,1,0.293191151778891,slowdown_middle,0
2019-10-11,slowdown_middle,slowdown_middle,0.2514963965620999,-0.6876377447856937,0,2,0.32060210429226216,slowdown_late,0
2019-10-18,slowdown_late,slowdown_late,-0.04291578595930947,-1.1591232815993568,1,3,0.41365642477199666,slowdown_late,0
2019-10-25,slowdown_late,slowdown_late,-0.1625562872672416,-0.9716945719676148,1,3,0.3912254124121101,slowdown_late,0
2019-11-01,slowdown_late,slowdown_late,-0.35178513226616565,-1.0708253205037779,1,3,0.36393942276965124,slowdown_late,0
2019-11-08,slowdown_late,slowdown_late,-0.3919880105297672,-2.016567125755318,1,3,0.3304731224732352,slowdown_late,0
2019-11-15,slowdown_late,slowdown_late,-0.7900879539125113,-2.727722573402298,2,3,0.2940843559368163,slowdown_late,0
2019-11-22,slowdown_late,slowdown_late,-0.6929165052717823,-1.6154129474510996,2,3,0.4276036457578633,slowdown_late,0
2019-11-29,slowdown_late,slowdown_late,-0.6929165052717823,-1.6154129474510996,2,3,0.46259814469209637,slowdown_late,0
2019-12-06,slowdown_late,slowdown_late,-0.6929165052717823,-1.6154129474510996,2,2,0.5273710095012946,slowdown_late,0
2019-12-13,slowdown_late,slowdown_late,-0.6929165052717823,-0.4777834004613257,2,2,0.5843860249528058,slowdown_late,0
2019-12-20,slowdown_late,slowdown_late,-0.705036851349747,-0.4792993637258034,2,2,0.5901771750538182,slowdown_late,0
2019-12-27,slowdown_late,slowdown_late,-0.705036851349747,-0.48110109844809706,2,2,0.6150477897066611,slowdown_late,0
2020-01-03,slowdown_late,slowdown_late,-0.705036851349747,-1.1827623494723842,2,3,0.6606204636933168,slowdown_late,0
2020-01-10,slowdown_late,slowdown_late,-0.705036851349747,-0.30622684562063507,2,1,0.6448924004096099,slowdown_late,0
2020-01-17,slowdown_late,slowdown_late,-1.141337824210892,-2.4358028091121393,2,3,0.5333499805502346,slowdown_late,0
2020-01-24,slowdown_late,slowdown_late,-1.141337824210892,-2.4358028091121393,2,3,0.5276981808401383,slowdown_late,0
2020-01-31,slowdown_late,slowdown_late,-1.141337824210892,-0.8559762348838561,2,2,0.45705376551813737,slowdown_late,0
2020-02-07,slowdown_late,slowdown_late,-1.141337824210892,0.153265942946166,2,2,0.41273801010880345,slowdown_late,0
2020-02-14,recovery_early,recovery_early,-1.141337824210892,0.3991775085907652,2,2,0.3873081482446037,slowdown_late,0
2020-02-21,recovery_early,recovery_early,-1.0654432398426978,0.4005753458119747,2,2,0.3439893485472448,recovery_early,0
2020-02-28,recovery_early,recovery_early,-1.0654432398426978,0.4592349202085755,2,2,0.3714462865769042,recovery_early,0
2020-03-06,recovery_early,recovery_early,-1.063670681593558,0.30545933585997176,2,2,0.38439691589372904,recovery_early,1
2020-03-13,recovery_early,recovery_early,-1.0619040114932856,1.0112144566736239,2,2,0.409807737578229,recovery_early,1
2020-03-20,slowdown_late,slowdown_late,-3.29418666137272,-9.882960281705467,2,3,0.41374447594887115,contraction_late,1
2020-03-27,slowdown_late,slowdown_late,-3.29418666137272,-12.891827888175015,2,3,0.7633960095148249,contraction_middle,1
2020-04-03,contraction_late,contraction_late,-3.291352008769633,-12.891827888175015,3,4,0.7802411609761579,contraction_middle,1
2020-04-10,contraction_late,contraction_late,-5.9440585627753,-28.6531837978397,4,4,0.6671069149746863,contraction_middle,1
2020-04-17,contraction_late,contraction_late,-10.647393637986063,-64.63316475915221,4,4,0.5382902372993292,contraction_middle,1
2020-04-24,contraction_late,contraction_late,-10.647393637986063,-64.63316475915221,4,4,0.5179785068010861,contraction_middle,1
2020-05-01,contraction_late,contraction_late,-10.645932705144798,-64.63316475915221,4,4,0.44530426511476107,contraction_middle,0
2020-05-08,contraction_late,contraction_late,-10.644472173158805,-60.54922391633657,4,4,0.4341875694602313,contraction_middle,0
2020-05-15,contraction_late,contraction_late,-10.644472173158805,-45.91126910642125,4,4,0.3992822294794989,contraction_middle,0
2020-05-22,contraction_late,contraction_late,-6.2639057658663315,-19.941486922534565,4,4,0.44041348958355275,contraction_late,0
2020-05-29,contraction_late,contraction_late,-6.059086282101569,-13.508145678725354,4,4,0.43548718383915036,contraction_late,0
2020-06-05,contraction_late,contraction_late,-6.059086282101569,-12.015548054370411,4,3,0.40723283906302454,recovery_early,0
2020-06-12,recovery_early,recovery_early,-6.043546864330189,25.96978218388669,4,1,0.406833457212264,recovery_early,0
2020-06-19,recovery_early,recovery_early,-2.92656107819999,57.09703103072148,4,1,0.5366823144737443,recovery_middle,0
2020-06-26,recovery_early,recovery_early,-2.92656107819999,47.101944098611504,4,0,0.5182477186870137,recovery_late,0
2020-07-03,recovery_early,recovery_early,-2.5636765231567837,38.10333966204548,4,0,0.5442455644501434,recovery_late,0
2020-07-10,recovery_early,recovery_early,-1.9849913859728225,46.7397222233425,4,0,0.5467536372594332,recovery_late,0
2020-07-17,recovery_early,recovery_early,-1.7249063093964734,29.742775998952784,3,0,0.6453663047864268,recovery_late,0
2020-07-24,recovery_early,recovery_early,-1.7249063093964734,29.67247215534334,3,0,0.6343227889727399,recovery_late,0
2020-07-31,recovery_early,recovery_early,-1.5927974843950874,29.67247215534334,3,0,0.6447062439952884,recovery_late,0
2020-08-07,recovery_early,recovery_early,-1.5927974843950874,14.28168074450073,3,0,0.6315359894652762,recovery_late,0
2020-08-14,recovery_early,recovery_early,-1.5182077597046613,11.743327928278065,3,0,0.636661099302787,recovery_late,0
2020-08-21,recovery_early,recovery_early,-1.220656775323485,11.71483001100659,3,0,0.6077281566052448,recovery_late,0
2020-08-28,recovery_early,recovery_early,-1.220656775323485,11.388119837098857,3,0,0.5883325048055322,recovery_late,0
2020-09-04,recovery_early,recovery_early,-1.217439546525181,10.517943497023865,3,0,0.6095651590360729,recovery_late,0
2020-09-11,recovery_early,recovery_early,-1.217439546525181,5.328767818475932,3,0,0.6174976983825384,recovery_middle,0
2020-09-18,recovery_early,recovery_early,-1.1475306036648418,5.328767818475932,3,0,0.5962692327141239,recovery_middle,0
2020-09-25,recovery_early,recovery_early,-1.1475306036648418,5.113122850935145,3,0,0.587761207829691,recovery_middle,0
2020-10-02,recovery_early,recovery_early,-1.1475306036648418,6.271017660756567,2,0,0.606432883362183,recovery_middle,0
2020-10-09,recovery_early,recovery_early,-1.0419297744870795,6.261219090240788,2,0,0.6041454461816717,recovery_middle,0
2020-10-16,recovery_early,recovery_early,-1.0411354790650496,6.244610439418987,2,0,0.584782927659486,recovery_middle,0
2020-10-23,recovery_early,recovery_early,-0.8607601456774073,5.964790939045764,2,0,0.6028485933502311,recovery_middle,0
2020-10-30,recovery_early,recovery_early,-0.8607601456774073,5.753711115041023,2,0,0.5194451758090399,recovery_middle,0
2020-11-06,recovery_early,recovery_early,-0.8607601456774073,3.692283501285403,2,0,0.49811456022313966,recovery_middle,0
2020-11-13,recovery_early,recovery_early,-0.8607601456774073,5.509850175527727,2,1,0.4803897508773425,recovery_middle,0
2020-11-20,recovery_middle,recovery_middle,-0.722475405354022,5.509850175527727,2,1,0.48204033848746697,recovery_late,0
2020-11-27,recovery_middle,recovery_middle,-0.722475405354022,3.806883159300588,2,1,0.46656624545920017,recovery_middle,0
2020-12-04,recovery_middle,recovery_middle,-0.722475405354022,2.4337675389225946,2,1,0.46886094981089976,recovery_late,0
2020-12-11,recovery_middle,recovery_middle,-0.722475405354022,2.410975930753225,2,1,0.4672451978825497,recovery_middle,0
2020-12-18,expansion_early,expansion_early,-0.3268284231046622,2.410975930753225,1,1,0.5069980126211706,recovery_middle,0
2020-12-25,expansion_early,expansion_early,-0.3284395714700932,1.7877405091837044,1,2,0.4975440767025896,recovery_middle,0
2021-01-01,expansion_early,expansion_early,-0.3292840688866434,1.7877405091837044,1,2,0.5212441449351416,recovery_early,0
2021-01-08,expansion_early,expansion_early,-0.3292840688866434,1.8317548052394366,1,2,0.5153805908116204,recovery_early,0
2021-01-15,expansion_early,expansion_early,-0.3404150859841471,1.8317548052394366,1,1,0.4937852532084904,recovery_early,0
2021-01-22,expansion_early,expansion_early,-0.18730511344814038,1.8317548052394366,1,1,0.4388565924211105,recovery_early,0
2021-01-29,expansion_early,expansion_early,-0.18730511344814038,1.8317548052394366,1,1,0.4479342695504086,recovery_early,0
2021-02-05,expansion_early,expansion_early,-0.18733081365242302,1.8615809702980561,1,1,0.4386139751413053,recovery_early,0
2021-02-12,expansion_early,expansion_early,-0.1873565209103426,1.7824502366026442,1,1,0.42958756474285703,recovery_early,0
2021-02-19,recovery_middle,recovery_middle,-0.7002832100240363,1.8364145162568322,2,2,0.35376724466061854,recovery_early,0
2021-02-26,recovery_middle,recovery_middle,-0.7002832100240363,2.095850402765473,2,2,0.33394631543994124,recovery_early,0
2021-03-05,recovery_middle,recovery_middle,-0.699135614965396,2.081338468415116,2,2,0.3195715284277804,recovery_early,0
2021-03-12,recovery_middle,recovery_middle,-0.5232050065643198,2.0328611706402353,1,2,0.3046780679058549,recovery_early,0
2021-03-19,expansion_early,expansion_early,-0.28238061357714234,2.6109613087135553,0,2,0.5283876494875855,recovery_early,0
2021-03-26,expansion_early,expansion_early,-0.28238061357714234,2.8215483937419727,0,2,0.5478633731673976,recovery_middle,0
2021-04-02,expansion_early,expansion_early,-0.28309339291550656,2.9437466871191678,0,1,0.5000190144054413,recovery_middle,0
2021-04-09,expansion_early,expansion_early,-0.2838097797256757,2.8003879342725058,0,1,0.5213706226243427,recovery_late,0
2021-04-16,expansion_early,expansion_early,-0.2838097797256757,4.9611201208150115,0,0,0.6201690370244005,recovery_late,0
2021-04-23,expansion_early,expansion_early,-0.22693331785985574,4.9611201208150115,0,0,0.6185243571423836,expansion_early,0
2021-04-30,expansion_early,expansion_early,-0.22693331785985574,4.9611201208150115,0,0,0.574311736041357,expansion_early,0
2021-05-07,expansion_early,expansion_early,-0.20224599294617243,3.8369863411633283,0,0,0.5923784377197202,expansion_early,0
2021-05-14,expansion_early,expansion_early,-0.10523259436480353,3.0605367212809087,0,0,0.6160010846204748,expansion_middle,0
2021-05-21,expansion_early,expansion_early,0.038758242492663,2.415371483818398,0,0,0.6044509165140708,expansion_middle,0
2021-05-28,expansion_early,expansion_early,0.19460875039009348,1.843513601263047,0,0,0.5754972537983248,expansion_middle,0
2021-06-04,expansion_early,expansion_early,0.3347203731994717,1.843513601263047,0,0,0.5339589228793415,expansion_middle,0
2021-06-11,expansion_early,expansion_early,0.48029192800207554,2.324227746647636,0,1,0.5305578320750737,expansion_middle,0
2021-06-18,expansion_early,expansion_early,0.5898828933024278,2.324227746647636,0,1,0.4217323606954529,expansion_late,0
2021-06-25,expansion_early,expansion_early,0.6668909599614767,2.048670253668601,0,1,0.4133541973938596,expansion_late,0
2021-07-02,expansion_early,expansion_early,0.7941640140093188,2.0485771342560795,0,1,0.39962492750938783,expansion_late,0
2021-07-09,expansion_early,expansion_early,0.8751031951246945,2.0485771342560795,0,1,0.40679712407064966,expansion_late,0
2021-07-16,expansion_early,expansion_early,1.042308146470276,0.5929283699362441,0,1,0.39307636027472964,expansion_late,0
2021-07-23,expansion_early,expansion_early,1.1071978623107133,1.1884465543344551,0,1,0.33109746575696514,expansion_late,0
2021-07-30,expansion_early,expansion_early,1.1167942807608615,1.182886761445513,0,1,0.33878318758427517,slowdown_early,0
2021-08-06,expansion_early,expansion_early,1.1245961346501894,1.1744210100981343,0,1,0.3337323353752504,slowdown_early,0
2021-08-13,expansion_early,expansion_early,1.1245961346501894,0.6404898063715219,0,1,0.33841544083496616,slowdown_early,0
2021-08-20,expansion_late,expansion_late,1.1375017138306214,0.2212650441257424,0,1,0.3415036009284907,slowdown_early,0
2021-08-27,expansion_late,expansion_late,1.1764208529369915,0.2026274295413779,0,1,0.3379490964264194,slowdown_early,0
2021-09-03,expansion_late,expansion_late,1.1135264342322657,0.13823054718673833,0,2,0.36832885468458804,slowdown_early,0
2021-09-10,expansion_late,expansion_late,1.1135264342322657,0.13888025706458348,0,2,0.3678732861031007,slowdown_early,0
2021-09-17,slowdown_early,slowdown_early,0.8347561163107715,-0.77466213472586,0,3,0.40501449033295084,slowdown_early,0
2021-09-24,slowdown_middle,slowdown_middle,0.8370116645439272,-0.9397400878637265,0,3,0.4009916846110689,slowdown_early,0
2021-10-01,slowdown_middle,slowdown_middle,0.8371537024222898,-1.099174596123628,0,3,0.3953218336018045,slowdown_early,0
2021-10-08,slowdown_middle,slowdown_middle,0.8372247394404942,-1.099174596123628,0,3,0.3911213266937569,slowdown_early,0
2021-10-15,slowdown_middle,slowdown_middle,0.8506447674843722,-1.099174596123628,0,3,0.40128967441022956,slowdown_early,0
2021-10-22,expansion_late,expansion_late,0.9075203948970939,0.13984249137528143,0,2,0.42838773898984933,slowdown_early,0
2021-10-29,expansion_late,expansion_late,0.9075203948970939,0.13984249137528143,0,1,0.46633736258715985,slowdown_early,0
2021-11-05,expansion_late,expansion_late,0.9075203948970939,0.13984249137528143,0,1,0.4895718233135172,slowdown_early,0
2021-11-12,expansion_early,expansion_early,0.9075203948970939,1.9085238300683993,0,0,0.49881672109775066,slowdown_early,0
2021-11-19,expansion_early,expansion_early,0.9564140352367403,2.368674543712932,0,0,0.49146878166168895,expansion_late,0
2021-11-26,expansion_early,expansion_early,0.9810629270547909,2.850755155730405,0,0,0.5036028709994724,expansion_late,0
2021-12-03,expansion_early,expansion_early,0.8827305012154864,1.6087153331191384,0,1,0.5434124372873996,expansion_late,0
2021-12-10,expansion_early,expansion_early,0.8840582714454844,2.854362681950983,0,1,0.5511678452034733,expansion_late,0
2021-12-17,slowdown_early,slowdown_early,0.6399577452693824,0.34803636042196145,0,2,0.6091934535582982,expansion_late,0
2021-12-24,slowdown_early,slowdown_early,0.6448874082241709,0.34803636042196145,0,2,0.611566466907622,expansion_late,0
2021-12-31,slowdown_early,slowdown_early,0.40618060207450607,0.34803636042196145,0,2,0.6688567641742554,slowdown_early,0
2022-01-07,slowdown_early,slowdown_early,0.4071244324199591,0.34803636042196145,0,2,0.6638112896158493,slowdown_early,0
2022-01-14,slowdown_middle,slowdown_middle,0.4083095967317561,-0.660486844421563,0,3,0.6586146436851292,slowdown_early,0
2022-01-21,slowdown_late,slowdown_late,0.40885177938934425,-1.2482372671833053,0,3,0.665993517055612,slowdown_early,0
2022-01-28,slowdown_late,slowdown_late,0.4091171867192687,-1.245490133393512,0,3,0.655806939448891,slowdown_early,0
2022-02-04,slowdown_late,slowdown_late,0.3194645886795945,-1.245490133393512,0,3,0.6531558073712066,slowdown_early,0
2022-02-11,slowdown_middle,slowdown_middle,0.4208004015187764,-0.7080375466828713,0,2,0.6431870785468656,slowdown_early,0
2022-02-18,expansion_late,expansion_late,0.4209034496818682,0.18215909392496152,0,1,0.5830350267650448,slowdown_early,0
2022-02-25,expansion_late,expansion_late,0.4209034496818682,0.18215909392496152,0,1,0.5834202676954747,slowdown_early,0
2022-03-04,expansion_late,expansion_late,0.42094489564794163,0.18215909392496152,1,1,0.5626170473923632,slowdown_early,0
2022-03-11,expansion_late,expansion_late,0.45713482190755234,0.18215909392496152,1,1,0.5543278535411906,slowdown_early,0
2022-03-18,expansion_late,expansion_late,0.5741697388677366,0.2401413075575588,1,1,0.556901089392907,slowdown_early,0
2022-03-25,expansion_late,expansion_late,0.5763043594481835,0.2401413075575588,1,1,0.5585085311231989,slowdown_early,0
2022-04-01,expansion_late,expansion_late,0.5784549112359173,0.2401413075575588,1,1,0.5115577368867417,slowdown_early,0
2022-04-08,expansion_late,expansion_late,0.5784549112359173,0.2401413075575588,1,1,0.5114611997305911,slowdown_early,0
2022-04-15,expansion_late,expansion_late,0.5784549112359173,0.11963611746344496,1,2,0.5188824343506901,slowdown_early,0
2022-04-22,expansion_late,expansion_late,0.5574402148610448,0.05203346996137681,1,2,0.5080912587580233,slowdown_early,0
2022-04-29,expansion_late,expansion_late,0.5639941058272838,-0.04854529678213604,1,2,0.49761116037453246,slowdown_early,0
2022-05-06,expansion_late,expansion_late,0.5646691509384132,0.020371698731286164,1,2,0.49574037233944135,slowdown_early,0
2022-05-13,expansion_late,expansion_late,0.5646691509384132,0.0064905293700518755,1,1,0.4974773709489162,slowdown_early,0
2022-05-20,slowdown_middle,slowdown_middle,0.47717052314942726,-0.4509170971485066,1,3,0.5328066083604831,slowdown_early,0
2022-05-27,slowdown_middle,slowdown_middle,0.47717052314942726,-0.3858075801505371,1,3,0.529594556971529,slowdown_early,0
2022-06-03,slowdown_middle,slowdown_middle,0.47846037314526446,-0.4509170971485066,1,3,0.5158284922642244,slowdown_early,0
2022-06-10,slowdown_middle,slowdown_middle,0.4920087538165255,-0.4509170971485066,1,3,0.5081041177937433,slowdown_early,0
2022-06-17,slowdown_late,slowdown_late,0.3099509145361526,-0.9518966320135717,1,3,0.5632931141339592,slowdown_middle,0
2022-06-24,slowdown_late,slowdown_late,0.3099509145361526,-0.5683868941008562,1,3,0.5592547265959067,slowdown_middle,0
2022-07-01,slowdown_late,slowdown_late,0.31143531151525644,-1.0017152161626852,1,3,0.5126579470882695,slowdown_late,0
2022-07-08,slowdown_late,slowdown_late,0.31293399487078155,-1.0017152161626852,1,3,0.4996863154414228,slowdown_late,0
2022-07-15,slowdown_late,slowdown_late,0.31293399487078155,-0.6599068104208461,1,3,0.49431375878284595,slowdown_late,0
2022-07-22,slowdown_late,slowdown_late,0.3716556123785669,-0.7009586194771045,1,3,0.45361758755963155,slowdown_late,0
2022-07-29,slowdown_middle,slowdown_middle,0.3737656538497093,-0.4338438744358309,1,2,0.5240988521517257,slowdown_late,0
2022-08-05,slowdown_middle,slowdown_middle,0.37589979126657763,-0.4338438744358309,1,2,0.5150591317722173,slowdown_late,0
2022-08-12,expansion_late,expansion_late,0.37589979126657763,0.22601356384832988,1,1,0.5063963899142829,slowdown_late,0
2022-08-19,expansion_late,expansion_late,0.28986854591993994,-0.10137334853277633,1,1,0.5277699359585007,slowdown_late,0
2022-08-26,expansion_late,expansion_late,0.2919721251461256,-0.10137334853277633,1,1,0.5243111268630454,slowdown_middle,0
2022-09-02,slowdown_middle,slowdown_middle,0.29410645895381343,-0.20250513703743395,1,1,0.5563708214510172,slowdown_middle,0
2022-09-09,slowdown_late,slowdown_late,0.29410645895381343,-0.6331719743549273,1,2,0.560424124444144,slowdown_middle,0
2022-09-16,slowdown_middle,slowdown_middle,0.29410645895381343,-0.3288394834263333,1,1,0.6045223758101151,slowdown_early,0
2022-09-23,slowdown_middle,expansion_late,0.35739446309078327,-0.11666317555536238,1,1,0.5696638675083294,slowdown_early,0
2022-09-30,slowdown_middle,expansion_late,0.3645756882444047,-0.11666317555536238,1,1,0.5916682665693693,slowdown_early,0
2022-10-07,expansion_late,expansion_late,0.3645756882444047,-0.03485346146152773,1,1,0.5883667739848839,slowdown_early,0
2022-10-14,expansion_late,expansion_late,0.36782677295204386,0.2135757074559033,1,0,0.5759788453891177,slowdown_early,0
2022-10-21,expansion_late,expansion_late,0.318536749611846,0.023933150810383247,1,0,0.5722888484267935,slowdown_early,0
2022-10-28,expansion_late,expansion_late,0.31895319655435095,0.023933150810383247,1,0,0.5631060222998433,slowdown_early,0
2022-11-04,expansion_late,expansion_late,0.31895319655435095,0.023933150810383247,1,1,0.5245337406854067,slowdown_early,0
2022-11-11,slowdown_middle,slowdown_middle,0.31895319655435095,-0.41144079036984454,1,2,0.5201405477820292,slowdown_early,0
2022-11-18,slowdown_late,slowdown_late,0.15095079462044003,-0.6884639798531345,2,3,0.48477062037588214,slowdown_early,0
2022-11-25,slowdown_late,slowdown_late,0.15214640163090445,-0.8507159230871214,2,3,0.47101430128561517,slowdown_middle,0
2022-12-02,slowdown_late,slowdown_late,0.1526732233755818,-1.0582758376929156,2,3,0.45107005967524366,slowdown_middle,0
2022-12-09,slowdown_late,slowdown_late,0.15320370614017326,-1.0693070982289712,2,4,0.4450921806368889,slowdown_late,0
2022-12-16,slowdown_late,slowdown_late,0.15320370614017326,-1.161072055289628,2,4,0.3985963432756643,slowdown_late,0
2022-12-23,slowdown_late,slowdown_late,-0.43753121686234464,-1.161072055289628,2,4,0.34509966700091166,slowdown_late,0
2022-12-30,slowdown_late,slowdown_late,-0.4385740015037844,-1.1124567222826989,2,3,0.34882064333750323,slowdown_late,0
2023-01-06,slowdown_late,slowdown_late,-0.4422221508622363,-1.1172260119791315,2,3,0.3432608383898915,slowdown_late,0
2023-01-13,slowdown_late,slowdown_late,-0.4448534788861735,-1.064020421568883,2,3,0.3349724183850574,slowdown_late,0
2023-01-20,slowdown_late,slowdown_late,-0.06702588693276723,-0.45854388029112503,1,2,0.4896567401610906,slowdown_late,0
2023-01-27,slowdown_late,slowdown_late,-0.06879179310927461,-0.45854388029112503,1,2,0.48423810720216937,slowdown_late,0
2023-02-03,recovery_late,recovery_late,-0.06956708072875871,0.34214204017297056,0,1,0.5562390489486129,slowdown_late,0
2023-02-10,recovery_late,recovery_late,-0.07036004261388162,0.18455234492902176,0,1,0.5472525108116663,slowdown_middle,0
2023-02-17,expansion_early,expansion_early,-0.004350541266584628,1.462589312550403,0,0,0.5363873577795554,slowdown_middle,0
2023-02-24,expansion_early,expansion_early,-0.004350541266584628,1.3469502331570946,0,0,0.5227377098595275,slowdown_early,0
2023-03-03,expansion_early,expansion_early,-0.004351295698731845,1.4274270217610079,0,0,0.5301600278194121,slowdown_early,0
2023-03-10,expansion_early,expansion_early,-0.004352050392578261,1.421364350351217,0,1,0.5303673094989383,slowdown_early,0
2023-03-17,slowdown_late,slowdown_late,0.1875017623181791,-0.8570248206057823,0,2,0.4279505464339338,slowdown_early,0
2023-03-24,slowdown_late,slowdown_late,0.1875017623181791,-0.9044747974034084,1,2,0.36944685888845213,slowdown_early,0
2023-03-31,slowdown_late,slowdown_late,0.18757124747994225,-1.0189828939414944,1,2,0.3734156400788901,slowdown_early,0
2023-04-07,slowdown_late,slowdown_late,0.18773328585128246,-0.8622846000915927,1,2,0.373325886335156,slowdown_middle,0
2023-04-14,slowdown_late,slowdown_late,0.18809180639339135,-0.8339972499141589,1,2,0.3672169573888857,slowdown_middle,0
2023-04-21,slowdown_late,slowdown_late,0.2938670903076266,-0.721719379052388,1,2,0.34721257858896215,slowdown_late,0
2023-04-28,slowdown_late,slowdown_late,0.2938670903076266,-0.5344346364863413,1,2,0.3421294275839027,slowdown_late,0
2023-05-05,slowdown_middle,slowdown_middle,0.2938670903076266,-0.25264412123787827,1,1,0.3477663845935232,slowdown_late,0
2023-05-12,slowdown_middle,slowdown_middle,0.2938670903076266,-0.3681788339625047,1,1,0.3513561172739449,slowdown_late,0
2023-05-19,slowdown_late,slowdown_late,0.09738292845476497,-0.30141317619770663,1,1,0.37985183034733,slowdown_late,0
2023-05-26,slowdown_late,slowdown_late,0.09830597164220023,-0.2650368869203165,1,1,0.3897337796470408,slowdown_late,0
2023-06-02,slowdown_late,slowdown_late,0.09866333707878641,-0.3514165310875562,1,1,0.3979950794910409,slowdown_late,0
2023-06-09,slowdown_late,slowdown_late,0.09899976645403677,-0.40214691705113886,1,2,0.416928741268341,slowdown_late,0
2023-06-16,slowdown_late,slowdown_late,0.09915924514627218,-0.40214691705113886,1,2,0.3504242614997969,slowdown_late,0
2023-06-23,slowdown_late,slowdown_late,0.03985600444820311,-0.40214691705113886,1,2,0.3158246254603515,slowdown_late,0
2023-06-30,slowdown_late,slowdown_late,0.012449307303970033,-0.40214691705113886,1,2,0.325165490033862,slowdown_late,0
2023-07-07,slowdown_late,slowdown_late,0.012449307303970033,-0.28661220432651247,1,1,0.326653513880172,slowdown_late,0
2023-07-14,slowdown_late,slowdown_late,0.012449307303970033,-0.7548198852743272,1,2,0.32354941211649446,slowdown_late,0
2023-07-21,expansion_late,expansion_late,0.09068169647104724,-0.02495472432778626,1,1,0.3740675406268378,slowdown_late,0
2023-07-28,expansion_late,slowdown_middle,0.09085590719628406,-0.09755873763113225,1,1,0.3748568197348787,slowdown_late,0
2023-08-04,expansion_late,expansion_late,0.15789868304669374,-0.02502441431272694,1,1,0.33947216627068943,slowdown_late,0
2023-08-11,expansion_late,expansion_late,0.15789868304669374,-0.025094494628171822,1,1,0.34565024415271184,slowdown_late,0
2023-08-18,recovery_late,recovery_late,0.15789868304669374,0.42293186103181396,0,1,0.421220290469284,slowdown_middle,0
2023-08-25,recovery_late,recovery_late,0.15789868304669374,0.5208135760054714,0,1,0.4315111350837384,slowdown_middle,0
2023-09-01,recovery_late,recovery_late,0.14208321134167332,0.46595337912721124,0,1,0.44445379163142823,slowdown_middle,0
2023-09-08,recovery_late,recovery_late,0.14208321134167332,0.48897783294319885,0,1,0.4168701029722832,slowdown_early,0
2023-09-15,slowdown_middle,slowdown_middle,0.14208321134167332,-0.12927007792367715,0,1,0.39728052400323133,slowdown_early,0
2023-09-22,expansion_late,expansion_late,0.14208321134167332,0.11982887104228347,0,1,0.36919985509864933,slowdown_early,0
2023-09-29,expansion_late,expansion_late,0.136046221215779,0.06855890424592868,0,2,0.38034918407623913,slowdown_early,0
2023-10-06,expansion_late,expansion_late,0.13723179664002186,0.11982887104228347,0,2,0.38102060199954396,slowdown_early,0
2023-10-13,expansion_late,expansion_late,0.1390949021358426,-0.014834191549884142,0,2,0.37369806969436986,slowdown_early,0
2023-10-20,slowdown_middle,slowdown_middle,0.04132975859914973,-0.48080581845038706,0,3,0.37107338280313185,slowdown_early,0
2023-10-27,slowdown_middle,slowdown_middle,0.04132975859914973,-0.41557255964363576,0,3,0.3722175243189637,slowdown_early,0
2023-11-03,expansion_late,expansion_late,0.1606375188776787,-0.021206482052611386,0,2,0.362373070645881,slowdown_early,0
2023-11-10,expansion_late,expansion_late,0.1606375188776787,0.07652999341727396,0,2,0.3613560644282925,slowdown_early,0
2023-11-17,slowdown_middle,slowdown_middle,0.1606375188776787,-0.2520815488152555,1,2,0.3868258133631042,slowdown_early,0
2023-11-24,slowdown_middle,slowdown_middle,0.1606375188776787,-0.2520815488152555,1,2,0.3875532160747878,slowdown_middle,0
2023-12-01,slowdown_middle,slowdown_middle,0.4029348731370321,-0.2520815488152555,1,2,0.3371058466543654,slowdown_early,0
2023-12-08,slowdown_middle,slowdown_middle,0.3982943469924455,-0.28321953676598255,1,2,0.32609651601636624,slowdown_early,0
2023-12-15,slowdown_middle,slowdown_middle,0.44636763053497786,-0.19117652213406205,1,2,0.3206684419273064,slowdown_early,0
2023-12-22,slowdown_early,slowdown_early,0.44636763053497786,-0.17126818128776827,0,1,0.3231020758709563,slowdown_early,0
2023-12-29,slowdown_early,slowdown_early,0.4402879223995937,-0.15549618709092305,0,1,0.32090199162723076,slowdown_early,0
2024-01-05,slowdown_early,slowdown_early,0.4690571482731544,-0.01969260461074682,0,0,0.316822596743232,slowdown_early,0
2024-01-12,expansion_late,expansion_late,0.471873229201752,0.20005315325829315,0,2,0.3057916758766972,slowdown_early,0
2024-01-19,expansion_late,expansion_late,0.471873229201752,0.0003862718957889075,2,2,0.29524278876187576,slowdown_early,0
2024-01-26,expansion_late,expansion_late,0.471873229201752,0.00039885636853990997,2,2,0.2979293443115714,slowdown_middle,0
2024-02-02,slowdown_late,slowdown_late,0.23170898459690753,-0.2783996547508342,2,2,0.3314809395700179,slowdown_late,0
2024-02-09,slowdown_late,slowdown_late,0.23170898459690753,-0.448584526137603,2,3,0.3400976426630278,slowdown_late,0
2024-02-16,slowdown_late,slowdown_late,0.23170898459690753,-0.7688329223026711,2,4,0.308011981449045,slowdown_late,0
2024-02-23,slowdown_late,slowdown_late,0.23170898459690753,-0.450089104660284,1,3,0.36999256828241234,slowdown_late,0
2024-03-01,slowdown_late,slowdown_late,0.06239836113470583,-0.450089104660284,1,3,0.3923553432329125,slowdown_late,0
2024-03-08,slowdown_late,slowdown_late,0.06239836113470583,-0.3438917217994535,1,2,0.3947914762375764,slowdown_late,0
2024-03-15,slowdown_late,slowdown_late,0.06239836113470583,-0.3982017392138625,1,2,0.3953793419407763,slowdown_late,0
2024-03-22,slowdown_late,slowdown_late,0.06247285270657434,-0.4202300658197584,1,2,0.4325335186262698,slowdown_late,0
2024-03-29,slowdown_late,slowdown_late,-0.06747610875128518,-0.2682275090940753,1,2,0.4344189649402287,slowdown_late,0
2024-04-05,slowdown_late,slowdown_late,-0.06747610875128518,-0.21624360674983195,1,2,0.44119209708336493,slowdown_late,0
2024-04-12,slowdown_late,slowdown_late,-0.06747610875128518,-0.0672904573781257,1,2,0.46278185394401006,slowdown_late,0
2024-04-19,slowdown_late,slowdown_late,-0.06747610875128518,-0.5303701636056539,1,3,0.47081085546691603,slowdown_late,0
2024-04-26,slowdown_late,slowdown_late,-0.06747610875128518,-0.46022360099785126,1,3,0.4679558847427237,slowdown_late,0
2024-05-03,slowdown_late,slowdown_late,-0.17369228899430472,-0.5488549550432145,1,3,0.4391392157589302,slowdown_late,0
2024-05-10,slowdown_late,slowdown_late,-0.17369228899430472,-0.5492686239068973,1,3,0.462429490148995,slowdown_late,0
2024-05-17,slowdown_middle,slowdown_middle,0.16920388585421375,-0.18527448609789304,1,2,0.46027442219886794,slowdown_late,0
2024-05-24,slowdown_middle,slowdown_middle,0.16933177720042505,-0.21341863063193126,1,1,0.46660959713486433,slowdown_late,0
2024-05-31,slowdown_middle,slowdown_middle,0.13385091771070437,-0.0800565676135361,1,1,0.5015493253930403,slowdown_late,0
2024-06-07,slowdown_middle,slowdown_middle,0.13100714702218064,-0.0800565676135361,1,1,0.5023257988075455,slowdown_late,0
2024-06-14,recovery_late,recovery_late,0.08507419457385447,0.3989846980074166,1,1,0.5372930904068391,slowdown_late,0
2024-06-21,recovery_late,recovery_late,0.0854157326785809,0.5305803139313237,1,1,0.47763518980936415,slowdown_late,0
2024-06-28,expansion_early,expansion_early,0.0862447673872353,0.9000074014528212,1,1,0.4747094498330339,slowdown_late,0
2024-07-05,recovery_late,recovery_late,-0.066001324550019,0.31384558792466133,1,1,0.4616945091693502,slowdown_late,0
2024-07-12,expansion_late,expansion_late,-0.03931986896753076,0.04929197505560148,1,1,0.4955764517468931,slowdown_late,0
2024-07-19,slowdown_late,slowdown_late,-0.0854584284874262,-0.573363353482247,0,2,0.3429927037306753,slowdown_late,0
2024-07-26,slowdown_late,slowdown_late,-0.0854584284874262,-0.581690664771659,0,3,0.34016520735797745,slowdown_late,0
2024-08-02,slowdown_late,slowdown_late,-0.1921818389476626,-0.9404392901227463,0,3,0.3124871141194194,slowdown_late,0
2024-08-09,slowdown_late,slowdown_late,-0.1921818389476626,-0.9404392901227463,0,3,0.3253571284387706,slowdown_late,0
2024-08-16,slowdown_late,slowdown_late,-0.1921818389476626,-0.9404392901227463,0,3,0.33129215007047674,slowdown_late,0
2024-08-23,slowdown_late,slowdown_late,-0.09053689493542265,-0.6181926860193456,0,3,0.37184722239656,slowdown_late,0
2024-08-30,slowdown_late,slowdown_late,-0.08139247576138246,-0.6142953811831424,0,3,0.35702080230716965,slowdown_late,0
2024-09-06,slowdown_late,slowdown_late,-0.08139247576138246,-0.5922112927350783,0,3,0.3636717877852842,slowdown_late,0
2024-09-13,expansion_late,expansion_late,-0.0822709048192168,0.0753471333083555,0,2,0.37213124613040843,slowdown_late,0
2024-09-20,slowdown_middle,slowdown_middle,-0.27150714960868927,-0.14417819405528956,0,2,0.3686618118777023,slowdown_late,0
2024-09-27,slowdown_middle,slowdown_middle,-0.27150714960868927,-0.14417819405528956,0,1,0.3628446245860458,slowdown_late,0
2024-10-04,slowdown_middle,slowdown_middle,-0.3251715266190169,-0.12897744986648552,0,1,0.3264142992092196,slowdown_late,0
2024-10-11,slowdown_middle,slowdown_middle,-0.3251715266190169,-0.14417819405528956,0,2,0.3395560120475446,slowdown_late,0
2024-10-18,slowdown_late,slowdown_late,-0.0921359173809167,-0.6039783551664918,1,3,0.481840076553971,slowdown_late,0
2024-10-25,slowdown_late,slowdown_late,-0.1181573049736405,-0.49292841583544006,1,3,0.4768970137416837,slowdown_late,0
2024-11-01,slowdown_late,slowdown_late,-0.10922966768244093,-0.5138128327081102,1,3,0.4802804753236364,slowdown_late,0
2024-11-08,slowdown_late,slowdown_late,-0.05108364786694354,-0.5138128327081102,1,3,0.5122464150556414,slowdown_late,0
2024-11-15,slowdown_late,slowdown_late,-0.19144313609195826,-0.4237164507981404,1,3,0.47427181970009397,slowdown_late,0
2024-11-22,slowdown_late,slowdown_late,-0.16489318926701296,-0.5138128327081102,1,3,0.5033271485366626,slowdown_late,0
2024-11-29,slowdown_late,slowdown_late,-0.16489318926701296,-0.021652687529767248,1,2,0.5593736148375262,slowdown_late,0
2024-12-06,recovery_late,recovery_late,-0.16489318926701296,0.1571877599484731,1,1,0.560160686249308,slowdown_late,0
2024-12-13,slowdown_late,slowdown_late,-0.16489318926701296,0.017223284147015423,1,0,0.5486051539498844,slowdown_late,0
2024-12-20,recovery_late,recovery_late,0.03283459640654477,0.24299307320615507,0,0,0.47852307989170256,slowdown_late,0
2024-12-27,recovery_late,recovery_late,0.033148675392423096,0.24299307320615507,0,0,0.47830262307355714,slowdown_late,0
2025-01-03,recovery_late,recovery_late,0.03346882104741952,0.20314981141704821,0,0,0.5709453404037026,slowdown_late,0
2025-01-10,recovery_late,recovery_late,0.03738954522769122,0.20570003409533166,0,1,0.6169371402668026,slowdown_late,0
2025-01-17,recovery_late,recovery_late,-0.06523425197471218,0.20682184743708223,0,1,0.4948844985318681,slowdown_late,0
2025-01-24,recovery_late,expansion_late,-0.06533345601329713,0.09046181532879834,0,1,0.5040980132396151,slowdown_late,0
2025-01-31,recovery_late,expansion_late,-0.06543296223762025,0.07506933159787138,0,1,0.5183896799286072,slowdown_late,0
2025-02-07,recovery_late,expansion_late,-0.06543296223762025,0.09427034288032378,0,1,0.542863149814888,slowdown_late,0
2025-02-14,slowdown_middle,slowdown_middle,-0.06546511496824871,-0.35280789986691163,0,1,0.5844998976709471,slowdown_late,0
2025-02-21,slowdown_middle,slowdown_middle,0.022354673229761313,-0.35502930668858373,0,2,0.42095668351416154,slowdown_late,0
2025-02-28,slowdown_middle,slowdown_middle,-0.036660320821083205,-0.09376415518143094,0,2,0.41730932338537136,slowdown_late,0
2025-03-07,slowdown_late,slowdown_late,-0.04887258421991295,-0.3675767254256437,1,2,0.36936149630072135,slowdown_late,0
2025-03-14,slowdown_late,slowdown_late,-0.0656610233880241,-0.6367154614547222,1,3,0.3739618353896342,slowdown_late,0
2025-03-21,slowdown_late,slowdown_late,0.0002866245966419679,-0.3651424675397346,1,2,0.5172615723359666,slowdown_late,0
2025-03-28,slowdown_late,slowdown_late,0.0002866245966419679,-0.24969947958808814,1,2,0.5293742385275932,slowdown_late,0
2025-04-04,expansion_late,expansion_late,0.0002866245966419679,0.0617209023699252,0,1,0.5982577328540453,slowdown_late,0
2025-04-11,expansion_late,expansion_late,-0.020579944759750543,0.062029056657426716,0,1,0.5856648726612913,slowdown_late,0
2025-04-18,slowdown_middle,slowdown_middle,-0.020579944759750543,-0.06433332725230305,0,1,0.47811490041474425,slowdown_late,0
2025-04-25,expansion_late,expansion_late,-0.02000233451506919,0.04820214968719463,0,1,0.4771283484016047,slowdown_late,0
2025-05-02,expansion_late,slowdown_middle,-0.020579944759750543,-0.04238057170591638,0,1,0.4171366672432156,slowdown_late,0
2025-05-09,slowdown_middle,slowdown_middle,-0.07797963639180518,-0.03973011903854603,0,1,0.3970886797588608,slowdown_late,0
2025-05-16,expansion_late,expansion_late,-0.08252099434359152,0.08182874969663706,0,1,0.4628636560822934,slowdown_late,0
2025-05-23,slowdown_middle,slowdown_middle,-0.10996111497744127,-0.23921473862779785,0,2,0.36346177327526363,slowdown_late,0
2025-05-30,slowdown_late,slowdown_late,-0.1062336882470053,-0.5528469615509323,1,3,0.5371710568850154,slowdown_late,0
2025-06-06,slowdown_late,slowdown_late,-0.13965167131988115,-0.41353587382361173,1,3,0.5280581933252916,slowdown_late,0
2025-06-13,slowdown_late,slowdown_late,-0.18874382358704384,-0.8954235182861974,1,3,0.4974346297001861,slowdown_late,0
2025-06-20,slowdown_late,slowdown_late,-0.22946750931933446,-0.8954235182861974,1,3,0.4035717231087872,slowdown_late,0
2025-06-27,slowdown_late,slowdown_late,-0.2368938804015606,-0.8954235182861974,1,3,0.4039020986001189,slowdown_late,0
2025-07-04,slowdown_late,slowdown_late,-0.22389613780699844,-0.48188764446258564,1,3,0.49167484824918384,slowdown_late,0
2025-07-11,slowdown_late,slowdown_late,-0.1902424039130496,-0.6797322904991531,1,3,0.49234850929480944,slowdown_late,0
2025-07-18,slowdown_late,slowdown_late,-0.15130412023429968,-0.13685129729147275,1,2,0.4972837418438531,slowdown_late,0
2025-07-25,slowdown_late,slowdown_late,-0.11244590253741137,-0.02682320405447516,1,2,0.5038355159364353,slowdown_late,0
2025-08-01,recovery_late,recovery_late,-0.08516501516157546,0.1632759291702516,1,1,0.44754875572176006,slowdown_late,0
2025-08-08,recovery_late,recovery_late,-0.08374960004948062,0.32300407477760046,1,1,0.43234601256122174,slowdown_late,0
2025-08-15,recovery_late,recovery_late,-0.08805628784996779,0.43657293331316344,1,1,0.42400468914745204,slowdown_late,0
2025-08-22,recovery_late,expansion_late,-0.11985403878121023,0.02039731131200744,1,1,0.4374097629796427,slowdown_late,0
2025-08-29,recovery_late,recovery_late,-0.13936203463639518,0.25947842936666415,1,1,0.43561068743762343,slowdown_late,0
2025-09-05,recovery_late,recovery_late,-0.1514869918211499,0.11787218459173791,1,1,0.4332166330599201,slowdown_late,0
2025-09-12,slowdown_late,slowdown_late,-0.21023537323006036,-0.1883695385177672,1,2,0.4200871523706933,slowdown_late,0
2025-09-19,slowdown_late,slowdown_late,-0.2007361087326977,-0.281915270135617,1,2,0.43079593181025816,slowdown_late,0
2025-09-26,slowdown_late,slowdown_late,-0.17533834908914162,-0.28774675587457665,1,2,0.43694030215257557,slowdown_late,0
2025-10-03,slowdown_late,slowdown_late,-0.15093188707619057,-0.10874337559438921,1,1,0.44532128119540937,slowdown_late,0
2025-10-10,slowdown_late,slowdown_late,-0.10310892206573431,-0.4201210653524252,1,3,0.43339818437080274,slowdown_late,0
2025-10-17,slowdown_late,slowdown_late,-0.40074653896240864,-0.8583242973348406,1,3,0.4472832714157594,slowdown_late,0
2025-10-24,slowdown_late,slowdown_late,-0.40074653896240864,-0.8540257158950791,1,3,0.4418468136080308,slowdown_late,0
2025-10-31,slowdown_late,slowdown_late,-0.40074653896240864,-0.8773127704776378,1,4,0.5170653412191684,slowdown_late,0
2025-11-07,slowdown_late,slowdown_late,-0.40074653896240864,-0.8540257158950791,1,4,0.5175603316308582,slowdown_late,0
2025-11-14,slowdown_late,slowdown_late,-0.4057669003828191,-0.818978210298897,1,4,0.510579955660358,slowdown_late,0
2025-11-21,slowdown_late,slowdown_late,-0.3795622636693767,-0.9235356174529221,1,4,0.5509509675606701,slowdown_late,0
2025-11-28,slowdown_late,slowdown_late,-0.3795622636693767,-0.9235356174529221,1,4,0.5526983678690314,slowdown_late,0
2025-12-05,slowdown_late,slowdown_late,-0.3795622636693767,-0.6826143707350406,1,3,0.5673940113377341,slowdown_late,0
2025-12-12,slowdown_late,slowdown_late,-0.3795622636693767,-0.35434613797042747,1,2,0.5562055251700939,slowdown_late,0
2025-12-19,slowdown_late,slowdown_late,-0.4707938818830167,-0.24882715450813425,1,2,0.4770607292762309,slowdown_late,0
2025-12-26,slowdown_late,slowdown_late,-0.4707938818830167,-0.15637043860018662,1,1,0.4790124969680704,slowdown_late,0
2026-01-02,slowdown_late,slowdown_late,-0.4707938818830167,-0.24882715450813425,1,2,0.5285420732312556,slowdown_late,0
2026-01-09,slowdown_late,slowdown_late,-0.43403522130608213,-0.07086439936562006,1,1,0.5288598610035449,slowdown_late,0
2026-01-16,recovery_late,recovery_late,-0.22906817920089048,0.3576270459663081,1,1,0.5690133995655617,slowdown_late,0
2026-01-23,slowdown_late,slowdown_late,-0.28588848029335334,-0.07086439936562006,1,1,0.6314439553672903,slowdown_late,0
2026-01-30,slowdown_late,slowdown_late,-0.28588848029335334,-0.07086439936562006,1,1,0.6310798358738273,slowdown_late,0
2026-02-06,recovery_late,recovery_late,-0.28588848029335334,0.22364190805218553,1,1,0.6394008879717878,slowdown_late,0
2026-02-13,slowdown_late,slowdown_late,-0.28588848029335334,-0.49146075132234607,2,3,0.6268871879152462,slowdown_late,0
2026-02-20,recovery_late,recovery_late,0.00902982526046881,0.1901969435286229,2,2,0.5436008127874387,slowdown_late,0
2026-02-27,slowdown_late,slowdown_late,0.0068128930746087,0.05343698319223346,2,1,0.5439803849191215,slowdown_late,0
2026-03-06,slowdown_late,slowdown_late,0.029874844538598497,-0.044581104874925497,2,2,0.5935733706849102,slowdown_late,0
2026-03-13,slowdown_middle,slowdown_middle,0.05756373125511025,-0.08505219355117351,1,1,0.5988698895771863,slowdown_late,0
2026-03-20,slowdown_middle,slowdown_middle,0.07146583194493576,-0.11955779879293275,1,1,0.5900060609961048,slowdown_late,0
2026-03-27,slowdown_middle,slowdown_middle,0.07180845485689388,-0.08280434487208171,1,1,0.5899505458633924,slowdown_late,0
2026-04-03,expansion_late,expansion_late,0.1004993004860066,0.13059376978388096,1,1,0.5899264208479741,slowdown_late,0
2026-04-10,expansion_early,expansion_early,0.10152876564213781,0.6848860320043969,1,1,0.5947011842038546,slowdown_late,0
2026-04-17,recovery_late,recovery_late,0.10258066438320246,0.42857235874755434,1,1,0.5348042715668894,slowdown_late,0
2026-04-24,recovery_late,recovery_late,0.0938721375162619,0.42857235874755434,1,1,0.5359444153380682,slowdown_late,0
2026-05-01,recovery_late,recovery_late,0.13044986049969326,0.42857235874755434,1,1,0.5723741155981179,slowdown_late,0
2026-05-08,recovery_late,recovery_late,0.17294944560120842,0.36344023527889197,1,1,0.5623784392536187,slowdown_late,0
2026-05-15,expansion_late,expansion_late,0.16861834711118978,0.1783644414365636,1,1,0.5605388902406075,slowdown_late,0
2026-05-22,expansion_late,recovery_late,0.04299987647710267,0.17929255616855377,1,2,0.5806289479523387,slowdown_late,0
2026-05-29,expansion_late,expansion_late,0.04299987647710267,0.10903638595214506,1,2,0.563631591342165,slowdown_late,0
2026-06-05,expansion_late,slowdown_middle,0.04299987647710267,-0.08981575930010817,1,2,0.5718135661158752,slowdown_late,0
2026-06-12,slowdown_late,slowdown_late,0.03552108132201538,-0.22979553446600362,1,2,0.5734510678938303,slowdown_late,0
2026-06-19,slowdown_late,slowdown_late,-0.0052052874033752935,-0.22745947326438815,1,1,0.5555626155905881,slowdown_late,0
2026-06-26,slowdown_middle,slowdown_middle,-0.020095120307365537,-0.03929956942263126,1,0,0.5535472854362101,slowdown_late,0
2026-07-03,slowdown_middle,slowdown_middle,-0.014055192139562111,-0.03929956942263126,1,0,0.5317359404413122,slowdown_late,0
2026-07-10,slowdown_middle,slowdown_middle,0.001694678365194637,-0.03929956942263126,1,1,0.5275621199571835,slowdown_late,0
2026-07-17,slowdown_middle,slowdown_middle,0.035903008689544644,-0.0577531707365654,1,1,0.5489582643981584,slowdown_late,0
2026-07-24,slowdown_middle,slowdown_middle,0.03852574093463906,-0.0577531707365654,1,1,0.5406497535223311,slowdown_late,0
2026-07-31,slowdown_middle,expansion_late,0.03852574093463906,-0.010177916358675152,1,1,0.5346426479065778,slowdown_late,0
2026-08-07,slowdown_middle,expansion_late,0.03852574093463906,-0.010177916358675152,1,0,0.5284195357582708,slowdown_late,0
2026-08-14,slowdown_middle,expansion_late,0.03852574093463906,0.0,1,1,0.5258394427264671,slowdown_late,0
