,x,y,radius,phase_code,broad_phase,p_contraction_early,p_contraction_late,p_contraction_mid,p_expansion_early,p_expansion_late,p_expansion_mid,p_recovery_early,p_recovery_late,p_recovery_mid,p_slowdown_early,p_slowdown_late,p_slowdown_mid,model_status
1995-01-06,0.4372562806,1.3469708315,1.4161650595,expansion_late,expansion,0.0,0.0,0.0,0.0047582255,0.6613119605,0.170382473,1.848e-07,5.32826e-05,1.0826e-06,0.1595954362,2.71317e-05,0.0038702231,official
1995-01-13,0.1781368288,1.3326699658,1.3445229517,expansion_late,expansion,0.0,0.0,0.0,0.0020292668,0.6334808203,0.1031170373,9.789e-07,2.04074e-05,3.574e-07,0.2504072975,0.0001084486,0.0108353857,official
1995-01-20,0.1818825374,1.3312530261,1.3436204363,expansion_late,expansion,0.0,0.0,0.0,0.0013202946,0.6023508715,0.0757220809,9.649e-07,1.94522e-05,3.683e-07,0.3032541518,0.0001469684,0.0171848474,official
1995-01-27,0.2570104888,1.3035038746,1.3285995418,expansion_late,expansion,0.0,0.0,0.0,0.0014096332,0.5978194589,0.0745688044,7.099e-07,2.98138e-05,6.715e-07,0.3081461834,0.0001393578,0.0178853672,official
1995-02-03,0.2440533784,1.2969741751,1.3197363609,expansion_late,expansion,0.0,0.0,0.0,0.0013714338,0.5917900459,0.0725325711,7.883e-07,2.92138e-05,6.59e-07,0.3151325413,0.0001531105,0.0189896363,official
1995-02-10,0.0469235221,1.280201919,1.2810615794,expansion_late,expansion,0.0,0.0,0.0,0.0007311778,0.5302941696,0.0492452355,2.4623e-06,1.28087e-05,2.401e-07,0.3866078848,0.0003810727,0.0327249485,official
1995-02-17,-0.2026979544,1.2382317053,1.2547128025,slowdown_early,slowdown,0.0,0.0,0.0,0.0002295758,0.3944644695,0.0224952682,8.6763e-06,3.7361e-06,5.29e-08,0.5068266203,0.0014639278,0.0745076731,official
1995-02-24,-0.363623821,1.2099173428,1.2633773228,slowdown_early,slowdown,0.0,0.0,0.0,7.40054e-05,0.2482850066,0.0089470585,1.6295e-05,1.3538e-06,1.48e-08,0.5929452136,0.004692605,0.1450384472,official
1995-03-03,-0.4437544598,1.1716942442,1.2529107799,slowdown_early,slowdown,0.0,0.0,0.0,3.80564e-05,0.1486064418,0.0039519204,2.33293e-05,8.158e-07,8.1e-09,0.6121708958,0.0111633475,0.2240451848,official
1995-03-10,-0.5233352158,1.1353941542,1.2501998374,slowdown_early,slowdown,0.0,0.0,0.0,2.21084e-05,0.0880196294,0.0017896146,3.21755e-05,4.7e-07,4.2e-09,0.5828738926,0.0220438432,0.3052182621,official
1995-03-17,-0.6523251535,1.0963663027,1.2757535717,slowdown_early,slowdown,0.0,0.0,0.0,9.6004e-06,0.0474317806,0.0006811894,4.76327e-05,1.646e-07,1.1e-09,0.5082719099,0.042731144,0.4008265774,official
1995-03-24,-0.7306987765,1.0476943752,1.2773348057,slowdown_mid,slowdown,0.0,0.0,0.0,5.6257e-06,0.0266592311,0.0003080745,6.29884e-05,8.62e-08,5e-10,0.413883477,0.0741614953,0.4849190212,official
1995-03-31,-0.7387207313,1.0416936859,1.2770411325,slowdown_mid,slowdown,0.0,0.0,0.0,5.2701e-06,0.0187413854,0.0002191217,6.49777e-05,8.04e-08,5e-10,0.3457889905,0.1006026947,0.534577479,official
1995-04-07,-0.7164028014,1.034983971,1.258739367,slowdown_mid,slowdown,0.0,0.0,0.0,6.2406e-06,0.0159808589,0.000213127,6.50325e-05,1.03e-07,6e-10,0.3073167586,0.1171369923,0.5592808865,official
1995-04-14,-0.6596435445,1.0139588433,1.2096454611,slowdown_mid,slowdown,0.0,0.0,0.0,9.6076e-06,0.0163060535,0.0002653552,6.54676e-05,1.934e-07,1.5e-09,0.2948632891,0.1233973779,0.5650926542,official
1995-04-21,-0.809495913,0.9419409006,1.241988846,slowdown_mid,slowdown,0.0,0.0,0.0,3.1943e-06,0.0098111725,0.0001228171,9.34913e-05,4.55e-08,2e-10,0.2311580952,0.1704570013,0.5883541825,official
1995-04-28,-0.7697878589,0.9188265686,1.1986724368,slowdown_mid,slowdown,0.0,0.0,0.0,4.3691e-06,0.0081143951,0.0001287637,9.78387e-05,7.33e-08,5e-10,0.1987609882,0.1996988259,0.5931947455,official
1995-05-05,-0.8209599056,0.8691936616,1.1956056155,slowdown_mid,slowdown,0.0,0.0,0.0,2.8844e-06,0.0056875978,9.07162e-05,0.0001147084,4.39e-08,3e-10,0.1598216829,0.2454039117,0.5888784544,official
1995-05-12,-0.9248849613,0.800344728,1.2230960204,slowdown_mid,slowdown,0.0,0.0,0.0,1.1436e-06,0.0029660072,4.37273e-05,0.0001367279,1.33e-08,3e-10,0.109596769,0.3257311497,0.5615244617,official
1995-05-19,-0.9841005264,0.7354895134,1.2285758708,slowdown_mid,slowdown,0.0,0.0,0.0,6.174e-07,0.0015110411,2.54822e-05,0.0001505508,6.2e-09,6e-10,0.0704478504,0.4221115132,0.5057529381,official
1995-05-26,-1.0827148695,0.7005092615,1.2895676462,slowdown_late,slowdown,0.0,0.0,0.0,2.308e-07,0.0006881375,1.23062e-05,0.0001489047,1.6e-09,6e-10,0.0420855733,0.5250242184,0.432040627,official
1995-06-02,-1.233445709,0.6484996769,1.3935351262,slowdown_late,slowdown,0.0,0.0,0.0,4.77e-08,0.0002410989,3.9767e-06,0.0001325003,2e-10,5e-10,0.020931264,0.6453148004,0.3333763114,official
1995-06-09,-1.193033888,0.6411281583,1.354391071,slowdown_late,slowdown,0.0,0.0,0.0,6.73e-08,0.0001929123,4.8694e-06,0.0001342711,3e-10,6e-10,0.0146240515,0.711184203,0.2738596244,official
1995-06-16,-0.8483605726,0.6773530667,1.0855979174,slowdown_late,slowdown,0.0,0.0,0.0,2.0117e-06,0.0007176444,4.93338e-05,0.0001754794,3.49e-08,2.3e-09,0.0243199907,0.6713763903,0.3033591126,official
1995-06-23,-0.8211117531,0.6637842316,1.055857006,slowdown_late,slowdown,0.0,0.0,0.0,2.5274e-06,0.0009612121,5.77823e-05,0.0001815281,4.9e-08,3.2e-09,0.030914965,0.6442281772,0.3236537558,official
1995-06-30,-0.5416053334,0.7020064218,0.8866506377,slowdown_late,slowdown,0.0,0.0,0.0,3.19229e-05,0.0032616152,0.0003379846,0.0001856281,1.5236e-06,3.61e-08,0.0623377075,0.532563199,0.401280383,official
1995-07-07,-0.3327453396,0.6987130302,0.7738988045,slowdown_mid,slowdown,0.0,0.0,0.0,0.0001621542,0.0103107627,0.0011212731,0.0001618583,1.39394e-05,6.517e-07,0.1286114042,0.3812054063,0.4784125501,official
1995-07-14,-0.2269275471,0.6670376395,0.704581666,slowdown_mid,slowdown,0.0,0.0,0.0,0.0,0.0,0.0,0.0,0.0,0.0,0.2222100188,0.2640309029,0.5137590783,official
1995-07-21,-0.1495256288,0.6562743476,0.6730928116,slowdown_mid,slowdown,0.0,0.0,0.0,0.0,0.0,0.0,0.0,0.0,0.0,0.3257818839,0.1730245482,0.5011935679,official
1995-07-28,-0.1189456543,0.6137841007,0.6252031598,slowdown_mid,slowdown,0.0,0.0,0.0,0.0,0.0,0.0,0.0,0.0,0.0,0.4070991587,0.1272149534,0.4656858879,official
1995-08-04,-0.0790860766,0.6188707884,0.6239035664,slowdown_early,slowdown,0.0,0.0,0.0,0.0,0.0,0.0,0.0,0.0,0.0,0.483852566,0.0913536239,0.4247938101,official
1995-08-11,-0.1509381131,0.6331552401,0.6508977432,slowdown_early,slowdown,0.0,0.0,0.0,0.0,0.0517090179,0.0,0.0,0.0,0.0,0.5225949928,0.0,0.4256959893,official
1995-08-18,0.001053825,0.6666108549,0.6666116878,slowdown_early,slowdown,0.0,0.0,0.0,0.0,0.1176333968,0.0,0.0,0.0,0.0,0.5611480685,0.0,0.3212185347,official
1995-08-25,-0.0366298596,0.6934122548,0.6943790764,slowdown_early,slowdown,0.0,0.0,0.0,0.0,0.1632564361,0.0,0.0,0.0,0.0,0.5694333994,0.0,0.2673101645,official
1995-09-01,-0.0935175656,0.6726991983,0.6791684227,slowdown_early,slowdown,0.0,0.0,0.0,0.0,0.1781955349,0.0,0.0,0.0,0.0,0.5642802723,0.0,0.2575241928,official
1995-09-08,-0.0280651951,0.661142435,0.6617378443,slowdown_early,slowdown,0.0,0.0,0.0,0.0,0.2092231645,0.0,0.0,0.0,0.0,0.5622867316,0.0,0.228490104,official
1995-09-15,0.3916452934,0.7791287535,0.8720250285,slowdown_early,slowdown,0.0,0.0,0.0,0.002910008,0.3906227168,0.0409491708,7.7269e-06,0.000658712,7.37525e-05,0.4824685972,0.0020930217,0.0802162941,official
1995-09-22,0.4659579685,0.7588210284,0.890464026,expansion_late,expansion,0.0,0.0,0.0,0.0079050887,0.5225750961,0.1130112112,6.9614e-06,0.0008822711,9.07945e-05,0.3258665045,0.0004641168,0.0291979557,official
1995-09-29,0.5285089223,0.7826097096,0.944351438,expansion_late,expansion,0.0,0.0,0.0,0.0152603897,0.5722877133,0.1976471322,4.9468e-06,0.000928162,7.9831e-05,0.2024139294,0.0001153981,0.0112624976,official
1995-10-06,0.4477134831,0.7717566773,0.8922195536,expansion_late,expansion,0.0,0.0,0.0,0.0194074958,0.5670187175,0.2406849609,4.8077e-06,0.0007961685,6.06981e-05,0.163811625,0.0001037286,0.0081117979,official
1995-10-13,0.2609982119,0.7479259356,0.7921573529,expansion_late,expansion,0.0,0.0,0.0,0.0154643091,0.5594432386,0.2154892328,8.928e-06,0.0005030881,3.55397e-05,0.1959989291,0.0002866595,0.0127700749,official
1995-10-20,0.0065410778,0.6970643316,0.6970950209,expansion_late,expansion,0.0,0.0,0.0,0.0,0.5448106759,0.1394663193,0.0,0.0,0.0,0.3157230048,0.0,0.0,official
1995-10-27,0.0009572242,0.6746398809,0.67464056,expansion_late,expansion,0.0,0.0,0.0,0.0,0.5057991134,0.0977053674,0.0,0.0,0.0,0.3964955192,0.0,0.0,official
1995-11-03,-0.0345196518,0.6523188258,0.6532315492,slowdown_early,slowdown,0.0,0.0,0.0,0.0,0.461993614,0.0717149321,0.0,0.0,0.0,0.4662914539,0.0,0.0,official
1995-11-10,-0.5338420394,0.6192203424,0.8175702755,slowdown_early,slowdown,0.0,0.0,0.0,0.0001233446,0.209719869,0.0109022633,0.0002867244,2.3739e-06,6.73e-08,0.5846467042,0.005230899,0.1890877544,official
1995-11-17,-0.4911367906,0.6122983531,0.7849360613,slowdown_early,slowdown,0.0,0.0,0.0,5.93523e-05,0.0949923865,0.0032284498,0.0002272171,2.901e-06,9.87e-08,0.5033311114,0.0541477691,0.344010714,official
1995-11-24,-0.6262828448,0.5956662722,0.8643196802,slowdown_mid,slowdown,0.0,0.0,0.0,1.60884e-05,0.0342193085,0.0007188831,0.000239771,6.142e-07,1.93e-08,0.3522332819,0.1516251896,0.460946844,official
1995-12-01,-0.5472617447,0.6092204169,0.8189291383,slowdown_mid,slowdown,0.0,0.0,0.0,2.67959e-05,0.0210673849,0.0005119026,0.0002108858,1.4035e-06,3.92e-08,0.2667467493,0.2239014286,0.4875334102,official
1995-12-08,-0.5169258209,0.5949385199,0.7881396747,slowdown_mid,slowdown,0.0,0.0,0.0,3.37872e-05,0.016121006,0.0004783331,0.0002141519,1.9954e-06,6.38e-08,0.2167366166,0.278478882,0.4879351642,official
1995-12-15,-0.2901166923,0.612920919,0.6781148488,slowdown_mid,slowdown,0.0,0.0,0.0,0.0,0.0,0.0,0.0,0.0,0.0,0.2626651184,0.2414158331,0.4959190485,official
1995-12-22,0.0248420184,0.6859478276,0.6863975147,slowdown_mid,slowdown,0.0,0.0,0.0,0.0,0.0,0.0,0.0,0.0,0.0,0.4470148634,0.1027281589,0.4502569777,official
1995-12-29,0.0102756528,0.6590977454,0.6591778417,slowdown_early,slowdown,0.0,0.0,0.0,0.0,0.0,0.0,0.0,0.0,0.0,0.560162957,0.0586746345,0.3811624085,official
1996-01-05,0.1643529379,0.6723388889,0.6921354417,slowdown_early,slowdown,0.0,0.0,0.0,0.0,0.1063187328,0.0,0.0,0.0,0.0,0.6359366588,0.0,0.2577446084,official
1996-01-12,0.0293063488,0.6245307275,0.6252179553,slowdown_early,slowdown,0.0,0.0,0.0,0.0,0.1736721476,0.0,0.0,0.0,0.0,0.6019926621,0.0,0.2243351903,official
1996-01-19,0.0416519929,0.6115175988,0.6129344681,slowdown_early,slowdown,0.0,0.0,0.0,0.0,0.2289764209,0.0,0.0,0.0,0.0,0.574922231,0.0,0.196101348,official
1996-01-26,-0.1698066373,0.561491337,0.5866061844,slowdown_early,slowdown,0.0,0.0,0.0,0.0,0.1899856318,0.0,0.0,0.0,0.0,0.5551500652,0.0,0.2548643029,official
1996-02-02,-0.3399341051,0.4960948739,0.6013861653,slowdown_early,slowdown,0.0,0.0,0.0,0.0,0.1156003608,0.0,0.0,0.0,0.0,0.5117177969,0.0,0.3726818423,official
1996-02-09,-0.3938443716,0.4981689751,0.6350478067,slowdown_mid,slowdown,0.0,0.0,0.0,0.0,0.0709024214,0.0,0.0,0.0,0.0,0.4530418346,0.0,0.476055744,official
1996-02-16,-1.1096852849,0.3567445494,1.1656191938,slowdown_mid,slowdown,0.0,0.0,0.0,9.85e-08,0.00344808,1.60436e-05,0.0001040377,7e-10,4.15e-08,0.1260456172,0.3390860568,0.5313000239,official
1996-02-23,-0.5790358162,0.4893409354,0.7581141256,slowdown_mid,slowdown,0.0,0.0,0.0,1.69339e-05,0.0042992821,0.0001807796,0.0002486018,9.29e-07,9.1e-08,0.0972287732,0.4467499784,0.4512746309,official
1996-03-01,-0.2709365508,0.59573249,0.6544492449,slowdown_mid,slowdown,0.0,0.0,0.0,0.0,0.0,0.0,0.0,0.0,0.0,0.1605074069,0.3535696428,0.4859229503,official
1996-03-08,-0.1002742053,0.5991249411,0.6074583206,slowdown_mid,slowdown,0.0,0.0,0.0,0.0,0.0,0.0,0.0,0.0,0.0,0.2779604294,0.2213271838,0.5007123868,official
1996-03-15,0.0308466585,0.6255157769,0.6262759005,slowdown_mid,slowdown,0.0,0.0,0.0,0.0,0.0,0.0,0.0,0.0,0.0,0.4470879333,0.1049969096,0.447915157,official
1996-03-22,0.2661490577,0.6457715779,0.6984670727,slowdown_early,slowdown,0.0,0.0,0.0,0.0,0.0,0.0,0.0,0.0,0.0,0.6780785928,0.0268797503,0.2950416569,official
1996-03-29,0.2961561597,0.5887093408,0.6590046729,slowdown_early,slowdown,0.0,0.0,0.0,0.0,0.1459449572,0.0,0.0,0.0,0.0,0.6800345069,0.0,0.1740205359,official
1996-04-05,0.1722284174,0.5534694118,0.5796473217,slowdown_early,slowdown,0.0,0.0,0.0,0.0,0.2551595711,0.0,0.0,0.0,0.0,0.5999072851,0.0,0.1449331438,official
1996-04-12,0.5776830974,0.5324325592,0.7856221682,expansion_late,expansion,0.0,0.0,0.0,0.0081818047,0.49504061,0.0819143877,8.06989e-05,0.0032824411,0.0006928561,0.3750417797,0.0005752378,0.0351901839,official
1996-04-19,0.4198287178,0.6184859201,0.7475165454,expansion_late,expansion,0.0,0.0,0.0,0.0,0.5667683164,0.1659753683,0.0,0.0,0.0,0.2672563153,0.0,0.0,official
1996-04-26,0.213581607,0.6636168961,0.6971402209,expansion_late,expansion,0.0,0.0,0.0,0.0,0.5602596452,0.164463687,0.0,0.0,0.0,0.2752766679,0.0,0.0,official
1996-05-03,0.3127967661,0.696558039,0.7635672325,expansion_late,expansion,0.0,0.0,0.0,0.0094878709,0.5544873654,0.1822757182,1.02504e-05,0.0004547386,6.14472e-05,0.2372971061,0.0001521038,0.0157733995,official
1996-05-10,0.3841545965,0.7442134486,0.8375132304,expansion_late,expansion,0.0,0.0,0.0,0.0149670822,0.5600287774,0.2133740294,6.4527e-06,0.0006352741,5.9565e-05,0.1981714916,0.0001909965,0.012566331,official
1996-05-17,0.6331723511,0.8386247474,1.0508085902,expansion_late,expansion,0.0,0.0,0.0,0.0259412242,0.5516719707,0.3016186566,2.928e-06,0.0009466157,6.38224e-05,0.1159004482,2.96417e-05,0.0038246926,official
1996-05-24,0.9014570633,0.8607528481,1.2464029455,expansion_late,expansion,0.0,0.0,0.0,0.0523889762,0.453731518,0.4461607411,2.8316e-06,0.0016811712,8.48702e-05,0.0453606424,2.5208e-06,0.0005867286,official
1996-05-31,1.1236889667,0.8910690318,1.4341132847,expansion_mid,expansion,0.0,0.0,0.0,0.0945850313,0.3044270268,0.583322691,2.1139e-06,0.0026828231,8.42763e-05,0.0148206722,3.21e-07,7.50443e-05,official
1996-06-07,1.1775752877,0.8855984395,1.4734205626,expansion_mid,expansion,0.0,0.0,0.0,0.1341429884,0.2070852305,0.6482196634,1.9474e-06,0.0037891753,8.20508e-05,0.0066547342,1.778e-07,2.40322e-05,official
1996-06-14,0.9094983847,0.8916290451,1.2736520977,expansion_mid,expansion,0.0,0.0,0.0,0.1234316282,0.2245034102,0.6393466848,1.6875e-06,0.0033199864,5.96076e-05,0.0092669239,1.4519e-06,6.86195e-05,official
1996-06-21,1.0471253363,0.9773352573,1.4323601765,expansion_mid,expansion,0.0,0.0,0.0,0.1208732971,0.2157069441,0.6528472557,8.928e-07,0.0028537631,4.35341e-05,0.0076324324,5.02e-07,4.13787e-05,official
1996-06-28,0.9297621638,0.9746760319,1.3470156081,expansion_mid,expansion,0.0,0.0,0.0,0.1062892648,0.2397056813,0.6415271327,8.573e-07,0.0023605047,3.76866e-05,0.0100081288,1.2485e-06,6.94953e-05,official
1996-07-05,0.9865111997,1.0385551052,1.4324109235,expansion_mid,expansion,0.0,0.0,0.0,0.0963816802,0.249900285,0.6414127906,5.297e-07,0.0018938087,2.84819e-05,0.0103201736,8.185e-07,6.14318e-05,official
1996-07-12,0.6816834404,1.0414107285,1.2446801269,expansion_mid,expansion,0.0,0.0,0.0,0.0628676439,0.3392935136,0.5724078432,4.24e-07,0.0010456904,1.68903e-05,0.0240910347,7.8247e-06,0.0002691353,official
1996-07-19,0.2800930736,0.943419627,0.9841202784,expansion_late,expansion,0.0,0.0,0.0,0.0290370242,0.4808870934,0.4051605839,3.1372e-06,0.0004252808,1.02674e-05,0.0820669539,0.0001244946,0.0022851646,official
1996-07-26,0.2168074617,0.9546508529,0.9789605336,expansion_late,expansion,0.0,0.0,0.0,0.0143571669,0.5528622425,0.2706582398,4.2564e-06,0.0002043244,6.8864e-06,0.1546186212,0.0001922071,0.0070960552,official
1996-08-02,0.0450207788,0.8980924403,0.8992201632,expansion_late,expansion,0.0,0.0,0.0,0.0059975808,0.5534794405,0.1522852853,1.43119e-05,9.52989e-05,4.0237e-06,0.2653658486,0.0006289406,0.0221292697,official
1996-08-09,0.06755888,0.9107980312,0.9133002004,expansion_late,expansion,0.0,0.0,0.0,0.0034567965,0.5238990102,0.1007038643,1.17089e-05,8.10864e-05,4.0827e-06,0.334472071,0.0009176995,0.0364536806,official
1996-08-16,-0.055474678,0.9600787748,0.961680141,expansion_late,expansion,0.0,0.0,0.0,0.001377545,0.4551655763,0.0562658308,1.66976e-05,3.2359e-05,1.2438e-06,0.4226171332,0.0018746538,0.0626489604,official
1996-08-23,-0.0379585001,0.9627506775,0.9634986843,slowdown_early,slowdown,0.0,0.0,0.0,0.0009276224,0.4045180701,0.0402717081,1.52151e-05,3.30442e-05,1.3751e-06,0.4700141297,0.002654494,0.0815643411,official
1996-08-30,-0.2503581905,0.9641965635,0.9961697831,slowdown_early,slowdown,0.0,0.0,0.0,0.0002887406,0.289641254,0.0181793289,3.2373e-05,8.3649e-06,2.305e-07,0.5439015757,0.0067206405,0.141227492,official
1996-09-06,-0.2961955292,0.9540242268,0.9989464535,slowdown_early,slowdown,0.0,0.0,0.0,0.0001556605,0.2034987037,0.0095953856,3.83384e-05,5.9538e-06,1.546e-07,0.5727281394,0.0129017188,0.2010759451,official
1996-09-13,-0.0204201963,0.9374933641,0.937715731,slowdown_early,slowdown,0.0,0.0,0.0,0.0005294322,0.2375506888,0.0157124612,1.70874e-05,4.22448e-05,2.0198e-06,0.5727848976,0.0086634202,0.164697748,official
1996-09-20,0.0354451827,0.9652009632,0.9658515727,slowdown_early,slowdown,0.0,0.0,0.0,0.0007366934,0.2818655533,0.0222357716,1.17103e-05,5.17165e-05,2.439e-06,0.559752565,0.0053025019,0.130041049,official
1996-09-27,0.1662503003,0.9469450328,0.9614281343,slowdown_early,slowdown,0.0,0.0,0.0,0.0014209366,0.3598216614,0.0378629103,6.6885e-06,0.0001088776,6.3153e-06,0.5110974271,0.0025354558,0.0871397273,official
1996-10-04,0.0777250376,0.9336379711,0.9368676761,slowdown_early,slowdown,0.0,0.0,0.0,0.0013156395,0.3806771581,0.0413487986,1.04562e-05,7.2588e-05,3.8463e-06,0.491028083,0.0024357807,0.0831076496,official
1996-10-11,-0.0882358204,0.9344569509,0.938613527,slowdown_early,slowdown,0.0,0.0,0.0,0.0006820051,0.3339027132,0.0287513517,2.11537e-05,2.79577e-05,1.1524e-06,0.521005593,0.004301652,0.111306421,official
1996-10-18,-0.2239142181,0.8977632497,0.9252655995,slowdown_early,slowdown,0.0,0.0,0.0,0.0003111831,0.2520247363,0.0158776803,3.91036e-05,1.28813e-05,4.575e-07,0.5561128588,0.0095285255,0.1660925736,official
1996-10-25,-0.1700881289,0.915204238,0.9308752703,slowdown_early,slowdown,0.0,0.0,0.0,0.0003095036,0.2201819696,0.0129913886,3.1113e-05,1.73723e-05,6.693e-07,0.5678492029,0.011784418,0.1868343626,official
1996-11-01,-0.2791270526,0.8735854179,0.9170950844,slowdown_early,slowdown,0.0,0.0,0.0,0.0001787802,0.1666997823,0.0080112053,5.08044e-05,9.1726e-06,3.09e-07,0.5669552028,0.0198104627,0.2382842808,official
1996-11-08,-0.2128956513,0.876635849,0.9021169382,slowdown_early,slowdown,0.0,0.0,0.0,0.0002283874,0.1539188052,0.0075501806,4.20592e-05,1.50538e-05,5.919e-07,0.5657453551,0.0219848292,0.2505147377,official
1996-11-15,-0.1412179029,0.9254605026,0.9361728676,slowdown_early,slowdown,0.0,0.0,0.0,0.0003045925,0.167324569,0.0088892878,2.81365e-05,2.09524e-05,8.331e-07,0.5763076209,0.017266792,0.2298572158,official
1996-11-22,0.0273511436,0.9562538576,0.9566449316,slowdown_early,slowdown,0.0,0.0,0.0,0.000651534,0.2282337205,0.0159157656,1.3312e-05,5.35219e-05,2.5867e-06,0.5806942532,0.0084545398,0.1659807661,official
1996-11-29,0.1090989898,0.9666069234,0.9727443312,slowdown_early,slowdown,0.0,0.0,0.0,0.0010167211,0.3012595418,0.0266443929,8.3911e-06,7.75683e-05,3.9922e-06,0.5524606367,0.0040594995,0.1144692564,official
1996-12-06,0.1388972867,0.9759616326,0.9857959041,slowdown_early,slowdown,0.0,0.0,0.0,0.0013046746,0.3640658844,0.0379369739,6.614e-06,8.35847e-05,4.2764e-06,0.5098430963,0.0023089499,0.0844459457,official
1996-12-13,0.1222905962,0.9343122624,0.9422814832,slowdown_early,slowdown,0.0,0.0,0.0,0.0015350269,0.3994822143,0.0461634831,8.374e-06,8.98362e-05,5.0514e-06,0.4766033194,0.0019636866,0.074149008,official
1996-12-20,0.2333469509,0.9836937325,1.010991671,expansion_late,expansion,0.0,0.0,0.0,0.0022371632,0.4640133605,0.0642206201,3.6848e-06,0.0001205189,6.5287e-06,0.4187541115,0.0009604828,0.0496835295,official
1996-12-27,0.322447939,0.9674448538,1.0197657665,expansion_late,expansion,0.0,0.0,0.0,0.0036424526,0.528680645,0.0930278849,2.3544e-06,0.000182304,1.08357e-05,0.3433766246,0.000440414,0.0306364848,official
1997-01-03,0.2065191566,0.9368847032,0.9593764168,expansion_late,expansion,0.0,0.0,0.0,0.0034820123,0.5337496023,0.0944196872,4.9143e-06,0.0001305323,7.4132e-06,0.3355911333,0.0005520456,0.0320626595,official
1997-01-10,0.0101125977,0.9292131378,0.9292681637,expansion_late,expansion,0.0,0.0,0.0,0.0018104823,0.4791650648,0.0643144194,1.41436e-05,5.28673e-05,2.4498e-06,0.4001672187,0.0013868966,0.0530864575,official
1997-01-17,-0.3695121196,0.8512550802,0.9279948373,slowdown_early,slowdown,0.0,0.0,0.0,0.0002676353,0.29041983,0.0183859883,7.90082e-05,5.586e-06,1.505e-07,0.531178296,0.008906246,0.1507572596,official
1997-01-24,-0.4066409702,0.8513787293,0.9435054951,slowdown_early,slowdown,0.0,0.0,0.0,9.89891e-05,0.1654944935,0.0068002834,7.99568e-05,3.5469e-06,9.04e-08,0.5523720084,0.0236246192,0.2515260123,official
1997-01-31,-0.3250584292,0.8845244266,0.9423621616,slowdown_early,slowdown,0.0,0.0,0.0,0.0001163704,0.1252246479,0.0048647983,5.58975e-05,6.0957e-06,1.793e-07,0.5464403582,0.0309748261,0.2923168264,official
1997-02-07,-0.1415648915,0.8956463672,0.9067651479,slowdown_early,slowdown,0.0,0.0,0.0,0.0003041529,0.1466161576,0.0073857372,3.27357e-05,2.39631e-05,1.0422e-06,0.5644383984,0.0227928119,0.258405001,official
1997-02-14,-0.1993427178,0.9288078399,0.9499586952,slowdown_early,slowdown,0.0,0.0,0.0,0.0002268173,0.1475302552,0.0070796996,3.28235e-05,1.37614e-05,4.784e-07,0.5719815014,0.0207740912,0.2523605719,official
1997-02-21,0.4805434605,1.1068258908,1.2066422709,slowdown_early,slowdown,0.0,0.0,0.0,0.0026143817,0.376557417,0.0421403366,8.282e-07,0.000261741,1.23003e-05,0.5128413753,0.0011375463,0.0644340737,official
1997-02-28,0.6405879607,1.1212723383,1.2913576546,expansion_late,expansion,0.0,0.0,0.0,0.0058531348,0.5674387884,0.1187302176,3.649e-07,0.000328759,1.42239e-05,0.2931252591,8.1925e-05,0.0144273274,official
1997-03-07,0.7842257576,1.1537841914,1.3950727577,expansion_late,expansion,0.0,0.0,0.0,0.0117706769,0.6242373477,0.2240719425,2.341e-07,0.0003646077,1.3741e-05,0.1363188625,9.2488e-06,0.0032133387,official
1997-03-14,1.0817442096,1.159525017,1.5857707275,expansion_late,expansion,0.0,0.0,0.0,0.0292435311,0.5317603952,0.3924775104,2.968e-07,0.0006644851,2.20552e-05,0.045461654,6.788e-07,0.0003693933,official
1997-03-21,1.5650228156,1.2961463457,2.0320658854,expansion_mid,expansion,0.0,0.0,0.0,0.0685230535,0.3177760854,0.6031441819,1.685e-07,0.0011256136,2.10777e-05,0.0093922468,2.18e-08,1.75508e-05,official
1997-03-28,1.4583025925,1.2981836794,1.9524157643,expansion_mid,expansion,0.0,0.0,0.0,0.0896842844,0.2234558306,0.6803282781,1.206e-07,0.0012548434,1.48328e-05,0.0052527086,3.46e-08,9.0668e-06,official
1997-04-04,1.4621110252,1.3094690586,1.962773004,expansion_mid,expansion,0.0,0.0,0.0,0.1009016466,0.1838066245,0.71038569,1.06e-07,0.0013757128,1.34047e-05,0.0035096614,3.23e-08,7.1216e-06,official
1997-04-11,1.3181835023,1.300640116,1.8518294892,expansion_mid,expansion,0.0,0.0,0.0,0.0944223069,0.1930278151,0.7072622313,9.4e-08,0.0012340386,1.11723e-05,0.0040303428,8.18e-08,1.19172e-05,official
1997-04-18,0.4247324132,1.2226226852,1.2942966635,expansion_mid,expansion,0.0,0.0,0.0,0.0325912018,0.415957619,0.5137543703,3.711e-07,0.0002907821,2.7164e-06,0.0367504927,3.44685e-05,0.0006179781,official
1997-04-25,0.3536719184,1.2162974431,1.266674108,expansion_late,expansion,0.0,0.0,0.0,0.0144577492,0.5467376953,0.340290192,5.714e-07,0.0001155653,1.9803e-06,0.0962660422,5.08712e-05,0.002079333,official
1997-05-02,0.071749494,1.1683153389,1.1705164335,expansion_late,expansion,0.0,0.0,0.0,0.0044342066,0.596386549,0.1648504851,3.8481e-06,3.42009e-05,6.833e-07,0.2230592016,0.0002419553,0.0109888699,official
1997-05-09,-0.0297788602,1.1453154464,1.1457025147,expansion_late,expansion,0.0,0.0,0.0,0.0014939369,0.5394233233,0.0762103009,6.6454e-06,1.7265e-05,3.959e-07,0.3510153811,0.0005611462,0.0312716052,official
1997-05-16,-0.4517435529,1.1622317023,1.246938157,slowdown_early,slowdown,0.0,0.0,0.0,0.0001135063,0.3148754582,0.0147284798,2.88853e-05,9.628e-07,9.3e-09,0.5496249925,0.0037576363,0.1168700696,official
1997-05-23,-0.5196910242,1.1459388321,1.2582744405,slowdown_early,slowdown,0.0,0.0,0.0,2.9837e-05,0.1587540196,0.0041082875,3.24871e-05,4.969e-07,4.3e-09,0.6001543249,0.0119152604,0.2250052824,official
1997-05-30,-0.4112790424,1.1886553681,1.2577964998,slowdown_early,slowdown,0.0,0.0,0.0,3.9361e-05,0.1146138922,0.0028204346,1.99143e-05,9.846e-07,1.02e-08,0.6032571837,0.0157175408,0.2635306785,official
1997-06-06,-0.313484137,1.2081852086,1.2481922137,slowdown_early,slowdown,0.0,0.0,0.0,6.33914e-05,0.1124096664,0.0030254184,1.40067e-05,1.941e-06,2.41e-08,0.6142759457,0.014215667,0.255993939,official
1997-06-13,-0.0931846914,1.192958328,1.1965922276,slowdown_early,slowdown,0.0,0.0,0.0,0.0001986012,0.159396373,0.0062196903,7.5854e-06,9.4163e-06,1.895e-07,0.6342469589,0.0078667867,0.1920543985,official
1997-06-20,-0.1821572712,1.1619490724,1.1761406881,slowdown_early,slowdown,0.0,0.0,0.0,0.0001460656,0.1672882361,0.0065145347,1.12061e-05,5.7749e-06,1.072e-07,0.6313574378,0.007674824,0.1870018137,official
1997-06-27,-0.0299988725,1.1570917707,1.1574805822,slowdown_early,slowdown,0.0,0.0,0.0,0.0002989471,0.214377268,0.0107564961,6.6781e-06,1.54987e-05,3.831e-07,0.6230923672,0.0048068813,0.1466454804,official
1997-07-04,0.0298759899,1.1510360056,1.151423667,slowdown_early,slowdown,0.0,0.0,0.0,0.0004254355,0.2662501739,0.0162702539,5.2072e-06,2.20135e-05,6.026e-07,0.5989359602,0.0030382858,0.1150520674,official
1997-07-11,-0.1053836836,1.1301916521,1.1350942213,slowdown_early,slowdown,0.0,0.0,0.0,0.0002724336,0.2561667422,0.0141900613,9.5751e-06,1.06273e-05,2.477e-07,0.5969830446,0.0038459553,0.1285213129,official
1997-07-18,0.3526465627,1.2419060331,1.2910035605,slowdown_early,slowdown,0.0,0.0,0.0,0.0012201834,0.4134502993,0.0396250095,6.738e-07,7.14861e-05,2.1362e-06,0.4951574788,0.000613874,0.0498588589,official
1997-07-25,0.2205594959,1.247338295,1.2666883253,expansion_late,expansion,0.0,0.0,0.0,0.0010861687,0.4716673289,0.0488882953,1.2075e-06,3.55176e-05,8.982e-07,0.4382803847,0.0004065722,0.0396336268,official
1997-08-01,0.2567906695,1.2766616911,1.3022313625,expansion_late,expansion,0.0,0.0,0.0,0.0012225587,0.5210312682,0.0586615788,8.467e-07,3.54202e-05,8.625e-07,0.3887977457,0.0002670083,0.0299827108,official
1997-08-08,0.2716643847,1.2653086661,1.2941435618,expansion_late,expansion,0.0,0.0,0.0,0.0014231407,0.5544675678,0.0675887038,7.939e-07,3.86934e-05,9.83e-07,0.3518728189,0.0002043782,0.0244029202,official
1997-08-15,0.5576237864,1.31325295,1.4267366954,expansion_late,expansion,0.0,0.0,0.0,0.0031042877,0.6367995047,0.1146751555,1.189e-07,9.08642e-05,2.462e-06,0.2362652058,3.94251e-05,0.0090229761,official
1997-08-22,0.4991313757,1.2915330384,1.3846262021,expansion_late,expansion,0.0,0.0,0.0,0.0038984579,0.6560152974,0.1375750719,1.661e-07,7.90923e-05,2.0938e-06,0.1960091612,3.10969e-05,0.0063895624,official
1997-08-29,0.534607971,1.2946751717,1.4007103494,expansion_late,expansion,0.0,0.0,0.0,0.0048080563,0.6633560632,0.1588232259,1.313e-07,8.71447e-05,2.2933e-06,0.1683052202,2.22978e-05,0.0045955674,official
1997-09-05,0.5235346681,1.2702093908,1.3738706071,expansion_late,expansion,0.0,0.0,0.0,0.0055042267,0.660972295,0.1717788675,1.538e-07,9.34152e-05,2.5497e-06,0.1575686318,2.22166e-05,0.0040576437,official
1997-09-12,0.2448913928,1.304231928,1.3270240074,expansion_late,expansion,0.0,0.0,0.0,0.0026885825,0.6421585068,0.1177973183,7.418e-07,3.08793e-05,6.144e-07,0.2282231925,8.48435e-05,0.009015321,official
1997-09-19,0.3182430206,1.3295195533,1.3670774897,expansion_late,expansion,0.0,0.0,0.0,0.0022239626,0.6372027038,0.1032921406,4.321e-07,3.4664e-05,7.419e-07,0.2465714306,7.27598e-05,0.0106011646,official
1997-09-26,0.255223138,1.3410723641,1.3651424599,expansion_late,expansion,0.0,0.0,0.0,0.0016316752,0.6213000962,0.0858021331,6.058e-07,2.55696e-05,5.054e-07,0.2773954454,0.0001020924,0.0137418768,official
1997-10-03,0.3099896879,1.344464638,1.3797386599,expansion_late,expansion,0.0,0.0,0.0,0.0016522072,0.622500953,0.0850687719,4.339e-07,3.11581e-05,6.528e-07,0.2771778244,8.90697e-05,0.013478929,official
1997-10-10,0.1840923586,1.3574629804,1.3698889516,expansion_late,expansion,0.0,0.0,0.0,0.0010945522,0.5935543964,0.067254521,8.577e-07,1.75291e-05,3.118e-07,0.3191050657,0.0001519468,0.0188208194,official
1997-10-17,0.4410782453,1.4056786654,1.4732557582,expansion_late,expansion,0.0,0.0,0.0,0.001798373,0.637215943,0.0902319816,1.558e-07,4.02619e-05,8.08e-07,0.259956781,5.13082e-05,0.0107043876,official
1997-10-24,0.3982338178,1.39656441,1.4522335641,expansion_late,expansion,0.0,0.0,0.0,0.0019686435,0.6491074219,0.0977647513,2.037e-07,3.52781e-05,6.874e-07,0.2417986539,4.7033e-05,0.0092773274,official
1997-10-31,0.6280154404,1.434046239,1.5655325002,expansion_late,expansion,0.0,0.0,0.0,0.0034630008,0.681731642,0.1394313566,4.46e-08,6.64794e-05,1.3595e-06,0.1711713946,1.29227e-05,0.0041217998,official
1997-11-07,0.4762362777,1.4259157079,1.5033418102,expansion_late,expansion,0.0,0.0,0.0,0.0031482015,0.6789295126,0.1359087804,1.074e-07,4.17481e-05,7.636e-07,0.1774517984,2.17967e-05,0.0044972912,official
1997-11-14,0.3851591341,1.4257994235,1.4769060751,expansion_late,expansion,0.0,0.0,0.0,0.0024212538,0.6696038704,0.1173204966,1.919e-07,3.00024e-05,5.184e-07,0.2043972886,3.51574e-05,0.0061912205,official
1997-11-21,0.1515089189,1.3737716325,1.3821011,expansion_late,expansion,0.0,0.0,0.0,0.001209484,0.6199946787,0.0759156366,9.51e-07,1.43183e-05,2.301e-07,0.2883590365,0.0001248011,0.0143808637,official
1997-11-28,0.1045603792,1.3644131187,1.3684136916,expansion_late,expansion,0.0,0.0,0.0,0.0007563214,0.5676906248,0.0543177139,1.2805e-06,1.17177e-05,1.884e-07,0.353065826,0.0002172535,0.0239390738,official
1997-12-05,0.205441268,1.4044188379,1.4193654874,expansion_late,expansion,0.0,0.0,0.0,0.0007852626,0.5638593729,0.0538544771,6.425e-07,1.57638e-05,2.59e-07,0.3579499723,0.0001768409,0.0233574089,official
1997-12-12,-0.0115575319,1.3939761512,1.3940240625,expansion_late,expansion,0.0,0.0,0.0,0.0003790742,0.4903971395,0.0344797725,2.0223e-06,5.8325e-06,7.43e-08,0.4344968902,0.0004239323,0.0398152623,official
1997-12-19,0.1013058764,1.4153091379,1.4189301732,expansion_late,expansion,0.0,0.0,0.0,0.0004270865,0.4803993489,0.0344542072,1.0921e-06,9.4497e-06,1.346e-07,0.4446757685,0.0003842224,0.0396486902,official
1997-12-26,-0.073444906,1.4058979959,1.4078150905,slowdown_early,slowdown,0.0,0.0,0.0,0.0002273754,0.4109402591,0.0229935874,2.5487e-06,3.9637e-06,4.49e-08,0.5059063798,0.000743726,0.059182115,official
1998-01-02,0.0744412287,1.437534104,1.4394602449,slowdown_early,slowdown,0.0,0.0,0.0,0.0003166064,0.4194493817,0.0258793162,1.1673e-06,7.715e-06,1.003e-07,0.5015179405,0.0005677649,0.0522600077,official
1998-01-09,0.0450824903,1.4296527158,1.430363352,slowdown_early,slowdown,0.0,0.0,0.0,0.000303037,0.4141742104,0.0253693163,1.3762e-06,6.8382e-06,8.7e-08,0.5059783262,0.0005775383,0.0535892703,official
1998-01-16,-0.0193027983,1.360921245,1.3610581299,slowdown_early,slowdown,0.0,0.0,0.0,0.0002691729,0.3858309051,0.0224330861,2.4414e-06,6.4227e-06,8.99e-08,0.5258501674,0.0008554526,0.0647522619,official
1998-01-23,-0.2055741953,1.3024422775,1.3185661288,slowdown_early,slowdown,0.0,0.0,0.0,0.0001317341,0.2998815679,0.0132389408,6.5536e-06,2.7293e-06,3.26e-08,0.5813962998,0.002106049,0.1032360929,official
1998-01-30,-0.1741009554,1.3510055793,1.3621773813,slowdown_early,slowdown,0.0,0.0,0.0,0.0001163344,0.2597137797,0.0104339642,4.8256e-06,2.7457e-06,3.06e-08,0.609384944,0.0026199979,0.117723378,official
1998-02-06,-0.162704917,1.3440480991,1.3538604738,slowdown_early,slowdown,0.0,0.0,0.0,0.0001175592,0.2384386676,0.0093307647,4.7766e-06,3.0384e-06,3.52e-08,0.623613574,0.0029065222,0.1255850621,official
1998-02-13,-0.1414734326,1.3712724143,1.3785509662,slowdown_early,slowdown,0.0,0.0,0.0,0.0001204022,0.2324745081,0.0090221012,3.969e-06,3.1219e-06,3.49e-08,0.6313342264,0.0027427347,0.1242989016,official
1998-02-20,-0.2238709462,1.3405852218,1.3591493433,slowdown_early,slowdown,0.0,0.0,0.0,8.66149e-05,0.2038256848,0.0070222467,5.9774e-06,2.0781e-06,2.17e-08,0.6411651736,0.003668594,0.1442236087,official
1998-02-27,-0.4227305515,1.3202935179,1.3863174574,slowdown_early,slowdown,0.0,0.0,0.0,3.15967e-05,0.1380226235,0.0032873218,1.19395e-05,5.549e-07,4e-09,0.6458167452,0.0074519985,0.205377216,official
1998-03-06,-0.298953326,1.3456940837,1.3785012362,slowdown_early,slowdown,0.0,0.0,0.0,5.27442e-05,0.1322154206,0.0033624769,7.5845e-06,1.2484e-06,1.11e-08,0.6518250995,0.0074730974,0.2050623175,official
1998-03-13,-0.0998528226,1.3299850133,1.3337281289,slowdown_early,slowdown,0.0,0.0,0.0,0.000142647,0.1745790052,0.0061452044,4.2205e-06,4.9686e-06,6.7e-08,0.6567132328,0.0044773085,0.1579333459,official
1998-03-20,0.216321825,1.354720083,1.3718825151,slowdown_early,slowdown,0.0,0.0,0.0,0.000527382,0.301093012,0.0183069725,9.338e-07,2.51796e-05,4.878e-07,0.6017666031,0.0010975861,0.077181843,official
1998-03-27,0.0306567317,1.3544071283,1.3547540383,slowdown_early,slowdown,0.0,0.0,0.0,0.000313207,0.3290350918,0.0194065867,2.0609e-06,8.9514e-06,1.361e-07,0.5750810652,0.0010105954,0.0751423056,official
1998-04-03,0.0775524338,1.3597788468,1.3619885801,slowdown_early,slowdown,0.0,0.0,0.0,0.000366412,0.3648539914,0.0231984435,1.6179e-06,1.10666e-05,1.782e-07,0.5455364486,0.000820088,0.0652117539,official
1998-04-10,-0.0515912334,1.3532809187,1.35426397,slowdown_early,slowdown,0.0,0.0,0.0,0.0002361363,0.342749747,0.0188538207,2.9207e-06,5.6026e-06,7.6e-08,0.5593831427,0.0011523759,0.077616178,official
1998-04-17,0.1855767335,1.3845530593,1.3969344645,slowdown_early,slowdown,0.0,0.0,0.0,0.0005085427,0.4137131653,0.0298689072,8.581e-07,1.70541e-05,2.936e-07,0.5048834603,0.0005335707,0.050474148,official
1998-04-24,0.2681470315,1.3856061197,1.4113139798,expansion_late,expansion,0.0,0.0,0.0,0.000788195,0.4888909618,0.0442576019,5.253e-07,2.39865e-05,4.451e-07,0.4326533016,0.0002546788,0.033130304,official
1998-05-01,0.085285512,1.363265926,1.3659310391,expansion_late,expansion,0.0,0.0,0.0,0.0005244106,0.4746188794,0.0376013068,1.461e-06,1.09537e-05,1.739e-07,0.4460605227,0.0003961216,0.0407861704,official
1998-05-08,0.2513986365,1.3905779917,1.413120103,expansion_late,expansion,0.0,0.0,0.0,0.0007939588,0.5217376085,0.0486180021,5.484e-07,2.11583e-05,3.812e-07,0.3995918384,0.0002233517,0.0290131526,official
1998-05-15,0.1380174328,1.3856998707,1.3925562622,expansion_late,expansion,0.0,0.0,0.0,0.0006265051,0.5141274033,0.0441956914,1.0105e-06,1.27541e-05,2.035e-07,0.4084408248,0.0002781796,0.0323174278,official
1998-05-22,0.1321992243,1.3838049676,1.3901053281,expansion_late,expansion,0.0,0.0,0.0,0.0005803266,0.506752482,0.0418853751,1.0525e-06,1.24673e-05,1.997e-07,0.416325747,0.0003087574,0.0341335925,official
1998-05-29,0.1176424641,1.3853367491,1.390322861,expansion_late,expansion,0.0,0.0,0.0,0.0005345873,0.496921004,0.0395345967,1.1297e-06,1.1572e-05,1.815e-07,0.4263741537,0.0003399257,0.0362828495,official
1998-06-05,0.0658867278,1.365506793,1.3670954109,expansion_late,expansion,0.0,0.0,0.0,0.0004496249,0.4719493785,0.0347590907,1.5903e-06,9.756e-06,1.513e-07,0.4496137179,0.0004539372,0.0427627532,official
1998-06-12,-0.0984262053,1.354526587,1.3580979319,slowdown_early,slowdown,0.0,0.0,0.0,0.000229545,0.39560725,0.0221956132,3.5029e-06,4.2462e-06,5.3e-08,0.5149463886,0.0009583568,0.0660550442,official
1998-06-19,-0.4118853048,1.2755059364,1.3403599882,slowdown_early,slowdown,0.0,0.0,0.0,5.12108e-05,0.2352623715,0.0074318263,1.45026e-05,7.449e-07,6.1e-09,0.6072910546,0.004136164,0.1458121191,official
1998-06-26,-0.5093839029,1.2288691563,1.3302598858,slowdown_early,slowdown,0.0,0.0,0.0,2.30665e-05,0.12949781,0.0028470936,2.20377e-05,3.935e-07,2.9e-09,0.619097473,0.0113964028,0.23711572,official
1998-07-03,-0.8543401171,1.1685167673,1.4475249467,slowdown_early,slowdown,0.0,0.0,0.0,2.4586e-06,0.0411303077,0.0004033087,5.32043e-05,2.08e-08,1e-10,0.5082800266,0.0397721989,0.4103584743,official
1998-07-10,-1.2321265425,1.0678348517,1.6304622312,slowdown_mid,slowdown,0.0,0.0,0.0,1.357e-07,0.0069031976,2.5651e-05,9.72957e-05,4e-10,0.0,0.2664428435,0.1349234287,0.5916074473,official
1998-07-17,-1.7372837788,0.9372213908,1.973965264,slowdown_mid,slowdown,0.0,0.0,0.0,2e-09,0.0004591144,7.619e-07,0.00011445,0.0,0.0,0.0635668978,0.3674547663,0.5684040076,official
1998-07-24,-1.7094487188,0.9457616992,1.9536325432,slowdown_late,slowdown,0.0,0.0,0.0,2.2e-09,0.0001296997,6.602e-07,9.93522e-05,0.0,0.0,0.0236711317,0.5201371283,0.4559620257,official
1998-07-31,-1.7078773412,0.9262426519,1.9428768521,slowdown_late,slowdown,0.0,0.0,0.0,2e-09,7.23558e-05,6.064e-07,9.73605e-05,0.0,0.0,0.0138197821,0.6200660581,0.3659438352,official
1998-08-07,-1.5536239479,0.9550253077,1.8236832811,slowdown_late,slowdown,0.0,0.0,0.0,7.3e-09,0.0001066967,1.4774e-06,0.0001012298,0.0,0.0,0.0141176374,0.6421288903,0.3435440612,official
1998-08-14,-1.2191892094,0.9627213863,1.5534654151,slowdown_late,slowdown,0.0,0.0,0.0,1.183e-07,0.0003439074,9.8246e-06,0.0001090189,4e-10,0.0,0.0243416338,0.5856853405,0.3895101562,official
1998-08-21,-0.8267837492,1.0183087209,1.31168747,slowdown_mid,slowdown,0.0,0.0,0.0,3.3471e-06,0.0017643221,9.93376e-05,9.40831e-05,4.09e-08,2e-10,0.0627106564,0.4285856227,0.50674259,official
1998-08-28,-0.4359477354,1.0598262172,1.1459851826,slowdown_mid,slowdown,0.0,0.0,0.0,5.72574e-05,0.0098851652,0.0007282177,5.4181e-05,1.9297e-06,2.66e-08,0.1731531144,0.2171047118,0.599015396,official
1998-09-04,0.0507520176,1.0855251757,1.0867109433,slowdown_mid,slowdown,0.0,0.0,0.0,0.0008234135,0.0679987944,0.0058145389,1.28639e-05,6.53271e-05,2.2572e-06,0.4311456089,0.0472093541,0.446927842,official
1998-09-11,0.6119290558,1.1000331709,1.2587812147,slowdown_early,slowdown,0.0,0.0,0.0,0.0060759101,0.3410054033,0.0505221684,9.326e-07,0.0006443701,3.14905e-05,0.5145521633,0.0015419017,0.08562566,official
1998-09-18,0.6553587189,1.1195316175,1.2972455793,expansion_late,expansion,0.0,0.0,0.0,0.0085392304,0.5488479869,0.1322965148,3.822e-07,0.000412485,1.58717e-05,0.2942580259,9.92074e-05,0.0155302957,official
1998-09-25,0.7324198804,1.1195564628,1.3378510958,expansion_late,expansion,0.0,0.0,0.0,0.0131585238,0.6092075979,0.2274052161,2.959e-07,0.0003882004,1.48069e-05,0.1458471952,1.37419e-05,0.003964422,official
1998-10-02,0.628623492,1.1211432321,1.2853519524,expansion_late,expansion,0.0,0.0,0.0,0.0144166427,0.6053050362,0.2645330071,2.572e-07,0.0002809711,9.6045e-06,0.1129252898,1.42987e-05,0.0025148926,official
1998-10-09,0.6384350951,1.1310449805,1.2987925618,expansion_late,expansion,0.0,0.0,0.0,0.0158693843,0.5941271331,0.2898623709,2.306e-07,0.0002729381,9.0098e-06,0.0979950385,1.19983e-05,0.0018518964,official
1998-10-16,0.4914832764,1.1483605903,1.2491148291,expansion_late,expansion,0.0,0.0,0.0,0.0122016527,0.6054417716,0.2591494312,3.25e-07,0.0001730825,5.0511e-06,0.1202202503,2.71503e-05,0.0027812852,official
1998-10-23,0.4246960782,1.1723764917,1.2469295879,expansion_late,expansion,0.0,0.0,0.0,0.008756628,0.6202486258,0.218374742,4.233e-07,0.0001188285,3.3904e-06,0.1481998894,4.0589e-05,0.0042568836,official
1998-10-30,0.1042764833,1.1149897872,1.1198552632,expansion_late,expansion,0.0,0.0,0.0,0.0034428774,0.6004416201,0.1246918516,3.8482e-06,4.21275e-05,1.1468e-06,0.2564454272,0.0002488641,0.0146822373,official
1998-11-06,0.0048704279,1.1037941897,1.1038049349,expansion_late,expansion,0.0,0.0,0.0,0.0014500621,0.5347040587,0.0694477575,6.6405e-06,2.37063e-05,6.619e-07,0.3600203217,0.0005978342,0.0337489571,official
1998-11-13,-0.0737929611,1.1030513552,1.1055169349,slowdown_early,slowdown,0.0,0.0,0.0,0.0006695381,0.4487241067,0.0399225599,9.4197e-06,1.46321e-05,3.8e-07,0.448889731,0.0013263277,0.0604433048,official
1998-11-20,-0.1619491169,1.0804177936,1.0924880435,slowdown_early,slowdown,0.0,0.0,0.0,0.0003368167,0.3525203557,0.0230342951,1.46175e-05,9.2361e-06,2.226e-07,0.5225427811,0.0029506518,0.0985910235,official
1998-11-27,-0.188443368,1.0753190723,1.0917060091,slowdown_early,slowdown,0.0,0.0,0.0,0.0002302919,0.2805950715,0.0152796213,1.6337e-05,7.84e-06,1.836e-07,0.5654184999,0.0049762643,0.1334758905,official
1998-12-04,-0.2667641313,1.06522758,1.0981224426,slowdown_early,slowdown,0.0,0.0,0.0,0.0001383077,0.2114389282,0.009277222,2.17123e-05,4.7342e-06,9.67e-08,0.5920745034,0.0085084305,0.1785360649,official
1998-12-11,-0.3633216405,1.0579381231,1.1185864681,slowdown_early,slowdown,0.0,0.0,0.0,7.32917e-05,0.1470218791,0.0049348381,2.96556e-05,2.338e-06,3.88e-08,0.5961658944,0.014802865,0.2369691993,official
1998-12-18,-0.2564861666,1.1097813411,1.1390345819,slowdown_early,slowdown,0.0,0.0,0.0,0.0001078352,0.1399354889,0.0048825302,1.78535e-05,4.3126e-06,8e-08,0.6056914172,0.0138019714,0.2355585111,official
1998-12-25,-0.0414602256,1.1077327206,1.1085083358,slowdown_early,slowdown,0.0,0.0,0.0,0.0003117845,0.1906996773,0.0093623509,8.961e-06,1.84319e-05,5.175e-07,0.6165679328,0.0074565958,0.1755737482,official
1999-01-01,-0.2234871515,1.0497770239,1.0733025235,slowdown_early,slowdown,0.0,0.0,0.0,0.0001600897,0.1719715441,0.007398007,2.03239e-05,6.863e-06,1.604e-07,0.6107703684,0.0101504074,0.199522236,official
1999-01-08,-0.3545264573,1.0155399189,1.0756441492,slowdown_early,slowdown,0.0,0.0,0.0,7.93087e-05,0.1280378554,0.0042763139,3.41937e-05,2.918e-06,5.55e-08,0.59459016,0.0176593543,0.2553198405,official
1999-01-15,-0.3545050738,0.9930603052,1.0544394801,slowdown_early,slowdown,0.0,0.0,0.0,7.62261e-05,0.1047386579,0.0032327548,3.77865e-05,3.1795e-06,6.45e-08,0.5748333986,0.0246123253,0.2924656069,official
1999-01-22,-0.5442186768,0.9394651947,1.0857112048,slowdown_early,slowdown,0.0,0.0,0.0,2.46829e-05,0.0612378009,0.0012973974,6.99579e-05,7.195e-07,9.7e-09,0.5073933707,0.0480128979,0.3819631631,official
1999-01-29,-0.5757510934,0.9214998075,1.0865777546,slowdown_mid,slowdown,0.0,0.0,0.0,1.90658e-05,0.0401334941,0.0007328561,7.85003e-05,5.544e-07,7.1e-09,0.4383641214,0.0742036833,0.4464677176,official
1999-02-05,-0.4894797298,0.9365720829,1.0567675584,slowdown_mid,slowdown,0.0,0.0,0.0,3.36728e-05,0.0388498676,0.0008347837,6.58004e-05,1.2289e-06,1.99e-08,0.4194732642,0.0798431449,0.4608982176,official
1999-02-12,-0.3933354724,1.0135366777,1.0871841568,slowdown_early,slowdown,0.0,0.0,0.0,5.77027e-05,0.049282115,0.0012572154,4.15111e-05,2.3061e-06,4.01e-08,0.4533707273,0.0612036708,0.4347847114,official
1999-02-19,-0.1428210224,1.0759806374,1.0854179732,slowdown_early,slowdown,0.0,0.0,0.0,0.0002164576,0.0952840941,0.0036416853,1.70009e-05,1.26713e-05,3.274e-07,0.5494405121,0.0270982996,0.3242889518,official
1999-02-26,0.0962167383,1.0791542934,1.0834351156,slowdown_early,slowdown,0.0,0.0,0.0,0.0006549908,0.1937232888,0.0116574038,6.3168e-06,5.10853e-05,1.8936e-06,0.6047810748,0.0079538805,0.1811700656,official
1999-03-05,0.2474483407,1.0834572258,1.1113551374,slowdown_early,slowdown,0.0,0.0,0.0,0.0012809203,0.3264422448,0.0297414899,2.5617e-06,9.56419e-05,4.042e-06,0.5530886082,0.0020054531,0.0873390382,official
1999-03-12,0.2195366915,1.0535907492,1.0762201567,slowdown_early,slowdown,0.0,0.0,0.0,0.0015448659,0.4108896406,0.0462488454,2.9959e-06,8.6474e-05,3.7961e-06,0.4806610175,0.0010448168,0.0595175479,official
1999-03-19,0.6852205199,1.1188051466,1.3119649831,expansion_late,expansion,0.0,0.0,0.0,0.0060665752,0.5917741101,0.1334841994,3.608e-07,0.0003467364,1.60491e-05,0.2570585138,5.744e-05,0.0111960153,official
1999-03-26,0.7187577484,1.1090251364,1.3215708283,expansion_late,expansion,0.0,0.0,0.0,0.0116652349,0.6239384466,0.2237144304,3.091e-07,0.0003546147,1.47103e-05,0.1368301709,1.25456e-05,0.0034695374,official
1999-04-02,0.4773306366,1.0621044245,1.1644356337,expansion_late,expansion,0.0,0.0,0.0,0.0111139812,0.6167042427,0.2256534297,5.672e-07,0.0002232627,8.7741e-06,0.1420848448,3.75281e-05,0.0041733694,official
1999-04-09,0.1683748858,1.060148094,1.0734356447,expansion_late,expansion,0.0,0.0,0.0,0.0050590876,0.6050634143,0.1473766654,3.3988e-06,7.47474e-05,2.4231e-06,0.2300618601,0.0002061837,0.0121522196,official
1999-04-16,-0.255990713,1.0143249533,1.0461292253,expansion_late,expansion,0.0,0.0,0.0,0.0007455935,0.4603697255,0.0459820393,2.97577e-05,8.1773e-06,1.738e-07,0.4316181484,0.0018248447,0.0594215397,official
1999-04-23,-0.3545563156,0.9924945586,1.0539239203,slowdown_early,slowdown,0.0,0.0,0.0,0.0001716455,0.2860683477,0.0149235232,4.09667e-05,3.5106e-06,7e-08,0.5492296487,0.0066102426,0.1429520451,official
1999-04-30,-0.6024559461,0.9337281222,1.1112161685,slowdown_early,slowdown,0.0,0.0,0.0,2.3958e-05,0.1169711314,0.0029117652,8.69977e-05,4.634e-07,5.3e-09,0.5543597625,0.0278024416,0.2978434749,official
1999-05-07,-0.4614341711,0.9399872446,1.0471377724,slowdown_early,slowdown,0.0,0.0,0.0,4.1847e-05,0.0774060605,0.0019490088,6.08021e-05,1.5475e-06,2.7e-08,0.5192591593,0.0428932047,0.3583883431,official
1999-05-14,-0.7061818802,0.9432030462,1.1782719696,slowdown_mid,slowdown,0.0,0.0,0.0,7.6227e-06,0.0339323223,0.0004887725,8.76583e-05,1.427e-07,1.1e-09,0.417303616,0.0817907936,0.4663890707,official
1999-05-21,-0.5686071797,0.9687786545,1.1233192807,slowdown_mid,slowdown,0.0,0.0,0.0,1.88799e-05,0.0299856029,0.0005348796,6.68032e-05,5.278e-07,6.2e-09,0.3874337875,0.0909337698,0.4910257431,official
1999-05-28,-0.4480525968,0.952675466,1.052778074,slowdown_mid,slowdown,0.0,0.0,0.0,4.39746e-05,0.0367614978,0.0008754153,5.85565e-05,1.7448e-06,3.06e-08,0.4012192506,0.0834596169,0.4775799128,official
1999-06-04,-0.5614460965,0.921961735,1.0794605876,slowdown_mid,slowdown,0.0,0.0,0.0,2.1125e-05,0.0298567145,0.0005906167,7.73765e-05,6.441e-07,8.6e-09,0.3695792773,0.1005739406,0.4993002967,official
1999-06-11,-0.3584850695,0.9279363179,0.9947750274,slowdown_mid,slowdown,0.0,0.0,0.0,8.20273e-05,0.0439342452,0.0013023318,5.49195e-05,4.2605e-06,1.024e-07,0.4123261233,0.0793011097,0.4629948803,official
1999-06-18,-0.1145743484,0.9683982284,0.975152506,slowdown_early,slowdown,0.0,0.0,0.0,0.0003185402,0.0911951067,0.0041266105,2.54188e-05,2.46622e-05,9.181e-07,0.5157945605,0.0369806727,0.3515335104,official
1999-06-25,0.1144259921,0.9678053777,0.9745463338,slowdown_early,slowdown,0.0,0.0,0.0,0.0009478909,0.1923974534,0.0135514661,9.8498e-06,9.44547e-05,4.9434e-06,0.5822212521,0.0110836561,0.1996890336,official
1999-07-02,0.1122231669,0.9734842729,0.9799314613,slowdown_early,slowdown,0.0,0.0,0.0,0.0010476777,0.2764142534,0.0238590675,8.2774e-06,8.02938e-05,4.0085e-06,0.5655435109,0.0049044824,0.1281384284,official
1999-07-09,0.1819463276,0.9944395447,1.0109473152,slowdown_early,slowdown,0.0,0.0,0.0,0.0014451679,0.3631229726,0.038730781,4.985e-06,9.70665e-05,4.9208e-06,0.5125935181,0.0021102324,0.0818903557,official
1999-07-16,0.0223702168,0.9794043571,0.9796597988,slowdown_early,slowdown,0.0,0.0,0.0,0.0009690291,0.3639322014,0.0353956328,1.09515e-05,4.41131e-05,1.8961e-06,0.5082552925,0.0025534092,0.0888374744,official
1999-07-23,0.0894867831,0.9803019257,0.9843778491,slowdown_early,slowdown,0.0,0.0,0.0,0.0011592482,0.3888087527,0.0402967003,8.0199e-06,6.15309e-05,2.9497e-06,0.4886538773,0.0021304835,0.0788784377,official
1999-07-30,0.0648688005,0.9431262304,0.9453544562,slowdown_early,slowdown,0.0,0.0,0.0,0.0012201886,0.3952950009,0.0421338246,1.05491e-05,6.35421e-05,3.2647e-06,0.4799084164,0.0022718705,0.0790933431,official
1999-08-06,-0.0542460385,0.9187938432,0.9203938065,slowdown_early,slowdown,0.0,0.0,0.0,0.0008145072,0.3551383773,0.032604198,1.98069e-05,3.64372e-05,1.6748e-06,0.5057579211,0.0037826847,0.1018443929,official
1999-08-13,-0.3187620583,0.892194815,0.9474285396,slowdown_early,slowdown,0.0,0.0,0.0,0.0002054615,0.2320469426,0.0128053999,5.4028e-05,6.5625e-06,1.87e-07,0.559113048,0.0116985346,0.1840698358,official
1999-08-20,-0.1939368783,0.9234556265,0.9436004488,slowdown_early,slowdown,0.0,0.0,0.0,0.0002527413,0.2005564493,0.0107655486,3.2493e-05,1.42195e-05,5.112e-07,0.5706667317,0.0138928791,0.2038184263,official
1999-08-27,-0.1556445532,0.938974061,0.9517864856,slowdown_early,slowdown,0.0,0.0,0.0,0.0002896449,0.1935179767,0.0105979504,2.71433e-05,1.75928e-05,6.53e-07,0.5777755377,0.0134343823,0.204339119,official
1999-09-03,-0.1967345064,0.9496572889,0.9698213404,slowdown_early,slowdown,0.0,0.0,0.0,0.0002307542,0.1777145499,0.0089787793,2.92502e-05,1.26352e-05,4.168e-07,0.5819994651,0.0146601069,0.2163740423,official
1999-09-10,-0.1824419439,0.938254409,0.9558275989,slowdown_early,slowdown,0.0,0.0,0.0,0.0002439728,0.1714740699,0.0086287043,2.95246e-05,1.4638e-05,5.154e-07,0.5829619383,0.015366834,0.2212798025,official
1999-09-17,-0.3053915663,0.9079977755,0.9579791068,slowdown_early,slowdown,0.0,0.0,0.0,0.0001319824,0.1348987764,0.005537965,4.71972e-05,6.5263e-06,1.879e-07,0.5701774752,0.0232113855,0.2659885041,official
1999-09-24,-0.1599280989,0.9076686275,0.9216503318,slowdown_early,slowdown,0.0,0.0,0.0,0.0002706707,0.1490351349,0.0072875524,3.22108e-05,1.97261e-05,7.979e-07,0.5753288141,0.0200940568,0.2479310363,official
1999-10-01,-0.3123497049,0.8445583209,0.9004671541,slowdown_early,slowdown,0.0,0.0,0.0,0.0001375048,0.1185842363,0.0048636511,6.25275e-05,7.7862e-06,2.608e-07,0.5516229146,0.0311976282,0.2935234904,official
1999-10-08,-0.2376571579,0.836857838,0.8699494041,slowdown_early,slowdown,0.0,0.0,0.0,0.0002007911,0.1173395523,0.0051902801,5.37939e-05,1.46661e-05,6.088e-07,0.5449085633,0.0334157053,0.298876039,official
1999-10-15,-0.4173027656,0.8227597255,0.922537351,slowdown_early,slowdown,0.0,0.0,0.0,7.05659e-05,0.0806858708,0.0026086023,8.69061e-05,3.378e-06,8.95e-08,0.5021577154,0.0529460516,0.3614408204,official
1999-10-22,-0.4151110353,0.8390244528,0.9360978603,slowdown_early,slowdown,0.0,0.0,0.0,6.48144e-05,0.0639910454,0.0018775512,8.21983e-05,3.2716e-06,8.44e-08,0.4702280417,0.066084384,0.397668609,official
1999-10-29,-0.2422923073,0.8937426835,0.9260029949,slowdown_early,slowdown,0.0,0.0,0.0,0.0001727471,0.0832017379,0.0031811295,4.55916e-05,1.20505e-05,4.249e-07,0.5047339682,0.0478240482,0.3608283023,official
1999-11-05,-0.0813320662,0.9231964524,0.9267721374,slowdown_early,slowdown,0.0,0.0,0.0,0.0004005389,0.1315696368,0.0068306403,2.54024e-05,3.42165e-05,1.5367e-06,0.5590685881,0.0247311539,0.2773382864,official
1999-11-12,0.0925660712,0.9369008444,0.9414625164,slowdown_early,slowdown,0.0,0.0,0.0,0.000915862,0.2206763605,0.0165350886,1.15128e-05,8.87262e-05,4.9311e-06,0.5799478848,0.0090887564,0.1727308777,official
1999-11-19,0.3458901221,1.0007747214,1.0588626065,slowdown_early,slowdown,0.0,0.0,0.0,0.0023904317,0.3835058351,0.046820189,2.2399e-06,0.0002111644,1.20376e-05,0.4971605704,0.0014765673,0.0684209645,official
1999-11-26,0.6195740017,1.0065442402,1.1819489207,expansion_late,expansion,0.0,0.0,0.0,0.0071411517,0.5609911674,0.1297271158,9.145e-07,0.0004772782,2.80828e-05,0.2857651163,0.0001140773,0.0157550961,official
1999-12-03,0.7552616281,1.0330123414,1.279661918,expansion_late,expansion,0.0,0.0,0.0,0.0152973573,0.6043512634,0.2425304619,6.448e-07,0.0005600838,2.71509e-05,0.1336788812,1.30266e-05,0.0035411301,official
1999-12-10,0.7779366548,1.024391448,1.2862982848,expansion_late,expansion,0.0,0.0,0.0,0.0247294303,0.5606022405,0.3356299362,6.13e-07,0.0006146073,2.58943e-05,0.0771291793,5.8075e-06,0.0012622916,official
1999-12-17,1.1234909101,1.128148816,1.5921531258,expansion_mid,expansion,0.0,0.0,0.0,0.0466836688,0.4355178834,0.4889775528,3.602e-07,0.0009118212,2.54461e-05,0.0277222661,4.051e-07,0.0001605963,official
1999-12-24,0.8063239701,1.1025318143,1.3659190117,expansion_mid,expansion,0.0,0.0,0.0,0.0438666782,0.4252782897,0.4954169508,2.795e-07,0.0006813815,1.50849e-05,0.0344678978,3.2284e-06,0.0002702093,official
1999-12-31,0.9031539056,1.1564322466,1.467318138,expansion_mid,expansion,0.0,0.0,0.0,0.0455831024,0.4037968189,0.520727985,1.971e-07,0.0006479514,1.32311e-05,0.0290208568,1.6127e-06,0.0002082445,official
2000-01-07,0.8219744834,1.1493268072,1.4130089034,expansion_mid,expansion,0.0,0.0,0.0,0.0423673219,0.4117582725,0.5127908625,1.893e-07,0.0005720507,1.16103e-05,0.0322347239,2.802e-06,0.0002621667,official
2000-01-14,0.3689326113,1.0982844923,1.1585940177,expansion_late,expansion,0.0,0.0,0.0,0.0204385823,0.5233045683,0.3669000953,8.579e-07,0.0002263714,4.7362e-06,0.0872359487,5.54179e-05,0.0018334218,official
2000-01-21,-0.0073827829,1.0085219237,1.0085489458,expansion_late,expansion,0.0,0.0,0.0,0.0056438533,0.5742894098,0.1722557645,1.20551e-05,5.4154e-05,1.3746e-06,0.2330464671,0.0004928584,0.0142040633,official
2000-01-28,-0.2149564036,0.9825045733,1.0057442478,expansion_late,expansion,0.0,0.0,0.0,0.0010899645,0.4650051779,0.0573596673,2.98825e-05,1.24263e-05,3.136e-07,0.4163848915,0.0019067919,0.0582108844,official
2000-02-04,0.0265755396,1.035118838,1.0354599307,slowdown_early,slowdown,0.0,0.0,0.0,0.0010120685,0.4369207027,0.0455833845,8.2664e-06,3.39439e-05,1.2761e-06,0.4494229945,0.0016669228,0.0653504407,official
2000-02-11,-0.5854523976,0.9843171405,1.1452662324,slowdown_early,slowdown,0.0,0.0,0.0,4.73377e-05,0.1935842238,0.0065345829,7.76665e-05,5.392e-07,5.6e-09,0.5748634069,0.0129539094,0.2119383281,official
2000-02-18,-0.3069443432,1.0293351437,1.0741255363,slowdown_early,slowdown,0.0,0.0,0.0,9.83658e-05,0.150256542,0.005376227,2.89417e-05,4.0495e-06,8.41e-08,0.5845266651,0.0167715051,0.2429376198,official
2000-02-25,-0.575862216,1.0155350763,1.167445409,slowdown_early,slowdown,0.0,0.0,0.0,1.96542e-05,0.0757234839,0.0015777934,5.69096e-05,4.349e-07,4.4e-09,0.537091713,0.0357920298,0.3497379769,official
2000-03-03,-0.6187445688,0.9977822533,1.1740588854,slowdown_early,slowdown,0.0,0.0,0.0,1.3259e-05,0.0433285392,0.0007054429,6.41631e-05,2.972e-07,2.8e-09,0.4653769525,0.0599385849,0.4305727584,official
2000-03-10,-0.2401909977,1.0425745643,1.0698847777,slowdown_early,slowdown,0.0,0.0,0.0,0.0001317101,0.0743147969,0.0023035634,2.51217e-05,7.0109e-06,1.636e-07,0.5278269709,0.0358722819,0.3595183805,official
2000-03-17,-0.072455438,0.9949518107,0.9975865357,slowdown_early,slowdown,0.0,0.0,0.0,0.0003502613,0.1290751225,0.0060000997,1.78835e-05,2.66757e-05,9.884e-07,0.5819976911,0.0189420605,0.2635892172,official
2000-03-24,0.0605583907,1.0024902516,1.0043176903,slowdown_early,slowdown,0.0,0.0,0.0,0.000668713,0.2098885638,0.0137031588,9.7157e-06,5.49388e-05,2.4215e-06,0.5972151208,0.0079489953,0.1705083721,official
2000-03-31,-0.1718935976,0.9965433735,1.0112596621,slowdown_early,slowdown,0.0,0.0,0.0,0.0002636828,0.1969426689,0.0105933917,2.18875e-05,1.24718e-05,3.727e-07,0.5959262602,0.0097765881,0.1864626764,official
2000-04-07,0.1349329348,1.02313685,1.0319960808,slowdown_early,slowdown,0.0,0.0,0.0,0.0008780638,0.2878314418,0.022857325,5.909e-06,6.98556e-05,3.1945e-06,0.5695388407,0.0037263115,0.1150890581,official
2000-04-14,-0.0143186512,1.0305952928,1.0306947566,slowdown_early,slowdown,0.0,0.0,0.0,0.0005882689,0.3001844744,0.0228079119,1.04193e-05,2.87927e-05,1.0261e-06,0.5592903634,0.0036249206,0.1134638227,official
2000-04-21,-0.1157247433,0.9911199126,0.9978531442,slowdown_early,slowdown,0.0,0.0,0.0,0.0003933226,0.2712811177,0.0179655377,1.82879e-05,1.80792e-05,6.164e-07,0.5679993543,0.0054706744,0.1368530098,official
2000-04-28,-0.0314462398,0.9946088115,0.9951058004,slowdown_early,slowdown,0.0,0.0,0.0,0.0005198139,0.2817306705,0.0200461768,1.32731e-05,3.00458e-05,1.1831e-06,0.5631070512,0.0050191278,0.1295326578,official
2000-05-05,-0.2644342122,0.9808122925,1.015833749,slowdown_early,slowdown,0.0,0.0,0.0,0.0001850709,0.2106792838,0.0106122957,3.0685e-05,6.8255e-06,1.757e-07,0.5836466274,0.0100171532,0.1848218828,official
2000-05-12,-0.2150833462,0.9455115644,0.9696664191,slowdown_early,slowdown,0.0,0.0,0.0,0.0002065753,0.1821382514,0.008858236,3.1127e-05,1.11168e-05,3.582e-07,0.5843330773,0.0136713116,0.2107499464,official
2000-05-19,-0.2494286321,0.944491721,0.9768721787,slowdown_early,slowdown,0.0,0.0,0.0,0.0001682211,0.1562264551,0.006935596,3.44881e-05,8.7297e-06,2.607e-07,0.5817385441,0.0175336209,0.2373540842,official
2000-05-26,-0.2757842639,0.9319476367,0.9718967835,slowdown_early,slowdown,0.0,0.0,0.0,0.0001428372,0.1344464747,0.0054876544,3.94374e-05,7.5163e-06,2.187e-07,0.5739678392,0.0221359432,0.2637720788,official
2000-06-02,-0.4755048035,0.9083859559,1.0253145191,slowdown_early,slowdown,0.0,0.0,0.0,4.3279e-05,0.0821017523,0.0022371309,6.99397e-05,1.5155e-06,2.73e-08,0.5277498101,0.0411290275,0.3466675178,official
2000-06-09,-0.6457051788,0.8725868997,1.0855151199,slowdown_mid,slowdown,0.0,0.0,0.0,1.25154e-05,0.0389776404,0.0006676481,0.0001027988,3.126e-07,3.5e-09,0.4266291968,0.0826882201,0.4509216642,official
2000-06-16,-0.7562840704,0.8048656034,1.1044338978,slowdown_mid,slowdown,0.0,0.0,0.0,5.0966e-06,0.0169016179,0.0002168724,0.0001361394,1.032e-07,9e-10,0.2983236172,0.1558656577,0.5285508947,official
2000-06-23,-0.9969615988,0.7474041858,1.2460118163,slowdown_mid,slowdown,0.0,0.0,0.0,6.045e-07,0.0043328382,3.54283e-05,0.0001585847,5.7e-09,5e-10,0.1507331045,0.292959903,0.5517795306,official
2000-06-30,-1.0091470222,0.7301153292,1.2455705947,slowdown_mid,slowdown,0.0,0.0,0.0,4.948e-07,0.0018097259,2.27072e-05,0.0001534901,4.5e-09,6e-10,0.0826623753,0.4071215733,0.5082296282,official
2000-07-07,-0.8670603485,0.7301943734,1.1335684676,slowdown_mid,slowdown,0.0,0.0,0.0,1.7754e-06,0.0017937671,4.95604e-05,0.00015764,2.73e-08,1e-09,0.0694136169,0.4479038018,0.4806798101,official
2000-07-14,-0.95943071,0.7055556635,1.1909307627,slowdown_late,slowdown,0.0,0.0,0.0,7.372e-07,0.0011057087,2.70811e-05,0.0001582866,8.3e-09,1e-09,0.0510246976,0.509641124,0.4380423556,official
2000-07-21,-1.4144647928,0.5777534243,1.5279102295,slowdown_late,slowdown,0.0,0.0,0.0,6.8e-09,0.0001138888,1.0215e-06,9.83633e-05,0.0,4e-10,0.0141542144,0.7007020739,0.2849304309,official
2000-07-28,-1.3917857933,0.5591532255,1.4999066718,slowdown_late,slowdown,0.0,0.0,0.0,7.3e-09,5.97122e-05,9.968e-07,8.96515e-05,0.0,5e-10,0.0065732753,0.8000164829,0.1932598736,official
2000-08-04,-1.2235053565,0.5656294406,1.3479250801,slowdown_late,slowdown,0.0,0.0,0.0,3.74e-08,9.82178e-05,2.9838e-06,0.0001156192,2e-10,1.2e-09,0.0059403698,0.8264671226,0.167375648,official
2000-08-11,-1.1378881464,0.5189560952,1.2506417802,slowdown_late,slowdown,0.0,0.0,0.0,7.32e-08,0.0001172038,4.425e-06,0.0001201764,5e-10,3.3e-09,0.0055356513,0.8432812037,0.150941263,official
2000-08-18,-1.2904170978,0.4223533892,1.3577771068,slowdown_late,slowdown,0.0,0.0,0.0,1e-08,4.36131e-05,1.0404e-06,5.01648e-05,0.0,3.4e-09,0.0028227848,0.8886097628,0.1084726207,official
2000-08-25,-1.3082285856,0.4002084575,1.368074867,slowdown_late,slowdown,0.0,0.0,0.0,7.3e-09,3.38901e-05,8.162e-07,3.29795e-05,0.0,3.6e-09,0.0018206907,0.9110587796,0.0870528328,official
2000-09-01,-1.370858285,0.3840200499,1.4236305125,slowdown_late,slowdown,0.0,0.0,0.0,3.5e-09,2.37535e-05,4.902e-07,1.12209e-05,0.0,2.8e-09,0.0012501025,0.9250434052,0.0736710215,official
2000-09-08,-1.334020789,0.3690506196,1.3841278212,slowdown_late,slowdown,0.0,0.0,0.0,4.7e-09,2.53785e-05,5.805e-07,8.3207e-06,0.0,4e-09,0.0011155156,0.9300013728,0.0688488231,official
2000-09-15,-0.9045769337,0.3505298227,0.9701188513,slowdown_late,slowdown,0.0,0.0,0.0,3.86e-07,0.00014331,1.07866e-05,0.0001018215,6.4e-09,7.82e-08,0.0024715692,0.9103920687,0.0868799736,official
2000-09-22,-0.683928702,0.3889527191,0.7867926583,slowdown_late,slowdown,0.0,0.0,0.0,4.4642e-06,0.0004467364,5.9244e-05,0.0002062586,1.778e-07,1.954e-07,0.0055971644,0.873798683,0.1198870761,official
2000-09-29,-0.7257229793,0.3851768973,0.8216051879,slowdown_late,slowdown,0.0,0.0,0.0,2.9102e-06,0.000421549,4.49497e-05,0.0001932069,9.84e-08,1.645e-07,0.0071144166,0.8602908881,0.1319318164,official
2000-10-06,-0.5194551448,0.3912094188,0.6502910554,slowdown_late,slowdown,0.0,0.0,0.0,0.0,0.0,0.0,0.0,0.0,0.0,0.0,0.8342292244,0.1657707756,official
2000-10-13,-0.195211602,0.3768887806,0.4244440157,slowdown_late,slowdown,0.0,0.0,0.0,0.0,0.0,0.0,0.0,0.0,0.0,0.0,0.7469230855,0.2530769145,official
2000-10-20,-0.2911974316,0.330375834,0.4403908898,slowdown_late,slowdown,0.0,0.0,0.0,0.0,0.0,0.0,0.0,0.0,0.0,0.0,0.7417752326,0.2582247674,official
2000-10-27,-0.2937092079,0.3142467927,0.4301350317,slowdown_late,slowdown,0.0,0.0,0.0,0.0,0.0,0.0,0.0,0.0,0.0,0.0,0.7475134142,0.2524865858,official
2000-11-03,-0.2501324783,0.310821156,0.3989687303,slowdown_late,slowdown,0.0,0.0,0.0,0.0,0.0,0.0,0.0,0.0,0.0,0.0,0.7389376335,0.2610623665,official
2000-11-10,-0.3050899022,0.2791450706,0.4135236618,slowdown_late,slowdown,0.0,0.0,0.0,0.0,0.0,0.0,0.0,0.0,0.0,0.0,0.7671280726,0.2328719274,official
2000-11-17,-1.0400340074,0.1339908094,1.0486297123,slowdown_late,slowdown,0.0,0.0,0.0,2.7e-08,3.24246e-05,1.4202e-06,0.0001989096,2.9e-09,2.268e-07,0.0022704709,0.9046951986,0.0928013195,official
2000-11-24,-1.2276951497,0.0860189534,1.2307049366,slowdown_late,slowdown,0.0,0.0,0.0,2.4e-09,1.17077e-05,2.629e-07,0.0002870741,6e-10,8.33e-08,0.0006760737,0.9534259806,0.0455988148,official
2000-12-01,-1.6861599437,-0.0170060202,1.6862456999,slowdown_late,slowdown,0.0,0.0,0.0,0.0,1.1071e-06,6.7e-09,0.0004342389,0.0,8.4e-09,0.0001156744,0.9769950514,0.0224539131,official
2000-12-08,-1.7806216424,-0.0498560199,1.7813194706,slowdown_late,slowdown,0.0,0.0,0.0,0.0,6.646e-07,3.1e-09,0.0004819095,0.0,6.1e-09,6.02717e-05,0.9819934037,0.0174637414,official
2000-12-15,-1.7136613959,-0.0771612411,1.7153976906,slowdown_late,slowdown,0.0,0.0,0.0,0.0,7.144e-07,3.7e-09,0.0005306098,0.0,1.04e-08,5.50908e-05,0.9829877154,0.0164258553,official
2000-12-22,-2.3601295578,-0.250487661,2.3733848398,slowdown_late,slowdown,0.0,0.0,0.0,0.0,5.96e-08,1e-10,0.0007093404,0.0,1.4e-09,1.35201e-05,0.9901693757,0.0091077027,official
2000-12-29,-2.5214289663,-0.2925297295,2.5383415205,slowdown_late,slowdown,0.0,0.0,0.0,0.0,3.82e-08,0.0,0.0007625896,0.0,1e-09,9.0496e-06,0.9914363053,0.0077920161,official
2001-01-05,-2.5233108371,-0.3294066276,2.5447212631,slowdown_late,slowdown,0.0,0.0,0.0,0.0,3.21e-08,0.0,0.0008203418,0.0,1.3e-09,7.7656e-06,0.9920058329,0.0071660264,official
2001-01-12,-2.0587993727,-0.3709594189,2.091952616,slowdown_late,slowdown,0.0,0.0,0.0,0.0,5.65e-08,1e-10,0.001011134,0.0,9.1e-09,9.2508e-06,0.9920508634,0.0069286861,official
2001-01-19,-1.6756983415,-0.3291955361,1.7077279153,slowdown_late,slowdown,0.0,0.0,0.0,0.0,1.937e-07,7e-10,0.001103432,1e-10,5.48e-08,1.71231e-05,0.9903959008,0.0084832948,official
2001-01-26,-1.2559279139,-0.3344116553,1.2996869162,slowdown_late,slowdown,0.0,0.0,0.0,0.0,7.96e-07,8.3e-09,0.001420242,8e-09,8.322e-07,3.38819e-05,0.9886234601,0.0099207714,official
2001-02-02,-1.1023302765,-0.3321808199,1.1512932448,slowdown_late,slowdown,0.0,0.0,0.0,3e-10,1.447e-06,2.3e-08,0.0016712563,3.93e-08,2.4242e-06,4.6319e-05,0.9875529628,0.0107255281,official
2001-02-09,-1.2583325688,-0.4027544797,1.3212161158,slowdown_late,slowdown,0.1320497154,0.0003252489,0.0013299679,1e-10,6.826e-07,6e-09,0.0012115636,1.55e-08,1.6083e-06,3.55065e-05,0.8535879469,0.0114577383,official
2001-02-16,-1.0807234902,-0.5418796149,1.2089651688,slowdown_late,slowdown,0.2806289089,0.0012554535,0.0301128561,1.6e-09,5.4e-07,5.2e-09,0.0015109725,2.064e-07,1.10808e-05,2.82895e-05,0.677876029,0.0085756565,official
2001-02-23,-1.3677938383,-0.6634529588,1.5202071611,contraction_early,contraction,0.4842004086,0.0035176712,0.1028267287,1e-10,8.98e-08,3e-10,0.0007502941,2.12e-08,2.894e-06,9.9118e-06,0.4040927325,0.0045992477,official
2001-03-02,-1.4467241447,-0.7266905657,1.6189780509,contraction_early,contraction,0.5959671839,0.00891263,0.2191979753,0.0,3.96e-08,1e-10,0.0002658869,1.16e-08,1.8944e-06,5.2532e-06,0.1736344389,0.0020146861,official
2001-03-09,-1.4528984523,-0.7760771048,1.647182317,contraction_early,contraction,0.5823296063,0.018020461,0.3306666808,0.0,2.32e-08,0.0,0.0001326828,1.15e-08,1.83e-06,3.28e-06,0.0681339275,0.0007114968,official
2001-03-16,-1.8399893303,-0.8378798654,2.0217822347,contraction_early,contraction,0.5808122864,0.0163152862,0.3613916751,0.0,7e-09,0.0,5.88423e-05,6e-10,2.727e-07,1.766e-06,0.0411258673,0.0002939963,official
2001-03-23,-2.4258823558,-1.0054688985,2.6259994117,contraction_early,contraction,0.6073982504,0.0110591743,0.3480039913,0.0,1.6e-09,0.0,2.00292e-05,0.0,4.5e-08,8.117e-07,0.0333557246,0.0001619719,official
2001-03-30,-2.4605063278,-1.0205812095,2.6637712729,contraction_early,contraction,0.6191525493,0.0100249867,0.3391934031,0.0,1.5e-09,0.0,1.58896e-05,0.0,4.15e-08,7.572e-07,0.0314733711,0.0001389999,official
2001-04-06,-2.3372758803,-1.0720726874,2.5714195278,contraction_early,contraction,0.5989712548,0.012092246,0.3616796725,0.0,1.1e-09,0.0,2.24544e-05,1e-10,7.4e-08,5.769e-07,0.0271253448,0.0001083754,official
2001-04-13,-1.9953429117,-1.1357162008,2.295919124,contraction_early,contraction,0.5209194443,0.0219216793,0.438148889,0.0,8e-10,0.0,6.39633e-05,6e-10,3.313e-07,3.769e-07,0.0188777358,6.75787e-05,official
2001-04-20,-1.6856434845,-1.1864147834,2.0613039551,contraction_mid,contraction,0.4023209708,0.044765072,0.5412328847,0.0,6e-10,0.0,0.0002230681,5.5e-09,1.4729e-06,2.547e-07,0.0114168973,3.93734e-05,official
2001-04-27,-1.7253128302,-1.2705779802,2.1426788761,contraction_mid,contraction,0.314969785,0.063044088,0.614169162,0.0,3e-10,0.0,0.000381874,5.2e-09,1.514e-06,1.617e-07,0.0074076635,2.57465e-05,official
2001-05-04,-1.880021568,-1.3723971888,2.3276501326,contraction_mid,contraction,0.2642874185,0.0702604799,0.6596500407,0.0,1e-10,0.0,0.0004095123,2.6e-09,1.0192e-06,1.06e-07,0.0053722678,1.91529e-05,official
2001-05-11,-1.7770843815,-1.4120880334,2.2698064924,contraction_mid,contraction,0.211618257,0.0883597824,0.69570602,0.0,1e-10,0.0,0.0006081736,5.2e-09,1.6591e-06,7.62e-08,0.0036921299,1.38966e-05,official
2001-05-18,-1.5925774668,-1.539412265,2.2149702276,contraction_mid,contraction,0.1404557145,0.132712132,0.7236620874,0.0,0.0,0.0,0.0013833792,1.94e-08,4.4102e-06,2.89e-08,0.0017759598,6.2686e-06,official
2001-05-25,-1.7158607596,-1.5879436066,2.3378928641,contraction_mid,contraction,0.1154290823,0.1427167704,0.7389405756,0.0,0.0,0.0,0.0016103186,1.05e-08,3.1254e-06,2.66e-08,0.0012940719,6.0188e-06,official
2001-06-01,-1.8751575885,-1.6850019494,2.5210012993,contraction_mid,contraction,0.1073529235,0.1382270981,0.7519168566,0.0,0.0,0.0,0.0014023289,5.5e-09,2.1273e-06,2.07e-08,0.0010932561,5.3833e-06,official
2001-06-08,-2.0019500095,-1.784063692,2.6815456546,contraction_mid,contraction,0.1038376995,0.1329744213,0.7609932899,0.0,0.0,0.0,0.0012075148,3.7e-09,1.655e-06,1.59e-08,0.000980718,4.6818e-06,official
2001-06-15,-1.8589340657,-1.788227916,2.5794175584,contraction_mid,contraction,0.0908077601,0.1493014413,0.7575678504,0.0,0.0,0.0,0.0015419605,7.3e-09,2.6125e-06,1.18e-08,0.0007747766,3.5796e-06,official
2001-06-22,-1.9232412727,-1.8877172696,2.6948717006,contraction_mid,contraction,0.0816873574,0.1587651496,0.7571803418,0.0,0.0,0.0,0.0017371396,6.6e-09,2.5885e-06,8.4e-09,0.0006245386,2.8696e-06,official
2001-06-29,-1.7355312767,-1.9256908594,2.5923645766,contraction_mid,contraction,0.0635527185,0.1950096816,0.7382447833,0.0,0.0,0.0,0.0027824076,1.71e-08,5.1131e-06,4.6e-09,0.0004035189,1.7553e-06,official
2001-07-06,-1.6963007228,-1.943405391,2.5795853651,contraction_mid,contraction,0.0539769088,0.2206253247,0.7213001747,0.0,0.0,0.0,0.0037794661,2.14e-08,6.4047e-06,3.9e-09,0.0003101657,1.5299e-06,official
2001-07-13,-1.326157864,-1.9509973897,2.3590433432,contraction_mid,contraction,0.0332677994,0.3110906057,0.6464035437,2e-10,0.0,0.0,0.0090694482,1.369e-07,2.40886e-05,1.5e-09,0.0001437279,6.48e-07,official
2001-07-20,-1.9334552054,-2.1683018681,2.9051302936,contraction_mid,contraction,0.0425024396,0.2651281875,0.6867725038,0.0,0.0,0.0,0.0053800398,1.16e-08,6.1913e-06,2.6e-09,0.0002093559,1.2678e-06,official
2001-07-27,-1.7851332576,-2.2130922751,2.8433216781,contraction_mid,contraction,0.0383046211,0.2756756916,0.6798724628,0.0,0.0,0.0,0.0059720093,2.27e-08,8.3871e-06,1.4e-09,0.000166024,7.8e-07,official
2001-08-03,-1.4202971537,-2.1959661698,2.6152459585,contraction_mid,contraction,0.024761024,0.3566110739,0.6067570665,1e-10,0.0,0.0,0.0117622532,1.106e-07,2.55219e-05,5e-10,8.26108e-05,3.385e-07,official
2001-08-10,-1.5710080357,-2.2341672553,2.7312212603,contraction_mid,contraction,0.0241287852,0.373903966,0.5893498085,1e-10,0.0,0.0,0.012509371,6.03e-08,2.18451e-05,7e-10,8.57157e-05,4.475e-07,official
2001-08-17,-0.7806145946,-2.0958561102,2.2365088821,contraction_late,contraction,0.0084071929,0.5565509499,0.3867498416,7.6e-09,0.0,0.0,0.0480320556,2.1613e-06,0.0002389784,1e-10,1.87419e-05,7.05e-08,official
2001-08-24,-0.7864796986,-2.1291739864,2.2697868139,contraction_late,contraction,0.0047303388,0.6512015426,0.2655121288,6.9e-09,0.0,0.0,0.0780179326,2.0416e-06,0.0005234156,1e-10,1.25328e-05,6.03e-08,official
2001-08-31,-0.9358710589,-2.1839854093,2.3760570083,contraction_late,contraction,0.0041005842,0.6874336336,0.2279962693,2.6e-09,0.0,0.0,0.0799443407,1.0597e-06,0.0005086097,1e-10,1.54169e-05,8.31e-08,official
2001-09-07,-1.0145318297,-2.2090398928,2.4308706427,contraction_late,contraction,0.0040415101,0.7000976053,0.2201088919,1.6e-09,0.0,0.0,0.075314827,7.523e-07,0.0004185109,1e-10,1.78012e-05,9.96e-08,official
2001-09-14,-0.5201334204,-2.2765263129,2.3351896771,contraction_late,contraction,0.0012286576,0.729463105,0.1206090897,2.61e-08,0.0,0.0,0.1471653218,5.807e-06,0.0015247696,0.0,3.2124e-06,1.07e-08,official
2001-09-21,-1.085118956,-2.4770062765,2.7042639003,contraction_late,contraction,0.0019441909,0.7503828228,0.1475919998,1.1e-09,0.0,0.0,0.0993691183,6.677e-07,0.0006998029,0.0,1.13455e-05,5.1e-08,official
2001-09-28,-1.3796061695,-2.5365921913,2.887492533,contraction_late,contraction,0.0036113854,0.727771279,0.206770405,2e-10,0.0,0.0,0.0615853261,2.114e-07,0.0002393948,1e-10,2.1885e-05,1.129e-07,official
2001-10-05,-1.6169026952,-2.6319515699,3.088938878,contraction_late,contraction,0.0062638974,0.6718830095,0.2810668452,1e-10,0.0,0.0,0.0406587438,9.29e-08,9.47682e-05,2e-10,3.24697e-05,1.73e-07,official
2001-10-12,-2.5096216125,-2.7376505606,3.7138835779,contraction_mid,contraction,0.0219799235,0.4746385781,0.4905807021,0.0,0.0,0.0,0.0126345318,6.3e-09,1.11081e-05,1.9e-09,0.0001539134,1.2348e-06,official
2001-10-19,-0.9068828102,-2.3111467503,2.4827073393,contraction_late,contraction,0.0068315274,0.6056106577,0.3355797137,2.9e-09,0.0,0.0,0.0517892143,1.1822e-06,0.0001725795,0.0,1.50756e-05,4.69e-08,official
2001-10-26,-1.0204443167,-2.3902987184,2.5990064576,contraction_late,contraction,0.0046407268,0.6646888253,0.2644981326,1.5e-09,0.0,0.0,0.0658487902,7.433e-07,0.0003101468,0.0,1.25812e-05,5.22e-08,official
2001-11-02,-1.2866983338,-2.482422615,2.796071287,contraction_late,contraction,0.005353002,0.6694587198,0.2708906996,4e-10,0.0,0.0,0.0540791683,2.729e-07,0.0001980502,1e-10,1.9991e-05,9.58e-08,official
2001-11-09,-1.2880889539,-2.5410447558,2.8488737431,contraction_late,contraction,0.0051548701,0.6735774381,0.2679026254,4e-10,0.0,0.0,0.0531730649,2.782e-07,0.0001736617,1e-10,1.79815e-05,7.96e-08,official
2001-11-16,0.2493860953,-2.3041549942,2.3176116288,contraction_late,contraction,0.0001801593,0.6315155058,0.0450831504,1.2737e-06,0.0,3.4e-09,0.3156991989,0.000101322,0.0074192339,0.0,1.524e-07,2e-10,official
2001-11-23,0.0673060856,-2.4131249404,2.4140633974,contraction_late,contraction,5.98393e-05,0.523757726,0.0188273032,3.804e-07,0.0,7e-10,0.4360755563,6.22517e-05,0.0212167326,0.0,2.095e-07,3e-10,official
2001-11-30,0.2612881681,-2.4534678486,2.4673418878,recovery_early,recovery,2.07286e-05,0.3882395695,0.0087878273,7.833e-07,0.0,1.7e-09,0.5599988204,0.0001688054,0.042783384,0.0,7.96e-08,1e-10,official
2001-12-07,0.5650190398,-2.4756756147,2.539333823,recovery_early,recovery,5.6035e-06,0.2273534093,0.0030630553,2.2842e-06,0.0,6.7e-09,0.6798876883,0.0005714268,0.089116509,0.0,1.69e-08,0.0,official
2001-12-14,-0.9488039877,-2.4792213341,2.6545748116,contraction_late,contraction,0.0006426685,0.5434437415,0.0388485457,4e-09,0.0,0.0,0.4070291004,1.24625e-05,0.0100104286,0.0,1.29948e-05,5.39e-08,official
2001-12-21,-0.7475438602,-2.4981961067,2.6076436893,contraction_late,contraction,0.0005267684,0.6736807307,0.0609449065,7.2e-09,0.0,0.0,0.259803319,4.1807e-06,0.0050356172,0.0,4.4554e-06,1.49e-08,official
2001-12-28,-0.1791099338,-2.4335818136,2.4401640953,contraction_late,contraction,0.0001489055,0.6242817899,0.0333106575,1.175e-07,0.0,2e-10,0.3317493518,2.39017e-05,0.0104846997,0.0,5.75e-07,1.2e-09,official
2002-01-04,0.2526525498,-2.3765411243,2.3899332682,recovery_early,recovery,2.89127e-05,0.4557768548,0.0119508936,8.98e-07,0.0,2.2e-09,0.4997294561,0.0001279824,0.0323849048,0.0,9.52e-08,1e-10,official
2002-01-11,-0.6217409046,-2.3828971035,2.4626734169,contraction_late,contraction,0.000293814,0.6070736945,0.038701146,1.63e-08,0.0,0.0,0.3442673216,1.38365e-05,0.0096462384,0.0,3.9188e-06,1.37e-08,official
2002-01-18,0.1624888542,-2.2785915538,2.2843778358,recovery_early,recovery,4.64227e-05,0.4742241067,0.0150710457,7.612e-07,0.0,1.9e-09,0.4811972868,0.0001051577,0.0293550417,0.0,1.753e-07,3e-10,official
2002-01-25,0.3946065431,-2.258655061,2.2928665484,recovery_early,recovery,1.37488e-05,0.3124386563,0.0059751147,2.0324e-06,0.0,6.7e-09,0.6161455297,0.0003740302,0.0650508255,0.0,5.56e-08,1e-10,official
2002-02-01,0.5551543069,-2.2413778686,2.3091061159,recovery_early,recovery,5.9512e-06,0.1853118845,0.0024670768,3.7499e-06,0.0,1.47e-08,0.6982882662,0.0010125779,0.1129104555,0.0,2.32e-08,0.0,official
2002-02-08,0.4624661296,-2.2728720478,2.3194443875,recovery_early,recovery,7.694e-06,0.1452752976,0.0018882475,2.5803e-06,0.0,8.5e-09,0.7274988739,0.0012335197,0.1240937421,0.0,3.65e-08,0.0,official
2002-02-15,0.633498981,-2.2501723893,2.3376476938,recovery_early,recovery,3.7678e-06,0.1001340621,0.0009695248,4.8639e-06,0.0,1.93e-08,0.7353220384,0.0020391525,0.1615265569,0.0,1.42e-08,0.0,official
2002-02-22,0.6655928028,-2.1823710045,2.2816128024,recovery_early,recovery,3.2975e-06,0.0772522801,0.0006495546,6.6898e-06,0.0,2.88e-08,0.727810347,0.0030547367,0.1912230526,0.0,1.28e-08,0.0,official
2002-03-01,0.541908562,-2.160432373,2.2273600804,recovery_early,recovery,5.7044e-06,0.0815218479,0.0007680518,5.0784e-06,0.0,1.91e-08,0.7332855311,0.002848651,0.1815650884,0.0,2.78e-08,0.0,official
2002-03-08,0.5554370283,-2.1645362038,2.2346649123,recovery_early,recovery,5.3632e-06,0.0819510885,0.0007676846,5.1711e-06,0.0,1.98e-08,0.7345890356,0.0027696942,0.1799119176,0.0,2.54e-08,0.0,official
2002-03-15,0.2088066163,-2.153609754,2.1637086624,recovery_early,recovery,2.33133e-05,0.1317972812,0.0020054629,1.5642e-06,0.0,4.3e-09,0.7465114599,0.0012121525,0.1184485718,0.0,1.896e-07,3e-10,official
2002-03-22,0.3972885596,-2.0851233105,2.1226345469,recovery_early,recovery,1.13448e-05,0.1262525919,0.0017325354,3.308e-06,0.0,1.36e-08,0.7402994219,0.0013921657,0.130308546,0.0,7.25e-08,1e-10,official
2002-03-29,0.3342020073,-2.0832931447,2.1099292188,recovery_early,recovery,1.48028e-05,0.1343296375,0.0019882032,2.6933e-06,0.0,1.03e-08,0.7381464455,0.0013088472,0.1242092546,0.0,1.056e-07,2e-10,official
2002-04-05,0.2460156115,-2.1347203124,2.1488495744,recovery_early,recovery,2.0376e-05,0.1562269187,0.0026249795,1.6787e-06,0.0,5.4e-09,0.7344475214,0.000931202,0.1057471628,0.0,1.553e-07,3e-10,official
2002-04-12,-0.1278917832,-2.2039446373,2.2076522082,recovery_early,recovery,7.91447e-05,0.2585789122,0.0073034461,2.964e-07,0.0,5e-10,0.6788348723,0.0002561199,0.0549462962,0.0,9.092e-07,2.4e-09,official
2002-04-19,-0.2298465308,-2.160254719,2.1724479001,recovery_early,recovery,0.0001251761,0.3643321104,0.0143175543,1.833e-07,0.0,3e-10,0.5861475328,0.0001042844,0.0349716222,0.0,1.5313e-06,5e-09,official
2002-04-26,-0.3274083588,-2.160387906,2.1850565525,recovery_early,recovery,0.0001882216,0.470360283,0.023924783,1.068e-07,0.0,2e-10,0.4830170897,5.05061e-05,0.0224567711,0.0,2.2305e-06,8.1e-09,official
2002-05-03,-0.0898280776,-2.104091359,2.1060079607,recovery_early,recovery,0.0001072438,0.4648457819,0.0198759084,3.701e-07,0.0,9e-10,0.4867001355,8.73157e-05,0.0283823781,0.0,8.63e-07,2.6e-09,official
2002-05-10,-0.021245973,-2.0756839337,2.075792664,recovery_early,recovery,8.20026e-05,0.4380976452,0.0165909736,5.526e-07,0.0,1.5e-09,0.5108806242,0.00013221,0.0342153147,0.0,6.737e-07,2e-09,official
2002-05-17,0.0114449445,-2.001165856,2.0011985833,recovery_early,recovery,7.64353e-05,0.4090272486,0.0147880681,7.924e-07,0.0,2.6e-09,0.5354008095,0.0001855916,0.0405203442,0.0,7.055e-07,2.2e-09,official
2002-05-24,0.0592999033,-1.9879409325,1.9888251883,recovery_early,recovery,6.36295e-05,0.3744718481,0.0124865345,1.0331e-06,0.0,3.7e-09,0.5647713925,0.0002506111,0.0479543671,0.0,5.787e-07,1.8e-09,official
2002-05-31,0.4857107287,-1.9366568826,1.9966358689,recovery_early,recovery,1.1724e-05,0.222645465,0.00397177,6.8465e-06,1e-10,4.29e-08,0.6657694931,0.0010515454,0.1065430518,0.0,6.11e-08,1e-10,official
2002-06-07,0.9585833067,-1.8937125216,2.1225053758,recovery_early,recovery,1.0522e-06,0.0738746106,0.0005346324,3.45722e-05,7e-10,3.188e-07,0.6693383107,0.0060215668,0.2501949325,0.0,2.9e-09,0.0,official
2002-06-14,0.8897512158,-1.8706648183,2.0714835477,recovery_early,recovery,1.2949e-06,0.0410947942,0.0002511612,3.80683e-05,6e-10,2.688e-07,0.6223209579,0.0117744048,0.3245190447,0.0,4.5e-09,0.0,official
2002-06-21,1.36780785,-1.7629088573,2.231310367,recovery_mid,recovery,1.015e-07,0.0119427474,3.14221e-05,0.0001928103,5.3e-09,1.6441e-06,0.4379488113,0.0380937086,0.5117887492,0.0,1e-10,0.0,official
2002-06-28,1.2619485035,-1.7371611038,2.1471475791,recovery_mid,recovery,1.71e-07,0.0081996343,2.71472e-05,0.0003237034,4.7e-09,1.4073e-06,0.3401221834,0.0570474416,0.5942783067,0.0,3e-10,0.0,official
2002-07-05,1.375342478,-1.6872167631,2.1767561502,recovery_mid,recovery,8.58e-08,0.0047041855,1.53811e-05,0.0006076177,8.3e-09,2.2273e-06,0.2477196688,0.0835738025,0.6633770228,0.0,1e-10,0.0,official
2002-07-12,1.0129131833,-1.7022824391,1.9808479547,recovery_mid,recovery,7.256e-07,0.0080789133,6.0703e-05,0.000422711,3.2e-09,9.691e-07,0.2800531366,0.0651360412,0.6462467946,0.0,2.3e-09,0.0,official
2002-07-19,1.352736109,-1.6140893321,2.1059865509,recovery_mid,recovery,9.03e-08,0.0039087517,1.53044e-05,0.0007788646,1.24e-08,2.8982e-06,0.2090969433,0.09666488,0.6895322551,0.0,1e-10,0.0,official
2002-07-26,1.253964459,-1.5902084126,2.0251394174,recovery_mid,recovery,1.61e-07,0.0035298969,2.01988e-05,0.0009935483,1.2e-08,2.7386e-06,0.186694987,0.1047920793,0.7039663778,0.0,3e-10,0.0,official
2002-08-02,1.0053919083,-1.6082940291,1.8966872629,recovery_mid,recovery,7.605e-07,0.0060405097,5.79254e-05,0.0006728791,6.3e-09,1.549e-06,0.2271555526,0.0821107461,0.6839600686,0.0,2.7e-09,0.0,official
2002-08-09,0.9134243822,-1.6095458035,1.850670634,recovery_mid,recovery,1.3175e-06,0.0091749878,8.90021e-05,0.0004475582,4.9e-09,1.2001e-06,0.2765706598,0.0659151865,0.6478000772,0.0,5.8e-09,0.0,official
2002-08-16,0.3520185806,-1.6349730496,1.6724395218,recovery_early,recovery,3.2479e-05,0.0393279763,0.0008414843,8.49108e-05,5e-10,1.758e-07,0.4774545905,0.0232906192,0.4589673173,0.0,4.446e-07,1.7e-09,official
2002-08-23,0.3378181447,-1.6140526458,1.6490260891,recovery_early,recovery,3.07488e-05,0.0710122449,0.001291696,3.42814e-05,5e-10,1.527e-07,0.5989734343,0.0123218131,0.3163351897,0.0,4.368e-07,1.8e-09,official
2002-08-30,0.1254515557,-1.6142144395,1.6190819465,recovery_early,recovery,7.78279e-05,0.1310604765,0.003242696,1.01419e-05,1e-10,4.98e-08,0.6762085763,0.0044568246,0.1849418244,0.0,1.573e-06,9.7e-09,official
2002-09-06,0.2518167902,-1.600532219,1.6202206886,recovery_early,recovery,4.30018e-05,0.1443371361,0.0033198886,1.14063e-05,3e-10,9.38e-08,0.6883152158,0.0033876542,0.1605849167,0.0,6.83e-07,3.5e-09,official
2002-09-13,-0.3788123891,-1.6563300134,1.6990962125,recovery_early,recovery,0.0004944009,0.3293484906,0.0181010288,4.505e-07,0.0,1.3e-09,0.6015425891,0.0003537207,0.050142091,5e-10,1.70473e-05,1.793e-07,official
2002-09-20,-0.9305751587,-1.7555344304,1.9869250772,contraction_late,contraction,0.0023164599,0.619704423,0.0893617323,7.2e-09,0.0,0.0,0.282225918,8.3245e-06,0.0063038974,2.9e-09,7.827e-05,9.647e-07,official
2002-09-27,-0.7906711126,-1.7405800546,1.911747822,contraction_late,contraction,0.0028745858,0.6967029411,0.1377408888,1.31e-08,0.0,0.0,0.1599175856,3.7233e-06,0.0027207323,1.3e-09,3.9095e-05,4.338e-07,official
2002-10-04,-0.7295276524,-1.7267690532,1.8745511353,contraction_late,contraction,0.0032001016,0.7095773607,0.1573637158,1.89e-08,0.0,0.0,0.1280765581,3.8921e-06,0.0017467281,1e-09,3.12822e-05,3.413e-07,official
2002-10-11,-0.4959726043,-1.6987715502,1.7696930819,contraction_late,contraction,0.0021081247,0.7059036251,0.1269205124,9.83e-08,0.0,2e-10,0.162192884,1.15729e-05,0.0028472016,4e-10,1.58265e-05,1.539e-07,official
2002-10-18,-0.8426193713,-1.7540401344,1.9459353016,contraction_late,contraction,0.0035964425,0.7142867123,0.1699651961,8.2e-09,0.0,0.0,0.1108611296,2.2004e-06,0.0012484524,1.3e-09,3.94116e-05,4.456e-07,official
2002-10-25,-0.7830724474,-1.7393638006,1.9075085553,contraction_late,contraction,0.004073902,0.7069762962,0.1853817498,1.23e-08,0.0,0.0,0.1025145537,2.6332e-06,0.0010156019,1.1e-09,3.48731e-05,3.767e-07,official
2002-11-01,-0.6637396728,-1.6984914622,1.8235744022,contraction_late,contraction,0.0036107068,0.7045116668,0.1731962304,3.09e-08,0.0,1e-10,0.1172745206,4.8578e-06,0.0013737528,9e-10,2.79313e-05,3.015e-07,official
2002-11-08,-0.3882376219,-1.6916418052,1.7356210554,contraction_late,contraction,0.0017596456,0.6974012604,0.1161518868,2.031e-07,0.0,7e-10,0.1810537652,1.89069e-05,0.0036030967,3e-10,1.11352e-05,9.92e-08,official
2002-11-15,-0.0269993534,-1.709036757,1.7092500115,contraction_late,contraction,0.0004119214,0.613933273,0.0495621664,1.6043e-06,0.0,9.2e-09,0.3218715494,9.62426e-05,0.0141210198,0.0,2.2008e-06,1.3e-08,official
2002-11-22,0.1324550771,-1.6601059013,1.6653816232,contraction_late,contraction,0.0001352183,0.4821378569,0.0227451451,4.1788e-06,1e-10,3.32e-08,0.4574491785,0.0002870046,0.0372402752,0.0,1.1034e-06,5.9e-09,official
2002-11-29,0.3274978612,-1.6050845024,1.6381547879,recovery_early,recovery,4.46063e-05,0.3213647839,0.0095319132,1.19018e-05,4e-10,1.324e-07,0.5839756205,0.0010369652,0.0840336566,0.0,4.179e-07,1.8e-09,official
2002-12-06,0.4354019705,-1.555433546,1.6152239448,recovery_early,recovery,2.19459e-05,0.1978235819,0.0043048238,2.18433e-05,1.2e-09,2.883e-07,0.6505087306,0.0028347607,0.1444837892,0.0,2.342e-07,9e-10,official
2002-12-13,0.545628228,-1.5865345267,1.6777371569,recovery_early,recovery,1.05438e-05,0.1178170418,0.0018343794,3.0662e-05,1.5e-09,3.679e-07,0.6677861074,0.0056125733,0.2069082263,0.0,9.63e-08,3e-10,official
2002-12-20,0.6314176819,-1.5555141063,1.6787830187,recovery_early,recovery,6.4521e-06,0.0728737905,0.0008626153,5.05719e-05,2.7e-09,5.989e-07,0.645188793,0.0100145308,0.2710025898,0.0,5.48e-08,1e-10,official
2002-12-27,0.4905130972,-1.546997472,1.622899959,recovery_early,recovery,1.3622e-05,0.0724502296,0.0009809651,4.18114e-05,1.7e-09,3.798e-07,0.6475521735,0.0100795171,0.2688811372,0.0,1.618e-07,6e-10,official
2003-01-03,0.5149698012,-1.53639743,1.6204045665,recovery_early,recovery,1.21646e-05,0.0690821777,0.0009064899,4.6835e-05,2e-09,4.435e-07,0.6430737989,0.0107433479,0.2761346008,0.0,1.392e-07,5e-10,official
2003-01-10,0.7787791629,-1.5014850791,1.6914356114,recovery_early,recovery,2.8834e-06,0.0407108937,0.0003391145,0.0001125531,7.3e-09,1.3098e-06,0.5772587483,0.0196723034,0.3619021672,0.0,1.95e-08,0.0,official
2003-01-17,0.7930814864,-1.4548667039,1.6569898521,recovery_early,recovery,2.7066e-06,0.0297548434,0.0002287408,0.000184805,1.13e-08,1.7937e-06,0.5164479898,0.0294803943,0.4238986959,0.0,1.91e-08,0.0,official
2003-01-24,0.6372328554,-1.4365987338,1.5715857069,recovery_early,recovery,7.069e-06,0.0349988856,0.0003642362,0.0001757019,8.4e-09,1.3003e-06,0.5182332963,0.0286010224,0.4176184053,0.0,7.44e-08,2e-10,official
2003-01-31,0.3684444603,-1.4439026495,1.4901698499,recovery_early,recovery,3.21122e-05,0.0629493334,0.0010744357,7.85734e-05,2.7e-09,4.861e-07,0.5906815421,0.016493488,0.3286894305,0.0,5.924e-07,3.5e-09,official
2003-02-07,0.5778459352,-1.434722632,1.5467174776,recovery_early,recovery,1.00279e-05,0.0545679372,0.0006972601,0.0001043263,6.8e-09,1.0549e-06,0.583990993,0.018697705,0.3419305705,0.0,1.18e-07,4e-10,official
2003-02-14,0.3010030102,-1.458950581,1.4896776866,recovery_early,recovery,4.30068e-05,0.0859058378,0.0016605429,4.38471e-05,1.6e-09,3.161e-07,0.6383469261,0.0104928342,0.2635058104,0.0,8.712e-07,5.7e-09,official
2003-02-21,-0.4390459513,-1.5928863297,1.6522857521,recovery_early,recovery,0.0007633088,0.2944011487,0.016516022,6.223e-07,0.0,1.3e-09,0.6235032847,0.000595255,0.0641872454,1.6e-09,3.26883e-05,4.218e-07,official
2003-02-28,-0.4326509373,-1.5806300115,1.6387733421,recovery_early,recovery,0.0008286179,0.4644545221,0.0396822604,2.974e-07,0.0,1.1e-09,0.4679166811,0.0001173387,0.0269753892,1.2e-09,2.45738e-05,3.173e-07,official
2003-03-07,-0.7397126907,-1.604198524,1.7665298665,contraction_late,contraction,0.0022285032,0.6407556071,0.0994707146,2.97e-08,0.0,1e-10,0.2507232945,1.24674e-05,0.0067486753,3.7e-09,5.98041e-05,9.001e-07,official
2003-03-14,-1.1719285817,-1.6390861165,2.0149491056,contraction_late,contraction,0.0078434917,0.6754233254,0.235334121,9e-10,0.0,0.0,0.0805447649,5.498e-07,0.0006986612,1.02e-08,0.0001525952,2.4798e-06,official
2003-03-21,-1.4494876306,-1.6709689992,2.2120469677,contraction_late,contraction,0.0205881444,0.5429635667,0.4088770562,1e-10,0.0,0.0,0.0272472657,7.58e-08,7.78319e-05,1.39e-08,0.0002424853,3.5601e-06,official
2003-03-28,-1.3118020827,-1.649262288,2.1073421172,contraction_mid,contraction,0.0277842496,0.4547783163,0.4962311769,2e-10,0.0,0.0,0.0209357217,1.326e-07,4.75747e-05,1.01e-08,0.0002203125,2.5053e-06,official
2003-04-04,-1.2080220271,-1.6196728509,2.0205586757,contraction_mid,contraction,0.0297916125,0.4205669603,0.5291559222,5e-10,0.0,0.0,0.0202181156,2.254e-07,5.58141e-05,9.3e-09,0.0002091696,2.1705e-06,official
2003-04-11,-1.0417773746,-1.6112534102,1.9187072862,contraction_mid,contraction,0.0250144631,0.4438270841,0.5047027525,1.9e-09,0.0,0.0,0.0261974056,5.84e-07,0.0001013919,6.4e-09,0.0001548142,1.4962e-06,official
2003-04-18,-0.1756721802,-1.5807497136,1.5904811762,contraction_late,contraction,0.0043471163,0.6279983555,0.2254090535,1.3062e-06,0.0,8e-09,0.1396577947,6.39434e-05,0.0025091959,2e-10,1.31459e-05,8.03e-08,official
2003-04-25,-0.2669271829,-1.5857769316,1.6080853827,contraction_late,contraction,0.0019711671,0.6532068896,0.1233098148,6.399e-07,0.0,3.3e-09,0.2149070146,4.29993e-05,0.0065505625,4e-10,1.08003e-05,1.083e-07,official
2003-05-02,0.0894945432,-1.5436376759,1.5462297849,contraction_late,contraction,0.0003940035,0.5525578182,0.0440221749,5.4394e-06,2e-10,5.48e-08,0.3777971895,0.0002363853,0.0249846287,0.0,2.2886e-06,1.69e-08,official
2003-05-09,0.2823972802,-1.5431011262,1.5687285646,recovery_early,recovery,8.456e-05,0.3852894265,0.0151353444,1.27815e-05,6e-10,1.591e-07,0.5324040883,0.000802923,0.066270009,0.0,7.036e-07,3.9e-09,official
2003-05-16,0.4052162016,-1.5527898803,1.6047917567,recovery_early,recovery,2.90666e-05,0.2399004436,0.0059795475,1.98441e-05,1.1e-09,2.607e-07,0.6283661641,0.0021961552,0.1235082209,0.0,2.949e-07,1.2e-09,official
2003-05-23,0.5285182435,-1.5104593011,1.6002558651,recovery_early,recovery,1.3323e-05,0.1364818391,0.0023994361,3.72899e-05,2.8e-09,5.5e-07,0.6588133525,0.0054016549,0.1968524142,0.0,1.37e-07,5e-10,official
2003-05-30,0.8567898582,-1.423662493,1.6615967486,recovery_early,recovery,2.0449e-06,0.0497512443,0.0004321084,0.000145251,1.81e-08,2.6092e-06,0.583013855,0.0186459454,0.3480069114,0.0,1.22e-08,0.0,official
2003-06-06,0.9141417855,-1.4066312217,1.6775775982,recovery_early,recovery,1.3265e-06,0.0242303782,0.0001563701,0.0002780164,2.32e-08,3.2229e-06,0.4794639531,0.0372611505,0.4586055515,0.0,7.4e-09,0.0,official
2003-06-13,0.6895677669,-1.4187409775,1.5774440296,recovery_early,recovery,5.308e-06,0.0282609153,0.0002739717,0.0002534607,1.17e-08,1.7164e-06,0.4764210565,0.0362012304,0.4585822782,0.0,5.09e-08,1e-10,official
2003-06-20,1.3840577433,-1.3003807588,1.8991066201,recovery_mid,recovery,5.76e-08,0.0051718026,1.41038e-05,0.001289781,1.104e-07,1.31409e-05,0.2564614784,0.1056476524,0.6314018726,2e-10,1e-10,0.0,official
2003-06-27,1.2308793127,-1.2883017148,1.7817926902,recovery_mid,recovery,1.499e-07,0.0032359665,1.64573e-05,0.0024030201,9.46e-08,1.11311e-05,0.1744693502,0.143228167,0.6766356626,2e-10,4e-10,0.0,official
2003-07-04,1.4178199289,-1.255770315,1.8939832193,recovery_mid,recovery,3.86e-08,0.0013076202,6.2036e-06,0.0043265826,1.387e-07,1.72345e-05,0.1049709778,0.1990683928,0.6903028109,3e-10,1e-10,0.0,official
2003-07-11,1.4853434134,-1.2546676778,1.944334343,recovery_mid,recovery,2.4e-08,0.0006952144,4.2757e-06,0.0063607746,1.459e-07,2.05491e-05,0.0715909016,0.2412029588,0.6801251556,3e-10,0.0,0.0,official
2003-07-18,1.8243276287,-1.1539304054,2.1586400064,recovery_mid,recovery,2e-09,0.0001736535,7.305e-07,0.0131855555,3.19e-07,4.59826e-05,0.0341811746,0.3446018174,0.6078107641,7e-10,0.0,0.0,official
2003-07-25,1.4375208748,-1.1393308769,1.8342685497,recovery_mid,recovery,2.83e-08,0.0003258819,4.3206e-06,0.0144642552,3.057e-07,4.77393e-05,0.0407385305,0.340849751,0.6035691866,9e-10,0.0,0.0,official
2003-08-01,1.5173069014,-1.1094377806,1.8796468876,recovery_mid,recovery,1.48e-08,0.0002693878,2.7507e-06,0.0166268935,3.775e-07,6.01216e-05,0.0369530011,0.3613463396,0.5847411122,1.2e-09,0.0,0.0,official
2003-08-08,1.6892464573,-1.0915123826,2.0112068205,recovery_mid,recovery,4.2e-09,0.0001501572,1.1511e-06,0.0212116017,4.379e-07,7.84242e-05,0.0271262902,0.4087612109,0.5426707213,1.2e-09,0.0,0.0,official
2003-08-15,1.2691753693,-1.0515663317,1.6482105047,recovery_mid,recovery,9.16e-08,0.0004350966,8.971e-06,0.01937424,5.454e-07,8.11855e-05,0.0414802019,0.3710609662,0.567558699,2.5e-09,3e-10,0.0,official
2003-08-22,1.3979027498,-1.0173789864,1.7289280204,recovery_mid,recovery,3.08e-08,0.0003362609,4.2278e-06,0.021028167,6.774e-07,9.60783e-05,0.0380335362,0.3828543972,0.5576466214,3e-09,1e-10,0.0,official
2003-08-29,1.3109411891,-1.0018510241,1.6499309912,recovery_mid,recovery,6.01e-08,0.0004100727,6.5158e-06,0.0212203776,7.582e-07,0.0001026339,0.0408273259,0.3780001804,0.5594320715,3.8e-09,2e-10,0.0,official
2003-09-05,1.3876050382,-0.987715958,1.7032411913,recovery_mid,recovery,3.16e-08,0.0003256973,4.1986e-06,0.0230337603,8.243e-07,0.0001144348,0.0366498376,0.393614072,0.5462571394,3.9e-09,1e-10,0.0,official
2003-09-12,0.6929555744,-1.014262252,1.2283791532,recovery_mid,recovery,9.0751e-06,0.0030009349,0.0001898931,0.0117641188,5.902e-07,6.07147e-05,0.1006623789,0.2591885114,0.6251236095,5.4e-09,1.669e-07,1.2e-09,official
2003-09-19,0.5730918987,-1.0220132448,1.1717275267,recovery_mid,recovery,2.01402e-05,0.0081621424,0.0003482583,0.005634364,4.193e-07,3.04462e-05,0.177487684,0.1683009342,0.6400150926,4e-09,5.097e-07,5.2e-09,official
2003-09-26,0.5022333965,-1.005726434,1.1241548134,recovery_mid,recovery,3.15206e-05,0.0155966632,0.0005173836,0.0031533743,3.928e-07,2.08246e-05,0.2509822491,0.1201157371,0.6095808501,4.2e-09,9.874e-07,1.29e-08,official
2003-10-03,0.5503053358,-0.9797970214,1.1237607245,recovery_mid,recovery,2.2294e-05,0.0189376104,0.000464398,0.0026235047,5.342e-07,2.29635e-05,0.2855900028,0.1079429597,0.5843950789,6.2e-09,6.399e-07,7.7e-09,official
2003-10-10,0.5583321139,-0.9393002778,1.0927121127,recovery_mid,recovery,2.1538e-05,0.0203839769,0.0004600245,0.0027503656,7.879e-07,2.88388e-05,0.2990490167,0.1074540402,0.5698507407,1.06e-08,6.516e-07,8.4e-09,official
2003-10-17,0.3395952751,-0.9451459447,1.0043036432,recovery_mid,recovery,9.33464e-05,0.0373171081,0.0012514418,0.0016791426,4.213e-07,1.60815e-05,0.3750791981,0.0760431162,0.5085151053,5.8e-09,4.9149e-06,1.18e-07,official
2003-10-24,0.3342988836,-0.9310042743,0.9892040752,recovery_mid,recovery,9.75045e-05,0.0509189965,0.0016809724,0.0012321547,4.568e-07,1.56246e-05,0.4262895188,0.0611976062,0.4585618443,6.7e-09,5.1839e-06,1.307e-07,official
2003-10-31,0.5756741196,-0.87410933,1.0466459825,recovery_mid,recovery,2.06722e-05,0.0332900718,0.0006883295,0.0021536288,1.476e-06,4.04831e-05,0.3785202818,0.0850226986,0.5002616852,2.53e-08,6.386e-07,9.1e-09,official
2003-11-07,0.9540628811,-0.8330727015,1.2665883732,recovery_mid,recovery,1.0329e-06,0.0087293848,7.39314e-05,0.0058047591,2.8222e-06,9.13569e-05,0.2283487869,0.163585961,0.5933619175,3.69e-08,1.03e-08,2e-10,official
2003-11-14,1.0493722786,-0.8241322014,1.3343073351,recovery_mid,recovery,4.245e-07,0.0030137101,2.53457e-05,0.0114969729,2.8506e-06,0.0001184374,0.1300050487,0.2426658083,0.6126713651,3.34e-08,3.1e-09,1e-10,official
2003-11-21,1.1134154057,-0.7969831952,1.3692611435,recovery_mid,recovery,2.29e-07,0.0013109744,1.43185e-05,0.0190418807,3.3238e-06,0.0001730407,0.0774937158,0.3141476122,0.587814865,3.84e-08,1.4e-09,2e-10,official
2003-11-28,1.1560259211,-0.7640540964,1.3857036452,recovery_mid,recovery,1.475e-07,0.0006983195,9.9549e-06,0.0280642437,4.0767e-06,0.0002606086,0.0511639615,0.3756259997,0.5441726387,4.83e-08,8e-10,2e-10,official
2003-12-05,1.2869529061,-0.7008458125,1.4654121043,recovery_mid,recovery,3.66e-08,0.0002719595,3.6025e-06,0.0432587401,5.603e-06,0.0004435573,0.0302207999,0.4550171492,0.470776748,6.36e-08,1.7401e-06,2e-10,official
2003-12-12,1.4095484111,-0.6849774774,1.5671696998,recovery_late,recovery,1.13e-08,0.0001233127,1.5931e-06,0.060019568,5.5639e-06,0.0006452802,0.018198811,0.5272058475,0.3937984927,5.34e-08,1.4661e-06,2e-10,official
2003-12-19,1.2365879365,-0.7022776999,1.4220913095,recovery_late,recovery,5.94e-08,0.000201917,4.9196e-06,0.0649582834,6.0622e-06,0.0007801655,0.0196667798,0.5386571733,0.3757225201,7.25e-08,2.0469e-06,3e-10,official
2003-12-26,1.0385768309,-0.6816557419,1.2422948056,recovery_late,recovery,3.536e-07,0.000405498,1.57417e-05,0.0643582499,8.5946e-06,0.0009079782,0.0269086371,0.5173464262,0.3900426616,1.493e-07,5.7087e-06,1e-09,official
2004-01-02,0.844951403,-0.6760676611,1.082132319,recovery_late,recovery,2.119e-06,0.0009296311,5.17464e-05,0.0565716567,1.06095e-05,0.0009002494,0.0422229463,0.4690637451,0.4302351218,2.529e-07,1.1919e-05,2.7e-09,official
2004-01-09,0.9521768289,-0.650762001,1.153313442,recovery_late,recovery,7.132e-07,0.0007273914,2.45373e-05,0.0569665255,1.15145e-05,0.0009212209,0.0416544417,0.4648753192,0.4348074902,2.503e-07,1.05935e-05,2.3e-09,official
2004-01-16,0.7834918271,-0.6558906761,1.0217886386,recovery_mid,recovery,3.4549e-06,0.0013310207,6.97999e-05,0.0502466458,1.25709e-05,0.0008680932,0.0561787414,0.4273287895,0.4639426982,3.498e-07,1.7831e-05,4.6e-09,official
2004-01-23,0.4509652292,-0.6826334,0.8181430173,recovery_mid,recovery,6.12447e-05,0.0053988272,0.0005082552,0.0302104466,9.1478e-06,0.0005082209,0.1159059383,0.3191309861,0.528232689,3.353e-07,3.37645e-05,1.445e-07,official
2004-01-30,-0.0059705328,-0.6988827155,0.6989082181,recovery_mid,recovery,0.0,0.0,0.0,0.0,0.0,0.0,0.3330175126,0.13480214,0.5321803474,0.0,0.0,0.0,official
2004-02-06,-0.0083818075,-0.6837128969,0.6837642723,recovery_early,recovery,0.0,0.0,0.0,0.0,0.0,0.0,0.5216022467,0.0621278539,0.4162698993,0.0,0.0,0.0,official
2004-02-13,-0.0522574329,-0.7083863933,0.7103112849,recovery_early,recovery,0.0,0.074538055,0.0,0.0,0.0,0.0,0.6237276121,0.0,0.3017343329,0.0,0.0,0.0,official
2004-02-20,-0.2230607474,-0.7166279462,0.7505409451,recovery_early,recovery,0.0018410339,0.1837973691,0.0130302304,3.57094e-05,1.19e-07,2.1154e-06,0.6328138853,0.0067005013,0.1611414422,3.389e-06,0.0005821417,5.20633e-05,official
2004-02-27,-0.1883448279,-0.7051787693,0.7298978496,recovery_early,recovery,0.0,0.2677857327,0.0,0.0,0.0,0.0,0.6162082486,0.0,0.1160060187,0.0,0.0,0.0,official
2004-03-05,-0.2277799518,-0.6860898611,0.7229128606,recovery_early,recovery,0.0,0.3215392785,0.0,0.0,0.0,0.0,0.5934075992,0.0,0.0850531223,0.0,0.0,0.0,official
2004-03-12,0.1278836726,-0.6317263804,0.6445404979,recovery_early,recovery,0.0,0.2068627373,0.0,0.0,0.0,0.0,0.6407487911,0.0,0.1523884716,0.0,0.0,0.0,official
2004-03-19,0.6612280396,-0.5702758239,0.8731764058,recovery_early,recovery,9.6146e-06,0.0470010996,0.0007980417,0.0015738631,2.79685e-05,0.0002984411,0.5215388631,0.0447331535,0.3839633841,1.2954e-06,5.42458e-05,2.97e-08,official
2004-03-26,0.9344537427,-0.541624772,1.0800746229,recovery_mid,recovery,7.12e-07,0.0065954069,5.05537e-05,0.0088586323,2.95681e-05,0.000438372,0.2574092734,0.1722683193,0.5543233726,9.39e-07,2.48378e-05,1.29e-08,official
2004-04-02,1.048924128,-0.5078260636,1.1653879771,recovery_mid,recovery,1.713e-07,0.0012286953,9.0321e-06,0.0294345674,2.85212e-05,0.0006348235,0.0992954247,0.3312224808,0.5381298914,7.966e-07,1.55865e-05,9.2e-09,official
2004-04-09,1.3652954482,-0.4806615809,1.4474347019,recovery_late,recovery,6.2e-09,0.0001291661,8.249e-07,0.06764643,2.06713e-05,0.0011531351,0.0257946114,0.5011127837,0.4041373582,3.37e-07,4.6743e-06,1.9e-09,official
2004-04-16,1.9580570227,-0.3917896024,1.9968691487,recovery_late,recovery,0.0,0.0,0.0,0.1400168851,1.48931e-05,0.0023355732,0.0034690561,0.6541076274,0.2000545721,1.097e-07,1.2831e-06,2e-10,official
2004-04-23,1.4341370631,-0.4672799136,1.5083433407,recovery_late,recovery,2.7e-09,2.40566e-05,4.324e-07,0.1612233819,2.0205e-05,0.0037503767,0.0039829162,0.6657938107,0.1652012294,2.713e-07,3.3157e-06,1.3e-09,official
2004-04-30,1.4761308927,-0.4425740816,1.5410497169,recovery_late,recovery,1.5e-09,1.81831e-05,2.839e-07,0.1808094874,2.32954e-05,0.0046374003,0.0030629617,0.672825934,0.1386193093,2.831e-07,2.859e-06,1.3e-09,official
2004-05-07,1.337382228,-0.412367096,1.3995134318,recovery_late,recovery,4.7e-09,2.57516e-05,5.774e-07,0.1955208379,3.55273e-05,0.006042568,0.0032148969,0.6647221084,0.1304322595,5.667e-07,4.8976e-06,4e-09,official
2004-05-14,1.0783977418,-0.3941431598,1.1481683326,recovery_late,recovery,6.03e-08,6.78863e-05,3.0532e-06,0.199609024,6.61996e-05,0.0079098841,0.0051526992,0.6425722271,0.1446030958,1.7069e-06,1.41386e-05,2.48e-08,official
2004-05-21,0.9225599777,-0.3912115863,1.0020795466,recovery_late,recovery,3.034e-07,0.0001355716,8.9433e-06,0.1945358686,9.66763e-05,0.0089593276,0.0083153906,0.6196940821,0.16822342,3.1402e-06,2.72069e-05,6.95e-08,official
2004-05-28,0.8080562426,-0.3762810775,0.8913710454,recovery_late,recovery,8.994e-07,0.0002162079,1.79824e-05,0.1882390735,0.0001326163,0.0097512276,0.012573667,0.59602572,0.1929933385,5.3229e-06,4.37797e-05,1.648e-07,official
2004-06-04,0.7882525831,-0.3524765254,0.8634708076,recovery_late,recovery,9.446e-07,0.0002245317,1.77638e-05,0.1879247889,0.0001626808,0.010503794,0.0150855835,0.5800895654,0.2059354787,6.9647e-06,4.7662e-05,2.42e-07,official
2004-06-11,0.1732137891,-0.3636866156,0.4028287119,recovery_late,recovery,0.0,0.0,0.0,0.1264208141,0.0,0.0,0.0,0.5199244042,0.3536547816,0.0,0.0,0.0,official
2004-06-18,-0.2237614801,-0.5037926737,0.5512497239,recovery_mid,recovery,0.0,0.0,0.0,0.0203455018,0.0,0.0,0.0,0.2784236279,0.7012308703,0.0,0.0,0.0,official
2004-06-25,-0.3090861657,-0.4929769191,0.5818595196,recovery_mid,recovery,0.0,0.0,0.0,0.0,0.0,0.0,0.3887231068,0.0789154763,0.5323614169,0.0,0.0,0.0,official
2004-07-02,-0.4591922228,-0.4871635975,0.6694668538,recovery_early,recovery,0.0,0.0,0.0,0.0,0.0,0.0,0.8554888144,0.0075943425,0.136916843,0.0,0.0,0.0,official
2004-07-09,-0.4034789919,-0.4598552055,0.6117696518,recovery_early,recovery,0.0,0.0646805797,0.0,0.0,0.0,0.0,0.8819560151,0.0,0.0533634051,0.0,0.0,0.0,official
2004-07-16,-0.4837474347,-0.4699793398,0.6744569375,recovery_early,recovery,0.0,0.1053320249,0.0,0.0,0.0,0.0,0.8627868716,0.0,0.0318811035,0.0,0.0,0.0,official
2004-07-23,-0.3260104232,-0.4293963136,0.5391326276,recovery_early,recovery,0.0,0.0967622668,0.0,0.0,0.0,0.0,0.8571451911,0.0,0.0460925421,0.0,0.0,0.0,official
2004-07-30,-0.2433012063,-0.3921556936,0.4614992579,recovery_early,recovery,0.0,0.0758870369,0.0,0.0,0.0,0.0,0.8650849022,0.0,0.059028061,0.0,0.0,0.0,official
2004-08-06,-0.1260155911,-0.3843355582,0.4044672428,recovery_early,recovery,0.0,0.058685395,0.0,0.0,0.0,0.0,0.8558671953,0.0,0.0854474097,0.0,0.0,0.0,official
2004-08-13,0.7368940257,-0.3843159359,0.8310905749,recovery_early,recovery,2.7325e-06,0.0119360689,0.0001083205,0.0032159405,0.0001231917,0.0008818902,0.5291951223,0.03915378,0.4152920734,8.7661e-06,8.17961e-05,3.178e-07,official
2004-08-20,0.3567179389,-0.4353316192,0.5628155174,recovery_early,recovery,0.0,0.0179610666,0.0,0.0,0.0,0.0,0.5073951442,0.0,0.4746437892,0.0,0.0,0.0,official
2004-08-27,0.4558717659,-0.4134248447,0.6154178817,recovery_mid,recovery,0.0,0.0133585413,0.0,0.0,0.0,0.0,0.4364371683,0.0,0.5502042904,0.0,0.0,0.0,official
2004-09-03,0.3574881088,-0.4021729671,0.5380899957,recovery_mid,recovery,0.0,0.0,0.0,0.0,0.0,0.0,0.39695123,0.1002463943,0.5028023757,0.0,0.0,0.0,official
2004-09-10,0.5496573299,-0.3810570323,0.6688255693,recovery_mid,recovery,0.0,0.0,0.0,0.0,0.0,0.0,0.2752412407,0.1998295886,0.5249291707,0.0,0.0,0.0,official
2004-09-17,0.777740354,-0.3032892437,0.8347840581,recovery_mid,recovery,8.093e-07,0.0011187471,1.47819e-05,0.0403081637,0.0001444324,0.0009050667,0.1219651953,0.3471591837,0.4883182426,1.17101e-05,5.31848e-05,4.824e-07,official
2004-09-24,0.6439224837,-0.2879118477,0.7053576377,recovery_late,recovery,0.0,0.0,0.0,0.0,0.0,0.0,0.0862352549,0.4579525179,0.4558122271,0.0,0.0,0.0,official
2004-10-01,0.6400405566,-0.2808208725,0.6989365326,recovery_late,recovery,0.0,0.0,0.0,0.0823026747,0.0,0.0,0.0,0.5118229859,0.4058743395,0.0,0.0,0.0,official
2004-10-08,0.7469325289,-0.2635670498,0.7920705729,recovery_late,recovery,7.15e-07,0.0001043015,1.19328e-05,0.1358262987,0.000167206,0.0058849263,0.0175909716,0.5332557285,0.3070893864,1.57991e-05,5.19522e-05,7.819e-07,official
2004-10-15,1.1498630419,-0.2492408694,1.1765653514,recovery_late,recovery,9.2e-09,2.6657e-05,6.494e-07,0.1945672338,0.0001283323,0.0092747541,0.0078094786,0.5877028551,0.2004761379,3.9087e-06,9.9188e-06,6.51e-08,official
2004-10-22,1.0715248203,-0.240023382,1.098078624,recovery_late,recovery,1.91e-08,2.76928e-05,1.0217e-06,0.2373657385,0.000176181,0.0137365729,0.0055175362,0.5934594768,0.1496968052,5.581e-06,1.32563e-05,1.186e-07,official
2004-10-29,1.0539042692,-0.2315893293,1.0790495012,recovery_late,recovery,2.13e-08,2.65487e-05,1.0758e-06,0.2673111014,0.0002253044,0.0176213862,0.0043299904,0.5874750863,0.1229887828,6.3869e-06,1.41711e-05,1.448e-07,official
2004-11-05,1.0611650008,-0.2092144806,1.0815922789,recovery_late,recovery,1.57e-08,2.07438e-05,8.283e-07,0.2939215329,0.0002817175,0.0214700953,0.0033840301,0.5766606423,0.1042395852,7.2612e-06,1.3379e-05,1.687e-07,official
2004-11-12,0.5327417972,-0.2176025908,0.5754691217,recovery_late,recovery,0.0,0.0,0.0,0.2933024119,0.0,0.0,0.0,0.5652754969,0.1414220912,0.0,0.0,0.0,official
2004-11-19,0.2883641823,-0.2421292948,0.3765375108,recovery_late,recovery,0.0,0.0,0.0,0.2434979352,0.0,0.0,0.0,0.547047208,0.2094548568,0.0,0.0,0.0,official
2004-11-26,0.449997294,-0.2086871401,0.4960321432,recovery_late,recovery,0.0,0.0,0.0,0.2432534997,0.0,0.0,0.0,0.5380778763,0.218668624,0.0,0.0,0.0,official
2004-12-03,0.1158141935,-0.2460649953,0.2719575506,recovery_late,recovery,0.0,0.0,0.0,0.1638235573,0.0,0.0,0.0,0.5025721949,0.3336042479,0.0,0.0,0.0,official
2004-12-10,0.0004229111,-0.2505900922,0.2505904491,recovery_mid,recovery,0.0,0.0,0.0,0.0853490977,0.0,0.0,0.0,0.4182570707,0.4963938316,0.0,0.0,0.0,official
2004-12-17,0.4549182192,-0.1669833235,0.4845967565,recovery_late,recovery,0.0,0.0,0.0,0.0,0.0,0.0,0.0404148858,0.5318139412,0.4277711729,0.0,0.0,0.0,official
2004-12-24,0.4593670799,-0.1578435766,0.4857290487,recovery_late,recovery,0.0,0.0,0.0,0.108837056,0.0,0.0,0.0,0.5411445939,0.3500183502,0.0,0.0,0.0,official
2004-12-31,2.1250294548,0.1371328805,2.1294496027,recovery_late,recovery,0.0,0.0,0.0,0.3133624326,8.97158e-05,0.0118840208,0.0003644431,0.6029733652,0.0713246748,1.2318e-06,1.121e-07,3.8e-09,official
2005-01-07,2.2071814122,0.1437722804,2.2118590043,recovery_late,recovery,0.0,0.0,0.0,0.4588150028,0.000121432,0.0280247246,7.74915e-05,0.4923612546,0.0205991644,8.536e-07,7.41e-08,2.3e-09,official
2005-01-14,2.0948144714,0.1024249299,2.0973169851,expansion_early,expansion,0.0,0.0,0.0,0.5310178803,0.0001909131,0.0407527126,5.26048e-05,0.4147375825,0.0132472663,9.241e-07,1.135e-07,2.9e-09,official
2005-01-21,1.5102413328,0.0408069025,1.5107925359,expansion_early,expansion,0.0,0.0,0.0,0.5475762601,0.000526521,0.0594656142,0.0001463741,0.3758490705,0.0164303705,4.748e-06,9.934e-07,4.83e-08,official
2005-01-28,1.6943064462,0.0346633822,1.6946609937,expansion_early,expansion,0.0,0.0,0.0,0.5648284459,0.0005052244,0.0595817924,0.0001171129,0.3600742674,0.0148901815,2.4308e-06,5.295e-07,1.52e-08,official
2005-02-04,0.2203191649,-0.2157699126,0.3083783222,recovery_late,recovery,0.0,0.0,0.0,0.4514003803,0.0,0.0693665263,0.0,0.4792330935,0.0,0.0,0.0,0.0,official
2005-02-11,0.0293611074,-0.1634859474,0.1661015642,recovery_late,recovery,0.0,0.0,0.0,0.3155838373,0.0,0.0,0.0,0.5712156674,0.1132004953,0.0,0.0,0.0,official
2005-02-18,0.3273097065,-0.104273639,0.3435180282,recovery_late,recovery,0.0,0.0,0.0,0.3334306253,0.0,0.0,0.0,0.5312832996,0.1352860751,0.0,0.0,0.0,official
2005-02-25,-1.2619337015,-0.0737106216,1.2640846185,slowdown_late,slowdown,0.0,0.0,0.0,5.2874e-06,0.000480957,0.000186406,0.2942609935,2.16355e-05,0.000919768,0.0104579416,0.6091447865,0.0845222244,official
2005-03-04,-1.2904606919,-0.0722671102,1.2924826237,slowdown_late,slowdown,0.0,0.0,0.0,5e-10,7.1064e-06,8.55e-08,0.0452115325,1.6e-09,4.3689e-06,0.0006282825,0.9200738629,0.0340747591,official
2005-03-11,-1.1638059024,-0.0930308517,1.167518273,slowdown_late,slowdown,0.0,0.0,0.0,1.1e-09,5.6667e-06,1.221e-07,0.0062153555,5e-09,1.6977e-06,0.0002034653,0.9703474152,0.0232262715,official
2005-03-18,-1.2790380199,-0.1749030988,1.2909412653,slowdown_late,slowdown,0.0,0.0,0.0,1e-10,2.0733e-06,2.8e-08,0.0016694344,2.5e-09,4.155e-07,9.07655e-05,0.9816157902,0.0166214904,official
2005-03-25,-1.1865469654,-0.1657294191,1.1980650823,slowdown_late,slowdown,0.0,0.0,0.0,4e-10,3.1401e-06,5.63e-08,0.0010087882,6.2e-09,5.907e-07,9.84454e-05,0.9817939715,0.0170950013,official
2005-04-01,0.3331864822,-0.1609545192,0.3700264709,slowdown_late,slowdown,0.0,0.0,0.0,0.0,0.0,0.0,0.0,0.0,0.0,0.0,0.992088538,0.007911462,official
2005-04-08,0.1392984283,-0.1410584333,0.1982461443,slowdown_late,slowdown,0.0,0.0,0.0,0.0,0.0,0.0,0.0,0.0,0.0,0.0,0.9956118601,0.0043881399,official
2005-04-15,-0.4654770301,-0.1836961773,0.5004129805,slowdown_late,slowdown,0.0388866429,0.0,0.0,0.0,0.0,0.0,0.0,0.0,0.0,0.0,0.9388661874,0.0222471697,official
2005-04-22,-0.4042701275,-0.1425472107,0.4286654211,slowdown_late,slowdown,0.0310602404,0.0,0.0,0.0,0.0,0.0,0.0,0.0,0.0,0.0,0.9416803851,0.0272593745,official
2005-04-29,-0.2455431254,-0.1141940055,0.2707982595,slowdown_late,slowdown,0.0233640802,0.0,0.0,0.0,0.0,0.0,0.0,0.0,0.0,0.0,0.9474326977,0.029203222,official
2005-05-06,-0.0013493272,-0.0937846929,0.0937943992,slowdown_late,slowdown,0.0402424155,0.0,0.0,0.0,0.0,0.0,0.0,0.0,0.0,0.0,0.9319985259,0.0277590586,official
2005-05-13,0.4368298875,-0.1021352069,0.4486111358,slowdown_late,slowdown,0.0056195272,0.0,0.0,0.0,0.0,0.0,0.0,0.0,0.0,0.0,0.970772694,0.0236077788,official
2005-05-20,0.2402070854,-0.1260793062,0.2712847864,slowdown_late,slowdown,0.0186355291,0.0,0.0,0.0,0.0,0.0,0.0,0.0,0.0,0.0,0.9680736308,0.0132908401,official
2005-05-27,0.2868429211,-0.1134508708,0.3084638739,slowdown_late,slowdown,0.0130874176,0.0,0.0,0.0,0.0,0.0,0.0,0.0,0.0,0.0,0.9695778317,0.0173347507,official
2005-06-03,0.2346463496,-0.1022787985,0.2559684786,slowdown_late,slowdown,0.0139689872,0.0,0.0,0.0,0.0,0.0,0.0,0.0,0.0,0.0,0.9675775315,0.0184534814,official
2005-06-10,0.533874698,-0.0950946704,0.5422777789,slowdown_late,slowdown,0.0027824392,0.0,0.0,0.0,0.0,0.0,0.0,0.0,0.0,0.0,0.9757698636,0.0214476972,official
2005-06-17,1.0829576729,0.0376010728,1.0836102445,expansion_early,expansion,0.0,0.0,0.0,0.3087171842,0.0263174459,0.1384718264,0.0207955354,0.2916365082,0.1167359647,0.0033012232,0.0918116915,0.0022126206,official
2005-06-24,0.9310107199,0.0407198625,0.9319007821,expansion_early,expansion,0.0,0.0,0.0,0.4323470564,0.0094163395,0.1266426872,0.0039304032,0.3565750112,0.0705400599,0.0002383096,0.0002950629,1.50701e-05,official
2005-07-01,0.928342658,0.0607194591,0.9303262565,expansion_early,expansion,0.0,0.0,0.0,0.4863553182,0.0061496127,0.1219957359,0.0013417284,0.3425301234,0.0415037783,0.0001076142,1.23978e-05,3.6909e-06,official
2005-07-08,1.0799578704,0.077752314,1.0827531686,expansion_early,expansion,0.0,0.0,0.0,0.5290711074,0.0042349346,0.1172660469,0.0005682896,0.3224593668,0.0263427146,5.08691e-05,5.3592e-06,1.3119e-06,official
2005-07-15,1.2375496555,0.0803269543,1.2401538491,expansion_early,expansion,0.0,0.0,0.0,0.5613660802,0.0028255649,0.108562723,0.0003036742,0.3080539571,0.0188615388,2.34145e-05,2.6258e-06,4.216e-07,official
2005-07-22,1.1519824773,0.0790514844,1.1546916321,expansion_early,expansion,0.0,0.0,0.0,0.5725966841,0.0030305188,0.1137782523,0.0003124994,0.2930417672,0.0172050818,3.06531e-05,3.7812e-06,7.621e-07,official
2005-07-29,1.0129663395,0.0672722118,1.0151976928,expansion_early,expansion,0.0,0.0,0.0,0.5689506152,0.0040899051,0.1255431499,0.0004341115,0.2826238116,0.0182954002,5.36096e-05,7.4471e-06,1.9499e-06,official
2005-08-05,1.0341971847,0.078267401,1.0371545703,expansion_early,expansion,0.0,0.0,0.0,0.5718879794,0.0045235765,0.1316868962,0.0004111226,0.2738503185,0.0175768788,5.49869e-05,6.4412e-06,1.8e-06,official
2005-08-12,0.2793252619,0.084650804,0.2918704517,expansion_early,expansion,0.0,0.0,0.0,0.5414433758,0.0,0.2226257488,0.0,0.2359308754,0.0,0.0,0.0,0.0,official
2005-08-19,-0.5167722996,-0.0460776025,0.5188224697,expansion_mid,expansion,0.0,0.0,0.0,0.1112401487,0.0,0.7621921578,0.0,0.1265676935,0.0,0.0,0.0,0.0,official
2005-08-26,-0.5343978837,-0.0290394426,0.5351863108,expansion_late,expansion,0.0,0.0,0.0,0.0087522807,0.6849282,0.3063195193,0.0,0.0,0.0,0.0,0.0,0.0,official
2005-09-02,-0.7997591639,-0.056688804,0.8017657643,slowdown_early,slowdown,0.0,0.0,0.0,3.38115e-05,0.2110285507,0.0072345701,0.0293480219,1.02611e-05,0.0002009609,0.4784334308,0.2312768119,0.042433581,official
2005-09-09,-0.8986896766,-0.0708945168,0.9014816511,slowdown_late,slowdown,0.0,0.0,0.0,8.18e-08,0.0032274272,2.26886e-05,0.0138010971,2.306e-07,2.25465e-05,0.0629061285,0.7936837432,0.1263360564,official
2005-09-16,-1.2988995193,-0.1398265675,1.3064040073,slowdown_late,slowdown,0.0,0.0,0.0,2e-10,8.816e-06,4.03e-08,0.0028449138,1.8e-09,4.609e-07,0.0011944961,0.9620423253,0.0339089455,official
2005-09-23,-2.9095336159,-0.4240021456,2.9402659202,slowdown_late,slowdown,0.1458359772,3.65985e-05,0.0006610445,0.0,2.06e-08,0.0,0.0006972778,0.0,1.1e-09,1.18457e-05,0.8435537661,0.0092034685,official
2005-09-30,-3.3725413763,-0.4954043847,3.4087330255,slowdown_late,slowdown,0.2490387815,4.03744e-05,0.0086319822,0.0,1.38e-08,0.0,0.0004332538,0.0,6e-10,5.9298e-06,0.7349804248,0.0068692391,official
2005-10-07,-3.6514873538,-0.5426137868,3.691583619,slowdown_late,slowdown,0.3354118278,6.6263e-05,0.0176521091,0.0,1.21e-08,0.0,0.0003577917,0.0,5e-10,5.3665e-06,0.6404848861,0.0060217433,official
2005-10-14,-2.7537644301,-0.5249943169,2.8033618334,slowdown_late,slowdown,0.379258898,0.0001582126,0.0308601444,0.0,1.67e-08,0.0,0.0004687497,0.0,2.5e-09,5.7224e-06,0.5841726309,0.0050756228,official
2005-10-21,-2.5452185434,-0.474652818,2.5890988261,slowdown_late,slowdown,0.3600496825,0.0002198635,0.0343896936,0.0,2.54e-08,0.0,0.0005876255,0.0,3.7e-09,7.1363e-06,0.5995657017,0.0051802678,official
2005-10-28,-2.2082747758,-0.4456744922,2.2527989787,slowdown_late,slowdown,0.3249154749,0.0003050239,0.0349222641,0.0,4.6e-08,1e-10,0.0007026168,0.0,1.09e-08,9.4846e-06,0.6334127296,0.0057323493,official
2005-11-04,-1.6451366556,-0.3620281541,1.6844996289,slowdown_late,slowdown,0.2318668927,0.0004625837,0.0298868209,0.0,2.761e-07,1e-09,0.000957716,3e-10,1.204e-07,2.39828e-05,0.7285587281,0.0082428779,official
2005-11-11,-0.815853951,-0.2847604692,0.8641216316,slowdown_late,slowdown,0.1269066494,0.0012342477,0.0228939209,2.22e-08,8.9144e-06,3.486e-07,0.0018313091,9.354e-07,2.08429e-05,0.0001380508,0.831519426,0.0154453326,official
2005-11-18,1.443605527,-0.1686461376,1.453423007,recovery_late,recovery,1.1866e-06,0.0005976761,4.29695e-05,0.2944227123,0.0062324107,0.0748446523,0.0318037882,0.3782049902,0.1773509626,0.000239322,0.0362214842,3.78453e-05,official
2005-11-25,1.9196262334,-0.155017371,1.9258751936,recovery_late,recovery,0.0,9.49e-07,2.3e-09,0.3742695598,0.0003049898,0.0305641577,0.0015165541,0.5137883339,0.0795502056,7.601e-07,4.4846e-06,3.1e-09,official
2005-12-02,2.4678759581,-0.103378279,2.4700402452,recovery_late,recovery,0.0,5.94e-08,1e-10,0.4263300285,7.33168e-05,0.0215386887,0.0001551481,0.5214428255,0.0304596525,1.716e-07,1.084e-07,2e-10,official
2005-12-09,2.4726034382,-0.0823114933,2.4739731091,recovery_late,recovery,0.0,4.02e-08,1e-10,0.4596820697,6.0011e-05,0.022826809,7.60284e-05,0.4979807207,0.0193740431,1.787e-07,9.9e-08,3e-10,official
2005-12-16,2.463225599,-0.0309546365,2.4634200902,expansion_early,expansion,0.0,1.23e-08,0.0,0.4942517423,7.33738e-05,0.0270231948,5.44632e-05,0.4633565828,0.015240315,2.273e-07,8.82e-08,3e-10,official
2005-12-23,2.2694957298,-0.0343661613,2.2697559121,expansion_early,expansion,0.0,2.05e-08,0.0,0.5130873034,9.7616e-05,0.0311451198,6.23895e-05,0.4407390731,0.0148680167,3.283e-07,1.32e-07,6e-10,official
2005-12-30,1.8834673576,-0.018831913,1.883561501,expansion_early,expansion,0.0,2.89e-08,1e-10,0.5250667043,0.0001855256,0.0397476895,9.83271e-05,0.4185501881,0.0163502223,9.617e-07,3.487e-07,3.8e-09,official
2006-01-06,1.5640258454,0.0013571553,1.5640264342,expansion_early,expansion,0.0,0.0,0.0,0.5340856255,0.0004083664,0.0525668285,0.0001644539,0.3943931982,0.018377326,3.1934e-06,9.813e-07,2.68e-08,official
2006-01-13,0.9590147297,0.007276333,0.9590423331,expansion_early,expansion,0.0,0.0,0.0,0.5224591347,0.0018049453,0.0848468588,0.0006140588,0.3637109854,0.0265079809,4.17189e-05,1.24083e-05,1.9088e-06,official
2006-01-20,1.6624559668,0.1506812198,1.6692707005,expansion_early,expansion,0.0,0.0,0.0,0.5845601038,0.0010984678,0.0823078606,9.89365e-05,0.3188878587,0.0130412599,5.1391e-06,3.364e-07,3.72e-08,official
2006-01-27,1.5382785154,0.1804597178,1.5488274599,expansion_early,expansion,0.0,0.0,0.0,0.6182216183,0.0014222763,0.0979568999,7.97987e-05,0.2727760288,0.0095341574,8.6896e-06,4.381e-07,9.29e-08,official
2006-02-03,1.7623269311,0.2438099043,1.7791119924,expansion_early,expansion,0.0,0.0,0.0,0.6561245142,0.0013347432,0.1047962173,3.92928e-05,0.2315961462,0.0061037711,5.1378e-06,1.437e-07,3.37e-08,official
2006-02-10,1.7258253384,0.2895219452,1.7499417292,expansion_early,expansion,0.0,0.0,0.0,0.6785956982,0.0016925077,0.121051848,3.11042e-05,0.194151883,0.0044698928,6.8906e-06,1.235e-07,5.2e-08,official
2006-02-17,1.1968766439,0.1884924708,1.2116282897,expansion_early,expansion,0.0,0.0,0.0,0.6502872745,0.0040357003,0.1529151778,0.0001223749,0.1860482104,0.0065514022,3.72288e-05,1.643e-06,9.88e-07,official
2006-02-24,1.2217863937,0.2085266146,1.2394536461,expansion_early,expansion,0.0,0.0,0.0,0.6421646243,0.0052646732,0.1683313383,0.000114474,0.1777058181,0.0063745965,4.22073e-05,1.3339e-06,9.344e-07,official
2006-03-03,1.2848404134,0.2407359853,1.3071987999,expansion_early,expansion,0.0,0.0,0.0,0.645311576,0.005630699,0.1769268833,8.66223e-05,0.1665790367,0.0054242501,3.93765e-05,8.477e-07,7.085e-07,official
2006-03-10,1.305261669,0.2508927147,1.3291558144,expansion_early,expansion,0.0,0.0,0.0,0.6489226161,0.0058331511,0.182096709,7.73858e-05,0.1581816538,0.0048487635,3.83404e-05,7.335e-07,6.469e-07,official
2006-03-17,0.3839299093,0.2226852365,0.4438365575,expansion_early,expansion,0.0,0.0,0.0,0.5628291062,0.0,0.3103838155,0.0,0.1267870783,0.0,0.0,0.0,0.0,official
2006-03-24,0.1529270452,0.2093201698,0.2592327422,expansion_early,expansion,0.0,0.0,0.0,0.4606058546,0.0,0.4570397343,0.0,0.082354411,0.0,0.0,0.0,0.0,official
2006-03-31,-0.0918275332,0.2269876254,0.2448584855,expansion_mid,expansion,0.0,0.0,0.0,0.2712942505,0.0,0.7059978552,0.0,0.0227078943,0.0,0.0,0.0,0.0,official
2006-04-07,-0.2030445627,0.2519821085,0.323607907,expansion_mid,expansion,0.0,0.0,0.0,0.0814292492,0.3674201929,0.5511505579,0.0,0.0,0.0,0.0,0.0,0.0,official
2006-04-14,0.421888585,0.2677473759,0.4996785321,expansion_mid,expansion,0.0,0.0,0.0,0.1334608015,0.3177027313,0.5488364672,0.0,0.0,0.0,0.0,0.0,0.0,official
2006-04-21,0.0288855105,0.2142867338,0.2162248298,expansion_mid,expansion,0.0,0.0,0.0,0.0900260078,0.4510247996,0.4589491926,0.0,0.0,0.0,0.0,0.0,0.0,official
2006-04-28,-0.1351218588,0.2158993061,0.2546967355,expansion_late,expansion,0.0,0.0,0.0,0.0331051594,0.6562699185,0.3106249221,0.0,0.0,0.0,0.0,0.0,0.0,official
2006-05-05,-0.3617310558,0.1836922097,0.4056996236,expansion_late,expansion,0.0,0.0,0.0,0.0,0.5475512481,0.0864530391,0.0,0.0,0.0,0.3659957128,0.0,0.0,official
2006-05-12,-0.410149266,0.1463821374,0.4354884046,slowdown_early,slowdown,0.0,0.0,0.0,0.0,0.295849462,0.0192655623,0.0,0.0,0.0,0.6848849757,0.0,0.0,official
2006-05-19,-1.204728463,-0.0157318619,1.2048311753,slowdown_mid,slowdown,0.0,0.0,0.0,3.15e-08,0.0086807993,3.05842e-05,0.0069764829,2.72e-08,3.0293e-06,0.3016804124,0.0802539887,0.6023746444,official
2006-05-26,-1.2878876117,-0.0137908368,1.2879614465,slowdown_late,slowdown,0.0,0.0,0.0,1.4e-09,0.0001302772,2.656e-07,0.0025093303,1.7e-09,3.773e-07,0.0197902869,0.6985937716,0.278975688,official
2006-06-02,-1.5857430254,-0.0446047131,1.5863702352,slowdown_late,slowdown,0.0,0.0,0.0,0.0,2.4344e-06,1.19e-08,0.0008023842,1e-10,2.47e-08,0.0007663929,0.9417495045,0.0566792473,official
2006-06-09,-1.5039065419,-0.0134544202,1.5039667244,slowdown_late,slowdown,0.0026619019,1.424e-06,1.37587e-05,1e-10,2.2093e-06,2.1e-08,0.0004777226,1e-10,2.64e-08,0.0001849365,0.9701267323,0.0265312671,official
2006-06-16,-0.9223470662,0.0421075331,0.923307725,slowdown_late,slowdown,0.0,0.0,0.0,4.44e-08,3.09599e-05,1.6946e-06,0.0003750628,2.18e-08,9.771e-07,0.000460537,0.9644866725,0.0346440298,official
2006-06-23,-1.0232699526,0.0249396644,1.0235738287,slowdown_late,slowdown,0.0,0.0,0.0,1.3e-08,1.88075e-05,7.386e-07,0.0004013895,8.6e-09,5.373e-07,0.000408285,0.966054253,0.0331159674,official
2006-06-30,-0.8085346264,0.0330307146,0.8092090399,slowdown_late,slowdown,0.0,0.0,0.0,1.381e-07,4.75549e-05,3.5395e-06,0.0004014173,7.85e-08,2.286e-06,0.0006245503,0.9616558877,0.0372645477,official
2006-07-07,-0.5984929014,0.0350229911,0.5995167745,slowdown_late,slowdown,0.0,0.0,0.0,0.0,0.0,0.0,0.0,0.0,0.0,0.0,0.9579560233,0.0420439767,official
2006-07-14,0.1359000795,0.0096147662,0.1362397715,slowdown_late,slowdown,0.0,0.0,0.0,0.0,0.0,0.0,0.0,0.0,0.0,0.0,0.8789151545,0.1210848455,official
2006-07-21,-0.4173847162,-0.0919813518,0.4273997781,slowdown_late,slowdown,0.0,0.0,0.0,0.0,0.0,0.0,0.0,0.0,0.0,0.0,0.9534526228,0.0465473772,official
2006-07-28,-0.2140163568,-0.0849513602,0.2302601454,slowdown_late,slowdown,0.0,0.0,0.0,0.0,0.0,0.0,0.0,0.0,0.0,0.0,0.9673766803,0.0326233197,official
2006-08-04,-0.5075965611,-0.1086539017,0.5190953084,slowdown_late,slowdown,0.0,0.0,0.0,0.0,0.0,0.0,0.0,0.0,0.0,0.0,0.9713987008,0.0286012992,official
2006-08-11,-0.6579950626,-0.0810357629,0.6629662867,slowdown_late,slowdown,0.0,0.0,0.0,0.0,0.0,0.0,0.0,0.0,0.0,0.0,0.9710095263,0.0289904737,official
2006-08-18,-0.8623268198,-0.136794497,0.8731095456,slowdown_late,slowdown,0.0,0.0,0.0,1.61e-08,1.39859e-05,6.753e-07,0.0008656387,1.655e-07,4.5408e-06,0.000251074,0.9757173826,0.0231465211,official
2006-08-25,-0.8742424679,-0.1311164861,0.8840200369,slowdown_late,slowdown,0.0,0.0,0.0,1.51e-08,1.39303e-05,6.519e-07,0.0009775624,1.402e-07,4.2664e-06,0.0002368317,0.9761755429,0.0225910592,official
2006-09-01,-1.0318761829,-0.1590188673,1.0440572096,slowdown_late,slowdown,0.0,0.0,0.0,2.2e-09,6.1951e-06,1.746e-07,0.0009777242,3.11e-08,1.6436e-06,0.0001541026,0.9793911751,0.0194689515,official
2006-09-08,-0.8190985271,-0.14477741,0.8317949841,slowdown_late,slowdown,0.0,0.0,0.0,2.29e-08,1.57413e-05,8.4e-07,0.0011073809,2.741e-07,6.8019e-06,0.0002284849,0.9768611542,0.0217792998,official
2006-09-15,-0.2094395414,-0.1320832361,0.2476103851,slowdown_late,slowdown,0.0,0.0,0.0,0.0,0.0,0.0,0.0,0.0,0.0,0.0,0.976139309,0.023860691,official
2006-09-22,-0.621059513,-0.2028147505,0.653336622,slowdown_late,slowdown,0.0,0.0,0.0,0.0,0.0,0.0,0.0,0.0,0.0,0.0,0.9797863188,0.0202136812,official
2006-09-29,-0.3035642009,-0.1667402792,0.3463431027,slowdown_late,slowdown,0.0,0.0,0.0,0.0,0.0,0.0,0.0,0.0,0.0,0.0,0.9779893233,0.0220106767,official
2006-10-06,-0.3689614629,-0.1513816996,0.3988094533,slowdown_late,slowdown,0.0,0.0,0.0,0.0,0.0,0.0,0.0,0.0,0.0,0.0,0.976252474,0.023747526,official
2006-10-13,-0.051454751,-0.1474076781,0.1561301219,slowdown_late,slowdown,0.0418712792,0.0,0.0,0.0,0.0,0.0,0.0,0.0,0.0,0.0,0.9362049782,0.0219237426,official
2006-10-20,-0.2612501109,-0.1814756038,0.3180959214,slowdown_late,slowdown,0.0436137557,0.0,0.0,0.0,0.0,0.0,0.0,0.0,0.0,0.0,0.9324293474,0.0239568969,official
2006-10-27,-0.0371020905,-0.1670526446,0.1711232047,slowdown_late,slowdown,0.0604304532,0.0,0.0,0.0,0.0,0.0,0.0,0.0,0.0,0.0,0.9185495729,0.0210199739,official
2006-11-03,0.0233137853,-0.141250974,0.1431620419,slowdown_late,slowdown,0.1028725648,0.0,0.0,0.0,0.0,0.0,0.0,0.0,0.0,0.0,0.8680267912,0.029100644,official
2006-11-10,0.0481395801,-0.1237473791,0.132781147,slowdown_late,slowdown,0.1013723257,0.0,0.0,0.0,0.0,0.0,0.0,0.0,0.0,0.0,0.8726028185,0.0260248559,official
2006-11-17,0.1759423153,-0.1705980141,0.2450701547,slowdown_late,slowdown,0.0571570969,0.0,0.0,0.0,0.0,0.0,0.0,0.0,0.0,0.0,0.9383178858,0.0045250173,official
2006-11-24,-0.019645154,-0.1714879504,0.1726095281,slowdown_late,slowdown,0.0730829021,0.0,0.0,0.0,0.0,0.0,0.0,0.0,0.0,0.0,0.908355734,0.0185613639,official
2006-12-01,-0.0449267085,-0.1608615571,0.1670175131,slowdown_late,slowdown,0.0,0.0,0.0,0.0,0.0,0.0,0.0,0.0,0.0,0.0,0.9813724536,0.0186275464,official
2006-12-08,-0.0249899746,-0.1530836483,0.1551099681,slowdown_late,slowdown,0.0,0.0,0.0,0.0,0.0,0.0,0.0,0.0,0.0,0.0,0.9805080596,0.0194919404,official
2006-12-15,0.1882401575,-0.1467137867,0.2386614592,slowdown_late,slowdown,0.0,0.0,0.0,0.0,0.0,0.0,0.0,0.0,0.0,0.0,0.9940062432,0.0059937568,official
2006-12-22,0.3114356837,-0.1086685735,0.3298500325,slowdown_late,slowdown,0.0,0.0,0.0,0.0,0.0,0.0,0.0,0.0,0.0,0.0,0.9838825932,0.0161174068,official
2006-12-29,0.3953967091,-0.0666268686,0.4009709431,slowdown_late,slowdown,0.0,0.0,0.0,0.0,0.0,0.0,0.0,0.0,0.0,0.0,0.9687461388,0.0312538612,official
2007-01-05,0.2972365387,-0.0677391011,0.3048575828,slowdown_late,slowdown,0.0,0.0,0.0,0.0,0.0,0.0,0.0,0.0,0.0,0.0,0.9650321264,0.0349678736,official
2007-01-12,0.5690344696,-0.0628569713,0.5724956126,slowdown_late,slowdown,0.0,0.0,0.0,0.0,0.0,0.0,0.0,0.0,0.0,0.0,0.9710683983,0.0289316017,official
2007-01-19,0.520586788,-0.0729116973,0.5256678794,slowdown_late,slowdown,0.0,0.0,0.0,0.0,0.0,0.0,0.0,0.0,0.0,0.0,0.9731367272,0.0268632728,official
2007-01-26,0.4552405407,-0.0746368413,0.4613183369,slowdown_late,slowdown,0.0,0.0,0.0,0.0,0.0,0.0,0.0,0.0,0.0,0.0,0.9715957224,0.0284042776,official
2007-02-02,0.3704845272,-0.0829855551,0.3796648354,slowdown_late,slowdown,0.0,0.0,0.0,0.0,0.0,0.0,0.0,0.0,0.0,0.0,0.9723472519,0.0276527481,official
2007-02-09,0.4272157594,-0.0655983884,0.4322226898,slowdown_late,slowdown,0.0,0.0,0.0,0.0,0.0,0.0,0.0,0.0,0.0,0.0,0.9670485395,0.0329514605,official
2007-02-16,-0.1369301502,-0.1357102048,0.1927877738,slowdown_late,slowdown,0.0,0.0,0.0,0.0,0.0,0.0,0.0,0.0,0.0,0.0,0.9764672111,0.0235327889,official
2007-02-23,-0.3422370593,-0.132928076,0.3671458541,slowdown_late,slowdown,0.0,0.0,0.0,0.0,0.0,0.0,0.0,0.0,0.0,0.0,0.9746822505,0.0253177495,official
2007-03-02,-0.3046797298,-0.1268825982,0.3300438326,slowdown_late,slowdown,0.0,0.0,0.0,0.0,0.0,0.0,0.0,0.0,0.0,0.0,0.9741058294,0.0258941706,official
2007-03-09,-0.2661005949,-0.1145819842,0.2897215175,slowdown_late,slowdown,0.0,0.0,0.0,0.0,0.0,0.0,0.0,0.0,0.0,0.0,0.9732497859,0.0267502141,official
2007-03-16,-0.063132268,-0.0856305317,0.106387364,slowdown_late,slowdown,0.0,0.0,0.0,0.0,0.0,0.0,0.0,0.0,0.0,0.0,0.9756112387,0.0243887613,official
2007-03-23,-0.0409976815,-0.0831397292,0.0926985678,slowdown_late,slowdown,0.0,0.0,0.0,0.0,0.0,0.0,0.0,0.0,0.0,0.0,0.9764909887,0.0235090113,official
2007-03-30,0.2239010683,-0.0407547146,0.2275799533,slowdown_late,slowdown,0.0,0.0,0.0,0.0,0.0,0.0,0.0,0.0,0.0,0.0,0.9517768447,0.0482231553,official
2007-04-06,0.2468078467,-0.0189796192,0.2475365411,slowdown_late,slowdown,0.0,0.0,0.0,0.0,0.0,0.0,0.0,0.0,0.0,0.0,0.9236806169,0.0763193831,official
2007-04-13,0.5751483194,-0.0272807803,0.5757949551,slowdown_late,slowdown,0.0,0.0,0.0,0.0,0.0,0.0,0.0,0.0,0.0,0.0,0.9464819972,0.0535180028,official
2007-04-20,0.2196277457,-0.0925611313,0.238335708,slowdown_late,slowdown,0.0,0.0,0.0,0.0,0.0,0.0,0.0,0.0,0.0,0.0,0.9772166845,0.0227833155,official
2007-04-27,0.1654368994,-0.0967905223,0.1916710017,slowdown_late,slowdown,0.0,0.0,0.0,0.0,0.0,0.0,0.0,0.0,0.0,0.0,0.9865566936,0.0134433064,official
2007-05-04,0.2216388301,-0.0735874248,0.2335356077,slowdown_late,slowdown,0.0,0.0,0.0,0.0,0.0,0.0,0.0,0.0,0.0,0.0,0.9741289374,0.0258710626,official
2007-05-11,0.2665587911,-0.0356265086,0.2689290561,slowdown_late,slowdown,0.0,0.0,0.0,0.0,0.0,0.0,0.0,0.0,0.0,0.0,0.9467747382,0.0532252618,official
2007-05-18,0.3048572205,-0.0256868565,0.3059374764,slowdown_late,slowdown,0.0,0.0,0.0,0.0,0.0,0.0,0.0,0.0,0.0,0.0,0.9304388671,0.0695611329,official
2007-05-25,0.1909753714,-0.0045676886,0.1910299879,slowdown_late,slowdown,0.0,0.0,0.0,0.0,0.0,0.0,0.0,0.0,0.0,0.0,0.893807745,0.106192255,official
2007-06-01,0.0291598869,-0.0135981902,0.032174676,slowdown_late,slowdown,0.0,0.0,0.0,0.0,0.0,0.0,0.0,0.0,0.0,0.0,0.9499118886,0.0500881114,official
2007-06-08,0.0464376389,-0.0186591814,0.0500461722,slowdown_late,slowdown,0.003253477,0.0,0.0,0.0,0.0,0.0,0.0,0.0,0.0,0.0,0.9525989256,0.0441475973,official
2007-06-15,0.4241654372,-0.0118495636,0.4243309207,slowdown_late,slowdown,0.0003324992,0.0,0.0,0.0,0.0,0.0,0.0,0.0,0.0,0.0,0.9291889806,0.0704785202,official
2007-06-22,-0.2284930673,-0.1420426451,0.2690449681,slowdown_late,slowdown,0.02784197,0.0,0.0,0.0,0.0,0.0,0.0,0.0,0.0,0.0,0.9381827143,0.0339753156,official
2007-06-29,-0.4221759588,-0.156095893,0.4501093956,slowdown_late,slowdown,0.0336041869,0.0,0.0,0.0,0.0,0.0,0.0,0.0,0.0,0.0,0.9379904865,0.0284053266,official
2007-07-06,-0.5899936883,-0.1503379889,0.6088465021,slowdown_late,slowdown,0.03339123,0.0,0.0,0.0,0.0,0.0,0.0,0.0,0.0,0.0,0.9394391842,0.0271695858,official
2007-07-13,-0.6719966398,-0.1563905592,0.6899547021,slowdown_late,slowdown,0.0355850857,0.0,0.0,0.0,0.0,0.0,0.0,0.0,0.0,0.0,0.9383948805,0.0260200338,official
2007-07-20,-1.1260982092,-0.223524963,1.1480681974,slowdown_late,slowdown,0.0609321298,0.0001148645,0.0016595982,5e-10,3.3291e-06,6.33e-08,0.0008072651,2.03e-08,1.3382e-06,0.0001186303,0.9178070932,0.0185556676,official
2007-07-27,-1.0390378278,-0.216225759,1.0612978783,slowdown_late,slowdown,0.0615752556,0.0001507914,0.002684612,1.3e-09,5.0284e-06,1.24e-07,0.0010125714,4.99e-08,2.5447e-06,0.0001313402,0.9157843511,0.01865333,official
2007-08-03,-0.9847429935,-0.2112360366,1.0071441934,slowdown_late,slowdown,0.0592981252,0.0001726487,0.0027964513,2.5e-09,6.4529e-06,1.876e-07,0.0010928619,8.65e-08,3.6885e-06,0.000149076,0.9171361587,0.0193442602,official
2007-08-10,-1.0052344995,-0.2088125681,1.0266932783,slowdown_late,slowdown,0.0583118659,0.0001638115,0.0026508997,2e-09,6.0266e-06,1.66e-07,0.0010798662,6.82e-08,3.1554e-06,0.000146681,0.9182922071,0.0193452503,official
2007-08-17,-0.5562266233,-0.2530275502,0.6110736434,slowdown_late,slowdown,0.0698357357,0.0,0.0,0.0,0.0,0.0,0.0,0.0,0.0,0.0,0.9093966312,0.0207676331,official
2007-08-24,-0.4747411828,-0.2514745738,0.5372324003,slowdown_late,slowdown,0.0708815014,0.0,0.0,0.0,0.0,0.0,0.0,0.0,0.0,0.0,0.9080298111,0.0210886875,official
2007-08-31,-0.7078900179,-0.2917249086,0.7656446302,slowdown_late,slowdown,0.0886766551,0.0004651495,0.0057316349,9.59e-08,1.0898e-05,5.527e-07,0.001605275,2.6008e-06,3.7621e-05,0.0001775201,0.8847789951,0.0185130019,official
2007-09-07,-0.6480847223,-0.286363378,0.7085321387,slowdown_late,slowdown,0.0906311412,0.0,0.0,0.0,0.0,0.0,0.0,0.0,0.0,0.0,0.8905749591,0.0187938997,official
2007-09-14,-0.2923655434,-0.2845128043,0.407952383,slowdown_late,slowdown,0.0923139032,0.0,0.0,0.0,0.0,0.0,0.0,0.0,0.0,0.0,0.8893481233,0.0183379735,official
2007-09-21,-0.2230890677,-0.2635701729,0.3453085116,slowdown_late,slowdown,0.0863462292,0.0,0.0,0.0,0.0,0.0,0.0,0.0,0.0,0.0,0.8952181065,0.0184356643,official
2007-09-28,-0.0883965272,-0.231970281,0.2482421344,slowdown_late,slowdown,0.0868136038,0.0,0.0,0.0,0.0,0.0,0.0,0.0,0.0,0.0,0.895449417,0.0177369792,official
2007-10-05,-0.1239879076,-0.2366730818,0.2671837362,slowdown_late,slowdown,0.0824750825,0.0,0.0,0.0,0.0,0.0,0.0,0.0,0.0,0.0,0.8995066786,0.0180182389,official
2007-10-12,0.1703825018,-0.2231665964,0.2807730875,slowdown_late,slowdown,0.09309495,0.0,0.0,0.0,0.0,0.0,0.0,0.0,0.0,0.0,0.9018459493,0.0050591008,official
2007-10-19,-0.1942028634,-0.2942494698,0.3525585095,slowdown_late,slowdown,0.1051492725,0.0,0.0,0.0,0.0,0.0,0.0,0.0,0.0,0.0,0.8796930735,0.0151576541,official
2007-10-26,-0.0582326528,-0.3082101283,0.3136630757,slowdown_late,slowdown,0.1484233483,0.0,0.0,0.0,0.0,0.0,0.0,0.0,0.0,0.0,0.837658347,0.0139183046,official
2007-11-02,-0.2696819541,-0.3452135076,0.4380647465,slowdown_late,slowdown,0.143621858,0.0,0.0,0.0,0.0,0.0,0.0,0.0,0.0,0.0,0.8416879899,0.0146901521,official
2007-11-09,-0.2927260807,-0.3482132895,0.4549077415,slowdown_late,slowdown,0.1422791161,0.0,0.0,0.0,0.0,0.0,0.0,0.0,0.0,0.0,0.8428217429,0.014899141,official
2007-11-16,-0.292428532,-0.3270904847,0.4387512182,slowdown_late,slowdown,0.128739073,0.0,0.0,0.0,0.0,0.0,0.0,0.0,0.0,0.0,0.8554855073,0.0157754197,official
2007-11-23,-0.4593709155,-0.3287368964,0.564880151,slowdown_late,slowdown,0.1206858111,0.0,0.0,0.0,0.0,0.0,0.0,0.0,0.0,0.0,0.8625400046,0.0167741843,official
2007-11-30,-0.620637527,-0.3663363247,0.7206894218,slowdown_late,slowdown,0.1398771808,0.0,0.0,0.0,0.0,0.0,0.0,0.0,0.0,0.0,0.8446650285,0.0154577908,official
2007-12-07,-0.7462141408,-0.3783314391,0.8366422305,slowdown_late,slowdown,0.1520526283,0.0008029045,0.0171357468,9e-08,5.413e-06,1.953e-07,0.001864125,2.8713e-06,4.64872e-05,0.0001067136,0.8138579406,0.0141248845,official
2007-12-14,-0.3429449125,-0.3695200064,0.5041391158,slowdown_late,slowdown,0.1577006472,0.0,0.0,0.0,0.0,0.0,0.0,0.0,0.0,0.0,0.8279243524,0.0143750005,official
2007-12-21,-1.069509727,-0.5316575243,1.1943662668,slowdown_late,slowdown,0.2825580318,0.0010283021,0.0331018258,1.8e-09,6.032e-07,6.1e-09,0.0012276573,2.206e-07,1.05765e-05,3.17639e-05,0.6732567232,0.0087842877,official
2007-12-28,-0.8710610608,-0.5297033435,1.0194768285,slowdown_late,slowdown,0.327166779,0.0052132125,0.0867118289,2.92e-08,1.1878e-06,1.98e-08,0.0022879307,1.6314e-06,4.3747e-05,3.89991e-05,0.5709774246,0.0075572101,official
2008-01-04,-0.8456457122,-0.5281274692,0.9970131866,slowdown_late,slowdown,0.3403948774,0.0125812914,0.1351491162,4.18e-08,1.3182e-06,2.34e-08,0.0033350579,2.1209e-06,5.5842e-05,4.01979e-05,0.5018146976,0.0066254152,official
2008-01-11,-1.0217642817,-0.5433203886,1.1572377855,slowdown_late,slowdown,0.3672727908,0.0154781185,0.1661136847,3.8e-09,6.764e-07,7.5e-09,0.0033825117,3.925e-07,1.96262e-05,2.88713e-05,0.4422422551,0.0054610616,official
2008-01-18,-1.4632900816,-0.6366611517,1.5957929957,contraction_early,contraction,0.4784991286,0.0118180805,0.2006327929,0.0,8.18e-08,2e-10,0.0015053098,7.7e-09,1.5695e-06,9.2288e-06,0.3043394413,0.0031943588,official
2008-01-25,-1.1233320017,-0.6059930726,1.2763629539,contraction_early,contraction,0.4700792359,0.0211666404,0.2661070712,1.1e-09,2.781e-07,2e-09,0.002000572,1.694e-07,1.06641e-05,1.5491e-05,0.2380417844,0.0025780901,official
2008-02-01,-1.1024705242,-0.6146159961,1.2622179207,contraction_early,contraction,0.4549687589,0.0310607076,0.3222715693,1.5e-09,2.736e-07,2e-09,0.0026735176,2.12e-07,1.28591e-05,1.48233e-05,0.1869868352,0.0020104399,official
2008-02-08,-1.1809001574,-0.6226878965,1.3350151303,contraction_early,contraction,0.4514698606,0.0346891772,0.3570389199,5e-10,2.023e-07,1.2e-09,0.0029521353,1.02e-07,8.2822e-06,1.26618e-05,0.1522534734,0.0015751835,official
2008-02-15,-0.3449825056,-0.6143994709,0.7046273051,contraction_mid,contraction,0.3343662314,0.0,0.5667327895,0.0,0.0,0.0,0.0,0.0,0.0,0.0,0.0989009791,0.0,official
2008-02-22,-1.205911128,-0.7928469691,1.4432005977,contraction_mid,contraction,0.3327295529,0.0600829686,0.5746159526,4e-10,3.35e-08,1e-10,0.0001935517,1.017e-07,7.7437e-06,3.264e-06,0.031993893,0.0003729379,official
2008-02-29,-1.1501901171,-0.7803096093,1.3898994179,contraction_mid,contraction,0.3082083674,0.0849097446,0.5882623909,9e-10,4.23e-08,2e-10,0.0011245746,1.622e-07,1.05565e-05,3.7002e-06,0.0172749229,0.0002055372,official
2008-03-07,-1.0195828252,-0.7688705771,1.276992992,contraction_mid,contraction,0.2683493446,0.113033932,0.6036512543,4.3e-09,6.19e-08,3e-10,0.0023317628,5.077e-07,2.34708e-05,4.2765e-06,0.0124452254,0.0001601593,official
2008-03-14,-0.518647016,-0.7587132686,0.9190432803,contraction_mid,contraction,0.1567460142,0.2352890609,0.5873105319,1.5268e-06,1.113e-07,3.42e-08,0.0142242353,3.25953e-05,0.0003833722,4.0256e-06,0.0059151002,9.3392e-05,official
2008-03-21,-1.4106142843,-0.9167888945,1.6823598117,contraction_mid,contraction,0.2048115339,0.1347286829,0.6509679506,1e-10,8.3e-09,0.0,0.0027096057,2.69e-08,7.2392e-06,1.4877e-06,0.0066855288,8.79359e-05,official
2008-03-28,-1.3667498437,-0.9174522987,1.6461238883,contraction_mid,contraction,0.2255481745,0.106775638,0.6588415587,1e-10,8e-09,0.0,0.0015337566,3.4e-08,4.9382e-06,1.3668e-06,0.0072149626,7.95624e-05,official
2008-04-04,-1.4546390214,-0.945553374,1.7349483755,contraction_mid,contraction,0.2449968414,0.0896461958,0.6565691363,0.0,5.4e-09,0.0,0.0009716238,1.76e-08,3.0298e-06,1.1055e-06,0.0077382401,7.38042e-05,official
2008-04-11,-1.5832857317,-0.9659357508,1.8546766788,contraction_mid,contraction,0.2725549135,0.0727304592,0.6453234473,0.0,3.9e-09,0.0,0.0005818802,6.8e-09,1.581e-06,9.588e-07,0.0087331618,7.35875e-05,official
2008-04-18,-1.5796442782,-1.148501068,1.9530311694,contraction_mid,contraction,0.2444066154,0.0835057767,0.6652616688,0.0,8e-10,0.0,0.0006722487,1.04e-08,2.2998e-06,3.059e-07,0.0061163895,3.46838e-05,official
2008-04-25,-1.5483146942,-1.1303282505,1.9170081758,contraction_mid,contraction,0.226669487,0.0903242904,0.6767480423,0.0,1e-09,0.0,0.0007996184,1.25e-08,2.5882e-06,3.381e-07,0.0054214019,3.42203e-05,official
2008-05-02,-1.8068880774,-1.1761988412,2.1559889235,contraction_mid,contraction,0.2439218404,0.0729149769,0.6768158617,0.0,6e-10,0.0,0.00047221,2.5e-09,9.117e-07,2.966e-07,0.0058380651,3.58346e-05,official
2008-05-09,-1.9106228095,-1.1902311134,2.2510285702,contraction_mid,contraction,0.2658607072,0.0615768766,0.6656602799,0.0,6e-10,0.0,0.0003078189,1.4e-09,5.945e-07,2.897e-07,0.0065560575,3.73738e-05,official
2008-05-16,-0.9018125679,-1.1323059104,1.4475436375,contraction_mid,contraction,0.1417757941,0.1820027239,0.6695491934,1.28e-08,1.1e-09,0.0,0.0038911712,1.5285e-06,6.11144e-05,2.231e-07,0.0027015886,1.66489e-05,official
2008-05-23,-1.2913943009,-1.2193522386,1.7760965971,contraction_mid,contraction,0.1215562627,0.1820101284,0.6904210947,2e-10,5e-10,0.0,0.0039557681,9.24e-08,1.26559e-05,1.641e-07,0.0020272629,1.657e-05,official
2008-05-30,-1.3481112777,-1.2615186063,1.8463025784,contraction_mid,contraction,0.1118740355,0.1791589092,0.7036837205,1e-10,3e-10,0.0,0.0035708906,6.43e-08,1.01953e-05,1.279e-07,0.0016877397,1.43164e-05,official
2008-06-06,-1.1960151919,-1.2496564573,1.7297669209,contraction_mid,contraction,0.0939359452,0.2074352505,0.6921691931,6e-10,3e-10,0.0,0.0051178746,1.828e-07,1.97114e-05,1.185e-07,0.0013096426,1.20804e-05,official
2008-06-13,-0.3847188409,-1.2563582114,1.3139423663,contraction_mid,contraction,0.0282120945,0.4416566395,0.485133906,1.057e-06,1e-10,9.8e-09,0.0439632194,4.09987e-05,0.0007606042,1.96e-08,0.0002295457,1.9057e-06,official
2008-06-20,-1.1599185659,-1.4107835028,1.8263956776,contraction_mid,contraction,0.0379226093,0.3934075633,0.5468774146,9e-10,1e-10,0.0,0.0213245474,3.004e-07,9.87141e-05,3.84e-08,0.0003632872,5.5244e-06,official
2008-06-27,-0.9297924887,-1.4062005773,1.6857977742,contraction_mid,contraction,0.0316010904,0.4222768506,0.5181356709,6.4e-09,0.0,0.0,0.0275714245,1.1899e-06,0.0001475417,2.4e-08,0.0002628648,3.3367e-06,official
2008-07-04,-1.1848086525,-1.4773461771,1.8937590316,contraction_mid,contraction,0.0375521308,0.3830455767,0.5606231484,6e-10,0.0,0.0,0.0183898674,2.452e-07,6.4619e-05,2.41e-08,0.0003203083,4.0795e-06,official
2008-07-11,-1.4326842998,-1.473233249,2.0549940411,contraction_mid,contraction,0.0552155458,0.2942534933,0.6410424518,1e-10,1e-10,0.0,0.0089352743,5.2e-08,1.8127e-05,3.8e-08,0.0005284565,6.5612e-06,official
2008-07-18,-1.6461666893,-1.6082766579,2.3013949199,contraction_mid,contraction,0.0686528749,0.2261020317,0.7000330805,0.0,0.0,0.0,0.004588646,1.72e-08,6.5505e-06,2.27e-08,0.0006116112,5.1652e-06,official
2008-07-25,-1.4670225513,-1.6080321114,2.1766769254,contraction_mid,contraction,0.0634138439,0.2298044413,0.7012954947,1e-10,0.0,0.0,0.0049605454,4.53e-08,1.01714e-05,1.57e-08,0.0005118398,3.6023e-06,official
2008-08-01,-1.8402850105,-1.6766626262,2.4895474452,contraction_mid,contraction,0.0809685508,0.1759736255,0.7398551559,0.0,0.0,0.0,0.0024787147,6.7e-09,2.9508e-06,2.12e-08,0.0007156276,5.3467e-06,official
2008-08-08,-2.1124179777,-1.7414050684,2.7376634791,contraction_mid,contraction,0.1038551516,0.1297621737,0.7641739243,0.0,0.0,0.0,0.0011827414,2.1e-09,1.1705e-06,2.43e-08,0.0010182913,6.5208e-06,official
2008-08-15,-2.0745030683,-1.8862985784,2.8038697023,contraction_mid,contraction,0.0981396435,0.1329747812,0.7668928188,0.0,0.0,0.0,0.0011381738,3.3e-09,1.573e-06,1.14e-08,0.0008492215,3.7735e-06,official
2008-08-22,-2.9499380206,-2.0760151519,3.6072112824,contraction_mid,contraction,0.1415766959,0.0828186861,0.7736162574,0.0,0.0,0.0,0.0003940437,2e-10,2.634e-07,2.84e-08,0.0015852778,8.747e-06,official
2008-08-29,-2.3503365019,-2.0131845351,3.0946718153,contraction_mid,contraction,0.1242798988,0.1023395588,0.7716308569,0.0,0.0,0.0,0.0005520009,1.4e-09,8.638e-07,1.13e-08,0.0011927025,4.1054e-06,official
2008-09-05,-2.3376134284,-2.0062461013,3.0804967066,contraction_mid,contraction,0.1160660125,0.109311646,0.7728696719,0.0,0.0,0.0,0.0006757974,1.5e-09,8.972e-07,1.14e-08,0.0010718742,4.0878e-06,official
2008-09-12,-1.783607555,-2.0161496503,2.6918609405,contraction_mid,contraction,0.0720209368,0.1758333217,0.7496990087,0.0,0.0,0.0,0.001975592,1.58e-08,4.6793e-06,3.3e-09,0.000465011,1.4314e-06,official
2008-09-19,-4.1115424293,-2.5467409231,4.8363902321,contraction_mid,contraction,0.1522776176,0.0726240617,0.7729416026,0.0,0.0,0.0,0.0003054704,1e-10,1.175e-07,4.84e-08,0.0018371139,1.39677e-05,official
2008-09-26,-3.8533778825,-2.5634685321,4.6281629207,contraction_mid,contraction,0.1865661279,0.0590481296,0.7517603191,0.0,0.0,0.0,0.0001628757,1e-10,1.422e-07,2.92e-08,0.0024526884,9.6879e-06,official
2008-10-03,-3.5482647626,-2.5623587145,4.3767413686,contraction_mid,contraction,0.1847987581,0.0643428575,0.7483991486,0.0,0.0,0.0,0.0001844918,2e-10,2.206e-07,1.79e-08,0.0022677472,6.7581e-06,official
2008-10-10,-2.9928367399,-2.5794880344,3.951054324,contraction_mid,contraction,0.1402532624,0.0915924824,0.7664706458,0.0,0.0,0.0,0.0003855627,8e-10,6.08e-07,6.2e-09,0.0012944433,2.9883e-06,official
2008-10-17,-2.8342943239,-2.7310250532,3.9359525093,contraction_mid,contraction,0.0990930886,0.1233216623,0.7761204232,0.0,0.0,0.0,0.0007684323,1.7e-09,1.1075e-06,2.9e-09,0.000693636,1.6455e-06,official
2008-10-24,-3.0338397364,-2.714968845,4.0712699954,contraction_mid,contraction,0.0949983564,0.1199847475,0.7835642337,0.0,0.0,0.0,0.0007719197,1e-09,7.563e-07,4.7e-09,0.0006776408,2.3399e-06,official
2008-10-31,-2.6805905387,-2.6238905625,3.7510488293,contraction_mid,contraction,0.0797122413,0.1394428908,0.7792977856,0.0,0.0,0.0,0.0010528399,2.1e-09,1.2885e-06,2.8e-09,0.0004913899,1.559e-06,official
2008-11-07,-2.6076558567,-2.6151529984,3.6930873632,contraction_mid,contraction,0.0707544458,0.1528801286,0.7746344562,0.0,0.0,0.0,0.0013267004,2.6e-09,1.5159e-06,2.5e-09,0.0004013532,1.3949e-06,official
2008-11-14,-0.6079738784,-2.6574427129,2.7261023475,contraction_late,contraction,0.0064363475,0.5424641441,0.414511786,1.58e-08,0.0,0.0,0.036255908,4.9934e-06,0.0003196282,0.0,7.1706e-06,6.2e-09,official
2008-11-21,-1.6694506981,-2.9273760423,3.3699549146,contraction_late,contraction,0.0088208269,0.56374643,0.396354372,1e-10,0.0,0.0,0.0309852452,1.036e-07,7.08179e-05,1e-10,2.21148e-05,8.94e-08,official
2008-11-28,-1.7090881997,-2.9318525627,3.3936325558,contraction_late,contraction,0.0092685119,0.568529777,0.392331588,1e-10,0.0,0.0,0.0297870857,9e-08,5.7635e-05,1e-10,2.52132e-05,9.9e-08,official
2008-12-05,-1.2479627394,-2.8345091657,3.0970717152,contraction_late,contraction,0.0050825956,0.6430835462,0.3008925185,5e-10,0.0,0.0,0.0507809719,3.898e-07,0.0001496402,0.0,1.03066e-05,3.06e-08,official
2008-12-12,-0.8272034833,-2.8799888819,2.9964314714,contraction_late,contraction,0.0016998387,0.7263407438,0.1688882642,3.8e-09,0.0,0.0,0.1024752762,1.721e-06,0.0005913901,0.0,2.7561e-06,6.1e-09,official
2008-12-19,-2.2660514351,-3.2044075028,3.9246931791,contraction_late,contraction,0.0072950774,0.6547820189,0.3043877012,0.0,0.0,0.0,0.0334144649,2.98e-08,7.23803e-05,3e-10,4.80582e-05,2.69e-07,official
2008-12-26,-2.7140077989,-3.2158233552,4.208011191,contraction_late,contraction,0.0186960293,0.4911783998,0.4759485083,0.0,0.0,0.0,0.0140609813,8.5e-09,1.22936e-05,8e-10,0.0001031222,6.562e-07,official
2009-01-02,-3.0910227984,-3.2918859996,4.5156323339,contraction_mid,contraction,0.0350852867,0.3310876282,0.6271884627,0.0,0.0,0.0,0.0064586076,3.6e-09,3.8777e-06,1.5e-09,0.0001750874,1.0447e-06,official
2009-01-09,-2.797523619,-3.2573977302,4.2938069788,contraction_mid,contraction,0.0371435293,0.2794934429,0.6780543522,0.0,0.0,0.0,0.0051582051,6.1e-09,4.084e-06,7e-10,0.0001457932,5.865e-07,official
2009-01-16,-1.4503702954,-3.1909974226,3.5051445826,contraction_mid,contraction,0.0105684583,0.4758648754,0.4912474075,3e-10,0.0,0.0,0.0222457867,2.751e-07,5.69894e-05,0.0,1.61802e-05,2.7e-08,official
2009-01-23,-1.6604424977,-3.2408346743,3.6414390939,contraction_late,contraction,0.008063003,0.5544771799,0.4063847833,1e-10,0.0,0.0,0.0309922892,1.471e-07,6.76975e-05,0.0,1.4856e-05,4.38e-08,official
2009-01-30,-2.6975230902,-3.3874724779,4.3303118375,contraction_mid,contraction,0.0192601866,0.4443172755,0.5231478834,0.0,0.0,0.0,0.0131842751,1.11e-08,1.39365e-05,5e-10,7.60036e-05,4.278e-07,official
2009-02-06,-2.6445717646,-3.4109219069,4.3160338359,contraction_mid,contraction,0.0236374462,0.3816595695,0.5846285325,0.0,0.0,0.0,0.009985362,1.22e-08,9.023e-06,4e-10,7.97103e-05,3.439e-07,official
2009-02-13,-1.4158207942,-3.4232951816,3.7045240479,contraction_late,contraction,0.006768546,0.5607313174,0.3972532702,4e-10,0.0,0.0,0.0351488929,3.732e-07,8.85375e-05,0.0,9.0469e-06,1.56e-08,official
2009-02-20,-1.403033822,-3.4261121636,3.7022626141,contraction_late,contraction,0.0039020165,0.6586040393,0.2820237768,4e-10,0.0,0.0,0.0552871173,3.786e-07,0.0001765211,0.0,6.1355e-06,1.45e-08,official
2009-02-27,-1.1132968413,-3.4264916075,3.6028148152,contraction_late,contraction,0.001734295,0.7323377941,0.1750998279,1.3e-09,0.0,0.0,0.0903950677,8.707e-07,0.0004293432,0.0,2.7944e-06,5.6e-09,official
2009-03-06,-1.645292046,-3.5158895468,3.8818121054,contraction_late,contraction,0.0024543649,0.7406934856,0.1889085829,2e-10,0.0,0.0,0.0676829754,2.144e-07,0.0002518377,0.0,8.513e-06,2.58e-08,official
2009-03-13,-1.9652150802,-3.5225056972,4.0336232717,contraction_late,contraction,0.0040921246,0.7082342519,0.2409165197,1e-10,0.0,0.0,0.0466290313,9.12e-08,0.0001111068,0.0,1.68117e-05,6.27e-08,official
2009-03-20,-1.5415483379,-3.4658795694,3.7932430014,contraction_late,contraction,0.002918188,0.7222332993,0.2141050713,3e-10,0.0,0.0,0.060568514,2.597e-07,0.0001672252,0.0,7.422e-06,2.02e-08,official
2009-03-27,-0.852088219,-3.4433289249,3.5471916241,contraction_late,contraction,0.0008263171,0.7601372994,0.1135088791,3.6e-09,0.0,0.0,0.1247759876,1.8266e-06,0.0007483735,0.0,1.311e-06,2.1e-09,official
2009-04-03,-0.7495997888,-3.4425890999,3.5232541144,contraction_late,contraction,0.0003868236,0.7584246148,0.0703700001,5.3e-09,0.0,0.0,0.1691485722,2.508e-06,0.0016665523,0.0,9.221e-07,1.4e-09,official
2009-04-10,-0.6043724821,-3.4215774557,3.4745443417,contraction_late,contraction,0.0002067397,0.7358540841,0.0485216028,9.2e-09,0.0,0.0,0.2125348225,3.9785e-06,0.0028781531,0.0,6.094e-07,9e-10,official
2009-04-17,-0.240064166,-3.3416095825,3.350221695,contraction_late,contraction,7.75349e-05,0.6613297565,0.0274088131,3.78e-08,0.0,0.0,0.3043331761,1.18462e-05,0.006838626,0.0,2.09e-07,2e-10,official
2009-04-24,-0.1120327139,-3.3142174815,3.3161104993,contraction_late,contraction,4.40527e-05,0.5841582228,0.0186152601,6.28e-08,0.0,0.0,0.3847780744,2.08148e-05,0.0123833721,0.0,1.402e-07,1e-10,official
2009-05-01,0.5817272082,-3.2447654419,3.2964995553,recovery_early,recovery,6.2386e-06,0.3585731705,0.0052235307,7.548e-07,0.0,1.2e-09,0.5907657037,0.0001518897,0.0452786995,0.0,1.13e-08,0.0,official
2009-05-08,0.9068571461,-3.1824103965,3.3090974321,recovery_early,recovery,1.6854e-06,0.1728535194,0.0014916573,2.0637e-06,0.0,4.4e-09,0.7185667222,0.0006465979,0.106437747,0.0,2.8e-09,0.0,official
2009-05-15,0.794238727,-3.1593954109,3.2576977327,recovery_early,recovery,2.069e-06,0.1130944406,0.0009054926,1.5162e-06,0.0,2.9e-09,0.7550046615,0.0010209293,0.1299708837,0.0,4.3e-09,0.0,official
2009-05-22,1.1152150988,-3.0704551047,3.2667107718,recovery_early,recovery,6.92e-07,0.0613076894,0.0003095365,4.1647e-06,0.0,1.08e-08,0.7422192527,0.0023347606,0.1938238923,0.0,1e-09,0.0,official
2009-05-29,1.3848423938,-3.0153089208,3.3181133711,recovery_early,recovery,2.712e-07,0.0329234296,0.0001065534,9.5654e-06,0.0,2.96e-08,0.6825466954,0.0055498687,0.2788635864,0.0,3e-10,0.0,official
2009-06-05,1.4111138461,-2.9959549919,3.3116443951,recovery_early,recovery,2.463e-07,0.0249133645,7.09067e-05,1.25412e-05,0.0,3.4e-08,0.6346420556,0.0085542201,0.3318066313,0.0,3e-10,0.0,official
2009-06-12,1.2642068023,-2.9577644429,3.2166114684,recovery_early,recovery,3.989e-07,0.0266612212,8.72527e-05,1.09301e-05,0.0,2.38e-08,0.6308515477,0.0086210321,0.333767593,0.0,5e-10,0.0,official
2009-06-19,1.850157754,-2.8062004606,3.3612266719,recovery_early,recovery,4.6e-08,0.0112977775,1.99035e-05,4.97624e-05,2e-10,1.88e-07,0.4897234081,0.0222512177,0.4766576965,0.0,0.0,0.0,official
2009-06-26,1.6566585922,-2.7890363659,3.2439546146,recovery_mid,recovery,8.8e-08,0.0103685476,2.37012e-05,5.52767e-05,1e-10,1.181e-07,0.4375915749,0.026780279,0.5251804143,0.0,1e-10,0.0,official
2009-07-03,1.3976405658,-2.7932828516,3.1234321251,recovery_mid,recovery,2.302e-07,0.0139931191,4.56519e-05,3.639e-05,0.0,5.72e-08,0.4640723696,0.0215650072,0.5002871746,0.0,3e-10,0.0,official
2009-07-10,1.5077582215,-2.7522682561,3.138202576,recovery_mid,recovery,1.454e-07,0.0125549087,3.53671e-05,4.265e-05,1e-10,8.61e-08,0.4509192804,0.0239249095,0.5125226527,0.0,1e-10,0.0,official
2009-07-17,1.9895813197,-2.5630731923,3.2446537591,recovery_mid,recovery,1.91e-08,0.0049563608,8.0438e-06,0.0001543117,7e-10,4.798e-07,0.3137445888,0.0505999949,0.6305362004,0.0,0.0,0.0,official
2009-07-24,1.9313504502,-2.5274250805,3.1808791393,recovery_mid,recovery,2.2e-08,0.0034548899,7.4475e-06,0.0002474003,6e-10,4.583e-07,0.2421028718,0.0648357769,0.6893511327,0.0,0.0,0.0,official
2009-07-31,1.9722508101,-2.5042768877,3.1876599549,recovery_mid,recovery,1.8e-08,0.002469584,6.2052e-06,0.0003328197,8e-10,5.333e-07,0.1943276556,0.0769741904,0.7258889932,0.0,0.0,0.0,official
2009-08-07,1.9852844504,-2.4685782742,3.1678435954,recovery_mid,recovery,1.6e-08,0.0019000893,5.5264e-06,0.0004139155,9e-10,6.027e-07,0.1640859127,0.0863672846,0.7472266519,0.0,0.0,0.0,official
2009-08-14,1.4874112557,-2.4367138864,2.8548146714,recovery_mid,recovery,1.175e-07,0.0039058369,2.22135e-05,0.0002107705,2e-10,2.105e-07,0.2180105618,0.0585450491,0.7193052398,0.0,1e-10,0.0,official
2009-08-21,2.3368898716,-2.2285786244,3.2291820879,recovery_mid,recovery,2.6e-09,0.0008908333,1.4897e-06,0.0007988901,4.9e-09,2.205e-06,0.1148600781,0.1270202776,0.7564262187,0.0,0.0,0.0,official
2009-08-28,2.4579671374,-2.2072336682,3.3035561013,recovery_mid,recovery,1.6e-09,0.0003920709,9.582e-07,0.0018343101,6.8e-09,2.9311e-06,0.0698624918,0.1743154951,0.7535917345,0.0,0.0,0.0,official
2009-09-04,2.353769416,-2.1926148668,3.2167981624,recovery_mid,recovery,2.2e-09,0.0003186789,1.208e-06,0.0022516427,5.8e-09,2.7374e-06,0.0599131297,0.1866062024,0.7509063929,0.0,0.0,0.0,official
2009-09-11,1.637183687,-2.1732001729,2.7208765897,recovery_mid,recovery,4.39e-08,0.0010999599,1.00163e-05,0.0009512029,1.2e-09,7.771e-07,0.1073119325,0.1174314103,0.7731946558,0.0,0.0,0.0,official
2009-09-18,1.6136073473,-2.1452737699,2.6843860041,recovery_mid,recovery,4.5e-08,0.0016364474,1.01708e-05,0.0006009823,1.3e-09,7.143e-07,0.1348396921,0.0968635782,0.7660483687,0.0,0.0,0.0,official
2009-09-25,1.6277811558,-2.1205977458,2.6733137284,recovery_mid,recovery,4.01e-08,0.0018436359,9.3977e-06,0.0005364725,1.4e-09,7.713e-07,0.1457892924,0.0932125258,0.7586078629,0.0,0.0,0.0,official
2009-10-02,1.6810322092,-2.0742060614,2.6698689244,recovery_mid,recovery,2.89e-08,0.0016719897,7.3921e-06,0.0006167022,2e-09,9.962e-07,0.140168258,0.1000612579,0.7574733728,0.0,0.0,0.0,official
2009-10-09,1.6809683263,-2.043780866,2.6462605205,recovery_mid,recovery,2.76e-08,0.0015609331,7.0489e-06,0.0006989947,2.4e-09,1.1079e-06,0.1345163763,0.1050588949,0.7581566141,0.0,0.0,0.0,official
2009-10-16,0.9564129254,-2.0087834904,2.2248453419,recovery_mid,recovery,1.1147e-06,0.0070309697,9.03558e-05,0.000217299,4e-10,2.308e-07,0.2532984015,0.0518952016,0.6874664233,0.0,3.1e-09,0.0,official
2009-10-23,1.2010768108,-1.9298677203,2.2730980893,recovery_mid,recovery,2.732e-07,0.0067839456,3.73335e-05,0.0002238705,1.2e-09,5.479e-07,0.2708566531,0.0566583863,0.6654389881,0.0,5e-10,0.0,official
2009-10-30,1.3439823825,-1.8817532519,2.3124195003,recovery_mid,recovery,1.224e-07,0.0049914676,2.08353e-05,0.0003509985,2.4e-09,9.311e-07,0.2435854576,0.069945784,0.6811044009,0.0,2e-10,0.0,official
2009-11-06,1.3769391498,-1.855115985,2.3102849911,recovery_mid,recovery,1.003e-07,0.0040278715,1.72273e-05,0.0004724754,3e-09,1.1256e-06,0.2174223698,0.0798650652,0.6981937618,0.0,1e-10,0.0,official
2009-11-13,1.3496098314,-1.8344952287,2.2774589879,recovery_mid,recovery,1.142e-07,0.0037605243,1.82434e-05,0.0005312844,3.2e-09,1.1628e-06,0.2050047424,0.0837244126,0.7069595125,0.0,2e-10,0.0,official
2009-11-20,1.6392713259,-1.7407244414,2.3910943229,recovery_mid,recovery,2.08e-08,0.0016721136,5.3978e-06,0.0010758736,1e-08,2.9387e-06,0.140026353,0.1234482695,0.7337690229,0.0,0.0,0.0,official
2009-11-27,1.5889603519,-1.7071326345,2.3321871348,recovery_mid,recovery,2.59e-08,0.0012601865,5.8598e-06,0.0015246933,1.1e-08,3.1552e-06,0.1141894662,0.1408813908,0.7421352113,0.0,0.0,0.0,official
2009-12-04,1.727974954,-1.6438811753,2.3850037233,recovery_mid,recovery,1.07e-08,0.0007101117,3.0703e-06,0.0023813221,1.96e-08,5.1364e-06,0.0838877142,0.1752855955,0.7377270194,0.0,0.0,0.0,official
2009-12-11,1.6531777117,-1.628066521,2.3202579907,recovery_mid,recovery,1.59e-08,0.0006547036,3.943e-06,0.0027782995,1.91e-08,5.1291e-06,0.0773200421,0.1839786826,0.7352591651,0.0,0.0,0.0,official
2009-12-18,1.6073354913,-1.5606759983,2.2403653616,recovery_mid,recovery,1.84e-08,0.0006270389,4.2016e-06,0.0032057352,2.6e-08,6.3195e-06,0.0737263983,0.1932777154,0.7291525466,0.0,0.0,0.0,official
2009-12-25,1.5118710317,-1.537222993,2.1561095859,recovery_mid,recovery,3.15e-08,0.0007471871,5.9975e-06,0.0031707835,2.61e-08,6.1818e-06,0.0787662,0.1882830333,0.7290205591,0.0,0.0,0.0,official
2010-01-01,1.6457836931,-1.4779954731,2.2120295168,recovery_mid,recovery,1.26e-08,0.0005128856,3.1066e-06,0.0041552998,4.39e-08,9.3786e-06,0.0655103549,0.2156447997,0.7141641182,1e-10,0.0,0.0,official
2010-01-08,1.7301126473,-1.4368690815,2.2489736615,recovery_mid,recovery,7e-09,0.0003436893,2.0284e-06,0.0057406392,6.14e-08,1.29457e-05,0.0524434213,0.249754166,0.6917030416,1e-10,0.0,0.0,official
2010-01-15,1.49607538,-1.4004899547,2.0492958926,recovery_mid,recovery,2.86e-08,0.0005194356,5.1655e-06,0.0056627008,5.96e-08,1.22073e-05,0.0610107601,0.238119207,0.6946704354,1e-10,0.0,0.0,official
2010-01-22,1.5825643718,-1.344253052,2.0764215032,recovery_mid,recovery,1.47e-08,0.0004158699,3.1838e-06,0.0067671772,9.08e-08,1.68682e-05,0.0546412098,0.2581441578,0.6800114275,2e-10,0.0,0.0,official
2010-01-29,1.3901616318,-1.3275891871,1.9222493107,recovery_mid,recovery,5.23e-08,0.0006419469,7.4423e-06,0.0062663489,8.55e-08,1.53466e-05,0.0652411622,0.2408463719,0.6869812431,2e-10,1e-10,0.0,official
2010-02-05,1.369961647,-1.3156976685,1.8994355133,recovery_mid,recovery,5.88e-08,0.0007486917,8.0343e-06,0.0058744336,9.03e-08,1.5334e-05,0.0708787363,0.231635409,0.6908392116,2e-10,1e-10,0.0,official
2010-02-12,1.071251413,-1.3227909069,1.7021619704,recovery_mid,recovery,4.864e-07,0.0018553127,3.358e-05,0.0038457354,6.31e-08,9.8436e-06,0.1075940043,0.1795477827,0.7071131896,2e-10,2e-09,0.0,official
2010-02-19,1.0967419527,-1.2912686219,1.6941716455,recovery_mid,recovery,3.892e-07,0.0022550759,2.89147e-05,0.0032995671,8.01e-08,1.04914e-05,0.1219567461,0.1663971254,0.7060516083,2e-10,1.5e-09,0.0,official
2010-02-26,0.8837270259,-1.2850341924,1.5595788957,recovery_mid,recovery,1.7663e-06,0.0044763886,7.98269e-05,0.0022901104,6.34e-08,7.5254e-06,0.1659618553,0.1323690692,0.6948133815,2e-10,1.26e-08,0.0,official
2010-03-05,0.7734891798,-1.2707414803,1.4876388746,recovery_mid,recovery,3.7607e-06,0.0078335635,0.000138062,0.0015794415,5.8e-08,6.1516e-06,0.2170144128,0.1063009413,0.6671235715,2e-10,3.68e-08,1e-10,official
2010-03-12,0.7293591545,-1.2442042176,1.4422235996,recovery_mid,recovery,5.0772e-06,0.0111465379,0.0001781322,0.0012761722,6.59e-08,6.1579e-06,0.2587492502,0.0927166893,0.6359218588,3e-10,5.8e-08,2e-10,official
2010-03-19,0.939418923,-1.1311411426,1.4703700886,recovery_mid,recovery,1.164e-06,0.0068772808,6.60729e-05,0.002267022,2.345e-07,1.63155e-05,0.2144817563,0.1260042847,0.6502858595,1.2e-09,8.7e-09,0.0,official
2010-03-26,0.9746151427,-1.1042667017,1.4728474547,recovery_mid,recovery,8.931e-07,0.0048632968,4.91083e-05,0.0034435501,3.034e-07,2.11049e-05,0.177788864,0.1526505869,0.6611822847,1.6e-09,6.2e-09,0.0,official
2010-04-02,1.1534142539,-1.0443262784,1.5559504545,recovery_mid,recovery,2.159e-07,0.0022128656,1.75168e-05,0.006115454,5.311e-07,3.71854e-05,0.119595759,0.2074315643,0.6645889041,2.8e-09,9e-10,0.0,official
2010-04-09,1.2798921103,-1.0169140239,1.6346981208,recovery_mid,recovery,7.64e-08,0.0009939986,8.0474e-06,0.0100710945,6.603e-07,5.36098e-05,0.0768101441,0.2671656772,0.6448966882,3.3e-09,2e-10,0.0,official
2010-04-16,1.2827820769,-0.9827560616,1.6159639022,recovery_mid,recovery,7.1e-08,0.0006545525,7.2319e-06,0.0143066544,8.38e-07,7.44482e-05,0.0577781897,0.3110128232,0.6161651863,4.6e-09,2e-10,0.0,official
2010-04-23,1.4964153626,-0.9176859155,1.7553935106,recovery_mid,recovery,1.12e-08,0.0002433342,1.9914e-06,0.0233085283,1.2363e-06,0.0001291384,0.0336442001,0.3933479315,0.5493236224,6.2e-09,0.0,0.0,official
2010-04-30,1.7758843105,-0.8255380908,1.9583866379,recovery_late,recovery,1e-09,6.04582e-05,3.588e-07,0.0430463122,1.913e-06,0.0002636583,0.0147945683,0.513427744,0.4284049777,8.4e-09,0.0,0.0,official
2010-05-07,1.7672887787,-0.7977745938,1.9390084914,recovery_late,recovery,9e-10,4.15297e-05,3.376e-07,0.061510501,2.2239e-06,0.0004351351,0.0096986862,0.5867030303,0.3416085448,1.04e-08,0.0,0.0,official
2010-05-14,1.4773434497,-0.7578872524,1.6604025885,recovery_late,recovery,8.6e-09,8.79495e-05,1.4492e-06,0.0703662628,3.4163e-06,0.0006420028,0.011342048,0.5987037795,0.3188530584,2.5e-08,0.0,1e-10,official
2010-05-21,1.6084997856,-0.6919114347,1.7510034248,recovery_late,recovery,2.1e-09,4.5049e-05,5.122e-07,0.0877187188,4.4736e-06,0.0009157364,0.0078434267,0.6350840264,0.2683873466,3.11e-08,6.771e-07,1e-10,official
2010-05-28,1.4082996509,-0.683089072,1.5652215776,recovery_late,recovery,1.14e-08,8.18689e-05,1.5974e-06,0.0926659011,5.8587e-06,0.0011587436,0.0091049473,0.6350096444,0.2619698481,5.5e-08,1.5239e-06,2e-10,official
2010-06-04,1.547264274,-0.6139971728,1.6646378771,recovery_late,recovery,2.3e-09,3.77234e-05,4.932e-07,0.1108714661,7.4707e-06,0.001530792,0.0062159873,0.6588361185,0.2224982855,6.51e-08,1.5958e-06,2e-10,official
2010-06-11,1.3808596518,-0.6227947471,1.5148091216,recovery_late,recovery,1.1e-08,6.78551e-05,1.4286e-06,0.11368029,8.923e-06,0.001800679,0.007205864,0.6559555767,0.2212764914,9.72e-08,2.7836e-06,4e-10,official
2010-06-18,1.105474711,-0.6311729982,1.27297042,recovery_late,recovery,1.601e-07,0.0002087876,8.6985e-06,0.1038102342,1.23041e-05,0.0018912045,0.0127191564,0.6219315132,0.2594103312,2.067e-07,7.4021e-06,1.4e-09,official
2010-06-25,0.8395202602,-0.6100618344,1.037771511,recovery_late,recovery,1.906e-06,0.0006052452,4.40931e-05,0.0903072202,1.90637e-05,0.0019280591,0.0254859402,0.5616386462,0.3199472239,5.301e-07,2.20649e-05,7.3e-09,official
2010-07-02,0.8218571314,-0.5852567298,1.0089472653,recovery_late,recovery,2.0272e-06,0.0007481155,4.45753e-05,0.0826967856,2.26274e-05,0.0018752422,0.0348159774,0.520749664,0.359018128,6.96e-07,2.61506e-05,1.08e-08,official
2010-07-09,0.6677517986,-0.5869156708,0.8890233232,recovery_late,recovery,8.4138e-06,0.0015111374,0.0001155209,0.0683817,2.44077e-05,0.0016418673,0.0551563634,0.462351347,0.4107649063,9.441e-07,4.33721e-05,2e-08,official
2010-07-16,0.563593059,-0.5480134274,0.786101681,recovery_mid,recovery,1.84633e-05,0.0024543514,0.0001877495,0.0585408045,3.19907e-05,0.0015466338,0.0816181235,0.4080924407,0.4474375828,1.6278e-06,7.01836e-05,4.83e-08,official
2010-07-23,0.6138341615,-0.5236966271,0.806877026,recovery_mid,recovery,1.08313e-05,0.0024341134,0.0001298284,0.0560367948,3.74954e-05,0.0015642028,0.0905134774,0.3895662157,0.4596401556,1.9478e-06,6.48796e-05,5.79e-08,official
2010-07-30,0.4840405606,-0.4891984389,0.6881935606,recovery_mid,recovery,0.0,0.0,0.0,0.0,0.0,0.0,0.1250782667,0.3768055893,0.4981161439,0.0,0.0,0.0,official
2010-08-06,0.5470129723,-0.4792734532,0.72727315,recovery_mid,recovery,0.0,0.0,0.0,0.0,0.0,0.0,0.1291806749,0.3686366544,0.5021826707,0.0,0.0,0.0,official
2010-08-13,0.4704977425,-0.5089283372,0.693091753,recovery_mid,recovery,0.0,0.0,0.0,0.0,0.0,0.0,0.1549538169,0.3317926145,0.5132535686,0.0,0.0,0.0,official
2010-08-20,0.531392189,-0.4691162742,0.7088354797,recovery_mid,recovery,0.0,0.0,0.0,0.0,0.0,0.0,0.1513384413,0.3372688302,0.5113927285,0.0,0.0,0.0,official
2010-08-27,0.4889529481,-0.455292478,0.6681064481,recovery_mid,recovery,0.0,0.0,0.0,0.0,0.0,0.0,0.1585053361,0.3335162731,0.5079783908,0.0,0.0,0.0,official
2010-09-03,0.5853748069,-0.4284670445,0.7254293024,recovery_mid,recovery,0.0,0.0,0.0,0.0,0.0,0.0,0.134064968,0.3664808527,0.4994541793,0.0,0.0,0.0,official
2010-09-10,0.4572419406,-0.425093233,0.6243191883,recovery_mid,recovery,0.0,0.0,0.0,0.0,0.0,0.0,0.1508669728,0.353852296,0.4952807312,0.0,0.0,0.0,official
2010-09-17,0.505087655,-0.3859297077,0.6356534264,recovery_mid,recovery,0.0,0.0,0.0,0.0,0.0,0.0,0.1630828378,0.3631243836,0.4737927785,0.0,0.0,0.0,official
2010-09-24,0.4362236552,-0.3702533238,0.5721700806,recovery_mid,recovery,0.0,0.0,0.0,0.0,0.0,0.0,0.1929700686,0.3487968129,0.4582331185,0.0,0.0,0.0,official
2010-10-01,0.4817617512,-0.3465404437,0.5934514841,recovery_mid,recovery,0.0,0.0,0.0,0.0,0.0,0.0,0.1888120634,0.3603767911,0.4508111455,0.0,0.0,0.0,official
2010-10-08,0.6773054065,-0.3194153092,0.7488449462,recovery_late,recovery,0.0,0.0,0.0,0.0,0.0,0.0,0.1192397364,0.4408392788,0.4399209848,0.0,0.0,0.0,official
2010-10-15,0.5479627542,-0.3160002557,0.6325498728,recovery_late,recovery,0.0,0.0,0.0,0.0720629437,0.0,0.0,0.0,0.4839566967,0.4439803596,0.0,0.0,0.0,official
2010-10-22,0.5597119698,-0.2981706212,0.6341791612,recovery_late,recovery,0.0,0.0,0.0,0.1115560534,0.0,0.0,0.0,0.5025738284,0.3858701181,0.0,0.0,0.0,official
2010-10-29,0.5782724514,-0.2651860467,0.6361781727,recovery_late,recovery,0.0,0.0,0.0,0.1455128306,0.0,0.0,0.0,0.5213167022,0.3331704672,0.0,0.0,0.0,official
2010-11-05,0.6241491884,-0.2479631461,0.6716010209,recovery_late,recovery,0.0,0.0,0.0,0.1762706049,0.0,0.0,0.0,0.5380309337,0.2856984615,0.0,0.0,0.0,official
2010-11-12,0.4961534859,-0.2453085207,0.5534840123,recovery_late,recovery,0.0,0.0,0.0,0.1896365433,0.0,0.0,0.0,0.5345953935,0.2757680633,0.0,0.0,0.0,official
2010-11-19,0.5960516712,-0.1998964827,0.6286781359,recovery_late,recovery,0.0,0.0,0.0,0.2206091316,0.0,0.0,0.0,0.5424029423,0.2369879261,0.0,0.0,0.0,official
2010-11-26,0.6004020263,-0.1742783304,0.6251843965,recovery_late,recovery,0.0,0.0,0.0,0.2522071332,0.0,0.0,0.0,0.5438970655,0.2038958013,0.0,0.0,0.0,official
2010-12-03,0.5967447177,-0.1476394004,0.6147370581,recovery_late,recovery,0.0,0.0,0.0,0.2844513707,0.0,0.0,0.0,0.5396261599,0.1759224694,0.0,0.0,0.0,official
2010-12-10,0.6305407254,-0.1341194955,0.6446469153,recovery_late,recovery,0.0,0.0,0.0,0.3137556909,0.0,0.0,0.0,0.5344398214,0.1518044877,0.0,0.0,0.0,official
2010-12-17,0.7498450198,-0.0811898359,0.7542276468,recovery_late,recovery,0.0,0.0,0.0,0.3465654573,0.0004281918,0.0359797321,0.004568528,0.5018189596,0.1105307723,5.86394e-05,4.54001e-05,4.3193e-06,official
2010-12-24,0.6758354292,-0.0694896488,0.6793985124,recovery_late,recovery,0.0,0.0,0.0,0.3984123049,0.0,0.0,0.0,0.502581939,0.0990057561,0.0,0.0,0.0,official
2010-12-31,0.9039587538,0.0138623964,0.9040650389,recovery_late,recovery,0.0,0.0,0.0,0.4383321214,0.0004603416,0.0518959107,0.0015970343,0.44687804,0.0607651853,5.30796e-05,1.53292e-05,2.9578e-06,official
2011-01-07,0.9878808106,0.0403038511,0.9887026329,expansion_early,expansion,0.0,0.0,0.0,0.4791390617,0.0019265066,0.0780956566,0.0009756183,0.3994361269,0.0403708603,4.47579e-05,9.4544e-06,1.9572e-06,official
2011-01-14,0.7928234727,0.0288309761,0.7933475178,expansion_early,expansion,0.0,0.0,0.0,0.492228481,0.0040379706,0.1038902687,0.0012315843,0.3614552181,0.0370188545,0.00010629,2.3957e-05,7.3758e-06,official
2011-01-21,0.6461231961,0.0118485635,0.6462318261,expansion_early,expansion,0.0,0.0,0.0,0.5140592524,0.0,0.1309053188,0.0,0.3550354288,0.0,0.0,0.0,0.0,official
2011-01-28,0.5431594827,0.0086807527,0.543228846,expansion_early,expansion,0.0,0.0,0.0,0.5157147718,0.0,0.1514942651,0.0,0.332790963,0.0,0.0,0.0,0.0,official
2011-02-04,0.9716583624,0.1449652803,0.982412798,expansion_early,expansion,0.0,0.0,0.0,0.5491211983,0.0068860283,0.1571283947,0.000220121,0.2744479505,0.0121110372,7.53459e-05,5.8428e-06,4.0815e-06,official
2011-02-11,0.8912685714,0.1745578154,0.9082015731,expansion_early,expansion,0.0,0.0,0.0,0.5628128297,0.0103538348,0.1837299501,0.0003069958,0.229896851,0.0127073968,0.0001764508,7.1254e-06,8.5656e-06,official
2011-02-18,0.8473764151,0.1733795898,0.8649319459,expansion_early,expansion,0.0,0.0,0.0,0.5647533816,0.0135457818,0.2068303258,0.0003474962,0.2024260949,0.0118279614,0.0002483547,8.8182e-06,1.17853e-05,official
2011-02-25,0.6820620342,0.2087252756,0.7132845569,expansion_early,expansion,0.0,0.0,0.0,0.5636075777,0.0,0.2628608555,0.0,0.1735315669,0.0,0.0,0.0,0.0,official
2011-03-04,0.8174194474,0.2731522521,0.8618507445,expansion_early,expansion,0.0,0.0,0.0,0.5478311178,0.0222146623,0.2880387605,0.0001511186,0.1366018776,0.0049012615,0.0002333665,5.7426e-06,2.20926e-05,official
2011-03-11,0.9050474288,0.2861159784,0.9491960817,expansion_early,expansion,0.0,0.0,0.0,0.5489766354,0.0262746478,0.3001803294,0.000142357,0.1193206249,0.0046556412,0.0004329989,3.5421e-06,1.32233e-05,official
2011-03-18,0.9511776142,0.2817597196,0.9920319517,expansion_early,expansion,0.0,0.0,0.0,0.5558040331,0.0254622572,0.3012279689,0.0001340977,0.1127081816,0.0042528123,0.0003981393,2.9318e-06,9.578e-06,official
2011-03-25,0.9884294139,0.2883263568,1.0296236178,expansion_early,expansion,0.0,0.0,0.0,0.5633580682,0.0239051178,0.2992883644,0.0001193257,0.1090928842,0.0038854364,0.0003408906,2.3652e-06,7.5475e-06,official
2011-04-01,0.4499127932,0.2701159771,0.5247705809,expansion_early,expansion,0.0,0.0,0.0,0.5102468311,0.0,0.3969863449,0.0,0.092766824,0.0,0.0,0.0,0.0,official
2011-04-08,0.4674703538,0.3034659591,0.5573330423,expansion_mid,expansion,0.0,0.0,0.0,0.4624764048,0.0,0.4628998017,0.0,0.0746237936,0.0,0.0,0.0,0.0,official
2011-04-15,0.5440591437,0.3228210231,0.6326245053,expansion_mid,expansion,0.0,0.0,0.0,0.4336040641,0.0740607877,0.4923351482,0.0,0.0,0.0,0.0,0.0,0.0,official
2011-04-22,0.3254583388,0.296298785,0.4401319124,expansion_mid,expansion,0.0,0.0,0.0,0.3358912406,0.1495284802,0.5145802792,0.0,0.0,0.0,0.0,0.0,0.0,official
2011-04-29,0.0322921729,0.2784360223,0.280302342,expansion_mid,expansion,0.0,0.0,0.0,0.1754425675,0.3232725407,0.5012848918,0.0,0.0,0.0,0.0,0.0,0.0,official
2011-05-06,-0.0909970613,0.2572207944,0.2728424495,expansion_late,expansion,0.0,0.0,0.0,0.0669352711,0.5429437268,0.3901210022,0.0,0.0,0.0,0.0,0.0,0.0,official
2011-05-13,-0.147314551,0.2375939475,0.2795576163,expansion_late,expansion,0.0,0.0,0.0,0.0,0.5705511808,0.2093446932,0.0,0.0,0.0,0.220104126,0.0,0.0,official
2011-05-20,-0.3474309331,0.1896079994,0.3958022824,slowdown_early,slowdown,0.0,0.0,0.0,0.0,0.4004728765,0.052289096,0.0,0.0,0.0,0.5472380275,0.0,0.0,official
2011-05-27,-0.2736201172,0.1921204882,0.3343325448,slowdown_early,slowdown,0.0,0.0,0.0,0.0,0.21590157,0.0,0.0,0.0,0.0,0.5744207057,0.0,0.2096777243,official
2011-06-03,-0.3333682097,0.2091785247,0.3935606922,slowdown_early,slowdown,0.0,0.0,0.0,0.0,0.0999211545,0.0,0.0,0.0,0.0,0.48484108,0.0,0.4152377656,official
2011-06-10,-0.3085021333,0.2354814542,0.3881044725,slowdown_mid,slowdown,0.0,0.0,0.0,0.0,0.0594839252,0.0,0.0,0.0,0.0,0.4010253002,0.0,0.5394907746,official
2011-06-17,-0.2524443531,0.2248532659,0.3380638144,slowdown_mid,slowdown,0.0,0.0,0.0,0.0,0.0,0.0,0.0,0.0,0.0,0.2930643548,0.2098104184,0.4971252268,official
2011-06-24,-0.1478323261,0.2356127316,0.2781505993,slowdown_mid,slowdown,0.0,0.0,0.0,0.0,0.0,0.0,0.0,0.0,0.0,0.2475651296,0.316047175,0.4363876954,official
2011-07-01,0.1110505042,0.2839972353,0.3049371151,slowdown_mid,slowdown,0.0,0.0,0.0,0.0,0.0,0.0,0.0,0.0,0.0,0.4141567427,0.1659252394,0.4199180179,official
2011-07-08,0.1996309637,0.2880893861,0.3504968132,slowdown_early,slowdown,0.0,0.0,0.0,0.0,0.0,0.0,0.0,0.0,0.0,0.5999162794,0.0653723393,0.3347113813,official
2011-07-15,0.4103364293,0.2962956953,0.5061295529,slowdown_early,slowdown,0.0,0.0,0.0,0.0,0.1934166156,0.0,0.0,0.0,0.0,0.6536911122,0.0,0.1528922722,official
2011-07-22,0.455278631,0.310375622,0.5510096719,slowdown_early,slowdown,0.0,0.0,0.0,0.0,0.4556606885,0.0,0.0,0.0,0.0,0.4834037004,0.0,0.0609356111,official
2011-07-29,0.593132621,0.3631015011,0.6954487804,expansion_late,expansion,0.0,0.0,0.0,0.0,0.7026233608,0.0,0.0,0.0,0.0,0.2797401317,0.0,0.0176365075,official
2011-08-05,0.5479688839,0.3767668511,0.6649986149,expansion_late,expansion,0.0,0.0,0.0,0.0,0.6853630416,0.1447379359,0.0,0.0,0.0,0.1698990226,0.0,0.0,official
2011-08-12,0.5915773906,0.3772837299,0.7016457952,expansion_late,expansion,0.0,0.0,0.0,0.0,0.5842909922,0.3150071199,0.0,0.0,0.0,0.1007018879,0.0,0.0,official
2011-08-19,0.5910120004,0.3873539114,0.7066386894,expansion_late,expansion,0.0,0.0,0.0,0.0,0.4788834233,0.4544935014,0.0,0.0,0.0,0.0666230754,0.0,0.0,official
2011-08-26,0.4193490158,0.3902853012,0.5728666628,expansion_mid,expansion,0.0,0.0,0.0,0.0,0.4457635043,0.4813211398,0.0,0.0,0.0,0.0729153559,0.0,0.0,official
2011-09-02,0.3939025889,0.3875451017,0.5525852472,expansion_mid,expansion,0.0,0.0,0.0,0.050133137,0.445788355,0.504078508,0.0,0.0,0.0,0.0,0.0,0.0,official
2011-09-09,0.3964616106,0.3961729414,0.5604773039,expansion_mid,expansion,0.0,0.0,0.0,0.0819670009,0.4152732584,0.5027597407,0.0,0.0,0.0,0.0,0.0,0.0,official
2011-09-16,0.3494119747,0.3977763715,0.5294476082,expansion_mid,expansion,0.0,0.0,0.0,0.0957073117,0.4108523381,0.4934403502,0.0,0.0,0.0,0.0,0.0,0.0,official
2011-09-23,0.1559782718,0.3999023891,0.4292448509,expansion_late,expansion,0.0,0.0,0.0,0.0732555909,0.4886779608,0.4380664483,0.0,0.0,0.0,0.0,0.0,0.0,official
2011-09-30,0.0327668533,0.3817425614,0.3831462513,expansion_late,expansion,0.0,0.0,0.0,0.0,0.5408715994,0.3267801644,0.0,0.0,0.0,0.1323482362,0.0,0.0,official
2011-10-07,0.0690210181,0.3918152546,0.3978480799,expansion_late,expansion,0.0,0.0,0.0,0.0,0.5332407992,0.2465612148,0.0,0.0,0.0,0.220197986,0.0,0.0,official
2011-10-14,0.0880289075,0.4069297644,0.4163423132,expansion_late,expansion,0.0,0.0,0.0,0.0,0.5219850291,0.2040115698,0.0,0.0,0.0,0.2740034011,0.0,0.0,official
2011-10-21,0.1320307742,0.4213927336,0.4415925285,expansion_late,expansion,0.0,0.0,0.0,0.0,0.517678368,0.1914950056,0.0,0.0,0.0,0.2908266264,0.0,0.0,official
2011-10-28,0.163778461,0.4268551606,0.4571965797,expansion_late,expansion,0.0,0.0,0.0,0.0,0.5187333259,0.1936143854,0.0,0.0,0.0,0.2876522886,0.0,0.0,official
2011-11-04,0.1050688936,0.4205863276,0.4335116277,expansion_late,expansion,0.0,0.0,0.0,0.0,0.5117785293,0.1753936085,0.0,0.0,0.0,0.3128278621,0.0,0.0,official
2011-11-11,0.1498856763,0.4337464075,0.458913567,expansion_late,expansion,0.0,0.0,0.0,0.0,0.5137342564,0.1769616765,0.0,0.0,0.0,0.3093040671,0.0,0.0,official
2011-11-18,0.220210523,0.4538541269,0.5044563836,expansion_late,expansion,0.0,0.0,0.0,0.0,0.5240123335,0.1990026244,0.0,0.0,0.0,0.2769850421,0.0,0.0,official
2011-11-25,0.3464154605,0.4676586045,0.5819864617,expansion_late,expansion,0.0,0.0,0.0,0.0,0.5338850141,0.257869635,0.0,0.0,0.0,0.2082453509,0.0,0.0,official
2011-12-02,0.2306718189,0.4483075122,0.5041717103,expansion_late,expansion,0.0,0.0,0.0,0.0,0.530185928,0.260136098,0.0,0.0,0.0,0.2096779741,0.0,0.0,official
2011-12-09,0.2282742247,0.4626740732,0.5159228816,expansion_late,expansion,0.0,0.0,0.0,0.0,0.5295431082,0.2582655994,0.0,0.0,0.0,0.2121912925,0.0,0.0,official
2011-12-16,0.1043260958,0.4455944932,0.4576443888,expansion_late,expansion,0.0,0.0,0.0,0.0,0.5245542222,0.2123471713,0.0,0.0,0.0,0.2630986065,0.0,0.0,official
2011-12-23,0.2035847712,0.4762795048,0.5179661435,expansion_late,expansion,0.0,0.0,0.0,0.0,0.5283301038,0.2147168714,0.0,0.0,0.0,0.2569530247,0.0,0.0,official
2011-12-30,0.559955568,0.560033353,0.7919517628,expansion_late,expansion,0.0,0.0,0.0,0.0268092901,0.5121045889,0.3209907257,3.36358e-05,0.0015437643,0.0003065011,0.1327493774,3.36578e-05,0.0054284588,official
2012-01-06,0.5592764471,0.5728399132,0.8005846054,expansion_late,expansion,0.0,0.0,0.0,0.052265666,0.4614457063,0.3958726623,2.7209e-05,0.0026541987,0.0002789777,0.0844541718,4.08585e-05,0.0029605496,official
2012-01-13,0.506832449,0.57942591,0.7698139493,expansion_late,expansion,0.0,0.0,0.0,0.0663006432,0.4288035206,0.4272453841,2.3173e-05,0.0031636331,0.0002339609,0.0717973047,5.04492e-05,0.0023819311,official
2012-01-20,0.6148738404,0.6202759307,0.8733911322,expansion_mid,expansion,0.0,0.0,0.0,0.0838330732,0.3848045339,0.4757141008,1.73072e-05,0.0038358016,0.0002199465,0.0503166457,2.0872e-05,0.0012377191,official
2012-01-27,0.7198887361,0.6271620117,0.9547627879,expansion_mid,expansion,0.0,0.0,0.0,0.1094002371,0.3239116758,0.5301585332,1.64651e-05,0.0050385702,0.0002388757,0.0307111159,8.1459e-06,0.0005163809,official
2012-02-03,0.8600329851,0.6763209143,1.0941054404,expansion_mid,expansion,0.0,0.0,0.0,0.1392300447,0.2563040167,0.5818346227,1.05841e-05,0.0061178298,0.0002075196,0.0161257383,2.3559e-06,0.0001672882,official
2012-02-10,1.0382583959,0.7036235866,1.2542195375,expansion_mid,expansion,0.0,0.0,0.0,0.1816949834,0.1819285126,0.6214590254,7.7125e-06,0.0078927038,0.0001986694,0.0067772549,5.056e-07,4.06324e-05,official
2012-02-17,1.0225757518,0.7297314731,1.2562520412,expansion_mid,expansion,0.0,0.0,0.0,0.2007555239,0.1559836545,0.6297354849,6.0476e-06,0.0085412296,0.0001700196,0.0047769245,5.42e-07,3.05735e-05,official
2012-02-24,0.7584051088,0.7460569129,1.0638511298,expansion_mid,expansion,0.0,0.0,0.0,0.1651865334,0.203719404,0.6149322997,5.4669e-06,0.0064961608,0.0001266116,0.0094060238,4.9112e-06,0.0001225887,official
2012-03-02,0.8763998817,0.7877423018,1.1783949621,expansion_mid,expansion,0.0,0.0,0.0,0.1550528212,0.2090930313,0.6207111336,3.9759e-06,0.0055821842,0.0001093797,0.0093605063,1.9009e-06,8.50671e-05,official
2012-03-09,0.877579195,0.7939550467,1.1834313921,expansion_mid,expansion,0.0,0.0,0.0,0.1480667473,0.2135374062,0.6234993215,3.7758e-06,0.005111834,0.0001034532,0.0095910825,1.8785e-06,8.4501e-05,official
2012-03-16,0.7088849235,0.7916295739,1.0626359758,expansion_mid,expansion,0.0,0.0,0.0,0.1209496229,0.2592423126,0.5995867726,3.6907e-06,0.0039214821,8.57461e-05,0.0159953608,7.4021e-06,0.0002076101,official
2012-03-23,0.4535803388,0.734254105,0.8630551631,expansion_mid,expansion,0.0,0.0,0.0,0.0831781497,0.3470743357,0.527971318,5.7914e-06,0.0025961772,7.57668e-05,0.0381445415,5.38972e-05,0.0009000225,official
2012-03-30,0.2937214079,0.7427255419,0.7986948704,expansion_late,expansion,0.0,0.0,0.0,0.0479217456,0.4435082638,0.4214463909,8.0668e-06,0.001275544,4.42919e-05,0.0824644611,0.0001661135,0.0031651223,official
2012-04-06,0.2354452604,0.7550439757,0.7909019382,expansion_late,expansion,0.0,0.0,0.0,0.027957415,0.5054324854,0.3219058346,9.8572e-06,0.0006804274,3.10969e-05,0.1362687089,0.0002658795,0.007448295,official
2012-04-13,0.0696958032,0.7395282909,0.7428052221,expansion_late,expansion,0.0,0.0,0.0,0.0,0.5493119405,0.2110113882,0.0,0.0,0.0,0.2396766713,0.0,0.0,official
2012-04-20,-0.1239276436,0.7077103051,0.7184789049,expansion_late,expansion,0.0,0.0,0.0,0.0,0.5023674086,0.1001106521,0.0,0.0,0.0,0.3975219393,0.0,0.0,official
2012-04-27,-0.3361142331,0.6966328896,0.7734792567,slowdown_early,slowdown,0.0,0.0,0.0,0.0004988621,0.321281005,0.0286196908,0.0001400515,1.20092e-05,5.527e-07,0.5305838942,0.0025826425,0.116281292,official
2012-05-04,-0.3076519237,0.7103972313,0.7741536878,slowdown_early,slowdown,0.0,0.0,0.0,0.0002634425,0.2060653972,0.0125208937,0.0001125498,1.32014e-05,6.333e-07,0.5472563685,0.0186930646,0.215074449,official
2012-05-11,-0.2802053985,0.7153384944,0.7682605202,slowdown_early,slowdown,0.0,0.0,0.0,0.0002249472,0.150236262,0.0079711944,0.0001000183,1.58849e-05,8.143e-07,0.5312099471,0.0346872603,0.2755536716,official
2012-05-18,-0.1018113699,0.7030268037,0.7103606421,slowdown_early,slowdown,0.0,0.0,0.0,0.0,0.1737267857,0.0,0.0,0.0,0.0,0.5573533086,0.0,0.2689199057,official
2012-05-25,-0.1044607288,0.7110014056,0.7186341507,slowdown_early,slowdown,0.0,0.0,0.0,0.0,0.1831881792,0.0,0.0,0.0,0.0,0.5614623111,0.0,0.2553495097,official
2012-06-01,-0.2579965152,0.685471055,0.7324157079,slowdown_early,slowdown,0.0,0.0,0.0,0.0,0.1439213992,0.0,0.0,0.0,0.0,0.5493392277,0.0,0.306739373,official
2012-06-08,-0.2255581611,0.6782791504,0.7148000349,slowdown_early,slowdown,0.0,0.0,0.0,0.0,0.1295848011,0.0,0.0,0.0,0.0,0.5405422806,0.0,0.3298729183,official
2012-06-15,-0.1385815681,0.6681951568,0.6824145504,slowdown_early,slowdown,0.0,0.0,0.0,0.0,0.1421965304,0.0,0.0,0.0,0.0,0.5450908406,0.0,0.312712629,official
2012-06-22,-0.3269648184,0.6107556786,0.6927687142,slowdown_early,slowdown,0.0,0.0,0.0,0.0,0.1022767009,0.0,0.0,0.0,0.0,0.5122649447,0.0,0.3854583544,official
2012-06-29,-0.4799665367,0.586803989,0.758094188,slowdown_mid,slowdown,0.0,0.0,0.0,4.52234e-05,0.0515970563,0.0012999429,0.0002104232,3.0881e-06,1.131e-07,0.401263772,0.0933207623,0.4522596187,official
2012-07-06,-0.4772956503,0.5925213737,0.7608499958,slowdown_mid,slowdown,0.0,0.0,0.0,4.73629e-05,0.0323671355,0.0009254057,0.0002115344,3.1086e-06,1.151e-07,0.3190582331,0.1692261959,0.4781609089,official
2012-07-13,-0.3651645272,0.6079707807,0.7092063185,slowdown_mid,slowdown,0.0,0.0,0.0,0.0,0.0,0.0,0.0,0.0,0.0,0.3136162734,0.1955046726,0.490879054,official
2012-07-20,-0.5017422017,0.5825506162,0.7688370812,slowdown_mid,slowdown,0.0,0.0,0.0,3.67809e-05,0.0123610285,0.0003054336,0.0002081801,2.3581e-06,8.05e-08,0.2401084001,0.2564098718,0.4905678664,official
2012-07-27,-0.3692516321,0.5898195969,0.6958691865,slowdown_mid,slowdown,0.0,0.0,0.0,0.0,0.0,0.0,0.0,0.0,0.0,0.244648158,0.2619472443,0.4934045977,official
2012-08-03,-0.6343028839,0.5180739886,0.8189876715,slowdown_mid,slowdown,0.0,0.0,0.0,1.11537e-05,0.0057609791,0.0001303428,0.000234377,4.904e-07,5.14e-08,0.1497701044,0.3812332859,0.4628592153,official
2012-08-10,-0.5853720067,0.5202494226,0.7831473986,slowdown_late,slowdown,0.0,0.0,0.0,1.72022e-05,0.0055637429,0.0002034148,0.0002472357,8.921e-07,5.9e-08,0.1110652908,0.4544831148,0.4284190478,official
2012-08-17,-0.4208694888,0.503572206,0.6562896413,slowdown_late,slowdown,0.0,0.0,0.0,0.0,0.0,0.0,0.0,0.0,0.0,0.0,0.5240590469,0.4759409531,official
2012-08-24,-0.3258663518,0.503155686,0.5994618617,slowdown_late,slowdown,0.0,0.0,0.0,0.0,0.0,0.0,0.0,0.0,0.0,0.0,0.5182469431,0.4817530569,official
2012-08-31,-0.4834846537,0.4706049068,0.6747046677,slowdown_late,slowdown,0.0,0.0,0.0,0.0,0.0,0.0,0.0,0.0,0.0,0.0,0.5793685339,0.4206314661,official
2012-09-07,-0.5441445427,0.4714271406,0.7199561322,slowdown_late,slowdown,0.0,0.0,0.0,0.0,0.0,0.0,0.0,0.0,0.0,0.0,0.6319830625,0.3680169375,official
2012-09-14,-0.4603748306,0.46680633,0.6556318589,slowdown_late,slowdown,0.0,0.0,0.0,0.0,0.0,0.0,0.0,0.0,0.0,0.0,0.6467541786,0.3532458214,official
2012-09-21,-0.5951902125,0.4415596341,0.7410980363,slowdown_late,slowdown,0.0,0.0,0.0,0.0,0.0,0.0,0.0,0.0,0.0,0.0,0.6990225926,0.3009774074,official
2012-09-28,-0.2976180097,0.4431052739,0.5337778221,slowdown_late,slowdown,0.0,0.0,0.0,0.0,0.0,0.0,0.0,0.0,0.0,0.0,0.6558054961,0.3441945039,official
2012-10-05,-0.1448344566,0.4827562705,0.5040145201,slowdown_late,slowdown,0.0,0.0,0.0,0.0,0.0,0.0,0.0,0.0,0.0,0.0,0.5462026147,0.4537973853,official
2012-10-12,0.0302821672,0.5089508253,0.5098509117,slowdown_mid,slowdown,0.0,0.0,0.0,0.0,0.0,0.0,0.0,0.0,0.0,0.0,0.3730523766,0.6269476234,official
2012-10-19,-0.0209254651,0.4962475179,0.4966885081,slowdown_mid,slowdown,0.0,0.0,0.0,0.0,0.0,0.0,0.0,0.0,0.0,0.1191646934,0.2700179402,0.6108173664,official
2012-10-26,0.1246628646,0.4993376769,0.514663915,slowdown_mid,slowdown,0.0,0.0,0.0,0.0,0.0,0.0,0.0,0.0,0.0,0.3178705339,0.1376222515,0.5445072146,official
2012-11-02,0.366329958,0.5588489721,0.6682138967,slowdown_early,slowdown,0.0,0.0,0.0,0.0,0.0,0.0,0.0,0.0,0.0,0.6375162022,0.0296722926,0.3328115052,official
2012-11-09,0.3971409074,0.5617043646,0.6879191039,slowdown_early,slowdown,0.0,0.0,0.0,0.0,0.1718043635,0.0,0.0,0.0,0.0,0.6730356211,0.0,0.1551600154,official
2012-11-16,0.2781031038,0.5076993209,0.5788781709,slowdown_early,slowdown,0.0,0.0,0.0,0.0,0.3235360238,0.0,0.0,0.0,0.0,0.5687204063,0.0,0.1077435699,official
2012-11-23,0.3033761063,0.5153377766,0.5980050885,slowdown_early,slowdown,0.0,0.0,0.0,0.0,0.4594092779,0.0,0.0,0.0,0.0,0.4687494587,0.0,0.0718412634,official
2012-11-30,0.5191058753,0.6069921873,0.798692948,expansion_late,expansion,0.0,0.0,0.0,0.0046506911,0.5853682027,0.0918653331,2.85388e-05,0.0015887485,0.0002829272,0.2927920846,0.0003371948,0.0230862793,official
2012-12-07,0.370711663,0.5970528584,0.7027796617,expansion_late,expansion,0.0,0.0,0.0,0.0,0.5955427212,0.1644964455,0.0,0.0,0.0,0.2399608333,0.0,0.0,official
2012-12-14,0.7139478322,0.6671189758,0.9771229375,expansion_late,expansion,0.0,0.0,0.0,0.0239467588,0.5547909697,0.311620851,1.55422e-05,0.0014803414,0.000221254,0.1052018715,1.04921e-05,0.0027119192,official
2012-12-21,0.9363201718,0.7235586135,1.183314215,expansion_mid,expansion,0.0,0.0,0.0,0.0675238198,0.4108933328,0.4829202381,9.0355e-06,0.0029031329,0.0001992529,0.0351543687,1.8039e-06,0.0003950153,official
2012-12-28,0.7449066479,0.7362117188,1.0473268874,expansion_mid,expansion,0.0,0.0,0.0,0.0853212793,0.3537479665,0.526863295,6.5144e-06,0.0030533797,0.0001285444,0.0305063632,6.1704e-06,0.0003664872,official
2013-01-04,1.6310930005,0.9523787923,1.8887799608,expansion_mid,expansion,0.0,0.0,0.0,0.174611391,0.1504465382,0.6668575958,1.3599e-06,0.0052409175,9.47012e-05,0.0027429719,8.6e-09,4.5159e-06,official
2013-01-11,1.8390211327,0.9484713412,2.0692019262,expansion_mid,expansion,0.0,0.0,0.0,0.268963907,0.0665192867,0.6551468269,1.1557e-06,0.0087983655,9.4235e-05,0.0004756847,2.7e-09,5.358e-07,official
2013-01-18,1.7736965238,0.9400750306,2.0074213364,expansion_mid,expansion,0.0,0.0,0.0,0.3248044724,0.0501140531,0.6131507649,1.1071e-06,0.0115914739,9.26935e-05,0.0002448654,3.3e-09,5.664e-07,official
2013-01-25,1.4146745859,0.9438939913,1.7006587109,expansion_mid,expansion,0.0,0.0,0.0,0.299265229,0.0711480036,0.618707331,1.0848e-06,0.0102474513,7.66738e-05,0.0005508903,2.57e-08,3.3104e-06,official
2013-02-01,-0.6071955728,0.4448041513,0.7526866523,expansion_late,expansion,0.0,0.0,0.0,0.0116505455,0.4945763628,0.2291255904,0.0031679738,8.44543e-05,2.4385e-06,0.1556879045,0.0597343204,0.0459704098,official
2013-02-08,-0.8341128826,0.4595642028,0.9523358427,slowdown_early,slowdown,0.0,0.0,0.0,4.56992e-05,0.1276043822,0.0064084962,0.0010768563,1.399e-07,1.765e-07,0.3342922131,0.2840217085,0.2465503281,official
2013-02-15,-1.0549960941,0.4622716733,1.1518297871,slowdown_late,slowdown,0.0,0.0,0.0,2.522e-07,0.0064196825,5.49679e-05,0.0002254243,1.9e-09,1.67e-08,0.1107771176,0.5612835648,0.3212389723,official
2013-02-22,-1.0130184878,0.4851583219,1.1232030333,slowdown_late,slowdown,0.0,0.0,0.0,2.53e-07,0.000843606,1.18114e-05,0.0001551529,2.6e-09,1.12e-08,0.0348133856,0.7016134261,0.2625623513,official
2013-03-01,-2.0168708858,0.4569156168,2.0679797027,slowdown_late,slowdown,0.0,0.0,0.0,0.0,7.3045e-06,1.93e-08,4.13224e-05,0.0,1e-10,0.0022532513,0.885433037,0.1122650654,official
2013-03-08,-1.9533541567,0.4678511131,2.008600788,slowdown_late,slowdown,0.0,0.0,0.0,0.0,4.249e-06,2.43e-08,2.45395e-05,0.0,1e-10,0.0006843709,0.9318091536,0.0674776625,official
2013-03-15,-1.8949840577,0.4734598151,1.9532354634,slowdown_late,slowdown,0.0,0.0,0.0,1e-10,4.8954e-06,3.29e-08,1.50532e-05,0.0,1e-10,0.0004950206,0.9420541362,0.0574308616,official
2013-03-22,-1.8438875677,0.4899727577,1.9078770048,slowdown_late,slowdown,0.0,0.0,0.0,1e-10,6.0841e-06,4.62e-08,1.8268e-06,0.0,1e-10,0.000503434,0.9416949871,0.0577936216,official
2013-03-29,0.139792222,0.4789384966,0.4989227885,slowdown_late,slowdown,0.0,0.0,0.0,0.0,0.0,0.0,0.0,0.0,0.0,0.0,0.6512206391,0.3487793609,official
2013-04-05,0.0082285925,0.4616165478,0.4616898818,slowdown_mid,slowdown,0.0,0.0,0.0,0.0,0.0,0.0,0.0,0.0,0.0,0.0,0.4722291411,0.5277708589,official
2013-04-12,-0.0245169556,0.4565493084,0.4572071217,slowdown_mid,slowdown,0.0,0.0,0.0,0.0,0.0,0.0,0.0,0.0,0.0,0.1028303294,0.3388692577,0.5583004129,official
2013-04-19,-0.2903795746,0.4145582719,0.5061411445,slowdown_mid,slowdown,0.0,0.0,0.0,0.0,0.0,0.0,0.0,0.0,0.0,0.1258650813,0.393887163,0.4802477557,official
2013-04-26,-0.1233907116,0.4273424753,0.4447997964,slowdown_mid,slowdown,0.0,0.0,0.0,0.0,0.0,0.0,0.0,0.0,0.0,0.1935884127,0.3316017928,0.4748097944,official
2013-05-03,-0.0517534059,0.4559873253,0.4589148677,slowdown_mid,slowdown,0.0,0.0,0.0,0.0,0.0,0.0,0.0,0.0,0.0,0.2938130415,0.2339186036,0.4722683549,official
2013-05-10,0.02224412,0.4798075299,0.4803228775,slowdown_mid,slowdown,0.0,0.0,0.0,0.0,0.0,0.0,0.0,0.0,0.0,0.423410677,0.1375181797,0.4390711432,official
2013-05-17,-0.0966733748,0.4671870442,0.4770843486,slowdown_early,slowdown,0.0,0.0,0.0,0.0,0.0,0.0,0.0,0.0,0.0,0.4475669263,0.1286532303,0.4237798434,official
2013-05-24,-0.02757612,0.4730854635,0.4738884871,slowdown_early,slowdown,0.0,0.0,0.0,0.0,0.0628503808,0.0,0.0,0.0,0.0,0.5231046448,0.0,0.4140449744,official
2013-05-31,0.0500448371,0.4747447971,0.4773752278,slowdown_early,slowdown,0.0,0.0,0.0,0.0,0.1356675233,0.0,0.0,0.0,0.0,0.5474586103,0.0,0.3168738663,official
2013-06-07,0.0474311488,0.4689202321,0.4713129512,slowdown_early,slowdown,0.0,0.0,0.0,0.0,0.1979956067,0.0,0.0,0.0,0.0,0.5463466527,0.0,0.2556577405,official
2013-06-14,0.3129350441,0.4918677591,0.5829770444,slowdown_early,slowdown,0.0,0.0,0.0,0.0,0.3712848221,0.0,0.0,0.0,0.0,0.5082643295,0.0,0.1204508484,official
2013-06-21,0.3292626799,0.5085418544,0.605828961,expansion_late,expansion,0.0,0.0,0.0,0.0,0.5110647159,0.0,0.0,0.0,0.0,0.4246848247,0.0,0.0642504594,official
2013-06-28,0.2448450174,0.5162087585,0.5713322719,expansion_late,expansion,0.0,0.0,0.0,0.0,0.5513267808,0.0647249083,0.0,0.0,0.0,0.3839483109,0.0,0.0,official
2013-07-05,0.0235021347,0.4856076623,0.4861760504,expansion_late,expansion,0.0,0.0,0.0,0.0,0.4941772647,0.0749078349,0.0,0.0,0.0,0.4309149004,0.0,0.0,official
2013-07-12,0.0463616125,0.4783810428,0.4806223271,expansion_late,expansion,0.0,0.0,0.0,0.0,0.4705310379,0.0821053913,0.0,0.0,0.0,0.4473635708,0.0,0.0,official
2013-07-19,-0.118739473,0.4437447328,0.4593565612,slowdown_early,slowdown,0.0,0.0,0.0,0.0,0.4033030705,0.0564039476,0.0,0.0,0.0,0.5402929819,0.0,0.0,official
2013-07-26,-0.1328581434,0.4418023596,0.4613465197,slowdown_early,slowdown,0.0,0.0,0.0,0.0,0.3208522456,0.0,0.0,0.0,0.0,0.5550744774,0.0,0.124073277,official
2013-08-02,-0.2568077965,0.4057164342,0.4801625446,slowdown_early,slowdown,0.0,0.0,0.0,0.0,0.1980157401,0.0,0.0,0.0,0.0,0.5442345644,0.0,0.2577496955,official
2013-08-09,-0.2766442957,0.4237557396,0.5060642184,slowdown_early,slowdown,0.0,0.0,0.0,0.0,0.129864499,0.0,0.0,0.0,0.0,0.5072619016,0.0,0.3628735993,official
2013-08-16,-0.314553372,0.4311494951,0.5336981459,slowdown_early,slowdown,0.0,0.0,0.0,0.0,0.0873703675,0.0,0.0,0.0,0.0,0.4614926016,0.0,0.4511370309,official
2013-08-23,-0.2935041107,0.4439093882,0.5321655832,slowdown_mid,slowdown,0.0,0.0,0.0,0.0,0.070269052,0.0,0.0,0.0,0.0,0.4308058062,0.0,0.4989251418,official
2013-08-30,-0.2151053305,0.4323652522,0.4829182275,slowdown_mid,slowdown,0.0,0.0,0.0,0.0,0.0,0.0,0.0,0.0,0.0,0.4117148299,0.1073199898,0.4809651803,official
2013-09-06,-0.1482311605,0.4413050865,0.4655348068,slowdown_mid,slowdown,0.0,0.0,0.0,0.0,0.0,0.0,0.0,0.0,0.0,0.4036035714,0.1429879126,0.453408516,official
2013-09-13,0.1081115417,0.4686187024,0.4809278467,slowdown_early,slowdown,0.0,0.0,0.0,0.0,0.0,0.0,0.0,0.0,0.0,0.5474571525,0.0733799161,0.3791629314,official
2013-09-20,0.2424416017,0.4990237293,0.5547996148,slowdown_early,slowdown,0.0,0.0,0.0,0.0,0.1236512821,0.0,0.0,0.0,0.0,0.6328008445,0.0,0.2435478734,official
2013-09-27,0.4847323838,0.5213882711,0.7119067447,slowdown_early,slowdown,0.0,0.0,0.0,0.0,0.3761299557,0.0,0.0,0.0,0.0,0.5410430321,0.0,0.0828270122,official
2013-10-04,0.4373009956,0.5277698447,0.6854000071,expansion_late,expansion,0.0,0.0,0.0,0.0,0.5620673924,0.0,0.0,0.0,0.0,0.3968582469,0.0,0.0410743607,official
2013-10-11,0.2823352574,0.4976273568,0.5721417515,expansion_late,expansion,0.0,0.0,0.0,0.0,0.5838272941,0.0741588809,0.0,0.0,0.0,0.342013825,0.0,0.0,official
2013-10-18,0.0782559262,0.4610706244,0.4676645279,expansion_late,expansion,0.0,0.0,0.0,0.0,0.5290788199,0.093580843,0.0,0.0,0.0,0.3773403371,0.0,0.0,official
2013-10-25,0.0556793491,0.4441104019,0.44758713,expansion_late,expansion,0.0,0.0,0.0,0.0,0.4954780927,0.098509634,0.0,0.0,0.0,0.4060122733,0.0,0.0,official
2013-11-01,-0.2454545969,0.3805429002,0.4528364584,slowdown_early,slowdown,0.0,0.0,0.0,0.0,0.3736250053,0.0442616312,0.0,0.0,0.0,0.5821133635,0.0,0.0,official
2013-11-08,-0.251162905,0.4064231375,0.4777683241,slowdown_early,slowdown,0.0,0.0,0.0,0.0,0.2446081269,0.0,0.0,0.0,0.0,0.5880635047,0.0,0.1673283684,official
2013-11-15,-0.2718212073,0.4317814918,0.5102176255,slowdown_early,slowdown,0.0,0.0,0.0,0.0,0.1568932932,0.0,0.0,0.0,0.0,0.5458792439,0.0,0.2972274629,official
2013-11-22,-0.3203411878,0.44245208,0.5462438281,slowdown_early,slowdown,0.0,0.0,0.0,0.0,0.1008811943,0.0,0.0,0.0,0.0,0.4923518674,0.0,0.4067669383,official
2013-11-29,-0.2737926909,0.4600404724,0.5353500479,slowdown_early,slowdown,0.0,0.0,0.0,0.0,0.0826975452,0.0,0.0,0.0,0.0,0.4598980107,0.0,0.4574044441,official
2013-12-06,-0.0738292685,0.4779789323,0.4836472068,slowdown_early,slowdown,0.0,0.0,0.0,0.0,0.1152033647,0.0,0.0,0.0,0.0,0.4881239329,0.0,0.3966727023,official
2013-12-13,0.0544632883,0.4722230197,0.475353374,slowdown_early,slowdown,0.0,0.0,0.0,0.0,0.1820273204,0.0,0.0,0.0,0.0,0.5224752193,0.0,0.2954974604,official
2013-12-20,0.2164224571,0.493892485,0.539229512,slowdown_early,slowdown,0.0,0.0,0.0,0.0,0.3105509842,0.0,0.0,0.0,0.0,0.5216808166,0.0,0.1677681992,official
2013-12-27,0.4549307645,0.4872945019,0.6666467821,expansion_late,expansion,0.0,0.0,0.0,0.0,0.5371870351,0.0,0.0,0.0,0.0,0.4075892665,0.0,0.0552236984,official
2014-01-03,0.2365073167,0.4607985815,0.5179488812,expansion_late,expansion,0.0,0.0,0.0,0.0,0.5616877568,0.0685284961,0.0,0.0,0.0,0.3697837471,0.0,0.0,official
2014-01-10,0.2159912394,0.4810274105,0.5272945905,expansion_late,expansion,0.0,0.0,0.0,0.0,0.5517004556,0.1165998945,0.0,0.0,0.0,0.3316996499,0.0,0.0,official
2014-01-17,-0.0715929935,0.4231630538,0.4291765683,expansion_late,expansion,0.0,0.0,0.0,0.0,0.4755342222,0.0841891216,0.0,0.0,0.0,0.4402766561,0.0,0.0,official
2014-01-24,-0.1123272598,0.4309890913,0.4453863604,slowdown_early,slowdown,0.0,0.0,0.0,0.0,0.408489863,0.0587149009,0.0,0.0,0.0,0.5327952361,0.0,0.0,official
2014-01-31,-0.1027204545,0.4511469401,0.4626932605,slowdown_early,slowdown,0.0,0.0,0.0,0.0,0.3396561718,0.0,0.0,0.0,0.0,0.54564573,0.0,0.1146980982,official
2014-02-07,-0.1061481927,0.4446641029,0.4571581818,slowdown_early,slowdown,0.0,0.0,0.0,0.0,0.27344595,0.0,0.0,0.0,0.0,0.5384515827,0.0,0.1881024673,official
2014-02-14,-0.1895262079,0.4465170588,0.4850749089,slowdown_early,slowdown,0.0,0.0,0.0,0.0,0.2003700574,0.0,0.0,0.0,0.0,0.5303567363,0.0,0.2692732063,official
2014-02-21,-0.1053958122,0.4599727126,0.4718931802,slowdown_early,slowdown,0.0,0.0,0.0,0.0,0.1878023375,0.0,0.0,0.0,0.0,0.5239073311,0.0,0.2882903314,official
2014-02-28,0.0126652475,0.4616319135,0.4618056215,slowdown_early,slowdown,0.0,0.0,0.0,0.0,0.2245129225,0.0,0.0,0.0,0.0,0.5269577545,0.0,0.248529323,official
2014-03-07,0.0270038427,0.4851890896,0.4859399759,slowdown_early,slowdown,0.0,0.0,0.0,0.0,0.2582934507,0.0,0.0,0.0,0.0,0.526265887,0.0,0.2154406623,official
2014-03-14,0.3679485196,0.508250824,0.6274591725,slowdown_early,slowdown,0.0,0.0,0.0,0.0,0.4511578607,0.0,0.0,0.0,0.0,0.4615413933,0.0,0.0873007461,official
2014-03-21,0.6389212728,0.5799888715,0.8629064167,expansion_late,expansion,0.0,0.0,0.0,0.0068474972,0.6133729175,0.1158380039,4.60805e-05,0.0025655573,0.0004785956,0.2449839977,0.0001876996,0.0156796508,official
2014-03-28,0.6246628296,0.5964523046,0.8636891816,expansion_late,expansion,0.0,0.0,0.0,0.0252527225,0.5830735271,0.2525379421,2.836e-05,0.0028355721,0.000346766,0.130922404,4.5049e-05,0.0049576572,official
2014-04-04,0.7074595042,0.6092619546,0.9336482632,expansion_late,expansion,0.0,0.0,0.0,0.0559959994,0.4825832788,0.3885803411,2.29819e-05,0.0035628332,0.0003116802,0.0674207542,1.32677e-05,0.0015088636,official
2014-04-11,0.7861249932,0.6293273895,1.0069982463,expansion_mid,expansion,0.0,0.0,0.0,0.0939996834,0.3688677024,0.4968969587,1.75522e-05,0.0047468051,0.0002749431,0.0347011313,5.1754e-06,0.0004900484,official
2014-04-18,0.8633733091,0.6604586772,1.087023061,expansion_mid,expansion,0.0,0.0,0.0,0.1310800514,0.2767617274,0.5675021166,1.23664e-05,0.0060129471,0.0002327499,0.018216444,2.3497e-06,0.0001792474,official
2014-04-25,0.8395973756,0.6558356896,1.0653845338,expansion_mid,expansion,0.0,0.0,0.0,0.1548231477,0.2308856896,0.593866836,1.20662e-05,0.0070919267,0.0002239721,0.0129673093,2.631e-06,0.0001264213,official
2014-05-02,0.6948500625,0.6448069226,0.9479412306,expansion_mid,expansion,0.0,0.0,0.0,0.1495059731,0.241779434,0.585454102,1.29525e-05,0.0068632535,0.0002073895,0.0159406534,8.5168e-06,0.0002277252,official
2014-05-09,0.5853160185,0.6416128148,0.8684824958,expansion_mid,expansion,0.0,0.0,0.0,0.1298922234,0.2773665253,0.5628006403,1.2955e-05,0.0057831753,0.0001837853,0.0234865745,2.09423e-05,0.0004531787,official
2014-05-16,0.2629742297,0.6370996944,0.689239774,expansion_mid,expansion,0.0,0.0,0.0,0.0793325791,0.4207670234,0.4999003975,0.0,0.0,0.0,0.0,0.0,0.0,official
2014-05-23,0.2113128538,0.6412205415,0.6751421369,expansion_late,expansion,0.0,0.0,0.0,0.049133475,0.5295724436,0.4212940814,0.0,0.0,0.0,0.0,0.0,0.0,official
2014-05-30,0.2138134799,0.654399376,0.6884437141,expansion_late,expansion,0.0,0.0,0.0,0.0,0.5573197436,0.3375015513,0.0,0.0,0.0,0.1051787052,0.0,0.0,official
2014-06-06,0.1548061619,0.6604622078,0.678362201,expansion_late,expansion,0.0,0.0,0.0,0.0,0.5638670321,0.2482341255,0.0,0.0,0.0,0.1878988424,0.0,0.0,official
2014-06-13,0.0646559769,0.670314365,0.6734253806,expansion_late,expansion,0.0,0.0,0.0,0.0,0.5519778535,0.1688718234,0.0,0.0,0.0,0.2791503231,0.0,0.0,official
2014-06-20,0.1250496546,0.6797540215,0.6911605789,expansion_late,expansion,0.0,0.0,0.0,0.0,0.5410272388,0.1410903144,0.0,0.0,0.0,0.3178824468,0.0,0.0,official
2014-06-27,0.1648327216,0.6780188969,0.6977674761,expansion_late,expansion,0.0,0.0,0.0,0.0,0.5387100867,0.1345933423,0.0,0.0,0.0,0.326696571,0.0,0.0,official
2014-07-04,0.1906784849,0.6807959998,0.7069946803,expansion_late,expansion,0.0,0.0,0.0,0.0,0.5416657139,0.1365311162,0.0,0.0,0.0,0.3218031699,0.0,0.0,official
2014-07-11,0.2733873648,0.6954104323,0.7472190579,expansion_late,expansion,0.0,0.0,0.0,0.0,0.5570012624,0.1570768658,0.0,0.0,0.0,0.2859218718,0.0,0.0,official
2014-07-18,0.1914775479,0.6804462677,0.7068739453,expansion_late,expansion,0.0,0.0,0.0,0.0,0.5527798916,0.1511446201,0.0,0.0,0.0,0.2960754883,0.0,0.0,official
2014-07-25,0.1900584926,0.6931322342,0.7187172773,expansion_late,expansion,0.0,0.0,0.0,0.0,0.5505880445,0.145811908,0.0,0.0,0.0,0.3036000475,0.0,0.0,official
2014-08-01,0.1697428093,0.6943947357,0.714840311,expansion_late,expansion,0.0,0.0,0.0,0.0,0.5457544267,0.1374125377,0.0,0.0,0.0,0.3168330356,0.0,0.0,official
2014-08-08,0.1676252691,0.7036251488,0.7233163768,expansion_late,expansion,0.0,0.0,0.0,0.0,0.5424073825,0.1309515203,0.0,0.0,0.0,0.3266410972,0.0,0.0,official
2014-08-15,0.1486484958,0.7085650537,0.72398951,expansion_late,expansion,0.0,0.0,0.0,0.0,0.5364993156,0.1223030303,0.0,0.0,0.0,0.3411976541,0.0,0.0,official
2014-08-22,0.0988782786,0.6953237972,0.7023190849,expansion_late,expansion,0.0,0.0,0.0,0.0,0.5210322281,0.1075034053,0.0,0.0,0.0,0.3714643665,0.0,0.0,official
2014-08-29,0.1570584364,0.7114180946,0.7285485967,expansion_late,expansion,0.0,0.0,0.0,0.0,0.524006673,0.1094107374,0.0,0.0,0.0,0.3665825896,0.0,0.0,official
2014-09-05,0.0689513107,0.7056280849,0.708988912,expansion_late,expansion,0.0,0.0,0.0,0.0,0.5048494593,0.0935706829,0.0,0.0,0.0,0.4015798578,0.0,0.0,official
2014-09-12,0.1945342032,0.7195673999,0.7453997579,expansion_late,expansion,0.0,0.0,0.0,0.0,0.5225719009,0.107283439,0.0,0.0,0.0,0.3701446601,0.0,0.0,official
2014-09-19,0.0896363245,0.7080387772,0.7136901153,expansion_late,expansion,0.0,0.0,0.0,0.0,0.5088452993,0.0961822159,0.0,0.0,0.0,0.3949724848,0.0,0.0,official
2014-09-26,0.1070588981,0.7132475285,0.7212375785,expansion_late,expansion,0.0,0.0,0.0,0.0,0.503686673,0.0925609219,0.0,0.0,0.0,0.4037524051,0.0,0.0,official
2014-10-03,0.106589175,0.722263655,0.7300863234,expansion_late,expansion,0.0,0.0,0.0,0.0,0.5002636033,0.0897185339,0.0,0.0,0.0,0.4100178628,0.0,0.0,official
2014-10-10,0.1569154511,0.7386158274,0.7550998604,expansion_late,expansion,0.0,0.0,0.0,0.0035866668,0.4894682313,0.0920657251,1.5909e-05,0.0002142458,2.29266e-05,0.376124472,0.0003368291,0.0381649943,official
2014-10-17,0.1228231399,0.7176487658,0.7280832884,expansion_late,expansion,0.0,0.0,0.0,0.0,0.5067770117,0.0956470581,0.0,0.0,0.0,0.3975759302,0.0,0.0,official
2014-10-24,0.072812629,0.7221729456,0.7258343078,expansion_late,expansion,0.0,0.0,0.0,0.0,0.4937297733,0.0854889018,0.0,0.0,0.0,0.4207813249,0.0,0.0,official
2014-10-31,0.1776803296,0.740232761,0.7612587208,expansion_late,expansion,0.0,0.0,0.0,0.0037104121,0.4910311162,0.0930715998,1.42931e-05,0.0002338597,2.54244e-05,0.3746138011,0.0003041174,0.0369953762,official
2014-11-07,0.1484395095,0.7473359652,0.761935255,expansion_late,expansion,0.0,0.0,0.0,0.004375716,0.4874682082,0.0939096752,1.63438e-05,0.0002325744,2.1297e-05,0.3658124748,0.0012214649,0.0469422458,official
2014-11-14,0.2346487041,0.7553597288,0.7909667087,expansion_late,expansion,0.0,0.0,0.0,0.0059305496,0.5108815608,0.1118848977,1.04638e-05,0.0003328946,3.17379e-05,0.3314446818,0.0009786391,0.0385045749,official
2014-11-21,0.2201180952,0.7571397802,0.7884875539,expansion_late,expansion,0.0,0.0,0.0,0.0065682344,0.5213327356,0.1210963853,1.09058e-05,0.0003227127,2.88785e-05,0.3147408792,0.0008910051,0.0350082631,official
2014-11-28,0.1661644841,0.7538002565,0.7718973134,expansion_late,expansion,0.0,0.0,0.0,0.0059521974,0.5151822084,0.1153557261,1.43792e-05,0.000262442,2.23014e-05,0.3237222819,0.001093019,0.0383954445,official
2014-12-05,0.1645511011,0.769594283,0.7869894696,expansion_late,expansion,0.0,0.0,0.0,0.0054625563,0.5115830203,0.1103320765,1.35202e-05,0.0002392008,1.9818e-05,0.3310851522,0.0011526197,0.0401120358,official
2014-12-12,0.2809603799,0.7749904697,0.8243475985,expansion_late,expansion,0.0,0.0,0.0,0.0073842007,0.5360613869,0.1325247128,7.5878e-06,0.000370813,3.37293e-05,0.2937694675,0.000650942,0.02919716,official
2014-12-19,0.1110788369,0.7410886901,0.749367036,expansion_late,expansion,0.0,0.0,0.0,0.0,0.5368453533,0.1166861979,0.0,0.0,0.0,0.3464684488,0.0,0.0,official
2014-12-26,0.0764007709,0.7511723622,0.7550476777,expansion_late,expansion,0.0,0.0,0.0,0.0031923014,0.4941708138,0.0921513936,2.23385e-05,0.0001386283,1.30541e-05,0.3700023845,0.0004766767,0.0398324092,official
2015-01-02,0.1810032351,0.7817240117,0.8024055094,expansion_late,expansion,0.0,0.0,0.0,0.0043947169,0.5003508781,0.0976974671,1.18358e-05,0.0002260709,1.9905e-05,0.3537124346,0.0010372951,0.0425493964,official
2015-01-09,0.1702852242,0.7872509685,0.8054571031,expansion_late,expansion,0.0,0.0,0.0,0.0045988237,0.5028159209,0.099265854,1.21586e-05,0.0002200906,1.8139e-05,0.3488591209,0.0011651534,0.0430447388,official
2015-01-16,0.1443600958,0.7832062585,0.7963993224,expansion_late,expansion,0.0,0.0,0.0,0.004334111,0.4972751547,0.0955667097,1.41461e-05,0.0002000653,1.61782e-05,0.3552521021,0.001348461,0.0459930719,official
2015-01-23,-0.1667998929,0.7106305144,0.7299437871,slowdown_early,slowdown,0.0,0.0,0.0,0.0,0.432450743,0.0523756583,0.0,0.0,0.0,0.5151735987,0.0,0.0,official
2015-01-30,0.0010576492,0.7638152167,0.7638159489,slowdown_early,slowdown,0.0,0.0,0.0,0.0013669135,0.3895659571,0.0456701769,2.99739e-05,8.84116e-05,7.2157e-06,0.4931702637,0.0006391399,0.0694619475,official
2015-02-06,0.0106929097,0.7714078255,0.7714819321,slowdown_early,slowdown,0.0,0.0,0.0,0.0015102849,0.3697055639,0.0431755405,2.89391e-05,9.85911e-05,7.6323e-06,0.4869685568,0.0035295187,0.0949753728,official
2015-02-13,0.2509860508,0.790979209,0.8298446281,expansion_late,expansion,0.0,0.0,0.0,0.0035454298,0.4465201885,0.0727414023,8.8325e-06,0.0003045656,2.90236e-05,0.4156669858,0.0016844472,0.0594991248,official
2015-02-20,-0.1207162982,0.7186848711,0.7287526114,slowdown_early,slowdown,0.0,0.0,0.0,0.0,0.4111216555,0.0483237996,0.0,0.0,0.0,0.5405545449,0.0,0.0,official
2015-02-27,-0.3618197119,0.6958439186,0.7842909301,slowdown_early,slowdown,0.0,0.0,0.0,0.000248572,0.2421247595,0.0151556891,0.0001386573,8.9437e-06,3.824e-07,0.5894075261,0.0025639583,0.1503515117,official
2015-03-06,-0.4231618523,0.6879821312,0.8077037613,slowdown_early,slowdown,0.0,0.0,0.0,0.0001004158,0.1300707675,0.0053375913,0.0001539683,4.8747e-06,1.757e-07,0.5470849567,0.031413528,0.2858337219,official
2015-03-13,-0.3976686199,0.6897991334,0.7962180453,slowdown_early,slowdown,0.0,0.0,0.0,9.15243e-05,0.0836448211,0.0030144875,0.0001407919,5.8989e-06,2.308e-07,0.4843285178,0.065077423,0.3636963047,official
2015-03-20,-0.1841180583,0.6649087749,0.6899298068,slowdown_early,slowdown,0.0,0.0,0.0,0.0,0.1051462151,0.0,0.0,0.0,0.0,0.5204241129,0.0,0.3744296719,official
2015-03-27,-0.4155433625,0.6670106039,0.7858622219,slowdown_early,slowdown,0.0,0.0,0.0,6.93878e-05,0.0659193918,0.0018545533,0.0001487034,5.0992e-06,1.971e-07,0.4449288834,0.0678539923,0.4192197917,official
2015-04-03,-0.549275277,0.6454852217,0.8475579634,slowdown_mid,slowdown,0.0,0.0,0.0,2.79202e-05,0.0335834642,0.0008058888,0.0001903343,1.3347e-06,3.43e-08,0.3422324848,0.1454070396,0.4777514993,official
2015-04-10,-0.5361690109,0.6680539832,0.8566057044,slowdown_mid,slowdown,0.0,0.0,0.0,2.95172e-05,0.0227984358,0.0005720458,0.0001761822,1.4716e-06,3.81e-08,0.2795980982,0.197495911,0.4993283001,official
2015-04-17,-0.3862066781,0.6293319772,0.7383863052,slowdown_mid,slowdown,0.0,0.0,0.0,0.0,0.0,0.0,0.0,0.0,0.0,0.2811468772,0.2144533172,0.5043998056,official
2015-04-24,-0.3138961718,0.6226353962,0.6972844781,slowdown_mid,slowdown,0.0,0.0,0.0,0.0,0.0,0.0,0.0,0.0,0.0,0.2972947614,0.2037115653,0.4989936733,official
2015-05-01,-0.28563439,0.6211408057,0.6836687102,slowdown_mid,slowdown,0.0,0.0,0.0,0.0,0.0,0.0,0.0,0.0,0.0,0.3190226657,0.1883682573,0.492609077,official
2015-05-08,-0.1644973302,0.6495296565,0.6700359291,slowdown_mid,slowdown,0.0,0.0,0.0,0.0,0.0,0.0,0.0,0.0,0.0,0.3924009827,0.1366580486,0.4709409688,official
2015-05-15,0.0523097075,0.6722000836,0.6742323471,slowdown_early,slowdown,0.0,0.0,0.0,0.0,0.0,0.0,0.0,0.0,0.0,0.5489207087,0.06192167,0.3891576214,official
2015-05-22,-0.0600938526,0.6497858043,0.6525587043,slowdown_early,slowdown,0.0,0.0,0.0,0.0,0.0672347682,0.0,0.0,0.0,0.0,0.5784808857,0.0,0.3542843461,official
2015-05-29,-0.0196984723,0.637243755,0.6375481418,slowdown_early,slowdown,0.0,0.0,0.0,0.0,0.1277245632,0.0,0.0,0.0,0.0,0.5787871026,0.0,0.2934883342,official
2015-06-05,-0.1536700482,0.6305394937,0.6489950207,slowdown_early,slowdown,0.0,0.0,0.0,0.0,0.1367497181,0.0,0.0,0.0,0.0,0.5581189357,0.0,0.3051313462,official
2015-06-12,0.0528270557,0.6370629447,0.6392494766,slowdown_early,slowdown,0.0,0.0,0.0,0.0,0.2045948167,0.0,0.0,0.0,0.0,0.5652927366,0.0,0.2301124467,official
2015-06-19,-0.2693702614,0.560371884,0.6217531553,slowdown_early,slowdown,0.0,0.0,0.0,0.0,0.1457069063,0.0,0.0,0.0,0.0,0.5391147629,0.0,0.3151783307,official
2015-06-26,-0.2519031931,0.5628540313,0.6166521542,slowdown_early,slowdown,0.0,0.0,0.0,0.0,0.1183150931,0.0,0.0,0.0,0.0,0.5160060258,0.0,0.3656788812,official
2015-07-03,-0.4560748096,0.5469393501,0.7121424609,slowdown_mid,slowdown,0.0,0.0,0.0,0.0,0.0646231202,0.0,0.0,0.0,0.0,0.4498897705,0.0,0.4854871092,official
2015-07-10,-0.5158178168,0.5567640712,0.7589823786,slowdown_mid,slowdown,0.0,0.0,0.0,3.31061e-05,0.0323862641,0.0007516757,0.0002280199,2.095e-06,7.11e-08,0.330081967,0.1270781195,0.5094386816,official
2015-07-17,-0.3329557357,0.5743603616,0.6638895593,slowdown_mid,slowdown,0.0,0.0,0.0,0.0,0.0,0.0,0.0,0.0,0.0,0.3225489509,0.1766214847,0.5008295644,official
2015-07-24,-0.2688824151,0.5759754071,0.6356456739,slowdown_mid,slowdown,0.0,0.0,0.0,0.0,0.0,0.0,0.0,0.0,0.0,0.3300299358,0.182742769,0.4872272952,official
2015-07-31,-0.2764856054,0.5678488872,0.6315826539,slowdown_mid,slowdown,0.0,0.0,0.0,0.0,0.0,0.0,0.0,0.0,0.0,0.3300813908,0.1891558486,0.4807627607,official
2015-08-07,-0.2482525042,0.5806142292,0.6314603622,slowdown_mid,slowdown,0.0,0.0,0.0,0.0,0.0,0.0,0.0,0.0,0.0,0.3456365322,0.1789576346,0.4754058332,official
2015-08-14,0.1928143144,0.5995674983,0.6298083398,slowdown_early,slowdown,0.0,0.0,0.0,0.0,0.0,0.0,0.0,0.0,0.0,0.5770750844,0.0554718589,0.3674530567,official
2015-08-21,-0.0344613053,0.5530006643,0.5540733852,slowdown_early,slowdown,0.0,0.0,0.0,0.0,0.0710727389,0.0,0.0,0.0,0.0,0.5845657256,0.0,0.3443615355,official
2015-08-28,0.0207485777,0.5490461491,0.549438056,slowdown_early,slowdown,0.0,0.0,0.0,0.0,0.1392136855,0.0,0.0,0.0,0.0,0.5775359274,0.0,0.2832503871,official
2015-09-04,-0.0792372494,0.5372796897,0.5430911587,slowdown_early,slowdown,0.0,0.0,0.0,0.0,0.1609982183,0.0,0.0,0.0,0.0,0.5559504386,0.0,0.2830513432,official
2015-09-11,-0.1248611877,0.5449885512,0.5591089671,slowdown_early,slowdown,0.0,0.0,0.0,0.0,0.1613496303,0.0,0.0,0.0,0.0,0.5418995561,0.0,0.2967508136,official
2015-09-18,-0.2808315661,0.5131058691,0.5849307664,slowdown_early,slowdown,0.0,0.0,0.0,0.0,0.1167425264,0.0,0.0,0.0,0.0,0.5089903063,0.0,0.3742671673,official
2015-09-25,-0.2441575623,0.5129823356,0.5681230429,slowdown_early,slowdown,0.0,0.0,0.0,0.0,0.1006253121,0.0,0.0,0.0,0.0,0.4878931416,0.0,0.4114815462,official
2015-10-02,-0.2980360141,0.5145058336,0.5945937424,slowdown_early,slowdown,0.0,0.0,0.0,0.0,0.0807252849,0.0,0.0,0.0,0.0,0.4604814218,0.0,0.4587932933,official
2015-10-09,-0.2831926087,0.5370347312,0.607127957,slowdown_mid,slowdown,0.0,0.0,0.0,0.0,0.0732059699,0.0,0.0,0.0,0.0,0.4472000817,0.0,0.4795939485,official
2015-10-16,0.0866162175,0.5688901459,0.5754462332,slowdown_early,slowdown,0.0,0.0,0.0,0.0,0.0,0.0,0.0,0.0,0.0,0.5977914576,0.0345339336,0.3676746088,official
2015-10-23,-0.2149909918,0.501905788,0.5460133209,slowdown_early,slowdown,0.0,0.0,0.0,0.0,0.0472815135,0.0,0.0,0.0,0.0,0.5320283984,0.0,0.4206900882,official
2015-10-30,-0.1435369414,0.5053055353,0.5252966186,slowdown_early,slowdown,0.0,0.0,0.0,0.0,0.0806814844,0.0,0.0,0.0,0.0,0.5127824895,0.0,0.4065360262,official
2015-11-06,-0.2107468336,0.4992332767,0.5418930637,slowdown_early,slowdown,0.0,0.0,0.0,0.0,0.0870709596,0.0,0.0,0.0,0.0,0.4890214126,0.0,0.4239076279,official
2015-11-13,-0.0015699353,0.5108087402,0.5108111528,slowdown_early,slowdown,0.0,0.0,0.0,0.0,0.1409094125,0.0,0.0,0.0,0.0,0.5218959347,0.0,0.3371946529,official
2015-11-20,-0.3035293423,0.4484174371,0.5414870816,slowdown_early,slowdown,0.0,0.0,0.0,0.0,0.0965677716,0.0,0.0,0.0,0.0,0.4783414074,0.0,0.425090821,official
2015-11-27,-0.3077598316,0.449199564,0.5445147952,slowdown_mid,slowdown,0.0,0.0,0.0,0.0,0.0732014798,0.0,0.0,0.0,0.0,0.4403966961,0.0,0.4864018242,official
2015-12-04,-0.4998125198,0.4323865542,0.6608862892,slowdown_mid,slowdown,0.0,0.0,0.0,0.0,0.0,0.0,0.0,0.0,0.0,0.3075917074,0.169244421,0.5231638715,official
2015-12-11,-0.5836332216,0.4474376707,0.7354102301,slowdown_mid,slowdown,0.0,0.0,0.0,0.0,0.0,0.0,0.0,0.0,0.0,0.1795091544,0.3367847214,0.4837061243,official
2015-12-18,-0.4319067113,0.4121547419,0.5970049737,slowdown_late,slowdown,0.0,0.0,0.0,0.0,0.0,0.0,0.0,0.0,0.0,0.135408068,0.4373552899,0.4272366421,official
2015-12-25,-0.4621451509,0.4098347266,0.6176913822,slowdown_late,slowdown,0.0,0.0,0.0,0.0,0.0,0.0,0.0,0.0,0.0,0.0,0.578709427,0.421290573,official
2016-01-01,-0.4399325982,0.4086770648,0.6004645154,slowdown_late,slowdown,0.0,0.0,0.0,0.0,0.0,0.0,0.0,0.0,0.0,0.0,0.6389534795,0.3610465205,official
2016-01-08,-0.4122269102,0.4261051996,0.5928715431,slowdown_late,slowdown,0.0,0.0,0.0,0.0,0.0,0.0,0.0,0.0,0.0,0.0,0.6595208611,0.3404791389,official
2016-01-15,-0.1198614105,0.4229666914,0.4396220874,slowdown_late,slowdown,0.0,0.0,0.0,0.0,0.0,0.0,0.0,0.0,0.0,0.0,0.5660851697,0.4339148303,official
2016-01-22,-0.3403683217,0.3794781923,0.5097590538,slowdown_late,slowdown,0.0,0.0,0.0,0.0,0.0,0.0,0.0,0.0,0.0,0.0,0.6182718009,0.3817281991,official
2016-01-29,-0.3037254493,0.3702963626,0.4789243622,slowdown_late,slowdown,0.0,0.0,0.0,0.0,0.0,0.0,0.0,0.0,0.0,0.0,0.6438378587,0.3561621413,official
2016-02-05,-0.4249345825,0.3612374984,0.5577292619,slowdown_late,slowdown,0.0,0.0,0.0,0.0,0.0,0.0,0.0,0.0,0.0,0.0,0.7000457451,0.2999542549,official
2016-02-12,-0.0981593202,0.3916374071,0.4037512982,slowdown_late,slowdown,0.0,0.0,0.0,0.0,0.0,0.0,0.0,0.0,0.0,0.0,0.5989326794,0.4010673206,official
2016-02-19,-0.0982581635,0.3894410735,0.4016453864,slowdown_late,slowdown,0.0,0.0,0.0,0.0,0.0,0.0,0.0,0.0,0.0,0.0,0.5294845563,0.4705154437,official
2016-02-26,-0.1015887623,0.3877059051,0.400794393,slowdown_mid,slowdown,0.0,0.0,0.0,0.0,0.0,0.0,0.0,0.0,0.0,0.0,0.4866944531,0.5133055469,official
2016-03-04,-0.27160623,0.3713904956,0.4601096004,slowdown_late,slowdown,0.0,0.0,0.0,0.0,0.0,0.0,0.0,0.0,0.0,0.0490850155,0.5219664945,0.42894849,official
2016-03-11,-0.1247586424,0.3975746891,0.4166897554,slowdown_mid,slowdown,0.0,0.0,0.0,0.0,0.0,0.0,0.0,0.0,0.0,0.0,0.4986133431,0.5013866569,official
2016-03-18,-0.1423937012,0.3507582771,0.3785595529,slowdown_late,slowdown,0.0,0.0,0.0,0.0,0.0,0.0,0.0,0.0,0.0,0.0633618145,0.4764075682,0.4602306174,official
2016-03-25,-0.0790991327,0.3541717767,0.3628971207,slowdown_mid,slowdown,0.0,0.0,0.0,0.0,0.0,0.0,0.0,0.0,0.0,0.0,0.4671519715,0.5328480285,official
2016-04-01,-0.1226245403,0.3365136559,0.3581594875,slowdown_mid,slowdown,0.0,0.0,0.0,0.0,0.0,0.0,0.0,0.0,0.0,0.06813946,0.4528315346,0.4790290055,official
2016-04-08,-0.2347856782,0.3446579304,0.41702926,slowdown_late,slowdown,0.0,0.0,0.0,0.0,0.0,0.0,0.0,0.0,0.0,0.0948671535,0.4881045757,0.4170282708,official
2016-04-15,-0.1346854654,0.3623110032,0.38653517,slowdown_late,slowdown,0.0,0.0,0.0,0.0,0.0,0.0,0.0,0.0,0.0,0.0,0.5084163332,0.4915836668,official
2016-04-22,-0.2061581684,0.3464594075,0.4031566835,slowdown_late,slowdown,0.0,0.0,0.0,0.0,0.0,0.0,0.0,0.0,0.0,0.0,0.5492766704,0.4507233296,official
2016-04-29,-0.2459307246,0.3223037593,0.4054153852,slowdown_late,slowdown,0.0,0.0,0.0,0.0,0.0,0.0,0.0,0.0,0.0,0.0,0.6072252027,0.3927747973,official
2016-05-06,-0.4027909879,0.3174049561,0.5128220804,slowdown_late,slowdown,0.0,0.0,0.0,0.0,0.0,0.0,0.0,0.0,0.0,0.0,0.6971861004,0.3028138996,official
2016-05-13,-0.1956983337,0.311671403,0.3680175285,slowdown_late,slowdown,0.0,0.0,0.0,0.0,0.0,0.0,0.0,0.0,0.0,0.0,0.6854034886,0.3145965114,official
2016-05-20,-0.4002851177,0.2745719216,0.4854048986,slowdown_late,slowdown,0.0,0.0,0.0,0.0,0.0,0.0,0.0,0.0,0.0,0.0,0.7635385233,0.2364614767,official
2016-05-27,-0.3423491486,0.2684702744,0.4350623264,slowdown_late,slowdown,0.0,0.0,0.0,0.0,0.0,0.0,0.0,0.0,0.0,0.0,0.7955477788,0.2044522212,official
2016-06-03,-0.4892413863,0.2476653256,0.5483568615,slowdown_late,slowdown,0.0,0.0,0.0,0.0,0.0,0.0,0.0,0.0,0.0,0.0,0.8460878415,0.1539121585,official
2016-06-10,-0.4044900397,0.2821717183,0.4931866491,slowdown_late,slowdown,0.0,0.0,0.0,0.0,0.0,0.0,0.0,0.0,0.0,0.0,0.8452915598,0.1547084402,official
2016-06-17,-0.2532024573,0.2962236963,0.3896921383,slowdown_late,slowdown,0.0,0.0,0.0,0.0,0.0,0.0,0.0,0.0,0.0,0.0,0.8073708364,0.1926291636,official
2016-06-24,-0.1210603914,0.298099042,0.3217431541,slowdown_late,slowdown,0.0,0.0,0.0,0.0,0.0,0.0,0.0,0.0,0.0,0.0,0.7324458564,0.2675541436,official
2016-07-01,-0.1365856182,0.2901549839,0.3206954097,slowdown_late,slowdown,0.0,0.0,0.0,0.0,0.0,0.0,0.0,0.0,0.0,0.0,0.6923723262,0.3076276738,official
2016-07-08,0.0460994595,0.3202809319,0.3235815747,slowdown_late,slowdown,0.0,0.0,0.0,0.0,0.0,0.0,0.0,0.0,0.0,0.0,0.5282186711,0.4717813289,official
2016-07-15,0.3457939208,0.3419931431,0.4863463227,slowdown_mid,slowdown,0.0,0.0,0.0,0.0,0.0,0.0,0.0,0.0,0.0,0.0,0.232541159,0.767458841,official
2016-07-22,0.3347593402,0.333712119,0.4726812819,slowdown_mid,slowdown,0.0,0.0,0.0,0.0,0.0,0.0,0.0,0.0,0.0,0.2550459051,0.0984098134,0.6465442814,official
2016-07-29,0.4931024783,0.3439410007,0.6012033484,slowdown_early,slowdown,0.0,0.0,0.0,0.0,0.0,0.0,0.0,0.0,0.0,0.6503782656,0.0240455428,0.3255761916,official
2016-08-05,0.2653103772,0.3337009636,0.4263167008,slowdown_early,slowdown,0.0,0.0,0.0,0.0,0.1438533207,0.0,0.0,0.0,0.0,0.6541323157,0.0,0.2020143636,official
2016-08-12,0.2430669039,0.3433273435,0.4206604147,slowdown_early,slowdown,0.0,0.0,0.0,0.0,0.294472125,0.0,0.0,0.0,0.0,0.5696244421,0.0,0.1359034329,official
2016-08-19,0.0741396888,0.3120656823,0.3207517475,slowdown_early,slowdown,0.0,0.0,0.0,0.0,0.3303099868,0.0,0.0,0.0,0.0,0.5201882093,0.0,0.1495018039,official
2016-08-26,0.1141925809,0.3119453559,0.33218948,slowdown_early,slowdown,0.0,0.0,0.0,0.0,0.3808977824,0.0,0.0,0.0,0.0,0.485541765,0.0,0.1335604526,official
2016-09-02,-0.1136040197,0.2974447077,0.3184010482,slowdown_early,slowdown,0.0,0.0,0.0,0.0,0.2810460301,0.0,0.0,0.0,0.0,0.5048573563,0.0,0.2140966135,official
2016-09-09,-0.0931199114,0.3231318436,0.3362818851,slowdown_early,slowdown,0.0,0.0,0.0,0.0,0.2331294563,0.0,0.0,0.0,0.0,0.5052926224,0.0,0.2615779213,official
2016-09-16,0.1298735053,0.3583844126,0.3811909162,slowdown_early,slowdown,0.0,0.0,0.0,0.0,0.3160594616,0.0,0.0,0.0,0.0,0.4998044674,0.0,0.184136071,official
2016-09-23,0.0084762718,0.3448990097,0.3450031508,slowdown_early,slowdown,0.0,0.0,0.0,0.0,0.3102087027,0.0,0.0,0.0,0.0,0.4990588968,0.0,0.1907324005,official
2016-09-30,0.1079223282,0.3540603427,0.370143155,slowdown_early,slowdown,0.0,0.0,0.0,0.0,0.3619309426,0.0,0.0,0.0,0.0,0.4847299869,0.0,0.1533390704,official
2016-10-07,0.0876679992,0.3597061129,0.3702352843,slowdown_early,slowdown,0.0,0.0,0.0,0.0,0.3863041128,0.0,0.0,0.0,0.0,0.4749846759,0.0,0.1387112113,official
2016-10-14,0.3257602714,0.3748665511,0.4966333512,expansion_late,expansion,0.0,0.0,0.0,0.0,0.5354017534,0.0,0.0,0.0,0.0,0.398686743,0.0,0.0659115036,official
2016-10-21,0.2169048778,0.353518023,0.4147562159,expansion_late,expansion,0.0,0.0,0.0,0.0,0.5613983272,0.0731774616,0.0,0.0,0.0,0.3654242111,0.0,0.0,official
2016-10-28,0.2765590736,0.3506356062,0.4465761408,expansion_late,expansion,0.0,0.0,0.0,0.0,0.5629057856,0.1507265491,0.0,0.0,0.0,0.2863676653,0.0,0.0,official
2016-11-04,0.0238458231,0.3270593819,0.3279275264,expansion_late,expansion,0.0,0.0,0.0,0.0,0.5123575737,0.1325867826,0.0,0.0,0.0,0.3550556438,0.0,0.0,official
2016-11-11,-0.1100499873,0.3361828603,0.3537370708,slowdown_early,slowdown,0.0,0.0,0.0,0.0,0.4397350331,0.0822701418,0.0,0.0,0.0,0.4779948251,0.0,0.0,official
2016-11-18,-0.1324744906,0.3183807326,0.3448416761,slowdown_early,slowdown,0.0,0.0,0.0,0.0,0.3437662355,0.0,0.0,0.0,0.0,0.5305366987,0.0,0.1256970657,official
2016-11-25,-0.148863437,0.3243527868,0.356882408,slowdown_early,slowdown,0.0,0.0,0.0,0.0,0.2451267897,0.0,0.0,0.0,0.0,0.5278270038,0.0,0.2270462065,official
2016-12-02,-0.1081122234,0.3379294479,0.3548021485,slowdown_early,slowdown,0.0,0.0,0.0,0.0,0.205705799,0.0,0.0,0.0,0.0,0.5148146525,0.0,0.2794795485,official
2016-12-09,-0.0878831682,0.357006282,0.3676641628,slowdown_early,slowdown,0.0,0.0,0.0,0.0,0.1905495237,0.0,0.0,0.0,0.0,0.5077654163,0.0,0.30168506,official
2016-12-16,0.0142178613,0.3555578485,0.3558420032,slowdown_early,slowdown,0.0,0.0,0.0,0.0,0.2242869105,0.0,0.0,0.0,0.0,0.5110399083,0.0,0.2646731812,official
2016-12-23,0.1071663182,0.3707414119,0.3859194401,slowdown_early,slowdown,0.0,0.0,0.0,0.0,0.2962994138,0.0,0.0,0.0,0.0,0.5071452332,0.0,0.196555353,official
2016-12-30,0.2424493353,0.3734780934,0.4452724632,slowdown_early,slowdown,0.0,0.0,0.0,0.0,0.4255978828,0.0,0.0,0.0,0.0,0.4631175605,0.0,0.1112845567,official
2017-01-06,0.1729030257,0.3690544743,0.4075495814,expansion_late,expansion,0.0,0.0,0.0,0.0,0.4768098839,0.0,0.0,0.0,0.0,0.4331422392,0.0,0.0900478769,official
2017-01-13,0.3649706495,0.3885525492,0.5330822249,expansion_late,expansion,0.0,0.0,0.0,0.0,0.5795578464,0.0900464152,0.0,0.0,0.0,0.3303957384,0.0,0.0,official
2017-01-20,0.5042260815,0.4214837609,0.6571852874,expansion_late,expansion,0.0,0.0,0.0,0.0,0.589783342,0.2229482695,0.0,0.0,0.0,0.1872683885,0.0,0.0,official
2017-01-27,0.4387840403,0.422280353,0.6089762972,expansion_late,expansion,0.0,0.0,0.0,0.0,0.5451795359,0.3182905928,0.0,0.0,0.0,0.1365298713,0.0,0.0,official
2017-02-03,0.3460213607,0.4232761091,0.5467114838,expansion_late,expansion,0.0,0.0,0.0,0.0,0.5166590031,0.3520086794,0.0,0.0,0.0,0.1313323175,0.0,0.0,official
2017-02-10,0.4429753316,0.4405820435,0.6247717035,expansion_late,expansion,0.0,0.0,0.0,0.0,0.485558099,0.4123427309,0.0,0.0,0.0,0.1020991702,0.0,0.0,official
2017-02-17,0.2216143737,0.4127820106,0.4685103189,expansion_late,expansion,0.0,0.0,0.0,0.0,0.4972878534,0.3645940112,0.0,0.0,0.0,0.1381181353,0.0,0.0,official
2017-02-24,0.2379402297,0.4186460181,0.4815392418,expansion_late,expansion,0.0,0.0,0.0,0.0,0.5036631236,0.3401479329,0.0,0.0,0.0,0.1561889435,0.0,0.0,official
2017-03-03,0.356047167,0.4370653991,0.5637337565,expansion_late,expansion,0.0,0.0,0.0,0.0,0.4964695164,0.370315204,0.0,0.0,0.0,0.1332152796,0.0,0.0,official
2017-03-10,0.2755438999,0.4408786297,0.5199023051,expansion_late,expansion,0.0,0.0,0.0,0.0,0.5009804185,0.3553033652,0.0,0.0,0.0,0.1437162163,0.0,0.0,official
2017-03-17,0.1769718338,0.454606875,0.4878385397,expansion_late,expansion,0.0,0.0,0.0,0.0,0.5154583081,0.300701003,0.0,0.0,0.0,0.1838406889,0.0,0.0,official
2017-03-24,0.1302750395,0.4463434885,0.4649667684,expansion_late,expansion,0.0,0.0,0.0,0.0,0.521500753,0.248456495,0.0,0.0,0.0,0.230042752,0.0,0.0,official
2017-03-31,0.1316837745,0.4475915574,0.4665606271,expansion_late,expansion,0.0,0.0,0.0,0.0,0.521413088,0.2162241901,0.0,0.0,0.0,0.2623627219,0.0,0.0,official
2017-04-07,0.1222078457,0.4630047416,0.4788613038,expansion_late,expansion,0.0,0.0,0.0,0.0,0.51908725,0.190507029,0.0,0.0,0.0,0.290405721,0.0,0.0,official
2017-04-14,0.3882877902,0.4866794193,0.6225947841,expansion_late,expansion,0.0,0.0,0.0,0.0,0.5351140597,0.2630379062,0.0,0.0,0.0,0.2018480341,0.0,0.0,official
2017-04-21,0.4123254431,0.4971075624,0.6458546273,expansion_late,expansion,0.0,0.0,0.0,0.0,0.5254845496,0.3247666916,0.0,0.0,0.0,0.1497487588,0.0,0.0,official
2017-04-28,0.3221984377,0.4980166744,0.5931546521,expansion_late,expansion,0.0,0.0,0.0,0.0,0.5200621779,0.3317700416,0.0,0.0,0.0,0.1481677804,0.0,0.0,official
2017-05-05,0.2850050923,0.4945926961,0.5708325829,expansion_late,expansion,0.0,0.0,0.0,0.0,0.5203737235,0.32230098,0.0,0.0,0.0,0.1573252965,0.0,0.0,official
2017-05-12,0.2458502995,0.5006838932,0.5577873526,expansion_late,expansion,0.0,0.0,0.0,0.0,0.5250881101,0.2993306406,0.0,0.0,0.0,0.1755812493,0.0,0.0,official
2017-05-19,0.0940052837,0.463125492,0.4725697987,expansion_late,expansion,0.0,0.0,0.0,0.0,0.5271042816,0.2307665481,0.0,0.0,0.0,0.2421291703,0.0,0.0,official
2017-05-26,0.1002155484,0.4655595978,0.4762235769,expansion_late,expansion,0.0,0.0,0.0,0.0,0.5213011567,0.1915798699,0.0,0.0,0.0,0.2871189734,0.0,0.0,official
2017-06-02,0.147110042,0.4899541841,0.5115627693,expansion_late,expansion,0.0,0.0,0.0,0.0,0.5214482625,0.1799570162,0.0,0.0,0.0,0.2985947214,0.0,0.0,official
2017-06-09,0.0198658957,0.4890235499,0.4894268956,expansion_late,expansion,0.0,0.0,0.0,0.0,0.4990287673,0.1342319265,0.0,0.0,0.0,0.3667393062,0.0,0.0,official
2017-06-16,-0.0208078837,0.4915898153,0.4920299935,expansion_late,expansion,0.0,0.0,0.0,0.0,0.466435841,0.0988314728,0.0,0.0,0.0,0.4347326863,0.0,0.0,official
2017-06-23,-0.0988193247,0.4774980789,0.4876163187,slowdown_early,slowdown,0.0,0.0,0.0,0.0,0.4138348818,0.0656966815,0.0,0.0,0.0,0.5204684367,0.0,0.0,official
2017-06-30,-0.1293012759,0.4682432415,0.4857680034,slowdown_early,slowdown,0.0,0.0,0.0,0.0,0.3349616071,0.0,0.0,0.0,0.0,0.5472370936,0.0,0.1178012993,official
2017-07-07,-0.2103105937,0.4587683995,0.5046771148,slowdown_early,slowdown,0.0,0.0,0.0,0.0,0.2284322012,0.0,0.0,0.0,0.0,0.5463355247,0.0,0.2252322742,official
2017-07-14,-0.0016558349,0.461466126,0.4614690967,slowdown_early,slowdown,0.0,0.0,0.0,0.0,0.2478871075,0.0,0.0,0.0,0.0,0.5340720905,0.0,0.218040802,official
2017-07-21,-0.1304340827,0.4391615714,0.4581221843,slowdown_early,slowdown,0.0,0.0,0.0,0.0,0.206928012,0.0,0.0,0.0,0.0,0.5261233259,0.0,0.2669486621,official
2017-07-28,-0.2857976034,0.4337365246,0.5194301136,slowdown_early,slowdown,0.0,0.0,0.0,0.0,0.1319289717,0.0,0.0,0.0,0.0,0.4989386084,0.0,0.3691324199,official
2017-08-04,-0.2038483225,0.4485983347,0.4927419249,slowdown_early,slowdown,0.0,0.0,0.0,0.0,0.1142035299,0.0,0.0,0.0,0.0,0.483614095,0.0,0.402182375,official
2017-08-11,-0.1831077912,0.4551910477,0.4906397386,slowdown_early,slowdown,0.0,0.0,0.0,0.0,0.1088145229,0.0,0.0,0.0,0.0,0.4772889032,0.0,0.4138965739,official
2017-08-18,-0.2595519244,0.4265879185,0.4993440234,slowdown_mid,slowdown,0.0,0.0,0.0,0.0,0.0867809511,0.0,0.0,0.0,0.0,0.4506600003,0.0,0.4625590486,official
2017-08-25,-0.2228182879,0.4244356925,0.4793679657,slowdown_mid,slowdown,0.0,0.0,0.0,0.0,0.0,0.0,0.0,0.0,0.0,0.4278453046,0.104735938,0.4674187574,official
2017-09-01,-0.2137649621,0.4167645123,0.4683888531,slowdown_mid,slowdown,0.0,0.0,0.0,0.0,0.0,0.0,0.0,0.0,0.0,0.3749785201,0.1684757722,0.4565457076,official
2017-09-08,-0.3377912786,0.3958505338,0.520385043,slowdown_mid,slowdown,0.0,0.0,0.0,0.0,0.0,0.0,0.0,0.0,0.0,0.278594868,0.2691703638,0.4522347683,official
2017-09-15,-0.2121256525,0.397642475,0.4506848459,slowdown_mid,slowdown,0.0,0.0,0.0,0.0,0.0,0.0,0.0,0.0,0.0,0.2664702639,0.2918476781,0.441682058,official
2017-09-22,-0.1081436571,0.4120953116,0.4260488193,slowdown_mid,slowdown,0.0,0.0,0.0,0.0,0.0,0.0,0.0,0.0,0.0,0.3124624061,0.2466581216,0.4408794723,official
2017-09-29,-0.2144197814,0.4066908513,0.4597535113,slowdown_mid,slowdown,0.0,0.0,0.0,0.0,0.0,0.0,0.0,0.0,0.0,0.2924153208,0.2689406476,0.4386440316,official
2017-10-06,-0.1855277127,0.4188096803,0.4580634023,slowdown_mid,slowdown,0.0,0.0,0.0,0.0,0.0,0.0,0.0,0.0,0.0,0.2956743843,0.2652644127,0.4390612029,official
2017-10-13,0.0768735324,0.4402929691,0.4469535084,slowdown_early,slowdown,0.0,0.0,0.0,0.0,0.0,0.0,0.0,0.0,0.0,0.4518276724,0.133117912,0.4150544156,official
2017-10-20,0.4458493551,0.5084088972,0.6762109539,slowdown_early,slowdown,0.0,0.0,0.0,0.0,0.175041105,0.0,0.0,0.0,0.0,0.6352260257,0.0,0.1897328694,official
2017-10-27,0.5130993392,0.5135044404,0.7259185507,slowdown_early,slowdown,0.0,0.0,0.0,0.0,0.4439758711,0.0,0.0,0.0,0.0,0.4943755031,0.0,0.0616486257,official
2017-11-03,0.733914849,0.5346190265,0.9079914697,expansion_late,expansion,0.0,0.0,0.0,0.0095100212,0.6239491969,0.1382796669,7.86354e-05,0.003953478,0.0007920225,0.2136217804,7.66941e-05,0.0097385047,official
2017-11-10,0.739957648,0.5375015894,0.9145738239,expansion_late,expansion,0.0,0.0,0.0,0.0410785185,0.5440167716,0.3188917547,5.09531e-05,0.0052547156,0.0006349103,0.0878095659,1.53913e-05,0.0022474189,official
2017-11-17,0.7509346514,0.5539493037,0.9331466561,expansion_mid,expansion,0.0,0.0,0.0,0.0849880828,0.4098691429,0.4537291656,3.50612e-05,0.0060788345,0.0004665216,0.0440957398,7.7599e-06,0.0007296917,official
2017-11-24,0.7186146691,0.5423446734,0.9003026088,expansion_mid,expansion,0.0,0.0,0.0,0.1238536695,0.3166102694,0.5226392839,3.37364e-05,0.0075060321,0.0004196368,0.0285050093,8.1115e-06,0.0004242511,official
2017-12-01,0.6849037187,0.5479373056,0.8771136727,expansion_mid,expansion,0.0,0.0,0.0,0.1471768625,0.2711629875,0.5499013895,3.03752e-05,0.0085770626,0.0003796115,0.022406782,9.8499e-06,0.0003550792,official
2017-12-08,0.5590155101,0.5453142366,0.7809391507,expansion_mid,expansion,0.0,0.0,0.0,0.1424071325,0.2795479962,0.5421618083,2.95364e-05,0.0080871688,0.0003303138,0.0268231267,2.6561e-05,0.0005863564,official
2017-12-15,0.2581977198,0.5559320436,0.6129653331,expansion_mid,expansion,0.0,0.0,0.0,0.09517251,0.4046054434,0.5002220467,0.0,0.0,0.0,0.0,0.0,0.0,official
2017-12-22,0.3399542094,0.5765119376,0.6692793727,expansion_mid,expansion,0.0,0.0,0.0,0.0762953658,0.4534806884,0.4702239458,0.0,0.0,0.0,0.0,0.0,0.0,official
2017-12-29,0.1766887978,0.5665100306,0.5934244232,expansion_late,expansion,0.0,0.0,0.0,0.0497896036,0.5475085851,0.4027018113,0.0,0.0,0.0,0.0,0.0,0.0,official
2018-01-05,0.1059713164,0.5559739468,0.5659831706,expansion_late,expansion,0.0,0.0,0.0,0.0,0.5698743749,0.3008502841,0.0,0.0,0.0,0.129275341,0.0,0.0,official
2018-01-12,-0.0590881297,0.5411333517,0.5443498061,expansion_late,expansion,0.0,0.0,0.0,0.0,0.5482466956,0.1692581765,0.0,0.0,0.0,0.282495128,0.0,0.0,official
2018-01-19,-0.0657422088,0.528386689,0.5324608259,expansion_late,expansion,0.0,0.0,0.0,0.0,0.4943001699,0.1051415123,0.0,0.0,0.0,0.4005583178,0.0,0.0,official
2018-01-26,-0.065155538,0.5342021045,0.5381608798,slowdown_early,slowdown,0.0,0.0,0.0,0.0,0.4447711771,0.0739465767,0.0,0.0,0.0,0.4812822462,0.0,0.0,official
2018-02-02,-0.1260998284,0.5201998086,0.5352653619,slowdown_early,slowdown,0.0,0.0,0.0,0.0,0.3633457804,0.0,0.0,0.0,0.0,0.5306398194,0.0,0.1060144002,official
2018-02-09,-0.0450939705,0.5461665698,0.5480249886,slowdown_early,slowdown,0.0,0.0,0.0,0.0,0.3208704763,0.0,0.0,0.0,0.0,0.5286679,0.0,0.1504616237,official
2018-02-16,-0.3471546634,0.510028609,0.6169647821,slowdown_early,slowdown,0.0,0.0,0.0,0.0,0.1760527056,0.0,0.0,0.0,0.0,0.5353592589,0.0,0.2885880355,official
2018-02-23,-0.2688673362,0.5148596409,0.5808356861,slowdown_early,slowdown,0.0,0.0,0.0,0.0,0.1271523178,0.0,0.0,0.0,0.0,0.5106476005,0.0,0.3622000817,official
2018-03-02,-0.207638449,0.5160548554,0.5562610352,slowdown_early,slowdown,0.0,0.0,0.0,0.0,0.1150447315,0.0,0.0,0.0,0.0,0.4983114243,0.0,0.3866438441,official
2018-03-09,-0.1169826294,0.5184174473,0.5314523358,slowdown_early,slowdown,0.0,0.0,0.0,0.0,0.1302597696,0.0,0.0,0.0,0.0,0.5070607541,0.0,0.3626794763,official
2018-03-16,-0.0410574008,0.5200418922,0.521660119,slowdown_early,slowdown,0.0,0.0,0.0,0.0,0.1637260937,0.0,0.0,0.0,0.0,0.5235638913,0.0,0.312710015,official
2018-03-23,-0.0345396952,0.5271411321,0.5282714868,slowdown_early,slowdown,0.0,0.0,0.0,0.0,0.1911847042,0.0,0.0,0.0,0.0,0.5317470757,0.0,0.27706822,official
2018-03-30,0.0211544355,0.5237266243,0.5241536865,slowdown_early,slowdown,0.0,0.0,0.0,0.0,0.2322658975,0.0,0.0,0.0,0.0,0.5351908362,0.0,0.2325432663,official
2018-04-06,-0.1456277547,0.5187056862,0.5387606443,slowdown_early,slowdown,0.0,0.0,0.0,0.0,0.1971556586,0.0,0.0,0.0,0.0,0.5318736028,0.0,0.2709707386,official
2018-04-13,0.0236079361,0.5143224868,0.5148640161,slowdown_early,slowdown,0.0,0.0,0.0,0.0,0.2374448966,0.0,0.0,0.0,0.0,0.5338283024,0.0,0.228726801,official
2018-04-20,0.0343700304,0.5213125687,0.5224443446,slowdown_early,slowdown,0.0,0.0,0.0,0.0,0.2716358841,0.0,0.0,0.0,0.0,0.5299091717,0.0,0.1984549442,official
2018-04-27,0.0659161239,0.5285571493,0.5326514765,slowdown_early,slowdown,0.0,0.0,0.0,0.0,0.3103542423,0.0,0.0,0.0,0.0,0.5209048462,0.0,0.1687409115,official
2018-05-04,0.1173126678,0.5406113767,0.5531933863,slowdown_early,slowdown,0.0,0.0,0.0,0.0,0.3621302856,0.0,0.0,0.0,0.0,0.5030173893,0.0,0.1348523251,official
2018-05-11,0.252140584,0.5672922361,0.6208021869,expansion_late,expansion,0.0,0.0,0.0,0.0,0.4643702621,0.0,0.0,0.0,0.0,0.4528193068,0.0,0.0828104311,official
2018-05-18,0.1521251351,0.5560985972,0.5765307508,expansion_late,expansion,0.0,0.0,0.0,0.0,0.4978392702,0.0488480259,0.0,0.0,0.0,0.4533127039,0.0,0.0,official
2018-05-25,0.1142449487,0.5458307728,0.5576586239,expansion_late,expansion,0.0,0.0,0.0,0.0,0.48996302,0.0753090028,0.0,0.0,0.0,0.4347279771,0.0,0.0,official
2018-06-01,0.1175159936,0.5415694985,0.5541728344,expansion_late,expansion,0.0,0.0,0.0,0.0,0.4895331271,0.0922353578,0.0,0.0,0.0,0.418231515,0.0,0.0,official
2018-06-08,0.1344252869,0.5404567787,0.5569234125,expansion_late,expansion,0.0,0.0,0.0,0.0,0.4955421316,0.106532276,0.0,0.0,0.0,0.3979255924,0.0,0.0,official
2018-06-15,0.1827796293,0.5564893579,0.5857378239,expansion_late,expansion,0.0,0.0,0.0,0.0,0.5115482607,0.1260765583,0.0,0.0,0.0,0.362375181,0.0,0.0,official
2018-06-22,0.2132996052,0.5694360831,0.608074152,expansion_late,expansion,0.0,0.0,0.0,0.0,0.5270188241,0.1465691122,0.0,0.0,0.0,0.3264120637,0.0,0.0,official
2018-06-29,0.2287907415,0.5845571692,0.6277358421,expansion_late,expansion,0.0,0.0,0.0,0.0,0.5381369098,0.1637347572,0.0,0.0,0.0,0.298128333,0.0,0.0,official
2018-07-06,0.0708266597,0.5826130359,0.5869023473,expansion_late,expansion,0.0,0.0,0.0,0.0,0.5190106831,0.132375083,0.0,0.0,0.0,0.3486142339,0.0,0.0,official
2018-07-13,0.1285643291,0.582185062,0.5962115674,expansion_late,expansion,0.0,0.0,0.0,0.0,0.5155613844,0.1281234897,0.0,0.0,0.0,0.356315126,0.0,0.0,official
2018-07-20,0.1174334715,0.5700977705,0.5820670822,expansion_late,expansion,0.0,0.0,0.0,0.0,0.5104887338,0.1237099354,0.0,0.0,0.0,0.3658013308,0.0,0.0,official
2018-07-27,0.1741523913,0.5764786163,0.602209806,expansion_late,expansion,0.0,0.0,0.0,0.0,0.5192303409,0.1341791814,0.0,0.0,0.0,0.3465904777,0.0,0.0,official
2018-08-03,0.3684486256,0.6110202426,0.7135125272,expansion_late,expansion,0.0,0.0,0.0,0.0,0.5535337809,0.1912935965,0.0,0.0,0.0,0.2551726226,0.0,0.0,official
2018-08-10,0.3241081237,0.6193506383,0.6990288185,expansion_late,expansion,0.0,0.0,0.0,0.0,0.5592909407,0.219554142,0.0,0.0,0.0,0.2211549173,0.0,0.0,official
2018-08-17,0.261224149,0.6213070169,0.6739884756,expansion_late,expansion,0.0,0.0,0.0,0.0,0.5577960546,0.2182808361,0.0,0.0,0.0,0.2239231093,0.0,0.0,official
2018-08-24,0.1928132933,0.6246336467,0.6537156559,expansion_late,expansion,0.0,0.0,0.0,0.0,0.553549935,0.1953873078,0.0,0.0,0.0,0.2510627572,0.0,0.0,official
2018-08-31,0.2501471977,0.6335634353,0.6811580192,expansion_late,expansion,0.0,0.0,0.0,0.0,0.5558451478,0.1973097413,0.0,0.0,0.0,0.2468451109,0.0,0.0,official
2018-09-07,0.3041537224,0.6432887394,0.7115686117,expansion_late,expansion,0.0,0.0,0.0,0.0,0.560736493,0.214046509,0.0,0.0,0.0,0.225216998,0.0,0.0,official
2018-09-14,0.3597459083,0.641400171,0.735398734,expansion_late,expansion,0.0,0.0,0.0,0.0,0.5622994358,0.2438826413,0.0,0.0,0.0,0.1938179229,0.0,0.0,official
2018-09-21,0.116827867,0.6052186878,0.6163914426,expansion_late,expansion,0.0,0.0,0.0,0.0,0.5510864824,0.1892204382,0.0,0.0,0.0,0.2596930794,0.0,0.0,official
2018-09-28,-0.0336144341,0.6152190178,0.6161366489,expansion_late,expansion,0.0,0.0,0.0,0.0,0.5124636605,0.1172085862,0.0,0.0,0.0,0.3703277534,0.0,0.0,official
2018-10-05,-0.1734305319,0.6012979471,0.6258093724,slowdown_early,slowdown,0.0,0.0,0.0,0.0,0.4281012524,0.0592711571,0.0,0.0,0.0,0.5126275904,0.0,0.0,official
2018-10-12,-0.2131932847,0.5984805158,0.6353190572,slowdown_early,slowdown,0.0,0.0,0.0,0.0,0.3128783421,0.0,0.0,0.0,0.0,0.5635153779,0.0,0.12360628,official
2018-10-19,-0.3756389024,0.5762458047,0.6878690372,slowdown_early,slowdown,0.0,0.0,0.0,0.0,0.1692281783,0.0,0.0,0.0,0.0,0.5593878722,0.0,0.2713839495,official
2018-10-26,-0.495442135,0.5673391392,0.7532175038,slowdown_early,slowdown,0.0,0.0,0.0,4.25612e-05,0.0729217811,0.0018546318,0.0002391915,2.8388e-06,1.019e-07,0.4507932685,0.0755537246,0.3985919006,official
2018-11-02,-0.6654667688,0.5515415349,0.8643171207,slowdown_mid,slowdown,0.0,0.0,0.0,1.05202e-05,0.0229443177,0.0004240639,0.0002588678,3.8e-07,3.25e-08,0.2856528418,0.2062701388,0.4844388374,official
2018-11-09,-0.7516604444,0.5376524053,0.9241555782,slowdown_mid,slowdown,0.0,0.0,0.0,4.1728e-06,0.0072972774,0.0001172203,0.0002343872,1.159e-07,2.59e-08,0.1541526559,0.3625631354,0.4756310092,official
2018-11-16,-0.7586554295,0.501411231,0.9093796145,slowdown_late,slowdown,0.0,0.0,0.0,3.3714e-06,0.0030547912,6.97111e-05,0.0002231785,9.45e-08,3.79e-08,0.0829931229,0.5045464057,0.4091092868,official
2018-11-23,-0.8422913596,0.4980781666,0.9785379883,slowdown_late,slowdown,0.0,0.0,0.0,1.432e-06,0.00123859,3.50383e-05,0.0001961254,2.91e-08,2.49e-08,0.0435865466,0.6219330158,0.333009198,official
2018-11-30,-0.8807161711,0.4784026614,1.0022624809,slowdown_late,slowdown,0.0,0.0,0.0,8.945e-07,0.0006177589,2.35983e-05,0.0001779293,1.58e-08,2.48e-08,0.024465338,0.7103493616,0.2643650788,official
2018-12-07,-0.9802089653,0.460138783,1.0828376218,slowdown_late,slowdown,0.0,0.0,0.0,2.992e-07,0.0002819793,1.08515e-05,0.0001435133,3.6e-09,1.66e-08,0.0130450165,0.7834627796,0.2030555403,official
2018-12-14,-0.7837187788,0.4701457699,0.9139213145,slowdown_late,slowdown,0.0,0.0,0.0,2.2376e-06,0.0005085537,4.16092e-05,0.0001963073,5.82e-08,4.54e-08,0.013710942,0.7896986701,0.1958415763,official
2018-12-21,-1.186845791,0.3936481711,1.2504246535,slowdown_late,slowdown,0.0,0.0,0.0,2.57e-08,7.62349e-05,1.9287e-06,5.78334e-05,1e-10,8.7e-09,0.0047881751,0.866069195,0.1290065984,official
2018-12-28,-1.0604291034,0.4000637802,1.1333847148,slowdown_late,slowdown,0.0,0.0,0.0,9.65e-08,0.0001009728,4.5846e-06,8.8734e-05,8e-10,1.78e-08,0.0037180947,0.8844389738,0.111648525,official
2019-01-04,-0.5312896892,0.4765122487,0.7136754564,slowdown_late,slowdown,0.0,0.0,0.0,0.0,0.0,0.0,0.0,0.0,0.0,0.0,0.8212117455,0.1787882545,official
2019-01-11,-0.3807826047,0.4663239413,0.602041037,slowdown_late,slowdown,0.0,0.0,0.0,0.0,0.0,0.0,0.0,0.0,0.0,0.0,0.7524956809,0.2475043191,official
2019-01-18,-0.7181117626,0.409893915,0.8268600396,slowdown_late,slowdown,0.0,0.0,0.0,3.4796e-06,0.0003876194,5.13785e-05,0.0001983515,1.204e-07,1.291e-07,0.0111094229,0.784237717,0.2040117816,official
2019-01-25,-0.5712614759,0.4142100391,0.7056271185,slowdown_late,slowdown,0.0,0.0,0.0,0.0,0.0,0.0,0.0,0.0,0.0,0.0,0.7908600667,0.2091399333,official
2019-02-01,-0.566152484,0.39689903,0.6914170053,slowdown_late,slowdown,0.0,0.0,0.0,0.0,0.0,0.0,0.0,0.0,0.0,0.0,0.7971380791,0.2028619209,official
2019-02-08,-0.7042633107,0.3875395152,0.8038492935,slowdown_late,slowdown,0.0,0.0,0.0,3.6571e-06,0.0003775798,5.15614e-05,0.0001958143,1.347e-07,1.787e-07,0.009010697,0.8153492719,0.175011105,official
2019-02-15,-0.2764357068,0.3785379834,0.4687298848,slowdown_late,slowdown,0.0,0.0,0.0,0.0,0.0,0.0,0.0,0.0,0.0,0.0,0.7624044013,0.2375955987,official
2019-02-22,-0.6905274311,0.3181064042,0.7602761455,slowdown_late,slowdown,0.0,0.0,0.0,3.138e-06,0.0003090103,4.25494e-05,0.0001686636,1.24e-07,4.138e-07,0.0086270767,0.8215008259,0.1693481983,official
2019-03-01,-1.1001306759,0.3334600007,1.1495577742,slowdown_late,slowdown,0.0,0.0,0.0,4.61e-08,7.50231e-05,2.6202e-06,3.61621e-05,3e-10,2.65e-08,0.003786079,0.8858752875,0.1102247553,official
2019-03-08,-0.866016018,0.3619233758,0.9386012324,slowdown_late,slowdown,0.0,0.0,0.0,6.178e-07,0.0001922795,1.50824e-05,0.0001236546,1.2e-08,9.02e-08,0.004312894,0.8858139792,0.1095413903,official
2019-03-15,-0.4463582122,0.3730012072,0.5816919753,slowdown_late,slowdown,0.0,0.0,0.0,0.0,0.0,0.0,0.0,0.0,0.0,0.0,0.8433273516,0.1566726484,official
2019-03-22,-0.5224778619,0.3668887081,0.6384281011,slowdown_late,slowdown,0.0,0.0,0.0,0.0,0.0,0.0,0.0,0.0,0.0,0.0,0.8309467994,0.1690532006,official
2019-03-29,-0.3442610173,0.3801987828,0.5129003436,slowdown_late,slowdown,0.0,0.0,0.0,0.0,0.0,0.0,0.0,0.0,0.0,0.0,0.7860221818,0.2139778182,official
2019-04-05,-0.1960115846,0.3970243178,0.4427740397,slowdown_late,slowdown,0.0,0.0,0.0,0.0,0.0,0.0,0.0,0.0,0.0,0.0,0.7032471501,0.2967528499,official
2019-04-12,0.1831992936,0.4559763878,0.491402531,slowdown_mid,slowdown,0.0,0.0,0.0,0.0,0.0,0.0,0.0,0.0,0.0,0.0,0.4049068038,0.5950931962,official
2019-04-19,0.0540600593,0.3672789063,0.3712361581,slowdown_mid,slowdown,0.0,0.0,0.0,0.0,0.0,0.0,0.0,0.0,0.0,0.1226489133,0.2858761632,0.5914749235,official
2019-04-26,-0.0545612855,0.3664010579,0.3704411817,slowdown_mid,slowdown,0.0,0.0,0.0,0.0,0.0,0.0,0.0,0.0,0.0,0.210129583,0.2642655363,0.5256048806,official
2019-05-03,-0.417905799,0.3323283012,0.5339357233,slowdown_late,slowdown,0.0,0.0,0.0,0.0,0.0,0.0,0.0,0.0,0.0,0.1368853093,0.4342417409,0.4288729497,official
2019-05-10,-0.6548815827,0.2998755769,0.7202744262,slowdown_late,slowdown,0.0,0.0,0.0,0.0,0.0,0.0,0.0,0.0,0.0,0.0,0.6844397189,0.3155602811,official
2019-05-17,-0.7664837161,0.270316294,0.8127534594,slowdown_late,slowdown,0.0,0.0,0.0,1.1587e-06,0.0001893503,2.06182e-05,9.59773e-05,3.36e-08,4.367e-07,0.0082609123,0.8136847458,0.1777467671,official
2019-05-24,-0.8090094732,0.2757282234,0.8547060201,slowdown_late,slowdown,0.0,0.0,0.0,7.418e-07,0.0001967824,1.53816e-05,8.13675e-05,1.81e-08,3.093e-07,0.0058802576,0.8730876897,0.1207374521,official
2019-05-31,-0.9917008159,0.2566972516,1.0243846871,slowdown_late,slowdown,0.0,0.0,0.0,9.36e-08,7.7844e-05,3.7446e-06,1.41077e-05,1.2e-09,1.074e-07,0.0026956504,0.9135749395,0.0836335116,official
2019-06-07,-1.3021836992,0.2586829405,1.327629184,slowdown_late,slowdown,0.0,0.0,0.0,3.5e-09,1.92504e-05,4.177e-07,7.53735e-05,0.0,1.27e-08,0.0009952317,0.9392169156,0.0596927948,official
2019-06-14,-0.8272513729,0.2513936945,0.8646060511,slowdown_late,slowdown,0.0,0.0,0.0,5.113e-07,0.0001288317,1.13484e-05,4.5276e-05,1.15e-08,3.298e-07,0.0018870216,0.928192293,0.0697343767,official
2019-06-21,-0.8583804534,0.2417295102,0.8917679961,slowdown_late,slowdown,0.0,0.0,0.0,3.482e-07,0.0001130907,8.7139e-06,2.21798e-05,6.8e-09,2.933e-07,0.0019880047,0.9278026212,0.0700647413,official
2019-06-28,-0.8113011552,0.2103425878,0.8381250317,slowdown_late,slowdown,0.0,0.0,0.0,4.736e-07,0.0001192967,1.02309e-05,2.09119e-05,1.27e-08,5.268e-07,0.0019758284,0.930769274,0.067103445,official
2019-07-05,-0.6980436762,0.1953134001,0.7248532942,slowdown_late,slowdown,0.0,0.0,0.0,0.0,0.0,0.0,0.0,0.0,0.0,0.0,0.9315139955,0.0684860045,official
2019-07-12,-0.4610124124,0.2117023927,0.5072970998,slowdown_late,slowdown,0.0,0.0,0.0,0.0,0.0,0.0,0.0,0.0,0.0,0.0,0.9134528568,0.0865471432,official
2019-07-19,-0.6841300345,0.1665355638,0.7041079449,slowdown_late,slowdown,0.0,0.0,0.0,0.0,0.0,0.0,0.0,0.0,0.0,0.0,0.9297620864,0.0702379136,official
2019-07-26,-0.3524332802,0.2185122939,0.4146767893,slowdown_late,slowdown,0.0,0.0,0.0,0.0,0.0,0.0,0.0,0.0,0.0,0.0,0.9001943865,0.0998056135,official
2019-08-02,-0.3390414579,0.2231599369,0.405893419,slowdown_late,slowdown,0.0,0.0,0.0,0.0,0.0,0.0,0.0,0.0,0.0,0.0,0.8831987537,0.1168012463,official
2019-08-09,-0.1262005974,0.2637797341,0.2924146694,slowdown_late,slowdown,0.0,0.0,0.0,0.0,0.0,0.0,0.0,0.0,0.0,0.0,0.8028917693,0.1971082307,official
2019-08-16,-0.2078545187,0.2329313906,0.3121866968,slowdown_late,slowdown,0.0,0.0,0.0,0.0,0.0,0.0,0.0,0.0,0.0,0.0,0.7976484413,0.2023515587,official
2019-08-23,0.2881835968,0.3156210464,0.4273949349,slowdown_mid,slowdown,0.0,0.0,0.0,0.0,0.0,0.0,0.0,0.0,0.0,0.0,0.4419176863,0.5580823137,official
2019-08-30,0.4151204086,0.3290962883,0.5297445805,slowdown_mid,slowdown,0.0,0.0,0.0,0.0,0.0,0.0,0.0,0.0,0.0,0.2733405842,0.1273966108,0.5992628051,official
2019-09-06,0.2240369199,0.3017907422,0.3758592737,slowdown_early,slowdown,0.0,0.0,0.0,0.0,0.0,0.0,0.0,0.0,0.0,0.5022171427,0.0680177732,0.4297650842,official
2019-09-13,0.6223574216,0.3468728801,0.7124953019,slowdown_early,slowdown,0.0,0.0,0.0,0.0,0.2623803136,0.0,0.0,0.0,0.0,0.6249401461,0.0,0.1126795403,official
2019-09-20,-0.3466807583,0.1688038562,0.3855934258,slowdown_early,slowdown,0.0,0.0,0.0,0.0,0.110792437,0.0,0.0,0.0,0.0,0.5274250621,0.0,0.3617825008,official
2019-09-27,-0.317955753,0.1804713478,0.3656032935,slowdown_mid,slowdown,0.0,0.0,0.0,0.0,0.0583673587,0.0,0.0,0.0,0.0,0.4126442045,0.0,0.5289884368,official
2019-10-04,-0.453030931,0.1924500711,0.4922134236,slowdown_mid,slowdown,0.0,0.0,0.0,0.0,0.0,0.0,0.0,0.0,0.0,0.2126335486,0.2989175936,0.4884488578,official
2019-10-11,-0.3279707097,0.1873526067,0.3777112464,slowdown_late,slowdown,0.0,0.0,0.0,0.0,0.0,0.0,0.0,0.0,0.0,0.1111424461,0.5399016289,0.348955925,official
2019-10-18,-1.8849798902,-0.1266130987,1.8892273721,slowdown_late,slowdown,0.0,0.0,0.0,0.0,1.8047e-06,1.6e-09,0.0007692994,0.0,7.7e-09,0.0011092803,0.93866274,0.0594568665,official
2019-10-25,-2.0095550187,-0.1549878359,2.0155229104,slowdown_late,slowdown,0.0,0.0,0.0,0.0,2.11e-07,5e-10,0.0006647625,0.0,3.7e-09,5.27662e-05,0.9836347395,0.0156475165,official
2019-11-01,-1.982826824,-0.1909036306,1.9919955849,slowdown_late,slowdown,0.0,0.0,0.0,0.0,1.777e-07,4e-10,0.0006947076,0.0,4.9e-09,2.38255e-05,0.9879729527,0.011308331,official
2019-11-08,-2.167869898,-0.2006591263,2.1771366469,slowdown_late,slowdown,0.0,0.0,0.0,0.0,1.091e-07,2e-10,0.0006838449,0.0,2.3e-09,1.71387e-05,0.9890961042,0.0102028006,official
2019-11-15,-2.3786094025,-0.4832425156,2.4272012728,slowdown_late,slowdown,0.0,0.0,0.0,0.0,1.83e-08,0.0,0.0010870825,0.0,4.3e-09,5.1799e-06,0.9936200726,0.0052876423,official
2019-11-22,-2.3884848521,-0.4874800636,2.437723672,slowdown_late,slowdown,0.0,0.0,0.0,0.0,1.77e-08,0.0,0.0011642414,0.0,4.3e-09,4.5433e-06,0.9937635295,0.0050676639,official
2019-11-29,-2.4743025808,-0.5122106935,2.5267633557,slowdown_late,slowdown,0.0,0.0,0.0,0.0,1.41e-08,0.0,0.0011936203,0.0,3.6e-09,3.988e-06,0.9940090679,0.004793306,official
2019-12-06,-2.9398841634,-0.6743187595,3.0162268953,slowdown_late,slowdown,0.0,0.0,0.0,0.0,5e-09,0.0,0.0013118954,0.0,2.1e-09,2.162e-06,0.9950817082,0.0036042273,official
2019-12-13,-1.9873178379,-0.7642868356,2.1292173576,slowdown_late,slowdown,0.0,0.0,0.0,0.0,6.4e-09,0.0,0.0021248526,1e-10,7.71e-08,1.7548e-06,0.9953945822,0.0024787268,official
2019-12-20,-2.3023486137,-0.9053738704,2.4739666498,slowdown_late,slowdown,0.0,0.0,0.0,0.0,2.1e-09,0.0,0.0024812858,0.0,3.83e-08,8.873e-07,0.9956991647,0.0018186218,official
2019-12-27,-2.5520440025,-1.0375343904,2.7548876931,slowdown_late,slowdown,0.0,0.0,0.0,0.0,1e-09,0.0,0.0027166279,0.0,2.77e-08,5.518e-07,0.9958402512,0.0014425404,official
2020-01-03,-3.060120169,-1.2270834813,3.2969788168,slowdown_late,slowdown,0.0,0.0,0.0,0.0,5e-10,0.0,0.002785268,0.0,1.46e-08,3.734e-07,0.9959871411,0.0012272024,official
2020-01-10,-1.8361196661,-1.1640555376,2.1740194854,slowdown_late,slowdown,0.0,0.0,0.0,0.0,5e-10,0.0,0.0045618576,1.6e-09,6.8e-07,2.577e-07,0.9947318029,0.0007053997,official
2020-01-17,-2.6053887913,-1.4284905886,2.9713020909,slowdown_late,slowdown,0.0,0.0,0.0,0.0,1e-10,0.0,0.0048312029,1e-10,1.029e-07,1.345e-07,0.9945813684,0.0005871912,official
2020-01-24,-2.6526049702,-1.4814916122,3.0382775589,slowdown_late,slowdown,0.0,0.0,0.0,0.0,1e-10,0.0,0.0050754571,1e-10,1.078e-07,1.16e-07,0.9943863605,0.0005379584,official
2020-01-31,-1.3246544609,-1.2172048922,1.7989711478,slowdown_late,slowdown,0.0,0.0,0.0,2e-10,4e-10,0.0,0.0090722449,6.76e-08,1.0577e-05,1.618e-07,0.9905084102,0.0004085379,official
2020-02-07,-0.8794020059,-1.1654731898,1.4600259053,slowdown_late,slowdown,0.0,0.0,0.0,1.72e-08,9e-10,0.0,0.0197833741,2.017e-06,0.0001221831,1.867e-07,0.9797491205,0.0003431006,official
2020-02-14,-0.0123387128,-1.0204155929,1.0204901892,slowdown_late,slowdown,0.0,0.0,0.0,0.0001333284,8.58e-08,5.0766e-06,0.2139880473,0.0015666663,0.0185655818,1.064e-07,0.7655815883,0.000159519,official
2020-02-21,0.0810468573,-1.1335322155,1.1364259222,recovery_early,recovery,0.0,0.0,0.0,6.23966e-05,2.2e-08,1.7426e-06,0.7787653385,0.0018196727,0.0715784501,5.7e-09,0.1477603552,1.20166e-05,official
2020-02-28,0.4037227589,-1.2273992825,1.2920917401,recovery_early,recovery,0.0,0.0,0.0,5.50579e-05,1.88e-08,1.591e-06,0.8485535163,0.0032799011,0.146429098,1e-10,0.001680786,3.09e-08,official
2020-03-06,0.395577744,-1.156938792,1.2226974769,recovery_early,recovery,0.0,0.0,0.0,6.83687e-05,3.31e-08,2.2048e-06,0.8212500137,0.0060723555,0.1725275804,2e-10,7.94335e-05,1e-08,official
2020-03-13,0.0684929519,-1.5690018296,1.5704961082,recovery_early,recovery,9.43524e-05,0.0928983872,0.0011363767,6.6303e-06,1e-10,4.35e-08,0.7681016813,0.002072945,0.1356871866,0.0,2.3791e-06,1.77e-08,official
2020-03-20,-11.0865258419,-5.7401052091,12.4843847687,contraction_late,contraction,0.1147471167,0.4843464697,0.339068454,0.0,1.8e-09,0.0,0.04107733,4.2e-09,6.33074e-05,2.5467e-06,0.0201219725,0.0005727972,official
2020-03-27,-28.2583382546,-12.5682636794,30.9272522676,contraction_mid,contraction,0.3215245334,0.0841135161,0.5765410505,0.0,4e-10,0.0,0.0004768991,0.0,1.126e-07,4.234e-07,0.0172191411,0.0001243236,official
2020-04-03,-20.4976502608,-12.362887019,23.9373064829,contraction_mid,contraction,0.3359012449,0.0410134935,0.6151850263,0.0,0.0,0.0,0.0001268966,0.0,8.06e-08,4.88e-08,0.0077529347,2.02745e-05,official
2020-04-10,-21.8958529595,-14.9209926921,26.496497877,contraction_mid,contraction,0.2914206628,0.0452080347,0.6585664233,0.0,0.0,0.0,0.0001074976,1e-10,1.446e-07,2.25e-08,0.0046878734,9.341e-06,official
2020-04-17,-21.4193023482,-16.5592972767,27.0739143713,contraction_mid,contraction,0.2221288378,0.062525243,0.7124690827,0.0,0.0,0.0,0.0001837035,3e-10,2.846e-07,1e-08,0.0026880552,4.783e-06,official
2020-04-24,-15.3269210621,-13.0561106954,20.1339647297,contraction_mid,contraction,0.159274217,0.084893058,0.7539968686,0.0,0.0,0.0,0.0003361189,5e-10,4.808e-07,5.2e-09,0.0014964625,2.7884e-06,official
2020-05-01,-13.2448278955,-11.6354186316,17.6297598598,contraction_mid,contraction,0.1235768978,0.1000975765,0.7748427707,0.0,0.0,0.0,0.0004825483,7e-10,5.7e-07,4.1e-09,0.0009973353,2.2965e-06,official
2020-05-08,-9.7026890128,-8.9324401182,13.188277391,contraction_mid,contraction,0.0993244776,0.115594513,0.7837381504,0.0,0.0,0.0,0.0006560108,9e-10,7.359e-07,3e-09,0.0006843425,1.7659e-06,official
2020-05-15,-6.8871691207,-7.9479057363,10.5167630043,contraction_mid,contraction,0.0581697778,0.1760874491,0.7638752486,0.0,0.0,0.0,0.0016129424,4.4e-09,2.4006e-06,6e-10,0.0002516644,5.121e-07,official
2020-05-22,-2.1508574926,-6.0483263155,6.4193799679,contraction_late,contraction,0.0079511267,0.4895968539,0.480585213,6e-10,0.0,0.0,0.0217707185,5.728e-07,8.74726e-05,0.0,8.0357e-06,6.3e-09,official
2020-05-29,-0.8897637891,-5.3430481326,5.4166265283,contraction_late,contraction,0.0010290853,0.7147193452,0.1691807495,7.9e-09,0.0,0.0,0.114411962,3.7004e-06,0.0006545806,0.0,5.687e-07,5e-10,official
2020-06-05,1.4007017251,-5.0869548773,5.2762747508,recovery_early,recovery,9.2266e-06,0.4460276437,0.0091891041,1.9073e-06,0.0,3e-09,0.5188192124,0.0001995063,0.0257533941,0.0,2.5e-09,0.0,official
2020-06-12,4.7155365106,-4.4203633334,6.4634276187,recovery_early,recovery,3.1e-09,0.0221689531,2.65731e-05,0.0003451225,6.2e-09,3.6693e-06,0.5209381828,0.013378952,0.443138538,0.0,0.0,0.0,official
2020-06-19,6.57113181,-2.6712036164,7.0933138958,recovery_mid,recovery,0.0,0.000143913,2.8e-08,0.004278257,5.389e-07,8.93881e-05,0.0595146498,0.282157621,0.6538156039,5e-10,0.0,0.0,official
2020-06-26,6.6486547873,-2.6358729689,7.1520931754,recovery_late,recovery,0.0,1.08124e-05,9.5e-09,0.0278076377,3.595e-07,7.28305e-05,0.0086356556,0.5219109617,0.4415617328,4e-10,0.0,0.0,official
2020-07-03,5.4133077548,-2.3601998704,5.905458854,recovery_late,recovery,0.0,6.6592e-06,1.39e-08,0.0443095084,2.274e-07,0.0001124829,0.0047023059,0.6278871429,0.3229816591,2e-10,0.0,0.0,official
2020-07-10,5.0934338517,-2.2113794477,5.5527711517,recovery_late,recovery,0.0,5.9953e-06,1.36e-08,0.0554186733,2.322e-07,0.0001568456,0.0033703488,0.6871386536,0.2539092374,2e-10,0.0,0.0,official
2020-07-17,4.2997289321,-1.5301682384,4.5638891011,recovery_late,recovery,0.0,3.0518e-06,5.9e-09,0.0815995392,5.218e-07,0.0003177069,0.0017504457,0.7412068208,0.1751219073,6e-10,0.0,0.0,official
2020-07-24,3.7143841682,-1.5341090675,4.0187237253,recovery_late,recovery,0.0,5.1984e-06,1.31e-08,0.0784962692,3.354e-07,0.0003152367,0.0017858512,0.7561542721,0.1632428235,4e-10,0.0,0.0,official
2020-07-31,3.6383406946,-1.4554140923,3.9186417533,recovery_late,recovery,0.0,4.7097e-06,1.16e-08,0.0821905834,3.857e-07,0.0003332148,0.0015765177,0.7645420379,0.1513525387,4e-10,0.0,0.0,official
2020-08-07,3.0367074483,-1.4454283796,3.3631615078,recovery_late,recovery,0.0,1.02757e-05,3.63e-08,0.0679442876,2.447e-07,0.000243159,0.0023739761,0.7512581789,0.1781698414,3e-10,0.0,0.0,official
2020-08-14,1.3546393151,-1.3448166419,1.9088162495,recovery_late,recovery,9.91e-08,0.0004479424,1.29404e-05,0.0276713461,1.087e-07,7.49064e-05,0.0208437808,0.5654819796,0.3854668963,2e-10,2e-10,0.0,official
2020-08-21,1.688762274,-1.0201775245,1.9729876329,recovery_late,recovery,3.5e-09,0.000107905,9.979e-07,0.0395083944,6.785e-07,0.0001422284,0.0162866738,0.55194826,0.3920048563,2.2e-09,0.0,0.0,official
2020-08-28,1.4158291824,-1.0130838568,1.740951227,recovery_late,recovery,2.81e-08,0.0002229768,3.999e-06,0.0352179224,7.401e-07,0.000165578,0.0234733392,0.5017271971,0.4391882161,3.2e-09,1e-10,0.0,official
2020-09-04,1.3833152392,-0.9064527646,1.6538493479,recovery_late,recovery,2.83e-08,0.0002228359,3.6659e-06,0.0387046588,1.4345e-06,0.0002281938,0.0243824371,0.4920048759,0.4444518614,8.4e-09,1e-10,0.0,official
2020-09-11,0.6966710342,-0.8710087427,1.1153505098,recovery_mid,recovery,9.5791e-06,0.0021988658,0.0001752538,0.0252324799,2.186e-06,0.0002024357,0.0709238127,0.359309529,0.5419456039,3.38e-08,2.181e-07,2.1e-09,official
2020-09-18,0.8618857654,-0.7265088188,1.1272365042,recovery_mid,recovery,1.9567e-06,0.0017871666,5.54235e-05,0.0293456803,6.4698e-06,0.0003343227,0.0724791339,0.3545570426,0.5414290935,1.341e-07,3.5751e-06,1.2e-09,official
2020-09-25,0.7650993116,-0.7399673998,1.0643912388,recovery_mid,recovery,4.7181e-06,0.0025560796,9.83158e-05,0.0265696767,6.0558e-06,0.0003293308,0.086224713,0.3286410598,0.5555677621,1.36e-07,2.151e-06,1.3e-09,official
2020-10-02,0.8670616241,-0.6392235115,1.0772198279,recovery_mid,recovery,0.0,0.0,0.0,0.0342692458,1.23314e-05,0.0005235788,0.083289719,0.3587790846,0.5230255839,3.303e-07,0.0001001225,3.8e-09,official
2020-10-09,0.7919192891,-0.6104255915,0.9998777741,recovery_mid,recovery,0.0,0.0,0.0,0.0395264916,1.63236e-05,0.0007022193,0.0886718291,0.368276407,0.5026791081,5.306e-07,0.0001270826,8.1e-09,official
2020-10-16,0.4816983079,-0.5734121609,0.7488890212,recovery_mid,recovery,0.0,0.0,0.0,0.0,0.0,0.0,0.1686924545,0.3171384213,0.5141691242,0.0,0.0,0.0,official
2020-10-23,0.5784818741,-0.4786156852,0.7508090655,recovery_mid,recovery,0.0,0.0,0.0,0.0312354151,4.43319e-05,0.0003447132,0.1679878045,0.3165125444,0.4836628857,3.0739e-06,0.0002091164,1.149e-07,official
2020-10-30,0.614156964,-0.3406154929,0.7022874699,recovery_mid,recovery,0.0,0.0,0.0,0.0,0.0,0.0,0.1333412831,0.3967483718,0.4699103451,0.0,0.0,0.0,official
2020-11-06,0.5829460041,-0.3344127522,0.6720550071,recovery_mid,recovery,0.0,0.0,0.0,0.0,0.0,0.0,0.1161172006,0.4369310145,0.4469517848,0.0,0.0,0.0,official
2020-11-13,0.4277644718,-0.3328643581,0.5420157971,recovery_mid,recovery,0.0,0.0,0.0,0.0,0.0,0.0,0.1478379042,0.4148092845,0.4373528113,0.0,0.0,0.0,official
2020-11-20,0.4948166204,-0.2852171766,0.571132494,recovery_late,recovery,0.0,0.0,0.0,0.0,0.0,0.0,0.1359450917,0.4392686538,0.4247862545,0.0,0.0,0.0,official
2020-11-27,0.3751460469,-0.2945378294,0.4769560666,recovery_mid,recovery,0.0,0.0,0.0,0.0676098714,0.0,0.0,0.0,0.4600985303,0.4722915982,0.0,0.0,0.0,official
2020-12-04,0.340663229,-0.2975650269,0.4523233145,recovery_late,recovery,0.0,0.0,0.0,0.0,0.0,0.0,0.0702350381,0.464925783,0.464839179,0.0,0.0,0.0,official
2020-12-11,0.2743604577,-0.3214845178,0.4226416401,recovery_mid,recovery,0.0,0.0,0.0,0.0567655195,0.0,0.0,0.0,0.436910747,0.5063237336,0.0,0.0,0.0,official
2020-12-18,0.2697953369,-0.2311209016,0.355255394,recovery_mid,recovery,0.0,0.0,0.0,0.0,0.0,0.0,0.0779258932,0.4495140136,0.4725600932,0.0,0.0,0.0,official
2020-12-25,0.110776198,-0.238892621,0.2633268889,recovery_mid,recovery,0.0,0.0,0.0,0.0,0.0,0.0,0.2618119145,0.3152414603,0.4229466252,0.0,0.0,0.0,official
2021-01-01,0.0712252688,-0.2689098303,0.2781825583,recovery_early,recovery,0.0,0.0,0.0,0.0,0.0,0.0,0.5419336545,0.1536227426,0.3044436028,0.0,0.0,0.0,official
2021-01-08,0.0743786799,-0.2644816702,0.2747412272,recovery_early,recovery,0.0,0.0,0.0,0.0,0.0,0.0,0.7761812001,0.0,0.2238187999,0.0,0.0,0.0,official
2021-01-15,0.0575128361,-0.2323167775,0.2393299217,recovery_early,recovery,0.0,0.0,0.0,0.0,0.0,0.0,0.8399801453,0.0,0.1600198547,0.0,0.0,0.0,official
2021-01-22,0.2440346781,-0.0710146049,0.254157428,recovery_early,recovery,0.0,0.0,0.0,0.0,0.0,0.0,0.6478580444,0.0,0.3521419556,0.0,0.0,0.0,official
2021-01-29,0.2185461185,-0.097378298,0.2392591458,recovery_early,recovery,0.0,0.0,0.0,0.0,0.0,0.0,0.5712879938,0.0,0.4287120062,0.0,0.0,0.0,official
2021-02-05,0.238974998,-0.1026192083,0.2600764341,recovery_early,recovery,0.0,0.0,0.0,0.0,0.0,0.0,0.5156842036,0.0,0.4843157964,0.0,0.0,0.0,official
2021-02-12,0.1295314569,-0.1124700184,0.1715456306,recovery_early,recovery,0.0,0.0,0.0,0.0,0.0,0.0,0.580873121,0.0,0.419126879,0.0,0.0,0.0,official
2021-02-19,-0.0116395193,-0.2493705745,0.2496420675,recovery_early,recovery,0.0,0.0,0.0,0.0,0.0,0.0,0.8093992724,0.0,0.1906007276,0.0,0.0,0.0,official
2021-02-26,0.0184512754,-0.2518374616,0.2525124881,recovery_early,recovery,0.0,0.0,0.0,0.0,0.0,0.0,0.8690369533,0.0,0.1309630467,0.0,0.0,0.0,official
2021-03-05,0.013771272,-0.2516939778,0.2520704394,recovery_early,recovery,0.0,0.0,0.0,0.0,0.0,0.0,0.8869050036,0.0,0.1130949964,0.0,0.0,0.0,official
2021-03-12,0.0186622439,-0.2150848584,0.2158929727,recovery_early,recovery,0.0,0.0,0.0,0.0,0.0,0.0,0.888400612,0.0,0.111599388,0.0,0.0,0.0,official
2021-03-19,0.2175520669,0.1278772109,0.2523519029,recovery_early,recovery,0.0,0.0,0.0,0.0,0.0,0.0,0.5120265021,0.0,0.4879734979,0.0,0.0,0.0,official
2021-03-26,0.2346310097,0.117141514,0.2622476787,recovery_mid,recovery,0.0,0.0,0.0,0.0,0.0,0.0,0.2992616227,0.0,0.7007383773,0.0,0.0,0.0,official
2021-04-02,0.3100657073,0.180850191,0.3589533876,recovery_mid,recovery,0.0,0.0,0.0,0.0,0.0,0.0,0.1044047874,0.3422454686,0.553349744,0.0,0.0,0.0,official
2021-04-09,0.3065929317,0.1678494481,0.3495320629,recovery_late,recovery,0.0,0.0,0.0,0.0,0.0,0.0,0.0404907704,0.6039531768,0.3555560528,0.0,0.0,0.0,official
2021-04-16,0.6049264371,0.3037648006,0.6769114037,recovery_late,recovery,0.0,0.0,0.0,0.2772180058,0.0,0.0,0.0,0.5953312717,0.1274507225,0.0,0.0,0.0,official
2021-04-23,0.6742156134,0.3648073643,0.7665840505,expansion_early,expansion,0.0,0.0,0.0,0.4862332235,0.0025727373,0.094858646,0.0005936759,0.3801780057,0.0347390697,0.0007076592,1.31889e-05,0.0001037938,official
2021-04-30,0.7357040109,0.4214154688,0.8478510418,expansion_early,expansion,0.0,0.0,0.0,0.5452892703,0.0168757376,0.2249046867,0.0001520735,0.2019177637,0.0100542653,0.0007245497,6.7194e-06,7.49337e-05,official
2021-05-07,0.6940281909,0.4201564174,0.8112992942,expansion_early,expansion,0.0,0.0,0.0,0.5085388909,0.0412109944,0.3326974399,9.44253e-05,0.1117205196,0.004304739,0.0013349032,8.5541e-06,8.95336e-05,official
2021-05-14,0.286646425,0.3902987573,0.4842512705,expansion_mid,expansion,0.0,0.0,0.0,0.4235153989,0.0,0.5167421183,0.0,0.0597424827,0.0,0.0,0.0,0.0,official
2021-05-21,0.3251231987,0.41479155,0.5270266827,expansion_mid,expansion,0.0,0.0,0.0,0.3099369678,0.1307846173,0.5592784149,0.0,0.0,0.0,0.0,0.0,0.0,official
2021-05-28,0.2495108499,0.4092449739,0.4793089952,expansion_mid,expansion,0.0,0.0,0.0,0.2038332819,0.2505382032,0.5456285149,0.0,0.0,0.0,0.0,0.0,0.0,official
2021-06-04,0.2995506703,0.4420500628,0.533983953,expansion_mid,expansion,0.0,0.0,0.0,0.1498501049,0.3276209459,0.5225289492,0.0,0.0,0.0,0.0,0.0,0.0,official
2021-06-11,0.1647616032,0.4544684866,0.4834128579,expansion_mid,expansion,0.0,0.0,0.0,0.0931873833,0.4405274003,0.4662852164,0.0,0.0,0.0,0.0,0.0,0.0,official
2021-06-18,0.0542365905,0.4142539459,0.4177893482,expansion_late,expansion,0.0,0.0,0.0,0.0542934726,0.5595928795,0.3861136478,0.0,0.0,0.0,0.0,0.0,0.0,official
2021-06-25,-0.0138429103,0.4084908937,0.4087253802,expansion_late,expansion,0.0,0.0,0.0,0.0,0.5754495855,0.262683382,0.0,0.0,0.0,0.1618670325,0.0,0.0,official
2021-07-02,0.0004679326,0.420336174,0.4203364344,expansion_late,expansion,0.0,0.0,0.0,0.0,0.5402871758,0.179977193,0.0,0.0,0.0,0.2797356312,0.0,0.0,official
2021-07-09,0.0559344029,0.4412679813,0.4447989307,expansion_late,expansion,0.0,0.0,0.0,0.0,0.5147010931,0.1495426131,0.0,0.0,0.0,0.3357562938,0.0,0.0,official
2021-07-16,0.0316422516,0.4434996308,0.4446269837,expansion_late,expansion,0.0,0.0,0.0,0.0,0.4904848962,0.1238511444,0.0,0.0,0.0,0.3856639594,0.0,0.0,official
2021-07-23,0.022473736,0.4295593598,0.4301468498,expansion_late,expansion,0.0,0.0,0.0,0.0,0.4693118043,0.1068936871,0.0,0.0,0.0,0.4237945086,0.0,0.0,official
2021-07-30,0.0010849561,0.4427682575,0.4427695868,slowdown_early,slowdown,0.0,0.0,0.0,0.0,0.4478690402,0.0908095454,0.0,0.0,0.0,0.4613214144,0.0,0.0,official
2021-08-06,-0.0092124212,0.445763227,0.4458584117,slowdown_early,slowdown,0.0,0.0,0.0,0.0,0.4264887923,0.0,0.0,0.0,0.0,0.4897398108,0.0,0.0837713969,official
2021-08-13,0.0309873462,0.4423638969,0.443447892,slowdown_early,slowdown,0.0,0.0,0.0,0.0,0.3953989556,0.0,0.0,0.0,0.0,0.4872113198,0.0,0.1173897246,official
2021-08-20,0.0281865887,0.4340402696,0.4349545256,slowdown_early,slowdown,0.0,0.0,0.0,0.0,0.3747777363,0.0,0.0,0.0,0.0,0.4889420151,0.0,0.1362802486,official
2021-08-27,0.0133085735,0.4322682016,0.4324730237,slowdown_early,slowdown,0.0,0.0,0.0,0.0,0.3538808678,0.0,0.0,0.0,0.0,0.4940808648,0.0,0.1520382674,official
2021-09-03,-0.0277938104,0.4155929305,0.4165212837,slowdown_early,slowdown,0.0,0.0,0.0,0.0,0.3187306621,0.0,0.0,0.0,0.0,0.5031113179,0.0,0.1781580199,official
2021-09-10,-0.0239327339,0.421369413,0.4220485256,slowdown_early,slowdown,0.0,0.0,0.0,0.0,0.2979184017,0.0,0.0,0.0,0.0,0.5081247866,0.0,0.1939568117,official
2021-09-17,-0.1122988448,0.3266264092,0.3453923012,slowdown_early,slowdown,0.0,0.0,0.0,0.0,0.2348744015,0.0,0.0,0.0,0.0,0.5088661299,0.0,0.2562594686,official
2021-09-24,-0.1318251456,0.321996114,0.3479358654,slowdown_early,slowdown,0.0,0.0,0.0,0.0,0.1873788942,0.0,0.0,0.0,0.0,0.5001193412,0.0,0.3125017646,official
2021-10-01,-0.1416160284,0.3160615471,0.3463379867,slowdown_early,slowdown,0.0,0.0,0.0,0.0,0.1542125326,0.0,0.0,0.0,0.0,0.4863913529,0.0,0.3593961145,official
2021-10-08,-0.1095037458,0.3420607658,0.3591610194,slowdown_early,slowdown,0.0,0.0,0.0,0.0,0.147033502,0.0,0.0,0.0,0.0,0.4832692875,0.0,0.3696972105,official
2021-10-15,-0.0907802034,0.3508881108,0.3624410457,slowdown_early,slowdown,0.0,0.0,0.0,0.0,0.1494160839,0.0,0.0,0.0,0.0,0.4853683964,0.0,0.3652155197,official
2021-10-22,-0.0071641264,0.4256152194,0.4256755098,slowdown_early,slowdown,0.0,0.0,0.0,0.0,0.1858056268,0.0,0.0,0.0,0.0,0.5064590556,0.0,0.3077353175,official
2021-10-29,0.0432179278,0.4550279634,0.4570757451,slowdown_early,slowdown,0.0,0.0,0.0,0.0,0.2355793673,0.0,0.0,0.0,0.0,0.519091457,0.0,0.2453291757,official
2021-11-05,0.054518358,0.4711299664,0.4742738624,slowdown_early,slowdown,0.0,0.0,0.0,0.0,0.2785252677,0.0,0.0,0.0,0.0,0.5190250271,0.0,0.2024497053,official
2021-11-12,0.1814642708,0.4924865146,0.5248545023,slowdown_early,slowdown,0.0,0.0,0.0,0.0,0.371764392,0.0,0.0,0.0,0.0,0.4949815194,0.0,0.1332540887,official
2021-11-19,0.2270360752,0.5294958628,0.5761173909,expansion_late,expansion,0.0,0.0,0.0,0.0,0.4599814878,0.0,0.0,0.0,0.0,0.4522971551,0.0,0.087721357,official
2021-11-26,0.2444191063,0.539414518,0.5922066546,expansion_late,expansion,0.0,0.0,0.0,0.0,0.5277014116,0.0601138178,0.0,0.0,0.0,0.4121847706,0.0,0.0,official
2021-12-03,0.1985585574,0.523424727,0.5598204584,expansion_late,expansion,0.0,0.0,0.0,0.0,0.530507037,0.1013581905,0.0,0.0,0.0,0.3681347725,0.0,0.0,official
2021-12-10,0.2170857746,0.5491435707,0.5904954655,expansion_late,expansion,0.0,0.0,0.0,0.0,0.5367902045,0.1328962358,0.0,0.0,0.0,0.3303135597,0.0,0.0,official
2021-12-17,0.0605386359,0.4806547009,0.4844521317,expansion_late,expansion,0.0,0.0,0.0,0.0,0.5077944799,0.1202740926,0.0,0.0,0.0,0.3719314275,0.0,0.0,official
2021-12-24,0.038820227,0.4901778703,0.4917126748,expansion_late,expansion,0.0,0.0,0.0,0.0,0.4843475383,0.1059024476,0.0,0.0,0.0,0.4097500142,0.0,0.0,official
2021-12-31,-0.032354126,0.4412048409,0.4423895354,slowdown_early,slowdown,0.0,0.0,0.0,0.0,0.4462380216,0.0837758574,0.0,0.0,0.0,0.469986121,0.0,0.0,official
2022-01-07,-0.049336922,0.4470530963,0.4497672762,slowdown_early,slowdown,0.0,0.0,0.0,0.0,0.4018217498,0.0,0.0,0.0,0.0,0.5050838617,0.0,0.0930943885,official
2022-01-14,-0.092071702,0.4450165522,0.4544413384,slowdown_early,slowdown,0.0,0.0,0.0,0.0,0.3183106527,0.0,0.0,0.0,0.0,0.5196310245,0.0,0.1620583228,official
2022-01-21,-0.1503134161,0.4017496383,0.4289485924,slowdown_early,slowdown,0.0,0.0,0.0,0.0,0.2378937127,0.0,0.0,0.0,0.0,0.5231627385,0.0,0.2389435488,official
2022-01-28,-0.1355017806,0.3993743917,0.4217352692,slowdown_early,slowdown,0.0,0.0,0.0,0.0,0.1955400045,0.0,0.0,0.0,0.0,0.5155199772,0.0,0.2889400183,official
2022-02-04,-0.2762992823,0.2964580881,0.4052513928,slowdown_early,slowdown,0.0,0.0,0.0,0.0,0.1147252024,0.0,0.0,0.0,0.0,0.4698550294,0.0,0.4154197682,official
2022-02-11,-0.1662066636,0.3286985638,0.3683305593,slowdown_early,slowdown,0.0,0.0,0.0,0.0,0.1038760097,0.0,0.0,0.0,0.0,0.4538790277,0.0,0.4422449626,official
2022-02-18,-0.121918532,0.3787858339,0.3979231539,slowdown_early,slowdown,0.0,0.0,0.0,0.0,0.1119241381,0.0,0.0,0.0,0.0,0.4617563808,0.0,0.426319481,official
2022-02-25,-0.0581860377,0.3881445783,0.3924816284,slowdown_early,slowdown,0.0,0.0,0.0,0.0,0.137201836,0.0,0.0,0.0,0.0,0.4823417727,0.0,0.3804563913,official
2022-03-04,-0.0971794012,0.3583872901,0.3713290801,slowdown_early,slowdown,0.0,0.0,0.0,0.0,0.1411947364,0.0,0.0,0.0,0.0,0.4837464986,0.0,0.375058765,official
2022-03-11,-0.0847691531,0.3677573466,0.3774006827,slowdown_early,slowdown,0.0,0.0,0.0,0.0,0.1487434136,0.0,0.0,0.0,0.0,0.4882724109,0.0,0.3629841755,official
2022-03-18,-0.0436663436,0.362109961,0.3647332908,slowdown_early,slowdown,0.0,0.0,0.0,0.0,0.1687283837,0.0,0.0,0.0,0.0,0.4972056359,0.0,0.3340659804,official
2022-03-25,-0.0298334494,0.3724267174,0.3736197192,slowdown_early,slowdown,0.0,0.0,0.0,0.0,0.1894092486,0.0,0.0,0.0,0.0,0.5046387573,0.0,0.3059519942,official
2022-04-01,0.0092503304,0.3051952678,0.3053354223,slowdown_early,slowdown,0.0,0.0,0.0,0.0,0.2198355858,0.0,0.0,0.0,0.0,0.5056870422,0.0,0.274477372,official
2022-04-08,-0.0203303507,0.3104150287,0.3110800752,slowdown_early,slowdown,0.0,0.0,0.0,0.0,0.2273148404,0.0,0.0,0.0,0.0,0.5041331015,0.0,0.2685520581,official
2022-04-15,-0.1038191595,0.2841658013,0.3025369738,slowdown_early,slowdown,0.0,0.0,0.0,0.0,0.1902914287,0.0,0.0,0.0,0.0,0.4954499078,0.0,0.3142586635,official
2022-04-22,-0.067942209,0.3263719022,0.3333688082,slowdown_early,slowdown,0.0,0.0,0.0,0.0,0.185809479,0.0,0.0,0.0,0.0,0.4956872173,0.0,0.3185033037,official
2022-04-29,-0.0708354167,0.2939312488,0.3023462176,slowdown_early,slowdown,0.0,0.0,0.0,0.0,0.1789560602,0.0,0.0,0.0,0.0,0.4919438083,0.0,0.3291001316,official
2022-05-06,-0.0785557322,0.2962272968,0.3064663349,slowdown_early,slowdown,0.0,0.0,0.0,0.0,0.1712050203,0.0,0.0,0.0,0.0,0.4885155617,0.0,0.340279418,official
2022-05-13,-0.0698283907,0.2985485577,0.3066060101,slowdown_early,slowdown,0.0,0.0,0.0,0.0,0.1697763506,0.0,0.0,0.0,0.0,0.487696437,0.0,0.3425272124,official
2022-05-20,-0.1309241001,0.2529191257,0.2847967769,slowdown_early,slowdown,0.0,0.0,0.0,0.0,0.1397746124,0.0,0.0,0.0,0.0,0.4696696818,0.0,0.3905557058,official
2022-05-27,-0.0469378272,0.262523762,0.2666868674,slowdown_early,slowdown,0.0,0.0,0.0,0.0,0.1542315045,0.0,0.0,0.0,0.0,0.4759543733,0.0,0.3698141221,official
2022-06-03,-0.1055461213,0.2140630262,0.2386691494,slowdown_early,slowdown,0.0,0.0,0.0,0.0,0.1343598414,0.0,0.0,0.0,0.0,0.4601329492,0.0,0.4055072093,official
2022-06-10,-0.0678498832,0.2223009688,0.2324248854,slowdown_early,slowdown,0.0,0.0,0.0,0.0,0.137575964,0.0,0.0,0.0,0.0,0.4600243316,0.0,0.4023997044,official
2022-06-17,-0.213364732,0.1312236416,0.25048783,slowdown_mid,slowdown,0.0,0.0,0.0,0.0,0.0772752171,0.0,0.0,0.0,0.0,0.3949437162,0.0,0.5277810666,official
2022-06-24,-0.1688412904,0.1395193422,0.2190274599,slowdown_mid,slowdown,0.0,0.0,0.0,0.0,0.0,0.0,0.0,0.0,0.0,0.2909758509,0.231290559,0.4777335901,official
2022-07-01,-0.2415856924,0.0751301881,0.252998403,slowdown_late,slowdown,0.0,0.0,0.0,0.0,0.0,0.0,0.0,0.0,0.0,0.1156303898,0.576820899,0.3075487112,official
2022-07-08,-0.2187777457,0.0983176585,0.2398542558,slowdown_late,slowdown,0.0,0.0,0.0,0.0,0.0,0.0,0.0,0.0,0.0,0.0,0.7975668991,0.2024331009,official
2022-07-15,-0.1635758107,0.103210984,0.1934154933,slowdown_late,slowdown,0.0,0.0,0.0,0.0,0.0,0.0,0.0,0.0,0.0,0.0,0.8546341457,0.1453658543,official
2022-07-22,-0.2232494349,0.0580921109,0.2306837739,slowdown_late,slowdown,0.0,0.0,0.0,0.0,0.0,0.0,0.0,0.0,0.0,0.0,0.9147784513,0.0852215487,official
2022-07-29,-0.0867764099,0.1346801576,0.1602151371,slowdown_late,slowdown,0.0,0.0,0.0,0.0,0.0,0.0,0.0,0.0,0.0,0.0,0.8607683554,0.1392316446,official
2022-08-05,-0.0971337435,0.1334121329,0.1650265473,slowdown_late,slowdown,0.0,0.0,0.0,0.0,0.0,0.0,0.0,0.0,0.0,0.0,0.8363653799,0.1636346201,official
2022-08-12,0.0162519148,0.1462237635,0.1471241439,slowdown_late,slowdown,0.0,0.0,0.0,0.0,0.0,0.0,0.0,0.0,0.0,0.0,0.7132124389,0.2867875611,official
2022-08-19,0.0091715371,0.1480246576,0.1483085174,slowdown_late,slowdown,0.0,0.0,0.0,0.0,0.0,0.0,0.0,0.0,0.0,0.0,0.6289691642,0.3710308358,official
2022-08-26,0.0891233335,0.1569132052,0.1804569825,slowdown_mid,slowdown,0.0,0.0,0.0,0.0,0.0,0.0,0.0,0.0,0.0,0.0,0.4753367799,0.5246632201,official
2022-09-02,0.0729959689,0.1653267487,0.1807245011,slowdown_mid,slowdown,0.0,0.0,0.0,0.0,0.0,0.0,0.0,0.0,0.0,0.1121194069,0.3481541353,0.5397264578,official
2022-09-09,0.0787855237,0.1755318163,0.1924021239,slowdown_mid,slowdown,0.0,0.0,0.0,0.0,0.0,0.0,0.0,0.0,0.0,0.253549449,0.2429636934,0.5034868576,official
2022-09-16,0.1563381988,0.2015218881,0.2550543154,slowdown_early,slowdown,0.0,0.0,0.0,0.0,0.0,0.0,0.0,0.0,0.0,0.4522095411,0.1232084748,0.4245819841,official
2022-09-23,0.0595016223,0.1893250466,0.1984550739,slowdown_early,slowdown,0.0,0.0,0.0,0.0,0.0792804748,0.0,0.0,0.0,0.0,0.5310980367,0.0,0.3896214885,official
2022-09-30,0.0720772036,0.1995862942,0.2122022905,slowdown_early,slowdown,0.0,0.0,0.0,0.0,0.1633253808,0.0,0.0,0.0,0.0,0.533608067,0.0,0.3030665522,official
2022-10-07,0.0614870167,0.2026869041,0.2118080129,slowdown_early,slowdown,0.0,0.0,0.0,0.0,0.2312386602,0.0,0.0,0.0,0.0,0.5186344913,0.0,0.2501268486,official
2022-10-14,0.0737045616,0.2156975363,0.2279425137,slowdown_early,slowdown,0.0,0.0,0.0,0.0,0.2922624012,0.0,0.0,0.0,0.0,0.5016233612,0.0,0.2061142376,official
2022-10-21,0.0353707774,0.1894235231,0.1926975947,slowdown_early,slowdown,0.0,0.0,0.0,0.0,0.3122332242,0.0,0.0,0.0,0.0,0.489327388,0.0,0.1984393877,official
2022-10-28,0.0317311167,0.1945021196,0.1970734337,slowdown_early,slowdown,0.0,0.0,0.0,0.0,0.3233391228,0.0,0.0,0.0,0.0,0.4829580136,0.0,0.1937028635,official
2022-11-04,-0.0329305507,0.1453828573,0.1490657451,slowdown_early,slowdown,0.0,0.0,0.0,0.0,0.2740089544,0.0,0.0,0.0,0.0,0.4855225826,0.0,0.240468463,official
2022-11-11,-0.0509753084,0.1548293219,0.163004911,slowdown_early,slowdown,0.0,0.0,0.0,0.0,0.2292726482,0.0,0.0,0.0,0.0,0.483259388,0.0,0.2874679638,official
2022-11-18,-0.1245004125,0.0751566084,0.1454265055,slowdown_early,slowdown,0.0,0.0,0.0,0.0,0.1299890437,0.0,0.0,0.0,0.0,0.4417580268,0.0,0.4282529295,official
2022-11-25,-0.1317171668,0.0787958321,0.1534867916,slowdown_mid,slowdown,0.0,0.0,0.0,0.0,0.0806381607,0.0,0.0,0.0,0.0,0.3869138885,0.0,0.5324479508,official
2022-12-02,-0.1581249139,0.0576561496,0.1683084073,slowdown_mid,slowdown,0.0,0.0,0.0,0.0,0.0,0.0,0.0,0.0,0.0,0.2245287106,0.3344862276,0.4409850618,official
2022-12-09,-0.1689875822,0.0606971593,0.1795576456,slowdown_late,slowdown,0.0,0.0,0.0,0.0,0.0,0.0,0.0,0.0,0.0,0.0932252107,0.6404467205,0.2663280689,official
2022-12-16,-0.2043803169,0.0019049912,0.2043891948,slowdown_late,slowdown,0.0,0.0,0.0,0.0,0.0,0.0,0.0,0.0,0.0,0.0,0.8793817808,0.1206182192,official
2022-12-23,-0.3122423261,-0.0920649133,0.325532208,slowdown_late,slowdown,0.0,0.0,0.0,0.0,0.0,0.0,0.0,0.0,0.0,0.0,0.9536298259,0.0463701741,official
2022-12-30,-0.2514094762,-0.0853929057,0.2655158622,slowdown_late,slowdown,0.0,0.0,0.0,0.0,0.0,0.0,0.0,0.0,0.0,0.0,0.9669687729,0.0330312271,official
2023-01-06,-0.2588189524,-0.0827768233,0.2717337899,slowdown_late,slowdown,0.0,0.0,0.0,0.0,0.0,0.0,0.0,0.0,0.0,0.0,0.9689861552,0.0310138448,official
2023-01-13,-0.1369844097,-0.0506223315,0.1460388611,slowdown_late,slowdown,0.0,0.0,0.0,0.0,0.0,0.0,0.0,0.0,0.0,0.0,0.9673776297,0.0326223703,official
2023-01-20,0.0037484104,0.0823443139,0.0824295858,slowdown_late,slowdown,0.0,0.0,0.0,0.0,0.0,0.0,0.0,0.0,0.0,0.0,0.8427045396,0.1572954604,official
2023-01-27,0.032188571,0.0873352787,0.0930782198,slowdown_late,slowdown,0.0,0.0,0.0,0.0,0.0,0.0,0.0,0.0,0.0,0.0,0.7001230904,0.2998769096,official
2023-02-03,0.0597768743,0.1157699472,0.1302918086,slowdown_late,slowdown,0.0,0.0,0.0,0.0,0.0,0.0,0.0,0.0,0.0,0.0,0.5557843163,0.4442156837,official
2023-02-10,0.1322075053,0.123467269,0.1808949722,slowdown_mid,slowdown,0.0,0.0,0.0,0.0,0.0,0.0,0.0,0.0,0.0,0.0,0.3987400188,0.6012599812,official
2023-02-17,0.2206393292,0.1106530524,0.2468315449,slowdown_mid,slowdown,0.0,0.0,0.0,0.0,0.0,0.0,0.0,0.0,0.0,0.1891351942,0.2528035606,0.5580612452,official
2023-02-24,0.2143213091,0.1115465911,0.2416118075,slowdown_early,slowdown,0.0,0.0,0.0,0.0,0.0,0.0,0.0,0.0,0.0,0.4428838693,0.1382535303,0.4188626005,official
2023-03-03,0.2106003614,0.1107663441,0.2379531366,slowdown_early,slowdown,0.0,0.0,0.0,0.0,0.1414034907,0.0,0.0,0.0,0.0,0.5908701276,0.0,0.2677263817,official
2023-03-10,0.1743816443,0.1096678028,0.2059999632,slowdown_early,slowdown,0.0,0.0,0.0,0.0,0.3105785631,0.0,0.0,0.0,0.0,0.5333241605,0.0,0.1560972764,official
2023-03-17,-0.0034377673,0.0792694627,0.0793439724,slowdown_early,slowdown,0.0,0.0,0.0,0.0,0.2886910905,0.0,0.0,0.0,0.0,0.5044800936,0.0,0.2068288159,official
2023-03-24,-0.0457791706,0.0453099522,0.064410591,slowdown_early,slowdown,0.0,0.0,0.0,0.0,0.1937053283,0.0,0.0,0.0,0.0,0.4818068306,0.0,0.3244878411,official
2023-03-31,-0.0568519238,0.063554847,0.0852722687,slowdown_early,slowdown,0.0,0.0,0.0,0.0,0.1424829529,0.0,0.0,0.0,0.0,0.4502694781,0.0,0.407247569,official
2023-04-07,-0.0628182568,0.0657682568,0.0909483204,slowdown_mid,slowdown,0.0,0.0,0.0,0.0,0.1095622541,0.0,0.0,0.0,0.0,0.4187608048,0.0,0.4716769411,official
2023-04-14,-0.0319216048,0.0813536978,0.0873922937,slowdown_mid,slowdown,0.0,0.0,0.0,0.0,0.0,0.0,0.0,0.0,0.0,0.4064742835,0.1467248978,0.4468008187,official
2023-04-21,-0.073336914,0.0441630793,0.085607713,slowdown_late,slowdown,0.0,0.0,0.0,0.0,0.0,0.0,0.0,0.0,0.0,0.2234289218,0.4142601635,0.3623109147,official
2023-04-28,-0.0626296029,0.0532229475,0.0821897153,slowdown_late,slowdown,0.0,0.0,0.0,0.0,0.0,0.0,0.0,0.0,0.0,0.0,0.680729012,0.319270988,official
2023-05-05,-0.0581140794,0.0562725521,0.0808940439,slowdown_late,slowdown,0.0,0.0,0.0,0.0,0.0,0.0,0.0,0.0,0.0,0.0,0.7788265718,0.2211734282,official
2023-05-12,-0.0125484816,0.067762738,0.0689148246,slowdown_late,slowdown,0.0,0.0,0.0,0.0,0.0,0.0,0.0,0.0,0.0,0.0,0.7416519447,0.2583480553,official
2023-05-19,-0.0162761621,0.030359826,0.0344475324,slowdown_late,slowdown,0.0,0.0,0.0,0.0,0.0,0.0,0.0,0.0,0.0,0.0,0.771877485,0.228122515,official
2023-05-26,-0.0366362501,0.0298845709,0.0472789848,slowdown_late,slowdown,0.0,0.0,0.0,0.0,0.0,0.0,0.0,0.0,0.0,0.0,0.8393050104,0.1606949896,official
2023-06-02,-0.034307777,0.034238486,0.0484695522,slowdown_late,slowdown,0.0,0.0,0.0,0.0,0.0,0.0,0.0,0.0,0.0,0.0,0.8583424893,0.1416575107,official
2023-06-09,-0.0453402866,0.0396802719,0.0602516852,slowdown_late,slowdown,0.0,0.0,0.0,0.0,0.0,0.0,0.0,0.0,0.0,0.0,0.873176927,0.126823073,official
2023-06-16,0.016099792,0.0589924631,0.0611499305,slowdown_late,slowdown,0.0,0.0,0.0,0.0,0.0,0.0,0.0,0.0,0.0,0.0,0.7461012494,0.2538987506,official
2023-06-23,-0.0502662904,0.0070025441,0.0507517052,slowdown_late,slowdown,0.0,0.0,0.0,0.0,0.0,0.0,0.0,0.0,0.0,0.0,0.8906266532,0.1093733468,official
2023-06-30,-0.0609275845,0.000243038,0.0609280692,slowdown_late,slowdown,0.0,0.0,0.0,0.0,0.0,0.0,0.0,0.0,0.0,0.0,0.9381745417,0.0618254583,official
2023-07-07,-0.0754110962,-0.0015905333,0.0754278677,slowdown_late,slowdown,0.0,0.0,0.0,0.0,0.0,0.0,0.0,0.0,0.0,0.0,0.9510384447,0.0489615553,official
2023-07-14,-0.0130089751,0.018404309,0.022537791,slowdown_late,slowdown,0.0,0.0,0.0,0.0,0.0,0.0,0.0,0.0,0.0,0.0,0.8991019607,0.1008980393,official
2023-07-21,0.0091577537,0.0383268139,0.0394056991,slowdown_late,slowdown,0.0,0.0,0.0,0.0,0.0,0.0,0.0,0.0,0.0,0.0,0.7771506699,0.2228493301,official
2023-07-28,0.0086853975,0.0422484288,0.0431319588,slowdown_late,slowdown,0.0,0.0,0.0,0.0,0.0,0.0,0.0,0.0,0.0,0.0,0.6876090297,0.3123909703,official
2023-08-04,0.0229000243,0.0607750894,0.0649463056,slowdown_late,slowdown,0.0,0.0,0.0,0.0,0.0,0.0,0.0,0.0,0.0,0.0,0.5910867359,0.4089132641,official
2023-08-11,0.0061686736,0.0646976694,0.0649910837,slowdown_late,slowdown,0.0,0.0,0.0,0.0,0.0,0.0,0.0,0.0,0.0,0.0,0.5695449196,0.4304550804,official
2023-08-18,0.0704891858,0.0718841489,0.1006779826,slowdown_mid,slowdown,0.0,0.0,0.0,0.0,0.0,0.0,0.0,0.0,0.0,0.0,0.4492481996,0.5507518004,official
2023-08-25,0.0759448885,0.0701467447,0.1033837119,slowdown_mid,slowdown,0.0,0.0,0.0,0.0,0.0,0.0,0.0,0.0,0.0,0.1301296143,0.3253842511,0.5444861346,official
2023-09-01,0.0738364303,0.0663756784,0.0992851909,slowdown_mid,slowdown,0.0,0.0,0.0,0.0,0.0,0.0,0.0,0.0,0.0,0.2959187439,0.2246382571,0.4794429989,official
2023-09-08,0.0629865708,0.0763945766,0.0990123196,slowdown_early,slowdown,0.0,0.0,0.0,0.0,0.0,0.0,0.0,0.0,0.0,0.4327397083,0.1556522035,0.4116080882,official
2023-09-15,0.0361523259,0.0716245444,0.0802313282,slowdown_early,slowdown,0.0,0.0,0.0,0.0,0.0818913638,0.0,0.0,0.0,0.0,0.524159647,0.0,0.3939489892,official
2023-09-22,0.0375912354,0.0768753915,0.0855741012,slowdown_early,slowdown,0.0,0.0,0.0,0.0,0.1649456911,0.0,0.0,0.0,0.0,0.5216874297,0.0,0.3133668793,official
2023-09-29,0.0062966333,0.066599883,0.0668968759,slowdown_early,slowdown,0.0,0.0,0.0,0.0,0.2001281998,0.0,0.0,0.0,0.0,0.5002056056,0.0,0.2996661947,official
2023-10-06,0.0034179459,0.0678770614,0.0679630622,slowdown_early,slowdown,0.0,0.0,0.0,0.0,0.2214878616,0.0,0.0,0.0,0.0,0.4878192143,0.0,0.2906929241,official
2023-10-13,0.0104556001,0.0815515979,0.0822191139,slowdown_early,slowdown,0.0,0.0,0.0,0.0,0.246242121,0.0,0.0,0.0,0.0,0.4826232354,0.0,0.2711346437,official
2023-10-20,-0.0318782242,0.0408280076,0.051799106,slowdown_early,slowdown,0.0,0.0,0.0,0.0,0.1814288703,0.0,0.0,0.0,0.0,0.4638410977,0.0,0.3547300319,official
2023-10-27,-0.0231217867,0.0451183237,0.0506979305,slowdown_early,slowdown,0.0,0.0,0.0,0.0,0.1578416975,0.0,0.0,0.0,0.0,0.4498786762,0.0,0.3922796263,official
2023-11-03,-0.018944866,0.0589895078,0.061957001,slowdown_early,slowdown,0.0,0.0,0.0,0.0,0.1551497347,0.0,0.0,0.0,0.0,0.4471490836,0.0,0.3977011817,official
2023-11-10,-0.0092852828,0.0631123,0.0637916835,slowdown_early,slowdown,0.0,0.0,0.0,0.0,0.1674814697,0.0,0.0,0.0,0.0,0.4529400993,0.0,0.379578431,official
2023-11-17,-0.0330447177,0.0464781581,0.0570278226,slowdown_early,slowdown,0.0,0.0,0.0,0.0,0.1367680975,0.0,0.0,0.0,0.0,0.4342403832,0.0,0.4289915193,official
2023-11-24,-0.0192250958,0.0489243815,0.0525661432,slowdown_mid,slowdown,0.0,0.0,0.0,0.0,0.1353093803,0.0,0.0,0.0,0.0,0.4322705477,0.0,0.432420072,official
2023-12-01,0.02223757,0.08839665,0.0911508489,slowdown_early,slowdown,0.0,0.0,0.0,0.0,0.0,0.0,0.0,0.0,0.0,0.5262675069,0.0770681063,0.3966643869,official
2023-12-08,0.0145342826,0.0949800523,0.0960856686,slowdown_early,slowdown,0.0,0.0,0.0,0.0,0.0733278443,0.0,0.0,0.0,0.0,0.5349980203,0.0,0.3916741354,official
2023-12-15,0.0681911061,0.1036767643,0.124092298,slowdown_early,slowdown,0.0,0.0,0.0,0.0,0.1725275241,0.0,0.0,0.0,0.0,0.5365905571,0.0,0.2908819187,official
2023-12-22,0.0270423359,0.0700577871,0.0750958152,slowdown_early,slowdown,0.0,0.0,0.0,0.0,0.2351624833,0.0,0.0,0.0,0.0,0.510881174,0.0,0.2539563428,official
2023-12-29,0.0224013984,0.0796622865,0.0827520546,slowdown_early,slowdown,0.0,0.0,0.0,0.0,0.2738745283,0.0,0.0,0.0,0.0,0.4926216333,0.0,0.2335038384,official
2024-01-05,0.0226123724,0.0839858082,0.0869766369,slowdown_early,slowdown,0.0,0.0,0.0,0.0,0.3016829008,0.0,0.0,0.0,0.0,0.481051346,0.0,0.2172657531,official
2024-01-12,0.0566908772,0.0987539769,0.1138692387,slowdown_early,slowdown,0.0,0.0,0.0,0.0,0.3601606151,0.0,0.0,0.0,0.0,0.4651958678,0.0,0.1746435171,official
2024-01-19,-0.051640164,0.0013547749,0.0516579321,slowdown_early,slowdown,0.0,0.0,0.0,0.0,0.1622522489,0.0,0.0,0.0,0.0,0.4537807335,0.0,0.3839670176,official
2024-01-26,-0.0908348436,0.0047181651,0.0909572971,slowdown_mid,slowdown,0.0,0.0,0.0,0.0,0.0736208456,0.0,0.0,0.0,0.0,0.3682042928,0.0,0.5581748616,official
2024-02-02,-0.1264369414,-0.0215202618,0.1282552993,slowdown_late,slowdown,0.0,0.0,0.0,0.0,0.0,0.0,0.0,0.0,0.0,0.1473502043,0.4630493867,0.389600409,official
2024-02-09,-0.1245692424,-0.0111070048,0.1250634307,slowdown_late,slowdown,0.0,0.0,0.0,0.0,0.0,0.0,0.0,0.0,0.0,0.0,0.8278683581,0.1721316419,official
2024-02-16,-0.1278334749,-0.0477629929,0.1364650168,slowdown_late,slowdown,0.0,0.0,0.0,0.0,0.0,0.0,0.0,0.0,0.0,0.0,0.9385236281,0.0614763719,official
2024-02-23,-0.1117456259,-0.0233301685,0.1141550773,slowdown_late,slowdown,0.0,0.0,0.0,0.0,0.0,0.0,0.0,0.0,0.0,0.0,0.9568489888,0.0431510112,official
2024-03-01,-0.1309852164,-0.0367541335,0.1360440857,slowdown_late,slowdown,0.0,0.0,0.0,0.0,0.0,0.0,0.0,0.0,0.0,0.0,0.9629100748,0.0370899252,official
2024-03-08,-0.1300826524,-0.0211567201,0.1317918938,slowdown_late,slowdown,0.0,0.0,0.0,0.0,0.0,0.0,0.0,0.0,0.0,0.0,0.9612666872,0.0387333128,official
2024-03-15,-0.0183070471,-0.0155280458,0.0240055864,slowdown_late,slowdown,0.0,0.0,0.0,0.0,0.0,0.0,0.0,0.0,0.0,0.0,0.9678760109,0.0321239891,official
2024-03-22,-0.0484014453,-0.0399207128,0.0627404432,slowdown_late,slowdown,0.0,0.0,0.0,0.0,0.0,0.0,0.0,0.0,0.0,0.0,0.9703353714,0.0296646286,official
2024-03-29,-0.0342258752,-0.0531026197,0.0631767264,slowdown_late,slowdown,0.0,0.0,0.0,0.0,0.0,0.0,0.0,0.0,0.0,0.0,0.9736943757,0.0263056243,official
2024-04-05,-0.0450337519,-0.0526581924,0.0692887007,slowdown_late,slowdown,0.0,0.0,0.0,0.0,0.0,0.0,0.0,0.0,0.0,0.0,0.9734407054,0.0265592946,official
2024-04-12,0.0085163949,-0.0399398773,0.0408377617,slowdown_late,slowdown,0.0,0.0,0.0,0.0,0.0,0.0,0.0,0.0,0.0,0.0,0.9539461968,0.0460538032,official
2024-04-19,-0.0701338465,-0.0880644225,0.1125793006,slowdown_late,slowdown,0.0,0.0,0.0,0.0,0.0,0.0,0.0,0.0,0.0,0.0,0.9726892821,0.0273107179,official
2024-04-26,-0.0476839318,-0.0807937669,0.0938157243,slowdown_late,slowdown,0.0,0.0,0.0,0.0,0.0,0.0,0.0,0.0,0.0,0.0,0.9757370266,0.0242629734,official
2024-05-03,-0.0720081805,-0.0876410244,0.1134289523,slowdown_late,slowdown,0.0,0.0,0.0,0.0,0.0,0.0,0.0,0.0,0.0,0.0,0.9757726182,0.0242273818,official
2024-05-10,-0.0731851279,-0.0831035269,0.1107350854,slowdown_late,slowdown,0.0,0.0,0.0,0.0,0.0,0.0,0.0,0.0,0.0,0.0,0.9753131813,0.0246868187,official
2024-05-17,-0.0223283628,-0.0605825928,0.0645662941,slowdown_late,slowdown,0.0,0.0,0.0,0.0,0.0,0.0,0.0,0.0,0.0,0.0,0.9752181839,0.0247818161,official
2024-05-24,-0.0057734125,-0.0584988718,0.0587830783,slowdown_late,slowdown,0.0,0.0,0.0,0.0,0.0,0.0,0.0,0.0,0.0,0.0,0.9730719297,0.0269280703,official
2024-05-31,0.0280997114,-0.0267734135,0.0388124909,slowdown_late,slowdown,0.0,0.0,0.0,0.0,0.0,0.0,0.0,0.0,0.0,0.0,0.9876444429,0.0123555571,official
2024-06-07,0.0156523188,-0.0255340351,0.0299496583,slowdown_late,slowdown,0.0,0.0,0.0,0.0,0.0,0.0,0.0,0.0,0.0,0.0,0.9810837742,0.0189162258,official
2024-06-14,0.0698480798,-0.0236511739,0.0737436931,slowdown_late,slowdown,0.0,0.0,0.0,0.0,0.0,0.0,0.0,0.0,0.0,0.0,0.9589013099,0.0410986901,official
2024-06-21,0.0652097161,-0.020646644,0.0684002265,slowdown_late,slowdown,0.0,0.0,0.0,0.0,0.0,0.0,0.0,0.0,0.0,0.0,0.9495706101,0.0504293899,official
2024-06-28,0.0734938657,-0.0198376009,0.0761241007,slowdown_late,slowdown,0.0,0.0,0.0,0.0,0.0,0.0,0.0,0.0,0.0,0.0,0.9399934722,0.0600065278,official
2024-07-05,0.0466588786,-0.0400919421,0.0615175973,slowdown_late,slowdown,0.0,0.0,0.0,0.0,0.0,0.0,0.0,0.0,0.0,0.0,0.9843437732,0.0156562268,official
2024-07-12,0.0266077567,-0.0360724066,0.0448240029,slowdown_late,slowdown,0.0,0.0,0.0,0.0,0.0,0.0,0.0,0.0,0.0,0.0,0.9852998552,0.0147001448,official
2024-07-19,-0.0162972807,-0.0736658178,0.0754470283,slowdown_late,slowdown,0.0222855903,0.0,0.0,0.0,0.0,0.0,0.0,0.0,0.0,0.0,0.9536632894,0.0240511203,official
2024-07-26,-0.0497192874,-0.0728113739,0.0881674753,slowdown_late,slowdown,0.0171829121,0.0,0.0,0.0,0.0,0.0,0.0,0.0,0.0,0.0,0.9570395636,0.0257775243,official
2024-08-02,-0.0674288594,-0.0879670261,0.1108370369,slowdown_late,slowdown,0.0200989207,0.0,0.0,0.0,0.0,0.0,0.0,0.0,0.0,0.0,0.9540912891,0.0258097902,official
2024-08-09,-0.0708753696,-0.0892849208,0.1139961187,slowdown_late,slowdown,0.0204075199,0.0,0.0,0.0,0.0,0.0,0.0,0.0,0.0,0.0,0.9537142524,0.0258782277,official
2024-08-16,-0.0338073377,-0.0519773405,0.0620046773,slowdown_late,slowdown,0.0121380447,0.0,0.0,0.0,0.0,0.0,0.0,0.0,0.0,0.0,0.9611171484,0.0267448069,official
2024-08-23,-0.0443017919,-0.0608920162,0.0753026321,slowdown_late,slowdown,0.0135605792,0.0,0.0,0.0,0.0,0.0,0.0,0.0,0.0,0.0,0.959615061,0.0268243598,official
2024-08-30,-0.029821694,-0.0677819366,0.0740521732,slowdown_late,slowdown,0.0175983184,0.0,0.0,0.0,0.0,0.0,0.0,0.0,0.0,0.0,0.9566401292,0.0257615524,official
2024-09-06,-0.0305546006,-0.0644421544,0.0713188256,slowdown_late,slowdown,0.01652704,0.0,0.0,0.0,0.0,0.0,0.0,0.0,0.0,0.0,0.9576940756,0.0257788844,official
2024-09-13,0.0193425135,-0.0558785068,0.0591315512,slowdown_late,slowdown,0.0399372451,0.0,0.0,0.0,0.0,0.0,0.0,0.0,0.0,0.0,0.9225716509,0.037491104,official
2024-09-20,-0.0122067061,-0.0842620501,0.0851416277,slowdown_late,slowdown,0.0,0.0,0.0,0.0,0.0,0.0,0.0,0.0,0.0,0.0,0.9733979075,0.0266020925,official
2024-09-27,0.01055362,-0.0783516032,0.0790591716,slowdown_late,slowdown,0.0,0.0,0.0,0.0,0.0,0.0,0.0,0.0,0.0,0.0,0.96565298,0.03434702,official
2024-10-04,-0.0118723471,-0.1004678383,0.1011668877,slowdown_late,slowdown,0.0,0.0,0.0,0.0,0.0,0.0,0.0,0.0,0.0,0.0,0.974740102,0.025259898,official
2024-10-11,-0.0571744008,-0.1051102986,0.1196540304,slowdown_late,slowdown,0.0255115827,0.0,0.0,0.0,0.0,0.0,0.0,0.0,0.0,0.0,0.9502314901,0.0242569272,official
2024-10-18,-0.0403773167,-0.0984751606,0.1064315976,slowdown_late,slowdown,0.0276508802,0.0,0.0,0.0,0.0,0.0,0.0,0.0,0.0,0.0,0.9482907471,0.0240583727,official
2024-10-25,-0.0323896883,-0.0979778922,0.1031928257,slowdown_late,slowdown,0.0293385479,0.0,0.0,0.0,0.0,0.0,0.0,0.0,0.0,0.0,0.9466374394,0.0240240127,official
2024-11-01,-0.0395992252,-0.1013328809,0.1087954566,slowdown_late,slowdown,0.0292072051,0.0,0.0,0.0,0.0,0.0,0.0,0.0,0.0,0.0,0.9469110257,0.0238817692,official
2024-11-08,-0.0379681532,-0.0912497132,0.0988336523,slowdown_late,slowdown,0.0256391205,0.0,0.0,0.0,0.0,0.0,0.0,0.0,0.0,0.0,0.9500544728,0.0243064067,official
2024-11-15,-0.0065812886,-0.0905544184,0.09079326,slowdown_late,slowdown,0.0,0.0,0.0,0.0,0.0,0.0,0.0,0.0,0.0,0.0,0.9748338617,0.0251661383,official
2024-11-22,-0.0350556974,-0.1110926334,0.1164923822,slowdown_late,slowdown,0.0,0.0,0.0,0.0,0.0,0.0,0.0,0.0,0.0,0.0,0.9779408101,0.0220591899,official
2024-11-29,0.005289044,-0.0957779683,0.0959238928,slowdown_late,slowdown,0.0,0.0,0.0,0.0,0.0,0.0,0.0,0.0,0.0,0.0,0.9721857454,0.0278142546,official
2024-12-06,0.0114350922,-0.0947211362,0.0954088831,slowdown_late,slowdown,0.0,0.0,0.0,0.0,0.0,0.0,0.0,0.0,0.0,0.0,0.9677973875,0.0322026125,official
2024-12-13,0.0106178128,-0.0888326305,0.0894649327,slowdown_late,slowdown,0.0472363129,0.0,0.0,0.0,0.0,0.0,0.0,0.0,0.0,0.0,0.9192286121,0.033535075,official
2024-12-20,0.0945467215,-0.0102640218,0.0951022223,slowdown_late,slowdown,0.0,0.0,0.0,0.0,0.0,0.0,0.0,0.0,0.0,0.0,0.9220613462,0.0779386538,official
2024-12-27,0.1006227736,-0.0079495927,0.1009363096,slowdown_late,slowdown,0.0,0.0,0.0,0.0,0.0,0.0,0.0,0.0,0.0,0.0,0.8971183537,0.1028816463,official
2025-01-03,0.0741601891,-0.0224469824,0.0774829056,slowdown_late,slowdown,0.0,0.0,0.0,0.0,0.0,0.0,0.0,0.0,0.0,0.0,0.9307733811,0.0692266189,official
2025-01-10,0.0727145089,-0.023076933,0.0762885617,slowdown_late,slowdown,0.0,0.0,0.0,0.0,0.0,0.0,0.0,0.0,0.0,0.0,0.9429177299,0.0570822701,official
2025-01-17,0.0671570587,-0.0488274772,0.0830312776,slowdown_late,slowdown,0.0,0.0,0.0,0.0,0.0,0.0,0.0,0.0,0.0,0.0,0.9818103265,0.0181896735,official
2025-01-24,0.0542999452,-0.0454364449,0.0708022215,slowdown_late,slowdown,0.0,0.0,0.0,0.0,0.0,0.0,0.0,0.0,0.0,0.0,0.9876709305,0.0123290695,official
2025-01-31,0.0501746209,-0.0482061657,0.069579645,slowdown_late,slowdown,0.0,0.0,0.0,0.0,0.0,0.0,0.0,0.0,0.0,0.0,0.9903560852,0.0096439148,official
2025-02-07,0.0435966148,-0.0484214682,0.0651559929,slowdown_late,slowdown,0.0,0.0,0.0,0.0,0.0,0.0,0.0,0.0,0.0,0.0,0.9897377234,0.0102622766,official
2025-02-14,-0.0404229794,-0.0480015677,0.0627548226,slowdown_late,slowdown,0.0,0.0,0.0,0.0,0.0,0.0,0.0,0.0,0.0,0.0,0.9757674545,0.0242325455,official
2025-02-21,-0.0451966729,-0.0501505857,0.0675116322,slowdown_late,slowdown,0.0,0.0,0.0,0.0,0.0,0.0,0.0,0.0,0.0,0.0,0.9734536396,0.0265463604,official
2025-02-28,-0.0295379868,-0.0500844818,0.0581459197,slowdown_late,slowdown,0.0,0.0,0.0,0.0,0.0,0.0,0.0,0.0,0.0,0.0,0.9741573395,0.0258426605,official
2025-03-07,-0.0818487646,-0.0995702005,0.1288931538,slowdown_late,slowdown,0.0,0.0,0.0,0.0,0.0,0.0,0.0,0.0,0.0,0.0,0.9761818015,0.0238181985,official
2025-03-14,-0.0571077964,-0.1022995967,0.1171601805,slowdown_late,slowdown,0.0,0.0,0.0,0.0,0.0,0.0,0.0,0.0,0.0,0.0,0.9774687048,0.0225312952,official
2025-03-21,-0.008880475,-0.0538512498,0.0545785667,slowdown_late,slowdown,0.0,0.0,0.0,0.0,0.0,0.0,0.0,0.0,0.0,0.0,0.9740330787,0.0259669213,official
2025-03-28,0.0005196182,-0.0478441504,0.047846972,slowdown_late,slowdown,0.0,0.0,0.0,0.0,0.0,0.0,0.0,0.0,0.0,0.0,0.9694377633,0.0305622367,official
2025-04-04,0.0483817314,-0.0033131154,0.0484950376,slowdown_late,slowdown,0.0,0.0,0.0,0.0,0.0,0.0,0.0,0.0,0.0,0.0,0.9133644639,0.0866355361,official
2025-04-11,0.0444028276,-0.0065963739,0.0448901242,slowdown_late,slowdown,0.0,0.0,0.0,0.0,0.0,0.0,0.0,0.0,0.0,0.0,0.9030803428,0.0969196572,official
2025-04-18,0.0872762935,0.0313676242,0.0927420037,slowdown_late,slowdown,0.0,0.0,0.0,0.0,0.0,0.0,0.0,0.0,0.0,0.0,0.7658898261,0.2341101739,official
2025-04-25,0.0906190119,0.0345856908,0.096994718,slowdown_late,slowdown,0.0,0.0,0.0,0.0,0.0,0.0,0.0,0.0,0.0,0.0,0.6501627636,0.3498372364,official
2025-05-02,0.1170278795,0.0097298865,0.1174316621,slowdown_late,slowdown,0.0,0.0,0.0,0.0,0.0,0.0,0.0,0.0,0.0,0.0,0.6863872023,0.3136127977,official
2025-05-09,0.110146816,0.0005855138,0.1101483722,slowdown_late,slowdown,0.0,0.0,0.0,0.0,0.0,0.0,0.0,0.0,0.0,0.0,0.7466637122,0.2533362878,official
2025-05-16,0.0376749956,-0.0186902517,0.0420562814,slowdown_late,slowdown,0.0,0.0,0.0,0.0,0.0,0.0,0.0,0.0,0.0,0.0,0.9237281427,0.0762718573,official
2025-05-23,-0.0245739431,-0.0709657963,0.075100086,slowdown_late,slowdown,0.0185423497,0.0,0.0,0.0,0.0,0.0,0.0,0.0,0.0,0.0,0.9481045764,0.0333530739,official
2025-05-30,-0.1452437971,-0.139399865,0.2013158785,slowdown_late,slowdown,0.0312813278,0.0,0.0,0.0,0.0,0.0,0.0,0.0,0.0,0.0,0.9425517085,0.0261669637,official
2025-06-06,-0.141950721,-0.1396408895,0.199122036,slowdown_late,slowdown,0.0327283016,0.0,0.0,0.0,0.0,0.0,0.0,0.0,0.0,0.0,0.9423223435,0.024949355,official
2025-06-13,-0.1917563071,-0.1483192956,0.2424233791,slowdown_late,slowdown,0.0337818997,0.0,0.0,0.0,0.0,0.0,0.0,0.0,0.0,0.0,0.9408142043,0.025403896,official
2025-06-20,-0.1708834419,-0.1255739544,0.2120612382,slowdown_late,slowdown,0.0276758706,0.0,0.0,0.0,0.0,0.0,0.0,0.0,0.0,0.0,0.9457135217,0.0266106077,official
2025-06-27,-0.138903176,-0.1205249199,0.1839030957,slowdown_late,slowdown,0.0267077122,0.0,0.0,0.0,0.0,0.0,0.0,0.0,0.0,0.0,0.9470020893,0.0262901984,official
2025-07-04,-0.2009428942,-0.1879153964,0.275118598,slowdown_late,slowdown,0.0455373461,0.0,0.0,0.0,0.0,0.0,0.0,0.0,0.0,0.0,0.9311620813,0.0233005726,official
2025-07-11,-0.181233806,-0.1887734652,0.2616889634,slowdown_late,slowdown,0.0491759418,0.0,0.0,0.0,0.0,0.0,0.0,0.0,0.0,0.0,0.9284181902,0.0224058679,official
2025-07-18,-0.0681712964,-0.1350694879,0.1512980245,slowdown_late,slowdown,0.0393688007,0.0,0.0,0.0,0.0,0.0,0.0,0.0,0.0,0.0,0.9381356659,0.0224955334,official
2025-07-25,0.0146426811,-0.1258964971,0.126745162,slowdown_late,slowdown,0.0754798294,0.0,0.0,0.0,0.0,0.0,0.0,0.0,0.0,0.0,0.8961538979,0.0283662727,official
2025-08-01,0.0662653979,-0.0776631598,0.1020914753,slowdown_late,slowdown,0.0306031483,0.0,0.0,0.0,0.0,0.0,0.0,0.0,0.0,0.0,0.9585042924,0.0108925592,official
2025-08-08,0.0633975084,-0.0890316539,0.109297207,slowdown_late,slowdown,0.0,0.0,0.0,0.0,0.0,0.0,0.0,0.0,0.0,0.0,0.9887639247,0.0112360753,official
2025-08-15,0.0601154467,-0.0693144445,0.0917516166,slowdown_late,slowdown,0.0,0.0,0.0,0.0,0.0,0.0,0.0,0.0,0.0,0.0,0.9904537583,0.0095462417,official
2025-08-22,0.0398295,-0.0833090842,0.0923406334,slowdown_late,slowdown,0.0,0.0,0.0,0.0,0.0,0.0,0.0,0.0,0.0,0.0,0.9797248506,0.0202751494,official
2025-08-29,0.0998201375,-0.0944321881,0.1374099633,slowdown_late,slowdown,0.0,0.0,0.0,0.0,0.0,0.0,0.0,0.0,0.0,0.0,0.9926519608,0.0073480392,official
2025-09-05,0.1013221498,-0.0938664811,0.1381198548,slowdown_late,slowdown,0.0,0.0,0.0,0.0,0.0,0.0,0.0,0.0,0.0,0.0,0.9930165296,0.0069834704,official
2025-09-12,0.0304235867,-0.1067074028,0.1109597425,slowdown_late,slowdown,0.0,0.0,0.0,0.0,0.0,0.0,0.0,0.0,0.0,0.0,0.9599460189,0.0400539811,official
2025-09-19,0.0147968778,-0.1122064099,0.1131778513,slowdown_late,slowdown,0.062140487,0.0,0.0,0.0,0.0,0.0,0.0,0.0,0.0,0.0,0.9042032746,0.0336562385,official
2025-09-26,-0.0290485122,-0.1051206032,0.1090603378,slowdown_late,slowdown,0.0362463592,0.0,0.0,0.0,0.0,0.0,0.0,0.0,0.0,0.0,0.9385594399,0.0251942009,official
2025-10-03,-0.030983426,-0.1183311738,0.1223202329,slowdown_late,slowdown,0.0390370958,0.0,0.0,0.0,0.0,0.0,0.0,0.0,0.0,0.0,0.9376023456,0.0233605586,official
2025-10-10,-0.0609966301,-0.1268219382,0.1407280814,slowdown_late,slowdown,0.0361849961,0.0,0.0,0.0,0.0,0.0,0.0,0.0,0.0,0.0,0.9409109699,0.022904034,official
2025-10-17,-0.0967097489,-0.1744571923,0.1994695152,slowdown_late,slowdown,0.0496056483,0.0,0.0,0.0,0.0,0.0,0.0,0.0,0.0,0.0,0.9291483581,0.0212459936,official
2025-10-24,-0.085801417,-0.1753514065,0.1952178243,slowdown_late,slowdown,0.0534361012,0.0,0.0,0.0,0.0,0.0,0.0,0.0,0.0,0.0,0.9258417369,0.0207221619,official
2025-10-31,-0.134855043,-0.2209775709,0.2588763595,slowdown_late,slowdown,0.0671930059,0.0,0.0,0.0,0.0,0.0,0.0,0.0,0.0,0.0,0.9133807608,0.0194262333,official
2025-11-07,-0.118236362,-0.2182067994,0.2481814751,slowdown_late,slowdown,0.0705532559,0.0,0.0,0.0,0.0,0.0,0.0,0.0,0.0,0.0,0.9104104295,0.0190363145,official
2025-11-14,-0.1184898504,-0.2239653608,0.2533778354,slowdown_late,slowdown,0.0738667498,0.0,0.0,0.0,0.0,0.0,0.0,0.0,0.0,0.0,0.9074178533,0.0187153969,official
2025-11-21,-0.1320939303,-0.2297009054,0.264974173,slowdown_late,slowdown,0.0752949094,0.0,0.0,0.0,0.0,0.0,0.0,0.0,0.0,0.0,0.9060579172,0.0186471734,official
2025-11-28,-0.1099737005,-0.2220994551,0.2478353945,slowdown_late,slowdown,0.0752133497,0.0,0.0,0.0,0.0,0.0,0.0,0.0,0.0,0.0,0.906203063,0.0185835873,official
2025-12-05,-0.124320694,-0.244125048,0.273957431,slowdown_late,slowdown,0.0838046187,0.0,0.0,0.0,0.0,0.0,0.0,0.0,0.0,0.0,0.8983570707,0.0178383106,official
2025-12-12,-0.0796256,-0.2497016162,0.2620899336,slowdown_late,slowdown,0.0982865634,0.0,0.0,0.0,0.0,0.0,0.0,0.0,0.0,0.0,0.8848950829,0.0168183537,official
2025-12-19,-0.0657363272,-0.2374967994,0.2464264483,slowdown_late,slowdown,0.0989910184,0.0,0.0,0.0,0.0,0.0,0.0,0.0,0.0,0.0,0.8840111412,0.0169978404,official
2025-12-26,-0.0085284601,-0.2292448799,0.2294034647,slowdown_late,slowdown,0.1238050188,0.0,0.0,0.0,0.0,0.0,0.0,0.0,0.0,0.0,0.8585471284,0.0176478528,official
2026-01-02,-0.0528544239,-0.268240844,0.2733985013,slowdown_late,slowdown,0.1299147954,0.0,0.0,0.0,0.0,0.0,0.0,0.0,0.0,0.0,0.8544724231,0.0156127815,official
2026-01-09,-0.0399253817,-0.2618052347,0.2648320544,slowdown_late,slowdown,0.0,0.0,0.0,0.0,0.0,0.0,0.0,0.0,0.0,0.0,0.9863473442,0.0136526558,official
2026-01-16,0.0076091547,-0.2227212031,0.2228511466,slowdown_late,slowdown,0.0,0.0,0.0,0.0,0.0,0.0,0.0,0.0,0.0,0.0,0.9825928828,0.0174071172,official
2026-01-23,-0.0309433989,-0.2514620498,0.2533587505,slowdown_late,slowdown,0.0,0.0,0.0,0.0,0.0,0.0,0.0,0.0,0.0,0.0,0.985567994,0.014432006,official
2026-01-30,-0.0191518706,-0.262378568,0.2630766183,slowdown_late,slowdown,0.0,0.0,0.0,0.0,0.0,0.0,0.0,0.0,0.0,0.0,0.9860602348,0.0139397652,official
2026-02-06,-0.0117761199,-0.2609965349,0.2612620681,slowdown_late,slowdown,0.0,0.0,0.0,0.0,0.0,0.0,0.0,0.0,0.0,0.0,0.9858040996,0.0141959004,official
2026-02-13,-0.0421495163,-0.2774156369,0.2805993893,slowdown_late,slowdown,0.0,0.0,0.0,0.0,0.0,0.0,0.0,0.0,0.0,0.0,0.9871659638,0.0128340362,official
2026-02-20,0.05486681,-0.1776568135,0.1859363069,slowdown_late,slowdown,0.0,0.0,0.0,0.0,0.0,0.0,0.0,0.0,0.0,0.0,0.96971189,0.03028811,official
2026-02-27,0.1050265453,-0.169364398,0.1992859115,slowdown_late,slowdown,0.0,0.0,0.0,0.0,0.0,0.0,0.0,0.0,0.0,0.0,0.9899722879,0.0100277121,official
2026-03-06,0.0167468335,-0.2462006607,0.2467695722,slowdown_late,slowdown,0.0,0.0,0.0,0.0,0.0,0.0,0.0,0.0,0.0,0.0,0.9835875767,0.0164124233,official
2026-03-13,-0.0213501521,-0.2430250826,0.243961103,slowdown_late,slowdown,0.0,0.0,0.0,0.0,0.0,0.0,0.0,0.0,0.0,0.0,0.9850255504,0.0149744496,official
2026-03-20,0.0353594418,-0.2182771051,0.2211225559,slowdown_late,slowdown,0.0,0.0,0.0,0.0,0.0,0.0,0.0,0.0,0.0,0.0,0.9772158696,0.0227841304,official
2026-03-27,0.0565298906,-0.209222943,0.2167253294,slowdown_late,slowdown,0.0,0.0,0.0,0.0,0.0,0.0,0.0,0.0,0.0,0.0,0.9609243592,0.0390756408,official
2026-04-03,0.0360679138,-0.2271505563,0.2299962383,slowdown_late,slowdown,0.0,0.0,0.0,0.0,0.0,0.0,0.0,0.0,0.0,0.0,0.9746936544,0.0253063456,official
2026-04-10,0.0500311517,-0.2304032083,0.2357726756,slowdown_late,slowdown,0.0,0.0,0.0,0.0,0.0,0.0,0.0,0.0,0.0,0.0,0.9714266152,0.0285733848,official
2026-04-17,-0.0188141038,-0.1955470405,0.1964500332,slowdown_late,slowdown,0.0,0.0,0.0,0.0,0.0,0.0,0.0,0.0,0.0,0.0,0.9812503863,0.0187496137,official
2026-04-24,-0.0185712718,-0.1870187797,0.1879385966,slowdown_late,slowdown,0.0,0.0,0.0,0.0,0.0,0.0,0.0,0.0,0.0,0.0,0.9818894416,0.0181105584,official
2026-05-01,-0.0041927021,-0.2503335073,0.2503686155,slowdown_late,slowdown,0.0,0.0,0.0,0.0,0.0,0.0,0.0,0.0,0.0,0.0,0.984544272,0.015455728,official
2026-05-08,-0.0113624044,-0.2539197398,0.2541738352,slowdown_late,slowdown,0.0,0.0,0.0,0.0,0.0,0.0,0.0,0.0,0.0,0.0,0.9853022501,0.0146977499,official
2026-05-15,-0.0399638832,-0.2561501941,0.2592489805,slowdown_late,slowdown,0.0,0.0,0.0,0.0,0.0,0.0,0.0,0.0,0.0,0.0,0.9861700446,0.0138299554,official
2026-05-22,-0.0313880354,-0.2389890894,0.241041477,slowdown_late,slowdown,0.0,0.0,0.0,0.0,0.0,0.0,0.0,0.0,0.0,0.0,0.98533326,0.01466674,official
2026-05-29,-0.0130431624,-0.2395965468,0.2399513062,slowdown_late,slowdown,0.0,0.0,0.0,0.0,0.0,0.0,0.0,0.0,0.0,0.0,0.9847329229,0.0152670771,official
2026-06-05,-0.0120715259,-0.2419266013,0.2422275834,slowdown_late,slowdown,0.0,0.0,0.0,0.0,0.0,0.0,0.0,0.0,0.0,0.0,0.9847509632,0.0152490368,official
2026-06-12,-0.0665275827,-0.2584662966,0.2668908874,slowdown_late,slowdown,0.0,0.0,0.0,0.0,0.0,0.0,0.0,0.0,0.0,0.0,0.9863961583,0.0136038417,official
2026-06-19,-0.0232210665,-0.2090289525,0.2103148139,slowdown_late,slowdown,0.0,0.0,0.0,0.0,0.0,0.0,0.0,0.0,0.0,0.0,0.9837303721,0.0162696279,official
2026-06-26,0.0515290505,-0.2017707626,0.2082466895,slowdown_late,slowdown,0.0,0.0,0.0,0.0,0.0,0.0,0.0,0.0,0.0,0.0,0.9641883577,0.0358116423,official
2026-07-03,0.0431387687,-0.2132820838,0.2176010125,slowdown_late,slowdown,0.0,0.0,0.0,0.0,0.0,0.0,0.0,0.0,0.0,0.0,0.9699721705,0.0300278295,official
2026-07-10,0.0342760044,-0.2238839141,0.2264924976,slowdown_late,slowdown,0.0,0.0,0.0,0.0,0.0,0.0,0.0,0.0,0.0,0.0,0.9760940232,0.0239059768,official
2026-07-17,-0.0189110067,-0.2569606511,0.2576555887,slowdown_late,slowdown,0.0,0.0,0.0,0.0,0.0,0.0,0.0,0.0,0.0,0.0,0.9849354733,0.0150645267,official
2026-07-24,-0.0136421615,-0.252601292,0.2529694078,slowdown_late,slowdown,0.0,0.0,0.0,0.0,0.0,0.0,0.0,0.0,0.0,0.0,0.9853595659,0.0146404341,official
2026-07-31,-0.0074498096,-0.2490922468,0.2492036258,slowdown_late,slowdown,0.0,0.0,0.0,0.0,0.0,0.0,0.0,0.0,0.0,0.0,0.984971598,0.015028402,official
2026-08-07,0.0137310625,-0.245643018,0.2460264912,slowdown_late,slowdown,0.0,0.0,0.0,0.0,0.0,0.0,0.0,0.0,0.0,0.0,0.9833149249,0.0166850751,official
2026-08-14,-0.0314339222,-0.238862073,0.2409215254,slowdown_late,slowdown,0.0,0.0,0.0,0.0,0.0,0.0,0.0,0.0,0.0,0.0,0.98505983,0.01494017,official
