week,sample,official_phase,raw_phase,filtered_winner,phase_status,activity_level,activity_momentum,phase_separation,evidence_quality,confirmation_pending,neutral_both,raw_versus_official_run,confirming_domains,positive_momentum_domains,concentration,semantic_class,reason_code,raw_recovery,filtered_recovery,raw_expansion,filtered_expansion,raw_slowdown,filtered_slowdown,raw_contraction,filtered_contraction,sign_quadrant,level_sign_agrees,momentum_sign_agrees,level_materially_contradicted,momentum_materially_contradicted,both_signs_contradicted,sign_quadrant_diverges,sub_normal_expansion,labor_stress_momentum,labor_stress_level,separation_floor
1994-07-15,latest_vintage_causal,expansion,expansion,expansion,official,0.680803,0.21441,0.260908,high,0,False,0,1,2,0.39244,semantically_supported,official_equals_raw_high_quality,0.127325,0.127325,0.566791,0.566791,0.305883,0.305883,1e-06,1e-06,expansion,True,True,False,False,False,False,False,0.41248,0.268528,0.1
1994-07-22,latest_vintage_causal,expansion,expansion,expansion,official,0.689021,0.388127,0.636442,high,0,False,0,0,2,0.358702,semantically_supported,official_equals_raw_high_quality,0.137447,0.060359,0.662489,0.788042,0.200062,0.1516,1e-06,0.0,expansion,True,True,False,False,False,False,False,0.569473,0.246286,0.1
1994-07-29,latest_vintage_causal,expansion,expansion,expansion,official,0.690476,0.402835,0.766459,high,0,False,0,1,2,0.357911,semantically_supported,official_equals_raw_high_quality,0.136144,0.043796,0.65811,0.861331,0.205745,0.094872,1e-06,0.0,expansion,True,True,False,False,False,False,False,0.64409,0.240759,0.1
1994-08-05,latest_vintage_causal,expansion,expansion,expansion,official,0.682644,0.367156,0.792408,high,0,False,0,1,2,0.361981,semantically_supported,official_equals_raw_high_quality,0.135327,0.0409,0.64405,0.875754,0.220623,0.083346,1e-06,0.0,expansion,True,True,False,False,False,False,False,0.448925,0.247505,0.1
1994-08-12,latest_vintage_causal,expansion,expansion,expansion,official,0.684524,0.310484,0.778468,high,0,False,0,1,2,0.35997,semantically_supported,official_equals_raw_high_quality,0.130392,0.039747,0.622889,0.869361,0.246718,0.090893,1e-06,0.0,expansion,True,True,False,False,False,False,False,0.350941,0.257482,0.1
1994-08-19,latest_vintage_causal,expansion,expansion,expansion,official,0.666384,0.149269,0.691275,high,0,False,0,1,1,0.408692,semantically_supported,official_equals_raw_high_quality,0.119526,0.038991,0.550758,0.826142,0.329715,0.134867,1e-06,0.0,expansion,True,True,False,False,False,False,False,0.365818,0.295615,0.1
1994-08-26,latest_vintage_causal,expansion,expansion,expansion,official,0.671443,0.155971,0.651857,high,0,False,0,1,1,0.405613,semantically_supported,official_equals_raw_high_quality,0.119141,0.037935,0.554534,0.806961,0.326324,0.155104,1e-06,0.0,expansion,True,True,False,False,False,False,False,0.400127,0.324727,0.1
1994-09-02,latest_vintage_causal,expansion,expansion,expansion,official,0.653611,0.194968,0.674492,high,0,False,0,0,1,0.416679,semantically_supported,official_equals_raw_high_quality,0.129574,0.039773,0.582085,0.817359,0.288341,0.142867,1e-06,0.0,expansion,True,True,False,False,False,False,False,0.180733,0.30889,0.1
1994-09-09,latest_vintage_causal,expansion,expansion,expansion,official,0.659921,0.143818,0.653597,high,0,False,0,0,1,0.40626,semantically_supported,official_equals_raw_high_quality,0.123184,0.039067,0.560365,0.807265,0.31645,0.153668,1e-06,0.0,expansion,True,True,False,False,False,False,False,0.110312,0.299609,0.1
1994-09-16,latest_vintage_causal,expansion,expansion,expansion,official,0.759166,0.476797,0.814381,high,0,False,0,0,2,0.347728,semantically_supported,official_equals_raw_high_quality,0.126991,0.035298,0.703689,0.889542,0.169318,0.075161,1e-06,0.0,expansion,True,True,False,False,False,False,False,0.26283,0.302184,0.1
1994-09-23,latest_vintage_causal,expansion,expansion,expansion,official,0.754823,0.570066,0.875932,high,0,False,0,0,3,0.342596,semantically_supported,official_equals_raw_high_quality,0.132723,0.035479,0.729128,0.920227,0.138148,0.044295,1e-06,0.0,expansion,True,True,False,False,False,False,False,0.327499,0.307389,0.1
1994-09-30,latest_vintage_causal,expansion,expansion,expansion,official,0.814233,0.67437,0.911238,high,0,False,0,0,3,0.317598,semantically_supported,official_equals_raw_high_quality,0.118238,0.030239,0.775741,0.941477,0.10602,0.028284,1e-06,0.0,expansion,True,True,False,False,False,False,False,0.436076,0.332971,0.1
1994-10-07,latest_vintage_causal,expansion,expansion,expansion,official,0.816224,0.690063,0.916118,high,0,False,0,0,4,0.316824,semantically_supported,official_equals_raw_high_quality,0.118321,0.029366,0.779361,0.945485,0.102317,0.025149,1e-06,0.0,expansion,True,True,False,False,False,False,False,0.489742,0.354767,0.1
1994-10-14,latest_vintage_causal,expansion,expansion,expansion,official,0.801028,0.549166,0.9,high,0,False,0,0,3,0.322834,semantically_supported,official_equals_raw_high_quality,0.116352,0.029786,0.743585,0.935107,0.140062,0.035107,1e-06,0.0,expansion,True,True,False,False,False,False,False,0.19866,0.345588,0.1
1994-10-21,latest_vintage_causal,expansion,expansion,expansion,official,0.775979,0.537836,0.892994,high,0,False,0,0,3,0.377163,semantically_supported,official_equals_raw_high_quality,0.121074,0.031283,0.736175,0.930855,0.14275,0.037861,1e-06,0.0,expansion,True,True,False,False,False,False,False,0.0185,0.342407,0.1
1994-10-28,latest_vintage_causal,expansion,expansion,expansion,official,0.773906,0.543925,0.892756,high,0,False,0,0,3,0.378173,semantically_supported,official_equals_raw_high_quality,0.121782,0.031659,0.737436,0.930548,0.140781,0.037792,1e-06,0.0,expansion,True,True,False,False,False,False,False,0.085089,0.335549,0.1
1994-11-04,latest_vintage_causal,expansion,expansion,expansion,official,0.892139,0.817524,0.929293,high,0,False,0,0,3,0.328055,semantically_supported,official_equals_raw_high_quality,0.106549,0.025735,0.816155,0.955028,0.077296,0.019236,1e-06,0.0,expansion,True,True,False,False,False,False,False,0.159983,0.341007,0.1
1994-11-11,latest_vintage_causal,expansion,expansion,expansion,official,0.914538,0.89797,0.937743,high,0,False,0,0,4,0.32002,semantically_supported,official_equals_raw_high_quality,0.103886,0.023971,0.831994,0.961715,0.064119,0.014314,1e-06,0.0,expansion,True,True,False,False,False,False,False,0.320628,0.373372,0.1
1994-11-18,latest_vintage_causal,expansion,expansion,expansion,official,0.951693,0.724787,0.927752,high,0,False,0,1,3,0.327691,semantically_supported,official_equals_raw_high_quality,0.09767,0.023168,0.793591,0.952292,0.108739,0.02454,1e-06,0.0,expansion,True,True,False,False,False,False,False,0.347388,0.383259,0.1
1994-11-25,latest_vintage_causal,expansion,expansion,expansion,official,0.95408,0.717078,0.924297,high,0,False,0,1,3,0.325124,semantically_supported,official_equals_raw_high_quality,0.097042,0.022955,0.792238,0.950671,0.110719,0.026374,1e-06,0.0,expansion,True,True,False,False,False,False,False,0.309359,0.40353,0.1
1994-12-02,latest_vintage_causal,expansion,expansion,expansion,official,0.878989,0.460693,0.874268,high,0,False,0,1,3,0.348572,semantically_supported,official_equals_raw_high_quality,0.100733,0.025887,0.70833,0.924191,0.190935,0.049922,1e-06,0.0,expansion,True,True,False,False,False,False,False,0.20823,0.406552,0.1
1994-12-09,latest_vintage_causal,expansion,expansion,expansion,official,0.870024,0.555786,0.884552,high,0,False,0,1,3,0.347897,semantically_supported,official_equals_raw_high_quality,0.106759,0.026988,0.737441,0.928782,0.155799,0.04423,1e-06,0.0,expansion,True,True,False,False,False,False,False,0.297357,0.40955,0.1
1994-12-16,latest_vintage_causal,expansion,expansion,expansion,official,0.89326,0.824901,0.930321,high,0,False,0,0,4,0.338848,semantically_supported,official_equals_raw_high_quality,0.106491,0.025102,0.817532,0.955423,0.075976,0.019475,1e-06,0.0,expansion,True,True,False,False,False,False,False,0.331183,0.427379,0.1
1994-12-23,latest_vintage_causal,expansion,expansion,expansion,official,0.937915,0.891578,0.93976,high,0,False,0,0,4,0.36878,semantically_supported,official_equals_raw_high_quality,0.099533,0.02283,0.835049,0.96259,0.065417,0.01458,1e-06,0.0,expansion,True,True,False,False,False,False,False,0.340513,0.438229,0.1
1994-12-30,latest_vintage_causal,expansion,expansion,expansion,official,0.971161,0.75036,0.937654,high,0,False,0,0,3,0.354398,semantically_supported,official_equals_raw_high_quality,0.091148,0.021019,0.816952,0.958673,0.0919,0.020308,1e-06,0.0,expansion,True,True,False,False,False,False,False,0.420308,0.457012,0.1
1995-01-06,latest_vintage_causal,expansion,expansion,expansion,official,0.968808,0.709553,0.932777,high,0,False,0,0,3,0.353515,semantically_supported,official_equals_raw_high_quality,0.090618,0.020875,0.808419,0.955951,0.100962,0.023174,1e-06,0.0,expansion,True,True,False,False,False,False,False,0.216974,0.453696,0.1
1995-01-13,latest_vintage_causal,expansion,expansion,expansion,official,0.969287,0.584924,0.915185,high,0,False,0,0,3,0.351084,semantically_supported,official_equals_raw_high_quality,0.087227,0.020658,0.778902,0.947263,0.13387,0.032079,1e-06,0.0,expansion,True,True,False,False,False,False,False,0.045843,0.434347,0.1
1995-01-20,latest_vintage_causal,expansion,expansion,expansion,official,0.946071,0.233123,0.822144,high,0,False,0,0,3,0.330702,semantically_supported,official_equals_raw_high_quality,0.076125,0.020573,0.649104,0.900786,0.274771,0.078642,1e-06,0.0,expansion,True,True,False,False,False,False,False,-0.261735,0.401797,0.1
1995-01-27,latest_vintage_causal,expansion,expansion,expansion,official,0.940617,0.202693,0.7736,high,0,False,0,0,3,0.33262,semantically_supported,official_equals_raw_high_quality,0.075216,0.020358,0.634442,0.876621,0.290341,0.103021,1e-06,0.0,expansion,True,True,False,False,False,False,False,-0.425258,0.376909,0.1
1995-02-03,latest_vintage_causal,expansion,expansion,expansion,official,0.948686,0.346762,0.817415,high,0,False,0,0,4,0.32979,semantically_supported,official_equals_raw_high_quality,0.081413,0.020579,0.697813,0.898418,0.220773,0.081003,1e-06,0.0,expansion,True,True,False,False,False,False,False,-0.402746,0.385832,0.1
1995-02-10,latest_vintage_causal,expansion,expansion,expansion,official,0.919141,0.251695,0.792985,high,0,False,0,0,3,0.340391,semantically_supported,official_equals_raw_high_quality,0.081007,0.021475,0.654722,0.885755,0.26427,0.09277,1e-06,0.0,expansion,True,True,False,False,False,False,False,-0.322217,0.399909,0.1
1995-02-17,latest_vintage_causal,expansion,slowdown,expansion,official,0.846721,-0.363059,0.239706,high,0,False,1,1,1,0.318542,semantically_supported,filter_absorbed_raw_flip,0.044912,0.018268,0.296186,0.610719,0.658901,0.371013,1e-06,0.0,slowdown,True,False,False,False,False,True,False,-0.330999,0.389085,0.1
1995-02-24,latest_vintage_causal,slowdown,slowdown,slowdown,official,0.833794,-0.414421,0.279226,high,0,False,0,1,1,0.32348,semantically_supported,official_equals_raw_high_quality,0.042128,0.011228,0.270776,0.354773,0.687095,0.633999,1e-06,0.0,slowdown,True,True,False,False,False,False,False,-0.588079,0.359882,0.1
1995-03-03,latest_vintage_causal,slowdown,slowdown,slowdown,official,0.812736,-0.549938,0.681667,high,0,False,0,1,0,0.331862,semantically_supported,official_equals_raw_high_quality,0.034132,0.005236,0.210389,0.156548,0.755478,0.838215,1e-06,0.0,slowdown,True,True,False,False,False,False,False,-0.794916,0.316821,0.1
1995-03-10,latest_vintage_causal,slowdown,slowdown,slowdown,official,0.795957,-0.669205,0.8795,high,0,False,0,2,0,0.335389,semantically_supported,official_equals_raw_high_quality,0.026537,0.002211,0.14852,0.059144,0.824942,0.938644,1e-06,0.0,slowdown,True,True,False,False,False,False,False,-0.855833,0.284296,0.1
1995-03-17,latest_vintage_causal,slowdown,slowdown,slowdown,official,0.773696,-0.594442,0.901015,high,0,False,0,2,0,0.317682,semantically_supported,official_equals_raw_high_quality,0.032351,0.001922,0.173223,0.048532,0.794425,0.949547,1e-06,0.0,slowdown,True,True,False,False,False,False,False,-0.7005,0.278822,0.1
1995-03-24,latest_vintage_causal,slowdown,slowdown,slowdown,official,0.719708,-0.834867,0.953923,high,0,False,0,3,0,0.341512,semantically_supported,official_equals_raw_high_quality,0.020409,0.001064,0.091755,0.022506,0.887835,0.976429,1e-06,0.0,slowdown,True,True,False,False,False,False,False,-0.630284,0.26561,0.1
1995-03-31,latest_vintage_causal,slowdown,slowdown,slowdown,official,0.720747,-0.850061,0.960906,high,0,False,0,3,0,0.341019,semantically_supported,official_equals_raw_high_quality,0.019674,0.000905,0.088635,0.019094,0.89169,0.98,1e-06,0.0,slowdown,True,True,False,False,False,False,False,-0.607171,0.27824,0.1
1995-04-07,latest_vintage_causal,slowdown,slowdown,slowdown,official,0.721661,-0.857558,0.962302,high,0,False,0,3,0,0.339702,semantically_supported,official_equals_raw_high_quality,0.019305,0.000871,0.087132,0.018414,0.893562,0.980715,1e-06,0.0,slowdown,True,True,False,False,False,False,False,-0.651592,0.286005,0.1
1995-04-14,latest_vintage_causal,slowdown,slowdown,slowdown,official,0.714083,-0.86132,0.962775,high,0,False,0,3,0,0.342416,semantically_supported,official_equals_raw_high_quality,0.019425,0.000873,0.086359,0.018176,0.894216,0.980951,1e-06,0.0,slowdown,True,True,False,False,False,False,False,-0.568196,0.293427,0.1
1995-04-21,latest_vintage_causal,slowdown,slowdown,slowdown,official,0.647827,-0.901159,0.966258,high,0,False,0,3,0,0.315095,semantically_supported,official_equals_raw_high_quality,0.020166,0.0009,0.078592,0.016421,0.901241,0.982679,1e-06,0.0,slowdown,True,True,False,False,False,False,False,-0.473412,0.281899,0.1
1995-04-28,latest_vintage_causal,slowdown,slowdown,slowdown,official,0.639029,-0.890338,0.96562,high,0,False,0,3,0,0.319433,semantically_supported,official_equals_raw_high_quality,0.021033,0.000935,0.080548,0.016723,0.898418,0.982342,1e-06,0.0,slowdown,True,True,False,False,False,False,False,-0.421859,0.24713,0.1
1995-05-05,latest_vintage_causal,slowdown,slowdown,slowdown,official,0.615888,-0.944032,0.969884,high,0,False,0,3,0,0.331435,semantically_supported,official_equals_raw_high_quality,0.01943,0.000857,0.071062,0.014629,0.909508,0.984514,1e-06,0.0,slowdown,True,True,False,False,False,False,False,-0.602839,0.176053,0.1
1995-05-12,latest_vintage_causal,slowdown,slowdown,slowdown,official,0.582335,-1.181361,0.983638,high,0,False,0,3,0,0.350532,semantically_supported,official_equals_raw_high_quality,0.011784,0.000497,0.040319,0.007933,0.947896,0.99157,1e-06,0.0,slowdown,True,True,False,False,False,False,False,-0.809774,0.127709,0.1
1995-05-19,latest_vintage_causal,slowdown,slowdown,slowdown,official,0.530221,-1.035362,0.977066,high,0,False,0,3,0,0.397937,semantically_supported,official_equals_raw_high_quality,0.018528,0.000768,0.057151,0.011083,0.92432,0.988149,1e-06,0.0,slowdown,True,True,False,False,False,False,False,-0.881608,0.096679,0.1
1995-05-26,latest_vintage_causal,slowdown,slowdown,slowdown,official,0.514996,-1.09581,0.979962,high,0,False,0,3,0,0.40768,semantically_supported,official_equals_raw_high_quality,0.016528,0.000694,0.049464,0.009672,0.934006,0.989634,1e-06,0.0,slowdown,True,True,False,False,False,False,False,-1.267948,0.027377,0.1
1995-06-02,latest_vintage_causal,slowdown,slowdown,slowdown,official,0.478117,-1.221861,0.987264,high,0,False,0,4,0,0.437952,semantically_supported,official_equals_raw_high_quality,0.012413,0.000507,0.032113,0.006115,0.955473,0.993378,1e-06,0.0,slowdown,True,True,False,False,False,False,False,-1.426431,-0.001561,0.1
1995-06-09,latest_vintage_causal,slowdown,slowdown,slowdown,official,0.476413,-1.143896,0.984766,high,0,False,0,4,0,0.437018,semantically_supported,official_equals_raw_high_quality,0.01506,0.000608,0.03883,0.007313,0.94611,0.992079,1e-06,0.0,slowdown,True,True,False,False,False,False,False,-1.467079,-0.006735,0.1
1995-06-16,latest_vintage_causal,slowdown,slowdown,slowdown,official,0.491401,-0.990903,0.977417,high,0,False,0,4,0,0.417046,semantically_supported,official_equals_raw_high_quality,0.021101,0.000877,0.056052,0.010853,0.922846,0.98827,1e-06,0.0,slowdown,True,True,False,False,False,False,False,-1.481224,-0.026625,0.1
1995-06-23,latest_vintage_causal,slowdown,slowdown,slowdown,official,0.482151,-0.771862,0.954598,high,0,False,0,3,0,0.412486,semantically_supported,official_equals_raw_high_quality,0.037193,0.001678,0.104271,0.021862,0.858535,0.97646,1e-06,0.0,slowdown,True,True,False,False,False,False,False,-1.354134,-0.039795,0.1
1995-06-30,latest_vintage_causal,slowdown,slowdown,slowdown,official,0.511692,-0.539046,0.903468,high,0,False,0,2,0,0.398303,semantically_supported,official_equals_raw_high_quality,0.059394,0.003182,0.188903,0.046675,0.751702,0.950143,1e-06,0.0,slowdown,True,True,False,False,False,False,False,-0.858716,-0.006202,0.1
1995-07-07,latest_vintage_causal,slowdown,slowdown,slowdown,official,0.512457,-0.486717,0.876793,high,0,False,0,2,0,0.398376,semantically_supported,official_equals_raw_high_quality,0.065486,0.004089,0.208597,0.059559,0.725916,0.936352,1e-06,0.0,slowdown,True,True,False,False,False,False,False,-0.598898,0.000223,0.1
1995-07-14,latest_vintage_causal,slowdown,slowdown,slowdown,official,0.498281,-0.355876,0.822204,low,0,True,0,2,0,0.40623,low_evidence_ambiguous,low_separation_or_stale,0.084715,0.006101,0.262349,0.085848,0.652935,0.908051,1e-06,0.0,slowdown,True,True,False,False,False,False,False,-0.481496,-0.00672,0.1
1995-07-21,latest_vintage_causal,slowdown,slowdown,slowdown,official,0.464732,-0.36861,0.807422,low,0,True,0,2,1,0.309251,low_evidence_ambiguous,low_separation_or_stale,0.088135,0.007141,0.255329,0.092718,0.656536,0.900141,1e-06,0.0,slowdown,True,True,False,False,False,False,False,-0.294248,-0.036709,0.1
1995-07-28,latest_vintage_causal,slowdown,slowdown,slowdown,official,0.449488,-0.393632,0.812975,high,0,False,0,2,1,0.300335,semantically_supported,official_equals_raw_high_quality,0.086837,0.007223,0.244058,0.089901,0.669105,0.902876,1e-06,0.0,slowdown,True,True,False,False,False,False,False,-0.515886,-0.114285,0.1
1995-08-04,latest_vintage_causal,slowdown,slowdown,slowdown,official,0.461084,-0.228839,0.731455,low,0,True,0,2,2,0.296295,low_evidence_ambiguous,low_separation_or_stale,0.110553,0.010183,0.31796,0.129181,0.571486,0.860636,1e-06,0.0,slowdown,True,True,False,False,False,False,False,-0.451807,-0.106132,0.1
1995-08-11,latest_vintage_causal,slowdown,slowdown,slowdown,official,0.472298,-0.148572,0.634746,low,0,True,0,2,2,0.300959,low_evidence_ambiguous,low_separation_or_stale,0.121297,0.013732,0.356724,0.175761,0.521978,0.810507,1e-06,0.0,slowdown,True,True,False,False,False,False,False,-0.162672,-0.062512,0.1
1995-08-18,latest_vintage_causal,slowdown,slowdown,slowdown,official,0.482018,-0.02547,0.466609,low,0,True,0,2,1,0.453384,low_evidence_ambiguous,low_separation_or_stale,0.138912,0.019925,0.4165,0.256733,0.444587,0.723342,1e-06,0.0,slowdown,True,True,False,False,False,False,False,0.282702,0.021442,0.1
1995-08-25,latest_vintage_causal,slowdown,expansion,slowdown,official,0.493971,0.008634,0.313625,low,0,True,1,2,1,0.441013,neutral_band_retention,neutral_band,0.14137,0.025451,0.434063,0.330462,0.424566,0.644087,1e-06,0.0,expansion,True,False,False,False,False,True,False,0.448425,0.091569,0.1
1995-09-01,latest_vintage_causal,slowdown,slowdown,slowdown,official,0.48121,-0.145417,0.381429,low,0,True,0,2,0,0.45128,low_evidence_ambiguous,low_separation_or_stale,0.119926,0.023714,0.358998,0.297428,0.521075,0.678857,1e-06,0.0,slowdown,True,True,False,False,False,False,False,0.32697,0.071609,0.1
1995-09-08,latest_vintage_causal,slowdown,slowdown,slowdown,official,0.476561,-0.033944,0.272233,low,0,True,0,1,0,0.45425,low_evidence_ambiguous,low_separation_or_stale,0.143053,0.028239,0.424289,0.349764,0.432656,0.621997,1e-06,0.0,slowdown,True,True,False,False,False,False,False,0.29114,0.056076,0.1
1995-09-15,latest_vintage_causal,slowdown,expansion,expansion,official,0.548734,0.160641,0.107494,high,1,False,1,0,0,0.393267,bounded_confirmation_lag,confirmation_in_flight,0.15107,0.035559,0.550931,0.535967,0.297998,0.428474,1e-06,0.0,expansion,True,False,False,False,False,True,False,0.239852,0.01403,0.1
1995-09-22,latest_vintage_causal,expansion,expansion,expansion,official,0.537363,0.543692,0.669106,high,0,False,0,0,1,0.387915,semantically_supported,official_equals_raw_high_quality,0.189105,0.053088,0.67422,0.808009,0.136675,0.138903,1e-06,0.0,expansion,True,True,False,False,False,False,False,0.448481,-0.020121,0.1
1995-09-29,latest_vintage_causal,expansion,expansion,expansion,official,0.561077,0.581142,0.833046,high,0,False,0,0,1,0.365249,semantically_supported,official_equals_raw_high_quality,0.184306,0.05612,0.688832,0.889166,0.126861,0.054714,1e-06,0.0,expansion,True,True,False,False,False,False,False,0.423423,-0.017287,0.1
1995-10-06,latest_vintage_causal,expansion,expansion,expansion,official,0.559959,0.514495,0.841749,high,0,False,0,0,1,0.364876,semantically_supported,official_equals_raw_high_quality,0.180381,0.056327,0.672666,0.898076,0.146952,0.045596,1e-06,0.0,expansion,True,True,False,False,False,False,False,0.197059,-0.021535,0.1
1995-10-13,latest_vintage_causal,expansion,expansion,expansion,official,0.551534,0.332402,0.79933,high,0,False,0,1,1,0.368987,semantically_supported,official_equals_raw_high_quality,0.165551,0.05553,0.607111,0.8719,0.227337,0.07257,1e-06,0.0,expansion,True,True,False,False,False,False,False,-0.228476,-0.02676,0.1
1995-10-20,latest_vintage_causal,expansion,slowdown,expansion,official,0.487435,-0.124091,0.458166,low,0,True,1,2,1,0.339717,neutral_band_retention,neutral_band,0.122012,0.054277,0.36979,0.701945,0.508198,0.243778,1e-06,0.0,slowdown,True,False,False,False,False,True,False,-0.516676,-0.01677,0.1
1995-10-27,latest_vintage_causal,expansion,slowdown,expansion,official,0.481147,-0.137213,0.172787,low,0,True,2,2,1,0.336972,neutral_band_retention,neutral_band,0.121253,0.046224,0.362926,0.563282,0.51582,0.390495,1e-06,0.0,slowdown,True,False,False,False,False,True,False,-0.586147,-0.052197,0.1
1995-11-03,latest_vintage_causal,expansion,slowdown,slowdown,official,0.475937,-0.108896,0.006392,low,1,True,3,2,2,0.328212,bounded_confirmation_lag,confirmation_in_flight,0.126938,0.039903,0.376025,0.476852,0.497036,0.483244,1e-06,0.0,slowdown,True,False,False,False,False,True,False,-0.725817,-0.09872,0.1
1995-11-10,latest_vintage_causal,expansion,slowdown,slowdown,official,0.462878,-0.159006,0.19413,low,2,True,4,2,2,0.329668,bounded_confirmation_lag,confirmation_in_flight,0.121591,0.033138,0.350956,0.386366,0.527451,0.580496,1e-06,0.0,slowdown,True,False,False,False,False,True,False,-0.648333,-0.125678,0.1
1995-11-17,latest_vintage_causal,slowdown,slowdown,slowdown,official,0.443851,-0.527432,0.69589,high,0,False,0,3,1,0.334387,semantically_supported,official_equals_raw_high_quality,0.066519,0.013791,0.172815,0.14516,0.760665,0.84105,1e-06,0.0,slowdown,True,True,False,False,False,False,False,-0.487495,-0.126082,0.1
1995-11-24,latest_vintage_causal,slowdown,slowdown,slowdown,official,0.44268,-0.513555,0.84657,high,0,False,0,3,1,0.335334,semantically_supported,official_equals_raw_high_quality,0.068483,0.006754,0.177504,0.073338,0.754012,0.919908,1e-06,0.0,slowdown,True,True,False,False,False,False,False,-0.596529,-0.146593,0.1
1995-12-01,latest_vintage_causal,slowdown,slowdown,slowdown,official,0.46129,-0.517707,0.885371,high,0,False,0,3,1,0.321993,semantically_supported,official_equals_raw_high_quality,0.06563,0.004668,0.17652,0.05498,0.75785,0.940351,1e-06,0.0,slowdown,True,True,False,False,False,False,False,-0.599451,-0.151997,0.1
1995-12-08,latest_vintage_causal,slowdown,slowdown,slowdown,official,0.456935,-0.480976,0.884462,high,0,False,0,3,1,0.326205,semantically_supported,official_equals_raw_high_quality,0.070992,0.004649,0.189297,0.055444,0.73971,0.939907,1e-06,0.0,slowdown,True,True,False,False,False,False,False,-0.545712,-0.146029,0.1
1995-12-15,latest_vintage_causal,slowdown,slowdown,slowdown,official,0.467907,-0.427646,0.868543,high,0,False,0,3,1,0.333301,semantically_supported,official_equals_raw_high_quality,0.076837,0.005175,0.2094,0.063141,0.713762,0.931684,1e-06,0.0,slowdown,True,True,False,False,False,False,False,-0.335707,-0.09117,0.1
1995-12-22,latest_vintage_causal,slowdown,slowdown,slowdown,official,0.493278,-0.054571,0.608499,low,0,True,0,1,1,0.321331,low_evidence_ambiguous,low_separation_or_stale,0.132232,0.012979,0.431888,0.189261,0.435879,0.79776,1e-06,0.0,slowdown,True,True,False,False,False,False,False,-0.067366,-0.067432,0.1
1995-12-29,latest_vintage_causal,slowdown,slowdown,slowdown,official,0.47297,-0.112224,0.484298,low,0,True,0,1,0,0.338674,low_evidence_ambiguous,low_separation_or_stale,0.128094,0.018101,0.40182,0.2488,0.470086,0.733098,1e-06,0.0,slowdown,True,True,False,False,False,False,False,0.220457,-0.051599,0.1
1996-01-05,latest_vintage_causal,slowdown,expansion,slowdown,official,0.481336,-0.036813,0.320092,low,0,True,1,1,0,0.347065,neutral_band_retention,neutral_band,0.13764,0.023966,0.439005,0.327971,0.423355,0.648063,1e-06,0.0,slowdown,True,True,False,False,False,False,False,0.578377,-0.000849,0.1
1996-01-12,latest_vintage_causal,slowdown,slowdown,slowdown,official,0.464672,-0.152802,0.338143,low,0,True,0,1,0,0.35629,low_evidence_ambiguous,low_separation_or_stale,0.123596,0.024359,0.381365,0.318749,0.495039,0.656892,1e-06,0.0,slowdown,True,True,False,False,False,False,False,0.517127,-0.014875,0.1
1996-01-19,latest_vintage_causal,slowdown,slowdown,slowdown,official,0.429597,-0.24384,0.495157,low,0,True,0,2,1,0.321116,low_evidence_ambiguous,low_separation_or_stale,0.114318,0.02129,0.308838,0.241776,0.576842,0.736933,1e-06,0.0,slowdown,True,True,False,False,False,False,False,1.080087,0.085997,0.1
1996-01-26,latest_vintage_causal,slowdown,slowdown,slowdown,official,0.410001,-0.297196,0.623845,low,0,True,0,2,1,0.331302,low_evidence_ambiguous,low_separation_or_stale,0.109142,0.01676,0.283587,0.179697,0.607271,0.803542,1e-06,0.0,slowdown,True,True,False,False,False,False,False,0.631241,-0.015968,0.1
1996-02-02,latest_vintage_causal,slowdown,slowdown,slowdown,official,0.37762,-0.549005,0.840114,high,0,False,0,3,1,0.332683,semantically_supported,official_equals_raw_high_quality,0.07209,0.008037,0.164181,0.075924,0.763728,0.916039,1e-06,0.0,slowdown,True,True,False,False,False,False,False,0.252995,-0.092599,0.1
1996-02-09,latest_vintage_causal,slowdown,slowdown,slowdown,official,0.387849,-0.415026,0.841925,high,0,False,0,2,1,0.311809,semantically_supported,official_equals_raw_high_quality,0.095012,0.007546,0.22083,0.075264,0.684157,0.91719,1e-06,0.0,slowdown,True,True,False,False,False,False,False,-0.202652,-0.136424,0.1
1996-02-16,latest_vintage_causal,slowdown,slowdown,slowdown,official,0.28167,-0.909124,0.958022,high,0,False,0,3,0,0.264593,semantically_supported,official_equals_raw_high_quality,0.040361,0.0026,0.070657,0.019689,0.888981,0.977711,1e-06,0.0,slowdown,True,True,False,False,False,False,False,-1.005957,-0.287695,0.1
1996-02-23,latest_vintage_causal,slowdown,slowdown,slowdown,official,0.374616,-0.536413,0.908594,high,0,False,0,2,0,0.402042,semantically_supported,official_equals_raw_high_quality,0.077904,0.004273,0.176366,0.043566,0.745729,0.952161,1e-06,0.0,slowdown,True,True,False,False,False,False,False,-0.745686,-0.215859,0.1
1996-03-01,latest_vintage_causal,slowdown,slowdown,slowdown,official,0.448105,-0.109305,0.691635,low,0,True,0,1,1,0.359829,low_evidence_ambiguous,low_separation_or_stale,0.137558,0.011867,0.385551,0.148249,0.47689,0.839884,1e-06,0.0,slowdown,True,True,False,False,False,False,False,-0.755734,-0.16733,0.1
1996-03-08,latest_vintage_causal,slowdown,expansion,slowdown,official,0.45187,0.118076,0.328267,low,0,True,1,1,2,0.358707,neutral_band_retention,neutral_band,0.183776,0.028387,0.482756,0.321673,0.333467,0.64994,1e-06,0.0,expansion,True,False,False,False,False,True,False,-0.643794,-0.157859,0.1
1996-03-15,latest_vintage_causal,slowdown,expansion,slowdown,official,0.465597,0.094219,0.079728,low,0,True,2,1,2,0.367565,neutral_band_retention,neutral_band,0.176,0.040154,0.47512,0.440059,0.348879,0.519787,1e-06,0.0,expansion,True,False,False,False,False,True,False,-0.791611,-0.088547,0.1
1996-03-22,latest_vintage_causal,expansion,expansion,expansion,official,0.463871,0.413593,0.439805,high,0,False,0,1,3,0.327829,semantically_supported,official_equals_raw_high_quality,0.219209,0.064577,0.589736,0.687614,0.191054,0.247809,1e-06,0.0,expansion,True,True,False,False,False,False,False,-0.298949,-0.083234,0.1
1996-03-29,latest_vintage_causal,expansion,expansion,expansion,official,0.440328,0.467072,0.6918,high,0,False,0,1,3,0.31146,semantically_supported,official_equals_raw_high_quality,0.232965,0.081621,0.598086,0.805089,0.168948,0.113289,1e-06,0.0,expansion,True,True,False,False,False,False,False,-0.467162,-0.19885,0.1
1996-04-05,latest_vintage_causal,expansion,expansion,expansion,official,0.427695,0.450013,0.74543,high,0,False,0,1,3,0.30333,semantically_supported,official_equals_raw_high_quality,0.235714,0.089678,0.590135,0.835108,0.17415,0.075215,1e-06,0.0,expansion,True,True,False,False,False,False,False,-0.566591,-0.26527,0.1
1996-04-12,latest_vintage_causal,expansion,expansion,expansion,official,0.421246,0.355297,0.746655,low,0,True,0,1,2,0.305073,low_evidence_ambiguous,low_separation_or_stale,0.214751,0.086148,0.570611,0.832802,0.214637,0.08105,1e-06,0.0,expansion,True,True,False,False,False,False,False,0.084954,-0.273766,0.1
1996-04-19,latest_vintage_causal,expansion,expansion,expansion,official,0.460688,0.376179,0.765939,low,0,True,0,0,1,0.356185,low_evidence_ambiguous,low_separation_or_stale,0.207167,0.079798,0.595362,0.845737,0.19747,0.074465,1e-06,0.0,expansion,True,True,False,False,False,False,False,0.001987,-0.219019,0.1
1996-04-26,latest_vintage_causal,expansion,expansion,expansion,official,0.485171,0.437637,0.787015,high,0,False,0,0,1,0.372833,semantically_supported,official_equals_raw_high_quality,0.20525,0.075106,0.619273,0.862121,0.175476,0.062773,1e-06,0.0,expansion,True,True,False,False,False,False,False,0.327852,-0.096607,0.1
1996-05-03,latest_vintage_causal,expansion,expansion,expansion,official,0.498099,0.163201,0.704695,low,0,True,0,0,0,0.39084,low_evidence_ambiguous,low_separation_or_stale,0.170424,0.067752,0.527583,0.818471,0.301992,0.113777,1e-06,0.0,expansion,True,True,False,False,False,False,False,0.882265,0.037609,0.1
1996-05-10,latest_vintage_causal,expansion,expansion,expansion,official,0.523431,0.243666,0.704271,high,0,False,0,0,0,0.370752,semantically_supported,official_equals_raw_high_quality,0.173251,0.06345,0.564037,0.82041,0.262711,0.11614,1e-06,0.0,expansion,True,True,False,False,False,False,False,0.931202,0.121035,0.1
1996-05-17,latest_vintage_causal,expansion,expansion,expansion,official,0.584588,0.500114,0.82173,high,0,False,0,0,1,0.372936,semantically_supported,official_equals_raw_high_quality,0.172296,0.055639,0.674761,0.883045,0.152942,0.061316,1e-06,0.0,expansion,True,True,False,False,False,False,False,0.994283,0.142482,0.1
1996-05-24,latest_vintage_causal,expansion,expansion,expansion,official,0.599278,0.654284,0.860621,high,0,False,0,0,1,0.362655,semantically_supported,official_equals_raw_high_quality,0.177051,0.052962,0.713933,0.913583,0.109015,0.033454,1e-06,0.0,expansion,True,True,False,False,False,False,False,1.798983,0.210685,0.1
1996-05-31,latest_vintage_causal,expansion,expansion,expansion,official,0.622174,0.834627,0.880227,high,0,False,0,0,1,0.348253,semantically_supported,official_equals_raw_high_quality,0.177743,0.050535,0.750099,0.930762,0.072157,0.018704,1e-06,0.0,expansion,True,True,False,False,False,False,False,2.12141,0.2171,0.1
1996-06-07,latest_vintage_causal,expansion,expansion,expansion,official,0.620482,0.839566,0.882775,high,0,False,0,0,1,0.348151,semantically_supported,official_equals_raw_high_quality,0.178397,0.050054,0.750331,0.93283,0.071271,0.017116,1e-06,0.0,expansion,True,True,False,False,False,False,False,2.145475,0.214453,0.1
1996-06-14,latest_vintage_causal,expansion,expansion,expansion,official,0.626394,0.883422,0.878883,high,0,False,0,0,2,0.344865,semantically_supported,official_equals_raw_high_quality,0.188863,0.052984,0.747666,0.931867,0.06347,0.015149,1e-06,0.0,expansion,True,True,False,False,False,False,False,1.944152,0.226651,0.1
1996-06-21,latest_vintage_causal,expansion,expansion,expansion,official,0.677314,0.832748,0.885581,high,0,False,0,0,3,0.353406,semantically_supported,official_equals_raw_high_quality,0.172296,0.048652,0.754749,0.934234,0.072954,0.017114,1e-06,0.0,expansion,True,True,False,False,False,False,False,1.484802,0.247691,0.1
1996-06-28,latest_vintage_causal,expansion,expansion,expansion,official,0.677307,0.718402,0.882056,high,0,False,0,0,3,0.35341,semantically_supported,official_equals_raw_high_quality,0.168123,0.047443,0.736458,0.929499,0.095418,0.023058,1e-06,0.0,expansion,True,True,False,False,False,False,False,0.912842,0.255147,0.1
1996-07-05,latest_vintage_causal,expansion,expansion,expansion,official,0.722368,0.960205,0.89936,high,0,False,0,0,4,0.331364,semantically_supported,official_equals_raw_high_quality,0.163263,0.04382,0.782193,0.94318,0.054543,0.012999,1e-06,0.0,expansion,True,True,False,False,False,False,False,0.608128,0.269238,0.1
1996-07-12,latest_vintage_causal,expansion,expansion,expansion,official,0.726208,0.871445,0.905061,high,0,False,0,0,3,0.329612,semantically_supported,official_equals_raw_high_quality,0.150509,0.039732,0.781114,0.944793,0.068376,0.015474,1e-06,0.0,expansion,True,True,False,False,False,False,False,0.592937,0.28502,0.1
1996-07-19,latest_vintage_causal,expansion,expansion,expansion,official,0.645113,0.331278,0.819691,high,0,False,0,1,1,0.324895,semantically_supported,official_equals_raw_high_quality,0.146942,0.045785,0.609314,0.886953,0.243743,0.067262,1e-06,0.0,expansion,True,True,False,False,False,False,False,0.268112,0.275122,0.1
1996-07-26,latest_vintage_causal,expansion,expansion,expansion,official,0.654063,0.352052,0.791158,high,0,False,0,1,1,0.318572,semantically_supported,official_equals_raw_high_quality,0.146583,0.046107,0.618735,0.872525,0.234682,0.081368,1e-06,0.0,expansion,True,True,False,False,False,False,False,0.389664,0.309633,0.1
1996-08-02,latest_vintage_causal,expansion,expansion,expansion,official,0.614458,0.017303,0.59263,high,0,False,0,1,0,0.33713,semantically_supported,official_equals_raw_high_quality,0.119185,0.044477,0.464995,0.774077,0.41582,0.181447,1e-06,0.0,expansion,True,True,False,False,False,False,False,0.550384,0.344014,0.1
1996-08-09,latest_vintage_causal,expansion,slowdown,expansion,official,0.620575,-0.030177,0.417235,high,0,False,1,1,0,0.333807,semantically_supported,filter_absorbed_raw_flip,0.111887,0.039785,0.441863,0.688725,0.446249,0.27149,1e-06,0.0,slowdown,True,False,False,False,False,True,False,0.734944,0.399227,0.1
1996-08-16,latest_vintage_causal,expansion,expansion,expansion,official,0.655154,-0.005975,0.377506,high,0,False,0,0,0,0.316189,semantically_supported,official_equals_raw_high_quality,0.10821,0.033991,0.487605,0.671757,0.404185,0.294251,1e-06,0.0,slowdown,True,False,False,False,False,True,False,0.808355,0.437348,0.1
1996-08-23,latest_vintage_causal,expansion,slowdown,expansion,official,0.657994,-0.094035,0.189805,high,0,False,1,1,0,0.324177,semantically_supported,filter_absorbed_raw_flip,0.096953,0.030197,0.412454,0.579804,0.490592,0.389999,1e-06,0.0,slowdown,True,False,False,False,False,True,False,0.712077,0.421818,0.1
1996-08-30,latest_vintage_causal,slowdown,slowdown,slowdown,official,0.663486,-0.306269,0.271602,high,0,False,0,2,0,0.321493,semantically_supported,official_equals_raw_high_quality,0.069219,0.019614,0.278288,0.354392,0.652492,0.625994,1e-06,0.0,slowdown,True,True,False,False,False,False,False,0.519563,0.390739,0.1
1996-09-06,latest_vintage_causal,slowdown,slowdown,slowdown,official,0.661178,-0.336277,0.570966,high,0,False,0,2,0,0.322616,semantically_supported,official_equals_raw_high_quality,0.066071,0.011655,0.264416,0.208689,0.669512,0.779655,1e-06,0.0,slowdown,True,True,False,False,False,False,False,0.368646,0.371766,0.1
1996-09-13,latest_vintage_causal,slowdown,slowdown,slowdown,official,0.654339,-0.384652,0.751028,high,0,False,0,3,0,0.325988,semantically_supported,official_equals_raw_high_quality,0.058819,0.006797,0.232214,0.121087,0.708966,0.872115,1e-06,0.0,slowdown,True,True,False,False,False,False,False,0.317113,0.350066,0.1
1996-09-20,latest_vintage_causal,slowdown,slowdown,slowdown,official,0.664901,-0.080313,0.594824,high,0,False,0,2,1,0.338213,semantically_supported,official_equals_raw_high_quality,0.094238,0.010051,0.406449,0.197563,0.499312,0.792386,1e-06,0.0,slowdown,True,True,False,False,False,False,False,0.181556,0.353332,0.1
1996-09-27,latest_vintage_causal,slowdown,slowdown,slowdown,official,0.655374,-0.140305,0.550976,high,0,False,0,2,1,0.340256,semantically_supported,official_equals_raw_high_quality,0.088536,0.011303,0.37469,0.21886,0.536774,0.769836,1e-06,0.0,slowdown,True,True,False,False,False,False,False,-0.131914,0.315115,0.1
1996-10-04,latest_vintage_causal,slowdown,expansion,slowdown,official,0.652095,0.053383,0.266728,high,0,False,1,1,3,0.341967,semantically_supported,filter_absorbed_raw_flip,0.112275,0.017525,0.502854,0.357873,0.38487,0.624601,1e-06,0.0,expansion,True,False,False,False,False,True,False,-0.575321,0.268874,0.1
1996-10-11,latest_vintage_causal,slowdown,expansion,expansion,official,0.654716,0.099859,0.037642,low,1,False,2,0,3,0.340598,bounded_confirmation_lag,confirmation_in_flight,0.119792,0.024624,0.539327,0.506509,0.340879,0.468867,1e-06,0.0,expansion,True,False,False,False,False,True,False,-0.730186,0.270332,0.1
1996-10-18,latest_vintage_causal,slowdown,slowdown,slowdown,official,0.620279,-0.134705,0.040081,low,0,False,0,0,1,0.314043,low_evidence_ambiguous,low_separation_or_stale,0.099493,0.024399,0.418296,0.46776,0.48221,0.507841,1e-06,0.0,slowdown,True,True,False,False,False,False,False,-0.707086,0.260121,0.1
1996-10-25,latest_vintage_causal,slowdown,expansion,slowdown,official,0.631054,-0.061627,0.003302,low,0,False,1,0,1,0.30868,semantically_supported,filter_absorbed_raw_flip,0.106367,0.025108,0.456878,0.485795,0.436754,0.489097,1e-06,0.0,slowdown,True,True,False,False,False,False,False,-0.344967,0.313443,0.1
1996-11-01,latest_vintage_causal,slowdown,slowdown,slowdown,official,0.605486,-0.24332,0.264887,high,0,False,0,1,0,0.321715,semantically_supported,official_equals_raw_high_quality,0.086844,0.020666,0.332826,0.357223,0.58033,0.62211,1e-06,0.0,slowdown,True,True,False,False,False,False,False,-0.280191,0.309,0.1
1996-11-08,latest_vintage_causal,slowdown,slowdown,slowdown,official,0.609035,-0.159235,0.338577,high,0,False,0,1,0,0.319841,semantically_supported,official_equals_raw_high_quality,0.097228,0.018764,0.375262,0.321329,0.527509,0.659906,1e-06,0.0,slowdown,True,True,False,False,False,False,False,-0.189739,0.307861,0.1
1996-11-15,latest_vintage_causal,slowdown,slowdown,slowdown,official,0.642263,-0.055576,0.269587,high,0,False,0,1,0,0.305854,semantically_supported,official_equals_raw_high_quality,0.104523,0.019423,0.430967,0.355495,0.46451,0.625082,1e-06,0.0,slowdown,True,True,False,False,False,False,False,-0.101126,0.332434,0.1
1996-11-22,latest_vintage_causal,slowdown,expansion,slowdown,official,0.671064,0.035537,0.110743,high,0,False,1,1,0,0.345776,semantically_supported,filter_absorbed_raw_flip,0.109982,0.022144,0.4802,0.433556,0.409817,0.5443,1e-06,0.0,expansion,True,False,False,False,False,True,False,-0.093679,0.29619,0.1
1996-11-29,latest_vintage_causal,slowdown,expansion,expansion,official,0.677557,0.089056,0.06889,low,1,False,2,1,0,0.33957,bounded_confirmation_lag,confirmation_in_flight,0.11476,0.026046,0.50757,0.521422,0.37767,0.452532,1e-06,0.0,expansion,True,False,False,False,False,True,False,0.195352,0.31622,0.1
1996-12-06,latest_vintage_causal,slowdown,expansion,expansion,official,0.682532,0.119606,0.228221,high,2,False,3,1,0,0.334272,bounded_confirmation_lag,confirmation_in_flight,0.117092,0.02958,0.523032,0.59932,0.359875,0.371099,1e-06,0.0,expansion,True,False,False,False,False,True,False,0.348084,0.352576,0.1
1996-12-13,latest_vintage_causal,expansion,expansion,expansion,official,0.663163,0.000754,0.195713,high,0,False,0,1,0,0.344035,semantically_supported,official_equals_raw_high_quality,0.107432,0.02987,0.461757,0.582921,0.430809,0.387208,1e-06,0.0,expansion,True,True,False,False,False,False,False,0.075477,0.280141,0.1
1996-12-20,latest_vintage_causal,expansion,expansion,expansion,official,0.68916,0.223551,0.420173,high,0,False,0,1,2,0.347969,semantically_supported,official_equals_raw_high_quality,0.126387,0.033966,0.572041,0.693103,0.301571,0.27293,1e-06,0.0,expansion,True,True,False,False,False,False,False,-0.292103,0.250633,0.1
1996-12-27,latest_vintage_causal,expansion,expansion,expansion,official,0.682731,0.199527,0.522945,high,0,False,0,1,2,0.351246,semantically_supported,official_equals_raw_high_quality,0.125408,0.036621,0.560401,0.743162,0.31419,0.220217,1e-06,0.0,expansion,True,True,False,False,False,False,False,-0.394325,0.223281,0.1
1997-01-03,latest_vintage_causal,expansion,expansion,expansion,official,0.67266,0.317946,0.694573,high,0,False,0,0,3,0.356505,semantically_supported,official_equals_raw_high_quality,0.136013,0.039129,0.634595,0.827722,0.229391,0.133149,1e-06,0.0,expansion,True,True,False,False,False,False,False,-0.852456,0.118339,0.1
1997-01-10,latest_vintage_causal,expansion,expansion,expansion,official,0.674768,0.242297,0.721258,high,0,False,0,0,3,0.354499,semantically_supported,official_equals_raw_high_quality,0.12918,0.039287,0.605245,0.840986,0.265575,0.119728,1e-06,0.0,expansion,True,True,False,False,False,False,False,-0.932273,0.124743,0.1
1997-01-17,latest_vintage_causal,expansion,slowdown,expansion,official,0.594332,-0.286639,0.241796,high,0,False,1,1,1,0.364539,semantically_supported,filter_absorbed_raw_flip,0.082977,0.035148,0.311033,0.603324,0.60599,0.361528,1e-06,0.0,slowdown,True,False,False,False,False,True,False,-0.577871,0.168836,0.1
1997-01-24,latest_vintage_causal,slowdown,slowdown,slowdown,official,0.598759,-0.304243,0.168569,high,0,False,0,1,1,0.361844,semantically_supported,official_equals_raw_high_quality,0.080069,0.024326,0.302787,0.403553,0.617143,0.572121,1e-06,0.0,slowdown,True,True,False,False,False,False,False,-0.630647,0.176328,0.1
1997-01-31,latest_vintage_causal,slowdown,slowdown,slowdown,official,0.620389,-0.261226,0.389906,high,0,False,0,1,1,0.349229,semantically_supported,official_equals_raw_high_quality,0.082275,0.017109,0.324801,0.296492,0.592923,0.686399,1e-06,0.0,slowdown,True,True,False,False,False,False,False,-0.532338,0.235459,0.1
1997-02-07,latest_vintage_causal,slowdown,slowdown,slowdown,official,0.626462,-0.169711,0.429413,high,0,False,0,1,1,0.343186,semantically_supported,official_equals_raw_high_quality,0.092892,0.015585,0.371165,0.277501,0.535942,0.706914,1e-06,0.0,slowdown,True,True,False,False,False,False,False,-0.075613,0.267382,0.1
1997-02-14,latest_vintage_causal,slowdown,expansion,slowdown,official,0.646251,0.015074,0.250612,high,0,False,1,1,1,0.33014,semantically_supported,filter_absorbed_raw_flip,0.112438,0.019585,0.467293,0.364901,0.420268,0.615514,1e-06,0.0,expansion,True,False,False,False,False,True,False,0.319347,0.329138,0.1
1997-02-21,latest_vintage_causal,expansion,expansion,expansion,official,0.771146,0.429109,0.451459,high,0,False,0,0,2,0.337802,semantically_supported,official_equals_raw_high_quality,0.116753,0.026314,0.70311,0.712573,0.180136,0.261113,1e-06,0.0,expansion,True,True,False,False,False,False,False,0.808307,0.414596,0.1
1997-02-28,latest_vintage_causal,expansion,expansion,expansion,official,0.780719,0.56309,0.806379,high,0,False,0,0,2,0.33366,semantically_supported,official_equals_raw_high_quality,0.12116,0.030293,0.743671,0.888043,0.135169,0.081664,1e-06,0.0,expansion,True,True,False,False,False,False,False,1.478209,0.462462,0.1
1997-03-07,latest_vintage_causal,expansion,expansion,expansion,official,0.80462,0.602361,0.890316,high,0,False,0,0,2,0.323749,semantically_supported,official_equals_raw_high_quality,0.117722,0.029851,0.757735,0.930232,0.124542,0.039916,1e-06,0.0,expansion,True,True,False,False,False,False,False,1.64986,0.511176,0.1
1997-03-14,latest_vintage_causal,expansion,expansion,expansion,official,0.814609,0.64606,0.91126,high,0,False,0,0,3,0.319779,semantically_supported,official_equals_raw_high_quality,0.117225,0.029319,0.76967,0.940971,0.113104,0.02971,1e-06,0.0,expansion,True,True,False,False,False,False,False,1.444538,0.510173,0.1
1997-03-21,latest_vintage_causal,expansion,expansion,expansion,official,0.924393,1.314389,0.946342,high,0,False,0,0,4,0.288457,semantically_supported,official_equals_raw_high_quality,0.106567,0.024203,0.870354,0.970545,0.023078,0.005252,1e-06,0.0,expansion,True,True,False,False,False,False,False,1.392665,0.507671,0.1
1997-03-28,latest_vintage_causal,expansion,expansion,expansion,official,0.930619,1.288202,0.948607,high,0,False,0,0,4,0.286527,semantically_supported,official_equals_raw_high_quality,0.105226,0.023231,0.870101,0.971838,0.024673,0.004932,1e-06,0.0,expansion,True,True,False,False,False,False,False,1.261728,0.538271,0.1
1997-04-04,latest_vintage_causal,expansion,expansion,expansion,official,0.939882,1.286123,0.949641,high,0,False,0,0,4,0.283703,semantically_supported,official_equals_raw_high_quality,0.103491,0.022704,0.871659,0.972345,0.024849,0.004951,1e-06,0.0,expansion,True,True,False,False,False,False,False,1.162898,0.556112,0.1
1997-04-11,latest_vintage_causal,expansion,expansion,expansion,official,0.937774,1.196121,0.948357,high,0,False,0,0,4,0.284341,semantically_supported,official_equals_raw_high_quality,0.103215,0.022708,0.865704,0.971065,0.03108,0.006228,1e-06,0.0,expansion,True,True,False,False,False,False,False,0.831606,0.547077,0.1
1997-04-18,latest_vintage_causal,expansion,expansion,expansion,official,0.741255,0.009671,0.678827,high,0,False,0,2,2,0.321817,semantically_supported,official_equals_raw_high_quality,0.091599,0.032174,0.459827,0.823327,0.448573,0.1445,1e-06,0.0,expansion,True,True,False,False,False,False,False,0.3505,0.51885,0.1
1997-04-25,latest_vintage_causal,expansion,slowdown,expansion,official,0.742066,-0.024459,0.45671,high,0,False,1,2,2,0.320843,semantically_supported,filter_absorbed_raw_flip,0.087863,0.029973,0.441782,0.713369,0.470354,0.256658,1e-06,0.0,slowdown,True,False,False,False,False,True,False,0.162102,0.52521,0.1
1997-05-02,latest_vintage_causal,expansion,slowdown,slowdown,official,0.718863,-0.293209,0.028451,low,1,False,2,2,1,0.331199,bounded_confirmation_lag,confirmation_in_flight,0.062583,0.021175,0.30049,0.475187,0.636926,0.503638,1e-06,0.0,slowdown,True,False,False,False,False,True,False,-0.171504,0.495107,0.1
1997-05-09,latest_vintage_causal,slowdown,slowdown,slowdown,official,0.713028,-0.377411,0.457608,high,0,False,0,2,0,0.33391,semantically_supported,official_equals_raw_high_quality,0.05486,0.012063,0.26037,0.265165,0.684768,0.722772,1e-06,0.0,slowdown,True,True,False,False,False,False,False,-0.363855,0.448087,0.1
1997-05-16,latest_vintage_causal,slowdown,slowdown,slowdown,official,0.713781,-0.664305,0.826508,high,0,False,0,2,0,0.333181,semantically_supported,official_equals_raw_high_quality,0.031422,0.003853,0.149354,0.084819,0.819223,0.911328,1e-06,0.0,slowdown,True,True,False,False,False,False,False,-0.222301,0.480904,0.1
1997-05-23,latest_vintage_causal,slowdown,slowdown,slowdown,official,0.700549,-0.747671,0.923817,high,0,False,0,2,0,0.3424,semantically_supported,official_equals_raw_high_quality,0.026975,0.001724,0.124887,0.037229,0.848137,0.961046,1e-06,0.0,slowdown,True,True,False,False,False,False,False,-0.457789,0.455711,0.1
1997-05-30,latest_vintage_causal,slowdown,slowdown,slowdown,official,0.726067,-0.65177,0.921978,high,0,False,0,2,0,0.329723,semantically_supported,official_equals_raw_high_quality,0.031503,0.001676,0.153443,0.038173,0.815052,0.960151,1e-06,0.0,slowdown,True,True,False,False,False,False,False,-0.263531,0.522835,0.1
1997-06-06,latest_vintage_causal,slowdown,slowdown,slowdown,official,0.736805,-0.581985,0.907063,high,0,False,0,2,0,0.324287,semantically_supported,official_equals_raw_high_quality,0.035614,0.001952,0.177209,0.045492,0.787176,0.952556,1e-06,0.0,slowdown,True,True,False,False,False,False,False,0.079333,0.600489,0.1
1997-06-13,latest_vintage_causal,slowdown,slowdown,slowdown,official,0.73305,-0.614824,0.911254,high,0,False,0,2,0,0.324953,semantically_supported,official_equals_raw_high_quality,0.033554,0.001876,0.165714,0.043435,0.800731,0.954689,1e-06,0.0,slowdown,True,True,False,False,False,False,False,0.106605,0.576111,0.1
1997-06-20,latest_vintage_causal,slowdown,expansion,slowdown,official,0.738837,-0.007868,0.580816,high,0,False,1,0,0,0.316169,semantically_supported,filter_absorbed_raw_flip,0.092984,0.008239,0.494839,0.205472,0.412176,0.786289,1e-06,0.0,slowdown,True,True,False,False,False,False,False,-0.016097,0.550307,0.1
1997-06-27,latest_vintage_causal,slowdown,expansion,slowdown,official,0.737123,0.017052,0.299262,high,0,False,2,0,0,0.314387,semantically_supported,filter_absorbed_raw_flip,0.095711,0.013761,0.507619,0.343489,0.396668,0.64275,1e-06,0.0,expansion,True,False,False,False,False,True,False,0.108902,0.552184,0.1
1997-07-04,latest_vintage_causal,slowdown,expansion,expansion,official,0.734536,0.186407,0.12208,high,1,False,3,0,1,0.313008,bounded_confirmation_lag,confirmation_in_flight,0.111755,0.022132,0.589669,0.549974,0.298575,0.427894,1e-06,0.0,expansion,True,False,False,False,False,True,False,0.236912,0.537139,0.1
1997-07-11,latest_vintage_causal,slowdown,expansion,expansion,official,0.726906,0.128888,0.333434,high,2,False,4,0,1,0.316294,bounded_confirmation_lag,confirmation_in_flight,0.108151,0.026702,0.562062,0.653366,0.329786,0.319932,1e-06,0.0,expansion,True,False,False,False,False,True,False,-0.150384,0.477343,0.1
1997-07-18,latest_vintage_causal,expansion,expansion,expansion,official,0.815159,0.474261,0.735155,high,0,False,0,0,3,0.306164,semantically_supported,official_equals_raw_high_quality,0.110218,0.027656,0.724453,0.853749,0.165328,0.118595,1e-06,0.0,expansion,True,True,False,False,False,False,False,-0.006552,0.493184,0.1
1997-07-25,latest_vintage_causal,expansion,expansion,expansion,official,0.82336,0.465128,0.842983,high,0,False,0,0,3,0.303115,semantically_supported,official_equals_raw_high_quality,0.108205,0.027847,0.722912,0.907568,0.168883,0.064585,1e-06,0.0,expansion,True,True,False,False,False,False,False,-0.101988,0.534189,0.1
1997-08-01,latest_vintage_causal,expansion,expansion,expansion,official,0.846179,0.413757,0.855656,high,0,False,0,0,3,0.29494,semantically_supported,official_equals_raw_high_quality,0.101482,0.026592,0.709462,0.914532,0.189056,0.058876,1e-06,0.0,expansion,True,True,False,False,False,False,False,-0.177147,0.59001,0.1
1997-08-08,latest_vintage_causal,expansion,expansion,expansion,official,0.837617,0.271063,0.790804,high,0,False,0,1,3,0.297955,semantically_supported,official_equals_raw_high_quality,0.096951,0.027465,0.627909,0.88167,0.275139,0.090866,1e-06,0.0,expansion,True,True,False,False,False,False,False,0.316339,0.692168,0.1
1997-08-15,latest_vintage_causal,expansion,expansion,expansion,official,0.854338,0.300986,0.780143,high,0,False,0,1,3,0.292124,semantically_supported,official_equals_raw_high_quality,0.096036,0.026683,0.643004,0.87673,0.260959,0.096587,1e-06,0.0,expansion,True,True,False,False,False,False,False,0.462451,0.70195,0.1
1997-08-22,latest_vintage_causal,expansion,expansion,expansion,official,0.832239,0.316373,0.781897,high,0,False,0,1,3,0.325954,semantically_supported,official_equals_raw_high_quality,0.100932,0.027801,0.646738,0.877048,0.252328,0.095151,1e-06,0.0,expansion,True,True,False,False,False,False,False,-0.052059,0.573523,0.1
1997-08-29,latest_vintage_causal,expansion,expansion,expansion,official,0.837721,0.41361,0.820985,high,0,False,0,1,3,0.318986,semantically_supported,official_equals_raw_high_quality,0.105844,0.02827,0.685641,0.896358,0.208515,0.075372,1e-06,0.0,expansion,True,True,False,False,False,False,False,-0.269102,0.504561,0.1
1997-09-05,latest_vintage_causal,expansion,expansion,expansion,official,0.826848,0.429493,0.836961,high,0,False,0,1,3,0.323181,semantically_supported,official_equals_raw_high_quality,0.10881,0.029104,0.689781,0.903928,0.201409,0.066967,1e-06,0.0,expansion,True,True,False,False,False,False,False,-0.198514,0.454457,0.1
1997-09-12,latest_vintage_causal,expansion,expansion,expansion,official,0.856679,0.611958,0.899758,high,0,False,0,0,3,0.311927,semantically_supported,official_equals_raw_high_quality,0.10772,0.026856,0.768962,0.936451,0.123317,0.036693,1e-06,0.0,expansion,True,True,False,False,False,False,False,-0.144842,0.480682,0.1
1997-09-19,latest_vintage_causal,expansion,expansion,expansion,official,0.869072,0.392405,0.865251,high,0,False,0,0,2,0.327442,semantically_supported,official_equals_raw_high_quality,0.096377,0.025313,0.705149,0.919969,0.198473,0.054718,1e-06,0.0,expansion,True,True,False,False,False,False,False,0.025244,0.569708,0.1
1997-09-26,latest_vintage_causal,expansion,expansion,expansion,official,0.882398,0.368089,0.849602,high,0,False,0,0,2,0.322496,semantically_supported,official_equals_raw_high_quality,0.092906,0.024326,0.698003,0.912638,0.20909,0.063036,1e-06,0.0,expansion,True,True,False,False,False,False,False,0.038804,0.632361,0.1
1997-10-03,latest_vintage_causal,expansion,expansion,expansion,official,0.888421,0.18848,0.777451,high,0,False,0,0,2,0.318727,semantically_supported,official_equals_raw_high_quality,0.081886,0.023011,0.622617,0.87722,0.295496,0.099769,1e-06,0.0,expansion,True,True,False,False,False,False,False,-0.14158,0.693165,0.1
1997-10-10,latest_vintage_causal,expansion,expansion,expansion,official,0.900923,0.511406,0.868684,high,0,False,0,0,3,0.312759,semantically_supported,official_equals_raw_high_quality,0.096041,0.023572,0.748624,0.922556,0.155335,0.053872,1e-06,0.0,expansion,True,True,False,False,False,False,False,-0.103395,0.715047,0.1
1997-10-17,latest_vintage_causal,expansion,expansion,expansion,official,0.909497,0.560735,0.886148,high,0,False,0,1,3,0.324116,semantically_supported,official_equals_raw_high_quality,0.0997,0.024712,0.744905,0.930718,0.155393,0.04457,1e-06,0.0,expansion,True,True,False,False,False,False,False,0.565527,0.756566,0.1
1997-10-24,latest_vintage_causal,expansion,expansion,expansion,official,0.909479,0.609465,0.899221,high,0,False,0,1,3,0.324122,semantically_supported,official_equals_raw_high_quality,0.101556,0.025,0.758741,0.937111,0.139702,0.03789,1e-06,0.0,expansion,True,True,False,False,False,False,False,0.810509,0.749584,0.1
1997-10-31,latest_vintage_causal,expansion,expansion,expansion,official,0.939411,0.64861,0.909541,high,0,False,0,1,2,0.313795,semantically_supported,official_equals_raw_high_quality,0.097562,0.023713,0.773593,0.942914,0.128844,0.033373,1e-06,0.0,expansion,True,True,False,False,False,False,False,1.202733,0.822539,0.1
1997-11-07,latest_vintage_causal,expansion,expansion,expansion,official,0.939825,0.635222,0.908984,high,0,False,0,1,2,0.313657,semantically_supported,official_equals_raw_high_quality,0.097053,0.023514,0.770192,0.942735,0.132754,0.033751,1e-06,0.0,expansion,True,True,False,False,False,False,False,1.058377,0.82889,0.1
1997-11-14,latest_vintage_causal,expansion,expansion,expansion,official,0.949941,0.413054,0.86103,high,0,False,0,1,2,0.310316,semantically_supported,official_equals_raw_high_quality,0.086483,0.022451,0.700253,0.91929,0.213263,0.05826,1e-06,0.0,expansion,True,True,False,False,False,False,False,0.718484,0.858435,0.1
1997-11-21,latest_vintage_causal,expansion,expansion,expansion,official,0.902378,0.199967,0.762499,high,0,False,0,1,2,0.33383,semantically_supported,official_equals_raw_high_quality,0.081705,0.023294,0.601871,0.869603,0.316424,0.107104,1e-06,0.0,expansion,True,True,False,False,False,False,False,0.385773,0.859359,0.1
1997-11-28,latest_vintage_causal,expansion,expansion,expansion,official,0.894429,0.135492,0.679135,high,0,False,0,1,3,0.335318,semantically_supported,official_equals_raw_high_quality,0.078445,0.022809,0.568802,0.828163,0.352751,0.149028,1e-06,0.0,expansion,True,True,False,False,False,False,False,0.060542,0.826229,0.1
1997-12-05,latest_vintage_causal,expansion,expansion,expansion,official,0.919038,0.363498,0.770244,high,0,False,0,1,3,0.324912,semantically_supported,official_equals_raw_high_quality,0.088909,0.023007,0.676997,0.873618,0.234093,0.103374,1e-06,0.0,expansion,True,True,False,False,False,False,False,-0.08401,0.803671,0.1
1997-12-12,latest_vintage_causal,expansion,expansion,expansion,official,0.914866,0.269779,0.759039,high,0,False,0,1,3,0.326393,semantically_supported,official_equals_raw_high_quality,0.084235,0.022906,0.636112,0.868067,0.279652,0.109027,1e-06,0.0,expansion,True,True,False,False,False,False,False,-0.408856,0.747368,0.1
1997-12-19,latest_vintage_causal,expansion,expansion,expansion,official,0.937657,0.250699,0.771965,high,0,False,0,0,2,0.303999,semantically_supported,official_equals_raw_high_quality,0.078255,0.020814,0.6562,0.875576,0.265544,0.10361,1e-06,0.0,expansion,True,True,False,False,False,False,False,-0.384904,0.742528,0.1
1997-12-26,latest_vintage_causal,expansion,expansion,expansion,official,0.936093,0.194981,0.749088,high,0,False,0,0,2,0.304507,semantically_supported,official_equals_raw_high_quality,0.075408,0.020355,0.630361,0.864366,0.29423,0.115279,1e-06,0.0,expansion,True,True,False,False,False,False,False,-0.662951,0.734695,0.1
1998-01-02,latest_vintage_causal,expansion,expansion,expansion,official,0.964642,0.21696,0.751708,high,0,False,0,0,2,0.295495,semantically_supported,official_equals_raw_high_quality,0.072721,0.019256,0.643404,0.866226,0.283874,0.114518,1e-06,0.0,expansion,True,True,False,False,False,False,False,-0.41072,0.816836,0.1
1998-01-09,latest_vintage_causal,expansion,expansion,expansion,official,0.964582,0.166791,0.725483,high,0,False,0,0,1,0.295514,semantically_supported,official_equals_raw_high_quality,0.070003,0.018852,0.619285,0.853315,0.31071,0.127833,1e-06,0.0,expansion,True,True,False,False,False,False,False,-0.448803,0.82179,0.1
1998-01-16,latest_vintage_causal,expansion,expansion,expansion,official,0.919917,0.195587,0.71473,high,0,False,0,0,1,0.309862,semantically_supported,official_equals_raw_high_quality,0.080643,0.021681,0.61513,0.846524,0.304226,0.131794,1e-06,0.0,expansion,True,True,False,False,False,False,False,-0.690772,0.723675,0.1
1998-01-23,latest_vintage_causal,expansion,expansion,expansion,official,0.874068,0.00314,0.529783,high,0,False,0,1,1,0.313029,semantically_supported,official_equals_raw_high_quality,0.073537,0.022899,0.480707,0.753442,0.445756,0.223659,1e-06,0.0,expansion,True,True,False,False,False,False,False,-1.081699,0.555469,0.1
1998-01-30,latest_vintage_causal,expansion,expansion,expansion,official,0.903875,0.058504,0.461673,high,0,False,0,1,1,0.329891,semantically_supported,official_equals_raw_high_quality,0.07398,0.02112,0.513127,0.720277,0.412892,0.258604,1e-06,0.0,expansion,True,True,False,False,False,False,False,-1.147778,0.508036,0.1
1998-02-06,latest_vintage_causal,expansion,expansion,expansion,official,0.904151,0.09512,0.454123,high,0,False,0,1,1,0.3297,semantically_supported,official_equals_raw_high_quality,0.076781,0.02091,0.53285,0.716606,0.390368,0.262483,1e-06,0.0,expansion,True,True,False,False,False,False,False,-0.973295,0.502796,0.1
1998-02-13,latest_vintage_causal,expansion,expansion,expansion,official,0.934819,0.098498,0.453282,high,0,False,0,1,1,0.318797,semantically_supported,official_equals_raw_high_quality,0.072815,0.019668,0.537096,0.716807,0.390088,0.263525,1e-06,0.0,expansion,True,True,False,False,False,False,False,-0.452494,0.680496,0.1
1998-02-20,latest_vintage_causal,expansion,slowdown,expansion,official,0.909019,-0.060646,0.251194,high,0,False,1,2,1,0.3277,semantically_supported,filter_absorbed_raw_flip,0.061756,0.017675,0.432748,0.616759,0.505495,0.365566,1e-06,0.0,slowdown,True,False,False,False,False,True,False,-0.096579,0.782034,0.1
1998-02-27,latest_vintage_causal,expansion,slowdown,slowdown,official,0.891495,-0.152602,0.011699,low,1,False,2,2,1,0.333993,bounded_confirmation_lag,confirmation_in_flight,0.056266,0.014555,0.380777,0.486873,0.562955,0.498572,1e-06,0.0,slowdown,True,False,False,False,False,True,False,-0.553872,0.692045,0.1
1998-03-06,latest_vintage_causal,expansion,slowdown,slowdown,official,0.911759,-0.119192,0.15608,high,2,False,3,2,1,0.342074,bounded_confirmation_lag,confirmation_in_flight,0.056794,0.012042,0.400147,0.415939,0.543059,0.572019,1e-06,0.0,slowdown,True,False,False,False,False,True,False,-0.45901,0.715527,0.1
1998-03-13,latest_vintage_causal,slowdown,slowdown,slowdown,official,0.901765,-0.140697,0.337813,high,0,False,0,3,1,0.345865,semantically_supported,official_equals_raw_high_quality,0.055533,0.010283,0.358551,0.325952,0.585915,0.663765,1e-06,0.0,slowdown,True,True,False,False,False,False,False,-0.113936,0.719219,0.1
1998-03-20,latest_vintage_causal,slowdown,expansion,slowdown,official,0.925492,0.059925,0.16317,high,0,False,1,2,1,0.336998,semantically_supported,filter_absorbed_raw_flip,0.069201,0.011755,0.501057,0.412538,0.429741,0.575707,1e-06,0.0,expansion,True,False,False,False,False,True,False,0.472627,0.746928,0.1
1998-03-27,latest_vintage_causal,slowdown,expansion,expansion,official,0.928917,0.100282,0.013132,low,1,False,2,2,1,0.335755,bounded_confirmation_lag,confirmation_in_flight,0.071796,0.013937,0.523398,0.499597,0.404805,0.486466,1e-06,0.0,expansion,True,False,False,False,False,True,False,0.668053,0.761775,0.1
1998-04-03,latest_vintage_causal,slowdown,slowdown,slowdown,official,0.936403,-0.133958,0.157436,high,0,False,0,2,1,0.337962,semantically_supported,official_equals_raw_high_quality,0.053111,0.011361,0.392986,0.415601,0.553903,0.573037,1e-06,0.0,slowdown,True,True,False,False,False,False,False,0.712277,0.774011,0.1
1998-04-10,latest_vintage_causal,slowdown,slowdown,slowdown,official,0.93492,-0.14382,0.223763,high,0,False,0,1,1,0.338498,semantically_supported,official_equals_raw_high_quality,0.053113,0.009871,0.417399,0.383183,0.529487,0.606946,1e-06,0.0,slowdown,True,True,False,False,False,False,False,0.125938,0.752167,0.1
1998-04-17,latest_vintage_causal,slowdown,expansion,expansion,official,1.000342,0.148915,0.095564,low,1,False,1,1,2,0.316361,bounded_confirmation_lag,confirmation_in_flight,0.065302,0.012198,0.584478,0.541683,0.350219,0.446119,1e-06,0.0,expansion,True,False,False,False,False,True,False,0.073938,0.84059,0.1
1998-04-24,latest_vintage_causal,expansion,expansion,expansion,official,1.007042,0.22204,0.39039,high,0,False,0,1,2,0.314256,semantically_supported,official_equals_raw_high_quality,0.068602,0.014975,0.622248,0.687707,0.309149,0.297318,1e-06,0.0,expansion,True,True,False,False,False,False,False,0.431544,0.872815,0.1
1998-05-01,latest_vintage_causal,expansion,expansion,expansion,official,0.996335,0.026814,0.363671,high,0,False,0,1,1,0.305705,semantically_supported,official_equals_raw_high_quality,0.058295,0.014877,0.517622,0.674397,0.424081,0.310726,1e-06,0.0,expansion,True,True,False,False,False,False,False,0.386296,0.8787,0.1
1998-05-08,latest_vintage_causal,expansion,expansion,expansion,official,1.024759,0.289301,0.596346,high,0,False,0,1,2,0.296793,semantically_supported,official_equals_raw_high_quality,0.06981,0.016496,0.655904,0.789925,0.274285,0.193579,1e-06,0.0,expansion,True,True,False,False,False,False,False,0.574847,0.945106,0.1
1998-05-15,latest_vintage_causal,expansion,expansion,expansion,official,1.025291,0.274375,0.691144,high,0,False,0,1,2,0.296638,semantically_supported,official_equals_raw_high_quality,0.069004,0.017309,0.649013,0.836917,0.281983,0.145774,1e-06,0.0,expansion,True,True,False,False,False,False,False,0.492752,0.944506,0.1
1998-05-22,latest_vintage_causal,expansion,expansion,expansion,official,1.013182,0.267524,0.755565,high,0,False,0,0,2,0.300184,semantically_supported,official_equals_raw_high_quality,0.068868,0.017315,0.67104,0.869125,0.260091,0.11356,1e-06,0.0,expansion,True,True,False,False,False,False,False,0.558407,0.981643,0.1
1998-05-29,latest_vintage_causal,expansion,expansion,expansion,official,1.021041,0.237783,0.738199,high,0,False,0,1,2,0.294194,semantically_supported,official_equals_raw_high_quality,0.067674,0.017825,0.63115,0.860187,0.301175,0.121988,1e-06,0.0,expansion,True,True,False,False,False,False,False,0.702762,1.035013,0.1
1998-06-05,latest_vintage_causal,expansion,expansion,expansion,official,1.004948,0.20462,0.711359,high,0,False,0,1,2,0.298526,semantically_supported,official_equals_raw_high_quality,0.067911,0.018187,0.613417,0.846586,0.318672,0.135227,1e-06,0.0,expansion,True,True,False,False,False,False,False,0.537384,0.94714,0.1
1998-06-12,latest_vintage_causal,expansion,expansion,expansion,official,0.996793,0.090656,0.621108,high,0,False,0,1,2,0.299132,semantically_supported,official_equals_raw_high_quality,0.062227,0.017576,0.553042,0.801766,0.38473,0.180658,1e-06,0.0,expansion,True,True,False,False,False,False,False,0.232601,0.929352,0.1
1998-06-19,latest_vintage_causal,expansion,slowdown,expansion,official,0.955716,-0.25599,0.148273,high,0,False,1,2,1,0.310097,semantically_supported,filter_absorbed_raw_flip,0.042545,0.014409,0.327129,0.566932,0.630325,0.418659,1e-06,0.0,slowdown,True,False,False,False,False,True,False,0.061468,0.901002,0.1
1998-06-26,latest_vintage_causal,slowdown,slowdown,slowdown,official,0.911378,-0.38738,0.366773,high,0,False,0,2,1,0.324911,semantically_supported,official_equals_raw_high_quality,0.036989,0.008859,0.260412,0.312184,0.702598,0.678957,1e-06,0.0,slowdown,True,True,False,False,False,False,False,-0.609691,0.680551,0.1
1998-07-03,latest_vintage_causal,slowdown,slowdown,slowdown,official,0.855059,-0.50277,0.684645,high,0,False,0,1,1,0.346672,semantically_supported,official_equals_raw_high_quality,0.034434,0.00473,0.23088,0.155312,0.734685,0.839957,1e-06,0.0,slowdown,True,True,False,False,False,False,False,-1.638644,0.397414,0.1
1998-07-10,latest_vintage_causal,slowdown,slowdown,slowdown,official,0.763092,-0.960786,0.941239,high,0,False,0,2,0,0.388453,semantically_supported,official_equals_raw_high_quality,0.014769,0.001142,0.077429,0.028809,0.907801,0.970049,1e-06,0.0,slowdown,True,True,False,False,False,False,False,-2.763704,0.005539,0.1
1998-07-17,latest_vintage_causal,slowdown,slowdown,slowdown,official,0.611822,-1.417376,0.990366,high,0,False,0,3,0,0.458548,semantically_supported,official_equals_raw_high_quality,0.00622,0.000274,0.022565,0.00468,0.971214,0.995046,1e-06,0.0,slowdown,True,True,False,False,False,False,False,-3.112266,-0.086552,0.1
1998-07-24,latest_vintage_causal,slowdown,slowdown,slowdown,official,0.624392,-1.41287,0.991422,high,0,False,0,3,0,0.4659,semantically_supported,official_equals_raw_high_quality,0.006136,0.000239,0.022823,0.004169,0.97104,0.995592,1e-06,0.0,slowdown,True,True,False,False,False,False,False,-3.097141,-0.029623,0.1
1998-07-31,latest_vintage_causal,slowdown,slowdown,slowdown,official,0.624164,-1.445364,0.993081,high,0,False,0,4,0,0.439003,semantically_supported,official_equals_raw_high_quality,0.00535,0.000207,0.018505,0.003356,0.976144,0.996437,1e-06,0.0,slowdown,True,True,False,False,False,False,False,-2.548127,0.071371,0.1
1998-08-07,latest_vintage_causal,slowdown,slowdown,slowdown,official,0.659552,-1.337303,0.990943,high,0,False,0,4,0,0.415448,semantically_supported,official_equals_raw_high_quality,0.006531,0.000253,0.024235,0.004402,0.969233,0.995345,1e-06,0.0,slowdown,True,True,False,False,False,False,False,-2.010867,0.23786,0.1
1998-08-14,latest_vintage_causal,slowdown,slowdown,slowdown,official,0.66825,-1.224225,0.986183,high,0,False,0,3,0,0.410041,semantically_supported,official_equals_raw_high_quality,0.008964,0.000354,0.036383,0.006732,0.954652,0.992914,1e-06,0.0,slowdown,True,True,False,False,False,False,False,-1.942423,0.228649,0.1
1998-08-21,latest_vintage_causal,slowdown,slowdown,slowdown,official,0.673484,-0.695025,0.939714,high,0,False,0,2,1,0.395737,semantically_supported,official_equals_raw_high_quality,0.031825,0.001431,0.139621,0.029427,0.828553,0.969142,1e-06,0.0,slowdown,True,True,False,False,False,False,False,-1.107485,0.297661,0.1
1998-08-28,latest_vintage_causal,slowdown,slowdown,slowdown,official,0.720701,-0.407045,0.863841,high,0,False,0,2,1,0.370443,semantically_supported,official_equals_raw_high_quality,0.051301,0.002958,0.247221,0.0666,0.701476,0.930441,1e-06,0.0,slowdown,True,True,False,False,False,False,False,0.346362,0.529428,0.1
1998-09-04,latest_vintage_causal,slowdown,slowdown,slowdown,official,0.751598,-0.155558,0.71567,high,0,False,0,2,1,0.343358,semantically_supported,official_equals_raw_high_quality,0.072686,0.005813,0.372463,0.139258,0.55485,0.854928,1e-06,0.0,slowdown,True,True,False,False,False,False,False,1.976063,0.724246,0.1
1998-09-11,latest_vintage_causal,slowdown,expansion,slowdown,official,0.766894,0.003748,0.49714,high,0,False,1,2,1,0.336176,semantically_supported,filter_absorbed_raw_flip,0.086847,0.009953,0.458768,0.246454,0.454384,0.743593,1e-06,0.0,expansion,True,False,False,False,False,True,False,2.501472,0.836526,0.1
1998-09-18,latest_vintage_causal,expansion,expansion,expansion,official,0.823031,0.463176,0.248295,high,0,False,0,1,1,0.321127,semantically_supported,official_equals_raw_high_quality,0.116396,0.022071,0.68746,0.613112,0.196143,0.364817,1e-06,0.0,expansion,True,True,False,False,False,False,False,2.501873,0.909387,0.1
1998-09-25,latest_vintage_causal,expansion,expansion,expansion,official,0.820487,0.394712,0.600925,high,0,False,0,1,1,0.322122,semantically_supported,official_equals_raw_high_quality,0.112682,0.027931,0.662166,0.786497,0.225151,0.185572,1e-06,0.0,expansion,True,True,False,False,False,False,False,2.159553,0.89667,0.1
1998-10-02,latest_vintage_causal,expansion,expansion,expansion,official,0.831755,0.430737,0.75966,high,0,False,0,1,1,0.300301,semantically_supported,official_equals_raw_high_quality,0.112704,0.029934,0.677302,0.864863,0.209992,0.105203,1e-06,0.0,expansion,True,True,False,False,False,False,False,2.043544,1.025609,0.1
1998-10-09,latest_vintage_causal,expansion,expansion,expansion,official,0.842305,0.357355,0.755711,high,0,False,0,2,1,0.29654,semantically_supported,official_equals_raw_high_quality,0.108776,0.031123,0.624015,0.862294,0.267208,0.106583,1e-06,0.0,expansion,True,True,False,False,False,False,False,2.242288,1.093634,0.1
1998-10-16,latest_vintage_causal,expansion,expansion,expansion,official,0.851419,0.543941,0.827357,high,0,False,0,2,2,0.293366,semantically_supported,official_equals_raw_high_quality,0.126957,0.034389,0.689889,0.896484,0.183153,0.069127,1e-06,0.0,expansion,True,True,False,False,False,False,False,1.851897,1.021461,0.1
1998-10-23,latest_vintage_causal,expansion,expansion,expansion,official,0.913566,0.215069,0.701481,high,0,False,0,3,1,0.273409,semantically_supported,official_equals_raw_high_quality,0.083675,0.026675,0.553077,0.837403,0.363247,0.135922,1e-06,0.0,expansion,True,True,False,False,False,False,False,1.059136,0.958443,0.1
1998-10-30,latest_vintage_causal,expansion,slowdown,expansion,official,0.867049,-0.027569,0.419658,high,0,False,1,3,1,0.261576,semantically_supported,filter_absorbed_raw_flip,0.069467,0.02369,0.418605,0.697984,0.511927,0.278326,1e-06,0.0,slowdown,True,False,False,False,False,True,False,0.25407,0.838109,0.1
1998-11-06,latest_vintage_causal,expansion,slowdown,expansion,official,0.855106,-0.101454,0.116025,high,0,False,2,3,1,0.262521,semantically_supported,filter_absorbed_raw_flip,0.064181,0.019264,0.37768,0.548381,0.558138,0.432355,1e-06,0.0,slowdown,True,False,False,False,False,True,False,-0.142788,0.787314,0.1
1998-11-13,latest_vintage_causal,expansion,slowdown,slowdown,official,0.854493,-0.067716,0.001224,low,1,False,3,2,1,0.26123,bounded_confirmation_lag,confirmation_in_flight,0.067723,0.016258,0.425802,0.491259,0.506474,0.492483,1e-06,0.0,slowdown,True,False,False,False,False,True,False,-0.359431,0.777241,0.1
1998-11-20,latest_vintage_causal,expansion,slowdown,slowdown,official,0.826702,-0.224558,0.27558,high,2,False,4,2,1,0.2685,bounded_confirmation_lag,confirmation_in_flight,0.057057,0.012362,0.339463,0.356029,0.603479,0.631609,1e-06,0.0,slowdown,True,False,False,False,False,True,False,-0.604615,0.671022,0.1
1998-11-27,latest_vintage_causal,slowdown,slowdown,slowdown,official,0.828578,-0.283186,0.503576,high,0,False,0,2,1,0.266401,semantically_supported,official_equals_raw_high_quality,0.05179,0.008514,0.309277,0.243955,0.638932,0.747531,1e-06,0.0,slowdown,True,True,False,False,False,False,False,-0.897369,0.6853,0.1
1998-12-04,latest_vintage_causal,slowdown,slowdown,slowdown,official,0.816984,-0.253493,0.598311,high,0,False,0,2,1,0.265915,semantically_supported,official_equals_raw_high_quality,0.05553,0.007073,0.324053,0.197308,0.620416,0.795619,1e-06,0.0,slowdown,True,True,False,False,False,False,False,-1.168692,0.644757,0.1
1998-12-11,latest_vintage_causal,slowdown,slowdown,slowdown,official,0.813906,-0.119737,0.53592,high,0,False,0,2,2,0.266921,semantically_supported,official_equals_raw_high_quality,0.068108,0.008255,0.395029,0.227912,0.536862,0.763832,1e-06,0.0,slowdown,True,True,False,False,False,False,False,-1.243297,0.54925,0.1
1998-12-18,latest_vintage_causal,slowdown,slowdown,slowdown,official,0.86994,-0.197403,0.568934,high,0,False,0,2,2,0.249728,semantically_supported,official_equals_raw_high_quality,0.05484,0.006873,0.355555,0.212096,0.589605,0.78103,1e-06,0.0,slowdown,True,True,False,False,False,False,False,-0.779584,0.678875,0.1
1998-12-25,latest_vintage_causal,slowdown,slowdown,slowdown,official,0.876982,-0.125373,0.523666,high,0,False,0,2,2,0.247723,semantically_supported,official_equals_raw_high_quality,0.060094,0.007416,0.395115,0.234459,0.54479,0.758125,1e-06,0.0,slowdown,True,True,False,False,False,False,False,-0.431781,0.695002,0.1
1999-01-01,latest_vintage_causal,slowdown,slowdown,slowdown,official,0.839591,-0.140676,0.51029,high,0,False,0,2,2,0.241828,semantically_supported,official_equals_raw_high_quality,0.063065,0.008175,0.384944,0.240768,0.55199,0.751058,1e-06,0.0,slowdown,True,True,False,False,False,False,False,-0.602188,0.574407,0.1
1999-01-08,latest_vintage_causal,slowdown,slowdown,slowdown,official,0.811491,-0.311676,0.646963,high,0,False,0,2,1,0.250202,semantically_supported,official_equals_raw_high_quality,0.05102,0.006266,0.294501,0.173385,0.654478,0.820349,1e-06,0.0,slowdown,True,True,False,False,False,False,False,-0.696267,0.527983,0.1
1999-01-15,latest_vintage_causal,slowdown,slowdown,slowdown,official,0.770846,-0.413582,0.767866,high,0,False,0,2,1,0.276563,semantically_supported,official_equals_raw_high_quality,0.046112,0.004498,0.245508,0.113818,0.708379,0.881684,1e-06,0.0,slowdown,True,True,False,False,False,False,False,-1.042012,0.271344,0.1
1999-01-22,latest_vintage_causal,slowdown,slowdown,slowdown,official,0.688582,-0.491788,0.821738,high,0,False,0,1,0,0.288159,semantically_supported,official_equals_raw_high_quality,0.048275,0.003846,0.232478,0.087208,0.719246,0.908946,1e-06,0.0,slowdown,True,True,False,False,False,False,False,-1.726087,-0.004191,0.1
1999-01-29,latest_vintage_causal,slowdown,slowdown,slowdown,official,0.691734,-0.511427,0.846137,high,0,False,0,1,0,0.272855,semantically_supported,official_equals_raw_high_quality,0.04627,0.003324,0.224224,0.075269,0.729506,0.921406,1e-06,0.0,slowdown,True,True,False,False,False,False,False,-1.534841,0.033063,0.1
1999-02-05,latest_vintage_causal,slowdown,slowdown,slowdown,official,0.725706,-0.393971,0.807183,high,0,False,0,1,0,0.260082,semantically_supported,official_equals_raw_high_quality,0.053565,0.003898,0.277712,0.09446,0.668723,0.901643,1e-06,0.0,slowdown,True,True,False,False,False,False,False,-0.945822,0.172221,0.1
1999-02-12,latest_vintage_causal,slowdown,slowdown,slowdown,official,0.813948,-0.256547,0.717954,high,0,False,0,1,0,0.231886,semantically_supported,official_equals_raw_high_quality,0.056685,0.00478,0.350243,0.138633,0.593071,0.856587,1e-06,0.0,slowdown,True,True,False,False,False,False,False,-0.474701,0.500493,0.1
1999-02-19,latest_vintage_causal,slowdown,slowdown,slowdown,official,0.905481,-0.139832,0.583234,high,0,False,0,1,0,0.26104,semantically_supported,official_equals_raw_high_quality,0.056437,0.00582,0.418312,0.205473,0.52525,0.788706,1e-06,0.0,slowdown,True,True,False,False,False,False,False,-0.105934,0.674332,0.1
1999-02-26,latest_vintage_causal,slowdown,expansion,slowdown,official,0.943372,-0.033922,0.390657,high,0,False,1,1,0,0.271261,semantically_supported,filter_absorbed_raw_flip,0.060089,0.007742,0.480224,0.300801,0.459687,0.691457,1e-06,0.0,slowdown,True,True,False,False,False,False,False,0.392233,0.761798,0.1
1999-03-05,latest_vintage_causal,slowdown,expansion,expansion,official,0.951672,0.120304,0.001976,low,1,False,2,0,0,0.268895,bounded_confirmation_lag,confirmation_in_flight,0.068987,0.011631,0.594825,0.495172,0.336187,0.493196,1e-06,0.0,expansion,True,False,False,False,False,True,False,0.59917,0.806748,0.1
1999-03-12,latest_vintage_causal,expansion,expansion,expansion,official,0.927757,0.238835,0.40663,high,0,False,0,0,0,0.275827,semantically_supported,official_equals_raw_high_quality,0.07904,0.016794,0.649864,0.694918,0.271096,0.288288,1e-06,0.0,expansion,True,True,False,False,False,False,False,1.135339,0.780265,0.1
1999-03-19,latest_vintage_causal,expansion,expansion,expansion,official,0.969715,0.465144,0.758286,high,0,False,0,0,1,0.315093,semantically_supported,official_equals_raw_high_quality,0.08316,0.019261,0.74322,0.869512,0.17362,0.111227,1e-06,0.0,expansion,True,True,False,False,False,False,False,1.838473,0.807512,0.1
1999-03-26,latest_vintage_causal,expansion,expansion,expansion,official,0.967543,0.438104,0.826991,high,0,False,0,1,1,0.3158,semantically_supported,official_equals_raw_high_quality,0.084887,0.021037,0.711807,0.902977,0.203305,0.075986,1e-06,0.0,expansion,True,True,False,False,False,False,False,1.717028,0.796653,0.1
1999-04-02,latest_vintage_causal,expansion,expansion,expansion,official,0.946361,0.283099,0.78793,high,0,False,0,1,1,0.322869,semantically_supported,official_equals_raw_high_quality,0.080287,0.021565,0.645468,0.883182,0.274244,0.095252,1e-06,0.0,expansion,True,True,False,False,False,False,False,1.387678,0.798661,0.1
1999-04-09,latest_vintage_causal,expansion,expansion,expansion,official,0.953789,0.052898,0.638113,high,0,False,0,1,1,0.320354,semantically_supported,official_equals_raw_high_quality,0.064886,0.019582,0.529412,0.809265,0.405701,0.171152,1e-06,0.0,expansion,True,True,False,False,False,False,False,0.511108,0.749596,0.1
1999-04-16,latest_vintage_causal,expansion,slowdown,expansion,official,0.887232,-0.198064,0.293041,high,0,False,1,1,0,0.289639,semantically_supported,filter_absorbed_raw_flip,0.053858,0.01762,0.384973,0.63771,0.561168,0.34467,1e-06,0.0,slowdown,True,False,False,False,False,True,False,-0.123646,0.646964,0.1
1999-04-23,latest_vintage_causal,slowdown,slowdown,slowdown,official,0.865771,-0.384297,0.267626,high,0,False,0,2,0,0.300994,semantically_supported,official_equals_raw_high_quality,0.040581,0.011288,0.260939,0.360543,0.698479,0.628169,1e-06,0.0,slowdown,True,True,False,False,False,False,False,-0.485958,0.577111,0.1
1999-04-30,latest_vintage_causal,slowdown,slowdown,slowdown,official,0.842905,-0.599618,0.740808,high,0,False,0,2,0,0.309159,semantically_supported,official_equals_raw_high_quality,0.028012,0.004271,0.172113,0.127461,0.799874,0.868268,1e-06,0.0,slowdown,True,True,False,False,False,False,False,-0.463651,0.626288,0.1
1999-05-07,latest_vintage_causal,slowdown,slowdown,slowdown,official,0.859923,-0.547057,0.854814,high,0,False,0,2,0,0.303041,semantically_supported,official_equals_raw_high_quality,0.030146,0.002356,0.191601,0.071415,0.778251,0.926229,1e-06,0.0,slowdown,True,True,False,False,False,False,False,-0.213623,0.704016,0.1
1999-05-14,latest_vintage_causal,slowdown,slowdown,slowdown,official,0.871731,-0.424892,0.843906,high,0,False,0,2,0,0.298936,semantically_supported,official_equals_raw_high_quality,0.037268,0.002486,0.242489,0.076804,0.720242,0.92071,1e-06,0.0,slowdown,True,True,False,False,False,False,False,-0.081329,0.790181,0.1
1999-05-21,latest_vintage_causal,slowdown,slowdown,slowdown,official,0.892093,-0.391132,0.827386,high,0,False,0,2,0,0.281769,semantically_supported,official_equals_raw_high_quality,0.038121,0.002637,0.258286,0.084988,0.703592,0.912374,1e-06,0.0,slowdown,True,True,False,False,False,False,False,0.182097,0.895328,0.1
1999-05-28,latest_vintage_causal,slowdown,slowdown,slowdown,official,0.884574,-0.416646,0.831997,high,0,False,0,2,0,0.28785,semantically_supported,official_equals_raw_high_quality,0.036919,0.002597,0.246432,0.082703,0.716649,0.9147,1e-06,0.0,slowdown,True,True,False,False,False,False,False,0.05452,0.839522,0.1
1999-06-04,latest_vintage_causal,slowdown,slowdown,slowdown,official,0.865644,-0.339758,0.800821,high,0,False,0,2,0,0.298011,semantically_supported,official_equals_raw_high_quality,0.043898,0.003198,0.282192,0.097991,0.673909,0.898811,1e-06,0.0,slowdown,True,True,False,False,False,False,False,0.000229,0.764452,0.1
1999-06-11,latest_vintage_causal,slowdown,slowdown,slowdown,official,0.883509,-0.356225,0.796748,high,0,False,0,2,0,0.292014,semantically_supported,official_equals_raw_high_quality,0.041232,0.003152,0.274637,0.10005,0.68413,0.896798,1e-06,0.0,slowdown,True,True,False,False,False,False,False,0.372784,0.83069,0.1
1999-06-18,latest_vintage_causal,slowdown,slowdown,slowdown,official,0.909599,-0.198007,0.708171,high,0,False,0,2,0,0.326578,semantically_supported,official_equals_raw_high_quality,0.050847,0.004291,0.356713,0.143769,0.59244,0.85194,1e-06,0.0,slowdown,True,True,False,False,False,False,False,0.680615,0.901311,0.1
1999-06-25,latest_vintage_causal,slowdown,slowdown,slowdown,official,0.917875,-0.200741,0.664395,high,0,False,0,2,0,0.3236,semantically_supported,official_equals_raw_high_quality,0.049851,0.004817,0.355527,0.165394,0.594622,0.829789,1e-06,0.0,slowdown,True,True,False,False,False,False,False,0.657842,0.94236,0.1
1999-07-02,latest_vintage_causal,slowdown,expansion,slowdown,official,0.935627,0.014669,0.397919,high,0,False,1,1,0,0.317428,semantically_supported,filter_absorbed_raw_flip,0.064428,0.007811,0.507035,0.297135,0.428537,0.695054,1e-06,0.0,expansion,True,False,False,False,False,True,False,0.692843,1.038793,0.1
1999-07-09,latest_vintage_causal,slowdown,expansion,slowdown,official,0.963999,0.129211,0.057328,low,0,False,2,1,1,0.304089,semantically_supported,filter_absorbed_raw_flip,0.068615,0.011351,0.571322,0.46566,0.360062,0.522988,1e-06,0.0,expansion,True,False,False,False,False,True,False,0.729023,1.14195,0.1
1999-07-16,latest_vintage_causal,slowdown,expansion,expansion,official,0.943384,0.062511,0.104121,high,1,False,3,1,1,0.289077,bounded_confirmation_lag,confirmation_in_flight,0.066811,0.013623,0.533959,0.545249,0.39923,0.441128,1e-06,0.0,expansion,True,False,False,False,False,True,False,0.471958,1.135676,0.1
1999-07-23,latest_vintage_causal,slowdown,expansion,expansion,official,0.932125,0.03088,0.176176,high,2,False,4,1,1,0.292799,bounded_confirmation_lag,confirmation_in_flight,0.065999,0.014827,0.515796,0.580674,0.418205,0.404498,1e-06,0.0,expansion,True,False,False,False,False,True,False,0.390381,1.044058,0.1
1999-07-30,latest_vintage_causal,expansion,expansion,expansion,official,0.901301,0.022739,0.21531,high,0,False,0,1,1,0.306792,semantically_supported,official_equals_raw_high_quality,0.06927,0.016295,0.509183,0.599507,0.421546,0.384198,1e-06,0.0,expansion,True,True,False,False,False,False,False,0.239398,0.901628,0.1
1999-08-06,latest_vintage_causal,expansion,slowdown,expansion,official,0.87821,-0.058177,0.144224,high,0,False,1,1,1,0.31489,semantically_supported,filter_absorbed_raw_flip,0.065909,0.016156,0.462739,0.564034,0.47135,0.41981,1e-06,0.0,slowdown,True,False,False,False,False,True,False,-0.165184,0.784814,0.1
1999-08-13,latest_vintage_causal,expansion,slowdown,slowdown,official,0.856269,-0.23067,0.122706,high,1,False,2,1,0,0.322992,bounded_confirmation_lag,confirmation_in_flight,0.05443,0.013022,0.365835,0.432136,0.579734,0.554842,1e-06,0.0,slowdown,True,False,False,False,False,True,False,-0.375958,0.757406,0.1
1999-08-20,latest_vintage_causal,expansion,slowdown,slowdown,official,0.880159,-0.149973,0.144233,high,2,False,3,0,0,0.325018,bounded_confirmation_lag,confirmation_in_flight,0.059071,0.011541,0.441828,0.422113,0.4991,0.566346,1e-06,0.0,slowdown,True,False,False,False,False,True,False,-0.278333,0.843018,0.1
1999-08-27,latest_vintage_causal,slowdown,slowdown,slowdown,official,0.912546,-0.122267,0.124921,high,0,False,0,0,0,0.313482,semantically_supported,official_equals_raw_high_quality,0.057568,0.010962,0.459225,0.432058,0.483206,0.556979,1e-06,0.0,slowdown,True,True,False,False,False,False,False,-0.138667,1.004196,0.1
1999-09-03,latest_vintage_causal,slowdown,slowdown,slowdown,official,0.929854,-0.108915,0.094715,low,0,False,0,0,0,0.307885,low_evidence_ambiguous,low_separation_or_stale,0.056652,0.010875,0.467738,0.447205,0.47561,0.54192,1e-06,0.0,slowdown,True,True,False,False,False,False,False,-0.223918,1.071215,0.1
1999-09-10,latest_vintage_causal,slowdown,slowdown,slowdown,official,0.92478,-0.236919,0.292584,high,0,False,0,1,0,0.309813,semantically_supported,official_equals_raw_high_quality,0.047384,0.009058,0.36495,0.349179,0.587665,0.641763,1e-06,0.0,slowdown,True,True,False,False,False,False,False,-0.168571,1.087268,0.1
1999-09-17,latest_vintage_causal,slowdown,slowdown,slowdown,official,0.885593,-0.380171,0.598583,high,0,False,0,2,0,0.309182,semantically_supported,official_equals_raw_high_quality,0.039364,0.005973,0.263285,0.197722,0.69735,0.796305,1e-06,0.0,slowdown,True,True,False,False,False,False,False,0.253255,1.174955,0.1
1999-09-24,latest_vintage_causal,slowdown,slowdown,slowdown,official,0.893525,-0.298132,0.678881,high,0,False,0,2,0,0.306675,semantically_supported,official_equals_raw_high_quality,0.044683,0.004816,0.303609,0.158152,0.651707,0.837032,1e-06,0.0,slowdown,True,True,False,False,False,False,False,0.658516,1.204016,0.1
1999-10-01,latest_vintage_causal,slowdown,slowdown,slowdown,official,0.850354,-0.419382,0.806485,high,0,False,0,3,0,0.324535,semantically_supported,official_equals_raw_high_quality,0.038048,0.003387,0.221791,0.095064,0.740161,0.901549,1e-06,0.0,slowdown,True,True,False,False,False,False,False,0.668142,1.089049,0.1
1999-10-08,latest_vintage_causal,slowdown,slowdown,slowdown,official,0.8467,-0.209347,0.719848,high,0,False,0,2,0,0.328269,semantically_supported,official_equals_raw_high_quality,0.056256,0.004695,0.348271,0.137729,0.595472,0.857577,1e-06,0.0,slowdown,True,True,False,False,False,False,False,0.418248,0.953198,0.1
1999-10-15,latest_vintage_causal,slowdown,slowdown,slowdown,official,0.835825,-0.277404,0.720488,high,0,False,0,2,0,0.334158,semantically_supported,official_equals_raw_high_quality,0.051572,0.004757,0.312444,0.137377,0.635983,0.857866,1e-06,0.0,slowdown,True,True,False,False,False,False,False,0.070119,0.887477,0.1
1999-10-22,latest_vintage_causal,slowdown,slowdown,slowdown,official,0.809227,-0.300521,0.734499,high,0,False,0,2,0,0.259657,semantically_supported,official_equals_raw_high_quality,0.052201,0.004765,0.299963,0.130368,0.647835,0.864867,1e-06,0.0,slowdown,True,True,False,False,False,False,False,-0.318431,0.880826,0.1
1999-10-29,latest_vintage_causal,slowdown,slowdown,slowdown,official,0.871292,-0.145414,0.597911,high,0,False,0,1,0,0.2517,semantically_supported,official_equals_raw_high_quality,0.059718,0.006034,0.413541,0.198028,0.52674,0.795939,1e-06,0.0,slowdown,True,True,False,False,False,False,False,0.022628,1.096519,0.1
1999-11-05,latest_vintage_causal,slowdown,slowdown,slowdown,official,0.913972,-0.057145,0.425573,high,0,False,0,1,0,0.285383,semantically_supported,official_equals_raw_high_quality,0.061742,0.007781,0.465424,0.283323,0.472833,0.708895,1e-06,0.0,slowdown,True,True,False,False,False,False,False,0.464247,1.304159,0.1
1999-11-12,latest_vintage_causal,slowdown,expansion,slowdown,official,0.93417,0.022447,0.210768,high,0,False,1,1,1,0.298041,semantically_supported,filter_absorbed_raw_flip,0.065153,0.010125,0.511262,0.389554,0.423584,0.600321,1e-06,0.0,expansion,True,False,False,False,False,True,False,0.471117,1.392104,0.1
1999-11-19,latest_vintage_causal,expansion,expansion,expansion,official,1.00769,0.39715,0.447699,high,0,False,0,0,2,0.281138,semantically_supported,official_equals_raw_high_quality,0.075086,0.014988,0.723685,0.716355,0.201228,0.268656,1e-06,0.0,expansion,True,True,False,False,False,False,False,0.468973,1.416501,0.1
1999-11-26,latest_vintage_causal,expansion,expansion,expansion,official,1.020054,0.49105,0.784051,high,0,False,0,0,2,0.289466,semantically_supported,official_equals_raw_high_quality,0.076703,0.017433,0.757668,0.883309,0.165628,0.099258,1e-06,0.0,expansion,True,True,False,False,False,False,False,0.888138,1.476354,0.1
1999-12-03,latest_vintage_causal,expansion,expansion,expansion,official,1.030066,0.846101,0.934386,high,0,False,0,0,3,0.273859,semantically_supported,official_equals_raw_high_quality,0.083588,0.018352,0.842274,0.958017,0.074137,0.023631,1e-06,0.0,expansion,True,True,False,False,False,False,False,1.054215,1.410463,0.1
1999-12-10,latest_vintage_causal,expansion,expansion,expansion,official,1.02239,0.72763,0.936286,high,0,False,0,0,2,0.272884,semantically_supported,official_equals_raw_high_quality,0.082595,0.018568,0.81967,0.958859,0.097734,0.022573,1e-06,0.0,expansion,True,True,False,False,False,False,False,1.040395,1.339714,0.1
1999-12-17,latest_vintage_causal,expansion,expansion,expansion,official,1.136484,0.928978,0.956406,high,0,False,0,0,3,0.322221,semantically_supported,official_equals_raw_high_quality,0.06975,0.015008,0.868433,0.971414,0.061816,0.013577,1e-06,0.0,expansion,True,True,False,False,False,False,False,1.157073,1.384768,0.1
1999-12-24,latest_vintage_causal,expansion,expansion,expansion,official,1.112789,0.769786,0.946001,high,0,False,0,0,3,0.329082,semantically_supported,official_equals_raw_high_quality,0.070676,0.015325,0.839475,0.965338,0.089848,0.019337,1e-06,0.0,expansion,True,True,False,False,False,False,False,0.362831,1.257442,0.1
1999-12-31,latest_vintage_causal,expansion,expansion,expansion,official,1.164469,0.791133,0.948285,high,0,False,0,0,3,0.314477,semantically_supported,official_equals_raw_high_quality,0.064529,0.013888,0.849399,0.967199,0.086071,0.018913,1e-06,0.0,expansion,True,True,False,False,False,False,False,0.141994,1.367499,0.1
2000-01-07,latest_vintage_causal,expansion,expansion,expansion,official,1.164602,0.741895,0.943548,high,0,False,0,0,3,0.314441,semantically_supported,official_equals_raw_high_quality,0.063775,0.013744,0.839695,0.964902,0.096529,0.021354,1e-06,0.0,expansion,True,True,False,False,False,False,False,-0.106324,1.349032,0.1
2000-01-14,latest_vintage_causal,expansion,expansion,expansion,official,1.114737,0.558135,0.916787,high,0,False,0,0,3,0.328507,semantically_supported,official_equals_raw_high_quality,0.066143,0.014948,0.788676,0.950919,0.14518,0.034132,1e-06,0.0,expansion,True,True,False,False,False,False,False,-0.658435,1.138626,0.1
2000-01-21,latest_vintage_causal,expansion,expansion,expansion,official,0.970732,0.029975,0.728332,high,0,False,0,0,1,0.273799,semantically_supported,official_equals_raw_high_quality,0.061219,0.01804,0.548236,0.855146,0.390545,0.126814,1e-06,0.0,expansion,True,True,False,False,False,False,False,-0.94198,1.080884,0.1
2000-01-28,latest_vintage_causal,expansion,expansion,expansion,official,0.947461,0.005072,0.60443,high,0,False,0,0,1,0.280524,semantically_supported,official_equals_raw_high_quality,0.062333,0.018036,0.532977,0.793197,0.404689,0.188767,1e-06,0.0,expansion,True,True,False,False,False,False,False,-1.065629,0.963438,0.1
2000-02-04,latest_vintage_causal,expansion,expansion,expansion,official,0.980865,0.081429,0.594459,high,0,False,0,0,1,0.270971,semantically_supported,official_equals_raw_high_quality,0.06312,0.016938,0.576761,0.78876,0.360118,0.194302,1e-06,0.0,expansion,True,True,False,False,False,False,False,-0.845151,0.988661,0.1
2000-02-11,latest_vintage_causal,expansion,slowdown,expansion,official,0.927235,-0.247808,0.197737,high,0,False,1,1,1,0.286643,semantically_supported,filter_absorbed_raw_flip,0.046393,0.014906,0.359063,0.591415,0.594544,0.393678,1e-06,0.0,slowdown,True,False,False,False,False,True,False,-1.321997,0.8255,0.1
2000-02-18,latest_vintage_causal,slowdown,slowdown,slowdown,official,0.956559,-0.41709,0.368885,high,0,False,0,2,1,0.339899,semantically_supported,official_equals_raw_high_quality,0.032128,0.008067,0.247448,0.311524,0.720423,0.680409,1e-06,0.0,slowdown,True,True,False,False,False,False,False,-1.324379,0.693379,0.1
2000-02-25,latest_vintage_causal,slowdown,slowdown,slowdown,official,0.951272,-0.484687,0.707495,high,0,False,0,2,1,0.341788,semantically_supported,official_equals_raw_high_quality,0.028566,0.003835,0.217715,0.144335,0.753718,0.85183,1e-06,0.0,slowdown,True,True,False,False,False,False,False,-1.632377,0.666946,0.1
2000-03-03,latest_vintage_causal,slowdown,slowdown,slowdown,official,0.941659,-0.673148,0.886289,high,0,False,0,2,1,0.345277,semantically_supported,official_equals_raw_high_quality,0.01983,0.001546,0.148268,0.056082,0.831902,0.942371,1e-06,0.0,slowdown,True,True,False,False,False,False,False,-1.666384,0.631085,0.1
2000-03-10,latest_vintage_causal,slowdown,slowdown,slowdown,official,1.010906,-0.203541,0.727496,high,0,False,0,1,1,0.321625,semantically_supported,official_equals_raw_high_quality,0.042279,0.00309,0.386446,0.134707,0.571274,0.862203,1e-06,0.0,slowdown,True,True,False,False,False,False,False,-0.792054,0.804891,0.1
2000-03-17,latest_vintage_causal,slowdown,expansion,slowdown,official,0.973972,0.100222,0.295859,high,0,False,1,0,1,0.248645,semantically_supported,filter_absorbed_raw_flip,0.065035,0.007908,0.586174,0.348116,0.34879,0.643975,1e-06,0.0,expansion,True,False,False,False,False,True,False,-0.09019,1.053854,0.1
2000-03-24,latest_vintage_causal,expansion,expansion,expansion,official,0.995132,0.201357,0.173241,high,0,False,0,0,1,0.243358,semantically_supported,official_equals_raw_high_quality,0.067948,0.012333,0.638741,0.580454,0.29331,0.407213,1e-06,0.0,expansion,True,True,False,False,False,False,False,0.417404,1.156986,0.1
2000-03-31,latest_vintage_causal,expansion,expansion,expansion,official,1.00805,0.004778,0.191806,high,0,False,0,1,0,0.252043,semantically_supported,official_equals_raw_high_quality,0.055657,0.012722,0.505841,0.589542,0.438501,0.397736,1e-06,0.0,expansion,True,True,False,False,False,False,False,0.600512,1.27036,0.1
2000-04-07,latest_vintage_causal,expansion,expansion,expansion,official,1.05402,0.16918,0.3923,high,0,False,0,1,0,0.281065,semantically_supported,official_equals_raw_high_quality,0.060156,0.013592,0.599053,0.689354,0.34079,0.297054,1e-06,0.0,expansion,True,True,False,False,False,False,False,1.423547,1.481241,0.1
2000-04-14,latest_vintage_causal,expansion,expansion,expansion,official,1.06602,0.434631,0.709912,high,0,False,0,1,1,0.285479,semantically_supported,official_equals_raw_high_quality,0.070733,0.016112,0.721385,0.8469,0.207882,0.136988,1e-06,0.0,expansion,True,True,False,False,False,False,False,1.832907,1.521631,0.1
2000-04-21,latest_vintage_causal,expansion,expansion,expansion,official,0.988519,0.252175,0.694401,high,0,False,0,2,1,0.331003,semantically_supported,official_equals_raw_high_quality,0.074028,0.019643,0.60756,0.837379,0.318412,0.142978,1e-06,0.0,expansion,True,True,False,False,False,False,False,2.169498,1.636012,0.1
2000-04-28,latest_vintage_causal,expansion,expansion,expansion,official,0.998033,0.28118,0.706191,high,0,False,0,2,1,0.334219,semantically_supported,official_equals_raw_high_quality,0.074442,0.01983,0.622622,0.84318,0.302936,0.13699,1e-06,0.0,expansion,True,True,False,False,False,False,False,2.318333,1.667808,0.1
2000-05-05,latest_vintage_causal,expansion,expansion,expansion,official,0.963422,0.134053,0.649535,high,0,False,0,1,1,0.307493,semantically_supported,official_equals_raw_high_quality,0.068995,0.019282,0.573824,0.815127,0.357181,0.165591,1e-06,0.0,expansion,True,True,False,False,False,False,False,1.510554,1.481231,0.1
2000-05-12,latest_vintage_causal,expansion,slowdown,expansion,official,0.913758,-0.378189,0.085672,low,0,False,1,1,0,0.278696,semantically_supported,filter_absorbed_raw_flip,0.038521,0.014007,0.290253,0.535832,0.671225,0.45016,1e-06,0.0,slowdown,True,False,False,False,False,True,False,0.488558,1.273303,0.1
2000-05-19,latest_vintage_causal,expansion,slowdown,slowdown,official,0.921416,-0.284833,0.230169,high,1,False,2,1,0,0.252121,bounded_confirmation_lag,confirmation_in_flight,0.044289,0.009962,0.338834,0.379934,0.616877,0.610104,1e-06,0.0,slowdown,True,False,False,False,False,True,False,0.012633,1.161544,0.1
2000-05-26,latest_vintage_causal,slowdown,slowdown,slowdown,official,0.910534,-0.368695,0.512537,high,0,False,0,1,0,0.249396,semantically_supported,official_equals_raw_high_quality,0.039394,0.006486,0.294938,0.240488,0.665667,0.753026,1e-06,0.0,slowdown,True,True,False,False,False,False,False,-0.401637,1.081777,0.1
2000-06-02,latest_vintage_causal,slowdown,slowdown,slowdown,official,0.907602,-0.50014,0.767294,high,0,False,0,2,0,0.258301,semantically_supported,official_equals_raw_high_quality,0.030161,0.003352,0.210753,0.114677,0.759085,0.881971,1e-06,0.0,slowdown,True,True,False,False,False,False,False,-0.648428,1.172172,0.1
2000-06-09,latest_vintage_causal,slowdown,slowdown,slowdown,official,0.863213,-0.859936,0.943032,high,0,False,0,3,0,0.281539,semantically_supported,official_equals_raw_high_quality,0.01456,0.000974,0.087068,0.027997,0.898371,0.971029,1e-06,0.0,slowdown,True,True,False,False,False,False,False,-0.680799,1.215139,0.1
2000-06-16,latest_vintage_causal,slowdown,slowdown,slowdown,official,0.801782,-0.828819,0.952081,high,0,False,0,2,0,0.27913,semantically_supported,official_equals_raw_high_quality,0.018519,0.000881,0.104851,0.023519,0.87663,0.9756,1e-06,0.0,slowdown,True,True,False,False,False,False,False,-1.186837,1.119009,0.1
2000-06-23,latest_vintage_causal,slowdown,slowdown,slowdown,official,0.732659,-1.080316,0.978039,high,0,False,0,3,0,0.263574,semantically_supported,official_equals_raw_high_quality,0.011195,0.000494,0.051641,0.010733,0.937163,0.988772,1e-06,0.0,slowdown,True,True,False,False,False,False,False,-1.586722,0.96555,0.1
2000-06-30,latest_vintage_causal,slowdown,slowdown,slowdown,official,0.699624,-1.054909,0.978054,high,0,False,0,3,0,0.24885,semantically_supported,official_equals_raw_high_quality,0.012695,0.000529,0.054839,0.010709,0.932466,0.988763,1e-06,0.0,slowdown,True,True,False,False,False,False,False,-1.532136,0.797301,0.1
2000-07-07,latest_vintage_causal,slowdown,slowdown,slowdown,official,0.701106,-0.958392,0.97199,high,0,False,0,3,0,0.248324,semantically_supported,official_equals_raw_high_quality,0.015908,0.000673,0.068921,0.013668,0.91517,0.985658,1e-06,0.0,slowdown,True,True,False,False,False,False,False,-1.057229,0.804707,0.1
2000-07-14,latest_vintage_causal,slowdown,slowdown,slowdown,official,0.665079,-0.99399,0.973948,high,0,False,0,3,0,0.242874,semantically_supported,official_equals_raw_high_quality,0.015698,0.000672,0.063313,0.01269,0.920988,0.986638,1e-06,0.0,slowdown,True,True,False,False,False,False,False,-1.042459,0.697008,0.1
2000-07-21,latest_vintage_causal,slowdown,slowdown,slowdown,official,0.525172,-1.332203,0.990264,high,0,False,0,4,0,0.308474,semantically_supported,official_equals_raw_high_quality,0.008622,0.000353,0.024494,0.004691,0.966883,0.994956,1e-06,0.0,slowdown,True,True,False,False,False,False,False,-1.173283,0.551593,0.1
2000-07-28,latest_vintage_causal,slowdown,slowdown,slowdown,official,0.503855,-1.417112,0.992481,high,0,False,0,4,0,0.322468,semantically_supported,official_equals_raw_high_quality,0.007282,0.000284,0.019828,0.003617,0.97289,0.996098,1e-06,0.0,slowdown,True,True,False,False,False,False,False,-1.594391,0.442128,0.1
2000-08-04,latest_vintage_causal,slowdown,slowdown,slowdown,official,0.478719,-1.310811,0.988835,high,0,False,0,3,0,0.352031,semantically_supported,official_equals_raw_high_quality,0.010527,0.000413,0.029312,0.005376,0.96016,0.994211,1e-06,0.0,slowdown,True,True,False,False,False,False,False,-2.002389,0.284644,0.1
2000-08-11,latest_vintage_causal,slowdown,slowdown,slowdown,official,0.412208,-1.233599,0.986206,high,0,False,0,3,0,0.408833,semantically_supported,official_equals_raw_high_quality,0.014491,0.000579,0.035352,0.006607,0.950156,0.992813,1e-06,0.0,slowdown,True,True,False,False,False,False,False,-2.038868,0.159314,0.1
2000-08-18,latest_vintage_causal,slowdown,slowdown,slowdown,official,0.329437,-1.204066,0.984915,high,0,False,0,3,0,0.511553,semantically_supported,official_equals_raw_high_quality,0.018303,0.000744,0.037877,0.007171,0.943819,0.992086,1e-06,0.0,slowdown,True,True,False,False,False,False,False,-1.870347,0.071879,0.1
2000-08-25,latest_vintage_causal,slowdown,slowdown,slowdown,official,0.305716,-1.177622,0.983774,high,0,False,0,3,0,0.519485,semantically_supported,official_equals_raw_high_quality,0.020432,0.000839,0.040335,0.007693,0.939232,0.991467,1e-06,0.0,slowdown,True,True,False,False,False,False,False,-1.738124,-0.046725,0.1
2000-09-01,latest_vintage_causal,slowdown,slowdown,slowdown,official,0.275981,-1.236093,0.985929,high,0,False,0,3,0,0.476368,semantically_supported,official_equals_raw_high_quality,0.018799,0.000771,0.034982,0.00665,0.946218,0.992579,1e-06,0.0,slowdown,True,True,False,False,False,False,False,-2.08314,-0.20933,0.1
2000-09-08,latest_vintage_causal,slowdown,slowdown,slowdown,official,0.25298,-1.212795,0.985118,high,0,False,0,3,0,0.512109,semantically_supported,official_equals_raw_high_quality,0.020801,0.000851,0.036976,0.007015,0.942221,0.992134,1e-06,0.0,slowdown,True,True,False,False,False,False,False,-1.857767,-0.207331,0.1
2000-09-15,latest_vintage_causal,slowdown,slowdown,slowdown,official,0.235134,-1.020274,0.974083,high,0,False,0,2,0,0.507501,semantically_supported,official_equals_raw_high_quality,0.036002,0.001534,0.061766,0.012191,0.902231,0.986274,1e-06,0.0,slowdown,True,True,False,False,False,False,False,-1.598533,-0.232452,0.1
2000-09-22,latest_vintage_causal,slowdown,slowdown,slowdown,official,0.285621,-0.7181,0.943395,high,0,False,0,2,0,0.466856,semantically_supported,official_equals_raw_high_quality,0.06381,0.003081,0.121034,0.026762,0.815155,0.970157,1e-06,0.0,slowdown,True,True,False,False,False,False,False,-1.328381,-0.214314,0.1
2000-09-29,latest_vintage_causal,slowdown,slowdown,slowdown,official,0.301225,-0.756632,0.951247,high,0,False,0,3,0,0.486995,semantically_supported,official_equals_raw_high_quality,0.054606,0.002811,0.099385,0.022971,0.846009,0.974218,1e-06,0.0,slowdown,True,True,False,False,False,False,False,-0.631606,-0.03061,0.1
2000-10-06,latest_vintage_causal,slowdown,slowdown,slowdown,official,0.316999,-0.675482,0.941562,high,0,False,0,3,0,0.481571,semantically_supported,official_equals_raw_high_quality,0.063038,0.003265,0.118386,0.027586,0.818575,0.969148,1e-06,0.0,slowdown,True,True,False,False,False,False,False,-0.230742,0.042112,0.1
2000-10-13,latest_vintage_causal,slowdown,slowdown,slowdown,official,0.292819,-0.586164,0.925204,high,0,False,0,3,0,0.521338,semantically_supported,official_equals_raw_high_quality,0.079149,0.004394,0.141667,0.035201,0.779184,0.960405,1e-06,0.0,slowdown,True,True,False,False,False,False,False,0.081809,0.110972,0.1
2000-10-20,latest_vintage_causal,slowdown,slowdown,slowdown,official,0.265189,-0.479678,0.89889,high,0,False,0,3,0,0.516484,semantically_supported,official_equals_raw_high_quality,0.102171,0.006347,0.173099,0.047381,0.72473,0.946271,1e-06,0.0,slowdown,True,True,False,False,False,False,False,0.478844,0.190459,0.1
2000-10-27,latest_vintage_causal,slowdown,slowdown,slowdown,official,0.252153,-0.440154,0.881856,high,0,False,0,3,0,0.542596,semantically_supported,official_equals_raw_high_quality,0.112397,0.007784,0.185551,0.05518,0.702051,0.937036,1e-06,0.0,slowdown,True,True,False,False,False,False,False,0.67253,0.122072,0.1
2000-11-03,latest_vintage_causal,slowdown,slowdown,slowdown,official,0.231009,-0.541355,0.903747,high,0,False,0,3,0,0.552453,semantically_supported,official_equals_raw_high_quality,0.096667,0.006709,0.153015,0.044772,0.750318,0.948519,1e-06,0.0,slowdown,True,True,False,False,False,False,False,0.551042,0.060855,0.1
2000-11-10,latest_vintage_causal,slowdown,slowdown,slowdown,official,0.185345,-0.504821,0.899163,high,0,False,0,3,0,0.526955,semantically_supported,official_equals_raw_high_quality,0.112354,0.007587,0.162412,0.046625,0.725233,0.945788,1e-06,0.0,slowdown,True,True,False,False,False,False,False,0.176031,-0.145768,0.1
2000-11-17,latest_vintage_causal,slowdown,slowdown,slowdown,official,0.037549,-0.905637,0.963434,high,0,False,0,4,0,0.395994,semantically_supported,official_equals_raw_high_quality,0.061213,0.003647,0.065958,0.01646,0.872828,0.979893,1e-06,0.0,slowdown,True,True,False,False,False,False,False,-0.113943,-0.265796,0.1
2000-11-24,latest_vintage_causal,slowdown,slowdown,slowdown,official,-0.020212,-1.098768,0.98058,high,0,False,0,4,0,0.34102,semantically_supported,official_equals_raw_high_quality,0.043839,0.002062,0.042112,0.008679,0.914049,0.989259,1e-06,0.0,contraction,False,True,False,False,False,True,False,-1.116605,-0.557078,0.1
2000-12-01,latest_vintage_causal,slowdown,slowdown,slowdown,official,-0.144268,-1.320554,0.989137,high,0,False,0,4,0,0.425582,semantically_supported,official_equals_raw_high_quality,0.032776,0.001399,0.024603,0.004732,0.942621,0.993869,1e-06,0.0,contraction,False,True,False,False,False,True,False,-2.369457,-1.091265,0.1
2000-12-08,latest_vintage_causal,slowdown,slowdown,slowdown,official,-0.193613,-1.28473,0.988225,high,0,False,0,4,0,0.475619,semantically_supported,official_equals_raw_high_quality,0.039267,0.001635,0.026722,0.00507,0.93401,0.993295,1e-06,0.0,contraction,False,True,False,False,False,True,False,-2.897573,-1.277498,0.1
2000-12-15,latest_vintage_causal,slowdown,slowdown,slowdown,official,-0.216603,-1.365442,0.987605,high,0,False,0,4,0,0.497836,semantically_supported,official_equals_raw_high_quality,0.033291,0.0014,0.021642,0.004125,0.930258,0.99173,0.014809,0.002745,contraction,False,True,False,False,False,True,False,-3.301135,-1.394171,0.1
2000-12-22,latest_vintage_causal,slowdown,slowdown,slowdown,official,-0.378054,-1.557781,0.820661,high,0,False,0,4,0,0.44832,semantically_supported,official_equals_raw_high_quality,0.018919,0.001082,0.008923,0.002297,0.627781,0.908641,0.344377,0.08798,contraction,False,True,False,False,False,True,False,-3.603361,-1.617211,0.1
2000-12-29,latest_vintage_causal,slowdown,slowdown,slowdown,official,-0.414565,-1.634418,0.646542,high,0,False,0,4,0,0.474508,semantically_supported,official_equals_raw_high_quality,0.014473,0.001192,0.006348,0.001697,0.543516,0.821826,0.435663,0.175285,contraction,False,True,False,False,False,True,False,-3.626013,-1.69911,0.1
2001-01-05,latest_vintage_causal,slowdown,contraction,slowdown,official,-0.438234,-1.600167,0.442317,high,0,False,1,4,0,0.493346,semantically_supported,filter_absorbed_raw_flip,0.014681,0.001602,0.006143,0.001625,0.481795,0.719545,0.497381,0.277228,contraction,False,True,False,False,False,True,False,-3.458324,-1.823752,0.1
2001-01-12,latest_vintage_causal,slowdown,contraction,contraction,official,-0.520679,-1.829142,0.098972,low,1,False,2,4,0,0.551213,bounded_confirmation_lag,confirmation_in_flight,0.005951,0.000896,0.002114,0.000569,0.298038,0.449781,0.693898,0.548754,contraction,False,True,True,False,False,True,False,-3.638396,-2.033431,0.1
2001-01-19,latest_vintage_causal,slowdown,contraction,contraction,official,-0.451386,-1.396407,0.189161,high,2,False,3,3,0,0.557376,bounded_confirmation_lag,confirmation_in_flight,0.023736,0.004659,0.009676,0.001667,0.42425,0.402256,0.542338,0.591417,contraction,False,True,False,False,False,True,False,-2.677888,-1.864401,0.1
2001-01-26,latest_vintage_causal,contraction,contraction,contraction,official,-0.428911,-1.130792,0.147388,high,0,False,0,3,0,0.542051,semantically_supported,official_equals_raw_high_quality,0.048418,0.010733,0.020639,0.003517,0.458221,0.419181,0.472722,0.566569,contraction,True,True,False,False,False,False,False,-1.35808,-1.75354,0.1
2001-02-02,latest_vintage_causal,contraction,contraction,contraction,official,-0.447178,-0.978935,0.219404,high,0,False,0,3,0,0.553981,semantically_supported,official_equals_raw_high_quality,0.064599,0.01485,0.026554,0.004831,0.399528,0.380457,0.509318,0.599862,contraction,True,True,False,False,False,False,False,-1.22403,-1.867765,0.1
2001-02-09,latest_vintage_causal,contraction,contraction,contraction,official,-0.526544,-1.107713,0.543755,high,0,False,0,3,0,0.572824,semantically_supported,official_equals_raw_high_quality,0.036952,0.008357,0.012972,0.002096,0.27147,0.222896,0.678606,0.766651,contraction,True,True,False,False,False,False,False,-1.606447,-2.166092,0.1
2001-02-16,latest_vintage_causal,contraction,contraction,contraction,official,-0.653775,-1.116273,0.75117,high,0,False,0,4,0,0.580169,semantically_supported,official_equals_raw_high_quality,0.038646,0.008624,0.010535,0.001106,0.225355,0.11955,0.725463,0.87072,contraction,True,True,False,False,False,False,False,-1.972571,-2.562945,0.1
2001-02-23,latest_vintage_causal,contraction,contraction,contraction,official,-0.766814,-1.274943,0.854296,high,0,False,0,4,0,0.542165,semantically_supported,official_equals_raw_high_quality,0.027473,0.006033,0.005982,0.000444,0.192141,0.069614,0.774404,0.92391,contraction,True,True,False,False,False,False,False,-2.097319,-2.701487,0.1
2001-03-02,latest_vintage_causal,contraction,contraction,contraction,official,-0.82238,-1.249534,0.896325,high,0,False,0,3,0,0.56785,semantically_supported,official_equals_raw_high_quality,0.030185,0.006453,0.006326,0.000382,0.166271,0.04842,0.797218,0.944745,contraction,True,True,False,False,False,False,False,-2.287752,-2.921604,0.1
2001-03-09,latest_vintage_causal,contraction,contraction,contraction,official,-0.884274,-1.214182,0.914149,high,0,False,0,3,0,0.552969,semantically_supported,official_equals_raw_high_quality,0.033604,0.007134,0.006227,0.000344,0.149501,0.039186,0.810668,0.953336,contraction,True,True,False,False,False,False,False,-2.049464,-3.016165,0.1
2001-03-16,latest_vintage_causal,contraction,contraction,contraction,official,-0.927952,-1.373338,0.92576,high,0,False,0,3,0,0.570896,semantically_supported,official_equals_raw_high_quality,0.02295,0.004795,0.003899,0.000204,0.140742,0.03462,0.832408,0.96038,contraction,True,True,False,False,False,False,False,-2.845243,-3.238628,0.1
2001-03-23,latest_vintage_causal,contraction,contraction,contraction,official,-1.08635,-1.768894,0.948483,high,0,False,0,3,0,0.547591,semantically_supported,official_equals_raw_high_quality,0.008254,0.001627,0.001023,5e-05,0.108416,0.02492,0.882307,0.973403,contraction,True,True,False,False,False,False,False,-3.683937,-3.540108,0.1
2001-03-30,latest_vintage_causal,contraction,contraction,contraction,official,-1.093538,-1.766991,0.948719,high,0,False,0,4,0,0.550511,semantically_supported,official_equals_raw_high_quality,0.008253,0.001605,0.000939,4.3e-05,0.112861,0.024817,0.877948,0.973535,contraction,True,True,False,False,False,False,False,-3.456776,-3.549042,0.1
2001-04-06,latest_vintage_causal,contraction,contraction,contraction,official,-1.107445,-1.672995,0.949639,high,0,False,0,4,0,0.555469,semantically_supported,official_equals_raw_high_quality,0.010507,0.002042,0.001162,5.3e-05,0.10985,0.024133,0.878481,0.973772,contraction,True,True,False,False,False,False,False,-2.986794,-3.621668,0.1
2001-04-13,latest_vintage_causal,contraction,contraction,contraction,official,-1.203999,-1.870219,0.961299,high,0,False,0,4,0,0.525758,semantically_supported,official_equals_raw_high_quality,0.006134,0.001167,0.00056,2.5e-05,0.087738,0.018754,0.905568,0.980054,contraction,True,True,False,False,False,False,False,-2.296021,-3.68177,0.1
2001-04-20,latest_vintage_causal,contraction,contraction,contraction,official,-1.207701,-1.523139,0.960949,high,0,False,0,4,0,0.515006,semantically_supported,official_equals_raw_high_quality,0.014794,0.002822,0.001341,5.9e-05,0.086322,0.018085,0.897543,0.979034,contraction,True,True,False,False,False,False,False,-1.871261,-3.616011,0.1
2001-04-27,latest_vintage_causal,contraction,contraction,contraction,official,-1.239461,-1.519656,0.963183,high,0,False,0,4,0,0.52915,semantically_supported,official_equals_raw_high_quality,0.015005,0.002877,0.001277,5.6e-05,0.081466,0.016942,0.902253,0.980125,contraction,True,True,False,False,False,False,False,-1.861803,-3.826696,0.1
2001-05-04,latest_vintage_causal,contraction,contraction,contraction,official,-1.284628,-1.772998,0.967585,high,0,False,0,4,0,0.559003,semantically_supported,official_equals_raw_high_quality,0.007958,0.001508,0.000619,2.7e-05,0.07559,0.01544,0.915832,0.983025,contraction,True,True,False,False,False,False,False,-2.058986,-4.014244,0.1
2001-05-11,latest_vintage_causal,contraction,contraction,contraction,official,-1.321372,-1.649628,0.96942,high,0,False,0,4,0,0.541385,semantically_supported,official_equals_raw_high_quality,0.010941,0.002054,0.000791,3.4e-05,0.07042,0.014246,0.917848,0.983666,contraction,True,True,False,False,False,False,False,-1.492704,-3.95526,0.1
2001-05-18,latest_vintage_causal,contraction,contraction,contraction,official,-1.423008,-1.622318,0.974563,high,0,False,0,4,0,0.513543,semantically_supported,official_equals_raw_high_quality,0.011879,0.002215,0.000702,3e-05,0.058246,0.011596,0.929173,0.986159,contraction,True,True,False,False,False,False,False,-1.126974,-4.073594,0.1
2001-05-25,latest_vintage_causal,contraction,contraction,contraction,official,-1.421692,-1.624369,0.974834,high,0,False,0,4,0,0.514688,semantically_supported,official_equals_raw_high_quality,0.011816,0.002205,0.0007,2.9e-05,0.058394,0.011466,0.929091,0.9863,contraction,True,True,False,False,False,False,False,-1.138124,-4.085322,0.1
2001-06-01,latest_vintage_causal,contraction,contraction,contraction,official,-1.460317,-1.797403,0.977308,high,0,False,0,4,0,0.529012,semantically_supported,official_equals_raw_high_quality,0.007652,0.001418,0.00042,1.7e-05,0.054559,0.010628,0.937369,0.987937,contraction,True,True,False,False,False,False,False,-1.018559,-4.095175,0.1
2001-06-08,latest_vintage_causal,contraction,contraction,contraction,official,-1.509409,-1.684579,0.978891,high,0,False,0,4,0,0.527768,semantically_supported,official_equals_raw_high_quality,0.010241,0.001886,0.000509,2.1e-05,0.049606,0.009601,0.939643,0.988492,contraction,True,True,False,False,False,False,False,-1.405214,-4.349101,0.1
2001-06-15,latest_vintage_causal,contraction,contraction,contraction,official,-1.47586,-1.760803,0.977841,high,0,False,0,4,0,0.55033,semantically_supported,official_equals_raw_high_quality,0.008953,0.001656,0.000476,2e-05,0.053104,0.010242,0.937467,0.988083,contraction,True,True,False,False,False,False,False,-1.95028,-4.557282,0.1
2001-06-22,latest_vintage_causal,contraction,contraction,contraction,official,-1.56506,-1.795759,0.981382,high,0,False,0,4,0,0.522166,semantically_supported,official_equals_raw_high_quality,0.007764,0.001422,0.000346,1.4e-05,0.044764,0.008591,0.947126,0.989973,contraction,True,True,False,False,False,False,False,-1.516566,-4.556562,0.1
2001-06-29,latest_vintage_causal,contraction,contraction,contraction,official,-1.588915,-1.554593,0.981114,high,0,False,0,4,0,0.51582,semantically_supported,official_equals_raw_high_quality,0.014334,0.002633,0.000609,2.5e-05,0.042485,0.008114,0.942572,0.989228,contraction,True,True,False,False,False,False,False,-0.89564,-4.440654,0.1
2001-07-06,latest_vintage_causal,contraction,contraction,contraction,official,-1.587597,-1.536267,0.980968,high,0,False,0,4,0,0.509996,semantically_supported,official_equals_raw_high_quality,0.01501,0.002778,0.000639,2.6e-05,0.042561,0.008114,0.941789,0.989082,contraction,True,True,False,False,False,False,False,-0.809933,-4.331481,0.1
2001-07-13,latest_vintage_causal,contraction,contraction,contraction,official,-1.637632,-1.501754,0.982237,high,0,False,0,4,0,0.48956,semantically_supported,official_equals_raw_high_quality,0.016441,0.003038,0.000634,2.6e-05,0.038634,0.00735,0.944291,0.989586,contraction,True,True,False,False,False,False,False,-0.386896,-4.231396,0.1
2001-07-20,latest_vintage_causal,contraction,contraction,contraction,official,-1.774842,-1.599421,0.986439,high,0,False,0,4,0,0.457985,semantically_supported,official_equals_raw_high_quality,0.012972,0.002375,0.000381,1.5e-05,0.029801,0.005586,0.956846,0.992024,contraction,True,True,False,False,False,False,False,-0.525107,-4.307575,0.1
2001-07-27,latest_vintage_causal,contraction,contraction,contraction,official,-1.774203,-1.629016,0.986712,high,0,False,0,4,0,0.463044,semantically_supported,official_equals_raw_high_quality,0.012036,0.002194,0.000354,1.4e-05,0.029867,0.00554,0.957743,0.992252,contraction,True,True,False,False,False,False,False,-0.687464,-4.393428,0.1
2001-08-03,latest_vintage_causal,contraction,contraction,contraction,official,-1.793069,-1.354782,0.98491,high,0,False,0,4,0,0.451498,semantically_supported,official_equals_raw_high_quality,0.024024,0.004416,0.00068,2.7e-05,0.028441,0.005324,0.946855,0.990233,contraction,True,True,False,False,False,False,False,0.026753,-4.271342,0.1
2001-08-10,latest_vintage_causal,contraction,contraction,contraction,official,-1.846683,-1.292634,0.984711,high,0,False,0,4,0,0.437859,semantically_supported,official_equals_raw_high_quality,0.028135,0.00524,0.000716,2.9e-05,0.025532,0.004779,0.945618,0.989951,contraction,True,True,False,False,False,False,False,0.443912,-4.250622,0.1
2001-08-17,latest_vintage_causal,contraction,contraction,contraction,official,-1.783335,-0.931715,0.966533,high,0,False,0,4,0,0.445825,semantically_supported,official_equals_raw_high_quality,0.071794,0.014003,0.002072,8.7e-05,0.02762,0.005373,0.898514,0.980536,contraction,True,True,False,False,False,False,False,0.68285,-4.135353,0.1
2001-08-24,latest_vintage_causal,contraction,contraction,contraction,official,-1.779673,-0.986238,0.968911,high,0,False,0,4,0,0.448167,semantically_supported,official_equals_raw_high_quality,0.063027,0.012785,0.001832,8e-05,0.028086,0.00544,0.907055,0.981695,contraction,True,True,False,False,False,False,False,0.403543,-4.159845,0.1
2001-08-31,latest_vintage_causal,contraction,contraction,contraction,official,-1.801002,-1.015244,0.971094,high,0,False,0,4,0,0.446056,semantically_supported,official_equals_raw_high_quality,0.058859,0.011806,0.00164,7.1e-05,0.027079,0.005222,0.912422,0.9829,contraction,True,True,False,False,False,False,False,0.070863,-4.210343,0.1
2001-09-07,latest_vintage_causal,contraction,contraction,contraction,official,-1.794606,-1.050313,0.973155,high,0,False,0,4,0,0.447103,semantically_supported,official_equals_raw_high_quality,0.054063,0.010746,0.001526,6.5e-05,0.027559,0.005288,0.916853,0.983901,contraction,True,True,False,False,False,False,False,-0.124599,-4.202369,0.1
2001-09-14,latest_vintage_causal,contraction,contraction,contraction,official,-1.857113,-1.155971,0.978915,high,0,False,0,4,0,0.437146,semantically_supported,official_equals_raw_high_quality,0.041935,0.008177,0.001045,4.4e-05,0.024748,0.004686,0.932273,0.987092,contraction,True,True,False,False,False,False,False,-0.143781,-4.278825,0.1
2001-09-21,latest_vintage_causal,contraction,contraction,contraction,official,-2.026258,-1.134922,0.980636,high,0,False,0,4,0,0.397856,semantically_supported,official_equals_raw_high_quality,0.041876,0.008002,0.000746,3.1e-05,0.017753,0.003329,0.939625,0.988638,contraction,True,True,False,False,False,False,False,0.181667,-4.198946,0.1
2001-09-28,latest_vintage_causal,contraction,contraction,contraction,official,-2.026258,-1.295412,0.98604,high,0,False,0,4,0,0.413252,semantically_supported,official_equals_raw_high_quality,0.028163,0.005313,0.000501,2e-05,0.018012,0.003313,0.953324,0.991353,contraction,True,True,False,False,False,False,False,-0.631081,-4.475885,0.1
2001-10-05,latest_vintage_causal,contraction,contraction,contraction,official,-2.051191,-1.564717,0.991034,high,0,False,0,4,0,0.436709,semantically_supported,official_equals_raw_high_quality,0.014343,0.002634,0.000243,1e-05,0.017405,0.003161,0.968009,0.994196,contraction,True,True,False,False,False,False,False,-1.813987,-5.02356,0.1
2001-10-12,latest_vintage_causal,contraction,contraction,contraction,official,-2.119845,-1.855409,0.993241,high,0,False,0,4,0,0.438082,semantically_supported,official_equals_raw_high_quality,0.006879,0.001234,0.000102,4e-06,0.015336,0.00276,0.977683,0.996002,contraction,True,True,False,False,False,False,False,-2.697397,-5.319285,0.1
2001-10-19,latest_vintage_causal,contraction,contraction,contraction,official,-1.799255,-1.476786,0.985892,high,0,False,0,4,1,0.521848,semantically_supported,official_equals_raw_high_quality,0.020212,0.003682,0.000526,2.1e-05,0.02832,0.005202,0.950942,0.991095,contraction,True,True,False,False,False,False,False,-3.466862,-5.697013,0.1
2001-10-26,latest_vintage_causal,contraction,contraction,contraction,official,-1.791456,-1.511274,0.985849,high,0,False,0,4,1,0.529056,semantically_supported,official_equals_raw_high_quality,0.018527,0.003418,0.000489,2e-05,0.028801,0.005357,0.952183,0.991206,contraction,True,True,False,False,False,False,False,-3.647363,-5.820278,0.1
2001-11-02,latest_vintage_causal,contraction,contraction,contraction,official,-1.842843,-1.613683,0.988414,high,0,False,0,4,1,0.509447,semantically_supported,official_equals_raw_high_quality,0.01351,0.002469,0.000322,1.3e-05,0.024651,0.004552,0.961517,0.992966,contraction,True,True,False,False,False,False,False,-3.320755,-5.647362,0.1
2001-11-09,latest_vintage_causal,contraction,contraction,contraction,official,-1.908346,-1.502414,0.988765,high,0,False,0,4,1,0.486531,semantically_supported,official_equals_raw_high_quality,0.01794,0.003265,0.000376,1.5e-05,0.021608,0.003978,0.960076,0.992743,contraction,True,True,False,False,False,False,False,-2.769991,-5.462961,0.1
2001-11-16,latest_vintage_causal,contraction,contraction,contraction,official,-1.776588,-1.048251,0.974008,high,0,False,0,3,1,0.499771,semantically_supported,official_equals_raw_high_quality,0.054848,0.010411,0.001492,6.1e-05,0.026815,0.00511,0.916845,0.984419,contraction,True,True,False,False,False,False,False,-2.364014,-5.195567,0.1
2001-11-23,latest_vintage_causal,contraction,contraction,contraction,official,-1.984519,-0.982943,0.970971,high,0,False,0,4,1,0.444333,semantically_supported,official_equals_raw_high_quality,0.0648,0.01279,0.001166,5e-05,0.017725,0.0034,0.916309,0.983761,contraction,True,True,False,False,False,False,False,-1.168403,-4.914818,0.1
2001-11-30,latest_vintage_causal,contraction,contraction,contraction,official,-2.002246,-0.717846,0.946244,high,0,False,0,4,1,0.442527,semantically_supported,official_equals_raw_high_quality,0.120181,0.025226,0.002088,9.4e-05,0.016091,0.003211,0.86164,0.971469,contraction,True,True,False,False,False,False,False,-0.077533,-4.949339,0.1
2001-12-07,latest_vintage_causal,contraction,contraction,contraction,official,-1.998902,-0.57943,0.874056,high,0,False,0,4,1,0.44211,semantically_supported,official_equals_raw_high_quality,0.22671,0.058,0.007733,0.000417,0.041804,0.009526,0.723753,0.932056,contraction,True,True,False,False,False,False,False,0.593741,-4.927735,0.1
2001-12-14,latest_vintage_causal,contraction,slowdown,slowdown,official,-2.021965,-0.11919,0.196682,high,1,False,1,4,1,0.424386,bounded_confirmation_lag,confirmation_in_flight,0.240835,0.356956,0.285132,0.089401,0.474032,0.553638,1e-06,6e-06,contraction,True,True,False,False,False,False,False,1.94923,-4.66955,0.1
2001-12-21,latest_vintage_causal,contraction,contraction,contraction,official,-2.10938,-0.769675,0.542317,high,0,False,0,4,0,0.393681,semantically_supported,official_equals_raw_high_quality,0.100506,0.207437,0.001517,0.001971,0.013351,0.040838,0.884627,0.749754,contraction,True,True,False,False,False,False,False,2.848296,-4.396119,0.1
2001-12-28,latest_vintage_causal,contraction,contraction,contraction,official,-2.10938,-0.625948,0.77826,high,0,False,0,4,0,0.366371,semantically_supported,official_equals_raw_high_quality,0.214104,0.107299,0.00416,0.000447,0.025335,0.006695,0.756402,0.885559,contraction,True,True,False,False,False,False,False,3.567952,-3.914834,0.1
2002-01-04,latest_vintage_causal,contraction,contraction,contraction,official,-2.091619,-0.357677,0.833614,high,0,False,0,4,0,0.347794,semantically_supported,official_equals_raw_high_quality,0.214596,0.077648,0.014391,0.001055,0.044076,0.010035,0.726937,0.911262,contraction,True,True,False,False,False,False,False,3.762484,-3.637266,0.1
2002-01-11,latest_vintage_causal,contraction,slowdown,slowdown,official,-2.092272,-0.207516,0.232542,high,1,False,1,4,0,0.335728,bounded_confirmation_lag,confirmation_in_flight,0.22598,0.343433,0.250922,0.080585,0.523097,0.575976,1e-06,5e-06,contraction,True,True,False,False,False,False,False,3.45552,-3.512167,0.1
2002-01-18,latest_vintage_causal,contraction,slowdown,slowdown,official,-2.050368,0.078651,0.327314,high,2,False,2,4,1,0.346745,bounded_confirmation_lag,confirmation_in_flight,0.245512,0.226209,0.376975,0.220268,0.377513,0.553523,1e-06,0.0,recovery,True,False,False,False,False,True,False,2.777444,-3.554779,0.1
2002-01-25,latest_vintage_causal,slowdown,expansion,slowdown,official,-2.004757,0.16956,0.12051,high,0,False,3,4,1,0.336932,semantically_supported,filter_absorbed_raw_flip,0.247677,0.168218,0.419507,0.355636,0.332815,0.476145,1e-06,0.0,recovery,False,False,True,False,False,True,False,3.232702,-3.377334,0.1
2002-02-01,latest_vintage_causal,slowdown,expansion,expansion,official,-1.963329,0.26293,0.135637,high,1,False,4,4,1,0.332516,bounded_confirmation_lag,confirmation_in_flight,0.249829,0.14229,0.46177,0.496673,0.2884,0.361036,1e-06,0.0,recovery,False,False,True,False,False,True,False,3.427735,-3.264191,0.1
2002-02-08,latest_vintage_causal,slowdown,expansion,expansion,official,-1.965365,0.222138,0.261531,high,2,False,5,4,1,0.332598,bounded_confirmation_lag,confirmation_in_flight,0.248902,0.13131,0.443555,0.56511,0.307543,0.303579,1e-06,0.0,recovery,False,False,True,False,False,True,False,2.872215,-3.268384,0.1
2002-02-15,latest_vintage_causal,expansion,expansion,expansion,official,-1.937488,0.38262,0.497769,high,0,False,0,4,1,0.319192,semantically_supported,official_equals_raw_high_quality,0.256088,0.12687,0.519684,0.685449,0.224227,0.18768,1e-06,0.0,recovery,False,True,True,False,False,True,True,2.660006,-3.092154,0.1
2002-02-22,latest_vintage_causal,expansion,expansion,expansion,official,-1.902695,0.223693,0.496706,high,0,False,0,4,1,0.318141,semantically_supported,official_equals_raw_high_quality,0.253703,0.130722,0.452761,0.682992,0.293535,0.186286,1e-06,0.0,recovery,False,True,True,False,False,True,True,1.772187,-3.026628,0.1
2002-03-01,latest_vintage_causal,expansion,expansion,expansion,official,-1.886175,0.166704,0.450707,high,0,False,0,4,1,0.30795,semantically_supported,official_equals_raw_high_quality,0.252782,0.135175,0.426921,0.657766,0.320296,0.207059,1e-06,0.0,recovery,False,True,True,False,False,True,True,1.439464,-2.904239,0.1
2002-03-08,latest_vintage_causal,expansion,expansion,expansion,official,-1.864333,0.285967,0.5193,high,0,False,0,4,1,0.299851,semantically_supported,official_equals_raw_high_quality,0.254674,0.131888,0.480015,0.693706,0.265309,0.174406,1e-06,0.0,recovery,False,True,True,False,False,True,True,1.427854,-2.782803,0.1
2002-03-15,latest_vintage_causal,expansion,expansion,expansion,official,-1.858633,0.313721,0.572367,high,0,False,0,4,1,0.300771,semantically_supported,official_equals_raw_high_quality,0.255093,0.129632,0.491761,0.721367,0.253145,0.149001,1e-06,0.0,recovery,False,True,True,False,False,True,True,1.568691,-2.7585,0.1
2002-03-22,latest_vintage_causal,expansion,expansion,expansion,official,-1.825522,0.191306,0.513304,high,0,False,0,4,1,0.306226,semantically_supported,official_equals_raw_high_quality,0.253183,0.134712,0.438166,0.689296,0.30865,0.175992,1e-06,0.0,recovery,False,True,True,False,False,True,True,1.33336,-2.693206,0.1
2002-03-29,latest_vintage_causal,expansion,expansion,expansion,official,-1.834133,0.121543,0.423041,high,0,False,0,4,1,0.304788,semantically_supported,official_equals_raw_high_quality,0.252037,0.139796,0.405999,0.641623,0.341963,0.218581,1e-06,0.0,recovery,False,True,True,False,False,True,True,1.033546,-2.698024,0.1
2002-04-05,latest_vintage_causal,expansion,slowdown,expansion,official,-1.889238,-0.024189,0.225043,high,0,False,1,4,1,0.318439,semantically_supported,filter_absorbed_raw_flip,0.249595,0.146852,0.337484,0.539095,0.41292,0.314052,1e-06,0.0,contraction,False,False,True,False,False,True,True,0.311035,-3.008038,0.1
2002-04-12,latest_vintage_causal,expansion,slowdown,slowdown,official,-1.932455,-0.15317,0.054446,low,1,False,2,4,1,0.331215,bounded_confirmation_lag,confirmation_in_flight,0.247491,0.144865,0.27843,0.400344,0.474078,0.45479,1e-06,0.0,contraction,False,False,True,False,False,True,True,-0.476112,-3.200292,0.1
2002-04-19,latest_vintage_causal,expansion,slowdown,slowdown,official,-1.929873,-0.173021,0.266897,high,2,False,3,4,1,0.352241,bounded_confirmation_lag,confirmation_in_flight,0.247179,0.127239,0.269681,0.302932,0.483139,0.569829,1e-06,0.0,contraction,False,False,True,False,False,True,True,-1.044987,-3.398898,0.1
2002-04-26,latest_vintage_causal,slowdown,slowdown,slowdown,official,-1.912228,-0.203287,0.431507,high,0,False,0,4,1,0.349804,semantically_supported,official_equals_raw_high_quality,0.246712,0.105483,0.256571,0.231505,0.496716,0.663012,1e-06,0.0,contraction,False,True,True,False,False,True,False,-1.195388,-3.344528,0.1
2002-05-03,latest_vintage_causal,slowdown,slowdown,slowdown,official,-1.862743,-0.140234,0.476674,high,0,False,0,4,1,0.32762,semantically_supported,official_equals_raw_high_quality,0.247696,0.088392,0.284191,0.217467,0.468112,0.694141,1e-06,0.0,contraction,False,True,True,False,False,True,False,-0.814917,-3.051354,0.1
2002-05-10,latest_vintage_causal,slowdown,slowdown,slowdown,official,-1.815367,-0.009106,0.358139,high,0,False,0,4,1,0.313851,semantically_supported,official_equals_raw_high_quality,0.256636,0.086509,0.353919,0.277676,0.389444,0.635815,1e-06,0.0,contraction,False,True,True,False,False,True,False,-0.417312,-2.848777,0.1
2002-05-17,latest_vintage_causal,slowdown,slowdown,slowdown,official,-1.767553,-0.022496,0.291418,high,0,False,0,4,1,0.304601,semantically_supported,official_equals_raw_high_quality,0.256518,0.089637,0.347619,0.309472,0.395862,0.60089,1e-06,0.0,contraction,False,True,True,False,False,True,False,-0.178467,-2.677635,0.1
2002-05-24,latest_vintage_causal,slowdown,slowdown,slowdown,official,-1.750856,0.009146,0.211363,high,0,False,0,4,1,0.30711,semantically_supported,official_equals_raw_high_quality,0.256797,0.094769,0.36252,0.346934,0.380682,0.558297,1e-06,0.0,recovery,False,False,True,False,False,True,False,-0.020257,-2.616069,0.1
2002-05-31,latest_vintage_causal,slowdown,expansion,expansion,official,-1.723768,0.30892,0.214017,high,1,False,1,4,1,0.311936,bounded_confirmation_lag,confirmation_in_flight,0.263803,0.1097,0.506614,0.552159,0.229581,0.338142,1e-06,0.0,recovery,False,False,True,False,False,True,False,0.911207,-2.535615,0.1
2002-06-07,latest_vintage_causal,slowdown,expansion,expansion,official,-1.689904,0.465897,0.543946,high,2,False,2,4,1,0.318187,bounded_confirmation_lag,confirmation_in_flight,0.328964,0.154426,0.514953,0.698371,0.156083,0.147202,1e-06,0.0,recovery,False,False,True,True,True,True,False,1.703918,-2.373228,0.1
2002-06-14,latest_vintage_causal,expansion,expansion,expansion,official,-1.639856,0.782649,0.47953,high,0,False,0,4,2,0.318005,semantically_supported,official_equals_raw_high_quality,0.44152,0.242489,0.492214,0.722018,0.066265,0.035493,1e-06,0.0,recovery,False,True,True,False,False,True,True,2.504204,-2.213918,0.1
2002-06-21,latest_vintage_causal,expansion,recovery,expansion,official,-1.548306,0.91291,0.272859,high,0,False,1,4,2,0.3332,semantically_supported,filter_absorbed_raw_flip,0.518906,0.356879,0.438784,0.629738,0.042309,0.013383,1e-06,0.0,recovery,False,True,True,False,False,True,True,2.676048,-2.097848,0.1
2002-06-28,latest_vintage_causal,expansion,recovery,recovery,official,-1.520086,0.847607,0.04642,low,1,False,2,4,2,0.339386,bounded_confirmation_lag,confirmation_in_flight,0.594547,0.517949,0.363965,0.471529,0.041487,0.010523,1e-06,0.0,recovery,False,True,True,False,False,True,True,2.349466,-1.967787,0.1
2002-07-05,latest_vintage_causal,recovery,recovery,recovery,official,-1.503801,0.911204,0.429338,high,0,False,0,4,3,0.343061,semantically_supported,official_equals_raw_high_quality,0.683082,0.71196,0.288935,0.282622,0.027982,0.005418,1e-06,0.0,recovery,True,True,False,False,False,False,False,1.952863,-1.942583,0.1
2002-07-12,latest_vintage_causal,recovery,recovery,recovery,official,-1.498672,0.756684,0.713647,high,0,False,0,4,2,0.347025,semantically_supported,official_equals_raw_high_quality,0.738997,0.854808,0.228171,0.141161,0.032831,0.00403,1e-06,0.0,recovery,True,True,False,False,False,False,False,1.675026,-1.896041,0.1
2002-07-19,latest_vintage_causal,recovery,recovery,recovery,official,-1.416679,0.839867,0.874452,high,0,False,0,4,3,0.363855,semantically_supported,official_equals_raw_high_quality,0.816964,0.936479,0.163971,0.062027,0.019065,0.001494,1e-06,0.0,recovery,True,True,False,False,False,False,False,1.879289,-1.768652,0.1
2002-07-26,latest_vintage_causal,recovery,recovery,recovery,official,-1.390913,0.848481,0.943595,high,0,False,0,4,3,0.370595,semantically_supported,official_equals_raw_high_quality,0.881338,0.971467,0.106543,0.027872,0.012117,0.000661,1e-06,0.0,recovery,True,True,False,False,False,False,False,1.922361,-1.664024,0.1
2002-08-02,latest_vintage_causal,recovery,recovery,recovery,official,-1.404993,0.552402,0.944509,high,0,False,0,4,2,0.366881,semantically_supported,official_equals_raw_high_quality,0.851738,0.971512,0.117569,0.027003,0.030692,0.001484,1e-06,0.0,recovery,True,True,False,False,False,False,False,1.698756,-1.594399,0.1
2002-08-09,latest_vintage_causal,recovery,recovery,recovery,official,-1.385262,0.480978,0.932275,high,0,False,0,4,2,0.368299,semantically_supported,official_equals_raw_high_quality,0.818179,0.965034,0.138426,0.03276,0.043394,0.002206,1e-06,0.0,recovery,True,True,False,False,False,False,False,1.502986,-1.524843,0.1
2002-08-16,latest_vintage_causal,recovery,expansion,recovery,official,-1.395805,0.352566,0.434049,high,0,False,1,4,2,0.364478,semantically_supported,filter_absorbed_raw_flip,0.272842,0.704249,0.506513,0.2702,0.220644,0.025551,1e-06,0.0,recovery,True,True,False,False,False,False,False,1.294044,-1.504567,0.1
2002-08-23,latest_vintage_causal,recovery,expansion,recovery,official,-1.40743,0.085333,0.092154,low,0,False,2,4,1,0.360443,semantically_supported,filter_absorbed_raw_flip,0.257469,0.502137,0.398377,0.409983,0.344152,0.08788,1e-06,0.0,recovery,True,True,False,False,False,False,False,0.883107,-1.562909,0.1
2002-08-30,latest_vintage_causal,recovery,slowdown,expansion,official,-1.420136,-0.059986,0.054863,low,1,False,3,4,1,0.357218,bounded_confirmation_lag,confirmation_in_flight,0.256188,0.378435,0.330056,0.433298,0.413755,0.188267,1e-06,0.0,contraction,True,False,False,False,False,True,False,0.757013,-1.595515,0.1
2002-09-06,latest_vintage_causal,recovery,slowdown,expansion,official,-1.421559,-0.084907,0.126439,high,2,False,4,4,1,0.35686,bounded_confirmation_lag,confirmation_in_flight,0.255971,0.290901,0.318472,0.417769,0.425556,0.29133,1e-06,0.0,contraction,True,False,False,False,False,True,False,0.622015,-1.606494,0.1
2002-09-13,latest_vintage_causal,recovery,slowdown,slowdown,official,-1.428272,-0.15237,0.052673,low,1,False,5,4,1,0.345347,bounded_confirmation_lag,confirmation_in_flight,0.255394,0.229731,0.287673,0.358798,0.456933,0.411471,1e-06,0.0,contraction,True,False,False,False,False,True,False,0.121305,-1.711711,0.1
2002-09-20,latest_vintage_causal,recovery,contraction,slowdown,official,-1.490269,-0.500109,0.159069,high,2,False,6,4,0,0.31769,bounded_confirmation_lag,confirmation_in_flight,0.226615,0.259069,0.056259,0.098415,0.233008,0.418138,0.484118,0.224378,contraction,True,False,False,True,False,True,False,-0.196519,-1.756271,0.1
2002-09-27,latest_vintage_causal,recovery,contraction,contraction,official,-1.484588,-0.528101,0.224303,high,1,False,7,4,0,0.31716,bounded_confirmation_lag,confirmation_in_flight,0.226269,0.204996,0.045973,0.028256,0.204563,0.271222,0.523195,0.495526,contraction,True,False,False,True,False,True,False,-0.333293,-1.750848,0.1
2002-10-04,latest_vintage_causal,recovery,contraction,contraction,official,-1.496759,-0.422356,0.258848,high,2,False,8,4,0,0.314581,bounded_confirmation_lag,confirmation_in_flight,0.238343,0.177822,0.093336,0.029414,0.296088,0.266958,0.372233,0.525806,contraction,True,False,False,True,False,True,False,-0.598302,-1.805689,0.1
2002-10-11,latest_vintage_causal,recovery,slowdown,slowdown,official,-1.460819,-0.286135,0.405588,high,1,False,9,4,1,0.308084,bounded_confirmation_lag,confirmation_in_flight,0.254318,0.24748,0.230314,0.099449,0.515367,0.653069,1e-06,2e-06,contraction,True,False,False,False,False,True,False,-0.486604,-1.732981,0.1
2002-10-18,latest_vintage_causal,recovery,slowdown,slowdown,official,-1.487093,-0.294976,0.576762,high,2,False,10,4,1,0.302114,bounded_confirmation_lag,confirmation_in_flight,0.254251,0.151722,0.226744,0.119793,0.519004,0.728485,1e-06,0.0,contraction,True,False,False,False,False,True,False,-0.316663,-1.710315,0.1
2002-10-25,latest_vintage_causal,slowdown,slowdown,slowdown,official,-1.487307,-0.286319,0.649346,high,0,False,0,4,1,0.301546,semantically_supported,official_equals_raw_high_quality,0.254317,0.10092,0.230239,0.124867,0.515443,0.774213,1e-06,0.0,contraction,False,True,True,False,False,True,False,-0.267013,-1.717932,0.1
2002-11-01,latest_vintage_causal,slowdown,slowdown,slowdown,official,-1.469804,-0.174854,0.60679,high,0,False,0,4,1,0.305137,semantically_supported,official_equals_raw_high_quality,0.255206,0.078917,0.277642,0.157147,0.467151,0.763937,1e-06,0.0,contraction,False,True,True,False,False,True,False,-0.136911,-1.668489,0.1
2002-11-08,latest_vintage_causal,slowdown,slowdown,slowdown,official,-1.45101,-0.049433,0.483934,high,0,False,0,4,1,0.300584,semantically_supported,official_equals_raw_high_quality,0.256281,0.07478,0.334986,0.220643,0.408733,0.704577,1e-06,0.0,contraction,False,True,True,False,False,True,False,0.144604,-1.646789,0.1
2002-11-15,latest_vintage_causal,slowdown,expansion,slowdown,official,-1.449849,0.135797,0.208652,high,0,False,1,4,1,0.296267,semantically_supported,filter_absorbed_raw_flip,0.25791,0.08446,0.421855,0.353444,0.320234,0.562096,1e-06,0.0,recovery,False,False,True,False,False,True,False,0.398191,-1.578349,0.1
2002-11-22,latest_vintage_causal,slowdown,expansion,expansion,official,-1.405732,0.285515,0.161206,high,1,False,2,4,1,0.305565,bounded_confirmation_lag,confirmation_in_flight,0.259155,0.100677,0.488277,0.530264,0.252567,0.369059,1e-06,0.0,recovery,False,False,True,False,False,True,False,0.639856,-1.46549,0.1
2002-11-29,latest_vintage_causal,slowdown,expansion,expansion,official,-1.373763,0.431549,0.486321,high,2,False,3,4,2,0.312676,bounded_confirmation_lag,confirmation_in_flight,0.33471,0.153338,0.490696,0.666491,0.174593,0.180171,1e-06,0.0,recovery,False,False,True,True,True,True,False,1.052486,-1.33631,0.1
2002-12-06,latest_vintage_causal,expansion,expansion,expansion,official,-1.338549,0.471474,0.454201,high,0,False,0,4,2,0.31964,semantically_supported,official_equals_raw_high_quality,0.398822,0.227338,0.45502,0.681539,0.146157,0.091123,1e-06,0.0,recovery,False,True,True,False,False,True,True,1.262701,-1.169852,0.1
2002-12-13,latest_vintage_causal,expansion,expansion,expansion,official,-1.353145,0.214052,0.504461,high,0,False,0,4,1,0.323435,semantically_supported,official_equals_raw_high_quality,0.258575,0.184509,0.457332,0.688971,0.284092,0.12652,1e-06,0.0,recovery,False,True,True,False,False,True,True,1.150523,-1.197214,0.1
2002-12-20,latest_vintage_causal,expansion,expansion,expansion,official,-1.323626,0.35801,0.571762,high,0,False,0,4,2,0.330648,semantically_supported,official_equals_raw_high_quality,0.277108,0.164069,0.516495,0.735831,0.206396,0.100099,1e-06,0.0,recovery,False,True,True,False,False,True,True,0.850542,-1.338615,0.1
2002-12-27,latest_vintage_causal,expansion,expansion,expansion,official,-1.320867,0.324683,0.591868,high,0,False,0,4,2,0.329369,semantically_supported,official_equals_raw_high_quality,0.277108,0.155411,0.503676,0.747279,0.219215,0.09731,1e-06,0.0,recovery,False,True,True,False,False,True,True,0.702384,-1.355246,0.1
2003-01-03,latest_vintage_causal,expansion,expansion,expansion,official,-1.329315,0.243753,0.588372,high,0,False,0,4,1,0.323099,semantically_supported,official_equals_raw_high_quality,0.263803,0.147821,0.479445,0.736193,0.25675,0.115986,1e-06,0.0,recovery,False,True,True,False,False,True,True,0.45103,-1.445642,0.1
2003-01-10,latest_vintage_causal,expansion,expansion,expansion,official,-1.27546,0.383964,0.63595,high,0,False,0,4,1,0.314575,semantically_supported,official_equals_raw_high_quality,0.263803,0.136028,0.535844,0.771978,0.200352,0.091993,1e-06,0.0,recovery,False,True,True,False,False,True,True,0.587737,-1.317727,0.1
2003-01-17,latest_vintage_causal,expansion,expansion,expansion,official,-1.2041,0.509736,0.618005,high,0,False,0,4,1,0.326939,semantically_supported,official_equals_raw_high_quality,0.325512,0.160964,0.530717,0.778969,0.14377,0.060067,1e-06,0.0,recovery,False,True,True,False,False,True,True,0.930178,-1.053018,0.1
2003-01-24,latest_vintage_causal,expansion,expansion,expansion,official,-1.195858,0.464171,0.515889,high,0,False,0,4,1,0.327045,semantically_supported,official_equals_raw_high_quality,0.381592,0.214678,0.474077,0.730567,0.14433,0.054756,1e-06,0.0,recovery,False,True,True,False,False,True,True,0.6947,-1.028257,0.1
2003-01-31,latest_vintage_causal,expansion,expansion,expansion,official,-1.206543,0.216599,0.536364,high,0,False,0,4,1,0.324148,semantically_supported,official_equals_raw_high_quality,0.258596,0.178077,0.458461,0.714441,0.282942,0.107482,1e-06,0.0,recovery,False,True,True,False,False,True,True,0.441544,-0.974057,0.1
2003-02-07,latest_vintage_causal,expansion,expansion,expansion,official,-1.217587,0.197216,0.537515,high,0,False,0,4,1,0.319095,semantically_supported,official_equals_raw_high_quality,0.258434,0.16069,0.449821,0.698205,0.291744,0.141105,1e-06,0.0,recovery,False,True,True,False,False,True,True,0.343544,-1.044875,0.1
2003-02-14,latest_vintage_causal,expansion,expansion,expansion,official,-1.222054,0.294567,0.561862,high,0,False,0,4,2,0.321004,semantically_supported,official_equals_raw_high_quality,0.272385,0.154388,0.483335,0.71625,0.244279,0.129361,1e-06,0.0,recovery,False,True,True,False,False,True,True,0.649953,-1.050404,0.1
2003-02-21,latest_vintage_causal,expansion,slowdown,expansion,official,-1.317579,-0.011719,0.354162,high,0,False,1,4,2,0.297608,semantically_supported,filter_absorbed_raw_flip,0.262654,0.17058,0.33745,0.591791,0.399895,0.237629,1e-06,0.0,contraction,False,False,True,False,False,True,True,0.500849,-1.131882,0.1
2003-02-28,latest_vintage_causal,expansion,slowdown,expansion,official,-1.329418,-0.000734,0.205905,high,0,False,2,4,2,0.294958,semantically_supported,filter_absorbed_raw_flip,0.262844,0.169309,0.342518,0.518298,0.394637,0.312393,1e-06,0.0,contraction,False,False,True,False,False,True,True,0.563891,-1.194162,0.1
2003-03-07,latest_vintage_causal,expansion,slowdown,slowdown,official,-1.36888,-0.283451,0.195329,high,1,False,3,4,2,0.286455,bounded_confirmation_lag,confirmation_in_flight,0.258236,0.16832,0.219627,0.318175,0.522137,0.513505,1e-06,0.0,contraction,False,False,True,False,False,True,True,0.095448,-1.27516,0.1
2003-03-14,latest_vintage_causal,contraction,contraction,contraction,official,-1.409908,-0.740741,0.475977,high,0,False,0,4,1,0.285428,semantically_supported,official_equals_raw_high_quality,0.109649,0.159422,0.006184,0.016183,0.050541,0.174209,0.833626,0.650186,contraction,True,True,False,False,False,False,False,-0.854676,-1.434179,0.1
2003-03-21,latest_vintage_causal,contraction,contraction,contraction,official,-1.419001,-0.922137,0.918034,high,0,False,0,4,0,0.2826,semantically_supported,official_equals_raw_high_quality,0.067375,0.028918,0.004012,0.0006,0.052184,0.02353,0.876429,0.946952,contraction,True,True,False,False,False,False,False,-1.027297,-1.486402,0.1
2003-03-28,latest_vintage_causal,contraction,contraction,contraction,official,-1.413417,-0.935271,0.958803,high,0,False,0,4,0,0.283716,semantically_supported,official_equals_raw_high_quality,0.065259,0.014702,0.003929,0.000204,0.052859,0.01159,0.877953,0.973504,contraction,True,True,False,False,False,False,False,-1.092969,-1.46149,0.1
2003-04-04,latest_vintage_causal,contraction,contraction,contraction,official,-1.4031,-0.707534,0.940314,high,0,False,0,4,0,0.283231,semantically_supported,official_equals_raw_high_quality,0.110754,0.02419,0.006806,0.000329,0.05109,0.010977,0.831349,0.964504,contraction,True,True,False,False,False,False,False,-0.948642,-1.467943,0.1
2003-04-11,latest_vintage_causal,contraction,contraction,contraction,official,-1.381578,-0.593511,0.846727,high,0,False,0,4,0,0.279152,semantically_supported,official_equals_raw_high_quality,0.225393,0.062431,0.019987,0.001213,0.105159,0.027198,0.649462,0.909158,contraction,True,True,False,False,False,False,False,-0.853091,-1.430858,0.1
2003-04-18,latest_vintage_causal,contraction,slowdown,contraction,official,-1.339752,-0.329315,0.251438,high,0,False,1,4,1,0.285105,semantically_supported,filter_absorbed_raw_flip,0.243281,0.181092,0.160302,0.02714,0.42862,0.270165,0.167797,0.521603,contraction,True,True,False,False,False,False,False,-0.671032,-1.431143,0.1
2003-04-25,latest_vintage_causal,contraction,contraction,contraction,official,-1.368582,-0.367185,0.218485,high,0,False,0,4,1,0.279099,semantically_supported,official_equals_raw_high_quality,0.241349,0.171485,0.106079,0.032836,0.312537,0.288597,0.340035,0.507082,contraction,True,True,False,False,False,False,False,-0.862984,-1.576838,0.1
2003-05-02,latest_vintage_causal,contraction,slowdown,slowdown,official,-1.354111,-0.030028,0.288138,high,1,False,1,4,2,0.282082,bounded_confirmation_lag,confirmation_in_flight,0.269521,0.274052,0.338033,0.163757,0.392446,0.562189,1e-06,2e-06,contraction,True,True,False,False,False,False,False,-0.759858,-1.612106,0.1
2003-05-09,latest_vintage_causal,contraction,expansion,slowdown,official,-1.347929,0.230957,0.05562,low,2,False,2,4,3,0.270634,bounded_confirmation_lag,confirmation_in_flight,0.284542,0.235322,0.4486,0.354529,0.266857,0.410149,1e-06,0.0,recovery,True,False,False,False,False,True,False,-0.5472,-1.675429,0.1
2003-05-16,latest_vintage_causal,contraction,expansion,expansion,official,-1.347553,0.20807,0.168297,high,1,False,3,4,3,0.267811,bounded_confirmation_lag,confirmation_in_flight,0.284341,0.208043,0.438841,0.480127,0.276817,0.31183,1e-06,0.0,recovery,True,False,False,False,False,True,False,-0.336576,-1.634662,0.1
2003-05-23,latest_vintage_causal,contraction,expansion,expansion,official,-1.317159,0.336285,0.416887,high,2,False,4,4,3,0.27399,bounded_confirmation_lag,confirmation_in_flight,0.285426,0.189332,0.491396,0.613778,0.223177,0.196891,1e-06,0.0,recovery,True,False,False,False,False,True,False,-0.208042,-1.552973,0.1
2003-05-30,latest_vintage_causal,expansion,expansion,expansion,official,-1.259181,0.60333,0.492965,high,0,False,0,4,3,0.286606,semantically_supported,official_equals_raw_high_quality,0.357956,0.216461,0.522358,0.709426,0.119685,0.074113,1e-06,0.0,recovery,False,True,True,False,False,True,True,0.052511,-1.444884,0.1
2003-06-06,latest_vintage_causal,expansion,expansion,expansion,official,-1.255877,0.592495,0.398183,high,0,False,0,4,3,0.28736,semantically_supported,official_equals_raw_high_quality,0.425517,0.279353,0.464952,0.677536,0.109531,0.043112,1e-06,0.0,recovery,False,True,True,False,False,True,True,0.000714,-1.430546,0.1
2003-06-13,latest_vintage_causal,expansion,recovery,expansion,official,-1.25408,0.620613,0.20326,high,0,False,1,4,3,0.280457,semantically_supported,filter_absorbed_raw_flip,0.49661,0.383378,0.412885,0.586638,0.090504,0.029983,1e-06,0.0,recovery,False,True,True,False,False,True,True,-0.083178,-1.467425,0.1
2003-06-20,latest_vintage_causal,expansion,recovery,recovery,official,-1.151351,0.930786,0.071474,low,1,False,2,4,3,0.305481,bounded_confirmation_lag,confirmation_in_flight,0.588894,0.531045,0.376433,0.45957,0.034672,0.009385,1e-06,0.0,recovery,False,True,True,False,False,True,True,0.362334,-1.419551,0.1
2003-06-27,latest_vintage_causal,recovery,recovery,recovery,official,-1.136306,0.981156,0.390277,high,0,False,0,4,3,0.309525,semantically_supported,official_equals_raw_high_quality,0.657356,0.692732,0.316981,0.302455,0.025662,0.004813,1e-06,0.0,recovery,True,True,False,False,False,False,False,0.613821,-1.34565,0.1
2003-07-04,latest_vintage_causal,recovery,recovery,recovery,official,-1.119796,0.956293,0.663548,high,0,False,0,4,3,0.314089,semantically_supported,official_equals_raw_high_quality,0.722498,0.830365,0.25546,0.166817,0.022041,0.002818,1e-06,0.0,recovery,True,True,False,False,False,False,False,0.811139,-1.32161,0.1
2003-07-11,latest_vintage_causal,recovery,recovery,recovery,official,-1.105388,0.915099,0.832712,high,0,False,0,4,3,0.309528,semantically_supported,official_equals_raw_high_quality,0.78514,0.91556,0.19606,0.082847,0.018799,0.001593,1e-06,0.0,recovery,True,True,False,False,False,False,False,0.762857,-1.301904,0.1
2003-07-18,latest_vintage_causal,recovery,recovery,recovery,official,-1.023192,1.128809,0.913749,high,0,False,0,4,4,0.334393,semantically_supported,official_equals_raw_high_quality,0.846173,0.95663,0.145744,0.042881,0.008082,0.000489,1e-06,0.0,recovery,True,True,False,False,False,False,False,0.750271,-1.225704,0.1
2003-07-25,latest_vintage_causal,recovery,recovery,recovery,official,-1.007566,1.11232,0.955742,high,0,False,0,4,4,0.339579,semantically_supported,official_equals_raw_high_quality,0.901075,0.977739,0.093514,0.021997,0.00541,0.000264,1e-06,0.0,recovery,True,True,False,False,False,False,False,0.667826,-1.152124,0.1
2003-08-01,latest_vintage_causal,recovery,recovery,recovery,official,-0.974256,0.902442,0.954613,high,0,False,0,4,3,0.351189,semantically_supported,official_equals_raw_high_quality,0.88548,0.977073,0.104199,0.02246,0.01032,0.000467,1e-06,0.0,recovery,True,True,False,False,False,False,False,1.037246,-0.975054,0.1
2003-08-08,latest_vintage_causal,recovery,recovery,recovery,official,-0.930998,0.978394,0.950598,high,0,False,0,4,3,0.360138,semantically_supported,official_equals_raw_high_quality,0.878195,0.975089,0.112622,0.02449,0.009182,0.000421,1e-06,0.0,recovery,True,True,False,False,False,False,False,1.524833,-0.797818,0.1
2003-08-15,latest_vintage_causal,recovery,recovery,recovery,official,-0.898442,0.813245,0.946626,high,0,False,0,4,3,0.373188,semantically_supported,official_equals_raw_high_quality,0.866664,0.972968,0.118575,0.026343,0.01476,0.000689,1e-06,0.0,recovery,True,True,False,False,False,False,False,1.5432,-0.741877,0.1
2003-08-22,latest_vintage_causal,recovery,recovery,recovery,official,-0.876356,0.777532,0.940141,high,0,False,0,3,2,0.382593,semantically_supported,official_equals_raw_high_quality,0.852475,0.969646,0.129817,0.029505,0.017707,0.000849,1e-06,0.0,recovery,True,True,False,False,False,False,False,1.455725,-0.70639,0.1
2003-08-29,latest_vintage_causal,recovery,recovery,recovery,official,-0.867053,0.717333,0.93035,high,0,False,0,3,2,0.386698,semantically_supported,official_equals_raw_high_quality,0.831475,0.964599,0.145386,0.03425,0.023138,0.001151,1e-06,0.0,recovery,True,True,False,False,False,False,False,1.488957,-0.667757,0.1
2003-09-05,latest_vintage_causal,recovery,recovery,recovery,official,-0.864328,0.714369,0.927881,high,0,False,0,3,2,0.387917,semantically_supported,official_equals_raw_high_quality,0.829635,0.963338,0.146819,0.035458,0.023545,0.001204,1e-06,0.0,recovery,True,True,False,False,False,False,False,1.475107,-0.654133,0.1
2003-09-12,latest_vintage_causal,recovery,recovery,recovery,official,-0.859014,0.72425,0.928489,high,0,False,0,3,2,0.369772,semantically_supported,official_equals_raw_high_quality,0.832146,0.963662,0.145157,0.035173,0.022696,0.001165,1e-06,0.0,recovery,True,True,False,False,False,False,False,1.157019,-0.717617,0.1
2003-09-19,latest_vintage_causal,recovery,recovery,recovery,official,-0.872403,0.494551,0.883422,high,0,False,0,4,1,0.364097,semantically_supported,official_equals_raw_high_quality,0.730272,0.940024,0.210454,0.056602,0.059273,0.003374,1e-06,0.0,recovery,True,True,False,False,False,False,False,1.056566,-0.688148,0.1
2003-09-26,latest_vintage_causal,recovery,recovery,recovery,official,-0.854723,0.448169,0.859462,high,0,False,0,4,1,0.371628,semantically_supported,official_equals_raw_high_quality,0.706242,0.927387,0.223018,0.067925,0.070738,0.004687,1e-06,0.0,recovery,True,True,False,False,False,False,False,0.831187,-0.610051,0.1
2003-10-03,latest_vintage_causal,recovery,recovery,recovery,official,-0.832848,0.445768,0.848339,high,0,False,0,4,1,0.38139,semantically_supported,official_equals_raw_high_quality,0.699904,0.921587,0.227492,0.073248,0.072602,0.005165,1e-06,0.0,recovery,True,True,False,False,False,False,False,0.633424,-0.51928,0.1
2003-10-10,latest_vintage_causal,recovery,recovery,recovery,official,-0.772022,0.640529,0.876332,high,0,False,0,4,1,0.381001,semantically_supported,official_equals_raw_high_quality,0.764584,0.936865,0.197204,0.060533,0.038211,0.002602,1e-06,0.0,recovery,True,True,False,False,False,False,False,0.918248,-0.338094,0.1
2003-10-17,latest_vintage_causal,recovery,recovery,recovery,official,-0.757045,0.598692,0.879527,high,0,False,0,4,2,0.388539,semantically_supported,official_equals_raw_high_quality,0.753569,0.938309,0.200047,0.058782,0.046383,0.002909,1e-06,0.0,recovery,True,True,False,False,False,False,False,1.053611,-0.242279,0.1
2003-10-24,latest_vintage_causal,recovery,recovery,recovery,official,-0.756047,0.582273,0.877018,high,0,False,0,4,2,0.389052,semantically_supported,official_equals_raw_high_quality,0.746711,0.93695,0.203965,0.059932,0.049324,0.003118,1e-06,0.0,recovery,True,True,False,False,False,False,False,0.973616,-0.238509,0.1
2003-10-31,latest_vintage_causal,recovery,recovery,recovery,official,-0.719493,0.753413,0.908856,high,0,False,0,4,3,0.408817,semantically_supported,official_equals_raw_high_quality,0.812535,0.953674,0.162169,0.044818,0.025295,0.001509,1e-06,0.0,recovery,True,True,False,False,False,False,False,1.133621,-0.154342,0.1
2003-11-07,latest_vintage_causal,recovery,recovery,recovery,official,-0.68946,0.849266,0.912115,high,0,False,0,4,3,0.426626,semantically_supported,official_equals_raw_high_quality,0.811304,0.955498,0.168175,0.043383,0.02052,0.001119,1e-06,0.0,recovery,True,True,False,False,False,False,False,1.612886,-0.006534,0.1
2003-11-14,latest_vintage_causal,recovery,recovery,recovery,official,-0.66448,0.799969,0.908352,high,0,False,0,4,3,0.410957,semantically_supported,official_equals_raw_high_quality,0.801279,0.953519,0.174554,0.045168,0.024166,0.001313,1e-06,0.0,recovery,True,True,False,False,False,False,False,1.720011,0.070903,0.1
2003-11-21,latest_vintage_causal,recovery,recovery,recovery,official,-0.611687,0.945773,0.898357,high,0,False,0,4,3,0.421211,semantically_supported,official_equals_raw_high_quality,0.791516,0.948709,0.191508,0.050352,0.016975,0.000939,1e-06,0.0,recovery,True,True,False,False,False,False,False,1.742701,0.160719,0.1
2003-11-28,latest_vintage_causal,recovery,recovery,recovery,official,-0.578033,0.978946,0.889289,high,0,False,0,4,3,0.401248,semantically_supported,official_equals_raw_high_quality,0.781399,0.94418,0.202143,0.054891,0.016458,0.000929,1e-06,0.0,recovery,True,True,False,False,False,False,False,1.908251,0.328933,0.1
2003-12-05,latest_vintage_causal,recovery,recovery,recovery,official,-0.537916,1.103703,0.878498,high,0,False,0,3,3,0.407914,semantically_supported,official_equals_raw_high_quality,0.771164,0.938879,0.216058,0.060381,0.012778,0.00074,1e-06,0.0,recovery,True,True,False,False,False,False,False,1.644058,0.400236,0.1
2003-12-12,latest_vintage_causal,recovery,recovery,recovery,official,-0.510111,1.003904,0.868805,high,0,False,0,3,3,0.389516,semantically_supported,official_equals_raw_high_quality,0.758317,0.933892,0.224533,0.065087,0.017148,0.001021,1e-06,0.0,recovery,True,True,False,False,False,False,False,1.536045,0.459793,0.1
2003-12-19,latest_vintage_causal,recovery,recovery,recovery,official,-0.489238,1.042365,0.856924,high,0,False,0,3,3,0.383014,semantically_supported,official_equals_raw_high_quality,0.746119,0.927956,0.237447,0.071032,0.016433,0.001013,1e-06,0.0,recovery,True,True,False,False,False,False,False,1.685883,0.54143,0.1
2003-12-26,latest_vintage_causal,recovery,recovery,recovery,official,-0.482644,1.015419,0.849588,high,0,False,0,3,3,0.379581,semantically_supported,official_equals_raw_high_quality,0.740088,0.924226,0.241968,0.074639,0.017942,0.001135,1e-06,0.0,recovery,True,True,False,False,False,False,False,1.551152,0.573872,0.1
2004-01-02,latest_vintage_causal,recovery,recovery,recovery,official,-0.482175,0.713944,0.83692,high,0,False,0,4,3,0.364917,semantically_supported,official_equals_raw_high_quality,0.712043,0.91714,0.248123,0.080219,0.039833,0.002641,1e-06,0.0,recovery,True,True,False,False,False,False,False,1.36254,0.646594,0.1
2004-01-09,latest_vintage_causal,recovery,recovery,recovery,official,-0.447557,0.787895,0.822444,high,0,False,0,4,3,0.341274,semantically_supported,official_equals_raw_high_quality,0.702677,0.909999,0.26246,0.087555,0.034862,0.002446,1e-06,0.0,recovery,True,True,False,False,False,False,False,1.359722,0.729595,0.1
2004-01-16,latest_vintage_causal,recovery,recovery,recovery,official,-0.444376,0.718195,0.80634,high,0,False,0,4,3,0.325886,semantically_supported,official_equals_raw_high_quality,0.684633,0.901593,0.272149,0.095253,0.043217,0.003154,1e-06,0.0,recovery,True,True,False,False,False,False,False,1.35675,0.824829,0.1
2004-01-23,latest_vintage_causal,recovery,recovery,recovery,official,-0.451101,0.512171,0.749557,high,0,False,0,4,2,0.324219,semantically_supported,official_equals_raw_high_quality,0.607669,0.871334,0.309113,0.121778,0.083217,0.006888,1e-06,0.0,recovery,True,True,False,False,False,False,False,0.974796,0.817971,0.1
2004-01-30,latest_vintage_causal,recovery,expansion,recovery,official,-0.468781,0.11975,0.320442,low,0,True,1,4,1,0.313749,neutral_band_retention,neutral_band,0.25777,0.633066,0.414428,0.312624,0.3278,0.054309,1e-06,0.0,recovery,True,True,False,False,False,False,False,0.865792,0.838699,0.1
2004-02-06,latest_vintage_causal,recovery,expansion,recovery,official,-0.480562,0.070959,0.020966,low,0,True,2,4,1,0.318413,neutral_band_retention,neutral_band,0.257343,0.45153,0.391635,0.430564,0.351021,0.117905,1e-06,0.0,recovery,True,True,False,False,False,False,False,0.621835,0.779795,0.1
2004-02-13,latest_vintage_causal,recovery,slowdown,expansion,official,-0.49251,-0.056772,0.099485,low,1,True,3,4,1,0.319921,bounded_confirmation_lag,confirmation_in_flight,0.256216,0.341792,0.331556,0.441277,0.412227,0.216932,1e-06,0.0,contraction,True,False,False,False,False,True,False,0.236131,0.674149,0.1
2004-02-20,latest_vintage_causal,recovery,slowdown,expansion,official,-0.478394,0.010561,0.16251,low,2,True,4,3,2,0.323116,bounded_confirmation_lag,confirmation_in_flight,0.26304,0.26801,0.347737,0.44725,0.389222,0.28474,1e-06,0.0,recovery,True,True,False,False,False,False,False,0.19958,0.690596,0.1
2004-02-27,latest_vintage_causal,expansion,slowdown,expansion,official,-0.483038,-0.032072,0.060656,low,0,True,5,3,2,0.326011,neutral_band_retention,neutral_band,0.262303,0.220272,0.328085,0.420192,0.409611,0.359536,1e-06,0.0,contraction,False,False,False,False,False,True,True,-0.013585,0.662236,0.1
2004-03-05,latest_vintage_causal,expansion,expansion,expansion,official,-0.455344,0.066374,0.080153,low,0,True,0,3,2,0.310536,low_evidence_ambiguous,low_separation_or_stale,0.264009,0.185942,0.37357,0.447105,0.362421,0.366952,1e-06,0.0,recovery,False,True,False,False,False,True,True,0.137827,0.824652,0.1
2004-03-12,latest_vintage_causal,expansion,expansion,expansion,official,-0.384676,0.191449,0.218168,low,0,True,0,3,2,0.270186,low_evidence_ambiguous,low_separation_or_stale,0.266148,0.165921,0.430624,0.526123,0.303227,0.307956,1e-06,0.0,recovery,False,True,False,False,False,True,True,0.362951,1.037823,0.1
2004-03-19,latest_vintage_causal,expansion,expansion,expansion,official,-0.283777,0.425084,0.50005,high,0,False,0,3,2,0.312175,semantically_supported,official_equals_raw_high_quality,0.296105,0.169298,0.516904,0.669348,0.18699,0.161354,1e-06,0.0,recovery,False,True,False,False,False,True,True,0.654495,1.179134,0.1
2004-03-26,latest_vintage_causal,expansion,expansion,expansion,official,-0.26307,0.456067,0.543699,high,0,False,0,3,2,0.330526,semantically_supported,official_equals_raw_high_quality,0.318146,0.180879,0.511079,0.724578,0.170774,0.094543,1e-06,0.0,recovery,False,True,False,False,False,True,True,0.815448,1.282668,0.1
2004-04-02,latest_vintage_causal,expansion,expansion,expansion,official,-0.243429,0.764462,0.564398,high,0,False,0,3,2,0.342518,semantically_supported,official_equals_raw_high_quality,0.365122,0.201919,0.556398,0.766316,0.078479,0.031765,1e-06,0.0,recovery,False,True,False,False,False,True,True,1.026643,1.32363,0.1
2004-04-09,latest_vintage_causal,expansion,expansion,expansion,official,-0.21003,0.944434,0.546295,high,0,False,0,3,2,0.362232,semantically_supported,official_equals_raw_high_quality,0.387286,0.219582,0.562668,0.765877,0.050045,0.01454,1e-06,0.0,recovery,False,True,False,False,False,True,True,1.360381,1.380577,0.1
2004-04-16,latest_vintage_causal,expansion,expansion,expansion,official,-0.153063,1.112325,0.52994,high,0,False,0,3,2,0.374897,semantically_supported,official_equals_raw_high_quality,0.395821,0.230785,0.571138,0.760725,0.03304,0.008489,1e-06,0.0,recovery,False,True,False,False,False,True,True,1.181268,1.30729,0.1
2004-04-23,latest_vintage_causal,expansion,expansion,expansion,official,-0.216475,0.906686,0.427604,high,0,False,0,3,2,0.344721,semantically_supported,official_equals_raw_high_quality,0.443141,0.27976,0.507169,0.707364,0.04969,0.012876,1e-06,0.0,recovery,False,True,False,False,False,True,True,1.039175,1.201449,0.1
2004-04-30,latest_vintage_causal,expansion,recovery,expansion,official,-0.204592,0.964284,0.299977,high,0,False,1,3,3,0.351869,semantically_supported,filter_absorbed_raw_flip,0.481207,0.344764,0.478356,0.644741,0.040436,0.010495,1e-06,0.0,recovery,False,True,False,False,False,True,True,0.733286,1.214971,0.1
2004-05-07,latest_vintage_causal,expansion,recovery,expansion,official,-0.188574,0.906891,0.175155,high,0,False,2,3,3,0.366243,semantically_supported,filter_absorbed_raw_flip,0.496003,0.40697,0.459045,0.582125,0.044951,0.010905,1e-06,0.0,recovery,False,True,False,False,False,True,True,0.446319,1.290856,0.1
2004-05-14,latest_vintage_causal,expansion,recovery,expansion,official,-0.141516,0.846905,0.094399,low,0,False,3,3,3,0.400011,semantically_supported,filter_absorbed_raw_flip,0.488256,0.446807,0.459296,0.541206,0.052447,0.011987,1e-06,0.0,recovery,False,True,False,False,False,True,True,0.423941,1.41535,0.1
2004-05-21,latest_vintage_causal,expansion,recovery,expansion,official,-0.11728,0.801395,0.064259,low,0,False,4,2,3,0.418322,semantically_supported,filter_absorbed_raw_flip,0.471568,0.461222,0.468337,0.525481,0.060094,0.013297,1e-06,0.0,recovery,False,True,False,False,False,True,True,0.396706,1.50164,0.1
2004-05-28,latest_vintage_causal,expansion,recovery,expansion,official,-0.119633,0.780989,0.039407,low,0,False,5,2,3,0.416409,semantically_supported,filter_absorbed_raw_flip,0.472011,0.473365,0.465106,0.512772,0.062882,0.013863,1e-06,0.0,recovery,False,True,False,False,False,True,True,0.294678,1.489874,0.1
2004-06-04,latest_vintage_causal,expansion,recovery,expansion,official,-0.121435,0.799344,0.020912,low,0,False,6,1,3,0.409452,semantically_supported,filter_absorbed_raw_flip,0.473952,0.482996,0.465945,0.503908,0.060102,0.013096,1e-06,0.0,recovery,False,True,False,False,False,True,True,-0.048483,1.372802,0.1
2004-06-11,latest_vintage_causal,expansion,recovery,expansion,official,-0.139839,0.640126,0.004951,low,0,False,7,1,3,0.390735,semantically_supported,filter_absorbed_raw_flip,0.461447,0.487932,0.451063,0.492883,0.087489,0.019185,1e-06,0.0,recovery,False,True,False,False,False,True,True,-0.145232,1.25016,0.1
2004-06-18,latest_vintage_causal,expansion,expansion,expansion,official,-0.214343,0.275134,0.258499,low,0,True,0,3,2,0.355778,low_evidence_ambiguous,low_separation_or_stale,0.272227,0.337308,0.475294,0.595807,0.252478,0.066886,1e-06,0.0,recovery,False,True,False,False,False,True,True,0.19955,1.321898,0.1
2004-06-25,latest_vintage_causal,expansion,expansion,expansion,official,-0.232147,0.236784,0.389594,low,0,True,0,3,2,0.339945,low_evidence_ambiguous,low_separation_or_stale,0.271907,0.253489,0.45906,0.643083,0.269032,0.103428,1e-06,0.0,recovery,False,True,False,False,False,True,True,0.007797,1.23266,0.1
2004-07-02,latest_vintage_causal,expansion,expansion,expansion,official,-0.244933,0.095265,0.395044,low,0,True,0,3,2,0.329119,low_evidence_ambiguous,low_separation_or_stale,0.270662,0.220037,0.39591,0.615081,0.333427,0.164882,1e-06,0.0,recovery,False,True,False,False,False,True,True,-0.240063,1.179358,0.1
2004-07-09,latest_vintage_causal,expansion,slowdown,expansion,official,-0.213116,-0.055072,0.261165,low,0,True,1,3,1,0.356688,neutral_band_retention,neutral_band,0.256231,0.199745,0.33235,0.53071,0.411418,0.269545,1e-06,0.0,contraction,False,False,False,False,False,True,True,-0.199524,1.326053,0.1
2004-07-16,latest_vintage_causal,expansion,slowdown,expansion,official,-0.235194,-0.100089,0.072464,low,0,True,2,3,1,0.34126,neutral_band_retention,neutral_band,0.25584,0.180597,0.311462,0.445933,0.432698,0.373469,1e-06,0.0,contraction,False,False,False,False,False,True,True,-0.494516,1.264052,0.1
2004-07-23,latest_vintage_causal,expansion,slowdown,expansion,official,-0.173615,0.003565,0.044724,low,0,True,3,2,1,0.375666,neutral_band_retention,neutral_band,0.256748,0.158496,0.359889,0.443114,0.383363,0.39839,1e-06,0.0,recovery,False,True,False,False,False,True,True,-0.380064,1.311417,0.1
2004-07-30,latest_vintage_causal,expansion,slowdown,expansion,official,-0.160529,-0.00727,0.010261,low,0,True,4,2,1,0.382298,neutral_band_retention,neutral_band,0.256652,0.145023,0.354784,0.432619,0.388563,0.422358,1e-06,0.0,contraction,False,False,False,False,False,True,True,-0.162058,1.303495,0.1
2004-08-06,latest_vintage_causal,expansion,slowdown,slowdown,official,-0.182015,0.00106,0.00642,low,1,True,5,2,1,0.362185,bounded_confirmation_lag,confirmation_in_flight,0.256726,0.136177,0.358708,0.428702,0.384565,0.435121,1e-06,0.0,recovery,False,True,False,False,False,True,True,-0.13013,1.195867,0.1
2004-08-13,latest_vintage_causal,expansion,slowdown,slowdown,official,-0.164103,-0.007947,0.029186,low,2,True,6,2,1,0.377204,bounded_confirmation_lag,confirmation_in_flight,0.256646,0.130611,0.354465,0.420101,0.388888,0.449288,1e-06,0.0,contraction,False,False,False,False,False,True,True,-0.13889,1.260225,0.1
2004-08-20,latest_vintage_causal,expansion,expansion,expansion,official,-0.168076,0.325089,0.334815,low,0,True,0,2,2,0.380955,low_evidence_ambiguous,low_separation_or_stale,0.277108,0.139007,0.503835,0.597904,0.219056,0.263089,1e-06,0.0,recovery,False,True,False,False,False,True,True,0.197211,1.344647,0.1
2004-08-27,latest_vintage_causal,expansion,expansion,expansion,official,-0.159049,0.365917,0.550617,low,0,True,0,2,2,0.388762,low_evidence_ambiguous,low_separation_or_stale,0.277108,0.142076,0.519469,0.704271,0.203421,0.153653,1e-06,0.0,recovery,False,True,False,False,False,True,True,0.39893,1.389628,0.1
2004-09-03,latest_vintage_causal,expansion,expansion,expansion,official,-0.166442,0.332599,0.594213,low,0,True,0,2,2,0.381472,low_evidence_ambiguous,low_separation_or_stale,0.277108,0.144297,0.506761,0.73851,0.21613,0.117192,1e-06,0.0,recovery,False,True,False,False,False,True,True,0.010625,1.339193,0.1
2004-09-10,latest_vintage_causal,expansion,expansion,expansion,official,-0.148047,0.429972,0.603972,high,0,False,0,2,3,0.394638,semantically_supported,official_equals_raw_high_quality,0.305432,0.157546,0.52132,0.761518,0.173247,0.080936,1e-06,0.0,recovery,False,True,False,False,False,True,True,0.22611,1.3863,0.1
2004-09-17,latest_vintage_causal,expansion,expansion,expansion,official,-0.047511,0.485906,0.608432,high,0,False,0,1,3,0.460869,semantically_supported,official_equals_raw_high_quality,0.312823,0.165405,0.533541,0.773836,0.153635,0.060759,1e-06,0.0,recovery,False,True,False,False,False,True,True,0.159933,1.398894,0.1
2004-09-24,latest_vintage_causal,expansion,expansion,expansion,official,-0.047158,0.488727,0.592986,high,0,False,0,1,3,0.461175,semantically_supported,official_equals_raw_high_quality,0.324279,0.176299,0.525492,0.769286,0.150228,0.054415,1e-06,0.0,recovery,False,True,False,False,False,True,True,0.17854,1.400387,0.1
2004-10-01,latest_vintage_causal,expansion,expansion,expansion,official,-0.049753,0.384898,0.616843,low,0,True,0,1,2,0.459079,low_evidence_ambiguous,low_separation_or_stale,0.277108,0.156907,0.526502,0.77375,0.196389,0.069342,1e-06,0.0,recovery,False,True,False,False,False,True,True,0.38164,1.395426,0.1
2004-10-08,latest_vintage_causal,expansion,expansion,expansion,official,-0.036504,0.495149,0.645293,high,0,False,0,1,2,0.468303,semantically_supported,official_equals_raw_high_quality,0.287915,0.148598,0.555788,0.793891,0.156296,0.057511,1e-06,0.0,recovery,False,True,False,False,False,True,True,0.166011,1.348331,0.1
2004-10-15,latest_vintage_causal,expansion,expansion,expansion,official,-0.040366,0.45248,0.635168,high,0,False,0,1,2,0.464728,semantically_supported,official_equals_raw_high_quality,0.297673,0.152515,0.534616,0.787683,0.16771,0.059802,1e-06,0.0,recovery,False,True,False,False,False,True,True,-0.029603,1.329608,0.1
2004-10-22,latest_vintage_causal,expansion,expansion,expansion,official,-0.0068,0.642303,0.636912,high,0,False,0,1,3,0.494183,semantically_supported,official_equals_raw_high_quality,0.325435,0.162639,0.56549,0.799551,0.109074,0.03781,1e-06,0.0,recovery,False,True,False,False,False,True,True,0.107341,1.444158,0.1
2004-10-29,latest_vintage_causal,expansion,expansion,expansion,official,0.007934,0.629415,0.620036,high,0,False,0,1,3,0.506511,semantically_supported,official_equals_raw_high_quality,0.333537,0.172689,0.555682,0.792725,0.110781,0.034586,1e-06,0.0,expansion,True,True,False,False,False,False,False,0.401478,1.54315,0.1
2004-11-05,latest_vintage_causal,expansion,expansion,expansion,official,0.01452,0.622217,0.597767,high,0,False,0,1,3,0.511799,semantically_supported,official_equals_raw_high_quality,0.342277,0.184013,0.546703,0.78178,0.111019,0.034206,1e-06,0.0,expansion,True,True,False,False,False,False,False,0.37058,1.57456,0.1
2004-11-12,latest_vintage_causal,expansion,expansion,expansion,official,0.024515,0.569942,0.570735,high,0,False,0,1,3,0.519666,semantically_supported,official_equals_raw_high_quality,0.345853,0.195459,0.530888,0.766193,0.123258,0.038348,1e-06,0.0,expansion,True,True,False,False,False,False,False,0.434264,1.619507,0.1
2004-11-19,latest_vintage_causal,expansion,expansion,expansion,official,0.010419,0.302332,0.579305,low,0,True,0,1,2,0.508568,low_evidence_ambiguous,low_separation_or_stale,0.277108,0.172029,0.494832,0.751334,0.228059,0.076637,1e-06,0.0,expansion,True,True,False,False,False,False,False,0.287082,1.54623,0.1
2004-11-26,latest_vintage_causal,expansion,expansion,expansion,official,0.043142,0.36793,0.607446,low,0,True,0,1,2,0.533663,low_evidence_ambiguous,low_separation_or_stale,0.277108,0.156317,0.520223,0.763763,0.202668,0.07992,1e-06,0.0,expansion,True,True,False,False,False,False,False,0.618913,1.709844,0.1
2004-12-03,latest_vintage_causal,expansion,expansion,expansion,official,0.021668,0.203558,0.558213,low,0,True,0,2,2,0.51639,low_evidence_ambiguous,low_separation_or_stale,0.271623,0.158845,0.444641,0.717058,0.283736,0.124097,1e-06,0.0,expansion,True,True,False,False,False,False,False,0.705556,1.706764,0.1
2004-12-10,latest_vintage_causal,expansion,expansion,expansion,official,0.008183,0.033688,0.424154,low,0,True,0,2,1,0.50643,low_evidence_ambiguous,low_separation_or_stale,0.257014,0.16281,0.374091,0.630672,0.368894,0.206518,1e-06,0.0,expansion,True,True,False,False,False,False,False,0.554345,1.611224,0.1
2004-12-17,latest_vintage_causal,expansion,expansion,expansion,official,0.109811,0.190553,0.446463,low,0,True,0,2,2,0.56215,low_evidence_ambiguous,low_separation_or_stale,0.27151,0.160267,0.438916,0.643098,0.289573,0.196635,1e-06,0.0,expansion,True,True,False,False,False,False,False,0.569901,1.733677,0.1
2004-12-24,latest_vintage_causal,expansion,expansion,expansion,official,0.097046,0.125454,0.405577,low,0,True,0,2,2,0.552851,low_evidence_ambiguous,low_separation_or_stale,0.270934,0.16271,0.409703,0.621433,0.319362,0.215857,1e-06,0.0,expansion,True,True,False,False,False,False,False,0.244407,1.667313,0.1
2004-12-31,latest_vintage_causal,expansion,expansion,expansion,official,0.262842,1.139404,0.68392,high,0,False,0,1,3,0.592964,semantically_supported,official_equals_raw_high_quality,0.293144,0.147277,0.670659,0.831197,0.036196,0.021527,1e-06,0.0,expansion,True,True,False,False,False,False,False,0.33117,1.7428,0.1
2005-01-07,latest_vintage_causal,expansion,expansion,expansion,official,0.242074,1.08028,0.726999,high,0,False,0,1,3,0.577799,semantically_supported,official_equals_raw_high_quality,0.297378,0.131139,0.661105,0.858137,0.041517,0.010724,1e-06,0.0,expansion,True,True,False,False,False,False,False,0.039252,1.639448,0.1
2005-01-14,latest_vintage_causal,expansion,expansion,expansion,official,0.189826,1.038212,0.717559,high,0,False,0,1,4,0.535658,semantically_supported,official_equals_raw_high_quality,0.318666,0.13566,0.636792,0.853218,0.044541,0.011122,1e-06,0.0,expansion,True,True,False,False,False,False,False,-0.395524,1.345297,0.1
2005-01-21,latest_vintage_causal,expansion,expansion,expansion,official,0.156844,0.908749,0.693935,high,0,False,0,1,4,0.53918,semantically_supported,official_equals_raw_high_quality,0.327993,0.145389,0.61233,0.839324,0.059676,0.015288,1e-06,0.0,expansion,True,True,False,False,False,False,False,-0.888131,1.25866,0.1
2005-01-28,latest_vintage_causal,expansion,expansion,expansion,official,0.133763,0.863011,0.667718,high,0,False,0,1,4,0.515204,semantically_supported,official_equals_raw_high_quality,0.338372,0.157469,0.596289,0.825187,0.065338,0.017343,1e-06,0.0,expansion,True,True,False,False,False,False,False,-1.112547,1.144015,0.1
2005-02-04,latest_vintage_causal,expansion,expansion,expansion,official,0.006485,0.129712,0.539055,low,0,True,0,2,3,0.506291,low_evidence_ambiguous,low_separation_or_stale,0.283632,0.176801,0.40449,0.715855,0.311877,0.107344,1e-06,0.0,expansion,True,True,False,False,False,False,False,-0.611162,1.304874,0.1
2005-02-11,latest_vintage_causal,expansion,expansion,expansion,official,0.082935,0.270941,0.535676,low,0,True,0,2,3,0.573658,low_evidence_ambiguous,low_separation_or_stale,0.284887,0.172956,0.465283,0.708632,0.24983,0.118411,1e-06,0.0,expansion,True,True,False,False,False,False,False,-0.245153,1.614769,0.1
2005-02-18,latest_vintage_causal,expansion,expansion,expansion,official,0.164115,0.276804,0.553118,low,0,True,0,2,2,0.583927,low_evidence_ambiguous,low_separation_or_stale,0.272241,0.161735,0.47599,0.714853,0.251768,0.123411,1e-06,0.0,expansion,True,True,False,False,False,False,False,0.133755,1.741337,0.1
2005-02-25,latest_vintage_causal,expansion,expansion,expansion,official,0.185664,0.289187,0.566774,low,0,True,0,2,2,0.598373,low_evidence_ambiguous,low_separation_or_stale,0.272342,0.155268,0.481122,0.722042,0.246535,0.122689,1e-06,0.0,expansion,True,True,False,False,False,False,False,0.19567,1.848653,0.1
2005-03-04,latest_vintage_causal,expansion,slowdown,expansion,official,0.197776,-0.300892,0.114214,low,0,True,1,2,2,0.603494,neutral_band_retention,neutral_band,0.189299,0.139947,0.2439,0.487133,0.5668,0.372919,1e-06,0.0,slowdown,True,False,False,False,False,True,False,0.591015,1.946236,0.1
2005-03-11,latest_vintage_causal,expansion,slowdown,slowdown,official,0.16742,-0.279353,0.246512,low,1,True,2,1,2,0.584543,bounded_confirmation_lag,confirmation_in_flight,0.204898,0.109743,0.248537,0.321872,0.546564,0.568384,1e-06,0.0,slowdown,True,False,False,False,False,True,False,0.837916,1.77619,0.1
2005-03-18,latest_vintage_causal,slowdown,slowdown,slowdown,official,0.10735,-0.394528,0.576341,high,0,False,0,1,1,0.586413,semantically_supported,official_equals_raw_high_quality,0.180077,0.06594,0.207366,0.17886,0.612555,0.7552,1e-06,0.0,slowdown,True,True,False,False,False,False,False,0.827993,1.68305,0.1
2005-03-25,latest_vintage_causal,slowdown,slowdown,slowdown,official,0.087236,-0.384993,0.720938,low,0,True,0,1,1,0.571354,low_evidence_ambiguous,low_separation_or_stale,0.188829,0.041687,0.20892,0.118687,0.602251,0.839625,1e-06,0.0,slowdown,True,True,False,False,False,False,False,0.872832,1.583197,0.1
2005-04-01,latest_vintage_causal,slowdown,expansion,slowdown,official,0.066169,0.27339,0.208281,low,0,True,1,0,1,0.556707,neutral_band_retention,neutral_band,0.263803,0.066764,0.491992,0.362477,0.244204,0.570758,1e-06,0.0,expansion,True,False,False,False,False,True,False,0.252258,1.423919,0.1
2005-04-08,latest_vintage_causal,slowdown,expansion,expansion,official,0.083626,0.20384,0.102276,low,1,True,2,0,1,0.577403,bounded_confirmation_lag,confirmation_in_flight,0.263803,0.091904,0.462093,0.505186,0.274102,0.40291,1e-06,0.0,expansion,True,False,False,False,False,True,False,-0.397056,1.402113,0.1
2005-04-15,latest_vintage_causal,slowdown,slowdown,expansion,official,0.044246,-0.020519,0.024241,low,2,True,0,1,1,0.543213,low_evidence_ambiguous,low_separation_or_stale,0.256535,0.110623,0.348549,0.456809,0.394915,0.432568,1e-06,0.0,slowdown,True,True,False,False,False,False,False,-0.670332,1.390513,0.1
2005-04-22,latest_vintage_causal,slowdown,slowdown,slowdown,official,0.093164,-0.061117,0.071753,low,0,True,0,1,1,0.590105,low_evidence_ambiguous,low_separation_or_stale,0.256178,0.11771,0.329528,0.405268,0.414293,0.477021,1e-06,0.0,slowdown,True,True,False,False,False,False,False,-0.611358,1.52535,0.1
2005-04-29,latest_vintage_causal,slowdown,expansion,expansion,official,0.129451,0.086815,0.029933,low,1,True,1,1,2,0.619845,bounded_confirmation_lag,confirmation_in_flight,0.270585,0.12616,0.392029,0.451886,0.337385,0.421954,1e-06,0.0,expansion,True,False,False,False,False,True,False,-0.497913,1.673812,0.1
2005-05-06,latest_vintage_causal,slowdown,expansion,expansion,official,0.13457,0.167161,0.185767,low,2,True,2,1,2,0.623462,bounded_confirmation_lag,confirmation_in_flight,0.271305,0.134015,0.428519,0.525876,0.300175,0.340109,1e-06,0.0,expansion,True,False,False,False,False,True,False,-0.094501,1.698883,0.1
2005-05-13,latest_vintage_causal,expansion,expansion,expansion,official,0.134445,0.213462,0.328954,low,0,True,0,1,2,0.625989,low_evidence_ambiguous,low_separation_or_stale,0.271708,0.140631,0.44897,0.594161,0.279321,0.265208,1e-06,0.0,expansion,True,True,False,False,False,False,False,0.053463,1.670003,0.1
2005-05-20,latest_vintage_causal,expansion,expansion,expansion,official,0.113457,0.334488,0.526278,low,0,True,0,0,2,0.610352,low_evidence_ambiguous,low_separation_or_stale,0.277108,0.14398,0.507494,0.691149,0.215397,0.164871,1e-06,0.0,expansion,True,True,False,False,False,False,False,0.0537,1.568813,0.1
2005-05-27,latest_vintage_causal,expansion,expansion,expansion,official,0.103857,0.377516,0.603156,low,0,True,0,0,2,0.602936,low_evidence_ambiguous,low_separation_or_stale,0.277108,0.143159,0.523785,0.746315,0.199106,0.110525,1e-06,0.0,expansion,True,True,False,False,False,False,False,0.272081,1.520823,0.1
2005-06-03,latest_vintage_causal,expansion,expansion,expansion,official,0.105409,0.391632,0.624422,low,0,False,0,0,2,0.610501,low_evidence_ambiguous,low_separation_or_stale,0.281449,0.144058,0.525784,0.76848,0.192766,0.087463,1e-06,0.0,expansion,True,True,False,False,False,False,False,0.188659,1.45592,0.1
2005-06-10,latest_vintage_causal,expansion,expansion,expansion,official,0.101749,0.288073,0.603869,low,0,True,0,0,2,0.613341,low_evidence_ambiguous,low_separation_or_stale,0.277108,0.147817,0.489091,0.751686,0.2338,0.100497,1e-06,0.0,expansion,True,True,False,False,False,False,False,0.059703,1.376537,0.1
2005-06-17,latest_vintage_causal,expansion,expansion,expansion,official,0.233943,0.604932,0.695678,high,0,False,0,0,3,0.465394,semantically_supported,official_equals_raw_high_quality,0.267771,0.127971,0.611486,0.823649,0.120742,0.048379,1e-06,0.0,expansion,True,True,False,False,False,False,False,-0.423695,1.271379,0.1
2005-06-24,latest_vintage_causal,expansion,expansion,expansion,official,0.225953,0.524481,0.709309,high,0,False,0,0,3,0.45746,semantically_supported,official_equals_raw_high_quality,0.270302,0.122191,0.587208,0.8315,0.14249,0.046309,1e-06,0.0,expansion,True,True,False,False,False,False,False,-0.82595,1.23143,0.1
2005-07-01,latest_vintage_causal,expansion,expansion,expansion,official,0.259357,0.556858,0.719891,high,0,False,0,0,3,0.487392,semantically_supported,official_equals_raw_high_quality,0.270943,0.118821,0.595956,0.838712,0.1331,0.042467,1e-06,0.0,expansion,True,True,False,False,False,False,False,-0.602806,1.367984,0.1
2005-07-08,latest_vintage_causal,expansion,expansion,expansion,official,0.286724,0.684762,0.741732,high,0,False,0,0,3,0.510361,semantically_supported,official_equals_raw_high_quality,0.271945,0.113849,0.627129,0.855581,0.100925,0.03057,1e-06,0.0,expansion,True,True,False,False,False,False,False,-0.472268,1.408227,0.1
2005-07-15,latest_vintage_causal,expansion,expansion,expansion,official,0.27748,0.706272,0.747894,high,0,False,0,0,3,0.501796,semantically_supported,official_equals_raw_high_quality,0.274853,0.112419,0.629301,0.860312,0.095844,0.027269,1e-06,0.0,expansion,True,True,False,False,False,False,False,-0.362778,1.362923,0.1
2005-07-22,latest_vintage_causal,expansion,expansion,expansion,official,0.260216,0.64182,0.738519,high,0,False,0,0,3,0.471958,semantically_supported,official_equals_raw_high_quality,0.277841,0.115074,0.61218,0.853593,0.109978,0.031333,1e-06,0.0,expansion,True,True,False,False,False,False,False,-0.31966,1.334584,0.1
2005-07-29,latest_vintage_causal,expansion,expansion,expansion,official,0.251084,0.555109,0.720735,high,0,False,0,0,3,0.461699,semantically_supported,official_equals_raw_high_quality,0.279214,0.119921,0.588713,0.840657,0.132073,0.039422,1e-06,0.0,expansion,True,True,False,False,False,False,False,-0.338423,1.261845,0.1
2005-08-05,latest_vintage_causal,expansion,expansion,expansion,official,0.257411,0.598243,0.71952,high,0,False,0,0,3,0.466986,semantically_supported,official_equals_raw_high_quality,0.281388,0.121774,0.598409,0.841295,0.120202,0.036931,1e-06,0.0,expansion,True,True,False,False,False,False,False,-0.122751,1.291068,0.1
2005-08-12,latest_vintage_causal,expansion,expansion,expansion,official,0.293515,0.658254,0.729718,high,0,False,0,0,3,0.499275,semantically_supported,official_equals_raw_high_quality,0.27908,0.119365,0.614991,0.849083,0.105927,0.031552,1e-06,0.0,expansion,True,True,False,False,False,False,False,0.419133,1.441832,0.1
2005-08-19,latest_vintage_causal,expansion,slowdown,expansion,official,0.152048,0.004346,0.526528,low,0,True,1,1,2,0.67165,neutral_band_retention,neutral_band,0.269834,0.16027,0.353917,0.686798,0.376248,0.152932,1e-06,0.0,expansion,True,True,False,False,False,False,False,0.506564,1.435331,0.1
2005-08-26,latest_vintage_causal,expansion,slowdown,expansion,official,0.155018,-0.046193,0.308936,low,0,True,2,1,2,0.673918,neutral_band_retention,neutral_band,0.269374,0.177356,0.33059,0.56579,0.400035,0.256854,1e-06,0.0,slowdown,True,False,False,False,False,True,False,0.252865,1.45016,0.1
2005-09-02,latest_vintage_causal,expansion,slowdown,slowdown,official,0.140031,-0.195497,0.000213,low,1,True,3,1,1,0.656734,bounded_confirmation_lag,confirmation_in_flight,0.226822,0.153153,0.278728,0.423317,0.494449,0.42353,1e-06,0.0,slowdown,True,False,False,False,False,True,False,0.077089,1.411126,0.1
2005-09-09,latest_vintage_causal,expansion,slowdown,slowdown,official,0.11213,-0.417199,0.458438,low,2,False,4,1,0,0.628484,bounded_confirmation_lag,confirmation_in_flight,0.16228,0.084623,0.202806,0.22847,0.634913,0.686907,1e-06,0.0,slowdown,True,False,False,True,False,True,False,-0.064319,1.306151,0.1
2005-09-16,latest_vintage_causal,slowdown,slowdown,slowdown,official,-0.001595,-0.675277,0.822816,high,0,False,0,1,0,0.496557,semantically_supported,official_equals_raw_high_quality,0.124343,0.030406,0.12395,0.073389,0.751706,0.896205,1e-06,0.0,contraction,False,True,False,False,False,True,False,-1.239765,0.754145,0.1
2005-09-23,latest_vintage_causal,slowdown,slowdown,slowdown,official,-0.275482,-1.387802,0.93261,high,0,False,0,2,0,0.351318,semantically_supported,official_equals_raw_high_quality,0.034774,0.00346,0.020109,0.006146,0.809717,0.961502,0.1354,0.028892,contraction,False,True,False,False,False,True,False,-2.354728,0.177807,0.1
2005-09-30,latest_vintage_causal,slowdown,slowdown,slowdown,official,-0.34994,-1.729051,0.839193,high,0,False,0,3,0,0.34797,semantically_supported,official_equals_raw_high_quality,0.013416,0.000834,0.006691,0.001612,0.687943,0.918373,0.291951,0.07918,contraction,False,True,False,False,False,True,False,-3.033443,-0.105665,0.1
2005-10-07,latest_vintage_causal,slowdown,slowdown,slowdown,official,-0.429036,-1.871446,0.596745,high,0,False,0,3,0,0.283819,semantically_supported,official_equals_raw_high_quality,0.0079,0.000661,0.003366,0.000948,0.498544,0.797568,0.49019,0.200823,contraction,False,True,False,False,False,True,False,-4.211615,-0.496884,0.1
2005-10-14,latest_vintage_causal,slowdown,slowdown,slowdown,official,-0.420556,-1.926844,0.463715,high,0,False,0,3,0,0.289542,semantically_supported,official_equals_raw_high_quality,0.007054,0.000773,0.003057,0.000756,0.521767,0.731093,0.468122,0.267378,contraction,False,True,False,False,False,True,False,-4.083819,-0.440321,0.1
2005-10-21,latest_vintage_causal,slowdown,slowdown,slowdown,official,-0.36911,-1.457846,0.571147,high,0,False,0,3,0,0.340411,semantically_supported,official_equals_raw_high_quality,0.025478,0.003036,0.012232,0.0027,0.627755,0.782706,0.334535,0.211558,contraction,False,True,False,False,False,True,False,-3.525424,-0.169402,0.1
2005-10-28,latest_vintage_causal,slowdown,slowdown,slowdown,official,-0.338531,-1.374086,0.716075,high,0,False,0,3,0,0.37116,semantically_supported,official_equals_raw_high_quality,0.032575,0.003411,0.016618,0.003696,0.688172,0.854484,0.262635,0.138409,contraction,False,True,False,False,False,True,False,-3.113238,-0.016884,0.1
2005-11-04,latest_vintage_causal,slowdown,slowdown,slowdown,official,-0.247413,-0.896399,0.915178,high,0,False,0,2,0,0.333761,semantically_supported,official_equals_raw_high_quality,0.107645,0.009177,0.065823,0.014835,0.752515,0.945583,0.074017,0.030405,contraction,False,True,False,False,False,True,False,-2.144631,0.322628,0.1
2005-11-11,latest_vintage_causal,slowdown,slowdown,slowdown,official,-0.162248,-0.317231,0.843837,low,0,True,0,2,1,0.308651,low_evidence_ambiguous,low_separation_or_stale,0.245058,0.022324,0.210155,0.06692,0.544786,0.910756,1e-06,0.0,contraction,False,True,False,False,False,True,False,-0.210054,0.654276,0.1
2005-11-18,latest_vintage_causal,expansion,expansion,expansion,official,-0.011641,0.965219,0.448301,high,0,False,0,0,2,0.484167,semantically_supported,official_equals_raw_high_quality,0.291385,0.089471,0.653504,0.679415,0.05511,0.231114,1e-06,1e-06,recovery,False,True,False,False,False,True,True,1.56871,0.88995,0.1
2005-11-25,latest_vintage_causal,expansion,expansion,expansion,official,-0.008935,1.097705,0.73984,high,0,False,0,0,2,0.487954,semantically_supported,official_equals_raw_high_quality,0.305974,0.117736,0.654705,0.857576,0.03932,0.024688,1e-06,0.0,recovery,False,True,False,False,False,True,True,2.22152,0.904852,0.1
2005-12-02,latest_vintage_causal,expansion,expansion,expansion,official,0.025725,1.648675,0.734773,high,0,False,0,0,3,0.535178,semantically_supported,official_equals_raw_high_quality,0.330184,0.131335,0.660152,0.866108,0.009663,0.002556,1e-06,0.0,expansion,True,True,False,False,False,False,False,3.241443,0.978423,0.1
2005-12-09,latest_vintage_causal,expansion,expansion,expansion,official,0.04523,1.698436,0.715659,high,0,False,0,0,3,0.559512,semantically_supported,official_equals_raw_high_quality,0.339281,0.141191,0.652313,0.85685,0.008406,0.001958,1e-06,0.0,expansion,True,True,False,False,False,False,False,3.305248,1.063088,0.1
2005-12-16,latest_vintage_causal,expansion,expansion,expansion,official,0.084127,1.762837,0.689358,low,0,False,0,0,4,0.629024,low_evidence_ambiguous,low_separation_or_stale,0.355123,0.154506,0.637907,0.843864,0.00697,0.00163,1e-06,0.0,expansion,True,True,False,False,False,False,False,2.627615,1.025346,0.1
2005-12-23,latest_vintage_causal,expansion,expansion,expansion,official,0.110563,1.560304,0.670785,low,0,False,0,0,4,0.65961,low_evidence_ambiguous,low_separation_or_stale,0.357377,0.163255,0.631038,0.834041,0.011584,0.002704,1e-06,0.0,expansion,True,True,False,False,False,False,False,2.546761,1.142289,0.1
2005-12-30,latest_vintage_causal,expansion,expansion,expansion,official,0.110906,1.249063,0.6447,low,0,False,0,0,4,0.668004,low_evidence_ambiguous,low_separation_or_stale,0.364526,0.17468,0.610591,0.81938,0.024882,0.00594,1e-06,0.0,expansion,True,True,False,False,False,False,False,1.703142,1.102437,0.1
2006-01-06,latest_vintage_causal,expansion,expansion,expansion,official,0.119887,1.119602,0.620769,low,0,False,0,0,4,0.676485,low_evidence_ambiguous,low_separation_or_stale,0.368667,0.185456,0.597411,0.806224,0.033921,0.00832,1e-06,0.0,expansion,True,True,False,False,False,False,False,1.073069,1.148852,0.1
2006-01-13,latest_vintage_causal,expansion,expansion,expansion,official,0.122781,0.927989,0.590158,low,0,False,0,0,4,0.692771,low_evidence_ambiguous,low_separation_or_stale,0.372328,0.198168,0.574385,0.788326,0.053286,0.013506,1e-06,0.0,expansion,True,True,False,False,False,False,False,0.461014,1.103107,0.1
2006-01-20,latest_vintage_causal,expansion,expansion,expansion,official,0.293489,0.929313,0.693456,high,0,False,0,0,3,0.561991,semantically_supported,official_equals_raw_high_quality,0.282987,0.146371,0.660228,0.839827,0.056783,0.013802,1e-06,0.0,expansion,True,True,False,False,False,False,False,0.774784,1.263086,0.1
2006-01-27,latest_vintage_causal,expansion,expansion,expansion,official,0.331524,0.977973,0.746561,high,0,False,0,0,3,0.593664,semantically_supported,official_equals_raw_high_quality,0.276855,0.120461,0.672114,0.867022,0.05103,0.012517,1e-06,0.0,expansion,True,True,False,False,False,False,False,1.0148,1.447631,0.1
2006-02-03,latest_vintage_causal,expansion,expansion,expansion,official,0.391432,1.067708,0.778897,low,0,False,0,0,3,0.651687,low_evidence_ambiguous,low_separation_or_stale,0.269574,0.105533,0.688866,0.884429,0.041559,0.010038,1e-06,0.0,expansion,True,True,False,False,False,False,False,1.188312,1.610859,0.1
2006-02-10,latest_vintage_causal,expansion,expansion,expansion,official,0.453226,1.267423,0.801643,low,0,False,0,0,3,0.70108,low_evidence_ambiguous,low_separation_or_stale,0.264954,0.096173,0.709389,0.897816,0.025656,0.006011,1e-06,0.0,expansion,True,True,False,False,False,False,False,1.77986,1.845893,0.1
2006-02-17,latest_vintage_causal,expansion,expansion,expansion,official,0.365656,0.877335,0.758151,low,0,False,0,0,3,0.777726,low_evidence_ambiguous,low_separation_or_stale,0.298053,0.112617,0.634885,0.870768,0.067061,0.016615,1e-06,0.0,expansion,True,True,False,False,False,False,False,1.338391,1.75639,0.1
2006-02-24,latest_vintage_causal,expansion,expansion,expansion,official,0.373896,0.914491,0.74646,low,0,False,0,0,3,0.781709,low_evidence_ambiguous,low_separation_or_stale,0.297339,0.118774,0.641093,0.865234,0.061567,0.015992,1e-06,0.0,expansion,True,True,False,False,False,False,False,1.524175,1.79759,0.1
2006-03-03,latest_vintage_causal,expansion,expansion,expansion,official,0.373692,0.931699,0.742532,low,0,False,0,0,3,0.766235,low_evidence_ambiguous,low_separation_or_stale,0.297476,0.121118,0.6434,0.86365,0.059124,0.015232,1e-06,0.0,expansion,True,True,False,False,False,False,False,1.250879,1.712856,0.1
2006-03-10,latest_vintage_causal,expansion,expansion,expansion,official,0.373376,0.932647,0.740694,low,0,False,0,0,3,0.734889,low_evidence_ambiguous,low_separation_or_stale,0.297519,0.122094,0.643492,0.862788,0.058989,0.015118,1e-06,0.0,expansion,True,True,False,False,False,False,False,1.193114,1.635823,0.1
2006-03-17,latest_vintage_causal,expansion,expansion,expansion,official,0.364554,0.578912,0.713786,low,0,False,0,1,2,0.73241,low_evidence_ambiguous,low_separation_or_stale,0.278603,0.123597,0.579939,0.837383,0.141457,0.039021,1e-06,0.0,expansion,True,True,False,False,False,False,False,0.753168,1.587951,0.1
2006-03-24,latest_vintage_causal,expansion,expansion,expansion,official,0.33702,0.439907,0.677293,low,0,False,0,1,2,0.724718,low_evidence_ambiguous,low_separation_or_stale,0.277439,0.130647,0.535917,0.807939,0.186643,0.061414,1e-06,0.0,expansion,True,True,False,False,False,False,False,0.103827,1.471501,0.1
2006-03-31,latest_vintage_causal,expansion,expansion,expansion,official,0.338908,0.178874,0.596573,low,0,True,0,1,2,0.710441,low_evidence_ambiguous,low_separation_or_stale,0.258711,0.140249,0.441299,0.736822,0.299989,0.122929,1e-06,0.0,expansion,True,True,False,False,False,False,False,-0.29488,1.449219,0.1
2006-04-07,latest_vintage_causal,expansion,expansion,expansion,official,0.351946,0.105228,0.498366,low,0,True,0,1,2,0.719311,low_evidence_ambiguous,low_separation_or_stale,0.238796,0.135634,0.418024,0.681366,0.343179,0.183,1e-06,0.0,expansion,True,True,False,False,False,False,False,-0.65313,1.514206,0.1
2006-04-14,latest_vintage_causal,expansion,expansion,expansion,official,0.361568,0.069329,0.39797,low,0,True,0,1,2,0.722704,low_evidence_ambiguous,low_separation_or_stale,0.227771,0.126103,0.406426,0.635933,0.365802,0.237964,1e-06,0.0,expansion,True,True,False,False,False,False,False,-0.368408,1.556115,0.1
2006-04-21,latest_vintage_causal,expansion,expansion,expansion,official,0.348561,0.196949,0.461409,low,0,True,0,0,2,0.774247,low_evidence_ambiguous,low_separation_or_stale,0.263949,0.133919,0.458958,0.663745,0.277092,0.202336,1e-06,0.0,expansion,True,True,False,False,False,False,False,-0.404846,1.58461,0.1
2006-04-28,latest_vintage_causal,expansion,expansion,expansion,official,0.332588,0.20059,0.495832,low,0,True,0,0,2,0.76508,low_evidence_ambiguous,low_separation_or_stale,0.270856,0.142723,0.456246,0.676554,0.272897,0.180723,1e-06,0.0,expansion,True,True,False,False,False,False,False,-0.391317,1.504744,0.1
2006-05-05,latest_vintage_causal,expansion,slowdown,expansion,official,0.286812,-0.058556,0.304757,low,0,True,1,0,1,0.754794,neutral_band_retention,neutral_band,0.219453,0.130014,0.361052,0.587371,0.419494,0.282614,1e-06,0.0,slowdown,True,False,False,False,False,True,False,-0.627646,1.31176,0.1
2006-05-12,latest_vintage_causal,expansion,slowdown,slowdown,official,0.226163,-0.32123,0.133944,low,1,True,2,0,0,0.745209,bounded_confirmation_lag,confirmation_in_flight,0.162917,0.090935,0.25541,0.38756,0.581672,0.521504,1e-06,0.0,slowdown,True,False,False,False,False,True,False,-1.077185,1.06912,0.1
2006-05-19,latest_vintage_causal,slowdown,slowdown,slowdown,official,0.074733,-0.60429,0.686684,high,0,False,0,1,0,0.578704,semantically_supported,official_equals_raw_high_quality,0.124593,0.042017,0.14455,0.135649,0.730856,0.822334,1e-06,0.0,slowdown,True,True,False,False,False,False,False,-1.219126,0.893728,0.1
2006-05-26,latest_vintage_causal,slowdown,slowdown,slowdown,official,0.063794,-0.615152,0.86267,high,0,False,0,1,0,0.563236,semantically_supported,official_equals_raw_high_quality,0.124425,0.017698,0.14125,0.059816,0.734324,0.922486,1e-06,0.0,slowdown,True,True,False,False,False,False,False,-1.30099,0.839034,0.1
2006-06-02,latest_vintage_causal,slowdown,slowdown,slowdown,official,0.038196,-0.868789,0.950742,high,0,False,0,2,0,0.553049,semantically_supported,official_equals_raw_high_quality,0.073687,0.005636,0.079501,0.021811,0.846812,0.972553,1e-06,0.0,slowdown,True,True,False,False,False,False,False,-1.552536,0.795214,0.1
2006-06-09,latest_vintage_causal,slowdown,slowdown,slowdown,official,0.065949,-0.855124,0.961303,high,0,False,0,3,0,0.602791,semantically_supported,official_equals_raw_high_quality,0.068349,0.00364,0.077924,0.017528,0.853727,0.978832,1e-06,0.0,slowdown,True,True,False,False,False,False,False,-1.263482,0.966852,0.1
2006-06-16,latest_vintage_causal,slowdown,slowdown,slowdown,official,0.122004,-0.696005,0.944469,low,0,False,0,3,0,0.686913,low_evidence_ambiguous,low_separation_or_stale,0.086484,0.004557,0.110224,0.025487,0.80329,0.969956,1e-06,0.0,slowdown,True,True,False,False,False,False,False,-0.981078,1.120927,0.1
2006-06-23,latest_vintage_causal,slowdown,slowdown,slowdown,official,0.140262,-0.624006,0.931017,low,0,False,0,3,0,0.720401,low_evidence_ambiguous,low_separation_or_stale,0.096799,0.005529,0.12793,0.031727,0.77527,0.962744,1e-06,0.0,slowdown,True,True,False,False,False,False,False,-0.764607,1.146148,0.1
2006-06-30,latest_vintage_causal,slowdown,slowdown,slowdown,official,0.15243,-0.495216,0.902553,low,0,False,0,3,0,0.721717,low_evidence_ambiguous,low_separation_or_stale,0.121167,0.00773,0.164057,0.044859,0.714774,0.947411,1e-06,0.0,slowdown,True,True,False,False,False,False,False,-0.160098,1.240452,0.1
2006-07-07,latest_vintage_causal,slowdown,slowdown,slowdown,official,0.135317,-0.424008,0.876306,low,0,False,0,3,0,0.706896,low_evidence_ambiguous,low_separation_or_stale,0.141652,0.010385,0.185377,0.056655,0.672969,0.932961,1e-06,0.0,slowdown,True,True,False,False,False,False,False,0.194884,1.15583,0.1
2006-07-14,latest_vintage_causal,slowdown,slowdown,slowdown,official,0.090859,-0.351086,0.834132,low,0,True,0,2,0,0.655247,low_evidence_ambiguous,low_separation_or_stale,0.179054,0.015568,0.214502,0.07515,0.606443,0.909282,1e-06,0.0,slowdown,True,True,False,False,False,False,False,0.042771,0.912758,0.1
2006-07-21,latest_vintage_causal,slowdown,slowdown,slowdown,official,0.008097,-0.268202,0.765319,low,0,True,0,2,0,0.50577,low_evidence_ambiguous,low_separation_or_stale,0.238772,0.026977,0.242647,0.103851,0.51858,0.869171,1e-06,0.0,slowdown,True,True,False,False,False,False,False,-0.064914,0.810151,0.1
2006-07-28,latest_vintage_causal,slowdown,slowdown,slowdown,official,0.000915,-0.264835,0.731633,low,0,True,0,2,0,0.494436,low_evidence_ambiguous,low_separation_or_stale,0.241006,0.03444,0.243358,0.116964,0.515634,0.848596,1e-06,0.0,slowdown,True,True,False,False,False,False,False,-0.047137,0.774241,0.1
2006-08-04,latest_vintage_causal,slowdown,slowdown,slowdown,official,-0.011661,-0.322405,0.748079,low,0,True,0,2,0,0.475733,low_evidence_ambiguous,low_separation_or_stale,0.228498,0.035316,0.223262,0.108302,0.548239,0.856381,1e-06,0.0,contraction,False,True,False,False,False,True,False,-0.403866,0.78716,0.1
2006-08-11,latest_vintage_causal,slowdown,slowdown,slowdown,official,0.009442,-0.304554,0.746056,low,0,True,0,2,0,0.502342,low_evidence_ambiguous,low_separation_or_stale,0.226798,0.035021,0.231096,0.109462,0.542105,0.855517,1e-06,0.0,slowdown,True,True,False,False,False,False,False,-0.555902,0.88419,0.1
2006-08-18,latest_vintage_causal,slowdown,slowdown,slowdown,official,-0.016645,-0.423004,0.814824,high,0,False,0,2,0,0.468788,semantically_supported,official_equals_raw_high_quality,0.190257,0.026584,0.184064,0.079296,0.625678,0.89412,1e-06,0.0,contraction,False,True,False,False,False,True,False,-0.531703,0.925172,0.1
2006-08-25,latest_vintage_causal,slowdown,slowdown,slowdown,official,-0.021552,-0.489791,0.860665,high,0,False,0,2,0,0.460705,semantically_supported,official_equals_raw_high_quality,0.171747,0.019238,0.164543,0.060048,0.663709,0.920713,1e-06,0.0,contraction,False,True,False,False,False,True,False,-0.867315,0.87029,0.1
2006-09-01,latest_vintage_causal,slowdown,slowdown,slowdown,official,-0.044446,-0.533316,0.885216,high,0,False,0,2,0,0.43123,semantically_supported,official_equals_raw_high_quality,0.165465,0.015477,0.151472,0.049654,0.683062,0.934869,1e-06,0.0,contraction,False,True,False,False,False,True,False,-0.783426,0.824368,0.1
2006-09-08,latest_vintage_causal,slowdown,slowdown,slowdown,official,-0.044514,-0.458474,0.869955,high,0,False,0,2,0,0.435344,semantically_supported,official_equals_raw_high_quality,0.187876,0.016891,0.171964,0.056577,0.64016,0.926532,1e-06,0.0,contraction,False,True,False,False,False,True,False,-0.225132,0.832083,0.1
2006-09-15,latest_vintage_causal,slowdown,slowdown,slowdown,official,-0.033889,-0.294097,0.792,low,0,True,0,2,0,0.446126,low_evidence_ambiguous,low_separation_or_stale,0.24079,0.026191,0.231199,0.090904,0.52801,0.882904,1e-06,0.0,contraction,False,True,False,False,False,True,False,-0.05537,0.805278,0.1
2006-09-22,latest_vintage_causal,slowdown,slowdown,slowdown,official,-0.07175,-0.35405,0.798657,low,0,True,0,2,0,0.398983,low_evidence_ambiguous,low_separation_or_stale,0.230568,0.029691,0.199916,0.085826,0.569515,0.884483,1e-06,0.0,contraction,False,True,False,False,False,True,False,-0.082852,0.757938,0.1
2006-09-29,latest_vintage_causal,slowdown,slowdown,slowdown,official,-0.059489,-0.112388,0.655877,low,0,True,0,1,0,0.41018,low_evidence_ambiguous,low_separation_or_stale,0.242213,0.037672,0.311369,0.153226,0.446417,0.809102,1e-06,0.0,contraction,False,True,False,False,False,True,False,-0.163997,0.736363,0.1
2006-10-06,latest_vintage_causal,slowdown,slowdown,slowdown,official,-0.053191,-0.138427,0.592277,low,0,True,0,1,0,0.420329,low_evidence_ambiguous,low_separation_or_stale,0.241999,0.045887,0.299293,0.180918,0.458707,0.773195,1e-06,0.0,contraction,False,True,False,False,False,True,False,-0.294223,0.767819,0.1
2006-10-13,latest_vintage_causal,slowdown,slowdown,slowdown,official,-0.070318,-0.251611,0.658495,low,0,True,0,2,0,0.406211,low_evidence_ambiguous,low_separation_or_stale,0.232823,0.046764,0.240408,0.14737,0.526768,0.805866,1e-06,0.0,contraction,False,True,False,False,False,True,False,-0.389167,0.76139,0.1
2006-10-20,latest_vintage_causal,slowdown,slowdown,slowdown,official,-0.0564,-0.207756,0.661843,low,0,True,0,3,0,0.428922,low_evidence_ambiguous,low_separation_or_stale,0.233453,0.045572,0.25912,0.146293,0.507426,0.808135,1e-06,0.0,contraction,False,True,False,False,False,True,False,-0.071455,0.850868,0.1
2006-10-27,latest_vintage_causal,slowdown,slowdown,slowdown,official,-0.054578,-0.182298,0.646728,low,0,True,0,3,0,0.43154,low_evidence_ambiguous,low_separation_or_stale,0.23383,0.045573,0.270291,0.153849,0.495879,0.800577,1e-06,0.0,contraction,False,True,False,False,False,True,False,0.055836,0.860096,0.1
2006-11-03,latest_vintage_causal,slowdown,slowdown,slowdown,official,-0.059451,0.019137,0.474333,low,0,True,0,3,1,0.417593,low_evidence_ambiguous,low_separation_or_stale,0.250321,0.055682,0.357846,0.234993,0.391832,0.709325,1e-06,0.0,recovery,False,False,False,False,False,True,False,-0.189438,0.753164,0.1
2006-11-10,latest_vintage_causal,slowdown,expansion,slowdown,official,-0.056007,0.077858,0.265368,low,0,True,1,2,1,0.418671,neutral_band_retention,neutral_band,0.257404,0.07204,0.394873,0.331296,0.347722,0.596664,1e-06,0.0,recovery,False,False,False,False,False,True,False,-0.199256,0.720788,0.1
2006-11-17,latest_vintage_causal,slowdown,expansion,slowdown,official,-0.065682,0.126045,0.06069,low,0,True,2,2,1,0.404646,neutral_band_retention,neutral_band,0.257825,0.089,0.417347,0.425155,0.324827,0.485845,1e-06,0.0,recovery,False,False,False,False,False,True,False,-0.143003,0.696821,0.1
2006-11-24,latest_vintage_causal,slowdown,expansion,expansion,official,-0.081963,0.099346,0.050289,low,1,True,3,2,1,0.394353,bounded_confirmation_lag,confirmation_in_flight,0.257592,0.103673,0.40493,0.473308,0.337477,0.423019,1e-06,0.0,recovery,False,False,False,False,False,True,False,-0.267908,0.615413,0.1
2006-12-01,latest_vintage_causal,slowdown,slowdown,slowdown,official,-0.102117,-0.033318,0.0238,low,0,True,0,2,1,0.450187,low_evidence_ambiguous,low_separation_or_stale,0.256422,0.114992,0.342536,0.430604,0.401041,0.454404,1e-06,0.0,contraction,False,True,False,False,False,True,False,-0.670204,0.460006,0.1
2006-12-08,latest_vintage_causal,slowdown,expansion,expansion,official,-0.112309,0.044135,0.014557,low,1,True,1,2,2,0.479538,bounded_confirmation_lag,confirmation_in_flight,0.270197,0.125793,0.372337,0.444382,0.357465,0.429824,1e-06,0.0,recovery,False,False,False,False,False,True,False,-0.830976,0.379036,0.1
2006-12-15,latest_vintage_causal,slowdown,slowdown,slowdown,official,-0.119261,-0.009354,0.017658,low,0,True,0,2,2,0.491725,low_evidence_ambiguous,low_separation_or_stale,0.269709,0.133279,0.347579,0.424531,0.382711,0.44219,1e-06,0.0,contraction,False,True,False,False,False,True,False,-1.098425,0.344919,0.1
2006-12-22,latest_vintage_causal,slowdown,expansion,expansion,official,-0.056068,0.282596,0.298087,low,1,True,1,1,3,0.502313,bounded_confirmation_lag,confirmation_in_flight,0.289941,0.148405,0.478223,0.574841,0.231836,0.276754,1e-06,0.0,recovery,False,False,False,False,False,True,False,-1.093932,0.355893,0.1
2006-12-29,latest_vintage_causal,slowdown,expansion,expansion,official,-0.022246,0.323676,0.498449,low,2,True,2,1,3,0.430753,bounded_confirmation_lag,confirmation_in_flight,0.289941,0.156748,0.494348,0.670851,0.215711,0.172401,1e-06,0.0,recovery,False,False,False,False,False,True,False,-0.591095,0.480585,0.1
2007-01-05,latest_vintage_causal,expansion,expansion,expansion,official,-0.031488,0.317376,0.550326,low,0,True,0,1,3,0.447885,low_evidence_ambiguous,low_separation_or_stale,0.289941,0.161004,0.491916,0.71133,0.218143,0.127667,1e-06,0.0,recovery,False,True,False,False,False,True,True,-0.620646,0.434583,0.1
2007-01-12,latest_vintage_causal,expansion,expansion,expansion,official,-0.040033,0.286908,0.553842,low,0,True,0,1,3,0.464819,low_evidence_ambiguous,low_separation_or_stale,0.289941,0.164905,0.479945,0.718747,0.230114,0.116348,1e-06,0.0,recovery,False,True,False,False,False,True,True,-0.774842,0.339689,0.1
2007-01-19,latest_vintage_causal,expansion,expansion,expansion,official,-0.010558,0.347493,0.560584,low,0,True,0,0,4,0.38131,low_evidence_ambiguous,low_separation_or_stale,0.302325,0.171326,0.494621,0.73191,0.203053,0.096764,1e-06,0.0,recovery,False,True,False,False,False,True,True,-0.366651,0.44642,0.1
2007-01-26,latest_vintage_causal,expansion,expansion,expansion,official,-0.023536,0.387207,0.574318,low,0,True,0,0,4,0.345006,low_evidence_ambiguous,low_separation_or_stale,0.302325,0.171939,0.508951,0.746256,0.188722,0.081805,1e-06,0.0,recovery,False,True,False,False,False,True,True,-0.170372,0.38153,0.1
2007-02-02,latest_vintage_causal,expansion,expansion,expansion,official,-0.0172,0.267478,0.555035,low,0,True,0,0,3,0.410884,low_evidence_ambiguous,low_separation_or_stale,0.289941,0.172023,0.472135,0.727058,0.237924,0.100919,1e-06,0.0,recovery,False,True,False,False,False,True,True,0.253901,0.495862,0.1
2007-02-09,latest_vintage_causal,expansion,expansion,expansion,official,-0.011779,0.240681,0.552734,low,0,True,0,0,2,0.456149,low_evidence_ambiguous,low_separation_or_stale,0.277108,0.165221,0.469487,0.717955,0.253404,0.116823,1e-06,0.0,recovery,False,True,False,False,False,True,True,0.47451,0.562853,0.1
2007-02-16,latest_vintage_causal,expansion,slowdown,expansion,official,-0.100723,-0.003954,0.420596,low,0,True,1,1,1,0.47947,neutral_band_retention,neutral_band,0.263803,0.172422,0.366233,0.624087,0.369962,0.203491,1e-06,0.0,contraction,False,False,False,False,False,True,True,-0.104059,0.308101,0.1
2007-02-23,latest_vintage_causal,expansion,slowdown,expansion,official,-0.078041,-0.093766,0.217002,low,0,True,2,1,0,0.564042,neutral_band_retention,neutral_band,0.25,0.166338,0.33017,0.525332,0.419829,0.30833,1e-06,0.0,contraction,False,False,False,False,False,True,True,-0.246207,0.367507,0.1
2007-03-02,latest_vintage_causal,expansion,slowdown,slowdown,official,-0.094895,-0.147696,0.01976,low,1,True,3,2,0,0.640509,bounded_confirmation_lag,confirmation_in_flight,0.241923,0.150527,0.295032,0.414857,0.463043,0.434616,1e-06,0.0,contraction,False,False,False,False,False,True,True,-0.39116,0.25526,0.1
2007-03-09,latest_vintage_causal,expansion,slowdown,slowdown,official,-0.097447,-0.134654,0.175692,low,2,True,4,2,0,0.648507,bounded_confirmation_lag,confirmation_in_flight,0.24203,0.129117,0.301033,0.347596,0.456936,0.523287,1e-06,0.0,contraction,False,False,False,False,False,True,True,-0.334455,0.188094,0.1
2007-03-16,latest_vintage_causal,slowdown,slowdown,slowdown,official,-0.067056,-0.115434,0.264126,low,0,True,0,2,0,0.564535,low_evidence_ambiguous,low_separation_or_stale,0.242188,0.110666,0.309949,0.312603,0.447862,0.57673,1e-06,0.0,contraction,False,True,False,False,False,True,False,-0.238357,0.340046,0.1
2007-03-23,latest_vintage_causal,slowdown,expansion,slowdown,official,-0.026528,0.051002,0.144573,low,0,True,1,2,1,0.475267,neutral_band_retention,neutral_band,0.257167,0.108359,0.38225,0.373533,0.360582,0.518107,1e-06,0.0,recovery,False,False,False,False,False,True,False,0.054513,0.408197,0.1
2007-03-30,latest_vintage_causal,slowdown,expansion,expansion,official,0.010471,0.241145,0.18181,low,1,True,2,1,2,0.436446,bounded_confirmation_lag,confirmation_in_flight,0.277108,0.124404,0.469683,0.528703,0.253208,0.346893,1e-06,0.0,expansion,True,False,False,False,False,True,False,0.135436,0.560605,0.1
2007-04-06,latest_vintage_causal,slowdown,expansion,expansion,official,0.028847,0.252853,0.387874,low,2,True,3,1,2,0.474161,bounded_confirmation_lag,confirmation_in_flight,0.277108,0.136975,0.474595,0.62545,0.248295,0.237576,1e-06,0.0,expansion,True,False,False,False,False,True,False,0.193978,0.65502,0.1
2007-04-13,latest_vintage_causal,expansion,expansion,expansion,official,-0.001987,0.308501,0.535698,low,0,True,0,1,2,0.45379,low_evidence_ambiguous,low_separation_or_stale,0.277108,0.142926,0.497292,0.696386,0.225599,0.160688,1e-06,0.0,recovery,False,True,False,False,False,True,True,0.55016,0.557525,0.1
2007-04-20,latest_vintage_causal,expansion,expansion,expansion,official,-0.048435,0.199275,0.530917,low,0,True,0,1,2,0.593654,low_evidence_ambiguous,low_separation_or_stale,0.277108,0.152254,0.451763,0.689331,0.271127,0.158415,1e-06,0.0,recovery,False,True,False,False,False,True,True,0.204662,0.46241,0.1
2007-04-27,latest_vintage_causal,expansion,expansion,expansion,official,-0.070576,0.200516,0.529099,low,0,True,0,1,2,0.649244,low_evidence_ambiguous,low_separation_or_stale,0.277108,0.157107,0.452302,0.686206,0.270589,0.156688,1e-06,0.0,recovery,False,True,False,False,False,True,True,0.208095,0.351707,0.1
2007-05-04,latest_vintage_causal,expansion,expansion,expansion,official,-0.060926,0.217149,0.54589,low,0,True,0,1,1,0.623785,low_evidence_ambiguous,low_separation_or_stale,0.263803,0.149827,0.467934,0.698031,0.268262,0.152141,1e-06,0.0,recovery,False,True,False,False,False,True,True,0.452508,0.393664,0.1
2007-05-11,latest_vintage_causal,expansion,expansion,expansion,official,-0.025057,0.176294,0.525576,low,0,True,0,1,1,0.544432,low_evidence_ambiguous,low_separation_or_stale,0.263803,0.148796,0.449845,0.68839,0.28635,0.162814,1e-06,0.0,recovery,False,True,False,False,False,True,True,0.497455,0.568961,0.1
2007-05-18,latest_vintage_causal,expansion,expansion,expansion,official,0.039384,0.214379,0.541811,low,0,True,0,1,1,0.524635,low_evidence_ambiguous,low_separation_or_stale,0.263803,0.145756,0.466723,0.698028,0.269473,0.156216,1e-06,0.0,expansion,True,True,False,False,False,False,False,0.773309,0.761794,0.1
2007-05-25,latest_vintage_causal,expansion,expansion,expansion,official,0.057184,0.183982,0.528699,low,0,True,0,1,1,0.552074,low_evidence_ambiguous,low_separation_or_stale,0.263803,0.14618,0.453284,0.691259,0.282911,0.16256,1e-06,0.0,expansion,True,True,False,False,False,False,False,0.624419,0.851023,0.1
2007-06-01,latest_vintage_causal,expansion,expansion,expansion,official,0.042192,0.017933,0.388125,low,0,True,0,1,1,0.552276,low_evidence_ambiguous,low_separation_or_stale,0.263803,0.157512,0.376553,0.615307,0.359643,0.227181,1e-06,0.0,expansion,True,True,False,False,False,False,False,0.335304,0.813372,0.1
2007-06-08,latest_vintage_causal,expansion,expansion,expansion,official,0.018403,0.040843,0.32035,low,0,True,0,1,1,0.533288,low_evidence_ambiguous,low_separation_or_stale,0.263803,0.158222,0.38734,0.581064,0.348855,0.260714,1e-06,0.0,expansion,True,True,False,False,False,False,False,0.37845,0.737056,0.1
2007-06-15,latest_vintage_causal,expansion,expansion,expansion,official,0.018165,0.188566,0.40798,low,0,True,0,1,2,0.538861,low_evidence_ambiguous,low_separation_or_stale,0.277108,0.159073,0.447098,0.624453,0.275793,0.216473,1e-06,0.0,expansion,True,True,False,False,False,False,False,0.351365,0.629709,0.1
2007-06-22,latest_vintage_causal,expansion,slowdown,expansion,official,-0.076858,-0.105153,0.192287,low,0,True,1,1,0,0.586363,neutral_band_retention,neutral_band,0.25,0.158862,0.324787,0.516712,0.425212,0.324425,1e-06,0.0,contraction,False,False,False,False,False,True,True,0.442742,0.557962,0.1
2007-06-29,latest_vintage_causal,expansion,slowdown,slowdown,official,-0.096523,-0.236328,0.13538,low,1,True,2,2,0,0.580173,bounded_confirmation_lag,confirmation_in_flight,0.241222,0.146952,0.255516,0.358834,0.503261,0.494214,1e-06,0.0,contraction,False,False,False,False,False,True,True,0.2598,0.516802,0.1
2007-07-06,latest_vintage_causal,expansion,slowdown,slowdown,official,-0.106297,-0.335374,0.444508,low,2,True,3,2,0,0.599495,bounded_confirmation_lag,confirmation_in_flight,0.240496,0.118478,0.214637,0.218507,0.544866,0.663015,1e-06,0.0,contraction,False,False,False,False,False,True,True,-0.235428,0.467934,0.1
2007-07-13,latest_vintage_causal,slowdown,slowdown,slowdown,official,-0.143859,-0.566216,0.765964,high,0,False,0,3,0,0.583875,semantically_supported,official_equals_raw_high_quality,0.183924,0.059379,0.138175,0.087329,0.677901,0.853292,1e-06,0.0,contraction,False,True,False,False,False,True,False,-0.827908,0.393656,0.1
2007-07-20,latest_vintage_causal,slowdown,slowdown,slowdown,official,-0.166247,-0.737485,0.918917,high,0,False,0,4,0,0.571389,semantically_supported,official_equals_raw_high_quality,0.126598,0.018728,0.090968,0.031177,0.782433,0.950095,1e-06,0.0,contraction,False,True,False,False,False,True,False,-1.07969,0.365129,0.1
2007-07-27,latest_vintage_causal,slowdown,slowdown,slowdown,official,-0.174082,-0.735943,0.943079,high,0,False,0,4,0,0.586093,semantically_supported,official_equals_raw_high_quality,0.128727,0.009882,0.091068,0.023519,0.780204,0.966598,1e-06,0.0,contraction,False,True,False,False,False,True,False,-1.073408,0.325954,0.1
2007-08-03,latest_vintage_causal,slowdown,slowdown,slowdown,official,-0.169126,-0.676261,0.938458,high,0,False,0,4,0,0.547583,semantically_supported,official_equals_raw_high_quality,0.143524,0.009395,0.102542,0.026074,0.753933,0.964531,1e-06,0.0,contraction,False,True,False,False,False,True,False,-0.75323,0.391873,0.1
2007-08-10,latest_vintage_causal,slowdown,slowdown,slowdown,official,-0.188749,-0.684637,0.938755,high,0,False,0,4,0,0.50664,semantically_supported,official_equals_raw_high_quality,0.146012,0.009555,0.100328,0.025845,0.753659,0.9646,1e-06,0.0,contraction,False,True,False,False,False,True,False,-0.478328,0.408654,0.1
2007-08-17,latest_vintage_causal,slowdown,slowdown,slowdown,official,-0.192994,-0.505575,0.893361,high,0,False,0,3,0,0.513393,semantically_supported,official_equals_raw_high_quality,0.220115,0.016804,0.149974,0.044917,0.62991,0.938278,1e-06,0.0,contraction,False,True,False,False,False,True,False,-0.285271,0.42798,0.1
2007-08-24,latest_vintage_causal,slowdown,slowdown,slowdown,official,-0.206293,-0.516364,0.883607,high,0,False,0,3,0,0.530844,semantically_supported,official_equals_raw_high_quality,0.220812,0.020358,0.146523,0.048017,0.632664,0.931624,1e-06,0.0,contraction,False,True,False,False,False,True,False,-0.337525,0.364803,0.1
2007-08-31,latest_vintage_causal,slowdown,slowdown,slowdown,official,-0.251234,-0.576936,0.895178,high,0,False,0,3,0,0.5599,semantically_supported,official_equals_raw_high_quality,0.214268,0.020552,0.130029,0.042135,0.655702,0.937313,1e-06,0.0,contraction,False,True,False,False,False,True,False,-0.567501,0.206754,0.1
2007-09-07,latest_vintage_causal,slowdown,slowdown,slowdown,official,-0.255091,-0.552752,0.891393,high,0,False,0,3,0,0.565677,semantically_supported,official_equals_raw_high_quality,0.224388,0.021654,0.13513,0.043476,0.640482,0.93487,1e-06,0.0,contraction,False,True,False,False,False,True,False,-0.446361,0.188587,0.1
2007-09-14,latest_vintage_causal,slowdown,slowdown,slowdown,official,-0.268594,-0.47377,0.870564,high,0,False,0,3,0,0.574064,semantically_supported,official_equals_raw_high_quality,0.230047,0.023466,0.158055,0.052985,0.611898,0.923549,1e-06,0.0,contraction,False,True,False,False,False,True,False,-0.482194,0.142755,0.1
2007-09-21,latest_vintage_causal,slowdown,slowdown,slowdown,official,-0.211612,-0.239114,0.778175,low,0,True,0,3,1,0.4943,low_evidence_ambiguous,low_separation_or_stale,0.246173,0.030043,0.241449,0.095891,0.512377,0.874066,1e-06,0.0,contraction,False,True,False,False,False,True,False,-0.285711,0.195727,0.1
2007-09-28,latest_vintage_causal,slowdown,slowdown,slowdown,official,-0.180051,-0.198207,0.714146,low,0,True,0,3,1,0.445198,low_evidence_ambiguous,low_separation_or_stale,0.24679,0.037068,0.258752,0.124393,0.494458,0.838539,1e-06,0.0,contraction,False,True,False,False,False,True,False,-0.090716,0.354564,0.1
2007-10-05,latest_vintage_causal,slowdown,slowdown,slowdown,official,-0.185146,-0.178937,0.670002,low,0,True,0,3,1,0.438213,low_evidence_ambiguous,low_separation_or_stale,0.247087,0.043052,0.267096,0.143473,0.485816,0.813475,1e-06,0.0,contraction,False,True,False,False,False,True,False,-0.126594,0.354654,0.1
2007-10-12,latest_vintage_causal,slowdown,slowdown,slowdown,official,-0.180847,-0.086619,0.55738,low,0,True,0,2,1,0.417184,low_evidence_ambiguous,low_separation_or_stale,0.255956,0.052702,0.317679,0.194959,0.426363,0.752339,1e-06,0.0,contraction,False,True,False,False,False,True,False,-0.059268,0.406609,0.1
2007-10-19,latest_vintage_causal,slowdown,slowdown,slowdown,official,-0.223937,-0.194905,0.598328,low,0,True,0,3,1,0.408376,low_evidence_ambiguous,low_separation_or_stale,0.24684,0.056019,0.260173,0.172826,0.492986,0.771155,1e-06,0.0,contraction,False,True,False,False,False,True,False,-0.167045,0.288722,0.1
2007-10-26,latest_vintage_causal,slowdown,slowdown,slowdown,official,-0.260311,-0.204146,0.625686,low,0,True,0,3,1,0.456497,low_evidence_ambiguous,low_separation_or_stale,0.246699,0.055546,0.256204,0.159384,0.497097,0.78507,1e-06,0.0,contraction,False,True,False,False,False,True,False,-0.211271,0.108334,0.1
2007-11-02,latest_vintage_causal,slowdown,slowdown,slowdown,official,-0.292667,-0.235532,0.660313,low,0,True,0,3,1,0.464793,low_evidence_ambiguous,low_separation_or_stale,0.246226,0.053341,0.24294,0.143172,0.510833,0.803486,1e-06,0.0,contraction,False,True,False,False,False,True,False,-0.371759,0.013896,0.1
2007-11-09,latest_vintage_causal,slowdown,slowdown,slowdown,official,-0.310383,-0.230242,0.673918,low,0,True,0,3,1,0.446588,low_evidence_ambiguous,low_separation_or_stale,0.246305,0.051063,0.245151,0.137509,0.508543,0.811427,1e-06,0.0,contraction,False,True,False,False,False,True,False,-0.471886,-0.079721,0.1
2007-11-16,latest_vintage_causal,slowdown,slowdown,slowdown,official,-0.30235,-0.336285,0.742093,low,0,True,0,3,0,0.407224,low_evidence_ambiguous,low_separation_or_stale,0.231677,0.043875,0.206427,0.107016,0.561895,0.849109,1e-06,0.0,contraction,False,True,False,False,False,True,False,-0.66501,-0.115332,0.1
2007-11-23,latest_vintage_causal,slowdown,slowdown,slowdown,official,-0.281769,-0.317326,0.746725,low,0,True,0,2,0,0.425132,low_evidence_ambiguous,low_separation_or_stale,0.240623,0.041198,0.221791,0.106039,0.537585,0.852763,1e-06,0.0,contraction,False,True,False,False,False,True,False,-1.047783,-0.134693,0.1
2007-11-30,latest_vintage_causal,slowdown,slowdown,slowdown,official,-0.317263,-0.400951,0.787257,high,0,False,0,2,0,0.37757,semantically_supported,official_equals_raw_high_quality,0.240056,0.038442,0.189844,0.08715,0.570099,0.874407,1e-06,0.0,contraction,False,True,False,False,False,True,False,-1.313306,-0.265299,0.1
2007-12-07,latest_vintage_causal,slowdown,slowdown,slowdown,official,-0.3391,-0.464283,0.825368,high,0,False,0,2,0,0.353255,semantically_supported,official_equals_raw_high_quality,0.239664,0.034902,0.167769,0.069865,0.592566,0.895233,1e-06,0.0,contraction,False,True,False,False,False,True,False,-1.637845,-0.373548,0.1
2007-12-14,latest_vintage_causal,slowdown,slowdown,slowdown,official,-0.338923,-0.389752,0.811603,low,0,True,0,2,0,0.35344,low_evidence_ambiguous,low_separation_or_stale,0.240129,0.033263,0.193941,0.077567,0.56593,0.88917,1e-06,0.0,contraction,False,True,False,False,False,True,False,-1.3808,-0.372122,0.1
2007-12-21,latest_vintage_causal,slowdown,contraction,slowdown,official,-0.486265,-0.593518,0.606112,high,0,False,1,2,0,0.486639,semantically_supported,filter_absorbed_raw_flip,0.17514,0.033749,0.06661,0.038331,0.350475,0.767016,0.407775,0.160904,contraction,False,True,False,False,False,True,False,-1.249551,-0.489088,0.1
2007-12-28,latest_vintage_causal,slowdown,contraction,slowdown,official,-0.50031,-0.577388,0.348906,high,0,False,2,2,0,0.471192,semantically_supported,filter_absorbed_raw_flip,0.181904,0.041232,0.067277,0.028909,0.339655,0.639382,0.411164,0.290477,contraction,False,True,False,False,False,True,False,-1.191928,-0.558687,0.1
2008-01-04,latest_vintage_causal,slowdown,slowdown,slowdown,official,-0.518641,-0.435438,0.814671,high,0,False,0,1,0,0.454028,semantically_supported,official_equals_raw_high_quality,0.239839,0.062376,0.17759,0.060577,0.58257,0.877047,1e-06,1e-06,contraction,False,True,True,False,False,True,False,-1.269292,-0.687896,0.1
2008-01-11,latest_vintage_causal,slowdown,slowdown,slowdown,official,-0.55743,-0.541471,0.85273,high,0,False,0,1,0,0.420862,semantically_supported,official_equals_raw_high_quality,0.239232,0.041527,0.143422,0.052871,0.617345,0.905601,1e-06,0.0,contraction,False,True,True,False,False,True,False,-1.430237,-0.803633,0.1
2008-01-18,latest_vintage_causal,slowdown,contraction,slowdown,official,-0.609956,-0.844857,0.264256,high,0,False,1,2,0,0.470257,semantically_supported,filter_absorbed_raw_flip,0.073305,0.018971,0.021802,0.014564,0.218412,0.61536,0.686481,0.351105,contraction,False,True,True,False,False,True,False,-1.219748,-0.718617,0.1
2008-01-25,latest_vintage_causal,contraction,contraction,contraction,official,-0.576036,-0.7159,0.19122,high,0,False,0,2,0,0.497895,semantically_supported,official_equals_raw_high_quality,0.115608,0.026078,0.036782,0.010857,0.264806,0.385922,0.582803,0.577142,contraction,True,True,False,False,False,False,False,-0.578872,-0.533966,0.1
2008-02-01,latest_vintage_causal,contraction,contraction,contraction,official,-0.589463,-0.652768,0.211494,high,0,False,0,2,0,0.486554,semantically_supported,official_equals_raw_high_quality,0.182654,0.055318,0.056583,0.012479,0.34652,0.360354,0.414244,0.571848,contraction,True,True,False,False,False,False,False,-0.422535,-0.561345,0.1
2008-02-08,latest_vintage_causal,contraction,contraction,contraction,official,-0.623679,-0.785423,0.450523,high,0,False,0,3,0,0.45986,semantically_supported,official_equals_raw_high_quality,0.108275,0.035116,0.031336,0.00632,0.287165,0.25402,0.573224,0.704543,contraction,True,True,False,False,False,False,False,-0.535656,-0.610675,0.1
2008-02-15,latest_vintage_causal,contraction,slowdown,slowdown,official,-0.624138,-0.453862,0.19909,high,1,False,1,3,0,0.429093,bounded_confirmation_lag,confirmation_in_flight,0.224601,0.107023,0.126124,0.029547,0.494259,0.53126,0.155016,0.33217,contraction,True,True,False,False,False,False,False,-0.487187,-0.701745,0.1
2008-02-22,latest_vintage_causal,contraction,contraction,contraction,official,-0.743428,-0.745196,0.345236,high,0,False,0,3,0,0.443077,semantically_supported,official_equals_raw_high_quality,0.116318,0.050027,0.026532,0.009192,0.219329,0.297772,0.637822,0.643009,contraction,True,True,False,False,False,False,False,-0.599828,-0.819622,0.1
2008-02-29,latest_vintage_causal,contraction,contraction,contraction,official,-0.731751,-0.749633,0.300619,high,0,False,0,3,0,0.442893,semantically_supported,official_equals_raw_high_quality,0.184007,0.06741,0.042957,0.008429,0.359171,0.311771,0.413865,0.61239,contraction,True,True,False,False,False,False,False,-0.23507,-0.773457,0.1
2008-03-07,latest_vintage_causal,contraction,contraction,contraction,official,-0.722287,-0.689583,0.212624,high,0,False,0,3,0,0.442245,semantically_supported,official_equals_raw_high_quality,0.21458,0.089133,0.051046,0.011003,0.365938,0.34362,0.368436,0.556244,contraction,True,True,False,False,False,False,False,0.056659,-0.749433,0.1
2008-03-14,latest_vintage_causal,contraction,contraction,contraction,official,-0.75295,-0.772536,0.227957,high,0,False,0,3,0,0.424235,semantically_supported,official_equals_raw_high_quality,0.180564,0.077632,0.040414,0.009254,0.358327,0.342579,0.420695,0.570536,contraction,True,True,False,False,False,False,False,-0.182352,-0.777801,0.1
2008-03-21,latest_vintage_causal,contraction,contraction,contraction,official,-0.856637,-0.940781,0.759792,high,0,False,0,3,0,0.424572,semantically_supported,official_equals_raw_high_quality,0.057764,0.018898,0.01052,0.001862,0.143546,0.109724,0.788169,0.869516,contraction,True,True,False,False,False,False,False,-0.899637,-0.929847,0.1
2008-03-28,latest_vintage_causal,contraction,contraction,contraction,official,-0.874722,-0.958603,0.889738,high,0,False,0,3,0,0.415662,semantically_supported,official_equals_raw_high_quality,0.055657,0.012828,0.009779,0.000729,0.13966,0.048353,0.794904,0.93809,contraction,True,True,False,False,False,False,False,-0.998838,-1.005825,0.1
2008-04-04,latest_vintage_causal,contraction,contraction,contraction,official,-0.918342,-1.023368,0.920304,high,0,False,0,3,0,0.391746,semantically_supported,official_equals_raw_high_quality,0.048222,0.010597,0.007769,0.000442,0.130979,0.034328,0.81303,0.954632,contraction,True,True,False,False,False,False,False,-1.323485,-1.206202,0.1
2008-04-11,latest_vintage_causal,contraction,contraction,contraction,official,-0.973925,-1.102948,0.933283,high,0,False,0,3,0,0.36565,semantically_supported,official_equals_raw_high_quality,0.040323,0.00859,0.005817,0.000304,0.120246,0.028912,0.833614,0.962195,contraction,True,True,False,False,False,False,False,-1.233452,-1.255402,0.1
2008-04-18,latest_vintage_causal,contraction,contraction,contraction,official,-1.097986,-1.179908,0.948442,high,0,False,0,3,0,0.389018,semantically_supported,official_equals_raw_high_quality,0.034329,0.007032,0.003869,0.00019,0.097429,0.022168,0.864372,0.97061,contraction,True,True,False,False,False,False,False,-0.959669,-1.243647,0.1
2008-04-25,latest_vintage_causal,contraction,contraction,contraction,official,-1.079841,-1.157757,0.948055,high,0,False,0,3,0,0.395555,semantically_supported,official_equals_raw_high_quality,0.036118,0.007371,0.004221,0.000201,0.10041,0.022186,0.859251,0.970242,contraction,True,True,False,False,False,False,False,-0.851175,-1.144985,0.1
2008-05-02,latest_vintage_causal,contraction,contraction,contraction,official,-1.100558,-1.34781,0.952831,high,0,False,0,4,0,0.387539,semantically_supported,official_equals_raw_high_quality,0.021366,0.004294,0.002396,0.000112,0.098438,0.021381,0.8778,0.974212,contraction,True,True,False,False,False,False,False,-0.703769,-1.053603,0.1
2008-05-09,latest_vintage_causal,contraction,contraction,contraction,official,-1.150217,-1.427145,0.957786,high,0,False,0,4,0,0.36959,semantically_supported,official_equals_raw_high_quality,0.01768,0.003454,0.001796,8.2e-05,0.090433,0.019339,0.890091,0.977125,contraction,True,True,False,False,False,False,False,-0.77285,-1.113976,0.1
2008-05-16,latest_vintage_causal,contraction,contraction,contraction,official,-1.097412,-1.132448,0.856971,high,0,False,0,4,0,0.34388,semantically_supported,official_equals_raw_high_quality,0.090799,0.022001,0.010246,0.000574,0.228456,0.060227,0.670499,0.917199,contraction,True,True,False,False,False,False,False,-0.431268,-1.105733,0.1
2008-05-23,latest_vintage_causal,contraction,contraction,contraction,official,-1.131891,-1.133206,0.846612,high,0,False,0,4,0,0.307129,semantically_supported,official_equals_raw_high_quality,0.088651,0.022961,0.009341,0.000643,0.208677,0.064892,0.693331,0.911504,contraction,True,True,False,False,False,False,False,-0.456134,-1.191102,0.1
2008-05-30,latest_vintage_causal,contraction,contraction,contraction,official,-1.151989,-1.161544,0.77157,high,0,False,0,4,0,0.301507,semantically_supported,official_equals_raw_high_quality,0.113883,0.032817,0.01153,0.000897,0.276969,0.097358,0.597618,0.868928,contraction,True,True,False,False,False,False,False,-0.015647,-1.181703,0.1
2008-06-06,latest_vintage_causal,contraction,contraction,contraction,official,-1.13073,-1.114348,0.730607,high,0,False,0,4,0,0.305193,semantically_supported,official_equals_raw_high_quality,0.125254,0.038381,0.013229,0.001203,0.281582,0.114905,0.579935,0.845511,contraction,True,True,False,False,False,False,False,0.196853,-1.116243,0.1
2008-06-13,latest_vintage_causal,contraction,contraction,contraction,official,-1.168961,-1.080768,0.73577,high,0,False,0,4,0,0.293319,semantically_supported,official_equals_raw_high_quality,0.134688,0.041674,0.013184,0.001271,0.257493,0.110642,0.594635,0.846413,contraction,True,True,False,False,False,False,False,0.011172,-1.176269,0.1
2008-06-20,latest_vintage_causal,contraction,contraction,contraction,official,-1.254348,-0.98995,0.765152,high,0,False,0,4,0,0.327184,semantically_supported,official_equals_raw_high_quality,0.167969,0.052628,0.013874,0.001329,0.214727,0.090445,0.603429,0.855597,contraction,True,True,False,False,False,False,False,-0.257333,-1.201508,0.1
2008-06-27,latest_vintage_causal,contraction,contraction,contraction,official,-1.253861,-1.03815,0.886858,high,0,False,0,4,0,0.327311,semantically_supported,official_equals_raw_high_quality,0.090847,0.025516,0.007511,0.000595,0.131529,0.043515,0.770113,0.930373,contraction,True,True,False,False,False,False,False,-0.551601,-1.24105,0.1
2008-07-04,latest_vintage_causal,contraction,contraction,contraction,official,-1.300646,-1.010768,0.954142,high,0,False,0,4,0,0.313372,semantically_supported,official_equals_raw_high_quality,0.055531,0.012379,0.004184,0.000232,0.068294,0.016623,0.871992,0.970766,contraction,True,True,False,False,False,False,False,-0.6938,-1.36001,0.1
2008-07-11,latest_vintage_causal,contraction,contraction,contraction,official,-1.323543,-0.984457,0.936187,high,0,False,0,4,0,0.305851,semantically_supported,official_equals_raw_high_quality,0.088622,0.019558,0.006379,0.000319,0.097352,0.021968,0.807647,0.958155,contraction,True,True,False,False,False,False,False,-0.601664,-1.311304,0.1
2008-07-18,latest_vintage_causal,contraction,contraction,contraction,official,-1.396556,-1.187887,0.915928,high,0,False,0,4,0,0.321613,semantically_supported,official_equals_raw_high_quality,0.080159,0.018882,0.004991,0.00027,0.136107,0.03246,0.778744,0.948388,contraction,True,True,False,False,False,False,False,-0.519251,-1.352957,0.1
2008-07-25,latest_vintage_causal,contraction,contraction,contraction,official,-1.409671,-1.226608,0.969022,high,0,False,0,4,0,0.318621,semantically_supported,official_equals_raw_high_quality,0.030299,0.006288,0.001838,9.1e-05,0.05535,0.012299,0.912513,0.981322,contraction,True,True,False,False,False,False,False,-0.712857,-1.429858,0.1
2008-08-01,latest_vintage_causal,contraction,contraction,contraction,official,-1.466144,-1.320034,0.975467,high,0,False,0,4,0,0.302139,semantically_supported,official_equals_raw_high_quality,0.02416,0.004632,0.00131,5.6e-05,0.050117,0.009923,0.924413,0.985389,contraction,True,True,False,False,False,False,False,-1.299587,-1.632828,0.1
2008-08-08,latest_vintage_causal,contraction,contraction,contraction,official,-1.561221,-1.510416,0.980869,high,0,False,0,4,0,0.279892,semantically_supported,official_equals_raw_high_quality,0.015115,0.002828,0.000678,2.8e-05,0.042272,0.008138,0.941935,0.989006,contraction,True,True,False,False,False,False,False,-1.871981,-1.946966,0.1
2008-08-15,latest_vintage_causal,contraction,contraction,contraction,official,-1.664001,-1.609586,0.984639,high,0,False,0,4,0,0.304241,semantically_supported,official_equals_raw_high_quality,0.011859,0.002176,0.000434,1.8e-05,0.034859,0.006584,0.952848,0.991223,contraction,True,True,False,False,False,False,False,-2.281584,-2.147269,0.1
2008-08-22,latest_vintage_causal,contraction,contraction,contraction,official,-1.789102,-2.04415,0.98907,high,0,False,0,4,0,0.287331,semantically_supported,official_equals_raw_high_quality,0.003958,0.000714,0.000113,4e-06,0.027624,0.005106,0.968305,0.994176,contraction,True,True,False,False,False,False,False,-2.448001,-2.258704,0.1
2008-08-29,latest_vintage_causal,contraction,contraction,contraction,official,-1.752135,-1.633931,0.986959,high,0,False,0,4,0,0.293393,semantically_supported,official_equals_raw_high_quality,0.011892,0.002146,0.000365,1.4e-05,0.029424,0.00544,0.958319,0.992399,contraction,True,True,False,False,False,False,False,-2.087629,-2.223014,0.1
2008-09-05,latest_vintage_causal,contraction,contraction,contraction,official,-1.746902,-1.644811,0.986866,high,0,False,0,4,0,0.294272,semantically_supported,official_equals_raw_high_quality,0.011566,0.002104,0.000359,1.4e-05,0.029732,0.005508,0.958343,0.992374,contraction,True,True,False,False,False,False,False,-2.142423,-2.19447,0.1
2008-09-12,latest_vintage_causal,contraction,contraction,contraction,official,-1.806958,-1.786941,0.988736,high,0,False,0,4,0,0.284492,semantically_supported,official_equals_raw_high_quality,0.008092,0.001463,0.000223,9e-06,0.026573,0.004896,0.965112,0.993632,contraction,True,True,False,False,False,False,False,-2.135004,-2.22527,0.1
2008-09-19,latest_vintage_causal,contraction,contraction,contraction,official,-2.138239,-2.064041,0.994212,high,0,False,0,4,0,0.274652,semantically_supported,official_equals_raw_high_quality,0.004048,0.000719,5.8e-05,2e-06,0.013992,0.002533,0.981902,0.996745,contraction,True,True,False,False,False,False,False,-2.125588,-2.286796,0.1
2008-09-26,latest_vintage_causal,contraction,contraction,contraction,official,-2.150533,-2.059219,0.994392,high,0,False,0,4,0,0.270077,semantically_supported,official_equals_raw_high_quality,0.004099,0.000725,5.7e-05,2e-06,0.013659,0.00244,0.982185,0.996833,contraction,True,True,False,False,False,False,False,-2.112566,-2.470393,0.1
2008-10-03,latest_vintage_causal,contraction,contraction,contraction,official,-2.166527,-1.85311,0.993953,high,0,False,0,4,1,0.268083,semantically_supported,official_equals_raw_high_quality,0.00745,0.001321,9.3e-05,4e-06,0.013192,0.002361,0.979264,0.996314,contraction,True,True,False,False,False,False,False,-1.694261,-2.594712,0.1
2008-10-10,latest_vintage_causal,contraction,contraction,contraction,official,-2.24148,-1.906693,0.994772,high,0,False,0,4,1,0.259119,semantically_supported,official_equals_raw_high_quality,0.006513,0.001156,7e-05,3e-06,0.011397,0.002035,0.982019,0.996807,contraction,True,True,False,False,False,False,False,-1.509646,-2.69955,0.1
2008-10-17,latest_vintage_causal,contraction,contraction,contraction,official,-2.294007,-2.111534,0.995653,high,0,False,0,4,1,0.31569,semantically_supported,official_equals_raw_high_quality,0.003868,0.000684,3.8e-05,1e-06,0.010307,0.001831,0.985788,0.997484,contraction,True,True,False,False,False,False,False,-1.381128,-2.745533,0.1
2008-10-24,latest_vintage_causal,contraction,contraction,contraction,official,-2.280925,-2.122296,0.995581,high,0,False,0,4,1,0.31658,semantically_supported,official_equals_raw_high_quality,0.003762,0.000663,3.8e-05,1e-06,0.010576,0.001877,0.985624,0.997458,contraction,True,True,False,False,False,False,False,-1.434938,-2.732549,0.1
2008-10-31,latest_vintage_causal,contraction,contraction,contraction,official,-2.240959,-2.093413,0.99522,high,0,False,0,4,1,0.320782,semantically_supported,official_equals_raw_high_quality,0.004047,0.000714,4.4e-05,2e-06,0.011438,0.002032,0.984472,0.997252,contraction,True,True,False,False,False,False,False,-1.454331,-2.713456,0.1
2008-11-07,latest_vintage_causal,contraction,contraction,contraction,official,-2.244776,-2.085865,0.995233,high,0,False,0,4,1,0.319367,semantically_supported,official_equals_raw_high_quality,0.004126,0.000728,4.4e-05,2e-06,0.011351,0.002019,0.984479,0.997251,contraction,True,True,False,False,False,False,False,-1.416591,-2.733532,0.1
2008-11-14,latest_vintage_causal,contraction,contraction,contraction,official,-2.356618,-2.288292,0.996331,high,0,False,0,4,1,0.303768,semantically_supported,official_equals_raw_high_quality,0.002466,0.000434,2.1e-05,1e-06,0.009124,0.001617,0.988389,0.997948,contraction,True,True,False,False,False,False,False,-1.631312,-2.892425,0.1
2008-11-21,latest_vintage_causal,contraction,contraction,contraction,official,-2.458594,-1.168313,0.981414,high,0,False,0,4,2,0.307129,semantically_supported,official_equals_raw_high_quality,0.047371,0.008634,0.00031,1.2e-05,0.007124,0.001307,0.945194,0.990047,contraction,True,True,False,False,False,False,False,-1.613113,-3.075273,0.1
2008-11-28,latest_vintage_causal,contraction,contraction,contraction,official,-2.464246,-1.173114,0.98086,high,0,False,0,4,2,0.306384,semantically_supported,official_equals_raw_high_quality,0.046823,0.008919,0.000303,1.2e-05,0.00705,0.00129,0.945824,0.989779,contraction,True,True,False,False,False,False,False,-1.637118,-3.215583,0.1
2008-12-05,latest_vintage_causal,contraction,contraction,contraction,official,-2.445287,-0.99502,0.970599,high,0,False,0,4,2,0.308461,semantically_supported,official_equals_raw_high_quality,0.071917,0.014024,0.000484,2e-05,0.007124,0.001333,0.920475,0.984623,contraction,True,True,False,False,False,False,False,-1.586859,-3.305178,0.1
2008-12-12,latest_vintage_causal,contraction,contraction,contraction,official,-2.545401,-1.065252,0.974758,high,0,False,0,4,2,0.296043,semantically_supported,official_equals_raw_high_quality,0.060882,0.012066,0.000336,1.4e-05,0.005917,0.001095,0.932865,0.986825,contraction,True,True,False,False,False,False,False,-1.938021,-3.490256,0.1
2008-12-19,latest_vintage_causal,contraction,contraction,contraction,official,-2.671354,-1.872371,0.996458,high,0,False,0,4,1,0.29792,semantically_supported,official_equals_raw_high_quality,0.007154,0.00134,3.3e-05,1e-06,0.004878,0.000861,0.987934,0.997798,contraction,True,True,False,False,False,False,False,-2.184729,-3.568916,0.1
2008-12-26,latest_vintage_causal,contraction,contraction,contraction,official,-2.690296,-1.948225,0.99709,high,0,False,0,4,1,0.294443,semantically_supported,official_equals_raw_high_quality,0.005899,0.001041,2.6e-05,1e-06,0.004705,0.000828,0.98937,0.99813,contraction,True,True,False,False,False,False,False,-2.577791,-3.702509,0.1
2009-01-02,latest_vintage_causal,contraction,contraction,contraction,official,-2.764666,-2.535003,0.998368,high,0,False,0,4,0,0.285281,semantically_supported,official_equals_raw_high_quality,0.001156,0.000203,5e-06,0.0,0.00408,0.000715,0.994759,0.999083,contraction,True,True,False,False,False,False,False,-2.570596,-3.695892,0.1
2009-01-09,latest_vintage_causal,contraction,contraction,contraction,official,-2.78326,-2.346405,0.998296,high,0,False,0,4,0,0.283407,semantically_supported,official_equals_raw_high_quality,0.001873,0.000327,7e-06,0.0,0.00393,0.000688,0.994189,0.998985,contraction,True,True,False,False,False,False,False,-1.719235,-3.486404,0.1
2009-01-16,latest_vintage_causal,contraction,contraction,contraction,official,-2.764691,-2.048467,0.99787,high,0,False,0,4,0,0.277706,semantically_supported,official_equals_raw_high_quality,0.00401,0.000702,1.6e-05,1e-06,0.004068,0.000714,0.991905,0.998584,contraction,True,True,False,False,False,False,False,-1.13511,-3.421373,0.1
2009-01-23,latest_vintage_causal,contraction,contraction,contraction,official,-2.737743,-1.722982,0.995555,high,0,False,0,4,1,0.248243,semantically_supported,official_equals_raw_high_quality,0.010462,0.001846,4.2e-05,2e-06,0.004263,0.000752,0.985233,0.997401,contraction,True,True,False,False,False,False,False,-0.778485,-3.398131,0.1
2009-01-30,latest_vintage_causal,contraction,contraction,contraction,official,-2.865044,-2.231185,0.998324,high,0,False,0,4,1,0.242766,semantically_supported,official_equals_raw_high_quality,0.00287,0.000506,9e-06,0.0,0.003339,0.000585,0.993782,0.998909,contraction,True,True,False,False,False,False,False,-0.789678,-3.477674,0.1
2009-02-06,latest_vintage_causal,contraction,contraction,contraction,official,-2.899667,-2.25305,0.998434,high,0,False,0,4,1,0.254817,semantically_supported,official_equals_raw_high_quality,0.002715,0.000475,8e-06,0.0,0.003118,0.000546,0.99416,0.998979,contraction,True,True,False,False,False,False,False,-0.891995,-3.694418,0.1
2009-02-13,latest_vintage_causal,contraction,contraction,contraction,official,-2.955911,-2.228127,0.9985,high,0,False,0,4,1,0.25746,semantically_supported,official_equals_raw_high_quality,0.002894,0.000506,8e-06,0.0,0.002788,0.000488,0.99431,0.999006,contraction,True,True,False,False,False,False,False,-1.014322,-3.815148,0.1
2009-02-20,latest_vintage_causal,contraction,contraction,contraction,official,-2.896786,-1.401479,0.991066,high,0,False,0,4,1,0.264411,semantically_supported,official_equals_raw_high_quality,0.023554,0.004192,6.9e-05,3e-06,0.00307,0.000546,0.973307,0.995259,contraction,True,True,False,False,False,False,False,-0.785783,-3.848915,0.1
2009-02-27,latest_vintage_causal,contraction,contraction,contraction,official,-2.873128,-1.436992,0.991609,high,0,False,0,4,1,0.270181,semantically_supported,official_equals_raw_high_quality,0.021547,0.003908,6.6e-05,3e-06,0.003224,0.000573,0.975163,0.995517,contraction,True,True,False,False,False,False,False,-0.980055,-3.920195,0.1
2009-03-06,latest_vintage_causal,contraction,contraction,contraction,official,-2.95092,-1.525321,0.993279,high,0,False,0,4,1,0.260983,semantically_supported,official_equals_raw_high_quality,0.017267,0.003114,4.5e-05,2e-06,0.002775,0.000491,0.979912,0.996393,contraction,True,True,False,False,False,False,False,-1.425366,-3.876973,0.1
2009-03-13,latest_vintage_causal,contraction,contraction,contraction,official,-2.980808,-1.488036,0.992715,high,0,False,0,4,1,0.256495,semantically_supported,official_equals_raw_high_quality,0.018968,0.00341,4.7e-05,2e-06,0.002611,0.000463,0.978374,0.996125,contraction,True,True,False,False,False,False,False,-1.586536,-3.838865,0.1
2009-03-20,latest_vintage_causal,contraction,contraction,contraction,official,-2.934072,-1.359178,0.988682,high,0,False,0,4,2,0.258044,semantically_supported,official_equals_raw_high_quality,0.029731,0.005404,7.6e-05,3e-06,0.002833,0.000507,0.96736,0.994086,contraction,True,True,False,False,False,False,False,-1.599632,-3.788832,0.1
2009-03-27,latest_vintage_causal,contraction,contraction,contraction,official,-2.905999,-1.293559,0.986547,high,0,False,0,4,2,0.256759,semantically_supported,official_equals_raw_high_quality,0.034977,0.006457,9.4e-05,4e-06,0.002979,0.000535,0.96195,0.993004,contraction,True,True,False,False,False,False,False,-1.282617,-3.730707,0.1
2009-04-03,latest_vintage_causal,contraction,contraction,contraction,official,-2.883178,-0.937314,0.967391,high,0,False,0,4,2,0.258447,semantically_supported,official_equals_raw_high_quality,0.082791,0.016022,0.000233,1e-05,0.002962,0.000555,0.914013,0.983413,contraction,True,True,False,False,False,False,False,-0.693604,-3.725751,0.1
2009-04-10,latest_vintage_causal,contraction,contraction,contraction,official,-2.835974,-0.685063,0.936036,high,0,False,0,4,2,0.259717,semantically_supported,official_equals_raw_high_quality,0.146877,0.031671,0.000455,2.1e-05,0.003024,0.0006,0.849644,0.967708,contraction,True,True,False,False,False,False,False,-0.252808,-3.682751,0.1
2009-04-17,latest_vintage_causal,contraction,contraction,contraction,official,-2.723582,-0.579057,0.910376,high,0,False,0,4,2,0.261278,semantically_supported,official_equals_raw_high_quality,0.184082,0.044424,0.000712,3.6e-05,0.003612,0.000741,0.811594,0.9548,contraction,True,True,False,False,False,False,False,0.182803,-3.558054,0.1
2009-04-24,latest_vintage_causal,contraction,contraction,contraction,official,-2.6941,-0.493272,0.883053,high,0,False,0,4,2,0.258718,semantically_supported,official_equals_raw_high_quality,0.21931,0.058061,0.0009,4.9e-05,0.003663,0.000776,0.776127,0.941114,contraction,True,True,False,False,False,False,False,0.612421,-3.485055,0.1
2009-05-01,latest_vintage_causal,contraction,expansion,recovery,official,-2.632187,0.11594,0.046499,low,1,False,1,4,2,0.256982,bounded_confirmation_lag,confirmation_in_flight,0.270848,0.454126,0.40537,0.138239,0.323781,0.407628,1e-06,7e-06,recovery,True,False,False,False,False,True,False,0.861493,-3.38212,0.1
2009-05-08,latest_vintage_causal,contraction,expansion,recovery,official,-2.583088,0.551803,0.062486,low,2,False,2,4,2,0.250764,bounded_confirmation_lag,confirmation_in_flight,0.35226,0.456576,0.521017,0.39409,0.126721,0.149334,1e-06,0.0,recovery,True,False,False,True,False,True,False,1.193578,-3.238731,0.1
2009-05-15,latest_vintage_causal,contraction,expansion,expansion,official,-2.557994,0.548221,0.009605,low,1,False,3,4,2,0.250657,bounded_confirmation_lag,confirmation_in_flight,0.425428,0.467672,0.461332,0.477276,0.113239,0.055052,1e-06,0.0,recovery,True,False,False,True,False,True,False,1.176031,-3.205899,0.1
2009-05-22,latest_vintage_causal,contraction,recovery,recovery,official,-2.458297,0.717131,0.106528,high,1,False,4,4,2,0.254031,bounded_confirmation_lag,confirmation_in_flight,0.52445,0.543754,0.410227,0.437226,0.065322,0.01902,1e-06,0.0,recovery,True,False,False,True,False,True,False,1.275769,-3.122415,0.1
2009-05-29,latest_vintage_causal,contraction,recovery,recovery,official,-2.416738,0.932516,0.360076,high,2,False,5,4,3,0.25217,bounded_confirmation_lag,confirmation_in_flight,0.627901,0.676915,0.340842,0.316839,0.031255,0.006246,1e-06,0.0,recovery,True,False,False,True,False,True,False,1.451317,-3.047149,0.1
2009-06-05,latest_vintage_causal,recovery,recovery,recovery,official,-2.388866,0.93348,0.627032,high,0,False,0,4,3,0.250515,semantically_supported,official_equals_raw_high_quality,0.705322,0.811842,0.269981,0.184809,0.024696,0.003349,1e-06,0.0,recovery,True,True,False,False,False,False,False,1.464625,-2.992232,0.1
2009-06-12,latest_vintage_causal,recovery,recovery,recovery,official,-2.34583,1.081944,0.82289,high,0,False,0,4,4,0.245633,semantically_supported,official_equals_raw_high_quality,0.790178,0.910893,0.197473,0.088003,0.012348,0.001103,1e-06,0.0,recovery,True,True,False,False,False,False,False,1.417247,-2.881069,0.1
2009-06-19,latest_vintage_causal,recovery,recovery,recovery,official,-2.209629,1.279638,0.918631,high,0,False,0,4,4,0.250242,semantically_supported,official_equals_raw_high_quality,0.858449,0.959161,0.13641,0.040529,0.00514,0.00031,1e-06,0.0,recovery,True,True,False,False,False,False,False,1.519166,-2.764706,0.1
2009-06-26,latest_vintage_causal,recovery,recovery,recovery,official,-2.177157,1.254223,0.967005,high,0,False,0,4,4,0.247668,semantically_supported,official_equals_raw_high_quality,0.924992,0.983434,0.072107,0.016429,0.0029,0.000137,1e-06,0.0,recovery,True,True,False,False,False,False,False,1.420038,-2.696059,0.1
2009-07-03,latest_vintage_causal,recovery,recovery,recovery,official,-2.161671,1.015622,0.995763,high,0,False,0,4,3,0.240821,semantically_supported,official_equals_raw_high_quality,0.988213,0.997865,0.010973,0.002102,0.000813,3.3e-05,1e-06,0.0,recovery,True,True,False,False,False,False,False,1.348822,-2.602884,0.1
2009-07-10,latest_vintage_causal,recovery,recovery,recovery,official,-2.09763,1.06209,0.99555,high,0,False,0,4,3,0.237714,semantically_supported,official_equals_raw_high_quality,0.986737,0.997759,0.012444,0.00221,0.000819,3.1e-05,1e-06,0.0,recovery,True,True,False,False,False,False,False,1.597893,-2.493177,0.1
2009-07-17,latest_vintage_causal,recovery,recovery,recovery,official,-1.918746,1.387588,0.993676,high,0,False,0,4,3,0.2412,semantically_supported,official_equals_raw_high_quality,0.981824,0.996828,0.01767,0.003152,0.000505,1.9e-05,1e-06,0.0,recovery,True,True,False,False,False,False,False,1.851943,-2.314007,0.1
2009-07-24,latest_vintage_causal,recovery,recovery,recovery,official,-1.859916,1.434004,0.99286,high,0,False,0,4,3,0.230774,semantically_supported,official_equals_raw_high_quality,0.979677,0.99642,0.019819,0.00356,0.000503,1.9e-05,1e-06,0.0,recovery,True,True,False,False,False,False,False,2.10114,-2.146102,0.1
2009-07-31,latest_vintage_causal,recovery,recovery,recovery,official,-1.823447,1.355347,0.992301,high,0,False,0,4,3,0.224237,semantically_supported,official_equals_raw_high_quality,0.978016,0.996137,0.021273,0.003836,0.00071,2.7e-05,1e-06,0.0,recovery,True,True,False,False,False,False,False,2.247611,-2.04442,0.1
2009-08-07,latest_vintage_causal,recovery,recovery,recovery,official,-1.7906,1.371998,0.991773,high,0,False,0,4,3,0.219207,semantically_supported,official_equals_raw_high_quality,0.976599,0.995872,0.022676,0.0041,0.000725,2.8e-05,1e-06,0.0,recovery,True,True,False,False,False,False,False,2.330869,-1.916923,0.1
2009-08-14,latest_vintage_causal,recovery,recovery,recovery,official,-1.758147,1.474414,0.991221,high,0,False,0,4,3,0.213987,semantically_supported,official_equals_raw_high_quality,0.975252,0.995599,0.024154,0.004378,0.000594,2.3e-05,1e-06,0.0,recovery,True,True,False,False,False,False,False,2.137441,-1.881102,0.1
2009-08-21,latest_vintage_causal,recovery,recovery,recovery,official,-1.613455,1.650151,0.988305,high,0,False,0,4,3,0.227651,semantically_supported,official_equals_raw_high_quality,0.967549,0.994143,0.03195,0.005838,0.000501,1.9e-05,1e-06,0.0,recovery,True,True,False,False,False,False,False,2.076513,-1.83652,0.1
2009-08-28,latest_vintage_causal,recovery,recovery,recovery,official,-1.568921,1.634297,0.987127,high,0,False,0,4,3,0.230435,semantically_supported,official_equals_raw_high_quality,0.964629,0.993552,0.034802,0.006426,0.000568,2.2e-05,1e-06,0.0,recovery,True,True,False,False,False,False,False,2.089235,-1.730131,0.1
2009-09-04,latest_vintage_causal,recovery,recovery,recovery,official,-1.519095,1.759658,0.986574,high,0,False,0,4,4,0.237993,semantically_supported,official_equals_raw_high_quality,0.963437,0.993279,0.036164,0.006705,0.000398,1.6e-05,1e-06,0.0,recovery,True,True,False,False,False,False,False,1.928276,-1.674635,0.1
2009-09-11,latest_vintage_causal,recovery,recovery,recovery,official,-1.481675,1.730814,0.985522,high,0,False,0,4,4,0.233773,semantically_supported,official_equals_raw_high_quality,0.960692,0.992752,0.038846,0.00723,0.000461,1.8e-05,1e-06,0.0,recovery,True,True,False,False,False,False,False,1.613386,-1.607988,0.1
2009-09-18,latest_vintage_causal,recovery,recovery,recovery,official,-1.449869,1.336623,0.984507,high,0,False,0,4,4,0.238347,semantically_supported,official_equals_raw_high_quality,0.957415,0.992227,0.041241,0.00772,0.001343,5.3e-05,1e-06,0.0,recovery,True,True,False,False,False,False,False,1.358587,-1.529778,0.1
2009-09-25,latest_vintage_causal,recovery,recovery,recovery,official,-1.435203,1.316959,0.984007,high,0,False,0,4,4,0.240782,semantically_supported,official_equals_raw_high_quality,0.956143,0.991975,0.042405,0.007968,0.001452,5.8e-05,1e-06,0.0,recovery,True,True,False,False,False,False,False,1.287273,-1.456449,0.1
2009-10-02,latest_vintage_causal,recovery,recovery,recovery,official,-1.403373,1.388183,0.982958,high,0,False,0,4,4,0.246175,semantically_supported,official_equals_raw_high_quality,0.953656,0.991454,0.045057,0.008495,0.001286,5.1e-05,1e-06,0.0,recovery,True,True,False,False,False,False,False,1.131311,-1.393772,0.1
2009-10-09,latest_vintage_causal,recovery,recovery,recovery,official,-1.360246,1.382798,0.981394,high,0,False,0,4,4,0.242644,semantically_supported,official_equals_raw_high_quality,0.949698,0.990669,0.048887,0.009275,0.001414,5.7e-05,1e-06,0.0,recovery,True,True,False,False,False,False,False,1.241671,-1.316472,0.1
2009-10-16,latest_vintage_causal,recovery,recovery,recovery,official,-1.30157,1.235227,0.977729,high,0,False,0,4,3,0.240215,semantically_supported,official_equals_raw_high_quality,0.939867,0.988815,0.057696,0.011086,0.002436,9.9e-05,1e-06,0.0,recovery,True,True,False,False,False,False,False,1.377587,-1.21846,0.1
2009-10-23,latest_vintage_causal,recovery,recovery,recovery,official,-1.234147,1.092908,0.974279,high,0,False,0,4,3,0.240713,semantically_supported,official_equals_raw_high_quality,0.930699,0.987058,0.065328,0.012778,0.003972,0.000164,1e-06,0.0,recovery,True,True,False,False,False,False,False,1.284511,-1.16175,0.1
2009-10-30,latest_vintage_causal,recovery,recovery,recovery,official,-1.197468,1.155481,0.972137,high,0,False,0,4,3,0.248086,semantically_supported,official_equals_raw_high_quality,0.926429,0.985993,0.069947,0.013856,0.003623,0.000151,1e-06,0.0,recovery,True,True,False,False,False,False,False,1.413844,-1.078082,0.1
2009-11-06,latest_vintage_causal,recovery,recovery,recovery,official,-1.183079,1.15829,0.97118,high,0,False,0,4,3,0.251104,semantically_supported,official_equals_raw_high_quality,0.92448,0.985512,0.071826,0.014332,0.003693,0.000155,1e-06,0.0,recovery,True,True,False,False,False,False,False,1.456127,-1.014605,0.1
2009-11-13,latest_vintage_causal,recovery,recovery,recovery,official,-1.146426,1.223804,0.968983,high,0,False,0,4,3,0.239029,semantically_supported,official_equals_raw_high_quality,0.919794,0.984421,0.076864,0.015438,0.003342,0.000141,1e-06,0.0,recovery,True,True,False,False,False,False,False,1.408874,-0.963288,0.1
2009-11-20,latest_vintage_causal,recovery,recovery,recovery,official,-1.073621,1.314183,0.966105,high,0,False,0,4,4,0.253425,semantically_supported,official_equals_raw_high_quality,0.913953,0.982991,0.083178,0.016886,0.002869,0.000123,1e-06,0.0,recovery,True,True,False,False,False,False,False,1.454781,-0.87222,0.1
2009-11-27,latest_vintage_causal,recovery,recovery,recovery,official,-1.049051,1.337427,0.964179,high,0,False,0,4,4,0.259361,semantically_supported,official_equals_raw_high_quality,0.910191,0.982029,0.086982,0.017849,0.002826,0.000122,1e-06,0.0,recovery,True,True,False,False,False,False,False,1.617296,-0.74937,0.1
2009-12-04,latest_vintage_causal,recovery,recovery,recovery,official,-0.999275,1.408511,0.960353,high,0,False,0,4,4,0.271597,semantically_supported,official_equals_raw_high_quality,0.902231,0.98012,0.09519,0.019767,0.002578,0.000112,1e-06,0.0,recovery,True,True,False,False,False,False,False,1.712619,-0.640688,0.1
2009-12-11,latest_vintage_causal,recovery,recovery,recovery,official,-0.973236,1.331137,0.957857,high,0,False,0,4,4,0.268432,semantically_supported,official_equals_raw_high_quality,0.897037,0.978856,0.09967,0.020999,0.003291,0.000145,1e-06,0.0,recovery,True,True,False,False,False,False,False,1.668714,-0.568997,0.1
2009-12-18,latest_vintage_causal,recovery,recovery,recovery,official,-0.912467,1.308215,0.952266,high,0,False,0,4,4,0.283131,semantically_supported,official_equals_raw_high_quality,0.885135,0.976046,0.110977,0.02378,0.003886,0.000174,1e-06,0.0,recovery,True,True,False,False,False,False,False,1.688324,-0.511814,0.1
2009-12-25,latest_vintage_causal,recovery,recovery,recovery,official,-0.903097,1.282004,0.950695,high,0,False,0,4,4,0.286069,semantically_supported,official_equals_raw_high_quality,0.882985,0.975251,0.112789,0.024557,0.004224,0.000192,1e-06,0.0,recovery,True,True,False,False,False,False,False,1.607934,-0.464966,0.1
2010-01-01,latest_vintage_causal,recovery,recovery,recovery,official,-0.868008,1.309572,0.947035,high,0,False,0,4,4,0.297633,semantically_supported,official_equals_raw_high_quality,0.875851,0.973421,0.119961,0.026386,0.004187,0.000192,1e-06,0.0,recovery,True,True,False,False,False,False,False,1.621585,-0.399722,0.1
2010-01-08,latest_vintage_causal,recovery,recovery,recovery,official,-0.82667,1.316166,0.942111,high,0,False,0,4,4,0.289905,semantically_supported,official_equals_raw_high_quality,0.866701,0.970952,0.128876,0.028841,0.004422,0.000206,1e-06,0.0,recovery,True,True,False,False,False,False,False,1.801502,-0.287935,0.1
2010-01-15,latest_vintage_causal,recovery,recovery,recovery,official,-0.793002,1.264978,0.937451,high,0,False,0,4,4,0.296837,semantically_supported,official_equals_raw_high_quality,0.858213,0.968598,0.136448,0.031148,0.005338,0.000254,1e-06,0.0,recovery,True,True,False,False,False,False,False,1.858329,-0.185603,0.1
2010-01-22,latest_vintage_causal,recovery,recovery,recovery,official,-0.751976,1.280086,0.931563,high,0,False,0,4,4,0.309459,semantically_supported,official_equals_raw_high_quality,0.84818,0.965648,0.146313,0.034085,0.005507,0.000267,1e-06,0.0,recovery,True,True,False,False,False,False,False,1.535443,-0.185813,0.1
2010-01-29,latest_vintage_causal,recovery,recovery,recovery,official,-0.742935,1.067598,0.929192,high,0,False,0,4,4,0.313225,semantically_supported,official_equals_raw_high_quality,0.842442,0.964359,0.147959,0.035167,0.009598,0.000473,1e-06,0.0,recovery,True,True,False,False,False,False,False,1.34121,-0.148421,0.1
2010-02-05,latest_vintage_causal,recovery,recovery,recovery,official,-0.74971,1.000117,0.929646,high,0,False,0,4,4,0.30961,semantically_supported,official_equals_raw_high_quality,0.842712,0.964543,0.146026,0.034897,0.011261,0.000561,1e-06,0.0,recovery,True,True,False,False,False,False,False,1.045588,-0.185233,0.1
2010-02-12,latest_vintage_causal,recovery,recovery,recovery,official,-0.730757,1.024243,0.927163,high,0,False,0,4,4,0.297699,semantically_supported,official_equals_raw_high_quality,0.838237,0.963308,0.150828,0.036145,0.010934,0.000547,1e-06,0.0,recovery,True,True,False,False,False,False,False,0.945575,-0.163328,0.1
2010-02-19,latest_vintage_causal,recovery,recovery,recovery,official,-0.699204,0.935278,0.917462,high,0,False,0,3,3,0.309907,semantically_supported,official_equals_raw_high_quality,0.818447,0.958343,0.166401,0.040881,0.015151,0.000776,1e-06,0.0,recovery,True,True,False,False,False,False,False,0.929592,-0.122371,0.1
2010-02-26,latest_vintage_causal,recovery,recovery,recovery,official,-0.706705,0.87952,0.916683,high,0,False,0,3,3,0.306617,semantically_supported,official_equals_raw_high_quality,0.81877,0.95789,0.164003,0.041207,0.017226,0.000904,1e-06,0.0,recovery,True,True,False,False,False,False,False,0.650801,-0.159874,0.1
2010-03-05,latest_vintage_causal,recovery,recovery,recovery,official,-0.694312,0.73852,0.904429,high,0,False,0,3,2,0.31209,semantically_supported,official_equals_raw_high_quality,0.790845,0.951472,0.181756,0.047043,0.027398,0.001484,1e-06,0.0,recovery,True,True,False,False,False,False,False,0.427311,-0.130452,0.1
2010-03-12,latest_vintage_causal,recovery,recovery,recovery,official,-0.672705,0.730147,0.896351,high,0,False,0,3,2,0.307686,semantically_supported,official_equals_raw_high_quality,0.780866,0.947347,0.189888,0.050996,0.029245,0.001657,1e-06,0.0,recovery,True,True,False,False,False,False,False,0.160871,-0.126558,0.1
2010-03-19,latest_vintage_causal,recovery,recovery,recovery,official,-0.599504,0.783328,0.892749,high,0,False,0,3,3,0.345255,semantically_supported,official_equals_raw_high_quality,0.780519,0.945624,0.193478,0.052876,0.026002,0.001499,1e-06,0.0,recovery,True,True,False,False,False,False,False,0.253333,-0.092832,0.1
2010-03-26,latest_vintage_causal,recovery,recovery,recovery,official,-0.587662,0.789443,0.889465,high,0,False,0,3,3,0.352212,semantically_supported,official_equals_raw_high_quality,0.776779,0.943975,0.197138,0.05451,0.026082,0.001514,1e-06,0.0,recovery,True,True,False,False,False,False,False,0.312777,-0.033622,0.1
2010-04-02,latest_vintage_causal,recovery,recovery,recovery,official,-0.553235,0.976972,0.888237,high,0,False,0,3,4,0.348377,semantically_supported,official_equals_raw_high_quality,0.783058,0.943643,0.200532,0.055406,0.016409,0.000951,1e-06,0.0,recovery,True,True,False,False,False,False,False,0.565788,0.022429,0.1
2010-04-09,latest_vintage_causal,recovery,recovery,recovery,official,-0.529373,1.082088,0.882949,high,0,False,0,3,4,0.339873,semantically_supported,official_equals_raw_high_quality,0.778019,0.941098,0.208921,0.058149,0.013059,0.000753,1e-06,0.0,recovery,True,True,False,False,False,False,False,0.522065,0.028286,0.1
2010-04-16,latest_vintage_causal,recovery,recovery,recovery,official,-0.508744,1.102566,0.876957,high,0,False,0,2,4,0.351618,semantically_supported,official_equals_raw_high_quality,0.771387,0.938105,0.215812,0.061148,0.012801,0.000747,1e-06,0.0,recovery,True,True,False,False,False,False,False,0.428881,0.034709,0.1
2010-04-23,latest_vintage_causal,recovery,recovery,recovery,official,-0.481629,1.150821,0.863071,high,0,False,0,2,4,0.367322,semantically_supported,official_equals_raw_high_quality,0.754238,0.931169,0.233521,0.068098,0.01224,0.000733,1e-06,0.0,recovery,True,True,False,False,False,False,False,0.564907,0.046637,0.1
2010-04-30,latest_vintage_causal,recovery,recovery,recovery,official,-0.430894,1.398036,0.830736,high,0,False,0,2,4,0.376813,semantically_supported,official_equals_raw_high_quality,0.719999,0.915128,0.272421,0.084392,0.007579,0.00048,1e-06,0.0,recovery,True,True,False,False,False,False,False,0.555327,0.071672,0.1
2010-05-07,latest_vintage_causal,recovery,recovery,recovery,official,-0.421167,1.422432,0.813388,high,0,False,0,2,4,0.369002,semantically_supported,official_equals_raw_high_quality,0.712967,0.906449,0.279721,0.093061,0.007311,0.000489,1e-06,0.0,recovery,True,True,False,False,False,False,False,0.681117,0.120306,0.1
2010-05-14,latest_vintage_causal,recovery,recovery,recovery,official,-0.377325,1.540413,0.77817,high,0,False,0,2,4,0.314187,semantically_supported,official_equals_raw_high_quality,0.681379,0.888871,0.312582,0.110701,0.006038,0.000428,1e-06,0.0,recovery,True,True,False,False,False,False,False,0.749289,0.178741,0.1
2010-05-21,latest_vintage_causal,recovery,recovery,recovery,official,-0.339198,1.42978,0.735964,high,0,False,0,2,4,0.343139,semantically_supported,official_equals_raw_high_quality,0.652177,0.867647,0.339124,0.131684,0.008698,0.000669,1e-06,0.0,recovery,True,True,False,False,False,False,False,0.585234,0.179387,0.1
2010-05-28,latest_vintage_causal,recovery,recovery,recovery,official,-0.342154,1.378518,0.718814,high,0,False,0,2,4,0.345624,semantically_supported,official_equals_raw_high_quality,0.653719,0.859003,0.33644,0.14019,0.00984,0.000807,1e-06,0.0,recovery,True,True,False,False,False,False,False,0.390636,0.16461,0.1
2010-06-04,latest_vintage_causal,recovery,recovery,recovery,official,-0.306277,1.462785,0.681464,high,0,False,0,1,4,0.383831,semantically_supported,official_equals_raw_high_quality,0.628645,0.840364,0.362803,0.1589,0.008551,0.000736,1e-06,0.0,recovery,True,True,False,False,False,False,False,0.342018,0.152771,0.1
2010-06-11,latest_vintage_causal,recovery,recovery,recovery,official,-0.302626,1.27365,0.65991,high,0,False,0,1,4,0.37883,semantically_supported,official_equals_raw_high_quality,0.623513,0.829324,0.362611,0.169414,0.013875,0.001262,1e-06,0.0,recovery,True,True,False,False,False,False,False,0.348751,0.161644,0.1
2010-06-18,latest_vintage_causal,recovery,recovery,recovery,official,-0.293848,1.132031,0.624092,high,0,False,0,1,3,0.377116,semantically_supported,official_equals_raw_high_quality,0.60024,0.81104,0.378918,0.186949,0.020841,0.002011,1e-06,0.0,recovery,True,True,False,False,False,False,False,0.387742,0.187764,0.1
2010-06-25,latest_vintage_causal,recovery,recovery,recovery,official,-0.287406,1.131949,0.598333,high,0,False,0,1,3,0.370645,semantically_supported,official_equals_raw_high_quality,0.595597,0.798087,0.383315,0.199754,0.021087,0.002158,1e-06,0.0,recovery,True,True,False,False,False,False,False,0.409173,0.219973,0.1
2010-07-02,latest_vintage_causal,recovery,recovery,recovery,official,-0.280633,0.856079,0.58037,high,0,False,0,1,3,0.374381,semantically_supported,official_equals_raw_high_quality,0.581371,0.787918,0.37662,0.207548,0.042008,0.004534,1e-06,0.0,recovery,True,True,False,False,False,False,False,0.296744,0.227542,0.1
2010-07-09,latest_vintage_causal,recovery,recovery,recovery,official,-0.273039,0.571045,0.500656,high,0,False,0,1,2,0.364351,semantically_supported,official_equals_raw_high_quality,0.509271,0.744626,0.398474,0.24397,0.092254,0.011404,1e-06,0.0,recovery,True,True,False,False,False,False,False,0.193695,0.247809,0.1
2010-07-16,latest_vintage_causal,recovery,recovery,recovery,official,-0.249286,0.634924,0.44093,high,0,False,0,1,2,0.368005,semantically_supported,official_equals_raw_high_quality,0.509739,0.714638,0.409723,0.273708,0.080537,0.011653,1e-06,0.0,recovery,True,True,False,False,False,False,False,0.337306,0.297955,0.1
2010-07-23,latest_vintage_causal,recovery,recovery,recovery,official,-0.235459,0.525163,0.365455,high,0,False,0,1,2,0.3819,semantically_supported,official_equals_raw_high_quality,0.475991,0.674125,0.415747,0.30867,0.10826,0.017204,1e-06,0.0,recovery,True,True,False,False,False,False,False,0.384985,0.299005,0.1
2010-07-30,latest_vintage_causal,recovery,expansion,expansion,official,-0.223276,0.365987,0.046982,low,1,True,1,1,2,0.391009,bounded_confirmation_lag,confirmation_in_flight,0.277108,0.45459,0.519495,0.501572,0.203395,0.043838,1e-06,0.0,recovery,True,True,False,False,False,False,False,0.448576,0.308784,0.1
2010-08-06,latest_vintage_causal,recovery,expansion,expansion,official,-0.23132,0.338356,0.309026,low,2,True,2,1,2,0.400295,bounded_confirmation_lag,confirmation_in_flight,0.277108,0.312679,0.50899,0.621705,0.213901,0.065615,1e-06,0.0,recovery,True,True,False,False,False,False,False,0.307734,0.268564,0.1
2010-08-13,latest_vintage_causal,expansion,expansion,expansion,official,-0.233787,0.347797,0.440755,low,0,True,0,1,3,0.398717,low_evidence_ambiguous,low_separation_or_stale,0.289941,0.241922,0.503515,0.682677,0.206544,0.075401,1e-06,0.0,recovery,False,True,False,False,False,True,True,0.089472,0.218758,0.1
2010-08-20,latest_vintage_causal,expansion,expansion,expansion,official,-0.214148,0.39356,0.481157,high,0,False,0,1,4,0.445181,semantically_supported,official_equals_raw_high_quality,0.321047,0.224055,0.497466,0.705212,0.181485,0.070732,1e-06,0.0,recovery,False,True,False,False,False,True,True,-0.104012,0.184023,0.1
2010-08-27,latest_vintage_causal,expansion,expansion,expansion,official,-0.210243,0.401181,0.478225,high,0,False,0,1,4,0.439222,semantically_supported,official_equals_raw_high_quality,0.339551,0.227282,0.486423,0.705506,0.174025,0.067212,1e-06,0.0,recovery,False,True,False,False,False,True,True,-0.069499,0.203546,0.1
2010-09-03,latest_vintage_causal,expansion,expansion,expansion,official,-0.197342,0.416777,0.454288,high,0,False,0,1,4,0.440096,semantically_supported,official_equals_raw_high_quality,0.356889,0.241549,0.478593,0.695837,0.164517,0.062614,1e-06,0.0,recovery,False,True,False,False,False,True,True,-0.039053,0.234352,0.1
2010-09-10,latest_vintage_causal,expansion,expansion,expansion,official,-0.183944,0.418906,0.415636,high,0,False,0,1,4,0.418624,semantically_supported,official_equals_raw_high_quality,0.371908,0.262407,0.468068,0.678044,0.160023,0.059549,1e-06,0.0,recovery,False,True,False,False,False,True,True,-0.047426,0.281636,0.1
2010-09-17,latest_vintage_causal,expansion,expansion,expansion,official,-0.151896,0.426748,0.377852,high,0,False,0,1,4,0.414188,semantically_supported,official_equals_raw_high_quality,0.381048,0.282879,0.463605,0.660731,0.155345,0.05639,1e-06,0.0,recovery,False,True,False,False,False,True,True,0.148334,0.349737,0.1
2010-09-24,latest_vintage_causal,expansion,expansion,expansion,official,-0.151394,0.424074,0.326523,high,0,False,0,1,4,0.413496,semantically_supported,official_equals_raw_high_quality,0.395903,0.309667,0.4517,0.63619,0.152396,0.054143,1e-06,0.0,recovery,False,True,False,False,False,True,True,0.127797,0.352243,0.1
2010-10-01,latest_vintage_causal,expansion,expansion,expansion,official,-0.14524,0.416796,0.293936,high,0,False,0,1,3,0.415762,semantically_supported,official_equals_raw_high_quality,0.393421,0.326208,0.451412,0.620144,0.155166,0.053648,1e-06,0.0,recovery,False,True,False,False,False,True,True,0.280132,0.363538,0.1
2010-10-08,latest_vintage_causal,expansion,expansion,expansion,official,-0.121891,0.570585,0.260738,high,0,False,0,1,3,0.370211,semantically_supported,official_equals_raw_high_quality,0.423261,0.351698,0.46821,0.612436,0.108527,0.035866,1e-06,0.0,recovery,False,True,False,False,False,True,True,0.489603,0.38475,0.1
2010-10-15,latest_vintage_causal,expansion,expansion,expansion,official,-0.124295,0.583985,0.200127,high,0,False,0,1,3,0.373374,semantically_supported,official_equals_raw_high_quality,0.443049,0.384979,0.455036,0.585106,0.101914,0.029914,1e-06,0.0,recovery,False,True,False,False,False,True,True,0.556604,0.37273,0.1
2010-10-22,latest_vintage_causal,expansion,expansion,expansion,official,-0.113031,0.485176,0.234664,high,0,False,0,1,1,0.379362,semantically_supported,official_equals_raw_high_quality,0.388592,0.363536,0.474513,0.5982,0.136894,0.038263,1e-06,0.0,recovery,False,True,False,False,False,True,True,0.608212,0.40975,0.1
2010-10-29,latest_vintage_causal,expansion,expansion,expansion,official,-0.09478,0.499649,0.273711,high,0,False,0,1,1,0.371822,semantically_supported,official_equals_raw_high_quality,0.382805,0.343179,0.482941,0.616891,0.134253,0.03993,1e-06,0.0,recovery,False,True,False,False,False,True,True,0.693344,0.469419,0.1
2010-11-05,latest_vintage_causal,expansion,expansion,expansion,official,-0.095034,0.472121,0.29993,high,0,False,0,1,1,0.372156,semantically_supported,official_equals_raw_high_quality,0.378415,0.328146,0.478765,0.628076,0.142818,0.043779,1e-06,0.0,recovery,False,True,False,False,False,True,True,0.555705,0.468147,0.1
2010-11-12,latest_vintage_causal,expansion,expansion,expansion,official,-0.073671,0.535716,0.333436,high,0,False,0,0,1,0.368794,semantically_supported,official_equals_raw_high_quality,0.379087,0.313754,0.495361,0.64719,0.125551,0.039056,1e-06,0.0,recovery,False,True,False,False,False,True,True,0.509448,0.517682,0.1
2010-11-19,latest_vintage_causal,expansion,expansion,expansion,official,-0.049885,0.545241,0.344349,high,0,False,0,0,2,0.399804,semantically_supported,official_equals_raw_high_quality,0.385951,0.30923,0.492285,0.653579,0.121763,0.037191,1e-06,0.0,recovery,False,True,False,False,False,True,True,0.610084,0.547441,0.1
2010-11-26,latest_vintage_causal,expansion,expansion,expansion,official,-0.038795,0.580313,0.359097,high,0,False,0,0,2,0.423164,semantically_supported,official_equals_raw_high_quality,0.38602,0.303445,0.500763,0.662542,0.113216,0.034012,1e-06,0.0,recovery,False,True,False,False,False,True,True,0.765337,0.602891,0.1
2010-12-03,latest_vintage_causal,expansion,expansion,expansion,official,-0.022649,0.614819,0.35365,high,0,False,0,0,3,0.45194,semantically_supported,official_equals_raw_high_quality,0.398544,0.307964,0.498324,0.661614,0.103131,0.030422,1e-06,0.0,recovery,False,True,False,False,False,True,True,0.845838,0.649829,0.1
2010-12-10,latest_vintage_causal,expansion,expansion,expansion,official,-0.007218,0.543354,0.360663,high,0,False,0,0,3,0.478618,semantically_supported,official_equals_raw_high_quality,0.382713,0.301768,0.494406,0.662431,0.12288,0.0358,1e-06,0.0,recovery,False,True,False,False,False,True,True,0.983289,0.683293,0.1
2010-12-17,latest_vintage_causal,expansion,expansion,expansion,official,0.028519,0.68829,0.36859,high,0,False,0,0,4,0.443215,semantically_supported,official_equals_raw_high_quality,0.399026,0.30278,0.513018,0.67137,0.087955,0.02585,1e-06,0.0,expansion,True,True,False,False,False,False,False,0.949028,0.707877,0.1
2010-12-24,latest_vintage_causal,expansion,expansion,expansion,official,0.024599,0.640629,0.368534,high,0,False,0,0,4,0.436297,semantically_supported,official_equals_raw_high_quality,0.395403,0.30204,0.506484,0.670574,0.098113,0.027386,1e-06,0.0,expansion,True,True,False,False,False,False,False,0.713287,0.688276,0.1
2010-12-31,latest_vintage_causal,expansion,expansion,expansion,official,0.064392,0.812128,0.401388,high,0,False,0,0,4,0.498509,semantically_supported,official_equals_raw_high_quality,0.392889,0.290117,0.539733,0.691505,0.067376,0.018378,1e-06,0.0,expansion,True,True,False,False,False,False,False,0.888229,0.745317,0.1
2011-01-07,latest_vintage_causal,expansion,expansion,expansion,official,0.069444,0.795839,0.422014,high,0,False,0,0,4,0.505859,semantically_supported,official_equals_raw_high_quality,0.390185,0.279851,0.539586,0.701865,0.070229,0.018283,1e-06,0.0,expansion,True,True,False,False,False,False,False,0.805794,0.769086,0.1
2011-01-14,latest_vintage_causal,expansion,expansion,expansion,official,0.077302,0.719788,0.437281,high,0,False,0,0,4,0.516277,semantically_supported,official_equals_raw_high_quality,0.38182,0.270191,0.533763,0.707472,0.084416,0.022336,1e-06,0.0,expansion,True,True,False,False,False,False,False,0.728049,0.779105,0.1
2011-01-21,latest_vintage_causal,expansion,expansion,expansion,official,0.079888,0.607252,0.467807,high,0,False,0,0,3,0.524789,semantically_supported,official_equals_raw_high_quality,0.356746,0.250591,0.531171,0.718399,0.112081,0.03101,1e-06,0.0,expansion,True,True,False,False,False,False,False,0.599661,0.798735,0.1
2011-01-28,latest_vintage_causal,expansion,expansion,expansion,official,0.067822,0.54166,0.476811,high,0,False,0,0,3,0.505173,semantically_supported,official_equals_raw_high_quality,0.354673,0.242298,0.516417,0.719109,0.128909,0.038592,1e-06,0.0,expansion,True,True,False,False,False,False,False,0.271698,0.738401,0.1
2011-02-04,latest_vintage_causal,expansion,expansion,expansion,official,0.130362,0.866579,0.537802,high,0,False,0,0,3,0.512268,semantically_supported,official_equals_raw_high_quality,0.354369,0.221842,0.582395,0.759644,0.063235,0.018514,1e-06,0.0,expansion,True,True,False,False,False,False,False,0.182464,0.742722,0.1
2011-02-11,latest_vintage_causal,expansion,expansion,expansion,official,0.154855,0.931285,0.5829,high,0,False,0,0,3,0.554077,semantically_supported,official_equals_raw_high_quality,0.347172,0.201412,0.597833,0.784312,0.054995,0.014275,1e-06,0.0,expansion,True,True,False,False,False,False,False,0.258839,0.792108,0.1
2011-02-18,latest_vintage_causal,expansion,expansion,expansion,official,0.163165,0.787317,0.597865,high,0,False,0,1,3,0.526511,semantically_supported,official_equals_raw_high_quality,0.339213,0.190243,0.578114,0.788108,0.082672,0.021648,1e-06,0.0,expansion,True,True,False,False,False,False,False,0.266094,0.774577,0.1
2011-02-25,latest_vintage_causal,expansion,expansion,expansion,official,0.183738,0.807797,0.617916,high,0,False,0,1,3,0.557166,semantically_supported,official_equals_raw_high_quality,0.333418,0.18018,0.586938,0.798096,0.079643,0.021723,1e-06,0.0,expansion,True,True,False,False,False,False,False,0.407773,0.876987,0.1
2011-03-04,latest_vintage_causal,expansion,expansion,expansion,official,0.210753,0.738411,0.632119,high,0,False,0,1,3,0.553176,semantically_supported,official_equals_raw_high_quality,0.323206,0.170903,0.582392,0.803021,0.094402,0.026076,1e-06,0.0,expansion,True,True,False,False,False,False,False,0.548483,0.945426,0.1
2011-03-11,latest_vintage_causal,expansion,expansion,expansion,official,0.219357,0.798644,0.64832,high,0,False,0,1,3,0.572774,semantically_supported,official_equals_raw_high_quality,0.323151,0.164261,0.594294,0.812581,0.082555,0.023159,1e-06,0.0,expansion,True,True,False,False,False,False,False,0.455621,0.924429,0.1
2011-03-18,latest_vintage_causal,expansion,expansion,expansion,official,0.236804,0.928429,0.672031,high,0,False,0,0,3,0.572955,semantically_supported,official_equals_raw_high_quality,0.32276,0.156253,0.619804,0.828284,0.057435,0.015463,1e-06,0.0,expansion,True,True,False,False,False,False,False,0.555217,0.974702,0.1
2011-03-25,latest_vintage_causal,expansion,expansion,expansion,official,0.232059,0.949258,0.681069,high,0,False,0,0,3,0.56615,semantically_supported,official_equals_raw_high_quality,0.324279,0.152425,0.621152,0.833495,0.054568,0.01408,1e-06,0.0,expansion,True,True,False,False,False,False,False,0.668025,0.949692,0.1
2011-04-01,latest_vintage_causal,expansion,expansion,expansion,official,0.211894,0.470358,0.648495,high,0,False,0,0,2,0.585916,semantically_supported,official_equals_raw_high_quality,0.298403,0.152867,0.539833,0.801362,0.161764,0.045771,1e-06,0.0,expansion,True,True,False,False,False,False,False,0.574742,0.923775,0.1
2011-04-08,latest_vintage_causal,expansion,expansion,expansion,official,0.235387,0.485238,0.645839,low,0,False,0,0,2,0.626048,low_evidence_ambiguous,low_separation_or_stale,0.294976,0.15089,0.547189,0.79673,0.157835,0.05238,1e-06,0.0,expansion,True,True,False,False,False,False,False,0.516401,0.95389,0.1
2011-04-15,latest_vintage_causal,expansion,expansion,expansion,official,0.246775,0.45216,0.641573,high,0,False,0,0,2,0.584346,semantically_supported,official_equals_raw_high_quality,0.291775,0.149909,0.539,0.791482,0.169224,0.05861,1e-06,0.0,expansion,True,True,False,False,False,False,False,0.478283,0.923622,0.1
2011-04-22,latest_vintage_causal,expansion,expansion,expansion,official,0.234402,0.389567,0.641322,low,0,True,0,0,2,0.609188,low_evidence_ambiguous,low_separation_or_stale,0.277108,0.144097,0.528209,0.78542,0.194682,0.070483,1e-06,0.0,expansion,True,True,False,False,False,False,False,0.156927,0.925201,0.1
2011-04-29,latest_vintage_causal,expansion,expansion,expansion,official,0.215817,0.174035,0.562271,low,0,True,0,1,2,0.616148,low_evidence_ambiguous,low_separation_or_stale,0.271365,0.155199,0.431587,0.71747,0.297047,0.127332,1e-06,0.0,expansion,True,True,False,False,False,False,False,-0.220895,0.878516,0.1
2011-05-06,latest_vintage_causal,expansion,expansion,expansion,official,0.188201,0.094462,0.46594,low,0,True,0,1,2,0.572434,low_evidence_ambiguous,low_separation_or_stale,0.270655,0.165144,0.395541,0.650398,0.333803,0.184458,1e-06,0.0,expansion,True,True,False,False,False,False,False,-0.620233,0.737145,0.1
2011-05-13,latest_vintage_causal,expansion,slowdown,expansion,official,0.184718,-0.039993,0.26911,low,0,True,1,1,2,0.570324,neutral_band_retention,neutral_band,0.266623,0.174617,0.334723,0.547246,0.398653,0.278136,1e-06,0.0,slowdown,True,False,False,False,False,True,False,-0.956645,0.685835,0.1
2011-05-20,latest_vintage_causal,expansion,slowdown,slowdown,official,0.163294,-0.184788,0.019547,low,1,True,2,1,1,0.597108,bounded_confirmation_lag,confirmation_in_flight,0.221813,0.14513,0.285474,0.417662,0.492712,0.437208,1e-06,0.0,slowdown,True,False,False,False,False,True,False,-0.98111,0.655799,0.1
2011-05-27,latest_vintage_causal,expansion,slowdown,slowdown,official,0.161328,-0.180308,0.227915,low,2,True,3,1,1,0.592272,bounded_confirmation_lag,confirmation_in_flight,0.223745,0.115422,0.286838,0.328331,0.489415,0.556247,1e-06,0.0,slowdown,True,False,False,False,False,True,False,-0.953076,0.644667,0.1
2011-06-03,latest_vintage_causal,slowdown,slowdown,slowdown,official,0.172947,-0.0926,0.276689,low,0,True,0,1,1,0.637294,low_evidence_ambiguous,low_separation_or_stale,0.243907,0.1026,0.319992,0.310355,0.4361,0.587044,1e-06,0.0,slowdown,True,True,False,False,False,False,False,-0.793381,0.731415,0.1
2011-06-10,latest_vintage_causal,slowdown,slowdown,slowdown,official,0.191047,-0.102949,0.322687,low,0,True,0,1,1,0.680016,low_evidence_ambiguous,low_separation_or_stale,0.23456,0.089524,0.319004,0.293894,0.446435,0.616582,1e-06,0.0,slowdown,True,True,False,False,False,False,False,-0.598595,0.760647,0.1
2011-06-17,latest_vintage_causal,slowdown,slowdown,slowdown,official,0.195988,-0.055577,0.303697,low,0,True,0,1,1,0.664238,low_evidence_ambiguous,low_separation_or_stale,0.245348,0.086991,0.336971,0.304656,0.417679,0.608353,1e-06,0.0,slowdown,True,True,False,False,False,False,False,-0.606938,0.759685,0.1
2011-06-24,latest_vintage_causal,slowdown,slowdown,slowdown,official,0.19795,-0.01858,0.250552,low,0,True,0,1,1,0.666815,low_evidence_ambiguous,low_separation_or_stale,0.25424,0.091121,0.350548,0.329163,0.395212,0.579715,1e-06,0.0,slowdown,True,True,False,False,False,False,False,-0.421648,0.769171,0.1
2011-07-01,latest_vintage_causal,slowdown,expansion,expansion,official,0.216061,0.255327,0.128545,low,1,True,1,0,2,0.612446,bounded_confirmation_lag,confirmation_in_flight,0.277108,0.112684,0.475627,0.50793,0.247263,0.379385,1e-06,0.0,expansion,True,False,False,False,False,True,False,0.024552,0.762371,0.1
2011-07-08,latest_vintage_causal,slowdown,expansion,expansion,official,0.220153,0.263267,0.368549,low,2,True,2,0,2,0.622055,bounded_confirmation_lag,confirmation_in_flight,0.277108,0.129778,0.478927,0.619385,0.243964,0.250837,1e-06,0.0,expansion,True,False,False,False,False,True,False,0.201866,0.764348,0.1
2011-07-15,latest_vintage_causal,expansion,expansion,expansion,official,0.221614,0.289785,0.513763,low,0,True,0,0,2,0.623241,low_evidence_ambiguous,low_separation_or_stale,0.277108,0.139804,0.489784,0.686979,0.233107,0.173216,1e-06,0.0,expansion,True,True,False,False,False,False,False,0.321572,0.771434,0.1
2011-07-22,latest_vintage_causal,expansion,expansion,expansion,official,0.239425,0.43407,0.605507,high,0,False,0,0,3,0.573934,semantically_supported,official_equals_raw_high_quality,0.291659,0.147536,0.533046,0.753043,0.175294,0.099422,1e-06,0.0,expansion,True,True,False,False,False,False,False,0.339294,0.761989,0.1
2011-07-29,latest_vintage_causal,expansion,expansion,expansion,official,0.260929,0.55115,0.650759,high,0,False,0,0,3,0.540687,semantically_supported,official_equals_raw_high_quality,0.293663,0.145897,0.567965,0.796656,0.138371,0.057446,1e-06,0.0,expansion,True,True,False,False,False,False,False,0.117694,0.775986,0.1
2011-08-05,latest_vintage_causal,expansion,expansion,expansion,official,0.263147,0.539357,0.660424,high,0,False,0,0,3,0.546888,semantically_supported,official_equals_raw_high_quality,0.295252,0.145334,0.563302,0.805758,0.141445,0.048908,1e-06,0.0,expansion,True,True,False,False,False,False,False,0.054715,0.790949,0.1
2011-08-12,latest_vintage_causal,expansion,expansion,expansion,official,0.271532,0.493797,0.653123,high,0,False,0,0,3,0.565366,semantically_supported,official_equals_raw_high_quality,0.295712,0.147321,0.549284,0.800444,0.155003,0.052235,1e-06,0.0,expansion,True,True,False,False,False,False,False,0.075055,0.801549,0.1
2011-08-19,latest_vintage_causal,expansion,expansion,expansion,official,0.290223,0.561287,0.66308,high,0,False,0,0,3,0.539299,semantically_supported,official_equals_raw_high_quality,0.296889,0.145855,0.568225,0.808935,0.134886,0.045209,1e-06,0.0,expansion,True,True,False,False,False,False,False,0.088394,0.815445,0.1
2011-08-26,latest_vintage_causal,expansion,expansion,expansion,official,0.287489,0.560545,0.664379,high,0,False,0,0,3,0.534627,semantically_supported,official_equals_raw_high_quality,0.298526,0.145954,0.566695,0.810333,0.134778,0.043713,1e-06,0.0,expansion,True,True,False,False,False,False,False,0.065016,0.801154,0.1
2011-09-02,latest_vintage_causal,expansion,expansion,expansion,official,0.27864,0.377291,0.646813,low,0,True,0,0,2,0.544596,low_evidence_ambiguous,low_separation_or_stale,0.277108,0.142803,0.523702,0.789616,0.199189,0.067581,1e-06,0.0,expansion,True,True,False,False,False,False,False,0.024024,0.791997,0.1
2011-09-09,latest_vintage_causal,expansion,expansion,expansion,official,0.283948,0.423888,0.652941,high,0,False,0,0,2,0.535983,semantically_supported,official_equals_raw_high_quality,0.278079,0.139546,0.539735,0.792487,0.182185,0.067967,1e-06,0.0,expansion,True,True,False,False,False,False,False,-0.092065,0.760956,0.1
2011-09-16,latest_vintage_causal,expansion,expansion,expansion,official,0.284649,0.405512,0.649957,high,0,False,0,0,2,0.49879,semantically_supported,official_equals_raw_high_quality,0.278902,0.139508,0.53264,0.789465,0.188457,0.071027,1e-06,0.0,expansion,True,True,False,False,False,False,False,-0.221936,0.709902,0.1
2011-09-23,latest_vintage_causal,expansion,expansion,expansion,official,0.286654,0.313405,0.638772,low,0,True,0,0,1,0.477697,low_evidence_ambiguous,low_separation_or_stale,0.263803,0.135829,0.508426,0.774601,0.22777,0.089569,1e-06,0.0,expansion,True,True,False,False,False,False,False,-0.348833,0.684669,0.1
2011-09-30,latest_vintage_causal,expansion,expansion,expansion,official,0.274425,0.101779,0.531609,low,0,True,0,1,1,0.495095,low_evidence_ambiguous,low_separation_or_stale,0.254148,0.145192,0.407961,0.693209,0.33789,0.161599,1e-06,0.0,expansion,True,True,False,False,False,False,False,-0.403443,0.679332,0.1
2011-10-07,latest_vintage_causal,expansion,expansion,expansion,official,0.27723,0.106365,0.444685,low,0,True,0,1,1,0.500202,low_evidence_ambiguous,low_separation_or_stale,0.254097,0.146272,0.41016,0.649207,0.335743,0.204521,1e-06,0.0,expansion,True,True,False,False,False,False,False,-0.383322,0.693354,0.1
2011-10-14,latest_vintage_causal,expansion,expansion,expansion,official,0.296477,0.146597,0.426192,low,0,True,0,1,1,0.495429,low_evidence_ambiguous,low_separation_or_stale,0.255392,0.143519,0.428331,0.641336,0.316276,0.215144,1e-06,0.0,expansion,True,True,False,False,False,False,False,-0.308225,0.734416,0.1
2011-10-21,latest_vintage_causal,expansion,expansion,expansion,official,0.314604,0.163084,0.430219,low,0,True,0,1,1,0.499042,low_evidence_ambiguous,low_separation_or_stale,0.251925,0.138714,0.438021,0.645753,0.310053,0.215533,1e-06,0.0,expansion,True,True,False,False,False,False,False,-0.110347,0.785004,0.1
2011-10-28,latest_vintage_causal,expansion,expansion,expansion,official,0.315614,0.176563,0.442819,low,0,True,0,1,1,0.500645,low_evidence_ambiguous,low_separation_or_stale,0.254224,0.137104,0.442906,0.652857,0.302869,0.210038,1e-06,0.0,expansion,True,True,False,False,False,False,False,-0.063974,0.790052,0.1
2011-11-04,latest_vintage_causal,expansion,expansion,expansion,official,0.312229,0.2173,0.481439,low,0,True,0,1,1,0.509676,low_evidence_ambiguous,low_separation_or_stale,0.258602,0.137169,0.458772,0.672135,0.282625,0.190696,1e-06,0.0,expansion,True,True,False,False,False,False,False,0.057407,0.795679,0.1
2011-11-11,latest_vintage_causal,expansion,expansion,expansion,official,0.325729,0.216775,0.50192,low,0,True,0,1,1,0.509111,low_evidence_ambiguous,low_separation_or_stale,0.258122,0.137346,0.458833,0.682287,0.283044,0.180367,1e-06,0.0,expansion,True,True,False,False,False,False,False,0.329823,0.829163,0.1
2011-11-18,latest_vintage_causal,expansion,expansion,expansion,official,0.347102,0.25111,0.538529,low,0,True,0,1,1,0.500265,low_evidence_ambiguous,low_separation_or_stale,0.256244,0.13468,0.475265,0.701925,0.268491,0.163395,1e-06,0.0,expansion,True,True,False,False,False,False,False,0.532068,0.868216,0.1
2011-11-25,latest_vintage_causal,expansion,expansion,expansion,official,0.353579,0.278034,0.574001,low,0,True,0,1,1,0.509926,low_evidence_ambiguous,low_separation_or_stale,0.258438,0.133545,0.485546,0.720228,0.256015,0.146227,1e-06,0.0,expansion,True,True,False,False,False,False,False,0.657115,0.901495,0.1
2011-12-02,latest_vintage_causal,expansion,expansion,expansion,official,0.340519,0.271431,0.586298,low,0,True,0,1,1,0.521623,low_evidence_ambiguous,low_separation_or_stale,0.259043,0.133912,0.482309,0.726193,0.258647,0.139895,1e-06,0.0,expansion,True,True,False,False,False,False,False,0.57718,0.888112,0.1
2011-12-09,latest_vintage_causal,expansion,expansion,expansion,official,0.352802,0.23681,0.572715,low,0,True,0,1,1,0.512718,low_evidence_ambiguous,low_separation_or_stale,0.251562,0.13162,0.471899,0.720547,0.276538,0.147832,1e-06,0.0,expansion,True,True,False,False,False,False,False,0.495745,0.904441,0.1
2011-12-16,latest_vintage_causal,expansion,expansion,expansion,official,0.348522,0.217158,0.552994,low,0,True,0,1,1,0.533253,low_evidence_ambiguous,low_separation_or_stale,0.249611,0.130359,0.464271,0.711318,0.286117,0.158324,1e-06,0.0,expansion,True,True,False,False,False,False,False,0.409494,0.929252,0.1
2011-12-23,latest_vintage_causal,expansion,expansion,expansion,official,0.367442,0.204509,0.53693,low,0,True,0,1,1,0.531444,low_evidence_ambiguous,low_separation_or_stale,0.240346,0.124689,0.464173,0.70612,0.29548,0.169191,1e-06,0.0,expansion,True,True,False,False,False,False,False,0.551191,0.976373,0.1
2011-12-30,latest_vintage_causal,expansion,expansion,expansion,official,0.411889,0.507548,0.658771,high,0,False,0,0,2,0.491964,semantically_supported,official_equals_raw_high_quality,0.277174,0.128633,0.56807,0.787405,0.154755,0.083962,1e-06,0.0,expansion,True,True,False,False,False,False,False,0.658466,1.013174,0.1
2012-01-06,latest_vintage_causal,expansion,expansion,expansion,official,0.414632,0.497987,0.679788,high,0,False,0,0,2,0.495325,semantically_supported,official_equals_raw_high_quality,0.277199,0.129229,0.56505,0.809017,0.157749,0.061754,1e-06,0.0,expansion,True,True,False,False,False,False,False,0.610661,1.02689,0.1
2012-01-13,latest_vintage_causal,expansion,expansion,expansion,official,0.419974,0.535417,0.693715,high,0,False,0,0,2,0.460905,semantically_supported,official_equals_raw_high_quality,0.277286,0.127548,0.576488,0.821263,0.146225,0.051188,1e-06,0.0,expansion,True,True,False,False,False,False,False,0.305861,0.967841,0.1
2012-01-20,latest_vintage_causal,expansion,expansion,expansion,official,0.454787,0.641277,0.703353,high,0,False,0,0,3,0.430187,semantically_supported,official_equals_raw_high_quality,0.290012,0.129571,0.594932,0.832924,0.115055,0.037505,1e-06,0.0,expansion,True,True,False,False,False,False,False,0.23595,0.978216,0.1
2012-01-27,latest_vintage_causal,expansion,expansion,expansion,official,0.457041,0.657926,0.707309,high,0,False,0,0,3,0.432997,semantically_supported,official_equals_raw_high_quality,0.290038,0.129535,0.598963,0.836844,0.110997,0.03362,1e-06,0.0,expansion,True,True,False,False,False,False,False,0.319194,0.989487,0.1
2012-02-03,latest_vintage_causal,expansion,expansion,expansion,official,0.482412,0.869306,0.732987,high,0,False,0,0,3,0.419659,semantically_supported,official_equals_raw_high_quality,0.290046,0.123702,0.640855,0.85669,0.069098,0.019608,1e-06,0.0,expansion,True,True,False,False,False,False,False,0.351137,1.012242,0.1
2012-02-10,latest_vintage_causal,expansion,expansion,expansion,official,0.504449,0.909325,0.743746,high,0,False,0,0,3,0.423816,semantically_supported,official_equals_raw_high_quality,0.289941,0.119886,0.647088,0.863633,0.062971,0.01648,1e-06,0.0,expansion,True,True,False,False,False,False,False,0.469427,1.068967,0.1
2012-02-17,latest_vintage_causal,expansion,expansion,expansion,official,0.52964,0.942884,0.745867,high,0,False,0,0,4,0.405193,semantically_supported,official_equals_raw_high_quality,0.29398,0.119628,0.648142,0.865495,0.057877,0.014878,1e-06,0.0,expansion,True,True,False,False,False,False,False,0.32628,1.073032,0.1
2012-02-24,latest_vintage_causal,expansion,expansion,expansion,official,0.541855,0.956572,0.75173,high,0,False,0,0,4,0.418601,semantically_supported,official_equals_raw_high_quality,0.289547,0.116993,0.65406,0.868723,0.056392,0.014285,1e-06,0.0,expansion,True,True,False,False,False,False,False,0.408875,1.134107,0.1
2012-03-02,latest_vintage_causal,expansion,expansion,expansion,official,0.560341,0.826821,0.757064,high,0,False,0,0,4,0.407163,semantically_supported,official_equals_raw_high_quality,0.275846,0.111547,0.646438,0.868612,0.077715,0.019841,1e-06,0.0,expansion,True,True,False,False,False,False,False,0.388992,1.140751,0.1
2012-03-09,latest_vintage_causal,expansion,expansion,expansion,official,0.56478,0.773788,0.759844,high,0,False,0,0,4,0.396678,semantically_supported,official_equals_raw_high_quality,0.271014,0.10836,0.640743,0.868204,0.088242,0.023436,1e-06,0.0,expansion,True,True,False,False,False,False,False,0.526014,1.12018,0.1
2012-03-16,latest_vintage_causal,expansion,expansion,expansion,official,0.558943,0.745651,0.75813,high,0,False,0,0,4,0.390379,semantically_supported,official_equals_raw_high_quality,0.271527,0.10812,0.63455,0.86625,0.093922,0.025631,1e-06,0.0,expansion,True,True,False,False,False,False,False,0.389834,1.090998,0.1
2012-03-23,latest_vintage_causal,expansion,expansion,expansion,official,0.52968,0.407853,0.728767,high,0,False,0,1,3,0.399285,semantically_supported,official_equals_raw_high_quality,0.236712,0.103772,0.553878,0.832538,0.209409,0.06369,1e-06,0.0,expansion,True,True,False,False,False,False,False,0.235129,1.057466,0.1
2012-03-30,latest_vintage_causal,expansion,expansion,expansion,official,0.530471,0.266628,0.688868,high,0,False,0,1,3,0.397569,semantically_supported,official_equals_raw_high_quality,0.216642,0.098686,0.507715,0.795091,0.275642,0.106223,1e-06,0.0,expansion,True,True,False,False,False,False,False,0.14636,1.054494,0.1
2012-04-06,latest_vintage_causal,expansion,expansion,expansion,official,0.537289,0.251254,0.64434,high,0,False,0,1,3,0.404996,semantically_supported,official_equals_raw_high_quality,0.211996,0.09449,0.503606,0.774925,0.284397,0.130585,1e-06,0.0,expansion,True,True,False,False,False,False,False,0.066304,1.087998,0.1
2012-04-13,latest_vintage_causal,expansion,expansion,expansion,official,0.528492,0.112132,0.531162,high,0,False,0,1,2,0.396396,semantically_supported,official_equals_raw_high_quality,0.182076,0.083609,0.452751,0.723777,0.365172,0.192615,1e-06,0.0,expansion,True,True,False,False,False,False,False,-0.089089,1.047461,0.1
2012-04-20,latest_vintage_causal,expansion,slowdown,expansion,official,0.51595,-0.024895,0.358411,high,0,False,1,0,1,0.391246,semantically_supported,filter_absorbed_raw_flip,0.157231,0.069627,0.407949,0.644392,0.434818,0.285981,1e-06,0.0,slowdown,True,False,False,False,False,True,False,-0.434767,1.009318,0.1
2012-04-27,latest_vintage_causal,expansion,slowdown,expansion,official,0.502192,-0.078323,0.170451,low,0,True,2,0,1,0.374568,neutral_band_retention,neutral_band,0.151282,0.059822,0.381922,0.555314,0.466795,0.384863,1e-06,0.0,slowdown,True,False,False,False,False,True,False,-0.701904,0.940524,0.1
2012-05-04,latest_vintage_causal,expansion,slowdown,slowdown,official,0.500431,-0.163299,0.07141,low,1,True,3,0,0,0.360861,bounded_confirmation_lag,confirmation_in_flight,0.127977,0.044064,0.346106,0.442263,0.525915,0.513673,1e-06,0.0,slowdown,True,False,False,False,False,True,False,-0.768014,0.902932,0.1
2012-05-11,latest_vintage_causal,expansion,slowdown,slowdown,official,0.504712,-0.205229,0.290587,high,2,False,4,0,0,0.364988,bounded_confirmation_lag,confirmation_in_flight,0.119873,0.032197,0.326959,0.338608,0.553167,0.629195,1e-06,0.0,slowdown,True,False,False,False,False,True,False,-0.609582,0.921068,0.1
2012-05-18,latest_vintage_causal,slowdown,slowdown,slowdown,official,0.507653,-0.021572,0.257233,high,0,False,0,1,1,0.370666,semantically_supported,official_equals_raw_high_quality,0.155,0.034934,0.395582,0.353916,0.449417,0.611149,1e-06,0.0,slowdown,True,True,False,False,False,False,False,-0.442698,0.940849,0.1
2012-05-25,latest_vintage_causal,slowdown,slowdown,slowdown,official,0.514381,-0.001306,0.210499,high,0,False,0,1,1,0.378897,semantically_supported,official_equals_raw_high_quality,0.15683,0.03712,0.405642,0.376191,0.437526,0.586689,1e-06,0.0,slowdown,True,True,False,False,False,False,False,-0.341364,0.974488,0.1
2012-06-01,latest_vintage_causal,slowdown,slowdown,slowdown,official,0.494052,-0.140548,0.338918,low,0,True,0,1,1,0.382007,low_evidence_ambiguous,low_separation_or_stale,0.136762,0.032413,0.339725,0.314334,0.523512,0.653252,1e-06,0.0,slowdown,True,True,False,False,False,False,False,-0.563529,0.943656,0.1
2012-06-08,latest_vintage_causal,slowdown,slowdown,slowdown,official,0.487354,-0.132016,0.410699,low,0,True,0,1,1,0.375263,low_evidence_ambiguous,low_separation_or_stale,0.139923,0.02929,0.342979,0.280005,0.517097,0.690705,1e-06,0.0,slowdown,True,True,False,False,False,False,False,-0.532511,0.914429,0.1
2012-06-15,latest_vintage_causal,slowdown,slowdown,slowdown,official,0.480779,-0.052257,0.341135,low,0,True,0,0,1,0.363566,low_evidence_ambiguous,low_separation_or_stale,0.161673,0.033028,0.391144,0.312918,0.447182,0.654053,1e-06,0.0,slowdown,True,True,False,False,False,False,False,-0.548768,0.873973,0.1
2012-06-22,latest_vintage_causal,slowdown,slowdown,slowdown,official,0.447691,-0.254891,0.505732,low,0,True,0,0,0,0.372743,low_evidence_ambiguous,low_separation_or_stale,0.123239,0.024867,0.300115,0.2347,0.576646,0.740432,1e-06,0.0,slowdown,True,True,False,False,False,False,False,-0.45241,0.834369,0.1
2012-06-29,latest_vintage_causal,slowdown,slowdown,slowdown,official,0.430346,-0.368983,0.698722,low,0,True,0,1,0,0.382942,low_evidence_ambiguous,low_separation_or_stale,0.101397,0.01537,0.238556,0.142954,0.660046,0.841676,1e-06,0.0,slowdown,True,True,False,False,False,False,False,-0.361934,0.823988,0.1
2012-07-06,latest_vintage_causal,slowdown,slowdown,slowdown,official,0.43241,-0.377143,0.778613,low,0,True,0,1,0,0.385585,low_evidence_ambiguous,low_separation_or_stale,0.099634,0.010887,0.235372,0.105249,0.664993,0.883863,1e-06,0.0,slowdown,True,True,False,False,False,False,False,-0.40378,0.833653,0.1
2012-07-13,latest_vintage_causal,slowdown,slowdown,slowdown,official,0.445234,-0.339814,0.790043,low,0,True,0,1,0,0.397094,low_evidence_ambiguous,low_separation_or_stale,0.103674,0.009798,0.251241,0.100079,0.645084,0.890122,1e-06,0.0,slowdown,True,True,False,False,False,False,False,-0.301124,0.883998,0.1
2012-07-20,latest_vintage_causal,slowdown,slowdown,slowdown,official,0.439184,-0.380906,0.812748,low,0,True,0,1,0,0.394973,low_evidence_ambiguous,low_separation_or_stale,0.097802,0.008737,0.234175,0.089258,0.668022,0.902005,1e-06,0.0,slowdown,True,True,False,False,False,False,False,-0.466636,0.867327,0.1
2012-07-27,latest_vintage_causal,slowdown,slowdown,slowdown,official,0.443244,-0.347046,0.805937,low,0,True,0,1,0,0.400476,low_evidence_ambiguous,low_separation_or_stale,0.102803,0.008925,0.248145,0.092569,0.649051,0.898506,1e-06,0.0,slowdown,True,True,False,False,False,False,False,-0.29553,0.887544,0.1
2012-08-03,latest_vintage_causal,slowdown,slowdown,slowdown,official,0.403549,-0.485317,0.857259,high,0,False,0,1,0,0.437565,semantically_supported,official_equals_raw_high_quality,0.086613,0.007077,0.193203,0.067832,0.720183,0.925091,1e-06,0.0,slowdown,True,True,False,False,False,False,False,-0.200334,0.882895,0.1
2012-08-10,latest_vintage_causal,slowdown,slowdown,slowdown,official,0.401567,-0.43312,0.85402,high,0,False,0,1,0,0.421209,semantically_supported,official_equals_raw_high_quality,0.095535,0.007213,0.212266,0.069384,0.692197,0.923403,1e-06,0.0,slowdown,True,True,False,False,False,False,False,-0.179651,0.845719,0.1
2012-08-17,latest_vintage_causal,slowdown,slowdown,slowdown,official,0.400268,-0.372576,0.8407,low,0,True,0,2,0,0.443606,low_evidence_ambiguous,low_separation_or_stale,0.101665,0.007897,0.225302,0.075702,0.673032,0.916401,1e-06,0.0,slowdown,True,True,False,False,False,False,False,0.10517,0.887805,0.1
2012-08-24,latest_vintage_causal,slowdown,slowdown,slowdown,official,0.395013,-0.381546,0.83976,low,0,True,0,2,0,0.436041,low_evidence_ambiguous,low_separation_or_stale,0.101043,0.008067,0.221598,0.076087,0.677358,0.915846,1e-06,0.0,slowdown,True,True,False,False,False,False,False,0.053018,0.861209,0.1
2012-08-31,latest_vintage_causal,slowdown,slowdown,slowdown,official,0.376185,-0.386734,0.841154,low,0,True,0,2,0,0.444161,low_evidence_ambiguous,low_separation_or_stale,0.10356,0.008306,0.218772,0.07527,0.677667,0.916424,1e-06,0.0,slowdown,True,True,False,False,False,False,False,-0.056175,0.835433,0.1
2012-09-07,latest_vintage_causal,slowdown,slowdown,slowdown,official,0.373962,-0.426583,0.855783,high,0,False,0,2,0,0.440037,semantically_supported,official_equals_raw_high_quality,0.096914,0.007608,0.203831,0.068304,0.699254,0.924087,1e-06,0.0,slowdown,True,True,False,False,False,False,False,-0.260842,0.822785,0.1
2012-09-14,latest_vintage_causal,slowdown,slowdown,slowdown,official,0.364114,-0.449601,0.867312,high,0,False,0,2,0,0.41334,semantically_supported,official_equals_raw_high_quality,0.094629,0.007097,0.195166,0.062795,0.710203,0.930108,1e-06,0.0,slowdown,True,True,False,False,False,False,False,-0.438619,0.752515,0.1
2012-09-21,latest_vintage_causal,slowdown,slowdown,slowdown,official,0.34543,-0.54378,0.896511,high,0,False,0,2,0,0.40861,semantically_supported,official_equals_raw_high_quality,0.08202,0.005714,0.162992,0.048887,0.754987,0.945398,1e-06,0.0,slowdown,True,True,False,False,False,False,False,-0.676597,0.70573,0.1
2012-09-28,latest_vintage_causal,slowdown,slowdown,slowdown,official,0.344366,-0.540069,0.901933,high,0,False,0,2,0,0.405531,semantically_supported,official_equals_raw_high_quality,0.082771,0.005367,0.164136,0.04635,0.753092,0.948283,1e-06,0.0,slowdown,True,True,False,False,False,False,False,-0.695593,0.698255,0.1
2012-10-05,latest_vintage_causal,slowdown,slowdown,slowdown,official,0.370827,-0.11149,0.720467,low,0,True,0,1,1,0.367872,low_evidence_ambiguous,low_separation_or_stale,0.174657,0.015527,0.339588,0.132003,0.485755,0.85247,1e-06,0.0,slowdown,True,True,False,False,False,False,False,-0.621614,0.682084,0.1
2012-10-12,latest_vintage_causal,slowdown,slowdown,slowdown,official,0.392333,-0.09626,0.60597,low,0,True,0,1,1,0.396176,low_evidence_ambiguous,low_separation_or_stale,0.171796,0.022643,0.348617,0.185694,0.479587,0.791663,1e-06,0.0,slowdown,True,True,False,False,False,False,False,-0.439694,0.777165,0.1
2012-10-19,latest_vintage_causal,slowdown,expansion,slowdown,official,0.390974,0.025624,0.390296,low,0,True,1,0,1,0.403039,neutral_band_retention,neutral_band,0.203295,0.036435,0.411423,0.286634,0.38528,0.67693,1e-06,0.0,expansion,True,False,False,False,False,True,False,-0.318345,0.787888,0.1
2012-10-26,latest_vintage_causal,slowdown,expansion,slowdown,official,0.391536,0.043184,0.216025,low,0,True,2,0,1,0.403614,neutral_band_retention,neutral_band,0.206617,0.049132,0.418614,0.367421,0.374768,0.583446,1e-06,0.0,expansion,True,False,False,False,False,True,False,-0.230542,0.790148,0.1
2012-11-02,latest_vintage_causal,slowdown,expansion,expansion,official,0.426467,0.319638,0.231509,low,1,True,3,0,1,0.381353,bounded_confirmation_lag,confirmation_in_flight,0.242175,0.075023,0.525941,0.578243,0.231883,0.346734,1e-06,0.0,expansion,True,False,False,False,False,True,False,-0.110149,0.813173,0.1
2012-11-09,latest_vintage_causal,slowdown,expansion,expansion,official,0.423075,0.33166,0.493136,low,2,True,4,0,1,0.371078,bounded_confirmation_lag,confirmation_in_flight,0.245136,0.093709,0.528794,0.699714,0.226069,0.206578,1e-06,0.0,expansion,True,False,False,False,False,True,False,0.035364,0.784971,0.1
2012-11-16,latest_vintage_causal,expansion,expansion,expansion,official,0.380743,0.225318,0.538648,low,0,True,0,0,1,0.325964,low_evidence_ambiguous,low_separation_or_stale,0.244121,0.106969,0.484098,0.71584,0.27178,0.177192,1e-06,0.0,expansion,True,True,False,False,False,False,False,-0.348025,0.620542,0.1
2012-11-23,latest_vintage_causal,expansion,expansion,expansion,official,0.379371,0.301566,0.603148,low,0,True,0,0,2,0.277998,low_evidence_ambiguous,low_separation_or_stale,0.2701,0.124288,0.49932,0.73943,0.230579,0.136282,1e-06,0.0,expansion,True,True,False,False,False,False,False,-0.620117,0.527322,0.1
2012-11-30,latest_vintage_causal,expansion,expansion,expansion,official,0.422812,0.421439,0.686605,high,0,False,0,0,2,0.306698,semantically_supported,official_equals_raw_high_quality,0.246911,0.113337,0.572268,0.799942,0.180821,0.086721,1e-06,0.0,expansion,True,True,False,False,False,False,False,-0.785961,0.460117,0.1
2012-12-07,latest_vintage_causal,expansion,expansion,expansion,official,0.416897,0.33362,0.697326,low,0,True,0,0,2,0.311049,low_evidence_ambiguous,low_separation_or_stale,0.238265,0.107506,0.545773,0.804832,0.215962,0.087662,1e-06,0.0,expansion,True,True,False,False,False,False,False,-1.212793,0.429964,0.1
2012-12-14,latest_vintage_causal,expansion,expansion,expansion,official,0.479418,0.554832,0.739912,high,0,False,0,0,3,0.295394,semantically_supported,official_equals_raw_high_quality,0.251955,0.103919,0.610896,0.843831,0.137147,0.05225,1e-06,0.0,expansion,True,True,False,False,False,False,False,-0.332898,0.708084,0.1
2012-12-21,latest_vintage_causal,expansion,expansion,expansion,official,0.542041,0.771427,0.787784,high,0,False,0,0,3,0.31439,semantically_supported,official_equals_raw_high_quality,0.243901,0.092909,0.669773,0.880693,0.086325,0.026398,1e-06,0.0,expansion,True,True,False,False,False,False,False,0.130106,0.852062,0.1
2012-12-28,latest_vintage_causal,expansion,expansion,expansion,official,0.560142,0.800913,0.806731,high,0,False,0,0,3,0.33635,semantically_supported,official_equals_raw_high_quality,0.238839,0.085825,0.679905,0.892556,0.081255,0.021619,1e-06,0.0,expansion,True,True,False,False,False,False,False,0.330609,0.94202,0.1
2013-01-04,latest_vintage_causal,expansion,expansion,expansion,official,0.673686,1.123462,0.853481,high,0,False,0,0,3,0.352413,semantically_supported,official_equals_raw_high_quality,0.210341,0.068504,0.750413,0.921986,0.039246,0.00951,1e-06,0.0,expansion,True,True,False,False,False,False,False,0.515545,0.970493,0.1
2013-01-11,latest_vintage_causal,expansion,expansion,expansion,official,0.664938,1.207882,0.863292,high,0,False,0,0,3,0.357049,semantically_supported,official_equals_raw_high_quality,0.214878,0.064759,0.753384,0.928051,0.031738,0.007191,1e-06,0.0,expansion,True,True,False,False,False,False,False,0.884875,0.913159,0.1
2013-01-18,latest_vintage_causal,expansion,expansion,expansion,official,0.677206,1.261296,0.869137,high,0,False,0,0,3,0.350581,semantically_supported,official_equals_raw_high_quality,0.211656,0.062327,0.760407,0.931464,0.027936,0.006209,1e-06,0.0,expansion,True,True,False,False,False,False,False,1.314318,0.950079,0.1
2013-01-25,latest_vintage_causal,expansion,expansion,expansion,official,0.689855,1.347087,0.874418,high,0,False,0,0,3,0.344153,semantically_supported,official_equals_raw_high_quality,0.208646,0.060305,0.768685,0.934723,0.022668,0.004973,1e-06,0.0,expansion,True,True,False,False,False,False,False,1.743273,1.012845,0.1
2013-02-01,latest_vintage_causal,expansion,slowdown,expansion,official,0.403421,-0.137075,0.520781,low,0,True,1,1,2,0.403476,neutral_band_retention,neutral_band,0.169463,0.087031,0.328621,0.716875,0.501914,0.196094,1e-06,0.0,slowdown,True,False,False,False,False,True,False,1.831862,1.008425,0.1
2013-02-08,latest_vintage_causal,expansion,slowdown,slowdown,official,0.409785,-0.315463,0.009,low,1,True,2,1,2,0.394974,bounded_confirmation_lag,confirmation_in_flight,0.129848,0.067153,0.255005,0.461923,0.615147,0.470923,1e-06,0.0,slowdown,True,False,False,False,False,True,False,0.880178,1.000498,0.1
2013-02-15,latest_vintage_causal,slowdown,slowdown,slowdown,official,0.409665,-0.542883,0.606951,high,0,False,0,1,1,0.393222,semantically_supported,official_equals_raw_high_quality,0.082141,0.025925,0.172529,0.183562,0.745328,0.790513,1e-06,0.0,slowdown,True,True,False,False,False,False,False,0.397621,0.995823,0.1
2013-02-22,latest_vintage_causal,slowdown,slowdown,slowdown,official,0.41457,-0.563906,0.82136,high,0,False,0,1,1,0.366062,semantically_supported,official_equals_raw_high_quality,0.077222,0.009897,0.176069,0.084371,0.746709,0.905731,1e-06,0.0,slowdown,True,True,False,False,False,False,False,-0.094997,0.936019,0.1
2013-03-01,latest_vintage_causal,slowdown,slowdown,slowdown,official,0.420857,-0.534628,0.868492,high,0,False,0,1,1,0.378354,semantically_supported,official_equals_raw_high_quality,0.080694,0.006458,0.186301,0.062525,0.733004,0.931017,1e-06,0.0,slowdown,True,True,False,False,False,False,False,0.051389,1.022887,0.1
2013-03-08,latest_vintage_causal,slowdown,slowdown,slowdown,official,0.434493,-0.48538,0.865991,high,0,False,0,1,0,0.394246,semantically_supported,official_equals_raw_high_quality,0.080684,0.005773,0.205751,0.064118,0.713564,0.930109,1e-06,0.0,slowdown,True,True,False,False,False,False,False,0.441058,1.092923,0.1
2013-03-15,latest_vintage_causal,slowdown,slowdown,slowdown,official,0.438009,-0.501271,0.870293,high,0,False,0,1,0,0.398064,semantically_supported,official_equals_raw_high_quality,0.077857,0.005474,0.199935,0.062116,0.722207,0.932409,1e-06,0.0,slowdown,True,True,False,False,False,False,False,0.355105,1.110505,0.1
2013-03-22,latest_vintage_causal,slowdown,slowdown,slowdown,official,0.446018,-0.515653,0.883341,high,0,False,0,1,1,0.413133,semantically_supported,official_equals_raw_high_quality,0.080943,0.005548,0.182755,0.055555,0.736301,0.938896,1e-06,0.0,slowdown,True,True,False,False,False,False,False,0.309906,1.169683,0.1
2013-03-29,latest_vintage_causal,slowdown,expansion,slowdown,official,0.445517,0.199785,0.430948,low,0,True,1,0,1,0.408821,neutral_band_retention,neutral_band,0.217038,0.027297,0.489543,0.270877,0.293418,0.701825,1e-06,0.0,expansion,True,False,False,False,False,True,False,0.144449,1.111617,0.1
2013-04-05,latest_vintage_causal,slowdown,expansion,slowdown,official,0.423026,0.136732,0.13456,low,0,True,2,0,1,0.382977,neutral_band_retention,neutral_band,0.21384,0.047809,0.461237,0.408816,0.324922,0.543375,1e-06,0.0,expansion,True,False,False,False,False,True,False,-0.169749,0.998299,0.1
2013-04-12,latest_vintage_causal,slowdown,expansion,slowdown,official,0.410079,0.03248,0.014477,low,0,True,3,0,1,0.363178,neutral_band_retention,neutral_band,0.192528,0.055845,0.435071,0.464839,0.3724,0.479316,1e-06,0.0,expansion,True,False,False,False,False,True,False,-0.384138,0.923179,0.1
2013-04-19,latest_vintage_causal,slowdown,slowdown,slowdown,official,0.365056,-0.229466,0.277071,low,0,True,0,1,0,0.372366,low_evidence_ambiguous,low_separation_or_stale,0.138502,0.042365,0.307651,0.340282,0.553846,0.617353,1e-06,0.0,slowdown,True,True,False,False,False,False,False,-0.355863,0.86271,0.1
2013-04-26,latest_vintage_causal,slowdown,slowdown,slowdown,official,0.371988,-0.259851,0.472618,low,0,True,0,1,0,0.380358,low_evidence_ambiguous,low_separation_or_stale,0.130982,0.030157,0.294983,0.248612,0.574034,0.72123,1e-06,0.0,slowdown,True,True,False,False,False,False,False,-0.507074,0.894409,0.1
2013-05-03,latest_vintage_causal,slowdown,slowdown,slowdown,official,0.416928,-0.057255,0.387606,low,0,True,0,1,1,0.427278,low_evidence_ambiguous,low_separation_or_stale,0.168252,0.033333,0.385425,0.28953,0.446322,0.677137,1e-06,0.0,slowdown,True,True,False,False,False,False,False,-0.359629,1.01059,0.1
2013-05-10,latest_vintage_causal,slowdown,expansion,slowdown,official,0.433651,0.012226,0.251799,low,0,True,1,1,1,0.439703,neutral_band_retention,neutral_band,0.176573,0.039371,0.418161,0.354415,0.405265,0.606214,1e-06,0.0,expansion,True,False,False,False,False,True,False,-0.194823,1.077103,0.1
2013-05-17,latest_vintage_causal,slowdown,slowdown,slowdown,official,0.427281,-0.056457,0.267974,low,0,True,0,2,1,0.439128,low_evidence_ambiguous,low_separation_or_stale,0.160532,0.039156,0.375388,0.346435,0.464078,0.614409,1e-06,0.0,slowdown,True,True,False,False,False,False,False,-0.417139,1.061706,0.1
2013-05-24,latest_vintage_causal,slowdown,slowdown,slowdown,official,0.427584,-0.020156,0.236834,low,0,True,0,2,1,0.437813,low_evidence_ambiguous,low_separation_or_stale,0.167349,0.04094,0.391565,0.361113,0.441085,0.597947,1e-06,0.0,slowdown,True,True,False,False,False,False,False,-0.236415,1.05919,0.1
2013-05-31,latest_vintage_causal,slowdown,slowdown,slowdown,official,0.428256,0.02126,0.166143,low,0,True,0,2,1,0.432939,low_evidence_ambiguous,low_separation_or_stale,0.174934,0.044847,0.409858,0.394505,0.415208,0.560648,1e-06,0.0,expansion,True,False,False,False,False,True,False,-0.114496,0.987094,0.1
2013-06-07,latest_vintage_causal,slowdown,expansion,slowdown,official,0.421253,0.044317,0.088588,low,0,True,1,2,1,0.424139,neutral_band_retention,neutral_band,0.181258,0.050011,0.418805,0.4307,0.399935,0.519289,1e-06,0.0,expansion,True,False,False,False,False,True,False,0.001015,0.952733,0.1
2013-06-14,latest_vintage_causal,slowdown,expansion,expansion,official,0.435035,0.116199,0.052833,low,1,True,2,2,1,0.438992,bounded_confirmation_lag,confirmation_in_flight,0.190078,0.057002,0.451382,0.497915,0.358539,0.445082,1e-06,0.0,expansion,True,False,False,False,False,True,False,0.388057,1.016347,0.1
2013-06-21,latest_vintage_causal,slowdown,expansion,expansion,official,0.439594,0.298705,0.401221,low,2,True,3,0,1,0.415166,bounded_confirmation_lag,confirmation_in_flight,0.225565,0.075581,0.540531,0.66282,0.233904,0.261599,1e-06,0.0,expansion,True,False,False,False,False,True,False,0.138264,0.970651,0.1
2013-06-28,latest_vintage_causal,expansion,expansion,expansion,official,0.442793,0.232708,0.527516,low,0,True,0,0,1,0.419067,low_evidence_ambiguous,low_separation_or_stale,0.21517,0.083148,0.518912,0.722184,0.265917,0.194668,1e-06,0.0,expansion,True,True,False,False,False,False,False,-0.19211,0.987131,0.1
2013-07-05,latest_vintage_causal,expansion,expansion,expansion,official,0.439959,0.05669,0.458256,low,0,True,0,0,0,0.41787,low_evidence_ambiguous,low_separation_or_stale,0.176934,0.075106,0.456125,0.691575,0.36694,0.233319,1e-06,0.0,expansion,True,True,False,False,False,False,False,-0.346701,1.006007,0.1
2013-07-12,latest_vintage_causal,expansion,expansion,expansion,official,0.425849,-0.028171,0.328998,low,0,True,0,0,0,0.406344,low_evidence_ambiguous,low_separation_or_stale,0.166309,0.068745,0.416875,0.630127,0.416815,0.301129,1e-06,0.0,slowdown,True,False,False,False,False,True,False,-0.463366,0.949592,0.1
2013-07-19,latest_vintage_causal,expansion,slowdown,expansion,official,0.399829,-0.152767,0.06024,low,0,True,1,1,0,0.423554,neutral_band_retention,neutral_band,0.14491,0.057414,0.344924,0.501413,0.510165,0.441173,1e-06,0.0,slowdown,True,False,False,False,False,True,False,-0.503315,0.934882,0.1
2013-07-26,latest_vintage_causal,expansion,slowdown,slowdown,official,0.392067,-0.129671,0.108437,low,1,True,2,1,0,0.41218,bounded_confirmation_lag,confirmation_in_flight,0.151257,0.049133,0.354517,0.421215,0.494225,0.529652,1e-06,0.0,slowdown,True,False,False,False,False,True,False,-0.387981,0.894203,0.1
2013-08-02,latest_vintage_causal,expansion,slowdown,slowdown,official,0.379158,-0.251233,0.3909,low,2,True,3,2,0,0.401029,bounded_confirmation_lag,confirmation_in_flight,0.126005,0.034206,0.287849,0.287447,0.586145,0.678347,1e-06,0.0,slowdown,True,False,False,False,False,True,False,-0.237043,0.904699,0.1
2013-08-09,latest_vintage_causal,slowdown,slowdown,slowdown,official,0.388701,-0.242601,0.545196,low,0,True,0,2,0,0.402801,low_evidence_ambiguous,low_separation_or_stale,0.125544,0.024536,0.292288,0.215134,0.582167,0.76033,1e-06,0.0,slowdown,True,True,False,False,False,False,False,-0.374689,0.927917,0.1
2013-08-16,latest_vintage_causal,slowdown,slowdown,slowdown,official,0.401921,-0.232523,0.61818,low,0,True,0,2,0,0.426141,low_evidence_ambiguous,low_separation_or_stale,0.124541,0.019413,0.297675,0.181203,0.577783,0.799383,1e-06,0.0,slowdown,True,True,False,False,False,False,False,0.043623,1.010011,0.1
2013-08-23,latest_vintage_causal,slowdown,slowdown,slowdown,official,0.413344,-0.173162,0.610035,low,0,True,0,2,0,0.431283,low_evidence_ambiguous,low_separation_or_stale,0.132955,0.018872,0.325085,0.185547,0.54196,0.795582,1e-06,0.0,slowdown,True,True,False,False,False,False,False,0.130998,1.046998,0.1
2013-08-30,latest_vintage_causal,slowdown,slowdown,slowdown,official,0.412332,-0.145323,0.560345,low,0,True,0,1,0,0.428645,low_evidence_ambiguous,low_separation_or_stale,0.143243,0.021112,0.349536,0.209271,0.50722,0.769616,1e-06,0.0,slowdown,True,True,False,False,False,False,False,-0.003909,1.019482,0.1
2013-09-06,latest_vintage_causal,slowdown,slowdown,slowdown,official,0.422211,-0.07907,0.468528,low,0,True,0,1,0,0.44027,low_evidence_ambiguous,low_separation_or_stale,0.152999,0.025208,0.380748,0.253132,0.466252,0.72166,1e-06,0.0,slowdown,True,True,False,False,False,False,False,0.327356,1.068879,0.1
2013-09-13,latest_vintage_causal,slowdown,expansion,slowdown,official,0.44237,0.020044,0.300891,low,0,True,1,1,0,0.461378,neutral_band_retention,neutral_band,0.165262,0.032222,0.428083,0.333443,0.406654,0.634334,1e-06,0.0,expansion,True,False,False,False,False,True,False,0.679167,1.166762,0.1
2013-09-20,latest_vintage_causal,slowdown,expansion,expansion,official,0.472634,0.317424,0.209274,low,1,True,2,0,1,0.465478,bounded_confirmation_lag,confirmation_in_flight,0.216706,0.056917,0.554557,0.576178,0.228736,0.366904,1e-06,0.0,expansion,True,False,False,False,False,True,False,1.071112,1.247886,0.1
2013-09-27,latest_vintage_causal,slowdown,expansion,expansion,official,0.489075,0.362876,0.538756,low,2,True,3,0,1,0.48019,bounded_confirmation_lag,confirmation_in_flight,0.216696,0.07274,0.572957,0.733008,0.210346,0.194252,1e-06,0.0,expansion,True,False,False,False,False,True,False,1.297956,1.32928,0.1
2013-10-04,latest_vintage_causal,expansion,expansion,expansion,official,0.507088,0.510733,0.741082,high,0,False,0,0,2,0.496132,semantically_supported,official_equals_raw_high_quality,0.237775,0.085867,0.609118,0.827607,0.153105,0.086526,1e-06,0.0,expansion,True,True,False,False,False,False,False,1.212628,1.329124,0.1
2013-10-11,latest_vintage_causal,expansion,expansion,expansion,official,0.458074,0.268893,0.701765,low,0,True,0,0,2,0.438832,low_evidence_ambiguous,low_separation_or_stale,0.226792,0.093879,0.527039,0.803943,0.246168,0.102178,1e-06,0.0,expansion,True,True,False,False,False,False,False,0.119231,1.068157,0.1
2013-10-18,latest_vintage_causal,expansion,expansion,expansion,official,0.416885,0.057093,0.562932,low,0,True,0,0,1,0.3978,low_evidence_ambiguous,low_separation_or_stale,0.19488,0.090949,0.446385,0.735991,0.358734,0.17306,1e-06,0.0,expansion,True,True,False,False,False,False,False,-0.57335,0.886454,0.1
2013-10-25,latest_vintage_causal,expansion,expansion,expansion,official,0.38886,-0.013568,0.414762,low,0,True,0,0,1,0.357273,low_evidence_ambiguous,low_separation_or_stale,0.190367,0.088148,0.412417,0.663307,0.397215,0.248545,1e-06,0.0,slowdown,True,False,False,False,False,True,False,-0.928124,0.746194,0.1
2013-11-01,latest_vintage_causal,expansion,slowdown,expansion,official,0.348137,-0.232224,0.071492,low,0,True,1,0,0,0.310865,neutral_band_retention,neutral_band,0.147708,0.068718,0.317247,0.501387,0.535044,0.429895,1e-06,0.0,slowdown,True,False,False,False,False,True,False,-1.352795,0.658527,0.1
2013-11-08,latest_vintage_causal,expansion,slowdown,slowdown,official,0.368156,-0.199394,0.147927,low,1,True,2,0,0,0.328791,bounded_confirmation_lag,confirmation_in_flight,0.149247,0.052234,0.333568,0.399919,0.517184,0.547846,1e-06,0.0,slowdown,True,False,False,False,False,True,False,-1.434893,0.729976,0.1
2013-11-15,latest_vintage_causal,expansion,slowdown,slowdown,official,0.392813,-0.177013,0.273584,low,2,True,3,0,0,0.349108,bounded_confirmation_lag,confirmation_in_flight,0.147409,0.041092,0.346011,0.342662,0.506579,0.616245,1e-06,0.0,slowdown,True,False,False,False,False,True,False,-1.413524,0.818571,0.1
2013-11-22,latest_vintage_causal,slowdown,slowdown,slowdown,official,0.403685,-0.266594,0.450338,low,0,True,0,0,0,0.361655,low_evidence_ambiguous,low_separation_or_stale,0.127939,0.029292,0.306872,0.260185,0.565188,0.710523,1e-06,0.0,slowdown,True,True,False,False,False,False,False,-1.514231,0.86773,0.1
2013-11-29,latest_vintage_causal,slowdown,slowdown,slowdown,official,0.437314,-0.228221,0.517218,low,0,True,0,0,0,0.398896,low_evidence_ambiguous,low_separation_or_stale,0.127466,0.023222,0.326876,0.22978,0.545658,0.746998,1e-06,0.0,slowdown,True,True,False,False,False,False,False,-1.149564,0.977919,0.1
2013-12-06,latest_vintage_causal,slowdown,expansion,slowdown,official,0.459927,0.010622,0.314885,low,0,True,1,0,0,0.425246,neutral_band_retention,neutral_band,0.163652,0.030455,0.438968,0.32733,0.397379,0.642215,1e-06,0.0,expansion,True,False,False,False,False,True,False,0.045901,1.090597,0.1
2013-12-13,latest_vintage_causal,slowdown,expansion,slowdown,official,0.445409,0.005449,0.175557,low,0,True,2,0,0,0.42031,neutral_band_retention,neutral_band,0.16676,0.037729,0.434582,0.393357,0.398657,0.568914,1e-06,0.0,expansion,True,False,False,False,False,True,False,0.493732,1.04743,0.1
2013-12-20,latest_vintage_causal,slowdown,expansion,expansion,official,0.44424,0.161206,0.111856,low,1,True,3,0,1,0.376908,bounded_confirmation_lag,confirmation_in_flight,0.203783,0.055624,0.492866,0.528116,0.303349,0.41626,1e-06,0.0,expansion,True,False,False,False,False,True,False,0.59886,0.937066,0.1
2013-12-27,latest_vintage_causal,slowdown,expansion,expansion,official,0.426184,0.162369,0.299261,low,2,True,4,0,1,0.353738,bounded_confirmation_lag,confirmation_in_flight,0.209858,0.07023,0.489661,0.614516,0.30048,0.315254,1e-06,0.0,expansion,True,False,False,False,False,True,False,0.605225,0.849314,0.1
2014-01-03,latest_vintage_causal,expansion,expansion,expansion,official,0.417146,0.220838,0.46007,low,0,True,0,0,2,0.336722,low_evidence_ambiguous,low_separation_or_stale,0.233972,0.088567,0.501236,0.685752,0.264791,0.225682,1e-06,0.0,expansion,True,True,False,False,False,False,False,0.131043,0.770806,0.1
2014-01-10,latest_vintage_causal,expansion,expansion,expansion,official,0.435419,0.173683,0.50995,low,0,True,0,0,2,0.360467,low_evidence_ambiguous,low_separation_or_stale,0.219981,0.093018,0.488697,0.708466,0.29132,0.198516,1e-06,0.0,expansion,True,True,False,False,False,False,False,0.12831,0.858094,0.1
2014-01-17,latest_vintage_causal,expansion,slowdown,expansion,official,0.405609,-0.08979,0.276165,low,0,True,1,1,1,0.44263,neutral_band_retention,neutral_band,0.165045,0.078648,0.369667,0.598758,0.465287,0.322593,1e-06,0.0,slowdown,True,False,False,False,False,True,False,0.391374,0.98771,0.1
2014-01-24,latest_vintage_causal,expansion,slowdown,expansion,official,0.406858,-0.157046,0.018792,low,0,True,2,1,1,0.44419,neutral_band_retention,neutral_band,0.151447,0.061997,0.340051,0.478398,0.508501,0.459605,1e-06,0.0,slowdown,True,False,False,False,False,True,False,0.055095,0.994727,0.1
2014-01-31,latest_vintage_causal,expansion,slowdown,slowdown,official,0.421495,-0.204025,0.22474,low,1,True,3,1,1,0.450909,bounded_confirmation_lag,confirmation_in_flight,0.138685,0.044981,0.320592,0.365139,0.540722,0.589879,1e-06,0.0,slowdown,True,False,False,False,False,True,False,-0.460806,0.95028,0.1
2014-02-07,latest_vintage_causal,expansion,slowdown,slowdown,official,0.410854,-0.211319,0.392043,low,2,True,4,1,1,0.436014,bounded_confirmation_lag,confirmation_in_flight,0.139809,0.034679,0.316426,0.286639,0.543764,0.678682,1e-06,0.0,slowdown,True,False,False,False,False,True,False,-0.499931,0.895692,0.1
2014-02-14,latest_vintage_causal,slowdown,slowdown,slowdown,official,0.398,-0.123309,0.404114,low,0,True,0,1,1,0.420404,low_evidence_ambiguous,low_separation_or_stale,0.160462,0.033977,0.354005,0.280954,0.485532,0.685068,1e-06,0.0,slowdown,True,True,False,False,False,False,False,-0.33211,0.836603,0.1
2014-02-21,latest_vintage_causal,slowdown,slowdown,slowdown,official,0.415474,-0.032621,0.314169,low,0,True,0,1,1,0.395654,low_evidence_ambiguous,low_separation_or_stale,0.173388,0.037778,0.396044,0.324026,0.430567,0.638195,1e-06,0.0,slowdown,True,True,False,False,False,False,False,-0.090556,0.82192,0.1
2014-02-28,latest_vintage_causal,slowdown,expansion,slowdown,official,0.411794,0.006844,0.205943,low,0,True,1,1,1,0.390021,neutral_band_retention,neutral_band,0.181964,0.044066,0.412603,0.374995,0.405431,0.580938,1e-06,0.0,expansion,True,False,False,False,False,True,False,0.106566,0.803042,0.1
2014-03-07,latest_vintage_causal,slowdown,expansion,slowdown,official,0.442764,0.04875,0.079453,low,0,True,2,1,1,0.377956,neutral_band_retention,neutral_band,0.180511,0.048831,0.4353,0.435858,0.384188,0.515311,1e-06,0.0,expansion,True,False,False,False,False,True,False,-0.070637,0.836726,0.1
2014-03-14,latest_vintage_causal,slowdown,expansion,expansion,official,0.458454,0.042876,0.002384,low,1,True,3,1,1,0.388479,bounded_confirmation_lag,confirmation_in_flight,0.174918,0.05139,0.435178,0.475497,0.389904,0.473113,1e-06,0.0,expansion,True,False,False,False,False,True,False,-0.321359,0.8905,0.1
2014-03-21,latest_vintage_causal,expansion,expansion,expansion,official,0.520876,0.643002,0.663066,high,0,False,0,0,3,0.355253,semantically_supported,official_equals_raw_high_quality,0.233198,0.075323,0.656831,0.793871,0.10997,0.130805,1e-06,0.0,expansion,True,True,False,False,False,False,False,-0.229794,0.925215,0.1
2014-03-28,latest_vintage_causal,expansion,expansion,expansion,official,0.542065,0.737872,0.804141,high,0,False,0,0,3,0.380126,semantically_supported,official_equals_raw_high_quality,0.231292,0.078966,0.679491,0.883107,0.089216,0.037927,1e-06,0.0,expansion,True,True,False,False,False,False,False,0.264717,1.030265,0.1
2014-04-04,latest_vintage_causal,expansion,expansion,expansion,official,0.552401,0.718689,0.818868,high,0,False,0,0,3,0.357125,semantically_supported,official_equals_raw_high_quality,0.226635,0.077288,0.679634,0.896155,0.09373,0.026557,1e-06,0.0,expansion,True,True,False,False,False,False,False,0.301829,0.986381,0.1
2014-04-11,latest_vintage_causal,expansion,expansion,expansion,official,0.566832,0.867293,0.832281,high,0,False,0,0,4,0.361561,semantically_supported,official_equals_raw_high_quality,0.228471,0.075208,0.70508,0.907489,0.066449,0.017303,1e-06,0.0,expansion,True,True,False,False,False,False,False,0.629563,1.024722,0.1
2014-04-18,latest_vintage_causal,expansion,expansion,expansion,official,0.595637,0.845844,0.858472,high,0,False,0,0,4,0.361929,semantically_supported,official_equals_raw_high_quality,0.197159,0.062487,0.734213,0.92096,0.068628,0.016553,1e-06,0.0,expansion,True,True,False,False,False,False,False,0.856116,1.07789,0.1
2014-04-25,latest_vintage_causal,expansion,expansion,expansion,official,0.588169,0.833016,0.862953,high,0,False,0,0,4,0.353743,semantically_supported,official_equals_raw_high_quality,0.199064,0.060001,0.730384,0.922954,0.070551,0.017046,1e-06,0.0,expansion,True,True,False,False,False,False,False,0.793466,1.040305,0.1
2014-05-02,latest_vintage_causal,expansion,expansion,expansion,official,0.582053,0.677743,0.855682,high,0,False,0,0,4,0.338853,semantically_supported,official_equals_raw_high_quality,0.194328,0.059548,0.704388,0.91523,0.101283,0.025222,1e-06,0.0,expansion,True,True,False,False,False,False,False,0.499031,0.986152,0.1
2014-05-09,latest_vintage_causal,expansion,expansion,expansion,official,0.573555,0.569697,0.845729,high,0,False,0,0,4,0.32557,semantically_supported,official_equals_raw_high_quality,0.190842,0.059933,0.680165,0.905662,0.128993,0.034404,1e-06,0.0,expansion,True,True,False,False,False,False,False,0.143278,0.93366,0.1
2014-05-16,latest_vintage_causal,expansion,expansion,expansion,official,0.57349,0.433711,0.831323,high,0,False,0,0,4,0.329522,semantically_supported,official_equals_raw_high_quality,0.181124,0.05919,0.645445,0.890514,0.17343,0.050296,1e-06,0.0,expansion,True,True,False,False,False,False,False,0.064228,0.944887,0.1
2014-05-23,latest_vintage_causal,expansion,expansion,expansion,official,0.573015,0.187253,0.735253,high,0,False,0,0,2,0.328114,semantically_supported,official_equals_raw_high_quality,0.16284,0.059432,0.544247,0.837911,0.292913,0.102658,1e-06,0.0,expansion,True,True,False,False,False,False,False,-0.311459,0.940072,0.1
2014-05-30,latest_vintage_causal,expansion,expansion,expansion,official,0.60409,0.231648,0.716546,high,0,False,0,0,1,0.362018,semantically_supported,official_equals_raw_high_quality,0.150204,0.052452,0.574057,0.832047,0.275739,0.115501,1e-06,0.0,expansion,True,True,False,False,False,False,False,0.338946,1.093458,0.1
2014-06-06,latest_vintage_causal,expansion,expansion,expansion,official,0.614236,0.236724,0.7108,high,0,False,0,0,1,0.371845,semantically_supported,official_equals_raw_high_quality,0.148177,0.04974,0.577849,0.83053,0.273974,0.11973,1e-06,0.0,expansion,True,True,False,False,False,False,False,0.362762,1.142002,0.1
2014-06-13,latest_vintage_causal,expansion,expansion,expansion,official,0.612649,0.17732,0.690767,high,0,False,0,0,1,0.357949,semantically_supported,official_equals_raw_high_quality,0.137228,0.045804,0.568259,0.822481,0.294512,0.131714,1e-06,0.0,expansion,True,True,False,False,False,False,False,0.034246,1.096486,0.1
2014-06-20,latest_vintage_causal,expansion,expansion,expansion,official,0.624329,0.186451,0.670281,high,0,False,0,0,1,0.365762,semantically_supported,official_equals_raw_high_quality,0.14036,0.046262,0.55846,0.812009,0.30118,0.141729,1e-06,0.0,expansion,True,True,False,False,False,False,False,0.31176,1.141781,0.1
2014-06-27,latest_vintage_causal,expansion,expansion,expansion,official,0.618365,0.201544,0.669555,high,0,False,0,0,1,0.359038,semantically_supported,official_equals_raw_high_quality,0.143432,0.047009,0.563958,0.811273,0.292609,0.141718,1e-06,0.0,expansion,True,True,False,False,False,False,False,0.388075,1.110082,0.1
2014-07-04,latest_vintage_causal,expansion,expansion,expansion,official,0.631996,0.273543,0.711103,high,0,False,0,0,1,0.356449,semantically_supported,official_equals_raw_high_quality,0.14743,0.047106,0.5956,0.831999,0.256969,0.120896,1e-06,0.0,expansion,True,True,False,False,False,False,False,0.618932,1.126372,0.1
2014-07-11,latest_vintage_causal,expansion,expansion,expansion,official,0.644601,0.29842,0.740786,high,0,False,0,0,1,0.36587,semantically_supported,official_equals_raw_high_quality,0.146644,0.046539,0.607456,0.847123,0.2459,0.106337,1e-06,0.0,expansion,True,True,False,False,False,False,False,0.757451,1.1792,0.1
2014-07-18,latest_vintage_causal,expansion,expansion,expansion,official,0.641754,0.271043,0.738975,high,0,False,0,0,1,0.37396,semantically_supported,official_equals_raw_high_quality,0.144769,0.046445,0.596305,0.846265,0.258926,0.10729,1e-06,0.0,expansion,True,True,False,False,False,False,False,0.846099,1.19995,0.1
2014-07-25,latest_vintage_causal,expansion,expansion,expansion,official,0.657914,0.220618,0.713844,high,0,False,0,0,1,0.387531,semantically_supported,official_equals_raw_high_quality,0.135959,0.044353,0.578301,0.834746,0.285739,0.120901,1e-06,0.0,expansion,True,True,False,False,False,False,False,0.593973,1.274812,0.1
2014-08-01,latest_vintage_causal,expansion,expansion,expansion,official,0.664876,0.210766,0.697337,high,0,False,0,0,1,0.386726,semantically_supported,official_equals_raw_high_quality,0.133365,0.043027,0.575174,0.827155,0.29146,0.129818,1e-06,0.0,expansion,True,True,False,False,False,False,False,0.477619,1.285623,0.1
2014-08-08,latest_vintage_causal,expansion,expansion,expansion,official,0.669707,0.171663,0.666398,high,0,False,0,0,0,0.390536,semantically_supported,official_equals_raw_high_quality,0.128313,0.041656,0.558727,0.812371,0.312959,0.145973,1e-06,0.0,expansion,True,True,False,False,False,False,False,0.702476,1.307723,0.1
2014-08-15,latest_vintage_causal,expansion,expansion,expansion,official,0.672911,0.165204,0.664474,high,0,False,0,0,0,0.382765,semantically_supported,official_equals_raw_high_quality,0.122495,0.038755,0.571809,0.81286,0.305695,0.148385,1e-06,0.0,expansion,True,True,False,False,False,False,False,0.485699,1.287833,0.1
2014-08-22,latest_vintage_causal,expansion,expansion,expansion,official,0.660197,0.07759,0.559938,high,0,False,0,1,0,0.376775,semantically_supported,official_equals_raw_high_quality,0.117001,0.039017,0.499926,0.76046,0.383072,0.200523,1e-06,0.0,expansion,True,True,False,False,False,False,False,0.444443,1.243727,0.1
2014-08-29,latest_vintage_causal,expansion,expansion,expansion,official,0.680304,0.099351,0.515111,high,0,False,0,1,1,0.365542,semantically_supported,official_equals_raw_high_quality,0.122928,0.03967,0.508534,0.737721,0.368537,0.222609,1e-06,0.0,expansion,True,True,False,False,False,False,False,0.389171,1.243397,0.1
2014-09-05,latest_vintage_causal,expansion,expansion,expansion,official,0.674376,0.042131,0.43483,high,0,False,0,1,1,0.358907,semantically_supported,official_equals_raw_high_quality,0.117383,0.038363,0.479909,0.698234,0.402707,0.263404,1e-06,0.0,expansion,True,True,False,False,False,False,False,0.103069,1.210193,0.1
2014-09-12,latest_vintage_causal,expansion,expansion,expansion,official,0.679357,0.065856,0.406596,high,0,False,0,1,1,0.357094,semantically_supported,official_equals_raw_high_quality,0.119196,0.037393,0.492167,0.684602,0.388637,0.278005,1e-06,0.0,expansion,True,True,False,False,False,False,False,0.043303,1.212972,0.1
2014-09-19,latest_vintage_causal,expansion,expansion,expansion,official,0.679548,0.056368,0.378609,high,0,False,0,1,1,0.372165,semantically_supported,official_equals_raw_high_quality,0.118027,0.036581,0.487526,0.671014,0.394446,0.292405,1e-06,0.0,expansion,True,True,False,False,False,False,False,-0.03423,1.264518,0.1
2014-09-26,latest_vintage_causal,expansion,expansion,expansion,official,0.682551,0.059801,0.363983,high,0,False,0,1,1,0.374928,semantically_supported,official_equals_raw_high_quality,0.117814,0.035959,0.489562,0.664012,0.392623,0.300029,1e-06,0.0,expansion,True,True,False,False,False,False,False,-0.020241,1.279536,0.1
2014-10-03,latest_vintage_causal,expansion,expansion,expansion,official,0.698579,0.090127,0.386414,high,0,False,0,1,1,0.377165,semantically_supported,official_equals_raw_high_quality,0.118019,0.03538,0.506292,0.675517,0.375687,0.289103,1e-06,0.0,expansion,True,True,False,False,False,False,False,0.032179,1.317399,0.1
2014-10-10,latest_vintage_causal,expansion,expansion,expansion,official,0.709033,0.151463,0.460607,high,0,False,0,1,1,0.385296,semantically_supported,official_equals_raw_high_quality,0.122587,0.036283,0.536931,0.712162,0.340481,0.251555,1e-06,0.0,expansion,True,True,False,False,False,False,False,0.259749,1.36594,0.1
2014-10-17,latest_vintage_causal,expansion,expansion,expansion,official,0.701813,0.152901,0.528902,high,0,False,0,0,1,0.391535,semantically_supported,official_equals_raw_high_quality,0.127306,0.03832,0.549654,0.745291,0.323039,0.216389,1e-06,0.0,expansion,True,True,False,False,False,False,False,0.432973,1.373923,0.1
2014-10-24,latest_vintage_causal,expansion,expansion,expansion,official,0.705087,0.162607,0.573871,high,0,False,0,0,1,0.394053,semantically_supported,official_equals_raw_high_quality,0.127598,0.039286,0.554512,0.767292,0.31789,0.193421,1e-06,0.0,expansion,True,True,False,False,False,False,False,0.484899,1.389208,0.1
2014-10-31,latest_vintage_causal,expansion,expansion,expansion,official,0.721319,0.170872,0.625157,high,0,False,0,0,1,0.380374,semantically_supported,official_equals_raw_high_quality,0.113024,0.034413,0.580898,0.795372,0.306077,0.170215,1e-06,0.0,expansion,True,True,False,False,False,False,False,0.52487,1.371856,0.1
2014-11-07,latest_vintage_causal,expansion,expansion,expansion,official,0.729081,0.191843,0.663261,high,0,False,0,0,1,0.38697,semantically_supported,official_equals_raw_high_quality,0.113304,0.033585,0.59139,0.814838,0.295305,0.151577,1e-06,0.0,expansion,True,True,False,False,False,False,False,0.62638,1.410664,0.1
2014-11-14,latest_vintage_causal,expansion,expansion,expansion,official,0.722017,0.114853,0.629582,high,0,False,0,0,1,0.376287,semantically_supported,official_equals_raw_high_quality,0.107792,0.033074,0.554777,0.798254,0.33743,0.168672,1e-06,0.0,expansion,True,True,False,False,False,False,False,0.270015,1.358429,0.1
2014-11-21,latest_vintage_causal,expansion,expansion,expansion,official,0.737822,0.24651,0.713536,high,0,False,0,0,1,0.363449,semantically_supported,official_equals_raw_high_quality,0.111837,0.031843,0.630334,0.840847,0.257828,0.127311,1e-06,0.0,expansion,True,True,False,False,False,False,False,0.14494,1.340805,0.1
2014-11-28,latest_vintage_causal,expansion,expansion,expansion,official,0.732703,0.198662,0.721332,high,0,False,0,0,1,0.359001,semantically_supported,official_equals_raw_high_quality,0.109185,0.031816,0.609153,0.844758,0.281662,0.123426,1e-06,0.0,expansion,True,True,False,False,False,False,False,-0.095665,1.315206,0.1
2014-12-05,latest_vintage_causal,expansion,expansion,expansion,official,0.746096,0.188127,0.719495,high,0,False,0,0,1,0.340119,semantically_supported,official_equals_raw_high_quality,0.105804,0.030934,0.60622,0.84428,0.287975,0.124786,1e-06,0.0,expansion,True,True,False,False,False,False,False,-0.432563,1.268808,0.1
2014-12-12,latest_vintage_causal,expansion,expansion,expansion,official,0.741974,0.18061,0.714155,high,0,False,0,0,1,0.333489,semantically_supported,official_equals_raw_high_quality,0.105989,0.030948,0.602323,0.841603,0.291687,0.127449,1e-06,0.0,expansion,True,True,False,False,False,False,False,-0.57239,1.2372,0.1
2014-12-19,latest_vintage_causal,expansion,expansion,expansion,official,0.723054,0.119033,0.658013,high,0,False,0,0,1,0.346281,semantically_supported,official_equals_raw_high_quality,0.107982,0.032944,0.556903,0.812535,0.335114,0.154521,1e-06,0.0,expansion,True,True,False,False,False,False,False,-0.596984,1.2519,0.1
2014-12-26,latest_vintage_causal,expansion,expansion,expansion,official,0.739469,0.180552,0.671498,high,0,False,0,0,1,0.360504,semantically_supported,official_equals_raw_high_quality,0.110287,0.032697,0.587658,0.819401,0.302054,0.147903,1e-06,0.0,expansion,True,True,False,False,False,False,False,-0.292927,1.332908,0.1
2015-01-02,latest_vintage_causal,expansion,expansion,expansion,official,0.767721,0.185898,0.682263,high,0,False,0,0,1,0.353535,semantically_supported,official_equals_raw_high_quality,0.105331,0.031058,0.593674,0.825603,0.300995,0.143339,1e-06,0.0,expansion,True,True,False,False,False,False,False,-0.3402,1.357081,0.1
2015-01-09,latest_vintage_causal,expansion,expansion,expansion,official,0.766483,0.160645,0.671034,high,0,False,0,0,1,0.35417,semantically_supported,official_equals_raw_high_quality,0.103481,0.030621,0.581817,0.820207,0.314701,0.149173,1e-06,0.0,expansion,True,True,False,False,False,False,False,-0.189103,1.357328,0.1
2015-01-16,latest_vintage_causal,expansion,expansion,expansion,official,0.757693,0.134849,0.648059,high,0,False,0,0,1,0.337866,semantically_supported,official_equals_raw_high_quality,0.102905,0.030685,0.568555,0.808687,0.328539,0.160628,1e-06,0.0,expansion,True,True,False,False,False,False,False,-0.395292,1.279994,0.1
2015-01-23,latest_vintage_causal,expansion,slowdown,expansion,official,0.697752,-0.273816,0.187796,high,0,False,1,1,1,0.335653,semantically_supported,filter_absorbed_raw_flip,0.070007,0.026511,0.322316,0.580642,0.607677,0.392847,1e-06,0.0,slowdown,True,False,False,False,False,True,False,-0.623485,1.171013,0.1
2015-01-30,latest_vintage_causal,expansion,slowdown,slowdown,official,0.745103,-0.142015,0.008787,low,1,False,2,1,1,0.333874,bounded_confirmation_lag,confirmation_in_flight,0.077745,0.020816,0.393279,0.485199,0.528975,0.493985,1e-06,0.0,slowdown,True,False,False,False,False,True,False,-0.219455,1.243851,0.1
2015-02-06,latest_vintage_causal,expansion,slowdown,slowdown,official,0.755201,-0.080664,0.071928,low,2,False,3,1,1,0.345587,bounded_confirmation_lag,confirmation_in_flight,0.082691,0.018899,0.426777,0.454586,0.490532,0.526514,1e-06,0.0,slowdown,True,False,False,False,False,True,False,0.087303,1.304939,0.1
2015-02-13,latest_vintage_causal,slowdown,slowdown,slowdown,official,0.763014,-0.076655,0.111238,high,0,False,0,1,1,0.350725,semantically_supported,official_equals_raw_high_quality,0.081931,0.017737,0.429477,0.435513,0.488591,0.54675,1e-06,0.0,slowdown,True,True,False,False,False,False,False,0.165938,1.338041,0.1
2015-02-20,latest_vintage_causal,slowdown,slowdown,slowdown,official,0.727772,-0.249209,0.343058,high,0,False,0,1,1,0.382184,semantically_supported,official_equals_raw_high_quality,0.068783,0.013998,0.33616,0.321472,0.595055,0.66453,1e-06,0.0,slowdown,True,True,False,False,False,False,False,0.090006,1.390713,0.1
2015-02-27,latest_vintage_causal,slowdown,slowdown,slowdown,official,0.692056,-0.380451,0.599639,high,0,False,0,1,1,0.350195,semantically_supported,official_equals_raw_high_quality,0.059413,0.009228,0.270463,0.195566,0.670122,0.795205,1e-06,0.0,slowdown,True,True,False,False,False,False,False,-0.554524,1.211773,0.1
2015-03-06,latest_vintage_causal,slowdown,slowdown,slowdown,official,0.66354,-0.561177,0.810027,high,0,False,0,1,1,0.320771,semantically_supported,official_equals_raw_high_quality,0.044974,0.004663,0.19345,0.092655,0.761574,0.902682,1e-06,0.0,slowdown,True,True,False,False,False,False,False,-1.00375,1.064224,0.1
2015-03-13,latest_vintage_causal,slowdown,slowdown,slowdown,official,0.654268,-0.575438,0.872215,high,0,False,0,1,1,0.321142,semantically_supported,official_equals_raw_high_quality,0.044512,0.003191,0.187966,0.062297,0.767521,0.934512,1e-06,0.0,slowdown,True,True,False,False,False,False,False,-0.77627,1.050564,0.1
2015-03-20,latest_vintage_causal,slowdown,slowdown,slowdown,official,0.64332,-0.361919,0.81307,high,0,False,0,1,1,0.318115,semantically_supported,official_equals_raw_high_quality,0.067139,0.004755,0.277407,0.091087,0.655454,0.904158,1e-06,0.0,slowdown,True,True,False,False,False,False,False,-0.553287,1.023248,0.1
2015-03-27,latest_vintage_causal,slowdown,slowdown,slowdown,official,0.657441,-0.375997,0.797104,high,0,False,0,1,1,0.332707,semantically_supported,official_equals_raw_high_quality,0.063861,0.005049,0.271378,0.098923,0.66476,0.896027,1e-06,0.0,slowdown,True,True,False,False,False,False,False,-0.636156,1.093677,0.1
2015-04-03,latest_vintage_causal,slowdown,slowdown,slowdown,official,0.656209,-0.622591,0.896845,high,0,False,0,2,0,0.394127,semantically_supported,official_equals_raw_high_quality,0.038673,0.002746,0.153248,0.050204,0.808078,0.94705,1e-06,0.0,slowdown,True,True,False,False,False,False,False,-0.265735,1.293148,0.1
2015-04-10,latest_vintage_causal,slowdown,slowdown,slowdown,official,0.671778,-0.599749,0.911354,high,0,False,0,2,0,0.404809,semantically_supported,official_equals_raw_high_quality,0.039348,0.002282,0.160825,0.043182,0.799826,0.954536,1e-06,0.0,slowdown,True,True,False,False,False,False,False,-0.206095,1.359708,0.1
2015-04-17,latest_vintage_causal,slowdown,slowdown,slowdown,official,0.6496,-0.508043,0.892594,high,0,False,0,2,0,0.40672,semantically_supported,official_equals_raw_high_quality,0.04929,0.002877,0.192769,0.052265,0.757941,0.944858,1e-06,0.0,slowdown,True,True,False,False,False,False,False,-0.428642,1.352338,0.1
2015-04-24,latest_vintage_causal,slowdown,slowdown,slowdown,official,0.640246,-0.4116,0.858897,high,0,False,0,2,0,0.398782,semantically_supported,official_equals_raw_high_quality,0.060139,0.003865,0.230865,0.068619,0.708995,0.927516,1e-06,0.0,slowdown,True,True,False,False,False,False,False,0.007505,1.307295,0.1
2015-05-01,latest_vintage_causal,slowdown,slowdown,slowdown,official,0.637957,-0.32081,0.812787,high,0,False,0,2,0,0.398584,semantically_supported,official_equals_raw_high_quality,0.070814,0.005177,0.27061,0.091018,0.658575,0.903805,1e-06,0.0,slowdown,True,True,False,False,False,False,False,0.473906,1.302083,0.1
2015-05-08,latest_vintage_causal,slowdown,slowdown,slowdown,official,0.653958,-0.135251,0.690848,high,0,False,0,2,1,0.405224,semantically_supported,official_equals_raw_high_quality,0.091634,0.008333,0.361493,0.150409,0.546872,0.841257,1e-06,0.0,slowdown,True,True,False,False,False,False,False,0.693013,1.356222,0.1
2015-05-15,latest_vintage_causal,slowdown,slowdown,slowdown,official,0.673934,-0.049988,0.553135,high,0,False,0,2,1,0.422461,semantically_supported,official_equals_raw_high_quality,0.09905,0.011662,0.406577,0.217601,0.494372,0.770736,1e-06,0.0,slowdown,True,True,False,False,False,False,False,1.11172,1.456135,0.1
2015-05-22,latest_vintage_causal,slowdown,slowdown,slowdown,official,0.689308,-0.017661,0.405085,high,0,False,0,2,2,0.417283,semantically_supported,official_equals_raw_high_quality,0.097424,0.01414,0.441079,0.290387,0.461496,0.695472,1e-06,0.0,slowdown,True,True,False,False,False,False,False,1.212715,1.548829,0.1
2015-05-29,latest_vintage_causal,slowdown,expansion,slowdown,official,0.671683,-0.023367,0.249803,high,0,False,1,1,2,0.410781,semantically_supported,filter_absorbed_raw_flip,0.100048,0.017175,0.465887,0.366511,0.434064,0.616314,1e-06,0.0,slowdown,True,True,False,False,False,False,False,0.437028,1.488585,0.1
2015-06-05,latest_vintage_causal,slowdown,slowdown,slowdown,official,0.662162,-0.085821,0.215281,high,0,False,0,1,2,0.403068,semantically_supported,official_equals_raw_high_quality,0.094649,0.018231,0.432484,0.383244,0.472865,0.598525,1e-06,0.0,slowdown,True,True,False,False,False,False,False,0.123782,1.441536,0.1
2015-06-12,latest_vintage_causal,slowdown,slowdown,slowdown,official,0.646835,-0.174614,0.29654,high,0,False,0,1,1,0.394482,semantically_supported,official_equals_raw_high_quality,0.086834,0.016882,0.384867,0.343289,0.528298,0.639829,1e-06,0.0,slowdown,True,True,False,False,False,False,False,-0.006267,1.380941,0.1
2015-06-19,latest_vintage_causal,slowdown,slowdown,slowdown,official,0.602338,-0.246424,0.477247,high,0,False,0,2,0,0.410348,semantically_supported,official_equals_raw_high_quality,0.083547,0.014605,0.318192,0.254074,0.59826,0.731321,1e-06,0.0,slowdown,True,True,False,False,False,False,False,0.171704,1.397678,0.1
2015-06-26,latest_vintage_causal,slowdown,slowdown,slowdown,official,0.604897,-0.233398,0.565506,high,0,False,0,2,0,0.412555,semantically_supported,official_equals_raw_high_quality,0.084824,0.012325,0.324706,0.211084,0.590469,0.77659,1e-06,0.0,slowdown,True,True,False,False,False,False,False,0.227176,1.410475,0.1
2015-07-03,latest_vintage_causal,slowdown,slowdown,slowdown,official,0.584448,-0.33879,0.721402,high,0,False,0,3,0,0.415393,semantically_supported,official_equals_raw_high_quality,0.072661,0.008763,0.249647,0.134918,0.677691,0.856319,1e-06,0.0,slowdown,True,True,False,False,False,False,False,-0.025131,1.377706,0.1
2015-07-10,latest_vintage_causal,slowdown,slowdown,slowdown,official,0.569094,-0.489088,0.845553,high,0,False,0,3,0,0.398206,semantically_supported,official_equals_raw_high_quality,0.056727,0.00502,0.189042,0.074713,0.75423,0.920267,1e-06,0.0,slowdown,True,True,False,False,False,False,False,-0.582681,1.290131,0.1
2015-07-17,latest_vintage_causal,slowdown,slowdown,slowdown,official,0.593293,-0.334754,0.813243,high,0,False,0,2,1,0.392687,semantically_supported,official_equals_raw_high_quality,0.080277,0.006135,0.261123,0.090311,0.658599,0.903554,1e-06,0.0,slowdown,True,True,False,False,False,False,False,-1.084095,1.213844,0.1
2015-07-24,latest_vintage_causal,slowdown,slowdown,slowdown,official,0.601297,-0.274462,0.772158,high,0,False,0,2,1,0.401023,semantically_supported,official_equals_raw_high_quality,0.087355,0.007417,0.288704,0.110213,0.623939,0.88237,1e-06,0.0,slowdown,True,True,False,False,False,False,False,-0.782528,1.255659,0.1
2015-07-31,latest_vintage_causal,slowdown,slowdown,slowdown,official,0.597247,-0.244449,0.737781,high,0,False,0,2,1,0.40769,semantically_supported,official_equals_raw_high_quality,0.092257,0.008644,0.302459,0.126787,0.605284,0.864568,1e-06,0.0,slowdown,True,True,False,False,False,False,False,-0.611979,1.26828,0.1
2015-08-07,latest_vintage_causal,slowdown,slowdown,slowdown,official,0.618633,-0.146184,0.657023,high,0,False,0,2,1,0.427373,semantically_supported,official_equals_raw_high_quality,0.102638,0.010915,0.351109,0.166031,0.546252,0.823054,1e-06,0.0,slowdown,True,True,False,False,False,False,False,-0.125344,1.375209,0.1
2015-08-14,latest_vintage_causal,slowdown,slowdown,slowdown,official,0.61894,-0.161043,0.624244,high,0,False,0,2,1,0.434803,semantically_supported,official_equals_raw_high_quality,0.100453,0.011994,0.343842,0.181881,0.555705,0.806125,1e-06,0.0,slowdown,True,True,False,False,False,False,False,-0.100673,1.399787,0.1
2015-08-21,latest_vintage_causal,slowdown,slowdown,slowdown,official,0.59014,-0.038724,0.472973,high,0,False,0,1,1,0.414643,semantically_supported,official_equals_raw_high_quality,0.128171,0.017838,0.414307,0.254594,0.457521,0.727568,1e-06,0.0,slowdown,True,True,False,False,False,False,False,-0.39376,1.309461,0.1
2015-08-28,latest_vintage_causal,slowdown,slowdown,slowdown,official,0.58361,-0.038808,0.370906,high,0,False,0,1,1,0.408527,semantically_supported,official_equals_raw_high_quality,0.129616,0.022028,0.413573,0.303533,0.45681,0.674439,1e-06,0.0,slowdown,True,True,False,False,False,False,False,-0.404596,1.276809,0.1
2015-09-04,latest_vintage_causal,slowdown,expansion,slowdown,official,0.569048,0.022901,0.164072,high,0,False,1,0,1,0.400818,semantically_supported,filter_absorbed_raw_flip,0.142144,0.028578,0.471346,0.403675,0.386509,0.567747,1e-06,0.0,expansion,True,False,False,False,False,True,False,-0.312338,1.22353,0.1
2015-09-11,latest_vintage_causal,slowdown,slowdown,slowdown,official,0.564969,-0.017046,0.132028,high,0,False,0,1,1,0.402658,semantically_supported,official_equals_raw_high_quality,0.137238,0.032062,0.421962,0.417955,0.440799,0.549983,1e-06,0.0,slowdown,True,True,False,False,False,False,False,-0.117638,1.220935,0.1
2015-09-18,latest_vintage_causal,slowdown,slowdown,slowdown,official,0.5558,-0.349441,0.508675,high,0,False,0,2,0,0.413999,semantically_supported,official_equals_raw_high_quality,0.07846,0.017569,0.254646,0.236878,0.666893,0.745553,1e-06,0.0,slowdown,True,True,False,False,False,False,False,-0.073397,1.284159,0.1
2015-09-25,latest_vintage_causal,slowdown,slowdown,slowdown,official,0.556272,-0.35014,0.689129,high,0,False,0,2,0,0.414444,semantically_supported,official_equals_raw_high_quality,0.078298,0.010784,0.254361,0.150044,0.66734,0.839172,1e-06,0.0,slowdown,True,True,False,False,False,False,False,-0.085816,1.286517,0.1
2015-10-02,latest_vintage_causal,slowdown,slowdown,slowdown,official,0.559875,-0.373095,0.774152,high,0,False,0,2,0,0.417958,semantically_supported,official_equals_raw_high_quality,0.074759,0.007603,0.244609,0.109122,0.680631,0.883274,1e-06,0.0,slowdown,True,True,False,False,False,False,False,-0.331402,1.305027,0.1
2015-10-09,latest_vintage_causal,slowdown,slowdown,slowdown,official,0.567169,-0.270896,0.723672,high,0,False,0,1,0,0.419226,semantically_supported,official_equals_raw_high_quality,0.089309,0.008463,0.317171,0.133933,0.593519,0.857605,1e-06,0.0,slowdown,True,True,False,False,False,False,False,-0.350238,1.324328,0.1
2015-10-16,latest_vintage_causal,slowdown,slowdown,slowdown,official,0.581617,-0.129618,0.595895,high,0,False,0,1,0,0.407728,semantically_supported,official_equals_raw_high_quality,0.10619,0.011966,0.388109,0.19607,0.5057,0.791965,1e-06,0.0,slowdown,True,True,False,False,False,False,False,-0.116254,1.317459,0.1
2015-10-23,latest_vintage_causal,slowdown,slowdown,slowdown,official,0.554797,-0.230613,0.604534,high,0,False,0,1,0,0.407512,semantically_supported,official_equals_raw_high_quality,0.096961,0.012396,0.335978,0.191535,0.56706,0.796069,1e-06,0.0,slowdown,True,True,False,False,False,False,False,0.045031,1.342879,0.1
2015-10-30,latest_vintage_causal,slowdown,slowdown,slowdown,official,0.562817,-0.164526,0.553875,high,0,False,0,1,0,0.415497,semantically_supported,official_equals_raw_high_quality,0.104849,0.013884,0.36915,0.216121,0.525999,0.769995,1e-06,0.0,slowdown,True,True,False,False,False,False,False,0.309123,1.385854,0.1
2015-11-06,latest_vintage_causal,slowdown,slowdown,slowdown,official,0.554362,-0.184233,0.541414,high,0,False,0,1,0,0.407994,semantically_supported,official_equals_raw_high_quality,0.10362,0.01454,0.358741,0.222023,0.537639,0.763437,1e-06,0.0,slowdown,True,True,False,False,False,False,False,0.212441,1.343583,0.1
2015-11-13,latest_vintage_causal,slowdown,slowdown,slowdown,official,0.539444,-0.210592,0.557375,high,0,False,0,1,0,0.394671,semantically_supported,official_equals_raw_high_quality,0.102566,0.0145,0.344716,0.214062,0.552717,0.771437,1e-06,0.0,slowdown,True,True,False,False,False,False,False,-0.136188,1.270268,0.1
2015-11-20,latest_vintage_causal,slowdown,slowdown,slowdown,official,0.492901,-0.32517,0.65648,low,0,True,0,1,0,0.371255,low_evidence_ambiguous,low_separation_or_stale,0.093873,0.012361,0.287616,0.16558,0.61851,0.822059,1e-06,0.0,slowdown,True,True,False,False,False,False,False,-0.299484,1.214243,0.1
2015-11-27,latest_vintage_causal,slowdown,slowdown,slowdown,official,0.492723,-0.336084,0.709353,low,0,True,0,1,0,0.371084,low_evidence_ambiguous,low_separation_or_stale,0.092285,0.01053,0.282649,0.140058,0.625065,0.849411,1e-06,0.0,slowdown,True,True,False,False,False,False,False,-0.355159,1.213353,0.1
2015-12-04,latest_vintage_causal,slowdown,slowdown,slowdown,official,0.482615,-0.399781,0.793565,high,0,False,0,2,0,0.390918,semantically_supported,official_equals_raw_high_quality,0.082192,0.00809,0.230638,0.099172,0.68717,0.892737,1e-06,0.0,slowdown,True,True,False,False,False,False,False,-0.268126,1.258451,0.1
2015-12-11,latest_vintage_causal,slowdown,slowdown,slowdown,official,0.472828,-0.453706,0.843026,high,0,False,0,2,0,0.377202,semantically_supported,official_equals_raw_high_quality,0.075951,0.006247,0.209019,0.075363,0.715029,0.918389,1e-06,0.0,slowdown,True,True,False,False,False,False,False,-0.410104,1.195836,0.1
2015-12-18,latest_vintage_causal,slowdown,slowdown,slowdown,official,0.454863,-0.47296,0.863565,high,0,False,0,2,0,0.364361,semantically_supported,official_equals_raw_high_quality,0.075764,0.005565,0.201189,0.065435,0.723046,0.929,1e-06,0.0,slowdown,True,True,False,False,False,False,False,-0.50611,1.182034,0.1
2015-12-25,latest_vintage_causal,slowdown,slowdown,slowdown,official,0.451702,-0.502145,0.877961,high,0,False,0,2,0,0.361249,semantically_supported,official_equals_raw_high_quality,0.072156,0.004993,0.190409,0.058523,0.737434,0.936484,1e-06,0.0,slowdown,True,True,False,False,False,False,False,-0.652238,1.16623,0.1
2016-01-01,latest_vintage_causal,slowdown,slowdown,slowdown,official,0.446246,-0.475252,0.857095,high,0,False,0,1,0,0.342952,semantically_supported,official_equals_raw_high_quality,0.079279,0.005515,0.221386,0.068695,0.699333,0.92579,1e-06,0.0,slowdown,True,True,False,False,False,False,False,-0.704206,1.097805,0.1
2016-01-08,latest_vintage_causal,slowdown,slowdown,slowdown,official,0.449483,-0.47231,0.849792,high,0,False,0,1,0,0.353334,semantically_supported,official_equals_raw_high_quality,0.079227,0.005762,0.222669,0.072223,0.698103,0.922015,1e-06,0.0,slowdown,True,True,False,False,False,False,False,-0.385088,1.136756,0.1
2016-01-15,latest_vintage_causal,slowdown,slowdown,slowdown,official,0.426898,-0.484051,0.851509,high,0,False,0,1,0,0.339518,semantically_supported,official_equals_raw_high_quality,0.080848,0.005955,0.217247,0.071268,0.701904,0.922777,1e-06,0.0,slowdown,True,True,False,False,False,False,False,-0.465666,1.053969,0.1
2016-01-22,latest_vintage_causal,slowdown,slowdown,slowdown,official,0.405987,-0.337094,0.791436,low,0,True,0,1,0,0.328137,low_evidence_ambiguous,low_separation_or_stale,0.107609,0.008741,0.277382,0.099911,0.615008,0.891347,1e-06,0.0,slowdown,True,True,False,False,False,False,False,-0.913864,0.898816,0.1
2016-01-29,latest_vintage_causal,slowdown,slowdown,slowdown,official,0.399539,-0.310919,0.752564,low,0,True,0,1,0,0.333475,low_evidence_ambiguous,low_separation_or_stale,0.113362,0.010717,0.288491,0.118359,0.598146,0.870923,1e-06,0.0,slowdown,True,True,False,False,False,False,False,-1.046599,0.902685,0.1
2016-02-05,latest_vintage_causal,slowdown,slowdown,slowdown,official,0.390458,-0.303839,0.731079,low,0,True,0,1,0,0.321678,low_evidence_ambiguous,low_separation_or_stale,0.116439,0.012015,0.291018,0.128453,0.592542,0.859532,1e-06,0.0,slowdown,True,True,False,False,False,False,False,-1.011374,0.856147,0.1
2016-02-12,latest_vintage_causal,slowdown,slowdown,slowdown,official,0.405513,-0.295233,0.746826,low,0,True,0,2,0,0.342325,low_evidence_ambiguous,low_separation_or_stale,0.112432,0.01184,0.270658,0.120667,0.61691,0.867493,1e-06,0.0,slowdown,True,True,False,False,False,False,False,-0.754206,0.936868,0.1
2016-02-19,latest_vintage_causal,slowdown,slowdown,slowdown,official,0.428358,-0.139198,0.635192,low,0,True,0,1,0,0.34843,low_evidence_ambiguous,low_separation_or_stale,0.140492,0.016407,0.353922,0.174201,0.505586,0.809392,1e-06,0.0,slowdown,True,True,False,False,False,False,False,-0.391866,1.055801,0.1
2016-02-26,latest_vintage_causal,slowdown,slowdown,slowdown,official,0.42799,-0.107367,0.542391,low,0,True,0,1,0,0.347806,low_evidence_ambiguous,low_separation_or_stale,0.146376,0.020912,0.368474,0.218349,0.48515,0.76074,1e-06,0.0,slowdown,True,True,False,False,False,False,False,-0.231639,1.053268,0.1
2016-03-04,latest_vintage_causal,slowdown,slowdown,slowdown,official,0.423178,-0.213478,0.623495,low,0,True,0,2,0,0.370477,low_evidence_ambiguous,low_separation_or_stale,0.126127,0.018927,0.29254,0.178789,0.581332,0.802284,1e-06,0.0,slowdown,True,True,False,False,False,False,False,-0.211505,1.11301,0.1
2016-03-11,latest_vintage_causal,slowdown,slowdown,slowdown,official,0.437788,-0.052235,0.484097,low,0,True,0,1,0,0.383261,low_evidence_ambiguous,low_separation_or_stale,0.153817,0.023751,0.394822,0.246076,0.451361,0.730173,1e-06,0.0,slowdown,True,True,False,False,False,False,False,0.183332,1.179414,0.1
2016-03-18,latest_vintage_causal,slowdown,slowdown,slowdown,official,0.406012,-0.168944,0.530572,low,0,True,0,2,1,0.367384,low_evidence_ambiguous,low_separation_or_stale,0.144125,0.024598,0.323067,0.222415,0.532807,0.752987,1e-06,0.0,slowdown,True,True,False,False,False,False,False,0.591146,1.167428,0.1
2016-03-25,latest_vintage_causal,slowdown,slowdown,slowdown,official,0.413209,-0.145823,0.536725,low,0,True,0,2,1,0.374468,low_evidence_ambiguous,low_separation_or_stale,0.14688,0.024571,0.333987,0.219352,0.519133,0.756077,1e-06,0.0,slowdown,True,True,False,False,False,False,False,0.687332,1.203414,0.1
2016-04-01,latest_vintage_causal,slowdown,slowdown,slowdown,official,0.401738,-0.139734,0.534542,low,0,True,0,2,1,0.383983,low_evidence_ambiguous,low_separation_or_stale,0.150969,0.025278,0.335546,0.22009,0.513484,0.754632,1e-06,0.0,slowdown,True,True,False,False,False,False,False,0.842224,1.211971,0.1
2016-04-08,latest_vintage_causal,slowdown,slowdown,slowdown,official,0.380823,-0.242194,0.61886,low,0,True,0,2,1,0.365341,low_evidence_ambiguous,low_separation_or_stale,0.135607,0.021668,0.289126,0.179736,0.575267,0.798596,1e-06,0.0,slowdown,True,True,False,False,False,False,False,0.334274,1.114924,0.1
2016-04-15,latest_vintage_causal,slowdown,slowdown,slowdown,official,0.380503,-0.420938,0.771033,high,0,False,0,2,0,0.369243,semantically_supported,official_equals_raw_high_quality,0.095282,0.012106,0.218247,0.10843,0.686471,0.879463,1e-06,0.0,slowdown,True,True,False,False,False,False,False,0.036485,1.126241,0.1
2016-04-22,latest_vintage_causal,slowdown,slowdown,slowdown,official,0.40779,-0.169635,0.670574,low,0,True,0,1,0,0.388155,low_evidence_ambiguous,low_separation_or_stale,0.139803,0.015636,0.338076,0.156895,0.52212,0.827469,1e-06,0.0,slowdown,True,True,False,False,False,False,False,0.161429,1.159288,0.1
2016-04-29,latest_vintage_causal,slowdown,slowdown,slowdown,official,0.395732,-0.193374,0.633173,low,0,True,0,1,0,0.413264,low_evidence_ambiguous,low_separation_or_stale,0.138201,0.017899,0.326286,0.174464,0.535512,0.807637,1e-06,0.0,slowdown,True,True,False,False,False,False,False,0.154974,1.209365,0.1
2016-05-06,latest_vintage_causal,slowdown,slowdown,slowdown,official,0.390092,-0.240907,0.648997,low,0,True,0,1,0,0.407556,low_evidence_ambiguous,low_separation_or_stale,0.130505,0.017537,0.30468,0.166733,0.564815,0.81573,1e-06,0.0,slowdown,True,True,False,False,False,False,False,-0.082692,1.181168,0.1
2016-05-13,latest_vintage_causal,slowdown,slowdown,slowdown,official,0.34976,-0.45504,0.809463,high,0,False,0,2,0,0.37763,semantically_supported,official_equals_raw_high_quality,0.096147,0.01102,0.192718,0.089759,0.711134,0.899221,1e-06,0.0,slowdown,True,True,False,False,False,False,False,-0.501116,1.018284,0.1
2016-05-20,latest_vintage_causal,slowdown,slowdown,slowdown,official,0.308127,-0.454036,0.854743,high,0,False,0,2,1,0.342342,semantically_supported,official_equals_raw_high_quality,0.110694,0.009547,0.19,0.067855,0.699305,0.922598,1e-06,0.0,slowdown,True,True,False,False,False,False,False,-1.021147,0.866284,0.1
2016-05-27,latest_vintage_causal,slowdown,slowdown,slowdown,official,0.293139,-0.496884,0.879937,high,0,False,0,2,1,0.32227,semantically_supported,official_equals_raw_high_quality,0.105157,0.008108,0.175198,0.055977,0.719645,0.935915,1e-06,0.0,slowdown,True,True,False,False,False,False,False,-1.234604,0.791341,0.1
2016-06-03,latest_vintage_causal,slowdown,slowdown,slowdown,official,0.286446,-0.422734,0.863914,high,0,False,0,2,1,0.343407,semantically_supported,official_equals_raw_high_quality,0.121526,0.0092,0.199794,0.063443,0.678679,0.927357,1e-06,0.0,slowdown,True,True,False,False,False,False,False,-0.82941,0.831753,0.1
2016-06-10,latest_vintage_causal,slowdown,slowdown,slowdown,official,0.315234,-0.310657,0.817633,low,0,True,0,2,1,0.377553,low_evidence_ambiguous,low_separation_or_stale,0.139307,0.011809,0.242516,0.085279,0.618176,0.902912,1e-06,0.0,slowdown,True,True,False,False,False,False,False,-0.476237,0.968801,0.1
2016-06-17,latest_vintage_causal,slowdown,slowdown,slowdown,official,0.344281,-0.278452,0.7859,low,0,True,0,2,1,0.402855,low_evidence_ambiguous,low_separation_or_stale,0.139405,0.013374,0.257114,0.100363,0.60348,0.886263,1e-06,0.0,slowdown,True,True,False,False,False,False,False,-0.498936,0.992894,0.1
2016-06-24,latest_vintage_causal,slowdown,slowdown,slowdown,official,0.349492,-0.29096,0.779562,low,0,True,0,2,1,0.409102,low_evidence_ambiguous,low_separation_or_stale,0.1355,0.013738,0.252514,0.10335,0.611985,0.882912,1e-06,0.0,slowdown,True,True,False,False,False,False,False,-0.561475,1.01895,0.1
2016-07-01,latest_vintage_causal,slowdown,slowdown,slowdown,official,0.349363,-0.179476,0.697801,low,0,True,0,1,1,0.410195,low_evidence_ambiguous,low_separation_or_stale,0.165694,0.018879,0.308704,0.14166,0.525601,0.839461,1e-06,0.0,slowdown,True,True,False,False,False,False,False,-0.468058,1.021408,0.1
2016-07-08,latest_vintage_causal,slowdown,expansion,slowdown,official,0.364807,0.140877,0.304323,low,0,True,1,0,2,0.415081,neutral_band_retention,neutral_band,0.227047,0.040644,0.468914,0.327517,0.304038,0.631839,1e-06,0.0,expansion,True,False,False,False,False,True,False,0.101587,1.065626,0.1
2016-07-15,latest_vintage_causal,slowdown,expansion,expansion,official,0.388245,0.295757,0.178907,low,1,True,2,0,2,0.440617,bounded_confirmation_lag,confirmation_in_flight,0.243473,0.069719,0.526824,0.554594,0.229701,0.375687,1e-06,0.0,expansion,True,False,False,False,False,True,False,0.846709,1.182821,0.1
2016-07-22,latest_vintage_causal,expansion,expansion,expansion,official,0.402622,0.491485,0.607278,high,0,False,0,0,2,0.444338,semantically_supported,official_equals_raw_high_quality,0.25301,0.09231,0.590943,0.757484,0.156046,0.150206,1e-06,0.0,expansion,True,True,False,False,False,False,False,1.059536,1.185795,0.1
2016-07-29,latest_vintage_causal,expansion,expansion,expansion,official,0.417208,0.602092,0.744494,high,0,False,0,0,2,0.425204,semantically_supported,official_equals_raw_high_quality,0.252571,0.097883,0.623429,0.842377,0.123999,0.059739,1e-06,0.0,expansion,True,True,False,False,False,False,False,0.889333,1.165743,0.1
2016-08-05,latest_vintage_causal,expansion,expansion,expansion,official,0.401943,0.484647,0.740101,high,0,False,0,0,2,0.408744,semantically_supported,official_equals_raw_high_quality,0.253206,0.102665,0.588615,0.842766,0.158178,0.054569,1e-06,0.0,expansion,True,True,False,False,False,False,False,0.302106,1.089416,0.1
2016-08-12,latest_vintage_causal,expansion,expansion,expansion,official,0.379332,0.338237,0.704036,low,0,True,0,0,1,0.390152,low_evidence_ambiguous,low_separation_or_stale,0.252713,0.110523,0.537212,0.814559,0.210075,0.074918,1e-06,0.0,expansion,True,True,False,False,False,False,False,-0.019965,0.995756,0.1
2016-08-19,latest_vintage_causal,expansion,expansion,expansion,official,0.354704,0.065822,0.592413,low,0,True,0,0,0,0.383699,low_evidence_ambiguous,low_separation_or_stale,0.204662,0.102935,0.44535,0.744739,0.349987,0.152326,1e-06,0.0,expansion,True,True,False,False,False,False,False,-0.238354,0.942473,0.1
2016-08-26,latest_vintage_causal,expansion,expansion,expansion,official,0.351967,0.056754,0.495792,low,0,True,0,0,0,0.380245,low_evidence_ambiguous,low_separation_or_stale,0.203874,0.097378,0.441227,0.699207,0.354897,0.203415,1e-06,0.0,expansion,True,True,False,False,False,False,False,-0.283693,0.928785,0.1
2016-09-02,latest_vintage_causal,expansion,expansion,expansion,official,0.346642,0.015712,0.398101,low,0,True,0,0,0,0.386496,low_evidence_ambiguous,low_separation_or_stale,0.19783,0.091836,0.423637,0.653133,0.378532,0.255032,1e-06,0.0,expansion,True,True,False,False,False,False,False,-0.363796,0.933763,0.1
2016-09-09,latest_vintage_causal,expansion,slowdown,expansion,official,0.356179,-0.081251,0.232271,low,0,True,1,0,0,0.391451,neutral_band_retention,neutral_band,0.175982,0.079463,0.384065,0.576404,0.439953,0.344133,1e-06,0.0,slowdown,True,False,False,False,False,True,False,-0.605774,0.964399,0.1
2016-09-16,latest_vintage_causal,expansion,expansion,expansion,official,0.379561,-0.003567,0.199514,low,0,True,0,0,0,0.394559,low_evidence_ambiguous,low_separation_or_stale,0.184076,0.072874,0.420845,0.56332,0.395078,0.363806,1e-06,0.0,slowdown,True,False,False,False,False,True,False,-0.464848,1.018186,0.1
2016-09-23,latest_vintage_causal,expansion,expansion,expansion,official,0.399934,0.036064,0.220997,low,0,True,0,0,0,0.406394,low_evidence_ambiguous,low_separation_or_stale,0.185187,0.069649,0.440885,0.575674,0.373927,0.354677,1e-06,0.0,expansion,True,True,False,False,False,False,False,-0.203485,1.092373,0.1
2016-09-30,latest_vintage_causal,expansion,expansion,expansion,official,0.424649,0.077873,0.281092,low,0,True,0,0,0,0.418984,low_evidence_ambiguous,low_separation_or_stale,0.184976,0.068225,0.462562,0.606434,0.352461,0.325341,1e-06,0.0,expansion,True,True,False,False,False,False,False,0.245643,1.177987,0.1
2016-10-07,latest_vintage_causal,expansion,expansion,expansion,official,0.440154,0.173179,0.41407,low,0,True,0,0,0,0.434574,low_evidence_ambiguous,low_separation_or_stale,0.195378,0.071558,0.503868,0.671256,0.300752,0.257186,1e-06,0.0,expansion,True,True,False,False,False,False,False,0.720403,1.25551,0.1
2016-10-14,latest_vintage_causal,expansion,expansion,expansion,official,0.4396,0.187813,0.501239,low,0,True,0,0,0,0.444026,low_evidence_ambiguous,low_separation_or_stale,0.197739,0.075088,0.509397,0.713075,0.292863,0.211837,1e-06,0.0,expansion,True,True,False,False,False,False,False,0.935586,1.28159,0.1
2016-10-21,latest_vintage_causal,expansion,expansion,expansion,official,0.422717,0.228929,0.572248,low,0,True,0,0,1,0.435951,low_evidence_ambiguous,low_separation_or_stale,0.221419,0.086833,0.513089,0.742707,0.265491,0.170459,1e-06,0.0,expansion,True,True,False,False,False,False,False,0.753784,1.202005,0.1
2016-10-28,latest_vintage_causal,expansion,expansion,expansion,official,0.41168,0.195916,0.584433,low,0,True,0,0,1,0.424431,low_evidence_ambiguous,low_separation_or_stale,0.220093,0.092778,0.498946,0.745828,0.280961,0.161394,1e-06,0.0,expansion,True,True,False,False,False,False,False,0.586341,1.146819,0.1
2016-11-04,latest_vintage_causal,expansion,expansion,expansion,official,0.384077,0.125866,0.540544,low,0,True,0,0,1,0.399877,low_evidence_ambiguous,low_separation_or_stale,0.217776,0.09715,0.467331,0.721697,0.314893,0.181153,1e-06,0.0,expansion,True,True,False,False,False,False,False,0.167559,1.025284,0.1
2016-11-11,latest_vintage_causal,expansion,slowdown,expansion,official,0.377414,-0.04302,0.316209,low,0,True,1,1,1,0.401109,neutral_band_retention,neutral_band,0.187462,0.09242,0.36929,0.611895,0.443247,0.295685,1e-06,0.0,slowdown,True,False,False,False,False,True,False,-0.008549,1.015079,0.1
2016-11-18,latest_vintage_causal,expansion,slowdown,slowdown,official,0.391904,-0.226857,0.09587,low,1,True,2,2,0,0.433734,bounded_confirmation_lag,confirmation_in_flight,0.130516,0.059756,0.284471,0.422187,0.585011,0.518057,1e-06,0.0,slowdown,True,False,False,False,False,True,False,0.263975,1.188292,0.1
2016-11-25,latest_vintage_causal,expansion,slowdown,slowdown,official,0.401727,-0.246934,0.406489,low,2,True,3,2,0,0.443706,bounded_confirmation_lag,confirmation_in_flight,0.124463,0.036498,0.276627,0.278506,0.598909,0.684996,1e-06,0.0,slowdown,True,False,False,False,False,True,False,0.163521,1.237405,0.1
2016-12-02,latest_vintage_causal,slowdown,slowdown,slowdown,official,0.422225,-0.246688,0.581051,low,0,True,0,2,0,0.4434,low_evidence_ambiguous,low_separation_or_stale,0.120135,0.023313,0.278115,0.197818,0.601749,0.778869,1e-06,0.0,slowdown,True,True,False,False,False,False,False,0.072893,1.281997,0.1
2016-12-09,latest_vintage_causal,slowdown,slowdown,slowdown,official,0.423431,-0.158393,0.555155,low,0,True,0,1,0,0.444148,low_evidence_ambiguous,low_separation_or_stale,0.138162,0.021746,0.34466,0.211549,0.517177,0.766704,1e-06,0.0,slowdown,True,True,False,False,False,False,False,0.014476,1.286837,0.1
2016-12-16,latest_vintage_causal,slowdown,slowdown,slowdown,official,0.395471,-0.165799,0.520308,low,0,True,0,0,0,0.420683,low_evidence_ambiguous,low_separation_or_stale,0.148884,0.024052,0.351325,0.22782,0.49979,0.748127,1e-06,0.0,slowdown,True,True,False,False,False,False,False,-0.116386,1.16004,0.1
2016-12-23,latest_vintage_causal,slowdown,expansion,slowdown,official,0.427346,0.094356,0.219243,low,0,True,1,0,1,0.412866,neutral_band_retention,neutral_band,0.198136,0.039937,0.46338,0.37041,0.338483,0.589653,1e-06,0.0,expansion,True,False,False,False,False,True,False,-0.214327,1.069981,0.1
2016-12-30,latest_vintage_causal,slowdown,expansion,expansion,official,0.429678,0.205867,0.133695,low,1,True,2,0,2,0.394178,bounded_confirmation_lag,confirmation_in_flight,0.227171,0.063976,0.498943,0.53486,0.273886,0.401165,1e-06,0.0,expansion,True,False,False,False,False,True,False,0.002409,1.026145,0.1
2017-01-06,latest_vintage_causal,slowdown,expansion,expansion,official,0.42655,0.205213,0.354304,low,2,True,3,0,2,0.390517,bounded_confirmation_lag,confirmation_in_flight,0.22816,0.081303,0.498008,0.6365,0.273832,0.282196,1e-06,0.0,expansion,True,False,False,False,False,True,False,-0.012807,1.010506,0.1
2017-01-13,latest_vintage_causal,expansion,expansion,expansion,official,0.430986,0.191651,0.466557,low,0,True,0,0,2,0.395731,low_evidence_ambiguous,low_separation_or_stale,0.224433,0.09032,0.494213,0.688118,0.281353,0.221562,1e-06,0.0,expansion,True,True,False,False,False,False,False,-0.436795,1.032776,0.1
2017-01-20,latest_vintage_causal,expansion,expansion,expansion,official,0.469426,0.507047,0.721764,high,0,False,0,0,3,0.382344,semantically_supported,official_equals_raw_high_quality,0.241203,0.094225,0.613321,0.815989,0.145475,0.089787,1e-06,0.0,expansion,True,True,False,False,False,False,False,-0.380909,1.102398,0.1
2017-01-27,latest_vintage_causal,expansion,expansion,expansion,official,0.471549,0.48968,0.754386,high,0,False,0,0,3,0.38461,semantically_supported,official_equals_raw_high_quality,0.238848,0.093677,0.609904,0.848063,0.151247,0.05826,1e-06,0.0,expansion,True,True,False,False,False,False,False,-0.476769,1.113015,0.1
2017-02-03,latest_vintage_causal,expansion,expansion,expansion,official,0.479937,0.472452,0.763895,high,0,False,0,0,3,0.380321,semantically_supported,official_equals_raw_high_quality,0.234225,0.091567,0.608155,0.855462,0.157619,0.052971,1e-06,0.0,expansion,True,True,False,False,False,False,False,-0.48044,1.116553,0.1
2017-02-10,latest_vintage_causal,expansion,expansion,expansion,official,0.48828,0.563047,0.777747,high,0,False,0,0,3,0.389183,semantically_supported,official_equals_raw_high_quality,0.2391,0.090378,0.631196,0.868125,0.129704,0.041497,1e-06,0.0,expansion,True,True,False,False,False,False,False,-0.003481,1.158806,0.1
2017-02-17,latest_vintage_causal,expansion,expansion,expansion,official,0.473255,0.199049,0.697131,low,0,True,0,1,2,0.391174,low_evidence_ambiguous,low_separation_or_stale,0.206895,0.091272,0.495534,0.80293,0.297569,0.105798,1e-06,0.0,expansion,True,True,False,False,False,False,False,0.335882,1.187998,0.1
2017-02-24,latest_vintage_causal,expansion,expansion,expansion,official,0.486863,0.262468,0.670508,low,0,True,0,1,2,0.404516,low_evidence_ambiguous,low_separation_or_stale,0.212005,0.089975,0.521697,0.790266,0.266297,0.119758,1e-06,0.0,expansion,True,True,False,False,False,False,False,0.654292,1.256039,0.1
2017-03-03,latest_vintage_causal,expansion,expansion,expansion,official,0.51952,0.329469,0.696167,high,0,False,0,1,2,0.419615,semantically_supported,official_equals_raw_high_quality,0.210316,0.085889,0.552255,0.805139,0.237429,0.108972,1e-06,0.0,expansion,True,True,False,False,False,False,False,1.027239,1.371439,0.1
2017-03-10,latest_vintage_causal,expansion,expansion,expansion,official,0.506033,0.22417,0.651141,high,0,False,0,1,2,0.413829,semantically_supported,official_equals_raw_high_quality,0.200169,0.083911,0.511705,0.783615,0.288125,0.132474,1e-06,0.0,expansion,True,True,False,False,False,False,False,0.809252,1.324623,0.1
2017-03-17,latest_vintage_causal,expansion,expansion,expansion,official,0.53797,0.172133,0.599428,high,0,False,0,1,2,0.445598,semantically_supported,official_equals_raw_high_quality,0.1826,0.07653,0.497391,0.761449,0.320009,0.162021,1e-06,0.0,expansion,True,True,False,False,False,False,False,0.689929,1.35673,0.1
2017-03-24,latest_vintage_causal,expansion,expansion,expansion,official,0.535689,0.127929,0.537259,high,0,False,0,1,2,0.456377,semantically_supported,official_equals_raw_high_quality,0.176509,0.072233,0.478626,0.732513,0.344863,0.195254,1e-06,0.0,expansion,True,True,False,False,False,False,False,0.737175,1.384345,0.1
2017-03-31,latest_vintage_causal,expansion,expansion,expansion,official,0.525849,0.086561,0.49119,high,0,False,0,1,2,0.427835,semantically_supported,official_equals_raw_high_quality,0.158181,0.062268,0.481356,0.714461,0.360462,0.223271,1e-06,0.0,expansion,True,True,False,False,False,False,False,0.425609,1.27672,0.1
2017-04-07,latest_vintage_causal,expansion,expansion,expansion,official,0.549788,0.129828,0.500066,high,0,False,0,1,2,0.4499,semantically_supported,official_equals_raw_high_quality,0.157966,0.057541,0.504131,0.721262,0.337903,0.221197,1e-06,0.0,expansion,True,True,False,False,False,False,False,0.640317,1.396415,0.1
2017-04-14,latest_vintage_causal,expansion,expansion,expansion,official,0.555092,0.124463,0.499986,high,0,False,0,1,2,0.455262,semantically_supported,official_equals_raw_high_quality,0.155838,0.055543,0.502613,0.722222,0.341548,0.222235,1e-06,0.0,expansion,True,True,False,False,False,False,False,0.638471,1.425131,0.1
2017-04-21,latest_vintage_causal,expansion,expansion,expansion,official,0.596122,0.454742,0.721599,high,0,False,0,1,2,0.484167,semantically_supported,official_equals_raw_high_quality,0.181173,0.058333,0.633988,0.831633,0.184838,0.110034,1e-06,0.0,expansion,True,True,False,False,False,False,False,0.499472,1.443114,0.1
2017-04-28,latest_vintage_causal,expansion,expansion,expansion,official,0.59503,0.391578,0.766797,high,0,False,0,1,2,0.483221,semantically_supported,official_equals_raw_high_quality,0.17579,0.058739,0.613816,0.854029,0.210393,0.087232,1e-06,0.0,expansion,True,True,False,False,False,False,False,0.160117,1.437655,0.1
2017-05-05,latest_vintage_causal,expansion,expansion,expansion,official,0.582304,0.350063,0.76454,high,0,False,0,1,2,0.463666,semantically_supported,official_equals_raw_high_quality,0.175364,0.059842,0.597029,0.852349,0.227606,0.087809,1e-06,0.0,expansion,True,True,False,False,False,False,False,0.065779,1.349972,0.1
2017-05-12,latest_vintage_causal,expansion,expansion,expansion,official,0.574172,0.367315,0.769809,high,0,False,0,1,2,0.456947,semantically_supported,official_equals_raw_high_quality,0.179475,0.061292,0.601228,0.854258,0.219296,0.08445,1e-06,0.0,expansion,True,True,False,False,False,False,False,-0.126614,1.311832,0.1
2017-05-19,latest_vintage_causal,expansion,expansion,expansion,official,0.554834,0.121282,0.649394,high,0,False,0,1,2,0.473492,semantically_supported,official_equals_raw_high_quality,0.155471,0.059625,0.501172,0.794884,0.343356,0.14549,1e-06,0.0,expansion,True,True,False,False,False,False,False,-0.201457,1.313548,0.1
2017-05-26,latest_vintage_causal,expansion,expansion,expansion,official,0.559324,0.195591,0.634047,high,0,False,0,1,2,0.477718,semantically_supported,official_equals_raw_high_quality,0.164083,0.059169,0.533677,0.787439,0.30224,0.153392,1e-06,0.0,expansion,True,True,False,False,False,False,False,0.168875,1.335997,0.1
2017-06-02,latest_vintage_causal,expansion,expansion,expansion,official,0.567917,0.161785,0.60414,high,0,False,0,1,2,0.430968,semantically_supported,official_equals_raw_high_quality,0.157436,0.05715,0.52088,0.773495,0.321682,0.169355,1e-06,0.0,expansion,True,True,False,False,False,False,False,-0.49319,1.223771,0.1
2017-06-09,latest_vintage_causal,expansion,expansion,expansion,official,0.542831,0.07453,0.518757,high,0,False,0,1,2,0.405776,semantically_supported,official_equals_raw_high_quality,0.152013,0.056487,0.47847,0.731135,0.369516,0.212378,1e-06,0.0,expansion,True,True,False,False,False,False,False,-0.924973,1.101338,0.1
2017-06-16,latest_vintage_causal,expansion,expansion,expansion,official,0.529848,0.093025,0.482212,high,0,False,0,1,2,0.381191,semantically_supported,official_equals_raw_high_quality,0.158063,0.057115,0.484834,0.712549,0.357102,0.230337,1e-06,0.0,expansion,True,True,False,False,False,False,False,-1.234285,1.009866,0.1
2017-06-23,latest_vintage_causal,expansion,slowdown,expansion,official,0.525441,-0.135951,0.224354,high,0,False,1,1,2,0.347143,semantically_supported,filter_absorbed_raw_flip,0.123958,0.048026,0.376906,0.588164,0.499136,0.36381,1e-06,0.0,slowdown,True,False,False,False,False,True,False,-1.495729,0.912016,0.1
2017-06-30,latest_vintage_causal,expansion,slowdown,expansion,official,0.515993,-0.158975,0.001952,low,0,False,2,1,2,0.356895,semantically_supported,filter_absorbed_raw_flip,0.122311,0.039966,0.364978,0.480993,0.51271,0.479041,1e-06,0.0,slowdown,True,False,False,False,False,True,False,-1.210333,0.920777,0.1
2017-07-07,latest_vintage_causal,expansion,slowdown,slowdown,official,0.502809,-0.171961,0.172389,low,1,True,3,1,2,0.340033,bounded_confirmation_lag,confirmation_in_flight,0.123025,0.033751,0.357614,0.39693,0.51936,0.569319,1e-06,0.0,slowdown,True,False,False,False,False,True,False,-1.275263,0.85486,0.1
2017-07-14,latest_vintage_causal,expansion,slowdown,slowdown,official,0.48262,-0.235767,0.361094,low,2,True,4,1,2,0.314956,bounded_confirmation_lag,confirmation_in_flight,0.11671,0.027015,0.32591,0.305946,0.557379,0.667039,1e-06,0.0,slowdown,True,False,False,False,False,True,False,-1.540084,0.760021,0.1
2017-07-21,latest_vintage_causal,slowdown,slowdown,slowdown,official,0.469403,-0.197391,0.408385,low,0,True,0,0,1,0.320483,low_evidence_ambiguous,low_separation_or_stale,0.122845,0.023853,0.359206,0.283881,0.517948,0.692266,1e-06,0.0,slowdown,True,True,False,False,False,False,False,-1.624361,0.752179,0.1
2017-07-28,latest_vintage_causal,slowdown,slowdown,slowdown,official,0.462783,-0.153372,0.391905,low,0,True,0,0,1,0.310763,low_evidence_ambiguous,low_separation_or_stale,0.131524,0.024454,0.379555,0.29182,0.488919,0.683726,1e-06,0.0,slowdown,True,True,False,False,False,False,False,-1.40421,0.719078,0.1
2017-08-04,latest_vintage_causal,slowdown,slowdown,slowdown,official,0.478208,-0.184097,0.414056,low,0,True,0,0,0,0.320767,low_evidence_ambiguous,low_separation_or_stale,0.123111,0.022896,0.366341,0.281524,0.510547,0.69558,1e-06,0.0,slowdown,True,True,False,False,False,False,False,-0.930326,0.766966,0.1
2017-08-11,latest_vintage_causal,slowdown,slowdown,slowdown,official,0.476261,-0.170271,0.413625,low,0,True,0,0,0,0.324299,low_evidence_ambiguous,low_separation_or_stale,0.125764,0.022808,0.372787,0.281784,0.501449,0.695408,1e-06,0.0,slowdown,True,True,False,False,False,False,False,-0.661106,0.772256,0.1
2017-08-18,latest_vintage_causal,slowdown,slowdown,slowdown,official,0.454736,-0.37488,0.625281,low,0,True,0,1,0,0.328397,low_evidence_ambiguous,low_separation_or_stale,0.09279,0.015171,0.263527,0.179774,0.643682,0.805055,1e-06,0.0,slowdown,True,True,False,False,False,False,False,-0.40976,0.765184,0.1
2017-08-25,latest_vintage_causal,slowdown,slowdown,slowdown,official,0.456593,-0.37459,0.719411,low,0,True,0,1,0,0.331061,low_evidence_ambiguous,low_separation_or_stale,0.092525,0.011168,0.263743,0.134711,0.643732,0.854122,1e-06,0.0,slowdown,True,True,False,False,False,False,False,-0.40831,0.774464,0.1
2017-09-01,latest_vintage_causal,slowdown,slowdown,slowdown,official,0.445629,-0.326264,0.730455,low,0,True,0,1,0,0.327474,low_evidence_ambiguous,low_separation_or_stale,0.102002,0.010766,0.284491,0.129389,0.613506,0.859845,1e-06,0.0,slowdown,True,True,False,False,False,False,False,-0.297875,0.74812,0.1
2017-09-08,latest_vintage_causal,slowdown,slowdown,slowdown,official,0.391901,-0.484192,0.835234,high,0,False,0,2,0,0.335521,semantically_supported,official_equals_raw_high_quality,0.083268,0.007764,0.1951,0.078501,0.721632,0.913735,1e-06,0.0,slowdown,True,True,False,False,False,False,False,-0.721866,0.506014,0.1
2017-09-15,latest_vintage_causal,slowdown,slowdown,slowdown,official,0.36171,-0.528479,0.877797,high,0,False,0,2,0,0.36268,semantically_supported,official_equals_raw_high_quality,0.08098,0.006086,0.178685,0.058058,0.740334,0.935855,1e-06,0.0,slowdown,True,True,False,False,False,False,False,-1.228547,0.317764,0.1
2017-09-22,latest_vintage_causal,slowdown,slowdown,slowdown,official,0.378095,-0.268317,0.768193,low,0,True,0,1,1,0.357377,low_evidence_ambiguous,low_separation_or_stale,0.125439,0.010398,0.305901,0.110704,0.56866,0.878897,1e-06,0.0,slowdown,True,True,False,False,False,False,False,-1.412002,0.219225,0.1
2017-09-29,latest_vintage_causal,slowdown,slowdown,slowdown,official,0.369212,-0.33772,0.756802,low,0,True,0,1,1,0.376019,low_evidence_ambiguous,low_separation_or_stale,0.114722,0.011335,0.274868,0.115931,0.61041,0.872733,1e-06,0.0,slowdown,True,True,False,False,False,False,False,-1.705699,0.156226,0.1
2017-10-06,latest_vintage_causal,slowdown,slowdown,slowdown,official,0.410184,-0.224179,0.68301,low,0,True,0,1,1,0.338499,low_evidence_ambiguous,low_separation_or_stale,0.126349,0.013794,0.328416,0.151598,0.545234,0.834608,1e-06,0.0,slowdown,True,True,False,False,False,False,False,-1.137994,0.361087,0.1
2017-10-13,latest_vintage_causal,slowdown,slowdown,slowdown,official,0.438111,-0.127355,0.567184,low,0,True,0,1,1,0.316942,low_evidence_ambiguous,low_separation_or_stale,0.136852,0.017924,0.376025,0.207446,0.487122,0.77463,1e-06,0.0,slowdown,True,True,False,False,False,False,False,-0.66697,0.515009,0.1
2017-10-20,latest_vintage_causal,expansion,expansion,expansion,official,0.523951,0.401707,0.115122,high,0,False,0,1,2,0.265274,semantically_supported,official_equals_raw_high_quality,0.198251,0.042338,0.601019,0.536392,0.200729,0.42127,1e-06,0.0,expansion,True,True,False,False,False,False,False,-0.222654,0.674472,0.1
2017-10-27,latest_vintage_causal,expansion,expansion,expansion,official,0.542837,0.472895,0.585434,high,0,False,0,1,2,0.283292,semantically_supported,official_equals_raw_high_quality,0.199061,0.059343,0.626565,0.763045,0.174372,0.177611,1e-06,0.0,expansion,True,True,False,False,False,False,False,0.120642,0.768906,0.1
2017-11-03,latest_vintage_causal,expansion,expansion,expansion,official,0.568141,0.726873,0.818373,high,0,False,0,1,2,0.297084,semantically_supported,official_equals_raw_high_quality,0.208745,0.065891,0.690944,0.884264,0.100311,0.049846,1e-06,0.0,expansion,True,True,False,False,False,False,False,0.990435,0.843929,0.1
2017-11-10,latest_vintage_causal,expansion,expansion,expansion,official,0.5661,0.918833,0.847036,high,0,False,0,0,2,0.293435,semantically_supported,official_equals_raw_high_quality,0.218874,0.067886,0.721538,0.914923,0.059588,0.017191,1e-06,0.0,expansion,True,True,False,False,False,False,False,1.43841,0.830569,0.1
2017-11-17,latest_vintage_causal,expansion,expansion,expansion,official,0.561022,0.768442,0.842332,high,0,False,0,0,2,0.266103,semantically_supported,official_equals_raw_high_quality,0.214607,0.068222,0.700364,0.910554,0.085029,0.021225,1e-06,0.0,expansion,True,True,False,False,False,False,False,1.256158,0.673656,0.1
2017-11-24,latest_vintage_causal,expansion,expansion,expansion,official,0.548648,0.76724,0.838408,high,0,False,0,0,2,0.272105,semantically_supported,official_equals_raw_high_quality,0.218725,0.069939,0.696459,0.908347,0.084815,0.021714,1e-06,0.0,expansion,True,True,False,False,False,False,False,1.247851,0.611789,0.1
2017-12-01,latest_vintage_causal,expansion,expansion,expansion,official,0.549076,0.660555,0.831754,high,0,False,0,0,3,0.29305,semantically_supported,official_equals_raw_high_quality,0.212903,0.069917,0.678495,0.901671,0.108602,0.028412,1e-06,0.0,expansion,True,True,False,False,False,False,False,0.512151,0.555841,0.1
2017-12-08,latest_vintage_causal,expansion,expansion,expansion,official,0.544466,0.568207,0.82301,high,0,False,0,0,3,0.29553,semantically_supported,official_equals_raw_high_quality,0.208412,0.070016,0.658126,0.893026,0.133462,0.036958,1e-06,0.0,expansion,True,True,False,False,False,False,False,0.033436,0.544813,0.1
2017-12-15,latest_vintage_causal,expansion,expansion,expansion,official,0.569482,0.537708,0.824855,high,0,False,0,0,3,0.282549,semantically_supported,official_equals_raw_high_quality,0.198155,0.066712,0.657642,0.891567,0.144203,0.041721,1e-06,0.0,expansion,True,True,False,False,False,False,False,-0.094162,0.669888,0.1
2017-12-22,latest_vintage_causal,expansion,expansion,expansion,official,0.583574,0.279825,0.782412,high,0,False,0,0,2,0.275726,semantically_supported,official_equals_raw_high_quality,0.160595,0.057575,0.589239,0.862419,0.250165,0.080007,1e-06,0.0,expansion,True,True,False,False,False,False,False,-0.433899,0.651169,0.1
2017-12-29,latest_vintage_causal,expansion,expansion,expansion,official,0.565894,0.12835,0.679554,high,0,False,0,0,1,0.278557,semantically_supported,official_equals_raw_high_quality,0.147941,0.054407,0.524063,0.812574,0.327995,0.133019,1e-06,0.0,expansion,True,True,False,False,False,False,False,-0.851762,0.579129,0.1
2018-01-05,latest_vintage_causal,expansion,expansion,expansion,official,0.556664,0.117379,0.617724,high,0,False,0,0,1,0.283176,semantically_supported,official_equals_raw_high_quality,0.14888,0.053319,0.517802,0.782202,0.333316,0.164479,1e-06,0.0,expansion,True,True,False,False,False,False,False,-0.90662,0.532982,0.1
2018-01-12,latest_vintage_causal,expansion,expansion,expansion,official,0.526213,0.077351,0.529357,high,0,False,0,1,1,0.299563,semantically_supported,official_equals_raw_high_quality,0.147413,0.053643,0.48258,0.737857,0.370007,0.2085,1e-06,0.0,expansion,True,True,False,False,False,False,False,-0.819432,0.394999,0.1
2018-01-19,latest_vintage_causal,expansion,slowdown,expansion,official,0.521895,-0.147185,0.247038,high,0,False,1,1,0,0.302041,semantically_supported,filter_absorbed_raw_flip,0.115347,0.044783,0.374381,0.601127,0.51027,0.35409,1e-06,0.0,slowdown,True,False,False,False,False,True,False,-0.422772,0.473108,0.1
2018-01-26,latest_vintage_causal,expansion,slowdown,expansion,official,0.547061,-0.046142,0.15501,high,0,False,2,1,0,0.288147,semantically_supported,filter_absorbed_raw_flip,0.124966,0.039549,0.42641,0.55773,0.448623,0.40272,1e-06,0.0,slowdown,True,False,False,False,False,True,False,0.082532,0.598937,0.1
2018-02-02,latest_vintage_causal,expansion,slowdown,slowdown,official,0.541094,-0.175156,0.13469,high,1,False,3,2,0,0.258868,bounded_confirmation_lag,confirmation_in_flight,0.106001,0.031525,0.334121,0.416893,0.559877,0.551583,1e-06,0.0,slowdown,True,False,False,False,False,True,False,0.391699,0.700359,0.1
2018-02-09,latest_vintage_causal,expansion,slowdown,slowdown,official,0.576834,-0.007185,0.099323,low,2,False,4,1,1,0.291036,bounded_confirmation_lag,confirmation_in_flight,0.135969,0.033052,0.428039,0.433812,0.435992,0.533136,1e-06,0.0,slowdown,True,False,False,False,False,True,False,0.398036,0.839397,0.1
2018-02-16,latest_vintage_causal,slowdown,slowdown,slowdown,official,0.54397,-0.303037,0.471713,high,0,False,0,2,1,0.309918,semantically_supported,official_equals_raw_high_quality,0.094335,0.022199,0.258781,0.253044,0.646883,0.724757,1e-06,0.0,slowdown,True,True,False,False,False,False,False,0.467467,0.842931,0.1
2018-02-23,latest_vintage_causal,slowdown,slowdown,slowdown,official,0.567141,-0.197587,0.576393,high,0,False,0,2,1,0.321876,semantically_supported,official_equals_raw_high_quality,0.106917,0.017174,0.307122,0.203216,0.58596,0.77961,1e-06,0.0,slowdown,True,True,False,False,False,False,False,0.873206,0.912744,0.1
2018-03-02,latest_vintage_causal,slowdown,slowdown,slowdown,official,0.57573,-0.145304,0.589159,high,0,False,0,2,1,0.340346,semantically_supported,official_equals_raw_high_quality,0.113662,0.016072,0.332122,0.197384,0.554215,0.786543,1e-06,0.0,slowdown,True,True,False,False,False,False,False,1.169453,0.979737,0.1
2018-03-09,latest_vintage_causal,slowdown,slowdown,slowdown,official,0.570135,-0.03425,0.497743,high,0,False,0,2,1,0.333241,semantically_supported,official_equals_raw_high_quality,0.133021,0.01969,0.384388,0.241283,0.48259,0.739026,1e-06,0.0,slowdown,True,True,False,False,False,False,False,1.459376,0.949961,0.1
2018-03-16,latest_vintage_causal,slowdown,slowdown,slowdown,official,0.57306,-0.070068,0.475038,high,0,False,0,2,1,0.33632,semantically_supported,official_equals_raw_high_quality,0.12648,0.020673,0.36762,0.252145,0.505899,0.727183,1e-06,0.0,slowdown,True,True,False,False,False,False,False,1.2787,0.963657,0.1
2018-03-23,latest_vintage_causal,slowdown,expansion,slowdown,official,0.581805,0.077144,0.302952,high,0,False,1,2,2,0.313952,semantically_supported,filter_absorbed_raw_flip,0.156893,0.028888,0.433752,0.33408,0.409354,0.637032,1e-06,0.0,expansion,True,False,False,False,False,True,False,0.785644,0.913293,0.1
2018-03-30,latest_vintage_causal,slowdown,expansion,slowdown,official,0.574197,0.125971,0.05488,low,0,False,2,1,2,0.306359,semantically_supported,filter_absorbed_raw_flip,0.165365,0.038043,0.484084,0.453538,0.35055,0.508419,1e-06,0.0,expansion,True,False,False,False,False,True,False,0.404715,0.879551,0.1
2018-04-06,latest_vintage_causal,slowdown,expansion,expansion,official,0.571073,0.044139,0.020324,low,1,False,3,1,2,0.302382,bounded_confirmation_lag,confirmation_in_flight,0.153671,0.041579,0.447066,0.489373,0.399261,0.469049,1e-06,0.0,expansion,True,False,False,False,False,True,False,-0.014314,0.863412,0.1
2018-04-13,latest_vintage_causal,slowdown,slowdown,slowdown,official,0.553273,-0.195656,0.219765,high,0,False,0,1,1,0.285031,semantically_supported,official_equals_raw_high_quality,0.111567,0.031035,0.335148,0.3746,0.553283,0.594365,1e-06,0.0,slowdown,True,True,False,False,False,False,False,-0.233212,0.788498,0.1
2018-04-20,latest_vintage_causal,slowdown,expansion,slowdown,official,0.558525,0.012212,0.103358,high,0,False,1,1,1,0.24999,semantically_supported,filter_absorbed_raw_flip,0.130658,0.03031,0.45611,0.433166,0.41323,0.536524,1e-06,0.0,expansion,True,False,False,False,False,True,False,-0.657795,0.698129,0.1
2018-04-27,latest_vintage_causal,slowdown,expansion,expansion,official,0.580962,0.036379,0.008891,low,1,False,2,1,1,0.278889,bounded_confirmation_lag,confirmation_in_flight,0.128891,0.031563,0.470465,0.488664,0.400643,0.479773,1e-06,0.0,expansion,True,False,False,False,False,True,False,-0.536755,0.810119,0.1
2018-05-04,latest_vintage_causal,slowdown,expansion,expansion,official,0.612351,0.139396,0.2112,high,2,False,3,1,1,0.328556,bounded_confirmation_lag,confirmation_in_flight,0.134659,0.035152,0.523169,0.588024,0.342172,0.376824,1e-06,0.0,expansion,True,False,False,False,False,True,False,0.050006,1.005958,0.1
2018-05-11,latest_vintage_causal,expansion,expansion,expansion,official,0.658445,0.306437,0.505504,high,0,False,0,1,1,0.369277,semantically_supported,official_equals_raw_high_quality,0.141378,0.03945,0.601985,0.733027,0.256636,0.227523,1e-06,0.0,expansion,True,True,False,False,False,False,False,0.552589,1.215745,0.1
2018-05-18,latest_vintage_causal,expansion,expansion,expansion,official,0.672566,0.196247,0.566184,high,0,False,0,0,0,0.418703,semantically_supported,official_equals_raw_high_quality,0.135193,0.041827,0.553429,0.762178,0.311377,0.195994,1e-06,0.0,expansion,True,True,False,False,False,False,False,1.199761,1.408028,0.1
2018-05-25,latest_vintage_causal,expansion,expansion,expansion,official,0.6514,0.159417,0.569024,high,0,False,0,0,0,0.399344,semantically_supported,official_equals_raw_high_quality,0.136022,0.043856,0.533877,0.762584,0.3301,0.19356,1e-06,0.0,expansion,True,True,False,False,False,False,False,1.015615,1.300665,0.1
2018-06-01,latest_vintage_causal,expansion,expansion,expansion,official,0.641293,0.150686,0.563682,high,0,False,0,0,0,0.385469,semantically_supported,official_equals_raw_high_quality,0.137377,0.045029,0.528471,0.759326,0.33415,0.195644,1e-06,0.0,expansion,True,True,False,False,False,False,False,0.898865,1.235993,0.1
2018-06-08,latest_vintage_causal,expansion,expansion,expansion,official,0.633141,0.219321,0.611728,high,0,False,0,0,0,0.377709,semantically_supported,official_equals_raw_high_quality,0.147225,0.047474,0.557248,0.782126,0.295527,0.170399,1e-06,0.0,expansion,True,True,False,False,False,False,False,0.99953,1.195714,0.1
2018-06-15,latest_vintage_causal,expansion,expansion,expansion,official,0.651706,0.484927,0.788091,high,0,False,0,0,1,0.37646,semantically_supported,official_equals_raw_high_quality,0.159847,0.04787,0.671571,0.870111,0.16858,0.08202,1e-06,0.0,expansion,True,True,False,False,False,False,False,1.301981,1.226708,0.1
2018-06-22,latest_vintage_causal,expansion,expansion,expansion,official,0.688498,0.293506,0.741392,high,0,False,0,1,1,0.390414,semantically_supported,official_equals_raw_high_quality,0.147416,0.048706,0.579428,0.846343,0.273155,0.104951,1e-06,0.0,expansion,True,True,False,False,False,False,False,1.29128,1.343997,0.1
2018-06-29,latest_vintage_causal,expansion,expansion,expansion,official,0.707374,0.298624,0.726021,high,0,False,0,1,1,0.388799,semantically_supported,official_equals_raw_high_quality,0.143274,0.047005,0.584683,0.839508,0.272042,0.113487,1e-06,0.0,expansion,True,True,False,False,False,False,False,0.860007,1.375131,0.1
2018-07-06,latest_vintage_causal,expansion,expansion,expansion,official,0.708122,0.18338,0.652903,high,0,False,0,1,1,0.386196,semantically_supported,official_equals_raw_high_quality,0.130861,0.044666,0.534821,0.804118,0.334317,0.151215,1e-06,0.0,expansion,True,True,False,False,False,False,False,0.281385,1.367369,0.1
2018-07-13,latest_vintage_causal,expansion,slowdown,expansion,official,0.709631,-0.100106,0.336626,high,0,False,1,2,1,0.396229,semantically_supported,filter_absorbed_raw_flip,0.09288,0.035932,0.380736,0.650347,0.526384,0.313721,1e-06,0.0,slowdown,True,False,False,False,False,True,False,-0.142796,1.405882,0.1
2018-07-20,latest_vintage_causal,expansion,expansion,expansion,official,0.718794,0.075957,0.327152,high,0,False,0,2,1,0.413679,semantically_supported,official_equals_raw_high_quality,0.102537,0.030466,0.492258,0.648343,0.405204,0.321191,1e-06,0.0,expansion,True,True,False,False,False,False,False,0.333794,1.486748,0.1
2018-07-27,latest_vintage_causal,expansion,expansion,expansion,official,0.734969,0.145418,0.393951,high,0,False,0,2,1,0.424121,semantically_supported,official_equals_raw_high_quality,0.106687,0.03003,0.528915,0.68196,0.364398,0.288009,1e-06,0.0,expansion,True,True,False,False,False,False,False,0.680015,1.558579,0.1
2018-08-03,latest_vintage_causal,expansion,expansion,expansion,official,0.783613,0.308474,0.580656,high,0,False,0,2,2,0.440719,semantically_supported,official_equals_raw_high_quality,0.111874,0.030618,0.610947,0.775019,0.277178,0.194363,1e-06,0.0,expansion,True,True,False,False,False,False,False,1.204026,1.726765,0.1
2018-08-10,latest_vintage_causal,expansion,expansion,expansion,official,0.792987,0.340943,0.688129,high,0,False,0,2,2,0.443909,semantically_supported,official_equals_raw_high_quality,0.11253,0.031513,0.626093,0.828308,0.261375,0.140179,1e-06,0.0,expansion,True,True,False,False,False,False,False,1.197654,1.760069,0.1
2018-08-17,latest_vintage_causal,expansion,expansion,expansion,official,0.809279,0.21307,0.657019,high,0,False,0,2,2,0.436545,semantically_supported,official_equals_raw_high_quality,0.099244,0.029773,0.570346,0.813623,0.330409,0.156604,1e-06,0.0,expansion,True,True,False,False,False,False,False,0.90464,1.766432,0.1
2018-08-24,latest_vintage_causal,expansion,expansion,expansion,official,0.813983,0.205937,0.636023,high,0,False,0,2,2,0.438576,semantically_supported,official_equals_raw_high_quality,0.097814,0.028945,0.567413,0.803539,0.334772,0.167516,1e-06,0.0,expansion,True,True,False,False,False,False,False,0.868975,1.784969,0.1
2018-08-31,latest_vintage_causal,expansion,expansion,expansion,official,0.81049,0.170165,0.598275,high,0,False,0,2,2,0.428077,semantically_supported,official_equals_raw_high_quality,0.095366,0.028402,0.549385,0.784937,0.355248,0.186661,1e-06,0.0,expansion,True,True,False,False,False,False,False,0.783063,1.734759,0.1
2018-09-07,latest_vintage_causal,expansion,expansion,expansion,official,0.829761,0.198894,0.600323,high,0,False,0,2,2,0.439904,semantically_supported,official_equals_raw_high_quality,0.094503,0.027409,0.565673,0.786457,0.339823,0.186134,1e-06,0.0,expansion,True,True,False,False,False,False,False,0.909191,1.825077,0.1
2018-09-14,latest_vintage_causal,expansion,expansion,expansion,official,0.833663,0.185662,0.591082,high,0,False,0,2,2,0.447886,semantically_supported,official_equals_raw_high_quality,0.092753,0.026888,0.559526,0.782097,0.34772,0.191015,1e-06,0.0,expansion,True,True,False,False,False,False,False,0.75673,1.86693,0.1
2018-09-21,latest_vintage_causal,expansion,expansion,expansion,official,0.826023,0.101569,0.515163,high,0,False,0,2,2,0.467721,semantically_supported,official_equals_raw_high_quality,0.086794,0.025937,0.515681,0.744613,0.397524,0.22945,1e-06,0.0,expansion,True,True,False,False,False,False,False,0.686537,1.931741,0.1
2018-09-28,latest_vintage_causal,expansion,expansion,expansion,official,0.840673,0.050485,0.417892,high,0,False,0,2,2,0.476805,semantically_supported,official_equals_raw_high_quality,0.080052,0.02364,0.489681,0.697126,0.430267,0.279234,1e-06,0.0,expansion,True,True,False,False,False,False,False,0.429374,2.004185,0.1
2018-10-05,latest_vintage_causal,expansion,slowdown,expansion,official,0.806009,-0.16552,0.098383,low,0,False,1,2,1,0.480275,semantically_supported,filter_absorbed_raw_flip,0.064787,0.019527,0.369913,0.539428,0.565299,0.441045,1e-06,0.0,slowdown,True,False,False,False,False,True,False,0.207113,1.935532,0.1
2018-10-12,latest_vintage_causal,slowdown,slowdown,slowdown,official,0.789263,-0.264446,0.256239,high,0,False,0,2,1,0.471334,semantically_supported,official_equals_raw_high_quality,0.05748,0.013812,0.317449,0.364974,0.625069,0.621213,1e-06,0.0,slowdown,True,True,False,False,False,False,False,0.027744,1.860031,0.1
2018-10-19,latest_vintage_causal,slowdown,slowdown,slowdown,official,0.770166,-0.436111,0.64522,high,0,False,0,2,0,0.465232,semantically_supported,official_equals_raw_high_quality,0.044998,0.007363,0.223649,0.173708,0.731352,0.818928,1e-06,0.0,slowdown,True,True,False,False,False,False,False,-0.192701,1.791532,0.1
2018-10-26,latest_vintage_causal,slowdown,slowdown,slowdown,official,0.736599,-0.494352,0.817547,high,0,False,0,2,0,0.440494,semantically_supported,official_equals_raw_high_quality,0.042919,0.004099,0.199544,0.089177,0.757536,0.906724,1e-06,0.0,slowdown,True,True,False,False,False,False,False,-0.481953,1.622335,0.1
2018-11-02,latest_vintage_causal,slowdown,slowdown,slowdown,official,0.70013,-0.687005,0.925653,high,0,False,0,3,0,0.426971,semantically_supported,official_equals_raw_high_quality,0.0297,0.001932,0.119471,0.036207,0.850828,0.96186,1e-06,0.0,slowdown,True,True,False,False,False,False,False,-1.007049,1.494674,0.1
2018-11-09,latest_vintage_causal,slowdown,slowdown,slowdown,official,0.66694,-0.755143,0.950319,high,0,False,0,3,0,0.406222,semantically_supported,official_equals_raw_high_quality,0.027249,0.001379,0.10261,0.024151,0.87014,0.97447,1e-06,0.0,slowdown,True,True,False,False,False,False,False,-1.397854,1.354628,0.1
2018-11-16,latest_vintage_causal,slowdown,slowdown,slowdown,official,0.612193,-0.867354,0.964564,high,0,False,0,3,0,0.375138,semantically_supported,official_equals_raw_high_quality,0.023498,0.001092,0.07936,0.017172,0.897141,0.981736,1e-06,0.0,slowdown,True,True,False,False,False,False,False,-1.989108,1.148283,0.1
2018-11-23,latest_vintage_causal,slowdown,slowdown,slowdown,official,0.585213,-0.911322,0.969343,high,0,False,0,3,0,0.339903,semantically_supported,official_equals_raw_high_quality,0.022371,0.000996,0.071607,0.01483,0.906021,0.984174,1e-06,0.0,slowdown,True,True,False,False,False,False,False,-2.525043,0.994579,0.1
2018-11-30,latest_vintage_causal,slowdown,slowdown,slowdown,official,0.518682,-0.927324,0.966701,high,0,False,0,2,0,0.253786,semantically_supported,official_equals_raw_high_quality,0.025827,0.001146,0.077861,0.016076,0.896311,0.982777,1e-06,0.0,slowdown,True,True,False,False,False,False,False,-3.128269,0.658172,0.1
2018-12-07,latest_vintage_causal,slowdown,slowdown,slowdown,official,0.477937,-0.98301,0.970786,high,0,False,0,2,0,0.263859,semantically_supported,official_equals_raw_high_quality,0.024575,0.00109,0.068321,0.014062,0.907104,0.984848,1e-06,0.0,slowdown,True,True,False,False,False,False,False,-3.40728,0.451768,0.1
2018-12-14,latest_vintage_causal,slowdown,slowdown,slowdown,official,0.485485,-0.906782,0.964988,high,0,False,0,2,0,0.259757,semantically_supported,official_equals_raw_high_quality,0.028865,0.001288,0.08146,0.016862,0.889674,0.98185,1e-06,0.0,slowdown,True,True,False,False,False,False,False,-3.120036,0.494906,0.1
2018-12-21,latest_vintage_causal,slowdown,slowdown,slowdown,official,0.412669,-1.203519,0.984153,high,0,False,0,3,0,0.305591,semantically_supported,official_equals_raw_high_quality,0.015576,0.000671,0.038033,0.007588,0.94639,0.991741,1e-06,0.0,slowdown,True,True,False,False,False,False,False,-2.745525,0.472801,0.1
2018-12-28,latest_vintage_causal,slowdown,slowdown,slowdown,official,0.422396,-1.116871,0.981228,high,0,False,0,3,0,0.298554,semantically_supported,official_equals_raw_high_quality,0.018831,0.000777,0.04688,0.008998,0.934288,0.990226,1e-06,0.0,slowdown,True,True,False,False,False,False,False,-2.310026,0.521419,0.1
2019-01-04,latest_vintage_causal,slowdown,slowdown,slowdown,official,0.456565,-0.740743,0.951318,high,0,False,0,3,1,0.418183,semantically_supported,official_equals_raw_high_quality,0.041803,0.001889,0.111383,0.023397,0.846812,0.974714,1e-06,0.0,slowdown,True,True,False,False,False,False,False,-2.314287,0.368005,0.1
2019-01-11,latest_vintage_causal,slowdown,slowdown,slowdown,official,0.406914,-0.642988,0.928623,high,0,False,0,2,1,0.470064,semantically_supported,official_equals_raw_high_quality,0.059431,0.003078,0.143469,0.03415,0.797099,0.962772,1e-06,0.0,slowdown,True,True,False,False,False,False,False,-2.406702,0.112655,0.1
2019-01-18,latest_vintage_causal,slowdown,slowdown,slowdown,official,0.351767,-0.81912,0.951102,high,0,False,0,2,1,0.548477,semantically_supported,official_equals_raw_high_quality,0.045377,0.002376,0.098167,0.023261,0.856455,0.974363,1e-06,0.0,slowdown,True,True,False,False,False,False,False,-2.14065,0.060745,0.1
2019-01-25,latest_vintage_causal,slowdown,slowdown,slowdown,official,0.370265,-0.625882,0.925304,high,0,False,0,2,1,0.524664,semantically_supported,official_equals_raw_high_quality,0.065879,0.00349,0.147859,0.035603,0.786261,0.960907,1e-06,0.0,slowdown,True,True,False,False,False,False,False,-1.174463,0.145826,0.1
2019-02-01,latest_vintage_causal,slowdown,slowdown,slowdown,official,0.341869,-0.659051,0.926633,high,0,False,0,2,1,0.499436,semantically_supported,official_equals_raw_high_quality,0.064929,0.003657,0.137726,0.034855,0.797344,0.961488,1e-06,0.0,slowdown,True,True,False,False,False,False,False,-0.757469,0.121331,0.1
2019-02-08,latest_vintage_causal,slowdown,slowdown,slowdown,official,0.31753,-0.852075,0.957331,high,0,False,0,3,1,0.537791,semantically_supported,official_equals_raw_high_quality,0.04263,0.002236,0.086154,0.020216,0.871215,0.977547,1e-06,0.0,slowdown,True,True,False,False,False,False,False,-1.031803,0.044794,0.1
2019-02-15,latest_vintage_causal,slowdown,slowdown,slowdown,official,0.290364,-0.543407,0.90928,high,0,False,0,2,1,0.519618,semantically_supported,official_equals_raw_high_quality,0.089628,0.00493,0.171614,0.042895,0.738757,0.952175,1e-06,0.0,slowdown,True,True,False,False,False,False,False,-1.303931,-0.096025,0.1
2019-02-22,latest_vintage_causal,slowdown,slowdown,slowdown,official,0.250658,-0.768352,0.944854,high,0,False,0,3,1,0.588716,semantically_supported,official_equals_raw_high_quality,0.058113,0.003332,0.102826,0.025907,0.839059,0.970761,1e-06,0.0,slowdown,True,True,False,False,False,False,False,-1.413593,-0.095245,0.1
2019-03-01,latest_vintage_causal,slowdown,slowdown,slowdown,official,0.263224,-1.006675,0.975455,low,0,False,0,4,0,0.620113,low_evidence_ambiguous,low_separation_or_stale,0.031627,0.001529,0.053374,0.011508,0.914998,0.986963,1e-06,0.0,slowdown,True,True,False,False,False,False,False,-0.854123,-0.004597,0.1
2019-03-08,latest_vintage_causal,slowdown,slowdown,slowdown,official,0.286019,-0.85105,0.96644,high,0,False,0,4,0,0.578445,semantically_supported,official_equals_raw_high_quality,0.043321,0.001955,0.076498,0.015802,0.88018,0.982242,1e-06,0.0,slowdown,True,True,False,False,False,False,False,-0.023361,0.102464,0.1
2019-03-15,latest_vintage_causal,slowdown,slowdown,slowdown,official,0.299752,-0.797595,0.960779,high,0,False,0,4,0,0.560041,semantically_supported,official_equals_raw_high_quality,0.047569,0.002238,0.086323,0.018491,0.866107,0.97927,1e-06,0.0,slowdown,True,True,False,False,False,False,False,0.225114,0.158273,0.1
2019-03-22,latest_vintage_causal,slowdown,slowdown,slowdown,official,0.306192,-0.483946,0.908047,high,0,False,0,3,1,0.556873,semantically_supported,official_equals_raw_high_quality,0.100528,0.005569,0.171889,0.043192,0.727581,0.951239,1e-06,0.0,slowdown,True,True,False,False,False,False,False,-0.099059,0.103156,0.1
2019-03-29,latest_vintage_causal,slowdown,slowdown,slowdown,official,0.319432,-0.351741,0.839165,low,0,True,0,2,1,0.501226,low_evidence_ambiguous,low_separation_or_stale,0.12725,0.009254,0.240137,0.07579,0.632612,0.914955,1e-06,0.0,slowdown,True,True,False,False,False,False,False,0.23272,0.221245,0.1
2019-04-05,latest_vintage_causal,slowdown,slowdown,slowdown,official,0.350846,-0.241811,0.762816,low,0,True,0,2,1,0.456347,low_evidence_ambiguous,low_separation_or_stale,0.142825,0.013266,0.286898,0.111959,0.570276,0.874775,1e-06,0.0,slowdown,True,True,False,False,False,False,False,0.779792,0.37796,0.1
2019-04-12,latest_vintage_causal,slowdown,expansion,slowdown,official,0.417331,0.185337,0.341259,low,0,True,1,1,1,0.389115,neutral_band_retention,neutral_band,0.21193,0.033332,0.48587,0.312704,0.302198,0.653964,1e-06,0.0,expansion,True,False,False,False,False,True,False,1.832374,0.682958,0.1
2019-04-19,latest_vintage_causal,slowdown,expansion,slowdown,official,0.4001,0.120373,0.121136,low,0,True,2,2,0,0.412774,neutral_band_retention,neutral_band,0.190363,0.045281,0.453358,0.416791,0.356278,0.537927,1e-06,0.0,expansion,True,False,False,False,False,True,False,2.457005,0.95451,0.1
2019-04-26,latest_vintage_causal,slowdown,expansion,slowdown,official,0.387196,0.046787,0.054119,low,0,True,3,2,0,0.395739,neutral_band_retention,neutral_band,0.181032,0.051157,0.420216,0.447362,0.398751,0.501481,1e-06,0.0,expansion,True,False,False,False,False,True,False,2.084617,0.890398,0.1
2019-05-03,latest_vintage_causal,slowdown,slowdown,slowdown,official,0.314986,-0.206993,0.36379,low,0,True,0,3,0,0.361125,low_evidence_ambiguous,low_separation_or_stale,0.147825,0.043003,0.276509,0.296604,0.575665,0.660394,1e-06,0.0,slowdown,True,True,False,False,False,False,False,1.324209,0.670991,0.1
2019-05-10,latest_vintage_causal,slowdown,slowdown,slowdown,official,0.237096,-0.554864,0.789782,high,0,False,0,4,0,0.455602,semantically_supported,official_equals_raw_high_quality,0.089022,0.017112,0.142629,0.096553,0.768349,0.886335,1e-06,0.0,slowdown,True,True,False,False,False,False,False,0.385732,0.32388,0.1
2019-05-17,latest_vintage_causal,slowdown,slowdown,slowdown,official,0.199149,-0.707926,0.926501,high,0,False,0,4,0,0.518301,semantically_supported,official_equals_raw_high_quality,0.06977,0.005975,0.10366,0.033761,0.826569,0.960263,1e-06,0.0,slowdown,True,True,False,False,False,False,False,0.080498,0.137548,0.1
2019-05-24,latest_vintage_causal,slowdown,slowdown,slowdown,official,0.215842,-0.72189,0.947223,high,0,False,0,4,0,0.486405,semantically_supported,official_equals_raw_high_quality,0.065665,0.003749,0.100854,0.024514,0.833481,0.971737,1e-06,0.0,slowdown,True,True,False,False,False,False,False,0.003069,0.22255,0.1
2019-05-31,latest_vintage_causal,slowdown,slowdown,slowdown,official,0.199932,-0.828778,0.961487,high,0,False,0,4,0,0.435023,semantically_supported,official_equals_raw_high_quality,0.05359,0.002724,0.079746,0.017894,0.866663,0.979381,1e-06,0.0,slowdown,True,True,False,False,False,False,False,-0.303162,0.250108,0.1
2019-06-07,latest_vintage_causal,slowdown,slowdown,slowdown,official,0.204689,-0.962305,0.973465,high,0,False,0,4,0,0.426873,semantically_supported,official_equals_raw_high_quality,0.039235,0.001834,0.058939,0.01235,0.901825,0.985815,1e-06,0.0,slowdown,True,True,False,False,False,False,False,-0.975003,0.274676,0.1
2019-06-14,latest_vintage_causal,slowdown,slowdown,slowdown,official,0.153907,-1.265769,0.988001,high,0,False,0,4,0,0.525115,semantically_supported,official_equals_raw_high_quality,0.021021,0.000899,0.028545,0.00555,0.950433,0.993551,1e-06,0.0,slowdown,True,True,False,False,False,False,False,-2.231036,0.020267,0.1
2019-06-21,latest_vintage_causal,slowdown,slowdown,slowdown,official,0.149746,-0.798125,0.957446,high,0,False,0,2,0,0.533773,semantically_supported,official_equals_raw_high_quality,0.06985,0.003167,0.094072,0.019694,0.836077,0.977139,1e-06,0.0,slowdown,True,True,False,False,False,False,False,-2.184187,-0.024228,0.1
2019-06-28,latest_vintage_causal,slowdown,slowdown,slowdown,official,0.102175,-0.811142,0.955119,high,0,False,0,2,0,0.439766,semantically_supported,official_equals_raw_high_quality,0.074162,0.003773,0.090866,0.020554,0.834971,0.975673,1e-06,0.0,slowdown,True,True,False,False,False,False,False,-2.248165,-0.270426,0.1
2019-07-05,latest_vintage_causal,slowdown,slowdown,slowdown,official,0.072356,-0.610093,0.925299,high,0,False,0,2,0,0.387767,semantically_supported,official_equals_raw_high_quality,0.117731,0.006705,0.135946,0.033998,0.746322,0.959297,1e-06,0.0,slowdown,True,True,False,False,False,False,False,-1.638568,-0.362268,0.1
2019-07-12,latest_vintage_causal,slowdown,slowdown,slowdown,official,0.085546,-0.421516,0.873598,high,0,False,0,2,0,0.422499,semantically_supported,official_equals_raw_high_quality,0.161303,0.011545,0.191207,0.057428,0.647488,0.931026,1e-06,0.0,slowdown,True,True,False,False,False,False,False,-0.977503,-0.27178,0.1
2019-07-19,latest_vintage_causal,slowdown,slowdown,slowdown,official,0.050888,-0.669607,0.925776,high,0,False,0,3,1,0.351445,semantically_supported,official_equals_raw_high_quality,0.110622,0.008124,0.11386,0.03305,0.775517,0.958826,1e-06,0.0,slowdown,True,True,False,False,False,False,False,-1.142275,-0.255776,0.1
2019-07-26,latest_vintage_causal,slowdown,slowdown,slowdown,official,0.150495,-0.446225,0.888288,high,0,False,0,3,1,0.357564,semantically_supported,official_equals_raw_high_quality,0.141318,0.009951,0.177307,0.05088,0.681374,0.939168,1e-06,0.0,slowdown,True,True,False,False,False,False,False,-0.029817,0.237622,0.1
2019-08-02,latest_vintage_causal,slowdown,slowdown,slowdown,official,0.187365,-0.322669,0.838241,low,0,True,0,3,1,0.319547,low_evidence_ambiguous,low_separation_or_stale,0.163118,0.013611,0.220225,0.074074,0.616656,0.912315,1e-06,0.0,slowdown,True,True,False,False,False,False,False,0.656535,0.54913,0.1
2019-08-09,latest_vintage_causal,slowdown,slowdown,slowdown,official,0.211184,-0.132663,0.726203,low,0,True,0,3,1,0.360735,low_evidence_ambiguous,low_separation_or_stale,0.206118,0.022731,0.291773,0.125533,0.502109,0.851736,1e-06,0.0,slowdown,True,True,False,False,False,False,False,1.538832,0.662873,0.1
2019-08-16,latest_vintage_causal,slowdown,slowdown,slowdown,official,0.182994,-0.26656,0.752129,low,0,True,0,3,0,0.33122,low_evidence_ambiguous,low_separation_or_stale,0.168687,0.021553,0.242706,0.113159,0.588605,0.865288,1e-06,0.0,slowdown,True,True,False,False,False,False,False,1.406971,0.563315,0.1
2019-08-23,latest_vintage_causal,slowdown,expansion,slowdown,official,0.220866,0.185548,0.388325,low,0,True,1,2,1,0.300238,neutral_band_retention,neutral_band,0.25309,0.045098,0.435545,0.283289,0.311364,0.671613,1e-06,0.0,expansion,True,False,False,False,False,True,False,1.701194,0.439982,0.1
2019-08-30,latest_vintage_causal,slowdown,expansion,expansion,official,0.205248,0.27525,0.061656,low,1,True,2,1,1,0.391124,bounded_confirmation_lag,confirmation_in_flight,0.25,0.071982,0.502009,0.494837,0.24799,0.433181,1e-06,0.0,expansion,True,False,False,False,False,True,False,1.447642,0.242258,0.1
2019-09-06,latest_vintage_causal,slowdown,expansion,expansion,official,0.177216,0.160805,0.231317,low,2,True,3,1,1,0.44125,bounded_confirmation_lag,confirmation_in_flight,0.25,0.09405,0.451176,0.568633,0.298824,0.337317,1e-06,0.0,expansion,True,False,False,False,False,True,False,0.876706,0.094327,0.1
2019-09-13,latest_vintage_causal,expansion,expansion,expansion,official,0.205741,0.301552,0.48773,low,0,True,0,0,1,0.396049,low_evidence_ambiguous,low_separation_or_stale,0.254202,0.107254,0.521688,0.690238,0.224109,0.202508,1e-06,0.0,expansion,True,True,False,False,False,False,False,1.190493,0.241366,0.1
2019-09-20,latest_vintage_causal,expansion,slowdown,expansion,official,0.109958,-0.248699,0.082639,low,0,True,1,1,0,0.321583,neutral_band_retention,neutral_band,0.205447,0.114122,0.27482,0.484259,0.519732,0.401619,1e-06,0.0,slowdown,True,False,False,False,False,True,False,0.059942,0.262654,0.1
2019-09-27,latest_vintage_causal,expansion,slowdown,slowdown,official,0.127771,-0.355428,0.331083,low,1,True,2,1,0,0.305993,bounded_confirmation_lag,confirmation_in_flight,0.171494,0.079012,0.23767,0.294953,0.590835,0.626035,1e-06,0.0,slowdown,True,False,False,False,False,True,False,-0.473181,0.351702,0.1
2019-10-04,latest_vintage_causal,expansion,slowdown,slowdown,official,0.126089,-0.313282,0.537818,low,2,True,3,1,0,0.293191,bounded_confirmation_lag,confirmation_in_flight,0.183032,0.054257,0.252814,0.203962,0.564152,0.741781,1e-06,0.0,slowdown,True,False,False,False,False,True,False,-0.705614,0.36891,0.1
2019-10-11,latest_vintage_causal,slowdown,slowdown,slowdown,official,0.096894,-0.444538,0.744999,high,0,False,0,2,0,0.320602,semantically_supported,official_equals_raw_high_quality,0.150184,0.029589,0.195745,0.112706,0.654071,0.857704,1e-06,0.0,slowdown,True,True,False,False,False,False,False,-0.748472,0.251496,0.1
2019-10-18,latest_vintage_causal,slowdown,slowdown,slowdown,official,-0.09986,-1.576989,0.989083,high,0,False,0,3,0,0.413656,semantically_supported,official_equals_raw_high_quality,0.016953,0.001602,0.014943,0.004658,0.968102,0.99374,1e-06,0.0,contraction,False,True,False,False,False,True,False,-1.159123,-0.042916,0.1
2019-10-25,latest_vintage_causal,slowdown,slowdown,slowdown,official,-0.123113,-1.539032,0.993162,high,0,False,0,3,0,0.391225,semantically_supported,official_equals_raw_high_quality,0.019488,0.000792,0.016402,0.003023,0.964109,0.996185,1e-06,0.0,contraction,False,True,False,False,False,True,False,-0.971695,-0.162556,0.1
2019-11-01,latest_vintage_causal,slowdown,slowdown,slowdown,official,-0.164787,-1.668331,0.995095,high,0,False,0,3,0,0.363939,semantically_supported,official_equals_raw_high_quality,0.015338,0.000602,0.011882,0.002152,0.972779,0.997247,1e-06,0.0,contraction,False,True,False,False,False,True,False,-1.070825,-0.351785,0.1
2019-11-08,latest_vintage_causal,slowdown,slowdown,slowdown,official,-0.214181,-1.84413,0.993711,high,0,False,0,3,0,0.330473,semantically_supported,official_equals_raw_high_quality,0.010744,0.000419,0.007545,0.001363,0.969086,0.995965,0.012626,0.002254,contraction,False,True,False,False,False,True,False,-2.016567,-0.598748,0.1
2019-11-15,latest_vintage_causal,slowdown,slowdown,slowdown,official,-0.380838,-2.198277,0.800469,high,0,False,0,3,0,0.294084,semantically_supported,official_equals_raw_high_quality,0.003805,0.000213,0.001919,0.000495,0.610634,0.89988,0.383642,0.099412,contraction,False,True,False,False,False,True,False,-3.117616,-1.036165,0.1
2019-11-22,latest_vintage_causal,slowdown,contraction,slowdown,official,-0.453336,-1.81115,0.445286,high,0,False,1,3,0,0.427604,semantically_supported,filter_absorbed_raw_flip,0.00808,0.000776,0.003527,0.001069,0.416306,0.721721,0.572087,0.276434,contraction,False,True,False,False,False,True,False,-4.836733,-1.663311,0.1
2019-11-29,latest_vintage_causal,contraction,contraction,contraction,official,-0.500794,-1.698903,0.126905,high,0,False,0,3,0,0.462598,semantically_supported,official_equals_raw_high_quality,0.008092,0.001216,0.003214,0.000873,0.284591,0.435503,0.704102,0.562408,contraction,True,True,False,False,False,False,False,-5.723693,-2.015616,0.1
2019-12-06,latest_vintage_causal,contraction,contraction,contraction,official,-0.620266,-1.698903,0.586925,high,0,False,0,3,0,0.527371,semantically_supported,official_equals_raw_high_quality,0.008446,0.001599,0.002646,0.000424,0.234236,0.205526,0.754672,0.792451,contraction,True,True,False,False,False,False,False,-6.880351,-2.614901,0.1
2019-12-13,latest_vintage_causal,contraction,contraction,contraction,official,-0.75436,-1.67314,0.818924,high,0,False,0,3,0,0.584386,semantically_supported,official_equals_raw_high_quality,0.009545,0.001925,0.00229,0.000207,0.189808,0.089473,0.798357,0.908396,contraction,True,True,False,False,False,False,False,-7.725483,-3.2614,0.1
2019-12-20,latest_vintage_causal,contraction,contraction,contraction,official,-0.854769,-1.100443,0.891793,high,0,False,0,3,0,0.590177,semantically_supported,official_equals_raw_high_quality,0.043961,0.009203,0.008639,0.000551,0.154966,0.049227,0.792434,0.94102,contraction,True,True,False,False,False,False,False,-8.246048,-3.597912,0.1
2019-12-27,latest_vintage_causal,contraction,contraction,contraction,official,-0.883376,-1.099414,0.911192,low,0,False,0,3,0,0.615048,low_evidence_ambiguous,low_separation_or_stale,0.044473,0.009696,0.008256,0.000469,0.147715,0.039321,0.799556,0.950513,contraction,True,True,False,False,False,False,False,-8.654053,-3.957118,0.1
2020-01-03,latest_vintage_causal,contraction,contraction,contraction,official,-0.957176,-1.378314,0.92535,low,0,False,0,4,0,0.66062,low_evidence_ambiguous,low_separation_or_stale,0.022662,0.004802,0.00338,0.000179,0.141472,0.034834,0.832487,0.960184,contraction,True,True,False,False,False,False,False,-8.410939,-4.102798,0.1
2020-01-10,latest_vintage_causal,contraction,contraction,contraction,official,-0.954486,-1.3468,0.930341,low,0,False,0,3,0,0.644892,low_evidence_ambiguous,low_separation_or_stale,0.024709,0.005075,0.003705,0.000187,0.134294,0.032198,0.837293,0.962539,contraction,True,True,False,False,False,False,False,-6.857085,-3.845092,0.1
2020-01-17,latest_vintage_causal,contraction,contraction,contraction,official,-1.045375,-2.149952,0.945983,high,0,False,0,3,0,0.53335,semantically_supported,official_equals_raw_high_quality,0.003098,0.000613,0.000388,1.9e-05,0.117216,0.026692,0.879297,0.972676,contraction,True,True,False,False,False,False,False,-4.311096,-3.389563,0.1
2020-01-24,latest_vintage_causal,contraction,contraction,contraction,official,-1.02399,-2.062927,0.945124,high,0,False,0,3,0,0.527698,semantically_supported,official_equals_raw_high_quality,0.003849,0.000747,0.000503,2.3e-05,0.12158,0.027053,0.874068,0.972177,contraction,True,True,False,False,False,False,False,-3.319574,-3.300572,0.1
2020-01-31,latest_vintage_causal,contraction,contraction,contraction,official,-0.841137,-1.298652,0.922366,high,0,False,0,2,0,0.457054,semantically_supported,official_equals_raw_high_quality,0.025469,0.005219,0.005143,0.000252,0.153285,0.036081,0.816103,0.958447,contraction,True,True,False,False,False,False,False,-0.855976,-2.868311,0.1
2020-02-07,latest_vintage_causal,contraction,contraction,contraction,official,-0.745481,-0.75612,0.870926,high,0,False,0,2,0,0.412738,semantically_supported,official_equals_raw_high_quality,0.101478,0.02431,0.024781,0.00147,0.183978,0.051647,0.689763,0.922573,contraction,True,True,False,False,False,False,False,1.856041,-2.393224,0.1
2020-02-14,latest_vintage_causal,contraction,slowdown,slowdown,official,-0.696019,-0.343995,0.338803,high,1,False,1,2,1,0.387308,bounded_confirmation_lag,confirmation_in_flight,0.240932,0.228691,0.202874,0.050306,0.523946,0.567493,0.032248,0.15351,contraction,True,True,False,False,False,False,False,3.221687,-2.163981,0.1
2020-02-21,latest_vintage_causal,contraction,slowdown,slowdown,official,-0.660747,-0.128279,0.512517,high,2,False,2,2,1,0.343989,bounded_confirmation_lag,confirmation_in_flight,0.242618,0.170724,0.304654,0.146034,0.452726,0.683241,1e-06,1e-06,contraction,True,True,False,False,False,False,False,4.822188,-1.864075,0.1
2020-02-28,latest_vintage_causal,slowdown,slowdown,slowdown,official,-0.707902,-0.126488,0.49966,high,0,False,0,2,1,0.371446,semantically_supported,official_equals_raw_high_quality,0.242632,0.115077,0.305485,0.192632,0.451882,0.692291,1e-06,0.0,contraction,False,True,True,False,False,True,False,4.570841,-2.102149,0.1
2020-03-06,latest_vintage_causal,slowdown,expansion,slowdown,official,-0.717693,0.27205,0.069475,low,0,False,1,2,2,0.384397,semantically_supported,filter_absorbed_raw_flip,0.245725,0.107507,0.492085,0.411509,0.262189,0.480984,1e-06,0.0,recovery,False,False,True,False,False,True,False,3.461428,-2.33187,0.1
2020-03-13,latest_vintage_causal,slowdown,contraction,contraction,official,-0.869604,-0.897392,0.027039,low,1,False,2,3,1,0.409808,bounded_confirmation_lag,confirmation_in_flight,0.070062,0.070725,0.013368,0.035238,0.151825,0.433499,0.764745,0.460538,contraction,False,True,True,False,False,True,False,1.78509,-2.551067,0.1
2020-03-20,latest_vintage_causal,contraction,contraction,contraction,official,-2.029754,-2.211662,0.963917,high,0,False,0,3,1,0.413744,semantically_supported,official_equals_raw_high_quality,0.002944,0.000929,5.6e-05,1.4e-05,0.01843,0.01757,0.97857,0.981487,contraction,True,True,False,False,False,False,False,-2.379908,-4.071684,0.1
2020-03-27,latest_vintage_causal,contraction,contraction,contraction,official,-2.028674,-2.49747,0.99257,low,0,False,0,3,1,0.763396,low_evidence_ambiguous,low_separation_or_stale,0.001418,0.000252,2.7e-05,1e-06,0.018498,0.003589,0.980058,0.996159,contraction,True,True,False,False,False,False,False,-80.538951,-33.711961,0.1
2020-04-03,latest_vintage_causal,contraction,contraction,contraction,official,-2.378415,-3.7547,0.996674,low,0,False,0,4,0,0.780241,low_evidence_ambiguous,low_separation_or_stale,5.4e-05,9e-06,1e-06,0.0,0.009294,0.001658,0.990652,0.998332,contraction,True,True,False,False,False,False,False,-89.193132,-36.511099,0.1
2020-04-10,latest_vintage_causal,contraction,contraction,contraction,official,-3.084767,-3.7547,0.999231,low,0,False,0,4,0,0.667107,low_evidence_ambiguous,low_separation_or_stale,5.1e-05,9e-06,1e-06,0.0,0.002166,0.00038,0.997782,0.999611,contraction,True,True,False,False,False,False,False,-89.65261,-36.378422,0.1
2020-04-17,latest_vintage_causal,contraction,contraction,contraction,official,-3.182322,-3.7547,0.999369,high,0,False,0,4,0,0.53829,semantically_supported,official_equals_raw_high_quality,5.1e-05,9e-06,1e-06,0.0,0.001785,0.000311,0.998164,0.99968,contraction,True,True,False,False,False,False,False,-92.804836,-37.121336,0.1
2020-04-24,latest_vintage_causal,contraction,contraction,contraction,official,-3.182322,-3.7547,0.99937,high,0,False,0,4,0,0.517979,semantically_supported,official_equals_raw_high_quality,5.1e-05,9e-06,1e-06,0.0,0.001785,0.000311,0.998164,0.99968,contraction,True,True,False,False,False,False,False,-85.001667,-34.210681,0.1
2020-05-01,latest_vintage_causal,contraction,contraction,contraction,official,-3.7763,-3.7547,0.9998,high,0,False,0,4,0,0.445304,semantically_supported,official_equals_raw_high_quality,5.1e-05,9e-06,1e-06,0.0,0.000549,9.5e-05,0.9994,0.999896,contraction,True,True,False,False,False,False,False,-72.036662,-29.461353,0.1
2020-05-08,latest_vintage_causal,contraction,contraction,contraction,official,-3.7763,-3.7547,0.9998,high,0,False,0,4,0,0.434188,semantically_supported,official_equals_raw_high_quality,5.1e-05,9e-06,1e-06,0.0,0.000549,9.5e-05,0.9994,0.999896,contraction,True,True,False,False,False,False,False,-60.549224,-25.357488,0.1
2020-05-15,latest_vintage_causal,contraction,contraction,contraction,official,-3.7763,-3.7547,0.9998,high,0,False,0,4,0,0.399282,semantically_supported,official_equals_raw_high_quality,5.1e-05,9e-06,1e-06,0.0,0.000549,9.5e-05,0.9994,0.999896,contraction,True,True,False,False,False,False,False,-47.442358,-21.920089,0.1
2020-05-22,latest_vintage_causal,contraction,contraction,contraction,official,-3.7763,-2.25282,0.999074,high,0,False,0,4,0,0.440413,semantically_supported,official_equals_raw_high_quality,0.002388,0.000415,1e-06,0.0,0.000547,9.5e-05,0.997063,0.999489,contraction,True,True,False,False,False,False,False,36.541294,-19.330501,0.1
2020-05-29,latest_vintage_causal,contraction,contraction,contraction,official,-3.708045,-2.25282,0.999058,high,0,False,0,4,0,0.435487,semantically_supported,official_equals_raw_high_quality,0.002388,0.000416,2e-06,0.0,0.000627,0.000109,0.996984,0.999474,contraction,True,True,False,False,False,False,False,49.927658,-17.103002,0.1
2020-06-05,latest_vintage_causal,contraction,contraction,contraction,official,-3.708045,-2.25282,0.999058,high,0,False,0,4,0,0.407233,semantically_supported,official_equals_raw_high_quality,0.002388,0.000416,2e-06,0.0,0.000627,0.000109,0.996984,0.999474,contraction,True,True,False,False,False,False,False,54.800588,-15.223437,0.1
2020-06-12,latest_vintage_causal,contraction,contraction,contraction,official,-3.470026,-0.75094,0.956219,high,0,False,0,4,1,0.406833,semantically_supported,official_equals_raw_high_quality,0.113472,0.021802,0.000107,4e-06,0.000894,0.000171,0.885528,0.978022,contraction,True,True,False,False,False,False,False,60.879653,-13.837919,0.1
2020-06-19,latest_vintage_causal,contraction,expansion,recovery,official,-2.921194,2.25282,0.490713,high,1,False,1,4,3,0.536682,bounded_confirmation_lag,confirmation_in_flight,0.379436,0.743544,0.618493,0.252831,0.00207,0.003615,1e-06,9e-06,recovery,True,False,False,True,False,True,False,57.097031,-12.544509,0.1
2020-06-26,latest_vintage_causal,contraction,expansion,recovery,official,-2.921194,2.25282,0.286211,high,2,False,2,4,3,0.518248,bounded_confirmation_lag,confirmation_in_flight,0.465924,0.642988,0.532293,0.356778,0.001782,0.000234,1e-06,0.0,recovery,True,False,False,True,False,True,False,47.101944,-11.65008,0.1
2020-07-03,latest_vintage_causal,recovery,recovery,recovery,official,-2.589007,3.7547,0.320066,high,0,False,0,4,4,0.544246,semantically_supported,official_equals_raw_high_quality,0.563321,0.660031,0.436649,0.339965,2.9e-05,4e-06,1e-06,0.0,recovery,True,True,False,False,False,False,False,38.10334,-10.948974,0.1
2020-07-10,latest_vintage_causal,recovery,recovery,recovery,official,-2.462334,3.7547,0.479242,high,0,False,0,4,4,0.546754,semantically_supported,official_equals_raw_high_quality,0.642279,0.739619,0.357696,0.260378,2.4e-05,3e-06,1e-06,0.0,recovery,True,True,False,False,False,False,False,30.739225,-10.296264,0.1
2020-07-17,latest_vintage_causal,recovery,recovery,recovery,official,-1.795725,3.7547,0.661335,low,0,False,0,3,4,0.645366,low_evidence_ambiguous,low_separation_or_stale,0.708434,0.830666,0.291546,0.169331,1.9e-05,2e-06,1e-06,0.0,recovery,True,True,False,False,False,False,False,25.109656,-9.827311,0.1
2020-07-24,latest_vintage_causal,recovery,recovery,recovery,official,-1.795409,3.7547,0.813576,low,0,False,0,3,4,0.634323,low_evidence_ambiguous,low_separation_or_stale,0.780021,0.906787,0.219964,0.093211,1.5e-05,1e-06,1e-06,0.0,recovery,True,True,False,False,False,False,False,20.446425,-9.364693,0.1
2020-07-31,latest_vintage_causal,recovery,recovery,recovery,official,-1.699693,3.7547,0.905266,low,0,False,0,3,4,0.644706,low_evidence_ambiguous,low_separation_or_stale,0.845207,0.952633,0.154782,0.047367,1e-05,1e-06,1e-06,0.0,recovery,True,True,False,False,False,False,False,16.634719,-8.927735,0.1
2020-08-07,latest_vintage_causal,recovery,recovery,recovery,official,-1.699693,3.7547,0.95769,low,0,False,0,3,4,0.631536,low_evidence_ambiguous,low_separation_or_stale,0.91105,0.978845,0.088943,0.021155,6e-06,0.0,1e-06,0.0,recovery,True,True,False,False,False,False,False,14.281681,-8.432766,0.1
2020-08-14,latest_vintage_causal,recovery,recovery,recovery,official,-1.604361,3.7547,0.987754,low,0,False,0,3,4,0.636661,low_evidence_ambiguous,low_separation_or_stale,0.969286,0.993877,0.030711,0.006123,2e-06,0.0,1e-06,0.0,recovery,True,True,False,False,False,False,False,12.560155,-7.785889,0.1
2020-08-21,latest_vintage_causal,recovery,recovery,recovery,official,-1.405016,3.7547,0.980894,high,0,False,0,3,4,0.607728,semantically_supported,official_equals_raw_high_quality,0.949011,0.990447,0.050985,0.009553,3e-06,0.0,1e-06,0.0,recovery,True,True,False,False,False,False,False,11.71483,-7.204134,0.1
2020-08-28,latest_vintage_causal,recovery,recovery,recovery,official,-1.403907,3.7547,0.980496,high,0,False,0,3,4,0.588333,semantically_supported,official_equals_raw_high_quality,0.948904,0.990248,0.051092,0.009752,3e-06,0.0,1e-06,0.0,recovery,True,True,False,False,False,False,False,11.279755,-6.637697,0.1
2020-09-04,latest_vintage_causal,recovery,recovery,recovery,official,-1.273522,3.7547,0.974771,high,0,False,0,3,4,0.609565,semantically_supported,official_equals_raw_high_quality,0.934771,0.987385,0.065224,0.012615,4e-06,0.0,1e-06,0.0,recovery,True,True,False,False,False,False,False,10.517943,-6.233435,0.1
2020-09-11,latest_vintage_causal,recovery,recovery,recovery,official,-1.218839,3.7547,0.971486,low,0,False,0,3,4,0.617498,low_evidence_ambiguous,low_separation_or_stale,0.927821,0.985743,0.072174,0.014257,4e-06,0.0,1e-06,0.0,recovery,True,True,False,False,False,False,False,9.825581,-6.004111,0.1
2020-09-18,latest_vintage_causal,recovery,recovery,recovery,official,-1.15487,3.571038,0.967403,high,0,False,0,3,4,0.596269,semantically_supported,official_equals_raw_high_quality,0.918824,0.983701,0.081167,0.016298,8e-06,0.0,1e-06,0.0,recovery,True,True,False,False,False,False,False,9.260449,-5.749396,0.1
2020-09-25,latest_vintage_causal,recovery,recovery,recovery,official,-1.154439,3.571038,0.967028,high,0,False,0,3,4,0.587761,semantically_supported,official_equals_raw_high_quality,0.91876,0.983514,0.081231,0.016486,8e-06,0.0,1e-06,0.0,recovery,True,True,False,False,False,False,False,8.609314,-5.547323,0.1
2020-10-02,latest_vintage_causal,recovery,recovery,recovery,official,-1.022877,3.571038,0.95734,high,0,False,0,2,4,0.606433,semantically_supported,official_equals_raw_high_quality,0.896976,0.97867,0.103013,0.02133,1e-05,0.0,1e-06,0.0,recovery,True,True,False,False,False,False,False,7.956097,-5.273949,0.1
2020-10-09,latest_vintage_causal,recovery,recovery,recovery,official,-0.984688,3.571038,0.952906,high,0,False,0,2,4,0.604145,semantically_supported,official_equals_raw_high_quality,0.889745,0.976453,0.110243,0.023547,1.1e-05,0.0,1e-06,0.0,recovery,True,True,False,False,False,False,False,7.136727,-4.932281,0.1
2020-10-16,latest_vintage_causal,recovery,recovery,recovery,official,-0.97333,3.172702,0.951317,high,0,False,0,2,4,0.584783,semantically_supported,official_equals_raw_high_quality,0.887493,0.975658,0.112475,0.024341,3.1e-05,1e-06,1e-06,0.0,recovery,True,True,False,False,False,False,False,6.439492,-4.629314,0.1
2020-10-23,latest_vintage_causal,recovery,recovery,recovery,official,-0.955641,2.828724,0.949417,high,0,False,0,2,4,0.602849,semantically_supported,official_equals_raw_high_quality,0.883894,0.974706,0.116028,0.02529,7.7e-05,3e-06,1e-06,0.0,recovery,True,True,False,False,False,False,False,5.964791,-4.252685,0.1
2020-10-30,latest_vintage_causal,recovery,recovery,recovery,official,-0.788292,2.828167,0.920417,high,0,False,0,2,4,0.519445,semantically_supported,official_equals_raw_high_quality,0.827292,0.960206,0.1726,0.039789,0.000107,5e-06,1e-06,0.0,recovery,True,True,False,False,False,False,False,5.753711,-3.932824,0.1
2020-11-06,latest_vintage_causal,recovery,recovery,recovery,official,-0.755195,2.82761,0.909184,high,0,False,0,2,4,0.498115,semantically_supported,official_equals_raw_high_quality,0.817687,0.954589,0.182199,0.045405,0.000113,6e-06,1e-06,0.0,recovery,True,True,False,False,False,False,False,5.948287,-3.625699,0.1
2020-11-13,latest_vintage_causal,recovery,recovery,recovery,official,-0.668256,2.82761,0.890193,high,0,False,0,2,4,0.48039,semantically_supported,official_equals_raw_high_quality,0.790496,0.945093,0.209373,0.0549,0.00013,7e-06,1e-06,0.0,recovery,True,True,False,False,False,False,False,6.144199,-3.292649,0.1
2020-11-20,latest_vintage_causal,recovery,recovery,recovery,official,-0.62051,2.428076,0.882444,high,0,False,0,3,3,0.48204,semantically_supported,official_equals_raw_high_quality,0.785678,0.94121,0.213896,0.058766,0.000425,2.4e-05,1e-06,0.0,recovery,True,True,False,False,False,False,False,6.327193,-3.017406,0.1
2020-11-27,latest_vintage_causal,recovery,recovery,recovery,official,-0.584193,2.425571,0.872074,high,0,False,0,3,3,0.466566,semantically_supported,official_equals_raw_high_quality,0.773268,0.936024,0.226279,0.06395,0.000453,2.6e-05,1e-06,0.0,recovery,True,True,False,False,False,False,False,6.097628,-2.835823,0.1
2020-12-04,latest_vintage_causal,recovery,recovery,recovery,official,-0.596005,2.101728,0.872029,high,0,False,0,3,3,0.468861,semantically_supported,official_equals_raw_high_quality,0.776913,0.935985,0.222068,0.063956,0.001018,5.9e-05,1e-06,0.0,recovery,True,True,False,False,False,False,False,5.795065,-2.615134,0.1
2020-12-11,latest_vintage_causal,recovery,recovery,recovery,official,-0.588937,1.674801,0.870225,high,0,False,0,3,3,0.467245,semantically_supported,official_equals_raw_high_quality,0.772888,0.935023,0.224044,0.064798,0.003067,0.000179,1e-06,0.0,recovery,True,True,False,False,False,False,False,5.099097,-2.590449,0.1
2020-12-18,latest_vintage_causal,recovery,recovery,recovery,official,-0.513187,1.939685,0.850252,high,0,False,0,2,3,0.506998,semantically_supported,official_equals_raw_high_quality,0.74664,0.925074,0.251612,0.074821,0.001747,0.000105,1e-06,0.0,recovery,True,True,False,False,False,False,False,4.168343,-2.585981,0.1
2020-12-25,latest_vintage_causal,recovery,recovery,recovery,official,-0.494635,1.908209,0.8356,high,0,False,0,2,3,0.497544,semantically_supported,official_equals_raw_high_quality,0.735649,0.917738,0.262375,0.082138,0.001975,0.000124,1e-06,0.0,recovery,True,True,False,False,False,False,False,3.60441,-2.491607,0.1
2021-01-01,latest_vintage_causal,recovery,recovery,recovery,official,-0.539859,0.922778,0.855658,high,0,False,0,3,2,0.521244,semantically_supported,official_equals_raw_high_quality,0.752198,0.927057,0.223623,0.071399,0.024178,0.001544,1e-06,0.0,recovery,True,True,False,False,False,False,False,2.936473,-2.451555,0.1
2021-01-08,latest_vintage_causal,recovery,recovery,recovery,official,-0.489801,0.840893,0.843844,high,0,False,0,3,2,0.515381,semantically_supported,official_equals_raw_high_quality,0.723116,0.920858,0.244303,0.077014,0.03258,0.002128,1e-06,0.0,recovery,True,True,False,False,False,False,False,2.487093,-2.29819,0.1
2021-01-15,latest_vintage_causal,recovery,recovery,recovery,official,-0.455176,1.06291,0.807167,high,0,False,0,2,3,0.493785,semantically_supported,official_equals_raw_high_quality,0.69197,0.902927,0.289051,0.09576,0.018978,0.001313,1e-06,0.0,recovery,True,True,False,False,False,False,False,1.958534,-2.23429,0.1
2021-01-22,latest_vintage_causal,recovery,recovery,recovery,official,-0.283576,1.675533,0.656667,high,0,False,0,2,3,0.438857,semantically_supported,official_equals_raw_high_quality,0.567012,0.828096,0.427151,0.171429,0.005837,0.000476,1e-06,0.0,recovery,True,True,False,False,False,False,False,1.63656,-2.181447,0.1
2021-01-29,latest_vintage_causal,recovery,recovery,recovery,official,-0.306849,1.674509,0.589659,high,0,False,0,2,3,0.447934,semantically_supported,official_equals_raw_high_quality,0.58432,0.794558,0.410061,0.2049,0.005618,0.000542,1e-06,0.0,recovery,True,True,False,False,False,False,False,1.252745,-2.114226,0.1
2021-02-05,latest_vintage_causal,recovery,recovery,recovery,official,-0.291114,1.700502,0.533145,high,0,False,0,2,3,0.438614,semantically_supported,official_equals_raw_high_quality,0.572733,0.766287,0.421859,0.233142,0.005407,0.000571,1e-06,0.0,recovery,True,True,False,False,False,False,False,1.382706,-2.035727,0.1
2021-02-12,latest_vintage_causal,recovery,recovery,recovery,official,-0.232943,2.198839,0.431109,high,0,False,0,2,3,0.429588,semantically_supported,official_equals_raw_high_quality,0.532304,0.715458,0.466029,0.284349,0.001666,0.000193,1e-06,0.0,recovery,True,True,False,False,False,False,False,1.78245,-1.868887,0.1
2021-02-19,latest_vintage_causal,recovery,recovery,recovery,official,-0.470488,0.534145,0.544914,high,0,False,0,3,2,0.353767,semantically_supported,official_equals_raw_high_quality,0.591982,0.766839,0.32071,0.221925,0.087307,0.011236,1e-06,0.0,recovery,True,True,False,False,False,False,False,1.836415,-1.751942,0.1
2021-02-26,latest_vintage_causal,recovery,recovery,recovery,official,-0.440902,0.586033,0.594383,high,0,False,0,3,2,0.333946,semantically_supported,official_equals_raw_high_quality,0.58908,0.792039,0.33183,0.197655,0.079089,0.010306,1e-06,0.0,recovery,True,True,False,False,False,False,False,2.09585,-1.605133,0.1
2021-03-05,latest_vintage_causal,recovery,recovery,recovery,official,-0.430898,0.712468,0.649762,high,0,False,0,3,2,0.319572,semantically_supported,official_equals_raw_high_quality,0.624304,0.821632,0.320452,0.17187,0.055243,0.006497,1e-06,0.0,recovery,True,True,False,False,False,False,False,2.081338,-1.455929,0.1
2021-03-12,latest_vintage_causal,recovery,recovery,recovery,official,-0.360257,0.766214,0.623575,high,0,False,0,3,2,0.304678,semantically_supported,official_equals_raw_high_quality,0.584453,0.808847,0.361277,0.185272,0.054269,0.005881,1e-06,0.0,recovery,True,True,False,False,False,False,False,2.35007,-1.28328,0.1
2021-03-19,latest_vintage_causal,recovery,expansion,recovery,official,0.084686,1.691985,0.135936,high,0,False,1,3,2,0.528388,semantically_supported,filter_absorbed_raw_flip,0.33495,0.567339,0.655857,0.431403,0.009192,0.001257,1e-06,0.0,expansion,False,True,False,False,False,True,False,2.610961,-1.123835,0.1
2021-03-26,latest_vintage_causal,expansion,expansion,expansion,official,0.115888,1.734102,0.261506,high,0,False,0,3,2,0.547863,semantically_supported,official_equals_raw_high_quality,0.322848,0.368521,0.668738,0.630027,0.008413,0.001452,1e-06,0.0,expansion,True,True,False,False,False,False,False,2.821548,-0.971313,0.1
2021-04-02,latest_vintage_causal,expansion,expansion,expansion,official,0.245772,2.285199,0.593551,high,0,False,0,2,3,0.500019,semantically_supported,official_equals_raw_high_quality,0.269675,0.203033,0.728373,0.796584,0.001951,0.000382,1e-06,0.0,expansion,True,True,False,False,False,False,False,2.943747,-0.843315,0.1
2021-04-09,latest_vintage_causal,expansion,expansion,expansion,official,0.282925,2.255216,0.745479,high,0,False,0,1,3,0.521371,semantically_supported,official_equals_raw_high_quality,0.26137,0.127039,0.736498,0.872518,0.00213,0.000443,1e-06,0.0,expansion,True,True,False,False,False,False,False,2.800388,-0.734545,0.1
2021-04-16,latest_vintage_causal,expansion,expansion,expansion,official,0.484919,2.285229,0.821953,low,0,False,0,1,3,0.620169,low_evidence_ambiguous,low_separation_or_stale,0.238045,0.08881,0.759918,0.910763,0.002035,0.000427,1e-06,0.0,expansion,True,True,False,False,False,False,False,2.950455,-0.553895,0.1
2021-04-23,latest_vintage_causal,expansion,expansion,expansion,official,0.462648,3.119983,0.835583,low,0,False,0,0,4,0.618524,low_evidence_ambiguous,low_separation_or_stale,0.251409,0.082185,0.74837,0.917768,0.00022,4.7e-05,1e-06,0.0,expansion,True,True,False,False,False,False,False,2.81618,-0.458488,0.1
2021-04-30,latest_vintage_causal,expansion,expansion,expansion,official,0.575274,3.506522,0.847466,high,0,False,0,0,4,0.574312,semantically_supported,official_equals_raw_high_quality,0.241624,0.076258,0.758292,0.923724,8.3e-05,1.8e-05,1e-06,0.0,expansion,True,True,False,False,False,False,False,2.707031,-0.352422,0.1
2021-05-07,latest_vintage_causal,expansion,expansion,expansion,official,0.60521,3.495497,0.859051,high,0,False,0,0,4,0.592378,semantically_supported,official_equals_raw_high_quality,0.230886,0.070465,0.769027,0.929516,8.6e-05,1.8e-05,1e-06,0.0,expansion,True,True,False,False,False,False,False,2.651902,-0.202246,0.1
2021-05-14,latest_vintage_causal,expansion,expansion,expansion,official,0.641704,3.310807,0.871362,low,0,False,0,0,4,0.616001,low_evidence_ambiguous,low_separation_or_stale,0.218243,0.064304,0.781615,0.935667,0.000141,2.9e-05,1e-06,0.0,expansion,True,True,False,False,False,False,False,2.498751,-0.105233,0.1
2021-05-21,latest_vintage_causal,expansion,expansion,expansion,official,0.606503,2.152602,0.865701,high,0,False,0,0,3,0.604451,semantically_supported,official_equals_raw_high_quality,0.229831,0.066866,0.767482,0.932566,0.002686,0.000568,1e-06,0.0,expansion,True,True,False,False,False,False,False,2.415371,0.013301,0.1
2021-05-28,latest_vintage_causal,expansion,expansion,expansion,official,0.644063,2.178757,0.873378,high,0,False,0,0,3,0.575497,semantically_supported,official_equals_raw_high_quality,0.216919,0.063043,0.780526,0.936421,0.002555,0.000535,1e-06,0.0,expansion,True,True,False,False,False,False,False,2.546146,0.194609,0.1
2021-06-04,latest_vintage_causal,expansion,expansion,expansion,official,0.704973,1.921503,0.888316,high,0,False,0,0,3,0.533959,semantically_supported,official_equals_raw_high_quality,0.196574,0.055321,0.798374,0.943637,0.005051,0.001042,1e-06,0.0,expansion,True,True,False,False,False,False,False,2.623031,0.33472,0.1
2021-06-11,latest_vintage_causal,expansion,expansion,expansion,official,0.762139,2.058352,0.903162,high,0,False,0,0,3,0.530558,semantically_supported,official_equals_raw_high_quality,0.179516,0.048048,0.816844,0.95121,0.00364,0.000742,1e-06,0.0,expansion,True,True,False,False,False,False,False,2.53698,0.480292,0.1
2021-06-18,latest_vintage_causal,expansion,expansion,expansion,official,0.67449,1.364534,0.878571,high,0,False,0,1,3,0.421732,semantically_supported,official_equals_raw_high_quality,0.2136,0.058235,0.763261,0.936805,0.023138,0.00496,1e-06,0.0,expansion,True,True,False,False,False,False,False,2.571776,0.589883,0.1
2021-06-25,latest_vintage_causal,expansion,expansion,expansion,official,0.690079,1.350277,0.876353,high,0,False,0,1,3,0.413354,semantically_supported,official_equals_raw_high_quality,0.20826,0.05919,0.767603,0.935543,0.024136,0.005267,1e-06,0.0,expansion,True,True,False,False,False,False,False,2.500492,0.666891,0.1
2021-07-02,latest_vintage_causal,expansion,expansion,expansion,official,0.716829,1.009819,0.875191,high,0,False,0,1,3,0.399625,semantically_supported,official_equals_raw_high_quality,0.193068,0.056121,0.750477,0.931312,0.056454,0.012567,1e-06,0.0,expansion,True,True,False,False,False,False,False,2.444309,0.794164,0.1
2021-07-09,latest_vintage_causal,expansion,expansion,expansion,official,0.76378,0.996797,0.884943,high,0,False,0,1,3,0.406797,semantically_supported,official_equals_raw_high_quality,0.178593,0.050728,0.762131,0.935671,0.059275,0.013601,1e-06,0.0,expansion,True,True,False,False,False,False,False,2.395817,0.875103,0.1
2021-07-16,latest_vintage_causal,expansion,expansion,expansion,official,0.80103,1.109932,0.897051,high,0,False,0,1,3,0.393076,semantically_supported,official_equals_raw_high_quality,0.170563,0.046317,0.783814,0.943368,0.045622,0.010315,1e-06,0.0,expansion,True,True,False,False,False,False,False,2.479925,1.042308,0.1
2021-07-23,latest_vintage_causal,expansion,expansion,expansion,official,0.739986,0.788222,0.876752,high,0,False,0,1,3,0.331097,semantically_supported,official_equals_raw_high_quality,0.178239,0.050281,0.725476,0.927033,0.096284,0.022686,1e-06,0.0,expansion,True,True,False,False,False,False,False,2.208825,1.126116,0.1
2021-07-30,latest_vintage_causal,expansion,expansion,expansion,official,0.753741,0.641061,0.86626,high,0,False,0,1,2,0.338783,semantically_supported,official_equals_raw_high_quality,0.166875,0.049387,0.698052,0.915648,0.135072,0.034965,1e-06,0.0,expansion,True,True,False,False,False,False,False,1.837122,1.116794,0.1
2021-08-06,latest_vintage_causal,expansion,expansion,expansion,official,0.765537,0.596987,0.862682,high,0,False,0,1,2,0.333732,semantically_supported,official_equals_raw_high_quality,0.161029,0.047909,0.689584,0.910591,0.149386,0.0415,1e-06,0.0,expansion,True,True,False,False,False,False,False,1.618762,1.175771,0.1
2021-08-13,latest_vintage_causal,expansion,expansion,expansion,official,0.787413,0.549276,0.858136,high,0,False,0,1,2,0.338415,semantically_supported,official_equals_raw_high_quality,0.152262,0.045401,0.681023,0.906368,0.166714,0.048231,1e-06,0.0,expansion,True,True,False,False,False,False,False,1.382214,1.197302,0.1
2021-08-20,latest_vintage_causal,expansion,expansion,expansion,official,0.791612,0.551269,0.858862,high,0,False,0,1,1,0.341504,semantically_supported,official_equals_raw_high_quality,0.142858,0.041738,0.689269,0.908562,0.167873,0.0497,1e-06,0.0,expansion,True,True,False,False,False,False,False,1.341602,1.285435,0.1
2021-08-27,latest_vintage_causal,expansion,expansion,expansion,official,0.823934,0.530159,0.855939,high,0,False,0,1,1,0.337949,semantically_supported,official_equals_raw_high_quality,0.133908,0.038455,0.688966,0.908742,0.177125,0.052803,1e-06,0.0,expansion,True,True,False,False,False,False,False,1.2352,1.392239,0.1
2021-09-03,latest_vintage_causal,expansion,expansion,expansion,official,0.784864,0.337826,0.766878,high,0,False,0,2,1,0.368329,semantically_supported,official_equals_raw_high_quality,0.132074,0.04174,0.584879,0.862569,0.283047,0.095691,1e-06,0.0,expansion,True,True,False,False,False,False,False,1.160736,1.44544,0.1
2021-09-10,latest_vintage_causal,expansion,slowdown,expansion,official,0.801623,0.023366,0.517294,high,0,False,1,2,1,0.367873,semantically_supported,filter_absorbed_raw_flip,0.094897,0.035594,0.434482,0.74085,0.47062,0.223556,1e-06,0.0,expansion,True,True,False,False,False,False,False,0.836551,1.474479,0.1
2021-09-17,latest_vintage_causal,slowdown,slowdown,slowdown,official,0.661547,-0.354014,0.150232,high,0,False,0,3,1,0.405014,semantically_supported,official_equals_raw_high_quality,0.066751,0.026078,0.23133,0.411845,0.701919,0.562077,1e-06,0.0,slowdown,True,True,False,False,False,False,False,0.800594,1.545443,0.1
2021-09-24,latest_vintage_causal,slowdown,slowdown,slowdown,official,0.657756,-0.362008,0.577376,high,0,False,0,3,1,0.400992,semantically_supported,official_equals_raw_high_quality,0.06626,0.013687,0.227905,0.204468,0.705834,0.781844,1e-06,0.0,slowdown,True,True,False,False,False,False,False,0.760627,1.522561,0.1
2021-10-01,latest_vintage_causal,slowdown,slowdown,slowdown,official,0.634295,-0.489967,0.817393,high,0,False,0,3,1,0.395322,semantically_supported,official_equals_raw_high_quality,0.054364,0.006126,0.178467,0.088241,0.767168,0.905633,1e-06,0.0,slowdown,True,True,False,False,False,False,False,0.465732,1.454658,0.1
2021-10-08,latest_vintage_causal,slowdown,slowdown,slowdown,official,0.665374,-0.349797,0.83196,high,0,False,0,3,1,0.391121,semantically_supported,official_equals_raw_high_quality,0.066782,0.005194,0.233207,0.081423,0.70001,0.913383,1e-06,0.0,slowdown,True,True,False,False,False,False,False,0.509858,1.499981,0.1
2021-10-15,latest_vintage_causal,slowdown,slowdown,slowdown,official,0.684316,-0.349337,0.83656,high,0,False,0,3,1,0.40129,semantically_supported,official_equals_raw_high_quality,0.064527,0.00482,0.233978,0.07931,0.701495,0.91587,1e-06,0.0,slowdown,True,True,False,False,False,False,False,0.507208,1.576982,0.1
2021-10-22,latest_vintage_causal,slowdown,expansion,slowdown,official,0.830976,0.304463,0.339201,high,0,False,1,2,1,0.428388,semantically_supported,filter_absorbed_raw_flip,0.118877,0.014597,0.57698,0.323101,0.304142,0.662302,1e-06,0.0,expansion,True,False,False,False,False,True,False,0.694614,1.7799,0.1
2021-10-29,latest_vintage_causal,expansion,expansion,expansion,official,0.915268,0.622263,0.489402,high,0,False,0,1,1,0.466337,semantically_supported,official_equals_raw_high_quality,0.118734,0.02562,0.732528,0.731891,0.148737,0.242489,1e-06,0.0,expansion,True,True,False,False,False,False,False,1.275038,2.134118,0.1
2021-11-05,latest_vintage_causal,expansion,expansion,expansion,official,0.965485,0.710104,0.833181,high,0,False,0,1,1,0.489572,semantically_supported,official_equals_raw_high_quality,0.112076,0.027495,0.76405,0.902843,0.123873,0.069662,1e-06,0.0,expansion,True,True,False,False,False,False,False,1.694557,2.363371,0.1
2021-11-12,latest_vintage_causal,expansion,expansion,expansion,official,1.017715,0.844749,0.920751,high,0,False,0,1,1,0.498817,semantically_supported,official_equals_raw_high_quality,0.106026,0.025445,0.801896,0.947653,0.092077,0.026902,1e-06,0.0,expansion,True,True,False,False,False,False,False,1.908524,2.538267,0.1
2021-11-19,latest_vintage_causal,expansion,expansion,expansion,official,1.114116,1.910359,0.956138,high,0,False,0,0,2,0.491469,semantically_supported,official_equals_raw_high_quality,0.097842,0.021291,0.896321,0.97743,0.005835,0.001279,1e-06,0.0,expansion,True,True,False,False,False,False,False,2.368675,2.737767,0.1
2021-11-26,latest_vintage_causal,expansion,expansion,expansion,official,1.151281,2.006738,0.960463,high,0,False,0,0,2,0.503603,semantically_supported,official_equals_raw_high_quality,0.091629,0.019332,0.903773,0.979796,0.004596,0.000872,1e-06,0.0,expansion,True,True,False,False,False,False,False,2.850755,2.898942,0.1
2021-12-03,latest_vintage_causal,expansion,expansion,expansion,official,1.131163,1.895283,0.956163,high,0,False,0,1,2,0.543412,semantically_supported,official_equals_raw_high_quality,0.10073,0.021255,0.892326,0.977418,0.006944,0.001328,1e-06,0.0,expansion,True,True,False,False,False,False,False,3.137483,3.073441,0.1
2021-12-10,latest_vintage_causal,expansion,expansion,expansion,official,1.181107,1.736157,0.959073,high,0,False,0,1,2,0.551168,semantically_supported,official_equals_raw_high_quality,0.091761,0.019462,0.897735,0.978535,0.010502,0.002004,1e-06,0.0,expansion,True,True,False,False,False,False,False,3.362871,3.25494,0.1
2021-12-17,latest_vintage_causal,expansion,expansion,expansion,official,1.10284,0.808937,0.929436,high,0,False,0,2,1,0.609193,semantically_supported,official_equals_raw_high_quality,0.094886,0.022065,0.790673,0.953686,0.114439,0.024249,1e-06,0.0,expansion,True,True,False,False,False,False,False,3.194274,3.359216,0.1
2021-12-24,latest_vintage_causal,expansion,expansion,expansion,official,1.112116,0.686082,0.904292,low,0,False,0,2,1,0.611566,low_evidence_ambiguous,low_separation_or_stale,0.089518,0.021734,0.759823,0.941279,0.150659,0.036987,1e-06,0.0,expansion,True,True,False,False,False,False,False,2.596499,3.400665,0.1
2021-12-31,latest_vintage_causal,expansion,expansion,expansion,official,1.022388,0.266859,0.762644,low,0,False,0,2,1,0.668857,low_evidence_ambiguous,low_separation_or_stale,0.081813,0.023992,0.580968,0.869326,0.337218,0.106682,1e-06,0.0,expansion,True,True,False,False,False,False,False,2.163848,3.419155,0.1
2022-01-07,latest_vintage_causal,expansion,expansion,expansion,official,1.011954,0.171551,0.63152,low,0,False,0,2,1,0.663811,low_evidence_ambiguous,low_separation_or_stale,0.076282,0.023178,0.530572,0.804171,0.393145,0.172651,1e-06,0.0,expansion,True,True,False,False,False,False,False,1.681561,3.358734,0.1
2022-01-14,latest_vintage_causal,expansion,slowdown,expansion,official,0.992208,-0.283494,0.058315,low,0,False,1,2,1,0.658615,semantically_supported,filter_absorbed_raw_flip,0.042394,0.015729,0.283513,0.521293,0.674093,0.462978,1e-06,0.0,slowdown,True,False,False,False,False,True,False,1.0845,3.267415,0.1
2022-01-21,latest_vintage_causal,expansion,slowdown,slowdown,official,0.944942,-0.721601,0.75101,low,1,False,2,3,1,0.665994,bounded_confirmation_lag,confirmation_in_flight,0.018362,0.004104,0.111782,0.122443,0.869856,0.873453,1e-06,0.0,slowdown,True,False,False,True,False,True,False,0.504734,3.146626,0.1
2022-01-28,latest_vintage_causal,expansion,slowdown,slowdown,official,0.917278,-0.84722,0.943439,low,2,False,3,3,1,0.655807,bounded_confirmation_lag,confirmation_in_flight,0.014572,0.001011,0.083964,0.027775,0.901463,0.971214,1e-06,0.0,slowdown,True,False,False,True,False,True,False,-0.133793,3.007786,0.1
2022-02-04,latest_vintage_causal,slowdown,slowdown,slowdown,official,0.745043,-1.198367,0.984475,low,0,False,0,3,1,0.653156,low_evidence_ambiguous,low_separation_or_stale,0.008842,0.000393,0.036175,0.007566,0.954982,0.992041,1e-06,0.0,slowdown,True,True,False,False,False,False,False,-0.617285,2.952025,0.1
2022-02-11,latest_vintage_causal,slowdown,slowdown,slowdown,official,0.776862,-1.085296,0.981408,low,0,False,0,3,1,0.643187,low_evidence_ambiguous,low_separation_or_stale,0.010931,0.000444,0.047645,0.009074,0.941423,0.990482,1e-06,0.0,slowdown,True,True,False,False,False,False,False,-0.708038,3.009299,0.1
2022-02-18,latest_vintage_causal,slowdown,slowdown,slowdown,official,0.874439,-0.295742,0.839906,high,0,False,0,1,2,0.583035,semantically_supported,official_equals_raw_high_quality,0.053122,0.002946,0.302186,0.078574,0.644691,0.91848,1e-06,0.0,slowdown,True,True,False,False,False,False,False,-0.783541,3.012317,0.1
2022-02-25,latest_vintage_causal,slowdown,slowdown,slowdown,official,0.880418,-0.294893,0.782338,high,0,False,0,1,2,0.58342,semantically_supported,official_equals_raw_high_quality,0.052601,0.003933,0.3028,0.106864,0.644598,0.889203,1e-06,0.0,slowdown,True,True,False,False,False,False,False,-0.779299,3.031748,0.1
2022-03-04,latest_vintage_causal,slowdown,slowdown,slowdown,official,0.849237,-0.156014,0.671626,high,0,False,0,1,2,0.562617,semantically_supported,official_equals_raw_high_quality,0.069061,0.00629,0.373658,0.161042,0.55728,0.832668,1e-06,0.0,slowdown,True,True,False,False,False,False,False,-0.551489,3.08332,0.1
2022-03-11,latest_vintage_causal,slowdown,expansion,slowdown,official,0.84658,0.024085,0.445612,high,0,False,1,1,2,0.554328,semantically_supported,filter_absorbed_raw_flip,0.087398,0.010708,0.470375,0.27184,0.442226,0.717452,1e-06,0.0,expansion,True,False,False,False,False,True,False,-0.474345,3.030527,0.1
2022-03-18,latest_vintage_causal,slowdown,expansion,slowdown,official,0.853445,0.180574,0.0603,low,0,False,2,1,2,0.556901,semantically_supported,filter_absorbed_raw_flip,0.097354,0.016758,0.56822,0.461471,0.334425,0.521771,1e-06,0.0,expansion,True,False,False,False,False,True,False,-0.166031,3.06371,0.1
2022-03-25,latest_vintage_causal,expansion,expansion,expansion,official,0.863497,0.250986,0.297392,high,0,False,0,1,2,0.558509,semantically_supported,official_equals_raw_high_quality,0.10121,0.022405,0.602649,0.637493,0.29614,0.340102,1e-06,0.0,expansion,True,True,False,False,False,False,False,0.185898,3.100623,0.1
2022-04-01,latest_vintage_causal,expansion,expansion,expansion,official,0.766798,0.478541,0.675174,high,0,False,0,1,2,0.511558,semantically_supported,official_equals_raw_high_quality,0.137728,0.03471,0.676662,0.820232,0.185609,0.145058,1e-06,0.0,expansion,True,True,False,False,False,False,False,0.238329,3.071047,0.1
2022-04-08,latest_vintage_causal,expansion,expansion,expansion,official,0.769236,0.106601,0.590678,high,0,False,0,1,2,0.511461,semantically_supported,official_equals_raw_high_quality,0.105833,0.033785,0.522487,0.778446,0.37168,0.187768,1e-06,0.0,expansion,True,True,False,False,False,False,False,0.134971,3.076703,0.1
2022-04-15,latest_vintage_causal,expansion,slowdown,expansion,official,0.750241,-0.176351,0.194185,high,0,False,1,2,2,0.518882,semantically_supported,filter_absorbed_raw_flip,0.07744,0.028237,0.344134,0.582974,0.578425,0.388789,1e-06,0.0,slowdown,True,False,False,False,False,True,False,0.119636,3.072064,0.1
2022-04-22,latest_vintage_causal,slowdown,slowdown,slowdown,official,0.769749,-0.292045,0.253103,high,0,False,0,2,2,0.508091,semantically_supported,official_equals_raw_high_quality,0.062253,0.017325,0.287586,0.364786,0.65016,0.617889,1e-06,0.0,slowdown,True,True,False,False,False,False,False,0.052033,3.057733,0.1
2022-04-29,latest_vintage_causal,slowdown,slowdown,slowdown,official,0.748782,-0.247265,0.480225,high,0,False,0,2,2,0.497611,semantically_supported,official_equals_raw_high_quality,0.069625,0.012469,0.30851,0.253653,0.621864,0.733878,1e-06,0.0,slowdown,True,True,False,False,False,False,False,-0.048545,3.059187,0.1
2022-05-06,latest_vintage_causal,slowdown,slowdown,slowdown,official,0.746856,-0.234348,0.590978,high,0,False,0,2,2,0.49574,semantically_supported,official_equals_raw_high_quality,0.071317,0.009866,0.314799,0.199578,0.613884,0.790556,1e-06,0.0,slowdown,True,True,False,False,False,False,False,0.024989,3.042912,0.1
2022-05-13,latest_vintage_causal,slowdown,slowdown,slowdown,official,0.752699,-0.368027,0.735878,high,0,False,0,2,1,0.497477,semantically_supported,official_equals_raw_high_quality,0.05267,0.005858,0.252848,0.129132,0.694481,0.86501,1e-06,0.0,slowdown,True,True,False,False,False,False,False,0.008898,3.068108,0.1
2022-05-20,latest_vintage_causal,slowdown,slowdown,slowdown,official,0.646487,-0.756033,0.926387,high,0,False,0,3,0,0.532807,semantically_supported,official_equals_raw_high_quality,0.028292,0.002125,0.102291,0.035744,0.869416,0.962131,1e-06,0.0,slowdown,True,True,False,False,False,False,False,-0.198851,3.003043,0.1
2022-05-27,latest_vintage_causal,slowdown,slowdown,slowdown,official,0.640906,-0.756368,0.950495,high,0,False,0,3,0,0.529595,semantically_supported,official_equals_raw_high_quality,0.028577,0.001452,0.102183,0.024026,0.869239,0.974522,1e-06,0.0,slowdown,True,True,False,False,False,False,False,-0.206578,2.970158,0.1
2022-06-03,latest_vintage_causal,slowdown,slowdown,slowdown,official,0.613954,-0.559295,0.923697,high,0,False,0,3,0,0.515828,semantically_supported,official_equals_raw_high_quality,0.045893,0.002349,0.155538,0.036977,0.798568,0.960674,1e-06,0.0,slowdown,True,True,False,False,False,False,False,-0.149502,3.003758,0.1
2022-06-10,latest_vintage_causal,slowdown,slowdown,slowdown,official,0.605561,-0.506777,0.907518,high,0,False,0,3,0,0.508104,semantically_supported,official_equals_raw_high_quality,0.051836,0.002914,0.172775,0.044784,0.775387,0.952302,1e-06,0.0,slowdown,True,True,False,False,False,False,False,-0.276221,2.937454,0.1
2022-06-17,latest_vintage_causal,slowdown,slowdown,slowdown,official,0.454315,-1.062099,0.975714,high,0,False,0,3,0,0.563293,semantically_supported,official_equals_raw_high_quality,0.020239,0.001027,0.04994,0.01163,0.929821,0.987343,1e-06,0.0,slowdown,True,True,False,False,False,False,False,-0.243785,2.939001,0.1
2022-06-24,latest_vintage_causal,slowdown,slowdown,slowdown,official,0.444754,-1.081125,0.980417,high,0,False,0,3,0,0.559255,semantically_supported,official_equals_raw_high_quality,0.019704,0.000836,0.047705,0.009374,0.93259,0.989791,1e-06,0.0,slowdown,True,True,False,False,False,False,False,-0.345469,2.891194,0.1
2022-07-01,latest_vintage_causal,slowdown,slowdown,slowdown,official,0.350539,-1.273223,0.988026,high,0,False,0,3,0,0.512658,semantically_supported,official_equals_raw_high_quality,0.014879,0.000609,0.02987,0.005682,0.95525,0.993708,1e-06,0.0,slowdown,True,True,False,False,False,False,False,-0.485466,2.807165,0.1
2022-07-08,latest_vintage_causal,slowdown,slowdown,slowdown,official,0.352059,-1.061851,0.97851,high,0,False,0,3,1,0.499686,semantically_supported,official_equals_raw_high_quality,0.024611,0.001017,0.053274,0.010237,0.922114,0.988746,1e-06,0.0,slowdown,True,True,False,False,False,False,False,-0.680204,2.739934,0.1
2022-07-15,latest_vintage_causal,slowdown,slowdown,slowdown,official,0.341616,-1.056568,0.977646,high,0,False,0,3,1,0.494314,semantically_supported,official_equals_raw_high_quality,0.02543,0.001084,0.053914,0.010635,0.920655,0.988281,1e-06,0.0,slowdown,True,True,False,False,False,False,False,-0.659907,2.684662,0.1
2022-07-22,latest_vintage_causal,slowdown,slowdown,slowdown,official,0.2699,-0.938002,0.969551,high,0,False,0,3,1,0.453618,semantically_supported,official_equals_raw_high_quality,0.038451,0.001692,0.070688,0.014378,0.89086,0.98393,1e-06,0.0,slowdown,True,True,False,False,False,False,False,-0.700959,2.629766,0.1
2022-07-29,latest_vintage_causal,slowdown,slowdown,slowdown,official,0.425151,-0.358803,0.863709,low,0,True,0,3,2,0.524099,low_evidence_ambiguous,low_separation_or_stale,0.104442,0.006112,0.243194,0.06509,0.652363,0.928798,1e-06,0.0,slowdown,True,True,False,False,False,False,False,-0.942059,2.546285,0.1
2022-08-05,latest_vintage_causal,slowdown,slowdown,slowdown,official,0.408106,-0.367392,0.831135,low,0,True,0,3,2,0.515059,low_evidence_ambiguous,low_separation_or_stale,0.106119,0.008124,0.238867,0.08037,0.655013,0.911505,1e-06,0.0,slowdown,True,True,False,False,False,False,False,-0.985006,2.458472,0.1
2022-08-12,latest_vintage_causal,slowdown,slowdown,slowdown,official,0.387166,-0.523738,0.87527,high,0,False,0,3,2,0.506396,semantically_supported,official_equals_raw_high_quality,0.083354,0.006368,0.179974,0.059181,0.736671,0.934451,1e-06,0.0,slowdown,True,True,False,False,False,False,False,-1.180391,2.364104,0.1
2022-08-19,latest_vintage_causal,slowdown,expansion,slowdown,official,0.389022,0.086864,0.532609,low,0,True,1,2,2,0.52777,neutral_band_retention,neutral_band,0.204004,0.023554,0.442104,0.221919,0.353891,0.754527,1e-06,0.0,expansion,True,False,False,False,False,True,False,-1.232173,2.290727,0.1
2022-08-26,latest_vintage_causal,slowdown,expansion,slowdown,official,0.383595,0.109379,0.243207,low,0,True,2,2,2,0.524311,neutral_band_retention,neutral_band,0.209917,0.042009,0.450036,0.357392,0.340046,0.600599,1e-06,0.0,expansion,True,False,False,False,False,True,False,-1.11838,2.261486,0.1
2022-09-02,latest_vintage_causal,expansion,expansion,expansion,official,0.434662,0.523937,0.424775,high,0,False,0,2,2,0.556371,semantically_supported,official_equals_raw_high_quality,0.250003,0.076306,0.59466,0.674235,0.155337,0.249459,1e-06,0.0,expansion,True,True,False,False,False,False,False,-0.954135,2.273953,0.1
2022-09-09,latest_vintage_causal,expansion,expansion,expansion,official,0.434951,0.229421,0.467525,low,0,True,0,3,1,0.560424,low_evidence_ambiguous,low_separation_or_stale,0.216462,0.086644,0.478094,0.690441,0.305443,0.222915,1e-06,0.0,expansion,True,True,False,False,False,False,False,-0.801539,2.291329,0.1
2022-09-16,latest_vintage_causal,expansion,expansion,expansion,official,0.506325,0.763707,0.737265,high,0,False,0,2,2,0.604522,semantically_supported,official_equals_raw_high_quality,0.267316,0.10174,0.636053,0.839005,0.09663,0.059255,1e-06,0.0,expansion,True,True,False,False,False,False,False,-0.592914,2.336744,0.1
2022-09-23,latest_vintage_causal,expansion,expansion,expansion,official,0.478754,0.644141,0.740756,high,0,False,0,2,2,0.569664,semantically_supported,official_equals_raw_high_quality,0.269009,0.108532,0.605939,0.849288,0.125051,0.04218,1e-06,0.0,expansion,True,True,False,False,False,False,False,-0.420291,2.34004,0.1
2022-09-30,latest_vintage_causal,expansion,expansion,expansion,official,0.514507,0.255341,0.703836,high,0,False,0,2,2,0.591668,semantically_supported,official_equals_raw_high_quality,0.209647,0.097672,0.507014,0.803082,0.283338,0.099246,1e-06,0.0,expansion,True,True,False,False,False,False,False,-0.165629,2.377582,0.1
2022-10-07,latest_vintage_causal,expansion,expansion,expansion,official,0.508202,0.281044,0.667275,high,0,False,0,2,2,0.588367,semantically_supported,official_equals_raw_high_quality,0.215614,0.09466,0.514951,0.786308,0.269433,0.119032,1e-06,0.0,expansion,True,True,False,False,False,False,False,-0.034853,2.345769,0.1
2022-10-14,latest_vintage_causal,expansion,expansion,expansion,official,0.490018,0.322265,0.70104,low,0,True,0,1,2,0.575979,low_evidence_ambiguous,low_separation_or_stale,0.222963,0.092884,0.552115,0.804077,0.224921,0.103038,1e-06,0.0,expansion,True,True,False,False,False,False,False,-0.034861,2.24401,0.1
2022-10-21,latest_vintage_causal,expansion,expansion,expansion,official,0.465614,0.191877,0.651407,low,0,True,0,1,1,0.572289,low_evidence_ambiguous,low_separation_or_stale,0.201637,0.087356,0.508846,0.782025,0.289516,0.130619,1e-06,0.0,expansion,True,True,False,False,False,False,False,-0.035542,2.214834,0.1
2022-10-28,latest_vintage_causal,expansion,expansion,expansion,official,0.449536,0.153317,0.601018,low,0,True,0,1,1,0.563106,low_evidence_ambiguous,low_separation_or_stale,0.200834,0.086148,0.490874,0.757435,0.308292,0.156417,1e-06,0.0,expansion,True,True,False,False,False,False,False,-0.229253,2.134026,0.1
2022-11-04,latest_vintage_causal,expansion,slowdown,expansion,official,0.393434,-0.174829,0.285041,low,0,True,1,1,0,0.524534,neutral_band_retention,neutral_band,0.147671,0.0721,0.347055,0.60647,0.505272,0.32143,1e-06,0.0,slowdown,True,False,False,False,False,True,False,-0.360592,2.114508,0.1
2022-11-11,latest_vintage_causal,expansion,slowdown,expansion,official,0.384347,-0.158087,0.056009,low,0,True,2,1,0,0.520141,neutral_band_retention,neutral_band,0.153201,0.060481,0.353605,0.497764,0.493193,0.441755,1e-06,0.0,slowdown,True,False,False,False,False,True,False,-0.541188,2.073164,0.1
2022-11-18,latest_vintage_causal,slowdown,slowdown,slowdown,official,0.261242,-0.707838,0.696682,high,0,False,0,3,0,0.484771,semantically_supported,official_equals_raw_high_quality,0.068206,0.021738,0.12325,0.14079,0.808543,0.837472,1e-06,0.0,slowdown,True,True,False,False,False,False,False,-0.688464,2.012331,0.1
2022-11-25,latest_vintage_causal,slowdown,slowdown,slowdown,official,0.240104,-0.766977,0.909775,high,0,False,0,3,0,0.471014,semantically_supported,official_equals_raw_high_quality,0.062661,0.006432,0.108571,0.041896,0.828768,0.951671,1e-06,0.0,slowdown,True,True,False,False,False,False,False,-0.983602,1.905446,0.1
2022-12-02,latest_vintage_causal,slowdown,slowdown,slowdown,official,0.208029,-0.919125,0.962023,high,0,False,0,3,0,0.45107,semantically_supported,official_equals_raw_high_quality,0.045156,0.002557,0.073407,0.01771,0.881437,0.979733,1e-06,0.0,slowdown,True,True,False,False,False,False,False,-1.058276,1.838319,0.1
2022-12-09,latest_vintage_causal,slowdown,slowdown,slowdown,official,0.183462,-1.077766,0.980158,high,0,False,0,4,0,0.445092,semantically_supported,official_equals_raw_high_quality,0.031191,0.001422,0.044919,0.00921,0.92389,0.989368,1e-06,0.0,slowdown,True,True,False,False,False,False,False,-1.069307,1.759284,0.1
2022-12-16,latest_vintage_causal,slowdown,slowdown,slowdown,official,0.099431,-1.30075,0.989124,high,0,False,0,4,0,0.398596,semantically_supported,official_equals_raw_high_quality,0.021461,0.000895,0.026152,0.00499,0.952387,0.994115,1e-06,0.0,slowdown,True,True,False,False,False,False,False,-1.173025,1.678873,0.1
2022-12-23,latest_vintage_causal,slowdown,slowdown,slowdown,official,-0.083302,-1.821704,0.997093,high,0,False,0,4,0,0.3451,semantically_supported,official_equals_raw_high_quality,0.008397,0.000329,0.007116,0.001289,0.984486,0.998382,1e-06,0.0,contraction,False,True,False,False,False,True,False,-1.101933,1.630802,0.1
2022-12-30,latest_vintage_causal,slowdown,slowdown,slowdown,official,-0.066308,-1.590726,0.994575,high,0,False,0,4,0,0.348821,semantically_supported,official_equals_raw_high_quality,0.01536,0.000591,0.013463,0.002417,0.971177,0.996992,1e-06,0.0,contraction,False,True,False,False,False,True,False,-1.112457,1.593853,0.1
2023-01-06,latest_vintage_causal,slowdown,slowdown,slowdown,official,-0.074393,-1.591124,0.994532,high,0,False,0,4,0,0.343261,semantically_supported,official_equals_raw_high_quality,0.015589,0.000607,0.013446,0.00243,0.970964,0.996962,1e-06,0.0,contraction,False,True,False,False,False,True,False,-1.117226,1.557078,0.1
2023-01-13,latest_vintage_causal,slowdown,slowdown,slowdown,official,-0.079983,-1.48799,0.992876,high,0,False,0,4,0,0.334972,semantically_supported,official_equals_raw_high_quality,0.020348,0.0008,0.017356,0.003162,0.962295,0.996038,1e-06,0.0,contraction,False,True,False,False,False,True,False,-1.06402,1.51188,0.1
2023-01-20,latest_vintage_causal,slowdown,slowdown,slowdown,official,0.205324,-0.072131,0.760066,low,0,True,0,3,1,0.489657,low_evidence_ambiguous,low_separation_or_stale,0.230689,0.017236,0.322773,0.111349,0.446536,0.871415,1e-06,0.0,slowdown,True,True,False,False,False,False,False,-0.871349,1.508509,0.1
2023-01-27,latest_vintage_causal,slowdown,slowdown,slowdown,official,0.199104,-0.06064,0.615973,low,0,True,0,3,1,0.484238,low_evidence_ambiguous,low_separation_or_stale,0.235939,0.032893,0.326061,0.175567,0.437999,0.79154,1e-06,0.0,slowdown,True,True,False,False,False,False,False,-0.815108,1.478468,0.1
2023-02-03,latest_vintage_causal,slowdown,expansion,slowdown,official,0.279741,0.281918,0.169755,low,0,True,1,2,2,0.556239,neutral_band_retention,neutral_band,0.267622,0.063459,0.469932,0.383393,0.262445,0.553148,1e-06,0.0,expansion,True,False,False,False,False,True,False,-0.676775,1.473447,0.1
2023-02-10,latest_vintage_causal,slowdown,expansion,expansion,official,0.268657,0.408767,0.348225,high,1,False,2,1,2,0.547253,bounded_confirmation_lag,confirmation_in_flight,0.263937,0.093243,0.544876,0.627491,0.191186,0.279266,1e-06,0.0,expansion,True,False,False,True,False,True,False,-0.626068,1.420181,0.1
2023-02-17,latest_vintage_causal,expansion,expansion,expansion,official,0.257301,1.217597,0.760752,high,0,False,0,0,3,0.536387,semantically_supported,official_equals_raw_high_quality,0.282501,0.109507,0.689179,0.870259,0.028319,0.020233,1e-06,0.0,expansion,True,True,False,False,False,False,False,-0.717361,1.330095,0.1
2023-02-24,latest_vintage_causal,expansion,expansion,expansion,official,0.243108,1.203053,0.775443,high,0,False,0,0,3,0.522738,semantically_supported,official_equals_raw_high_quality,0.286974,0.108576,0.683858,0.884019,0.029167,0.007404,1e-06,0.0,expansion,True,True,False,False,False,False,False,-0.756466,1.258648,0.1
2023-03-03,latest_vintage_causal,expansion,expansion,expansion,official,0.24905,1.154335,0.773046,high,0,False,0,0,3,0.53016,semantically_supported,official_equals_raw_high_quality,0.289914,0.109589,0.677354,0.882635,0.032731,0.007776,1e-06,0.0,expansion,True,True,False,False,False,False,False,-0.76753,1.22347,0.1
2023-03-10,latest_vintage_causal,expansion,expansion,expansion,official,0.227331,0.919122,0.737769,high,0,False,0,1,3,0.530367,semantically_supported,official_equals_raw_high_quality,0.308137,0.123091,0.627813,0.86086,0.064049,0.016049,1e-06,0.0,expansion,True,True,False,False,False,False,False,-0.819896,1.165623,0.1
2023-03-17,latest_vintage_causal,expansion,slowdown,expansion,official,0.207604,-0.13171,0.447026,low,0,True,1,2,2,0.427951,neutral_band_retention,neutral_band,0.225669,0.152071,0.296498,0.647478,0.477832,0.200452,1e-06,0.0,slowdown,True,False,False,False,False,True,False,-0.857025,1.133775,0.1
2023-03-24,latest_vintage_causal,expansion,slowdown,slowdown,official,0.142549,-0.328484,0.078607,low,1,True,2,2,2,0.369447,bounded_confirmation_lag,confirmation_in_flight,0.191032,0.131275,0.220539,0.395059,0.588429,0.473666,1e-06,0.0,slowdown,True,False,False,False,False,True,False,-0.904475,1.064364,0.1
2023-03-31,latest_vintage_causal,slowdown,slowdown,slowdown,official,0.164418,-0.480198,0.583422,high,0,False,0,2,2,0.373416,semantically_supported,official_equals_raw_high_quality,0.143858,0.063617,0.173458,0.176481,0.682683,0.759903,1e-06,0.0,slowdown,True,True,False,False,False,False,False,-1.099825,0.948452,0.1
2023-04-07,latest_vintage_causal,slowdown,slowdown,slowdown,official,0.167048,-0.456828,0.779805,high,0,False,0,2,2,0.373326,semantically_supported,official_equals_raw_high_quality,0.149137,0.030041,0.180766,0.095077,0.670096,0.874882,1e-06,0.0,slowdown,True,True,False,False,False,False,False,-0.977008,0.953053,0.1
2023-04-14,latest_vintage_causal,slowdown,slowdown,slowdown,official,0.16247,-0.438732,0.836052,high,0,False,0,2,2,0.367217,semantically_supported,official_equals_raw_high_quality,0.154994,0.01889,0.186164,0.072529,0.65884,0.908581,1e-06,0.0,slowdown,True,True,False,False,False,False,False,-0.833997,0.928975,0.1
2023-04-21,latest_vintage_causal,slowdown,slowdown,slowdown,official,0.143477,-0.488339,0.869004,high,0,False,0,2,2,0.347213,semantically_supported,official_equals_raw_high_quality,0.14696,0.014081,0.169973,0.058457,0.683066,0.927461,1e-06,0.0,slowdown,True,True,False,False,False,False,False,-0.721719,0.908178,0.1
2023-04-28,latest_vintage_causal,slowdown,slowdown,slowdown,official,0.151921,-0.452204,0.866922,high,0,False,0,2,2,0.342129,semantically_supported,official_equals_raw_high_quality,0.154205,0.013413,0.181372,0.059832,0.664422,0.926755,1e-06,0.0,slowdown,True,True,False,False,False,False,False,-0.534435,0.950188,0.1
2023-05-05,latest_vintage_causal,slowdown,slowdown,slowdown,official,0.157915,-0.443926,0.863865,high,0,False,0,2,2,0.347766,semantically_supported,official_equals_raw_high_quality,0.15482,0.013417,0.184278,0.061359,0.660901,0.925224,1e-06,0.0,slowdown,True,True,False,False,False,False,False,-0.405843,0.942035,0.1
2023-05-12,latest_vintage_causal,slowdown,slowdown,slowdown,official,0.15238,-0.312881,0.790225,low,0,True,0,1,2,0.351356,low_evidence_ambiguous,low_separation_or_stale,0.196591,0.019525,0.248795,0.095125,0.554613,0.88535,1e-06,0.0,slowdown,True,True,False,False,False,False,False,-0.403816,0.908624,0.1
2023-05-19,latest_vintage_causal,slowdown,slowdown,slowdown,official,0.111886,-0.141587,0.651356,low,0,True,0,1,1,0.379852,low_evidence_ambiguous,low_separation_or_stale,0.247251,0.034304,0.308846,0.15717,0.443902,0.808526,1e-06,0.0,slowdown,True,True,False,False,False,False,False,-0.301413,0.89562,0.1
2023-05-26,latest_vintage_causal,slowdown,slowdown,slowdown,official,0.098866,-0.125753,0.55628,low,0,True,0,1,1,0.389734,low_evidence_ambiguous,low_separation_or_stale,0.25,0.047387,0.315105,0.198166,0.434894,0.754446,1e-06,0.0,slowdown,True,True,False,False,False,False,False,-0.207197,0.829293,0.1
2023-06-02,latest_vintage_causal,slowdown,slowdown,slowdown,official,0.100916,-0.249545,0.604971,low,0,True,0,1,0,0.397995,low_evidence_ambiguous,low_separation_or_stale,0.208163,0.043491,0.273492,0.175769,0.518344,0.78074,1e-06,0.0,slowdown,True,True,False,False,False,False,False,-0.351417,0.753466,0.1
2023-06-09,latest_vintage_causal,slowdown,slowdown,slowdown,official,0.078453,-0.28343,0.654248,low,0,True,0,1,0,0.416929,low_evidence_ambiguous,low_separation_or_stale,0.206026,0.039336,0.258861,0.153208,0.535112,0.807456,1e-06,0.0,slowdown,True,True,False,False,False,False,False,-0.490183,0.640379,0.1
2023-06-16,latest_vintage_causal,slowdown,expansion,slowdown,official,0.116347,0.020719,0.397351,low,0,True,1,1,1,0.350424,neutral_band_retention,neutral_band,0.256533,0.05657,0.395011,0.273039,0.348455,0.67039,1e-06,0.0,expansion,True,False,False,False,False,True,False,-0.654789,0.519613,0.1
2023-06-23,latest_vintage_causal,slowdown,slowdown,slowdown,official,0.0086,-0.319516,0.571376,low,0,True,0,2,1,0.315825,low_evidence_ambiguous,low_separation_or_stale,0.23128,0.058642,0.235268,0.184991,0.533451,0.756366,1e-06,0.0,slowdown,True,True,False,False,False,False,False,-0.939056,0.410205,0.1
2023-06-30,latest_vintage_causal,slowdown,slowdown,slowdown,official,-0.003271,-0.366935,0.687328,low,0,True,0,2,1,0.325165,low_evidence_ambiguous,low_separation_or_stale,0.220398,0.048366,0.218969,0.132153,0.560632,0.819481,1e-06,0.0,contraction,False,True,False,False,False,True,False,-0.979703,0.378256,0.1
2023-07-07,latest_vintage_causal,slowdown,slowdown,slowdown,official,-0.005402,-0.357642,0.73228,low,0,True,0,2,1,0.326654,low_evidence_ambiguous,low_separation_or_stale,0.224079,0.041138,0.221686,0.113291,0.554234,0.845571,1e-06,0.0,contraction,False,True,False,False,False,True,False,-0.948462,0.360508,0.1
2023-07-14,latest_vintage_causal,slowdown,slowdown,slowdown,official,-0.001873,-0.398555,0.797792,high,0,False,0,3,1,0.323549,semantically_supported,official_equals_raw_high_quality,0.204674,0.031692,0.189686,0.085258,0.605639,0.88305,1e-06,0.0,contraction,False,True,False,False,False,True,False,-0.831779,0.408324,0.1
2023-07-21,latest_vintage_causal,slowdown,slowdown,slowdown,official,0.092651,-0.033859,0.596765,low,0,True,0,2,1,0.374068,low_evidence_ambiguous,low_separation_or_stale,0.256418,0.04367,0.342282,0.179782,0.401299,0.776548,1e-06,0.0,slowdown,True,True,False,False,False,False,False,-0.600583,0.46517,0.1
2023-07-28,latest_vintage_causal,slowdown,slowdown,slowdown,official,0.091876,-0.008662,0.440981,low,0,True,0,2,1,0.374857,low_evidence_ambiguous,low_separation_or_stale,0.25664,0.058329,0.354128,0.250345,0.389231,0.691326,1e-06,0.0,slowdown,True,True,False,False,False,False,False,-0.474552,0.461138,0.1
2023-08-04,latest_vintage_causal,slowdown,expansion,slowdown,official,0.130139,0.083482,0.23386,low,0,True,1,2,2,0.339472,neutral_band_retention,neutral_band,0.270555,0.079596,0.390496,0.343271,0.338948,0.577132,1e-06,0.0,expansion,True,False,False,False,False,True,False,-0.265338,0.475345,0.1
2023-08-11,latest_vintage_causal,slowdown,expansion,slowdown,official,0.122894,0.093727,0.075428,low,0,True,2,2,2,0.34565,neutral_band_retention,neutral_band,0.270648,0.099203,0.395204,0.412684,0.334147,0.488112,1e-06,0.0,expansion,True,False,False,False,False,True,False,-0.222387,0.390061,0.1
2023-08-18,latest_vintage_causal,slowdown,expansion,expansion,official,0.157125,0.262695,0.218758,low,1,True,3,1,3,0.42122,bounded_confirmation_lag,confirmation_in_flight,0.284817,0.12389,0.461883,0.547434,0.253299,0.328676,1e-06,0.0,expansion,True,False,False,False,False,True,False,-0.138046,0.326681,0.1
2023-08-25,latest_vintage_causal,slowdown,expansion,expansion,official,0.149127,0.25302,0.381248,low,2,True,4,1,3,0.431511,bounded_confirmation_lag,confirmation_in_flight,0.284734,0.142201,0.457866,0.619523,0.257399,0.238275,1e-06,0.0,expansion,True,False,False,False,False,True,False,-0.157612,0.286691,0.1
2023-09-01,latest_vintage_causal,expansion,expansion,expansion,official,0.146571,0.261266,0.474121,low,0,True,0,1,3,0.444454,low_evidence_ambiguous,low_separation_or_stale,0.284804,0.153716,0.461291,0.660203,0.253903,0.186081,1e-06,0.0,expansion,True,True,False,False,False,False,False,-0.14948,0.274053,0.1
2023-09-08,latest_vintage_causal,expansion,expansion,expansion,official,0.153256,0.270373,0.523153,low,0,True,0,1,3,0.41687,low_evidence_ambiguous,low_separation_or_stale,0.284882,0.160165,0.465049,0.683318,0.250068,0.156517,1e-06,0.0,expansion,True,True,False,False,False,False,False,-0.114271,0.338175,0.1
2023-09-15,latest_vintage_causal,expansion,expansion,expansion,official,0.155447,0.265162,0.528063,low,0,True,0,1,3,0.397281,low_evidence_ambiguous,low_separation_or_stale,0.284838,0.16417,0.462902,0.692233,0.252259,0.143597,1e-06,0.0,expansion,True,True,False,False,False,False,False,-0.12927,0.384364,0.1
2023-09-22,latest_vintage_causal,expansion,expansion,expansion,official,0.194322,0.124465,0.465761,low,0,True,0,1,2,0.3692,low_evidence_ambiguous,low_separation_or_stale,0.270925,0.166979,0.409253,0.649391,0.319821,0.18363,1e-06,0.0,expansion,True,True,False,False,False,False,False,0.008116,0.452467,0.1
2023-09-29,latest_vintage_causal,expansion,slowdown,expansion,official,0.18335,-0.03052,0.256953,low,0,True,1,2,1,0.380349,neutral_band_retention,neutral_band,0.24949,0.16434,0.334521,0.546306,0.415989,0.289353,1e-06,0.0,slowdown,True,False,False,False,False,True,False,0.068559,0.49836,0.1
2023-10-06,latest_vintage_causal,expansion,slowdown,expansion,official,0.189921,0.007762,0.14732,low,0,True,2,2,1,0.381021,neutral_band_retention,neutral_band,0.25013,0.152401,0.352489,0.49746,0.39738,0.350139,1e-06,0.0,expansion,True,True,False,False,False,False,False,0.262154,0.516294,0.1
2023-10-13,latest_vintage_causal,expansion,slowdown,expansion,official,0.197531,0.017934,0.079486,low,0,True,3,2,1,0.373698,neutral_band_retention,neutral_band,0.250301,0.141442,0.35728,0.469022,0.392419,0.389536,1e-06,0.0,expansion,True,True,False,False,False,False,False,0.452679,0.551804,0.1
2023-10-20,latest_vintage_causal,expansion,slowdown,slowdown,official,0.140182,-0.245237,0.290174,low,1,True,4,3,0,0.371073,bounded_confirmation_lag,confirmation_in_flight,0.186719,0.097888,0.24673,0.305969,0.56655,0.596143,1e-06,0.0,slowdown,True,False,False,False,False,True,False,0.561333,0.566184,0.1
2023-10-27,latest_vintage_causal,expansion,slowdown,slowdown,official,0.138379,-0.242527,0.519072,low,2,True,5,3,0,0.372218,bounded_confirmation_lag,confirmation_in_flight,0.188,0.064209,0.247535,0.208359,0.564464,0.727432,1e-06,0.0,slowdown,True,False,False,False,False,True,False,0.574883,0.55861,0.1
2023-11-03,latest_vintage_causal,slowdown,slowdown,slowdown,official,0.16285,-0.184456,0.576643,low,0,True,0,2,0,0.362373,low_evidence_ambiguous,low_separation_or_stale,0.202742,0.049738,0.280252,0.186809,0.517005,0.763452,1e-06,0.0,slowdown,True,True,False,False,False,False,False,0.40682,0.537123,0.1
2023-11-10,latest_vintage_causal,slowdown,slowdown,slowdown,official,0.150221,-0.223717,0.637842,low,0,True,0,2,0,0.361356,low_evidence_ambiguous,low_separation_or_stale,0.196153,0.040192,0.264422,0.160983,0.539424,0.798825,1e-06,0.0,slowdown,True,True,False,False,False,False,False,0.240156,0.498943,0.1
2023-11-17,latest_vintage_causal,slowdown,slowdown,slowdown,official,0.155856,-0.288031,0.69435,low,0,True,0,2,0,0.386826,low_evidence_ambiguous,low_separation_or_stale,0.184212,0.03197,0.251122,0.136839,0.564665,0.83119,1e-06,0.0,slowdown,True,True,False,False,False,False,False,-0.081553,0.402445,0.1
2023-11-24,latest_vintage_causal,slowdown,slowdown,slowdown,official,0.155127,-0.304706,0.73008,low,0,True,0,2,0,0.387553,low_evidence_ambiguous,low_separation_or_stale,0.179995,0.026915,0.245018,0.121503,0.574987,0.851582,1e-06,0.0,slowdown,True,True,False,False,False,False,False,-0.175958,0.398801,0.1
2023-12-01,latest_vintage_causal,slowdown,slowdown,slowdown,official,0.213128,-0.047785,0.565995,low,0,True,0,2,1,0.337106,low_evidence_ambiguous,low_separation_or_stale,0.241101,0.040193,0.342616,0.196906,0.416282,0.762901,1e-06,0.0,slowdown,True,True,False,False,False,False,False,-0.202534,0.402935,0.1
2023-12-08,latest_vintage_causal,slowdown,slowdown,slowdown,official,0.204513,-0.056533,0.467885,low,0,True,0,2,1,0.326097,low_evidence_ambiguous,low_separation_or_stale,0.241975,0.052369,0.338019,0.239873,0.420005,0.707758,1e-06,0.0,slowdown,True,True,False,False,False,False,False,-0.28322,0.398294,0.1
2023-12-15,latest_vintage_causal,slowdown,slowdown,slowdown,official,0.21855,-0.038124,0.385399,low,0,True,0,2,1,0.320668,low_evidence_ambiguous,low_separation_or_stale,0.2416,0.062146,0.347045,0.276227,0.411354,0.661626,1e-06,0.0,slowdown,True,True,False,False,False,False,False,-0.191177,0.457833,0.1
2023-12-22,latest_vintage_causal,slowdown,expansion,slowdown,official,0.200612,0.098633,0.177952,low,0,True,1,1,1,0.323102,neutral_band_retention,neutral_band,0.257586,0.079172,0.404597,0.371438,0.337816,0.54939,1e-06,0.0,expansion,True,False,False,False,False,True,False,-0.183749,0.451064,0.1
2023-12-29,latest_vintage_causal,slowdown,expansion,slowdown,official,0.203435,0.040637,0.0983,low,0,True,2,1,1,0.320902,neutral_band_retention,neutral_band,0.257075,0.093875,0.377367,0.403912,0.365557,0.502212,1e-06,0.0,expansion,True,False,False,False,False,True,False,-0.155496,0.440288,0.1
2024-01-05,latest_vintage_causal,slowdown,expansion,slowdown,official,0.20914,0.067798,0.011236,low,0,True,3,1,1,0.316823,neutral_band_retention,neutral_band,0.257315,0.104866,0.39015,0.441949,0.352534,0.453185,1e-06,0.0,expansion,True,False,False,False,False,True,False,-0.019693,0.469057,0.1
2024-01-12,latest_vintage_causal,slowdown,expansion,expansion,official,0.205893,0.142999,0.133433,low,1,True,4,1,1,0.305792,bounded_confirmation_lag,confirmation_in_flight,0.257972,0.113849,0.425174,0.509792,0.316853,0.376359,1e-06,0.0,expansion,True,False,False,False,False,True,False,0.200053,0.482976,0.1
2024-01-19,latest_vintage_causal,slowdown,slowdown,slowdown,official,0.0337,-0.333126,0.323074,low,0,True,0,3,1,0.295243,low_evidence_ambiguous,low_separation_or_stale,0.213656,0.10458,0.212522,0.286173,0.573821,0.609247,1e-06,0.0,slowdown,True,True,False,False,False,False,False,0.31563,0.534859,0.1
2024-01-26,latest_vintage_causal,slowdown,slowdown,slowdown,official,0.027841,-0.347498,0.591289,low,0,True,0,3,1,0.297929,low_evidence_ambiguous,low_separation_or_stale,0.211088,0.073487,0.207535,0.167612,0.581376,0.758901,1e-06,0.0,slowdown,True,True,False,False,False,False,False,0.243769,0.505561,0.1
2024-02-02,latest_vintage_causal,slowdown,slowdown,slowdown,official,-0.037339,-0.725521,0.885294,high,0,False,0,4,0,0.331481,semantically_supported,official_equals_raw_high_quality,0.108385,0.021099,0.10063,0.046804,0.790984,0.932097,1e-06,0.0,contraction,False,True,False,False,False,True,False,0.069283,0.419829,0.1
2024-02-09,latest_vintage_causal,slowdown,slowdown,slowdown,official,-0.052002,-0.741484,0.938022,high,0,False,0,4,0,0.340098,semantically_supported,official_equals_raw_high_quality,0.10769,0.008838,0.097112,0.02657,0.795197,0.964592,1e-06,0.0,contraction,False,True,False,False,False,True,False,-0.180091,0.358814,0.1
2024-02-16,latest_vintage_causal,slowdown,slowdown,slowdown,official,-0.138341,-1.043344,0.975393,high,0,False,0,4,0,0.308012,semantically_supported,official_equals_raw_high_quality,0.062254,0.003491,0.047285,0.010558,0.89046,0.985951,1e-06,0.0,contraction,False,True,False,False,False,True,False,-0.343028,0.277661,0.1
2024-02-23,latest_vintage_causal,slowdown,slowdown,slowdown,official,0.024083,-0.56411,0.924516,high,0,False,0,3,0,0.369993,semantically_supported,official_equals_raw_high_quality,0.133299,0.00743,0.139836,0.034027,0.726864,0.958543,1e-06,0.0,slowdown,True,True,False,False,False,False,False,-0.242845,0.315821,0.1
2024-03-01,latest_vintage_causal,slowdown,slowdown,slowdown,official,-0.003104,-0.686589,0.936401,high,0,False,0,3,0,0.392355,semantically_supported,official_equals_raw_high_quality,0.110325,0.006896,0.109646,0.028351,0.780028,0.964752,1e-06,0.0,contraction,False,True,False,False,False,True,False,-0.22678,0.34938,0.1
2024-03-08,latest_vintage_causal,slowdown,slowdown,slowdown,official,-0.007819,-0.659777,0.925209,high,0,False,0,2,0,0.394791,semantically_supported,official_equals_raw_high_quality,0.12199,0.007644,0.129117,0.033573,0.748892,0.958783,1e-06,0.0,contraction,False,True,False,False,False,True,False,-0.266632,0.343929,0.1
2024-03-15,latest_vintage_causal,slowdown,slowdown,slowdown,official,-0.010428,-0.6863,0.928009,high,0,False,0,2,0,0.395379,semantically_supported,official_equals_raw_high_quality,0.11642,0.007445,0.122584,0.032273,0.760995,0.960282,1e-06,0.0,contraction,False,True,False,False,False,True,False,-0.398202,0.335137,0.1
2024-03-22,latest_vintage_causal,slowdown,slowdown,slowdown,official,0.003249,-0.1903,0.769967,low,0,True,0,2,1,0.432534,low_evidence_ambiguous,low_separation_or_stale,0.24215,0.02208,0.276389,0.103976,0.48146,0.873943,1e-06,0.0,slowdown,True,True,False,False,False,False,False,-0.42023,0.29686,0.1
2024-03-29,latest_vintage_causal,slowdown,slowdown,slowdown,official,-0.025548,-0.088558,0.620827,low,0,True,0,2,1,0.434419,low_evidence_ambiguous,low_separation_or_stale,0.242926,0.035992,0.323226,0.17159,0.433847,0.792417,1e-06,0.0,contraction,False,True,False,False,False,True,False,-0.268228,0.282825,0.1
2024-04-05,latest_vintage_causal,slowdown,slowdown,slowdown,official,-0.03225,-0.077576,0.519942,low,0,True,0,2,1,0.441192,low_evidence_ambiguous,low_separation_or_stale,0.243012,0.048164,0.328411,0.215947,0.428576,0.735889,1e-06,0.0,contraction,False,True,False,False,False,True,False,-0.216244,0.250166,0.1
2024-04-12,latest_vintage_causal,slowdown,slowdown,slowdown,official,-0.051692,-0.1244,0.54386,low,0,True,0,3,1,0.462782,low_evidence_ambiguous,low_separation_or_stale,0.240716,0.054755,0.282804,0.200692,0.476479,0.744552,1e-06,0.0,contraction,False,True,False,False,False,True,False,-0.06729,0.239508,0.1
2024-04-19,latest_vintage_causal,slowdown,slowdown,slowdown,official,-0.105324,-0.445445,0.763488,high,0,False,0,3,0,0.470811,semantically_supported,official_equals_raw_high_quality,0.20318,0.04148,0.164794,0.097516,0.632025,0.861004,1e-06,0.0,contraction,False,True,False,False,False,True,False,-0.168111,0.232395,0.1
2024-04-26,latest_vintage_causal,slowdown,slowdown,slowdown,official,-0.102641,-0.456341,0.838529,high,0,False,0,3,0,0.467956,semantically_supported,official_equals_raw_high_quality,0.198757,0.028865,0.16207,0.066303,0.639172,0.904832,1e-06,0.0,contraction,False,True,False,False,False,True,False,-0.218957,0.24581,0.1
2024-05-03,latest_vintage_causal,slowdown,slowdown,slowdown,official,-0.116239,-0.396973,0.839771,high,0,False,0,3,0,0.439139,semantically_supported,official_equals_raw_high_quality,0.222433,0.027019,0.17723,0.066605,0.600335,0.906376,1e-06,0.0,contraction,False,True,False,False,False,True,False,-0.1216,0.284404,0.1
2024-05-10,latest_vintage_causal,slowdown,slowdown,slowdown,official,-0.140135,-0.490643,0.87095,high,0,False,0,3,0,0.462429,semantically_supported,official_equals_raw_high_quality,0.199366,0.022245,0.150889,0.053402,0.649744,0.924352,1e-06,0.0,contraction,False,True,False,False,False,True,False,-0.202561,0.240317,0.1
2024-05-17,latest_vintage_causal,slowdown,slowdown,slowdown,official,-0.037622,-0.269064,0.791781,low,0,True,0,3,1,0.460274,low_evidence_ambiguous,low_separation_or_stale,0.245735,0.028989,0.229166,0.089615,0.525098,0.881396,1e-06,0.0,contraction,False,True,False,False,False,True,False,-0.185274,0.210337,0.1
2024-05-24,latest_vintage_causal,slowdown,slowdown,slowdown,official,-0.043065,-0.274678,0.760714,low,0,True,0,3,1,0.46661,low_evidence_ambiguous,low_separation_or_stale,0.245655,0.034519,0.226902,0.102383,0.527443,0.863098,1e-06,0.0,contraction,False,True,False,False,False,True,False,-0.213419,0.182992,0.1
2024-05-31,latest_vintage_causal,slowdown,slowdown,slowdown,official,-0.00114,-0.032047,0.569236,low,0,True,0,2,2,0.501549,low_evidence_ambiguous,low_separation_or_stale,0.269503,0.049672,0.337102,0.190546,0.393395,0.759782,1e-06,0.0,contraction,False,True,False,False,False,True,False,-0.251454,0.133851,0.1
2024-06-07,latest_vintage_causal,slowdown,slowdown,slowdown,official,-0.001709,-0.027381,0.438303,low,0,True,0,2,2,0.502326,low_evidence_ambiguous,low_separation_or_stale,0.269545,0.065932,0.339253,0.247882,0.391201,0.686185,1e-06,0.0,contraction,False,True,False,False,False,True,False,-0.235129,0.131007,0.1
2024-06-14,latest_vintage_causal,slowdown,slowdown,slowdown,official,-0.025618,-0.020316,0.342899,low,0,True,0,2,2,0.537293,low_evidence_ambiguous,low_separation_or_stale,0.269609,0.08054,0.342514,0.28828,0.387876,0.631179,1e-06,0.0,contraction,False,True,False,False,False,True,False,-0.350238,0.076228,0.1
2024-06-21,latest_vintage_causal,slowdown,expansion,expansion,official,0.01297,0.235372,0.010297,low,1,True,1,2,3,0.477635,bounded_confirmation_lag,confirmation_in_flight,0.284581,0.106671,0.450466,0.451813,0.264952,0.441516,1e-06,0.0,expansion,True,False,False,False,False,True,False,-0.523897,0.015987,0.1
2024-06-28,latest_vintage_causal,slowdown,expansion,expansion,official,0.00512,0.192556,0.198484,low,2,True,2,2,3,0.474709,bounded_confirmation_lag,confirmation_in_flight,0.284203,0.129442,0.432148,0.534521,0.283648,0.336037,1e-06,0.0,expansion,True,False,False,False,False,True,False,-0.709664,-0.024093,0.1
2024-07-05,latest_vintage_causal,expansion,expansion,expansion,official,-0.037602,0.146511,0.271392,low,0,True,0,2,2,0.461695,low_evidence_ambiguous,low_separation_or_stale,0.271122,0.139556,0.419243,0.565918,0.309634,0.294526,1e-06,0.0,recovery,False,True,False,False,False,True,True,-0.711188,-0.066001,0.1
2024-07-12,latest_vintage_causal,expansion,expansion,expansion,official,-0.047439,0.168498,0.337726,low,0,True,0,2,2,0.495576,low_evidence_ambiguous,low_separation_or_stale,0.271317,0.146081,0.429116,0.595822,0.299566,0.258096,1e-06,0.0,recovery,False,True,False,False,False,True,True,-0.579206,-0.03932,0.1
2024-07-19,latest_vintage_causal,expansion,slowdown,slowdown,official,-0.140197,-0.235627,0.062176,low,1,True,1,3,1,0.342993,bounded_confirmation_lag,confirmation_in_flight,0.246225,0.154435,0.242901,0.391694,0.510874,0.45387,1e-06,0.0,contraction,False,False,False,False,False,True,True,-0.573363,-0.061246,0.1
2024-07-26,latest_vintage_causal,expansion,slowdown,slowdown,official,-0.142645,-0.220231,0.316267,low,2,True,2,3,1,0.340165,bounded_confirmation_lag,confirmation_in_flight,0.246455,0.13131,0.249363,0.276211,0.504181,0.592479,1e-06,0.0,contraction,False,False,False,False,False,True,True,-0.496404,-0.073486,0.1
2024-08-02,latest_vintage_causal,slowdown,slowdown,slowdown,official,-0.168947,-0.46203,0.663414,high,0,False,0,4,1,0.312487,semantically_supported,official_equals_raw_high_quality,0.231194,0.092054,0.153708,0.122266,0.615097,0.78568,1e-06,0.0,contraction,False,True,False,False,False,True,False,-0.553687,-0.098274,0.1
2024-08-09,latest_vintage_causal,slowdown,slowdown,slowdown,official,-0.19287,-0.475363,0.799499,high,0,False,0,4,1,0.325357,semantically_supported,official_equals_raw_high_quality,0.233904,0.057968,0.149023,0.071266,0.617072,0.870765,1e-06,0.0,contraction,False,True,False,False,False,True,False,-0.494597,-0.126115,0.1
2024-08-16,latest_vintage_causal,slowdown,slowdown,slowdown,official,-0.145001,-0.443515,0.83716,high,0,False,0,3,1,0.331292,semantically_supported,official_equals_raw_high_quality,0.229451,0.039124,0.159987,0.061858,0.610561,0.899018,1e-06,0.0,contraction,False,True,False,False,False,True,False,-0.286502,-0.098612,0.1
2024-08-23,latest_vintage_causal,slowdown,slowdown,slowdown,official,-0.091939,-0.343538,0.817443,low,0,True,0,3,1,0.371847,low_evidence_ambiguous,low_separation_or_stale,0.236153,0.033653,0.193187,0.074452,0.570659,0.891895,1e-06,0.0,contraction,False,True,False,False,False,True,False,-0.169391,-0.090537,0.1
2024-08-30,latest_vintage_causal,slowdown,slowdown,slowdown,official,-0.10064,-0.252097,0.772908,low,0,True,0,3,1,0.357021,low_evidence_ambiguous,low_separation_or_stale,0.237944,0.034027,0.228369,0.096532,0.533686,0.86944,1e-06,0.0,contraction,False,True,False,False,False,True,False,0.023275,-0.05472,0.1
2024-09-06,latest_vintage_causal,slowdown,slowdown,slowdown,official,-0.096649,-0.255275,0.755856,low,0,True,0,3,1,0.363672,low_evidence_ambiguous,low_separation_or_stale,0.237879,0.035725,0.227088,0.104209,0.535032,0.860065,1e-06,0.0,contraction,False,True,False,False,False,True,False,0.008362,-0.034764,0.1
2024-09-13,latest_vintage_causal,slowdown,slowdown,slowdown,official,-0.099748,-0.173726,0.703947,low,0,True,0,3,1,0.372131,low_evidence_ambiguous,low_separation_or_stale,0.239613,0.038889,0.261139,0.128582,0.499247,0.832529,1e-06,0.0,contraction,False,True,False,False,False,True,False,0.075347,-0.029458,0.1
2024-09-20,latest_vintage_causal,slowdown,slowdown,slowdown,official,-0.167449,-0.136929,0.63631,low,0,True,0,3,1,0.368662,low_evidence_ambiguous,low_separation_or_stale,0.247749,0.045367,0.28567,0.159161,0.46658,0.795471,1e-06,0.0,contraction,False,True,False,False,False,True,False,0.170904,-0.003899,0.1
2024-09-27,latest_vintage_causal,slowdown,slowdown,slowdown,official,-0.161447,-0.109069,0.577155,low,0,True,0,3,1,0.362845,low_evidence_ambiguous,low_separation_or_stale,0.248197,0.05181,0.298244,0.185517,0.453558,0.762672,1e-06,0.0,contraction,False,True,False,False,False,True,False,0.310202,0.02611,0.1
2024-10-04,latest_vintage_causal,slowdown,slowdown,slowdown,official,-0.19155,-0.120651,0.551676,low,0,True,0,3,1,0.326414,low_evidence_ambiguous,low_separation_or_stale,0.24801,0.056865,0.292994,0.19573,0.458995,0.747405,1e-06,0.0,contraction,False,True,False,False,False,True,False,0.390317,0.029404,0.1
2024-10-11,latest_vintage_causal,slowdown,slowdown,slowdown,official,-0.220553,-0.148047,0.558693,low,0,True,0,3,1,0.339556,low_evidence_ambiguous,low_separation_or_stale,0.247572,0.059481,0.280707,0.190913,0.471721,0.749606,1e-06,0.0,contraction,False,True,False,False,False,True,False,0.139084,-0.042233,0.1
2024-10-18,latest_vintage_causal,slowdown,slowdown,slowdown,official,-0.216383,-0.312915,0.693253,low,0,True,0,3,1,0.48184,low_evidence_ambiguous,low_separation_or_stale,0.236733,0.053259,0.204574,0.126744,0.558693,0.819997,1e-06,0.0,contraction,False,True,False,False,False,True,False,-0.009024,-0.092136,0.1
2024-10-25,latest_vintage_causal,slowdown,slowdown,slowdown,official,-0.22365,-0.341553,0.762682,low,0,True,0,3,1,0.476897,low_evidence_ambiguous,low_separation_or_stale,0.23619,0.044532,0.193913,0.096393,0.569896,0.859075,1e-06,0.0,contraction,False,True,False,False,False,True,False,-0.166174,-0.118157,0.1
2024-11-01,latest_vintage_causal,slowdown,slowdown,slowdown,official,-0.224824,-0.301535,0.772188,low,0,True,0,3,1,0.48028,low_evidence_ambiguous,low_separation_or_stale,0.236953,0.039273,0.208909,0.09427,0.554137,0.866457,1e-06,0.0,contraction,False,True,False,False,False,True,False,-0.193268,-0.10923,0.1
2024-11-08,latest_vintage_causal,slowdown,slowdown,slowdown,official,-0.214939,-0.270521,0.762281,low,0,True,0,3,1,0.512246,low_evidence_ambiguous,low_separation_or_stale,0.237569,0.037509,0.221,0.100105,0.54143,0.862386,1e-06,0.0,contraction,False,True,False,False,False,True,False,-0.020355,-0.036917,0.1
2024-11-15,latest_vintage_causal,slowdown,slowdown,slowdown,official,-0.233411,-0.369827,0.80404,low,0,True,0,3,0,0.474272,low_evidence_ambiguous,low_separation_or_stale,0.222895,0.032922,0.186816,0.081519,0.590288,0.885559,1e-06,0.0,contraction,False,True,False,False,False,True,False,0.038418,0.011082,0.1
2024-11-22,latest_vintage_causal,slowdown,slowdown,slowdown,official,-0.24085,-0.223089,0.753338,low,0,True,0,3,1,0.503327,low_evidence_ambiguous,low_separation_or_stale,0.238549,0.034832,0.240238,0.105915,0.521212,0.859253,1e-06,0.0,contraction,False,True,False,False,False,True,False,0.015745,0.031908,0.1
2024-11-29,latest_vintage_causal,slowdown,slowdown,slowdown,official,-0.212802,-0.054094,0.603127,low,0,True,0,2,2,0.559374,low_evidence_ambiguous,low_separation_or_stale,0.261925,0.046903,0.318004,0.174985,0.42007,0.778112,1e-06,0.0,contraction,False,True,False,False,False,True,False,-0.021653,0.020684,0.1
2024-12-06,latest_vintage_causal,slowdown,slowdown,slowdown,official,-0.213213,-0.018326,0.477781,low,0,True,0,2,2,0.560161,low_evidence_ambiguous,low_separation_or_stale,0.26254,0.06041,0.334405,0.230904,0.403054,0.708685,1e-06,0.0,contraction,False,True,False,False,False,True,False,0.157188,0.018631,0.1
2024-12-13,latest_vintage_causal,slowdown,expansion,slowdown,official,-0.216593,0.104348,0.237381,low,0,True,1,1,2,0.548605,neutral_band_retention,neutral_band,0.270744,0.080265,0.400072,0.341177,0.329183,0.578558,1e-06,0.0,recovery,False,False,False,False,False,True,False,0.174589,-0.023816,0.1
2024-12-20,latest_vintage_causal,slowdown,expansion,expansion,official,-0.007853,0.465379,0.355631,high,1,False,2,0,2,0.478523,bounded_confirmation_lag,confirmation_in_flight,0.286213,0.114537,0.547591,0.620547,0.166196,0.264916,1e-06,0.0,recovery,False,False,False,True,False,True,False,0.219224,-0.032215,0.1
2024-12-27,latest_vintage_causal,slowdown,expansion,expansion,official,-0.007676,0.455208,0.600429,high,2,False,3,0,2,0.478303,bounded_confirmation_lag,confirmation_in_flight,0.294986,0.136746,0.537555,0.737175,0.167457,0.126079,1e-06,0.0,recovery,False,False,False,True,False,True,False,0.19809,-0.031908,0.1
2025-01-03,latest_vintage_causal,expansion,expansion,expansion,official,-0.020029,0.378654,0.640666,low,0,True,0,0,1,0.570945,low_evidence_ambiguous,low_separation_or_stale,0.263803,0.131251,0.533854,0.771917,0.202342,0.096832,1e-06,0.0,recovery,False,True,False,False,False,True,True,0.084966,-0.004059,0.1
2025-01-10,latest_vintage_causal,expansion,expansion,expansion,official,-0.028076,0.290465,0.623323,low,0,True,0,1,1,0.616937,low_evidence_ambiguous,low_separation_or_stale,0.259194,0.132302,0.490358,0.755625,0.250447,0.112073,1e-06,0.0,recovery,False,True,False,False,False,True,True,0.133292,0.060009,0.1
2025-01-17,latest_vintage_causal,expansion,expansion,expansion,official,-0.083346,0.255486,0.602688,low,0,True,0,1,1,0.494884,low_evidence_ambiguous,low_separation_or_stale,0.258915,0.134628,0.475471,0.737316,0.265613,0.128056,1e-06,0.0,recovery,False,True,False,False,False,True,True,0.099329,0.066707,0.1
2025-01-24,latest_vintage_causal,expansion,expansion,expansion,official,-0.086429,0.253794,0.591992,low,0,True,0,1,1,0.504098,low_evidence_ambiguous,low_separation_or_stale,0.258901,0.135601,0.474741,0.728195,0.266357,0.136204,1e-06,0.0,recovery,False,True,False,False,False,True,True,0.090462,0.052163,0.1
2025-01-31,latest_vintage_causal,expansion,expansion,expansion,official,-0.090708,0.154096,0.514924,low,0,True,0,1,1,0.51839,low_evidence_ambiguous,low_separation_or_stale,0.258067,0.14181,0.43027,0.686557,0.311662,0.171633,1e-06,0.0,recovery,False,True,False,False,False,True,True,0.075069,0.044198,0.1
2025-02-07,latest_vintage_causal,expansion,expansion,expansion,official,-0.097381,0.157937,0.474965,low,0,True,0,1,1,0.542863,low_evidence_ambiguous,low_separation_or_stale,0.2581,0.143486,0.432028,0.665739,0.309871,0.190775,1e-06,0.0,recovery,False,True,False,False,False,True,True,0.09427,0.010835,0.1
2025-02-14,latest_vintage_causal,expansion,expansion,expansion,official,-0.107462,0.066609,0.373387,low,0,True,0,1,1,0.5845,low_evidence_ambiguous,low_separation_or_stale,0.257305,0.148684,0.389592,0.612351,0.353103,0.238964,1e-06,0.0,recovery,False,True,False,False,False,True,True,0.136471,0.017482,0.1
2025-02-21,latest_vintage_causal,expansion,slowdown,slowdown,official,-0.025994,-0.280647,0.053244,low,1,True,1,2,1,0.420957,bounded_confirmation_lag,confirmation_in_flight,0.228504,0.146923,0.241417,0.399917,0.530078,0.45316,1e-06,0.0,contraction,False,False,False,False,False,True,True,0.149958,0.022355,0.1
2025-02-28,latest_vintage_causal,expansion,slowdown,slowdown,official,-0.037797,-0.330192,0.3954,low,2,True,2,2,1,0.417309,bounded_confirmation_lag,confirmation_in_flight,0.223063,0.113794,0.222435,0.245403,0.554501,0.640803,1e-06,0.0,contraction,False,False,False,False,False,True,True,-0.093764,-0.03666,0.1
2025-03-07,latest_vintage_causal,slowdown,slowdown,slowdown,official,-0.113409,-0.544689,0.743276,high,0,False,0,3,1,0.369361,semantically_supported,official_equals_raw_high_quality,0.172255,0.05597,0.147796,0.100377,0.679948,0.843653,1e-06,0.0,contraction,False,True,False,False,False,True,False,-0.302923,-0.048873,0.1
2025-03-14,latest_vintage_causal,slowdown,slowdown,slowdown,official,-0.125117,-0.484485,0.83148,high,0,False,0,3,1,0.373962,semantically_supported,official_equals_raw_high_quality,0.194419,0.032961,0.162975,0.067779,0.642605,0.89926,1e-06,0.0,contraction,False,True,False,False,False,True,False,-0.375202,-0.065661,0.1
2025-03-21,latest_vintage_causal,slowdown,slowdown,slowdown,official,-0.039424,-0.116027,0.677585,low,0,True,0,2,1,0.517262,low_evidence_ambiguous,low_separation_or_stale,0.229668,0.035445,0.315695,0.143485,0.454635,0.821069,1e-06,0.0,contraction,False,True,False,False,False,True,False,-0.365142,-0.073549,0.1
2025-03-28,latest_vintage_causal,slowdown,slowdown,slowdown,official,-0.033249,-0.085611,0.563723,low,0,True,0,2,1,0.529374,low_evidence_ambiguous,low_separation_or_stale,0.229896,0.042547,0.330213,0.196865,0.43989,0.760587,1e-06,0.0,contraction,False,True,False,False,False,True,False,-0.249699,-0.041534,0.1
2025-04-04,latest_vintage_causal,slowdown,expansion,slowdown,official,0.045035,0.170963,0.196562,low,0,True,1,1,1,0.598258,neutral_band_retention,neutral_band,0.236686,0.059182,0.463934,0.372128,0.299379,0.56869,1e-06,0.0,expansion,True,False,False,False,False,True,False,-0.134402,-0.03449,0.1
2025-04-11,latest_vintage_causal,slowdown,expansion,expansion,official,0.040514,0.208894,0.150231,low,1,True,2,0,1,0.585665,bounded_confirmation_lag,confirmation_in_flight,0.241434,0.079231,0.491078,0.5355,0.267487,0.385269,1e-06,0.0,expansion,True,False,False,False,False,True,False,-0.159767,-0.03623,0.1
2025-04-18,latest_vintage_causal,slowdown,expansion,expansion,official,0.110813,0.3122,0.457389,low,2,True,3,0,1,0.478115,bounded_confirmation_lag,confirmation_in_flight,0.254122,0.099261,0.525997,0.679064,0.219879,0.221675,1e-06,0.0,expansion,True,False,False,False,False,True,False,-0.130283,-0.021519,0.1
2025-04-25,latest_vintage_causal,expansion,expansion,expansion,official,0.110558,0.341852,0.617781,low,0,True,0,0,1,0.477128,low_evidence_ambiguous,low_separation_or_stale,0.253906,0.109211,0.537747,0.754285,0.208345,0.136504,1e-06,0.0,expansion,True,True,False,False,False,False,False,0.048202,-0.020002,0.1
2025-05-02,latest_vintage_causal,expansion,expansion,expansion,official,0.071824,0.459702,0.684214,high,0,False,0,1,2,0.417137,semantically_supported,official_equals_raw_high_quality,0.271979,0.118719,0.565907,0.802933,0.162113,0.078348,1e-06,0.0,expansion,True,True,False,False,False,False,False,-0.042381,-0.062305,0.1
2025-05-09,latest_vintage_causal,expansion,expansion,expansion,official,0.056456,0.435901,0.677754,high,0,False,0,2,2,0.397089,semantically_supported,official_equals_raw_high_quality,0.275048,0.126216,0.546179,0.80397,0.178772,0.069815,1e-06,0.0,expansion,True,True,False,False,False,False,False,-0.03973,-0.07798,0.1
2025-05-16,latest_vintage_causal,expansion,expansion,expansion,official,0.002468,0.043784,0.53949,low,0,True,0,2,1,0.462864,low_evidence_ambiguous,low_separation_or_stale,0.25,0.141318,0.396012,0.699086,0.353988,0.159596,1e-06,0.0,expansion,True,True,False,False,False,False,False,-0.07405,-0.09706,0.1
2025-05-23,latest_vintage_causal,expansion,slowdown,expansion,official,-0.088742,-0.151947,0.18004,low,0,True,1,3,1,0.363462,neutral_band_retention,neutral_band,0.24751,0.161504,0.278973,0.509268,0.473516,0.329228,1e-06,0.0,contraction,False,False,False,False,False,True,True,-0.209147,-0.109961,0.1
2025-05-30,latest_vintage_causal,slowdown,slowdown,slowdown,official,-0.193261,-0.72403,0.633687,high,0,False,0,3,0,0.537171,semantically_supported,official_equals_raw_high_quality,0.142586,0.089576,0.097099,0.138368,0.760314,0.772055,1e-06,0.0,contraction,False,True,False,False,False,True,False,-0.220144,-0.106234,0.1
2025-06-06,latest_vintage_causal,slowdown,slowdown,slowdown,official,-0.199945,-0.743897,0.888885,high,0,False,0,3,0,0.528058,semantically_supported,official_equals_raw_high_quality,0.138721,0.029848,0.09322,0.040634,0.768058,0.929518,1e-06,0.0,contraction,False,True,False,False,False,True,False,-0.319476,-0.139652,0.1
2025-06-13,latest_vintage_causal,slowdown,slowdown,slowdown,official,-0.224199,-0.833486,0.947641,high,0,False,0,3,0,0.497435,semantically_supported,official_equals_raw_high_quality,0.120806,0.011085,0.077359,0.020637,0.801834,0.968278,1e-06,0.0,contraction,False,True,False,False,False,True,False,-0.517391,-0.188744,0.1
2025-06-20,latest_vintage_causal,slowdown,slowdown,slowdown,official,-0.174846,-0.90973,0.961586,high,0,False,0,3,1,0.403572,semantically_supported,official_equals_raw_high_quality,0.093804,0.005701,0.071231,0.016356,0.834965,0.977943,1e-06,0.0,contraction,False,True,False,False,False,True,False,-0.648132,-0.229468,0.1
2025-06-27,latest_vintage_causal,slowdown,slowdown,slowdown,official,-0.178238,-0.88493,0.960734,high,0,False,0,3,1,0.403902,semantically_supported,official_equals_raw_high_quality,0.09949,0.005367,0.07504,0.016949,0.825469,0.977684,1e-06,0.0,contraction,False,True,False,False,False,True,False,-0.5434,-0.236894,0.1
2025-07-04,latest_vintage_causal,slowdown,slowdown,slowdown,official,-0.262087,-1.031681,0.972153,high,0,False,0,3,1,0.491675,semantically_supported,official_equals_raw_high_quality,0.084266,0.004358,0.053799,0.011744,0.861934,0.983898,1e-06,0.0,contraction,False,True,False,False,False,True,False,-0.457422,-0.223896,0.1
2025-07-11,latest_vintage_causal,slowdown,slowdown,slowdown,official,-0.261269,-0.960197,0.967668,high,0,False,0,3,1,0.492349,semantically_supported,official_equals_raw_high_quality,0.098327,0.004988,0.062878,0.013672,0.838795,0.98134,1e-06,0.0,contraction,False,True,False,False,False,True,False,-0.296512,-0.190242,0.1
2025-07-18,latest_vintage_causal,slowdown,slowdown,slowdown,official,-0.151156,-0.381537,0.860682,low,0,True,0,2,2,0.497284,low_evidence_ambiguous,low_separation_or_stale,0.240843,0.017523,0.197524,0.060897,0.561633,0.92158,1e-06,0.0,contraction,False,True,False,False,False,True,False,-0.136851,-0.151304,0.1
2025-07-25,latest_vintage_causal,slowdown,slowdown,slowdown,official,-0.143626,-0.36285,0.815605,low,0,True,0,2,2,0.503836,low_evidence_ambiguous,low_separation_or_stale,0.240959,0.025909,0.204569,0.079243,0.554471,0.894848,1e-06,0.0,contraction,False,True,False,False,False,True,False,-0.026823,-0.112446,0.1
2025-08-01,latest_vintage_causal,slowdown,expansion,slowdown,official,-0.051485,0.237721,0.331474,low,0,True,1,2,2,0.447549,neutral_band_retention,neutral_band,0.25,0.048537,0.485796,0.309995,0.264203,0.641468,1e-06,0.0,recovery,False,False,False,False,False,True,False,0.163276,-0.085165,0.1
2025-08-08,latest_vintage_causal,slowdown,expansion,expansion,official,-0.068743,0.251055,0.073683,low,1,True,2,2,2,0.432346,bounded_confirmation_lag,confirmation_in_flight,0.25,0.074513,0.491613,0.499585,0.258386,0.425902,1e-06,0.0,recovery,False,False,False,False,False,True,False,0.323004,-0.08375,0.1
2025-08-15,latest_vintage_causal,slowdown,expansion,expansion,official,-0.045095,0.372495,0.447734,low,2,True,3,2,2,0.424005,bounded_confirmation_lag,confirmation_in_flight,0.25,0.094279,0.541496,0.676727,0.208503,0.228994,1e-06,0.0,recovery,False,False,False,False,False,True,False,0.436573,-0.088056,0.1
2025-08-22,latest_vintage_causal,expansion,expansion,expansion,official,-0.097527,0.138853,0.442185,low,0,True,0,2,1,0.43741,low_evidence_ambiguous,low_separation_or_stale,0.25,0.113185,0.44101,0.6645,0.30899,0.222315,1e-06,0.0,recovery,False,True,False,False,False,True,True,0.359671,-0.119854,0.1
2025-08-29,latest_vintage_causal,expansion,expansion,expansion,official,-0.103008,0.38271,0.614776,low,0,True,0,2,2,0.435611,low_evidence_ambiguous,low_separation_or_stale,0.262857,0.120039,0.536063,0.747368,0.201079,0.132593,1e-06,0.0,recovery,False,True,False,False,False,True,True,0.259478,-0.139362,0.1
2025-09-05,latest_vintage_causal,expansion,expansion,expansion,official,-0.105218,0.354211,0.646756,low,0,True,0,2,2,0.433217,low_evidence_ambiguous,low_separation_or_stale,0.262857,0.124183,0.525211,0.770939,0.211932,0.104878,1e-06,0.0,recovery,False,True,False,False,False,True,True,0.117872,-0.151487,0.1
2025-09-12,latest_vintage_causal,expansion,expansion,expansion,official,-0.120144,0.301685,0.636354,low,0,True,0,2,2,0.420087,low_evidence_ambiguous,low_separation_or_stale,0.262857,0.128823,0.504323,0.765177,0.232819,0.106,1e-06,0.0,recovery,False,True,False,False,False,True,True,-0.18837,-0.210235,0.1
2025-09-19,latest_vintage_causal,expansion,slowdown,expansion,official,-0.165582,-0.053661,0.363869,low,0,True,1,3,1,0.430796,neutral_band_retention,neutral_band,0.249105,0.153443,0.323732,0.605213,0.427162,0.241344,1e-06,0.0,contraction,False,False,False,False,False,True,True,-0.281915,-0.200736,0.1
2025-09-26,latest_vintage_causal,expansion,slowdown,expansion,official,-0.162215,-0.056013,0.153164,low,0,True,2,3,1,0.43694,neutral_band_retention,neutral_band,0.249066,0.153192,0.322639,0.499986,0.428294,0.346822,1e-06,0.0,contraction,False,False,False,False,False,True,True,-0.287747,-0.175338,0.1
2025-10-03,latest_vintage_causal,expansion,slowdown,slowdown,official,-0.160941,-0.301933,0.260784,low,1,True,3,3,0,0.445321,bounded_confirmation_lag,confirmation_in_flight,0.23213,0.136972,0.219852,0.301122,0.548018,0.561906,1e-06,0.0,contraction,False,False,False,False,False,True,True,-0.214785,-0.150932,0.1
2025-10-10,latest_vintage_causal,expansion,slowdown,slowdown,official,-0.173916,-0.301198,0.511885,low,2,True,4,3,0,0.433398,bounded_confirmation_lag,confirmation_in_flight,0.232139,0.10137,0.220144,0.193372,0.547715,0.705258,1e-06,0.0,contraction,False,False,False,False,False,True,True,-0.049503,-0.103109,0.1
2025-10-17,latest_vintage_causal,slowdown,slowdown,slowdown,official,-0.30631,-0.542661,0.780088,high,0,False,0,4,0,0.447283,semantically_supported,official_equals_raw_high_quality,0.220243,0.063252,0.131715,0.07833,0.648041,0.858418,1e-06,0.0,contraction,False,True,False,False,False,True,False,0.114432,-0.083029,0.1
2025-10-24,latest_vintage_causal,slowdown,slowdown,slowdown,official,-0.312088,-0.547777,0.861923,high,0,False,0,4,0,0.441847,semantically_supported,official_equals_raw_high_quality,0.220175,0.038378,0.130298,0.04985,0.649526,0.911772,1e-06,0.0,contraction,False,True,False,False,False,True,False,0.084292,-0.111916,0.1
2025-10-31,latest_vintage_causal,slowdown,slowdown,slowdown,official,-0.385723,-0.751375,0.92646,high,0,False,0,4,0,0.517065,semantically_supported,official_equals_raw_high_quality,0.175658,0.020123,0.081589,0.024866,0.727186,0.951326,0.015567,0.003684,contraction,False,True,False,False,False,True,False,0.125573,-0.110952,0.1
2025-11-07,latest_vintage_causal,slowdown,slowdown,slowdown,official,-0.385198,-0.712671,0.932546,high,0,False,0,4,0,0.51756,semantically_supported,official_equals_raw_high_quality,0.188933,0.016042,0.087847,0.023975,0.70904,0.956521,0.014181,0.003462,contraction,False,True,False,False,False,True,False,0.319095,-0.108326,0.1
2025-11-14,latest_vintage_causal,slowdown,slowdown,slowdown,official,-0.392695,-0.73481,0.933619,high,0,False,0,4,0,0.51058,semantically_supported,official_equals_raw_high_quality,0.180651,0.014263,0.082753,0.022445,0.706911,0.956065,0.029684,0.007227,contraction,False,True,False,False,False,True,False,0.245289,-0.122931,0.1
2025-11-21,latest_vintage_causal,slowdown,slowdown,slowdown,official,-0.416194,-0.682475,0.920193,high,0,False,0,4,0,0.550951,semantically_supported,official_equals_raw_high_quality,0.202082,0.016476,0.088345,0.025148,0.659977,0.945341,0.049596,0.013035,contraction,False,True,False,False,False,True,False,0.219825,-0.106042,0.1
2025-11-28,latest_vintage_causal,slowdown,slowdown,slowdown,official,-0.414566,-0.691292,0.917731,high,0,False,0,4,0,0.552698,semantically_supported,official_equals_raw_high_quality,0.197026,0.017138,0.086414,0.024939,0.6603,0.94267,0.05626,0.015253,contraction,False,True,False,False,False,True,False,0.168237,-0.097898,0.1
2025-12-05,latest_vintage_causal,slowdown,slowdown,slowdown,official,-0.418462,-0.72468,0.918829,high,0,False,0,4,0,0.567394,semantically_supported,official_equals_raw_high_quality,0.183694,0.016126,0.079945,0.022869,0.665428,0.941698,0.070932,0.019306,contraction,False,True,False,False,False,True,False,0.109502,-0.06859,0.1
2025-12-12,latest_vintage_causal,slowdown,slowdown,slowdown,official,-0.427803,-0.658732,0.917079,high,0,False,0,4,0,0.556206,semantically_supported,official_equals_raw_high_quality,0.211416,0.01862,0.093518,0.026842,0.657393,0.943921,0.037672,0.010617,contraction,False,True,False,False,False,True,False,0.038783,-0.070803,0.1
2025-12-19,latest_vintage_causal,slowdown,slowdown,slowdown,official,-0.388774,-0.284046,0.810978,low,0,True,0,3,0,0.477061,low_evidence_ambiguous,low_separation_or_stale,0.228481,0.024227,0.239982,0.082398,0.531535,0.893375,1e-06,0.0,contraction,False,True,False,False,False,True,False,0.160712,-0.061254,0.1
2025-12-26,latest_vintage_causal,slowdown,slowdown,slowdown,official,-0.386266,-0.276702,0.758921,low,0,True,0,3,0,0.479012,low_evidence_ambiguous,low_separation_or_stale,0.22853,0.02945,0.243089,0.105815,0.52838,0.864735,1e-06,0.0,contraction,False,True,False,False,False,True,False,0.197429,-0.048715,0.1
2026-01-02,latest_vintage_causal,slowdown,slowdown,slowdown,official,-0.433659,-0.198473,0.690535,low,0,True,0,3,0,0.528542,low_evidence_ambiguous,low_separation_or_stale,0.229068,0.034671,0.27743,0.137397,0.493501,0.827932,1e-06,0.0,contraction,False,True,False,False,False,True,False,0.319297,-0.008641,0.1
2026-01-09,latest_vintage_causal,slowdown,slowdown,slowdown,official,-0.415896,-0.075167,0.540422,low,0,True,0,2,0,0.52886,low_evidence_ambiguous,low_separation_or_stale,0.236686,0.04422,0.345018,0.207679,0.418295,0.748101,1e-06,0.0,contraction,False,True,False,False,False,True,False,0.539435,0.04341,0.1
2026-01-16,latest_vintage_causal,slowdown,expansion,slowdown,official,-0.349903,0.066026,0.297357,low,0,True,1,1,0,0.569013,neutral_band_retention,neutral_band,0.236686,0.057655,0.413862,0.322494,0.349451,0.619851,1e-06,0.0,recovery,False,False,False,False,False,True,False,0.636466,0.090219,0.1
2026-01-23,latest_vintage_causal,slowdown,slowdown,slowdown,official,-0.433275,-0.039426,0.272821,low,0,True,0,1,0,0.631444,low_evidence_ambiguous,low_separation_or_stale,0.242826,0.07142,0.345857,0.32788,0.411316,0.6007,1e-06,0.0,contraction,False,True,False,False,False,True,False,0.666951,0.107764,0.1
2026-01-30,latest_vintage_causal,slowdown,slowdown,slowdown,official,-0.431463,-0.029221,0.243893,low,0,True,0,1,0,0.63108,low_evidence_ambiguous,low_separation_or_stale,0.242912,0.079355,0.350735,0.338376,0.406352,0.582269,1e-06,0.0,contraction,False,True,False,False,False,True,False,0.536433,0.096825,0.1
2026-02-06,latest_vintage_causal,slowdown,slowdown,slowdown,official,-0.438586,-0.050291,0.246769,low,0,True,0,1,0,0.639401,low_evidence_ambiguous,low_separation_or_stale,0.242734,0.083965,0.340675,0.334633,0.41659,0.581402,1e-06,0.0,contraction,False,True,False,False,False,True,False,0.429588,0.061209,0.1
2026-02-13,latest_vintage_causal,slowdown,slowdown,slowdown,official,-0.471217,-0.165575,0.395562,low,0,True,0,2,0,0.626887,low_evidence_ambiguous,low_separation_or_stale,0.234081,0.080252,0.277741,0.262093,0.488177,0.657655,1e-06,0.0,contraction,False,True,False,False,False,True,False,0.22204,0.006527,0.1
2026-02-20,latest_vintage_causal,slowdown,expansion,slowdown,official,-0.272439,0.171366,0.100877,low,0,True,1,2,2,0.543601,neutral_band_retention,neutral_band,0.244975,0.08574,0.446861,0.406691,0.308163,0.507568,1e-06,0.0,recovery,False,False,False,False,False,True,False,0.190197,0.00903,0.1
2026-02-27,latest_vintage_causal,slowdown,expansion,expansion,official,-0.272882,0.140347,0.072512,low,1,True,2,2,2,0.54398,bounded_confirmation_lag,confirmation_in_flight,0.244736,0.095027,0.432404,0.488743,0.322859,0.41623,1e-06,0.0,recovery,False,False,False,False,False,True,False,0.0509,0.006813,0.1
2026-03-06,latest_vintage_causal,slowdown,expansion,expansion,official,-0.352489,0.043754,0.080242,low,2,True,3,2,2,0.593573,bounded_confirmation_lag,confirmation_in_flight,0.243974,0.104166,0.386452,0.488038,0.369572,0.407796,1e-06,0.0,recovery,False,False,False,False,False,True,False,-0.044581,0.029875,0.1
2026-03-13,latest_vintage_causal,expansion,expansion,expansion,official,-0.332279,0.07312,0.148582,low,0,True,0,1,2,0.59887,low_evidence_ambiguous,low_separation_or_stale,0.25,0.111743,0.410024,0.518419,0.339975,0.369838,1e-06,0.0,recovery,False,True,False,False,False,True,True,-0.085052,0.064397,0.1
2026-03-20,latest_vintage_causal,expansion,expansion,expansion,official,-0.321501,0.154769,0.280355,low,0,True,0,1,2,0.590006,low_evidence_ambiguous,low_separation_or_stale,0.25,0.116122,0.448391,0.582117,0.301608,0.301761,1e-06,0.0,recovery,False,True,False,False,False,True,True,-0.119558,0.071466,0.1
2026-03-27,latest_vintage_causal,expansion,expansion,expansion,official,-0.321432,0.159818,0.365487,low,0,True,0,1,2,0.589951,low_evidence_ambiguous,low_separation_or_stale,0.25,0.120423,0.450721,0.622532,0.299278,0.257045,1e-06,0.0,recovery,False,True,False,False,False,True,True,-0.082804,0.071808,0.1
2026-04-03,latest_vintage_causal,expansion,expansion,expansion,official,-0.323906,0.170615,0.425017,low,0,True,0,1,2,0.589926,low_evidence_ambiguous,low_separation_or_stale,0.25,0.123483,0.455682,0.650767,0.294317,0.22575,1e-06,0.0,recovery,False,True,False,False,False,True,True,0.130594,0.100499,0.1
2026-04-10,latest_vintage_causal,expansion,expansion,expansion,official,-0.316608,0.385559,0.608514,low,0,True,0,1,3,0.594701,low_evidence_ambiguous,low_separation_or_stale,0.262857,0.124909,0.537129,0.741802,0.200013,0.133289,1e-06,0.0,recovery,False,True,False,False,False,True,True,0.318072,0.101529,0.1
2026-04-17,latest_vintage_causal,expansion,expansion,expansion,official,-0.234149,0.124941,0.520464,low,0,True,0,1,3,0.534804,low_evidence_ambiguous,low_separation_or_stale,0.262857,0.139688,0.427065,0.690388,0.310077,0.169924,1e-06,0.0,recovery,False,True,False,False,False,True,True,0.313214,0.102581,0.1
2026-04-24,latest_vintage_causal,expansion,expansion,expansion,official,-0.235891,0.121966,0.470068,low,0,True,0,1,3,0.535944,low_evidence_ambiguous,low_separation_or_stale,0.262857,0.146014,0.425695,0.662027,0.311447,0.191959,1e-06,0.0,recovery,False,True,False,False,False,True,True,0.29148,0.093872,0.1
2026-05-01,latest_vintage_causal,expansion,expansion,expansion,official,-0.307966,0.14291,0.458733,low,0,True,0,1,3,0.572374,low_evidence_ambiguous,low_separation_or_stale,0.262857,0.147253,0.435304,0.65574,0.301838,0.197007,1e-06,0.0,recovery,False,True,False,False,False,True,True,0.336732,0.13045,0.1
2026-05-08,latest_vintage_causal,expansion,expansion,expansion,official,-0.292927,0.055781,0.381585,low,0,True,0,1,2,0.562378,low_evidence_ambiguous,low_separation_or_stale,0.25,0.144373,0.401751,0.618606,0.348248,0.237021,1e-06,0.0,recovery,False,True,False,False,False,True,True,0.36344,0.172949,0.1
2026-05-15,latest_vintage_causal,expansion,expansion,expansion,official,-0.288898,0.048148,0.324542,low,0,True,0,1,2,0.560539,low_evidence_ambiguous,low_separation_or_stale,0.25,0.141326,0.398101,0.591608,0.351899,0.267066,1e-06,0.0,recovery,False,True,False,False,False,True,True,0.325273,0.168618,0.1
2026-05-22,latest_vintage_causal,expansion,slowdown,expansion,official,-0.319474,-0.057334,0.152573,low,0,True,1,2,1,0.580629,neutral_band_retention,neutral_band,0.23011,0.130995,0.343848,0.510789,0.426042,0.358216,1e-06,0.0,contraction,False,False,False,False,False,True,True,0.375134,0.183854,0.1
2026-05-29,latest_vintage_causal,expansion,expansion,expansion,official,-0.282792,0.037169,0.133317,low,0,True,0,2,1,0.563632,low_evidence_ambiguous,low_separation_or_stale,0.230832,0.117544,0.389927,0.507887,0.37924,0.37457,1e-06,0.0,recovery,False,True,False,False,False,True,True,0.109036,0.132802,0.1
2026-06-05,latest_vintage_causal,expansion,slowdown,expansion,official,-0.294356,-0.003278,0.072483,low,0,True,1,2,1,0.571814,neutral_band_retention,neutral_band,0.230522,0.110805,0.370156,0.480839,0.399321,0.408356,1e-06,0.0,contraction,False,False,False,False,False,True,True,-0.089816,0.074982,0.1
2026-06-12,latest_vintage_causal,expansion,slowdown,slowdown,official,-0.306918,-0.10579,0.088042,low,1,True,2,2,1,0.573451,bounded_confirmation_lag,confirmation_in_flight,0.229745,0.105912,0.320562,0.403023,0.449693,0.491065,1e-06,0.0,contraction,False,False,False,False,False,True,True,-0.229796,0.035521,0.1
2026-06-19,latest_vintage_causal,expansion,slowdown,slowdown,official,-0.283345,-0.20288,0.274045,low,2,True,3,1,0,0.555563,bounded_confirmation_lag,confirmation_in_flight,0.236686,0.099706,0.284638,0.313124,0.478675,0.587169,1e-06,0.0,contraction,False,False,False,False,False,True,True,-0.339512,-0.005205,0.1
2026-06-26,latest_vintage_causal,slowdown,slowdown,slowdown,official,-0.286323,-0.239074,0.426427,low,0,True,0,1,0,0.553547,low_evidence_ambiguous,low_separation_or_stale,0.236686,0.087211,0.268289,0.243181,0.495024,0.669608,1e-06,0.0,contraction,False,True,False,False,False,True,False,-0.515878,-0.020095,0.1
2026-07-03,latest_vintage_causal,slowdown,expansion,slowdown,official,-0.245505,0.062334,0.185622,low,0,True,1,1,1,0.531736,neutral_band_retention,neutral_band,0.256168,0.091821,0.414871,0.361279,0.328961,0.5469,1e-06,0.0,recovery,False,False,False,False,False,True,False,-0.640816,-0.014055,0.1
2026-07-10,latest_vintage_causal,slowdown,expansion,slowdown,official,-0.250999,0.030079,0.082819,low,0,True,2,2,1,0.527562,neutral_band_retention,neutral_band,0.25,0.097384,0.389442,0.409898,0.360557,0.492718,1e-06,0.0,recovery,False,False,False,False,False,True,False,-0.572003,0.001695,0.1
2026-07-17,latest_vintage_causal,slowdown,expansion,expansion,official,-0.281617,0.046611,0.007708,low,1,True,3,2,1,0.548958,bounded_confirmation_lag,confirmation_in_flight,0.25,0.103657,0.397365,0.452025,0.352635,0.444318,1e-06,0.0,recovery,False,False,False,False,False,True,False,-0.506987,0.035903,0.1
2026-07-24,latest_vintage_causal,slowdown,expansion,expansion,official,-0.269986,0.118399,0.150642,low,2,True,4,2,1,0.54065,bounded_confirmation_lag,confirmation_in_flight,0.25,0.109458,0.431446,0.520592,0.318553,0.36995,1e-06,0.0,recovery,False,False,False,False,False,True,False,-0.137594,0.093272,0.1
2026-07-31,latest_vintage_causal,expansion,expansion,expansion,official,-0.261372,0.189213,0.316339,low,0,True,0,2,1,0.534643,low_evidence_ambiguous,low_separation_or_stale,0.25,0.114442,0.464158,0.600948,0.285841,0.28461,1e-06,0.0,recovery,False,True,False,False,False,True,True,0.217074,0.136343,0.1
2026-08-07,latest_vintage_causal,expansion,expansion,expansion,official,-0.252044,0.244705,0.461354,low,0,True,0,2,1,0.52842,low_evidence_ambiguous,low_separation_or_stale,0.25,0.117542,0.48885,0.671906,0.261149,0.210552,1e-06,0.0,recovery,False,True,False,False,False,True,True,0.497928,0.173817,0.1
2026-08-14,latest_vintage_causal,expansion,expansion,expansion,official,-0.247821,0.274323,0.557125,low,0,True,0,2,1,0.525839,low_evidence_ambiguous,low_separation_or_stale,0.25,0.118965,0.501614,0.71908,0.248385,0.161955,1e-06,0.0,recovery,False,True,False,False,False,True,True,0.648847,0.175007,0.1
2013-06-14,strict_alfred_real_time,slowdown,expansion,expansion,official,0.479487,0.056048,0.001908,low,1,True,1,1,1,0.429747,bounded_confirmation_lag,confirmation_in_flight,0.171196,0.048121,0.444105,0.476894,0.384698,0.474985,1e-06,0.0,expansion,True,False,False,False,False,True,False,0.589313,1.03029,0.1
2013-06-21,strict_alfred_real_time,expansion,expansion,expansion,official,0.47064,0.026283,0.123631,low,0,True,0,1,1,0.412876,low_evidence_ambiguous,low_separation_or_stale,0.168582,0.055262,0.4297,0.534184,0.401717,0.410553,1e-06,0.0,expansion,True,True,False,False,False,False,False,0.245354,0.97158,0.1
2013-06-28,strict_alfred_real_time,expansion,slowdown,expansion,official,0.490998,-0.047772,0.09243,low,0,True,1,1,1,0.405205,neutral_band_retention,neutral_band,0.150286,0.051591,0.398888,0.52042,0.450825,0.427989,1e-06,0.0,slowdown,True,False,False,False,False,True,False,-0.258382,0.994774,0.1
2013-07-05,strict_alfred_real_time,expansion,slowdown,expansion,official,0.494874,-0.067639,0.053573,low,0,True,2,1,1,0.399318,neutral_band_retention,neutral_band,0.145867,0.0492,0.390153,0.502187,0.463979,0.448614,1e-06,0.0,slowdown,True,False,False,False,False,True,False,-0.494538,0.988061,0.1
2013-07-12,strict_alfred_real_time,expansion,slowdown,slowdown,official,0.478883,-0.108731,0.094023,low,1,True,3,1,1,0.377909,bounded_confirmation_lag,confirmation_in_flight,0.142563,0.043285,0.369384,0.431346,0.488052,0.525369,1e-06,0.0,slowdown,True,False,False,False,False,True,False,-0.703083,0.90487,0.1
2013-07-19,strict_alfred_real_time,expansion,expansion,expansion,official,0.480962,0.040538,0.345507,low,0,True,0,0,1,0.379692,low_evidence_ambiguous,low_separation_or_stale,0.172913,0.06582,0.449879,0.639843,0.377207,0.294337,1e-06,0.0,expansion,True,True,False,False,False,False,False,-0.686018,0.913087,0.1
2013-07-26,strict_alfred_real_time,expansion,expansion,expansion,official,0.480339,0.097406,0.376838,low,0,True,0,0,1,0.37665,low_evidence_ambiguous,low_separation_or_stale,0.182418,0.067406,0.47402,0.654716,0.343561,0.277878,1e-06,0.0,expansion,True,True,False,False,False,False,False,-0.401922,0.9046,0.1
2013-08-02,strict_alfred_real_time,slowdown,slowdown,slowdown,official,0.460329,-0.082864,0.317853,low,0,True,0,0,0,0.406537,low_evidence_ambiguous,low_separation_or_stale,0.147659,0.030371,0.396389,0.325888,0.455951,0.643741,1e-06,0.0,slowdown,True,True,False,False,False,False,False,-0.121272,0.935704,0.1
2013-08-09,strict_alfred_real_time,slowdown,expansion,slowdown,official,0.507789,-0.04113,0.013389,low,0,False,1,0,0,0.393016,semantically_supported,filter_absorbed_raw_flip,0.138789,0.036681,0.438007,0.474965,0.423203,0.488354,1e-06,0.0,slowdown,True,True,False,False,False,False,False,-0.170958,0.997846,0.1
2013-08-16,strict_alfred_real_time,slowdown,expansion,slowdown,official,0.513093,0.002033,0.015669,low,0,False,2,0,0,0.417507,semantically_supported,filter_absorbed_raw_flip,0.143919,0.036058,0.459013,0.474137,0.397068,0.489805,1e-06,0.0,expansion,True,False,False,False,False,True,False,0.233364,1.071099,0.1
2013-08-23,strict_alfred_real_time,slowdown,expansion,expansion,official,0.514462,-0.005038,0.048892,low,1,False,3,0,0,0.419018,bounded_confirmation_lag,confirmation_in_flight,0.142549,0.038161,0.455881,0.505366,0.401569,0.456473,1e-06,0.0,slowdown,True,True,False,False,False,False,False,0.195275,1.077845,0.1
2013-08-30,strict_alfred_real_time,slowdown,slowdown,slowdown,official,0.47057,-0.108313,0.396938,low,0,True,0,1,0,0.443892,low_evidence_ambiguous,low_separation_or_stale,0.13595,0.025769,0.372461,0.288646,0.491589,0.685585,1e-06,0.0,slowdown,True,True,False,False,False,False,False,0.092622,1.044412,0.1
2013-09-06,strict_alfred_real_time,slowdown,slowdown,slowdown,official,0.475194,-0.064327,0.410824,low,0,True,0,1,0,0.456407,low_evidence_ambiguous,low_separation_or_stale,0.14234,0.024808,0.393571,0.282184,0.464088,0.693008,1e-06,0.0,slowdown,True,True,False,False,False,False,False,0.499067,1.08441,0.1
2013-09-13,strict_alfred_real_time,slowdown,expansion,slowdown,official,0.501203,0.023597,0.217143,low,0,True,1,1,0,0.474585,neutral_band_retention,neutral_band,0.150316,0.031635,0.43768,0.375611,0.412003,0.592754,1e-06,0.0,expansion,True,False,False,False,False,True,False,0.829666,1.189317,0.1
2013-09-20,strict_alfred_real_time,slowdown,expansion,slowdown,official,0.533206,0.075162,0.140444,high,0,False,2,1,0,0.49821,semantically_supported,filter_absorbed_raw_flip,0.150094,0.032241,0.465744,0.413657,0.384161,0.554101,1e-06,0.0,expansion,True,False,False,False,False,True,False,1.305559,1.328245,0.1
2013-09-27,strict_alfred_real_time,expansion,expansion,expansion,official,0.569345,0.232707,0.464063,high,0,False,0,0,0,0.50727,semantically_supported,official_equals_raw_high_quality,0.165487,0.051808,0.55176,0.706127,0.282751,0.242064,1e-06,0.0,expansion,True,True,False,False,False,False,False,1.562743,1.444058,0.1
2013-10-04,strict_alfred_real_time,expansion,expansion,expansion,official,0.574716,0.210444,0.548949,high,0,False,0,0,0,0.510692,semantically_supported,official_equals_raw_high_quality,0.161336,0.053762,0.543692,0.747593,0.294971,0.198645,1e-06,0.0,expansion,True,True,False,False,False,False,False,1.454248,1.467514,0.1
2013-10-11,strict_alfred_real_time,expansion,expansion,expansion,preliminary,0.574935,0.211153,0.54952,high,0,False,0,0,0,0.510878,semantically_supported,official_equals_raw_high_quality,0.161363,0.053759,0.544022,0.74788,0.294614,0.19836,1e-06,0.0,expansion,True,True,False,False,False,False,False,1.457792,1.46861,0.1
2013-10-18,strict_alfred_real_time,expansion,expansion,expansion,preliminary,0.574935,0.211153,0.54952,high,0,False,0,0,0,0.510878,semantically_supported,official_equals_raw_high_quality,0.161363,0.053759,0.544022,0.74788,0.294614,0.19836,1e-06,0.0,expansion,True,True,False,False,False,False,False,1.457792,1.46861,0.1
2013-10-25,strict_alfred_real_time,expansion,slowdown,expansion,preliminary,0.47562,-0.129853,0.21678,low,0,True,1,0,0,0.405924,neutral_band_retention,neutral_band,0.135911,0.052358,0.376112,0.582211,0.487976,0.365431,1e-06,0.0,slowdown,True,False,False,False,False,True,False,-0.420173,0.965328,0.1
2013-11-01,strict_alfred_real_time,expansion,slowdown,expansion,preliminary,0.4358,-0.171456,0.022928,low,0,True,2,0,1,0.331266,neutral_band_retention,neutral_band,0.146818,0.055084,0.349184,0.483922,0.503997,0.460994,1e-06,0.0,slowdown,True,False,False,False,False,True,False,-1.21171,0.721829,0.1
2013-11-08,strict_alfred_real_time,expansion,slowdown,expansion,official,0.476838,-0.057866,0.202294,low,0,True,3,0,2,0.343145,neutral_band_retention,neutral_band,0.166258,0.06639,0.40105,0.567952,0.432691,0.365658,1e-06,0.0,slowdown,True,False,False,False,False,True,False,-1.264945,0.818124,0.1
2013-11-15,strict_alfred_real_time,expansion,slowdown,slowdown,official,0.474736,-0.219692,0.297026,low,2,True,4,0,1,0.360742,bounded_confirmation_lag,confirmation_in_flight,0.128754,0.034513,0.330866,0.33423,0.540379,0.631257,1e-06,0.0,slowdown,True,False,False,False,False,True,False,-1.539168,0.856287,0.1
2013-11-22,strict_alfred_real_time,expansion,slowdown,slowdown,official,0.495563,-0.212348,0.332552,low,2,True,5,0,1,0.371302,bounded_confirmation_lag,confirmation_in_flight,0.12545,0.030809,0.336005,0.318319,0.538544,0.650871,1e-06,0.0,slowdown,True,False,False,False,False,True,False,-1.69491,0.920018,0.1
2013-11-29,strict_alfred_real_time,slowdown,slowdown,slowdown,official,0.515826,-0.171037,0.392818,high,0,False,0,0,1,0.394124,semantically_supported,official_equals_raw_high_quality,0.128058,0.026274,0.357088,0.290454,0.514853,0.683272,1e-06,0.0,slowdown,True,True,False,False,False,False,False,-1.49044,1.016495,0.1
2013-12-06,strict_alfred_real_time,slowdown,expansion,slowdown,official,0.541488,0.017276,0.396136,high,0,False,1,0,0,0.428342,semantically_supported,filter_absorbed_raw_flip,0.143639,0.021583,0.453111,0.291141,0.403249,0.687277,1e-06,0.0,expansion,True,False,False,False,False,True,False,-0.035915,1.15971,0.1
2013-12-13,strict_alfred_real_time,slowdown,expansion,slowdown,official,0.527238,0.110965,0.065831,low,0,False,2,0,0,0.40351,semantically_supported,filter_absorbed_raw_flip,0.160953,0.034645,0.493547,0.449762,0.345499,0.515593,1e-06,0.0,expansion,True,False,False,False,False,True,False,0.309538,1.06373,0.1
2013-12-20,strict_alfred_real_time,expansion,expansion,expansion,official,0.527897,0.289922,0.656162,high,0,False,0,0,2,0.326689,semantically_supported,official_equals_raw_high_quality,0.187985,0.063003,0.574384,0.796579,0.23763,0.140417,1e-06,0.0,expansion,True,True,False,False,False,False,False,0.148686,0.862292,0.1
2013-12-27,strict_alfred_real_time,expansion,expansion,expansion,official,0.510569,0.254681,0.66264,high,0,False,0,0,2,0.295622,semantically_supported,official_equals_raw_high_quality,0.189082,0.066774,0.558172,0.797933,0.252745,0.135293,1e-06,0.0,expansion,True,True,False,False,False,False,False,0.151848,0.754676,0.1
2014-01-03,strict_alfred_real_time,expansion,expansion,expansion,official,0.482333,0.103088,0.591109,low,0,True,0,0,2,0.254375,low_evidence_ambiguous,low_separation_or_stale,0.176854,0.068923,0.493575,0.761093,0.32957,0.169984,1e-06,0.0,expansion,True,True,False,False,False,False,False,-0.605663,0.613466,0.1
2014-01-10,strict_alfred_real_time,expansion,expansion,expansion,official,0.493677,0.058949,0.474207,low,0,True,0,0,2,0.277566,low_evidence_ambiguous,low_separation_or_stale,0.166979,0.063937,0.476647,0.705135,0.356373,0.230928,1e-06,0.0,expansion,True,True,False,False,False,False,False,-0.569838,0.685141,0.1
2014-01-17,strict_alfred_real_time,expansion,expansion,expansion,official,0.511716,0.016175,0.294428,high,0,False,0,0,1,0.314309,semantically_supported,official_equals_raw_high_quality,0.146323,0.048808,0.465405,0.62281,0.388271,0.328382,1e-06,0.0,expansion,True,True,False,False,False,False,False,-0.358607,0.804185,0.1
2014-01-24,strict_alfred_real_time,expansion,expansion,expansion,official,0.511658,-0.04316,0.221513,high,0,False,0,0,1,0.31423,semantically_supported,official_equals_raw_high_quality,0.137568,0.045425,0.437507,0.588044,0.424925,0.366531,1e-06,0.0,slowdown,True,False,False,False,False,True,False,-0.658474,0.803892,0.1
2014-01-31,strict_alfred_real_time,expansion,slowdown,expansion,official,0.500876,-0.094815,0.324415,low,0,True,1,0,2,0.295877,neutral_band_retention,neutral_band,0.12875,0.046238,0.426916,0.639089,0.444334,0.314673,1e-06,0.0,slowdown,True,False,False,False,False,True,False,-1.292319,0.740988,0.1
2014-02-07,strict_alfred_real_time,expansion,slowdown,slowdown,official,0.493767,-0.133303,0.136172,low,2,True,2,1,2,0.284366,bounded_confirmation_lag,confirmation_in_flight,0.123363,0.032901,0.37862,0.415463,0.498016,0.551635,1e-06,0.0,slowdown,True,False,False,False,False,True,False,-1.124612,0.702053,0.1
2014-02-14,strict_alfred_real_time,slowdown,slowdown,slowdown,official,0.447514,-0.36887,0.84462,low,0,True,0,2,0,0.30128,low_evidence_ambiguous,low_separation_or_stale,0.094005,0.00692,0.228843,0.07423,0.677151,0.91885,1e-06,0.0,slowdown,True,True,False,False,False,False,False,-0.61549,0.674135,0.1
2014-02-21,strict_alfred_real_time,slowdown,slowdown,slowdown,official,0.431364,-0.396496,0.866656,high,0,False,0,3,0,0.303099,semantically_supported,official_equals_raw_high_quality,0.088237,0.006097,0.208014,0.063623,0.703748,0.930279,1e-06,0.0,slowdown,True,True,False,False,False,False,False,-0.294913,0.65373,0.1
2014-02-28,strict_alfred_real_time,slowdown,slowdown,slowdown,official,0.431291,-0.303538,0.8272,low,0,True,0,3,0,0.302591,low_evidence_ambiguous,low_separation_or_stale,0.103717,0.007969,0.244473,0.082416,0.651809,0.909616,1e-06,0.0,slowdown,True,True,False,False,False,False,False,0.171599,0.652524,0.1
2014-03-07,strict_alfred_real_time,slowdown,slowdown,slowdown,official,0.421553,-0.366226,0.829411,low,0,True,0,3,0,0.32879,low_evidence_ambiguous,low_separation_or_stale,0.093255,0.007534,0.231768,0.081527,0.674976,0.910939,1e-06,0.0,slowdown,True,True,False,False,False,False,False,0.024086,0.693011,0.1
2014-03-14,strict_alfred_real_time,slowdown,slowdown,slowdown,official,0.429834,-0.419203,0.855152,high,0,False,0,3,0,0.358406,semantically_supported,official_equals_raw_high_quality,0.083652,0.006274,0.211351,0.069287,0.704997,0.924439,1e-06,0.0,slowdown,True,True,False,False,False,False,False,-0.104464,0.770275,0.1
2014-03-21,strict_alfred_real_time,slowdown,slowdown,slowdown,official,0.453463,-0.277955,0.729331,low,0,True,0,2,0,0.363,low_evidence_ambiguous,low_separation_or_stale,0.104088,0.010619,0.294864,0.130025,0.601047,0.859356,1e-06,0.0,slowdown,True,True,False,False,False,False,False,0.050924,0.823035,0.1
2014-03-28,strict_alfred_real_time,slowdown,slowdown,slowdown,official,0.458251,-0.147896,0.601124,low,0,True,0,1,0,0.42187,low_evidence_ambiguous,low_separation_or_stale,0.128782,0.01568,0.368308,0.191598,0.502909,0.792722,1e-06,0.0,slowdown,True,True,False,False,False,False,False,0.706357,0.966612,0.1
2014-04-04,strict_alfred_real_time,slowdown,slowdown,slowdown,official,0.458143,-0.118523,0.482691,low,0,True,0,1,0,0.41878,low_evidence_ambiguous,low_separation_or_stale,0.13368,0.020602,0.382233,0.248353,0.484086,0.731045,1e-06,0.0,slowdown,True,True,False,False,False,False,False,0.630435,0.959306,0.1
2014-04-11,strict_alfred_real_time,slowdown,slowdown,slowdown,official,0.468493,-0.053849,0.373329,low,0,True,0,1,0,0.430334,low_evidence_ambiguous,low_separation_or_stale,0.141828,0.024707,0.413961,0.300982,0.444211,0.674311,1e-06,0.0,slowdown,True,True,False,False,False,False,False,0.953556,1.008043,0.1
2014-04-18,strict_alfred_real_time,expansion,expansion,expansion,official,0.534832,0.550168,0.822934,high,0,False,0,0,1,0.410529,semantically_supported,official_equals_raw_high_quality,0.19851,0.066006,0.661086,0.88894,0.140403,0.045054,1e-06,0.0,expansion,True,True,False,False,False,False,False,1.216425,1.09782,0.1
2014-04-25,strict_alfred_real_time,expansion,expansion,expansion,official,0.526714,0.543586,0.824387,high,0,False,0,0,1,0.401147,semantically_supported,official_equals_raw_high_quality,0.200613,0.066434,0.657393,0.890821,0.141994,0.042745,1e-06,0.0,expansion,True,True,False,False,False,False,False,1.208771,1.056448,0.1
2014-05-02,strict_alfred_real_time,expansion,expansion,expansion,official,0.544251,0.666786,0.842629,high,0,False,0,0,1,0.374765,semantically_supported,official_equals_raw_high_quality,0.202934,0.064218,0.688593,0.906847,0.108472,0.028934,1e-06,0.0,expansion,True,True,False,False,False,False,False,1.066249,1.019831,0.1
2014-05-09,strict_alfred_real_time,expansion,expansion,expansion,official,0.534407,0.579173,0.833546,high,0,False,0,0,1,0.361506,semantically_supported,official_equals_raw_high_quality,0.200662,0.065133,0.667688,0.898679,0.131649,0.036188,1e-06,0.0,expansion,True,True,False,False,False,False,False,0.611099,0.965957,0.1
2014-05-16,strict_alfred_real_time,expansion,expansion,expansion,official,0.516604,0.26195,0.722675,high,0,False,0,0,1,0.385469,semantically_supported,official_equals_raw_high_quality,0.188128,0.07023,0.562061,0.826223,0.24981,0.103548,1e-06,0.0,expansion,True,True,False,False,False,False,False,0.612283,0.995673,0.1
2014-05-23,strict_alfred_real_time,expansion,expansion,expansion,official,0.518454,0.160979,0.66406,high,0,False,0,0,1,0.386997,semantically_supported,official_equals_raw_high_quality,0.174675,0.067616,0.523791,0.798222,0.301533,0.134162,1e-06,0.0,expansion,True,True,False,False,False,False,False,0.106135,1.003201,0.1
2014-05-30,strict_alfred_real_time,expansion,expansion,expansion,official,0.565347,0.32129,0.737646,high,0,False,0,0,1,0.415495,semantically_supported,official_equals_raw_high_quality,0.180235,0.063819,0.593273,0.836913,0.226491,0.099268,1e-06,0.0,expansion,True,True,False,False,False,False,False,0.739523,1.174493,0.1
2014-06-06,strict_alfred_real_time,expansion,expansion,expansion,official,0.571224,0.288094,0.737858,high,0,False,0,0,1,0.419719,semantically_supported,official_equals_raw_high_quality,0.17499,0.061902,0.582775,0.837978,0.242234,0.10012,1e-06,0.0,expansion,True,True,False,False,False,False,False,0.572568,1.198768,0.1
2014-06-13,strict_alfred_real_time,expansion,expansion,expansion,official,0.565649,0.217964,0.713332,high,0,False,0,0,1,0.399618,semantically_supported,official_equals_raw_high_quality,0.168573,0.060811,0.555219,0.82626,0.276206,0.112929,1e-06,0.0,expansion,True,True,False,False,False,False,False,0.082197,1.130219,0.1
2014-06-20,strict_alfred_real_time,expansion,expansion,expansion,official,0.589233,0.154588,0.596516,high,0,False,0,0,0,0.402541,semantically_supported,official_equals_raw_high_quality,0.145306,0.048919,0.539177,0.773799,0.315516,0.177282,1e-06,0.0,expansion,True,True,False,False,False,False,False,0.404864,1.185953,0.1
2014-06-27,strict_alfred_real_time,expansion,expansion,expansion,official,0.585832,0.133725,0.566143,high,0,False,0,0,0,0.393125,semantically_supported,official_equals_raw_high_quality,0.143662,0.047972,0.529482,0.759085,0.326855,0.192943,1e-06,0.0,expansion,True,True,False,False,False,False,False,0.409004,1.151527,0.1
2014-07-04,strict_alfred_real_time,expansion,expansion,expansion,official,0.588368,0.160674,0.590502,high,0,False,0,0,0,0.385138,semantically_supported,official_equals_raw_high_quality,0.146234,0.048397,0.541686,0.771052,0.312079,0.18055,1e-06,0.0,expansion,True,True,False,False,False,False,False,0.537523,1.133015,0.1
2014-07-11,strict_alfred_real_time,expansion,expansion,expansion,official,0.596683,0.167734,0.608075,high,0,False,0,0,0,0.39342,semantically_supported,official_equals_raw_high_quality,0.144995,0.048242,0.54605,0.779916,0.308954,0.171842,1e-06,0.0,expansion,True,True,False,False,False,False,False,0.570026,1.173735,0.1
2014-07-18,strict_alfred_real_time,expansion,expansion,expansion,official,0.605091,0.290576,0.740831,high,0,False,0,0,0,0.396427,semantically_supported,official_equals_raw_high_quality,0.155979,0.051238,0.597316,0.844797,0.246704,0.103966,1e-06,0.0,expansion,True,True,False,False,False,False,False,0.643278,1.199371,0.1
2014-07-25,strict_alfred_real_time,expansion,expansion,expansion,official,0.621986,0.158253,0.630589,high,0,False,0,0,0,0.418969,semantically_supported,official_equals_raw_high_quality,0.137815,0.046339,0.545786,0.792125,0.316398,0.161536,1e-06,0.0,expansion,True,True,False,False,False,False,False,0.458069,1.302963,0.1
2014-08-01,strict_alfred_real_time,expansion,expansion,expansion,official,0.649971,0.136577,0.584785,high,0,False,0,0,0,0.417695,semantically_supported,official_equals_raw_high_quality,0.128988,0.041745,0.540056,0.77152,0.330955,0.186735,1e-06,0.0,expansion,True,True,False,False,False,False,False,0.534391,1.357448,0.1
2014-08-08,strict_alfred_real_time,expansion,expansion,expansion,official,0.665179,0.222156,0.648243,high,0,False,0,0,0,0.423829,semantically_supported,official_equals_raw_high_quality,0.134422,0.041802,0.580084,0.80322,0.285493,0.154977,1e-06,0.0,expansion,True,True,False,False,False,False,False,0.933305,1.409612,0.1
2014-08-15,strict_alfred_real_time,expansion,expansion,expansion,official,0.655502,0.168379,0.653255,high,0,False,0,0,0,0.410472,semantically_supported,official_equals_raw_high_quality,0.131159,0.042428,0.555218,0.805413,0.313622,0.152159,1e-06,0.0,expansion,True,True,False,False,False,False,False,0.542694,1.345327,0.1
2014-08-22,strict_alfred_real_time,expansion,expansion,expansion,official,0.63283,0.121094,0.600207,high,0,False,0,0,0,0.397208,semantically_supported,official_equals_raw_high_quality,0.131117,0.043198,0.530578,0.778505,0.338304,0.178298,1e-06,0.0,expansion,True,True,False,False,False,False,False,0.353283,1.256824,0.1
2014-08-29,strict_alfred_real_time,expansion,expansion,expansion,official,0.630714,0.141727,0.601492,high,0,False,0,0,0,0.398262,semantically_supported,official_equals_raw_high_quality,0.133929,0.04382,0.53968,0.778836,0.32639,0.177344,1e-06,0.0,expansion,True,True,False,False,False,False,False,0.410103,1.255947,0.1
2014-09-05,strict_alfred_real_time,expansion,expansion,expansion,official,0.617082,-0.009764,0.352401,high,0,False,0,0,0,0.393072,semantically_supported,official_equals_raw_high_quality,0.118785,0.038095,0.465858,0.657153,0.415356,0.304752,1e-06,0.0,slowdown,True,False,False,False,False,True,False,0.152771,1.212789,0.1
2014-09-12,strict_alfred_real_time,expansion,expansion,expansion,official,0.623423,-0.008222,0.35917,high,0,False,0,0,0,0.38269,semantically_supported,official_equals_raw_high_quality,0.117665,0.037821,0.467319,0.660674,0.415016,0.301504,1e-06,0.0,slowdown,True,False,False,False,False,True,False,-0.027909,1.192889,0.1
2014-09-19,strict_alfred_real_time,expansion,slowdown,slowdown,official,0.636519,-0.140712,0.160055,high,2,False,1,1,0,0.403619,bounded_confirmation_lag,confirmation_in_flight,0.094868,0.022631,0.386717,0.408657,0.518414,0.568712,1e-06,0.0,slowdown,True,False,False,False,False,True,False,-0.108854,1.284555,0.1
2014-09-26,strict_alfred_real_time,slowdown,slowdown,slowdown,official,0.636765,-0.166308,0.314292,high,0,False,0,1,0,0.40207,semantically_supported,official_equals_raw_high_quality,0.091607,0.018367,0.373607,0.33367,0.534785,0.647963,1e-06,0.0,slowdown,True,True,False,False,False,False,False,-0.239194,1.28012,0.1
2014-10-03,strict_alfred_real_time,expansion,slowdown,expansion,official,0.672726,-0.050818,0.029524,low,0,False,1,1,1,0.397528,semantically_supported,filter_absorbed_raw_flip,0.099552,0.025514,0.4361,0.502005,0.464347,0.472481,1e-06,0.0,slowdown,True,False,False,False,False,True,False,-0.225155,1.337135,0.1
2014-10-10,strict_alfred_real_time,expansion,expansion,expansion,official,0.695585,0.067938,0.13778,high,0,False,0,1,1,0.417003,semantically_supported,official_equals_raw_high_quality,0.108873,0.026799,0.499106,0.55549,0.39202,0.41771,1e-06,0.0,expansion,True,True,False,False,False,False,False,0.360874,1.450307,0.1
2014-10-17,strict_alfred_real_time,expansion,expansion,expansion,official,0.723329,0.332897,0.752874,high,0,False,0,0,1,0.415547,semantically_supported,official_equals_raw_high_quality,0.125701,0.035744,0.648641,0.858565,0.225656,0.105691,1e-06,0.0,expansion,True,True,False,False,False,False,False,0.820432,1.502884,0.1
2014-10-24,strict_alfred_real_time,expansion,expansion,expansion,official,0.719697,0.296175,0.743376,high,0,False,0,0,0,0.429565,semantically_supported,official_equals_raw_high_quality,0.123745,0.035815,0.633951,0.853781,0.242303,0.110404,1e-06,0.0,expansion,True,True,False,False,False,False,False,0.948712,1.545781,0.1
2014-10-31,strict_alfred_real_time,expansion,expansion,expansion,official,0.70902,0.299276,0.761398,high,0,False,0,0,0,0.430651,semantically_supported,official_equals_raw_high_quality,0.126307,0.036908,0.633484,0.862245,0.240209,0.100847,1e-06,0.0,expansion,True,True,False,False,False,False,False,1.060197,1.5267,0.1
2014-11-07,strict_alfred_real_time,expansion,expansion,expansion,official,0.703699,0.290639,0.736717,high,0,False,0,0,0,0.438928,semantically_supported,official_equals_raw_high_quality,0.131879,0.039883,0.614401,0.848417,0.25372,0.1117,1e-06,0.0,expansion,True,True,False,False,False,False,False,1.153523,1.544367,0.1
2014-11-14,strict_alfred_real_time,expansion,expansion,expansion,official,0.682093,0.179083,0.692161,high,0,False,0,0,0,0.41926,semantically_supported,official_equals_raw_high_quality,0.126331,0.040445,0.563809,0.825858,0.309859,0.133697,1e-06,0.0,expansion,True,True,False,False,False,False,False,0.564588,1.42987,0.1
2014-11-21,strict_alfred_real_time,expansion,expansion,expansion,official,0.659612,0.02153,0.386769,high,0,False,0,1,0,0.418888,semantically_supported,official_equals_raw_high_quality,0.110579,0.035147,0.471938,0.675811,0.417483,0.289042,1e-06,0.0,expansion,True,True,False,False,False,False,False,0.335498,1.38152,0.1
2014-11-28,strict_alfred_real_time,expansion,slowdown,expansion,official,0.630904,-0.072943,0.230246,high,0,False,1,1,0,0.410964,semantically_supported,filter_absorbed_raw_flip,0.104453,0.033327,0.421062,0.59846,0.474484,0.368213,1e-06,0.0,slowdown,True,False,False,False,False,True,False,-0.149466,1.296392,0.1
2014-12-05,strict_alfred_real_time,expansion,slowdown,expansion,official,0.620803,-0.160281,0.085557,low,0,False,2,1,0,0.388705,semantically_supported,filter_absorbed_raw_flip,0.095059,0.030093,0.375575,0.527732,0.529365,0.442175,1e-06,0.0,slowdown,True,False,False,False,False,True,False,-0.83121,1.206546,0.1
2014-12-12,strict_alfred_real_time,expansion,slowdown,expansion,official,0.61675,-0.198283,0.07606,low,0,False,3,0,0,0.373496,semantically_supported,filter_absorbed_raw_flip,0.092259,0.027943,0.385168,0.524058,0.522573,0.447999,1e-06,0.0,slowdown,True,False,False,False,False,True,False,-1.174082,1.151766,0.1
2014-12-19,strict_alfred_real_time,expansion,expansion,expansion,official,0.665041,0.040886,0.553399,high,0,False,0,0,2,0.341587,semantically_supported,official_equals_raw_high_quality,0.111434,0.036103,0.5121,0.758648,0.376465,0.205249,1e-06,0.0,expansion,True,True,False,False,False,False,False,-1.399938,1.135846,0.1
2014-12-26,strict_alfred_real_time,expansion,expansion,expansion,official,0.720484,0.291532,0.766284,high,0,False,0,0,3,0.338072,semantically_supported,official_equals_raw_high_quality,0.131246,0.039607,0.62645,0.863338,0.242302,0.097054,1e-06,0.0,expansion,True,True,False,False,False,False,False,-1.095355,1.217877,0.1
2015-01-02,strict_alfred_real_time,expansion,expansion,expansion,official,0.717547,0.271367,0.763727,high,0,False,0,0,3,0.335362,semantically_supported,official_equals_raw_high_quality,0.130242,0.039538,0.618035,0.862095,0.251722,0.098367,1e-06,0.0,expansion,True,True,False,False,False,False,False,-1.198332,1.203191,0.1
2015-01-09,strict_alfred_real_time,expansion,expansion,expansion,official,0.722549,0.37227,0.806338,high,0,False,0,0,4,0.335478,semantically_supported,official_equals_raw_high_quality,0.136985,0.040047,0.65653,0.883145,0.206484,0.076807,1e-06,0.0,expansion,True,True,False,False,False,False,False,-0.769329,1.211998,0.1
2015-01-16,strict_alfred_real_time,expansion,expansion,expansion,official,0.653393,0.141931,0.60504,high,0,False,0,0,3,0.327233,semantically_supported,official_equals_raw_high_quality,0.137143,0.044892,0.537784,0.780074,0.325073,0.175034,1e-06,0.0,expansion,True,True,False,False,False,False,False,-1.083224,1.069061,0.1
2015-01-23,strict_alfred_real_time,expansion,expansion,expansion,official,0.623309,0.109344,0.558946,high,0,False,0,0,3,0.294763,semantically_supported,official_equals_raw_high_quality,0.140433,0.046873,0.518716,0.756036,0.34085,0.197091,1e-06,0.0,expansion,True,True,False,False,False,False,False,-1.246523,0.918642,0.1
2015-01-30,strict_alfred_real_time,expansion,expansion,expansion,official,0.639994,0.216642,0.624542,high,0,False,0,0,3,0.313148,semantically_supported,official_equals_raw_high_quality,0.148717,0.04797,0.567839,0.788286,0.283443,0.163744,1e-06,0.0,expansion,True,True,False,False,False,False,False,-0.710407,1.002062,0.1
2015-02-06,strict_alfred_real_time,expansion,expansion,expansion,official,0.681362,0.285004,0.714953,high,0,False,0,0,2,0.320737,semantically_supported,official_equals_raw_high_quality,0.139806,0.042468,0.617374,0.836242,0.242819,0.12129,1e-06,0.0,expansion,True,True,False,False,False,False,False,-0.23981,1.092689,0.1
2015-02-13,strict_alfred_real_time,expansion,expansion,expansion,official,0.692886,0.337194,0.77517,high,0,False,0,0,2,0.330007,semantically_supported,official_equals_raw_high_quality,0.141384,0.042586,0.638811,0.866292,0.219803,0.091122,1e-06,0.0,expansion,True,True,False,False,False,False,False,-0.02144,1.143286,0.1
2015-02-20,strict_alfred_real_time,expansion,expansion,expansion,preliminary,0.710194,0.029528,0.1048,low,0,False,0,1,1,0.347501,low_evidence_ambiguous,low_separation_or_stale,0.108756,0.027588,0.477451,0.538606,0.413793,0.433806,1e-06,0.0,expansion,True,True,False,False,False,False,False,0.018643,1.233963,0.1
2015-02-27,strict_alfred_real_time,slowdown,slowdown,slowdown,official,0.651948,-0.158821,0.366116,high,0,False,0,1,1,0.322949,semantically_supported,official_equals_raw_high_quality,0.098564,0.018953,0.360259,0.307465,0.541176,0.673581,1e-06,0.0,slowdown,True,True,False,False,False,False,False,-0.496737,1.052729,0.1
2015-03-06,strict_alfred_real_time,slowdown,slowdown,slowdown,official,0.665467,-0.22363,0.306063,high,0,False,0,1,1,0.267424,semantically_supported,official_equals_raw_high_quality,0.078383,0.015838,0.360519,0.33905,0.561097,0.645113,1e-06,0.0,slowdown,True,True,False,False,False,False,False,-0.882369,0.889808,0.1
2015-03-13,strict_alfred_real_time,slowdown,slowdown,slowdown,official,0.665993,-0.140403,0.410097,high,0,False,0,1,1,0.269482,semantically_supported,official_equals_raw_high_quality,0.089992,0.014615,0.388977,0.287644,0.521031,0.697741,1e-06,0.0,slowdown,True,True,False,False,False,False,False,-0.456831,0.897367,0.1
2015-03-20,strict_alfred_real_time,slowdown,slowdown,slowdown,official,0.637546,-0.096477,0.407588,high,0,False,0,1,1,0.266799,semantically_supported,official_equals_raw_high_quality,0.100263,0.015588,0.409546,0.288412,0.49019,0.696,1e-06,0.0,slowdown,True,True,False,False,False,False,False,-0.206576,0.850485,0.1
2015-03-27,strict_alfred_real_time,slowdown,slowdown,slowdown,official,0.641052,-0.121868,0.49904,high,0,False,0,2,1,0.298495,semantically_supported,official_equals_raw_high_quality,0.093162,0.013173,0.3832,0.243893,0.523638,0.742933,1e-06,0.0,slowdown,True,True,False,False,False,False,False,-0.177063,0.956754,0.1
2015-04-03,strict_alfred_real_time,slowdown,slowdown,slowdown,official,0.682236,-0.269958,0.756084,high,0,False,0,2,1,0.354824,semantically_supported,official_equals_raw_high_quality,0.069543,0.005803,0.310458,0.119057,0.619998,0.87514,1e-06,0.0,slowdown,True,True,False,False,False,False,False,-0.16495,1.210368,0.1
2015-04-10,strict_alfred_real_time,slowdown,slowdown,slowdown,official,0.699265,-0.235358,0.709912,high,0,False,0,2,1,0.370026,semantically_supported,official_equals_raw_high_quality,0.071135,0.006636,0.328496,0.141726,0.600368,0.851638,1e-06,0.0,slowdown,True,True,False,False,False,False,False,0.008051,1.29373,0.1
2015-04-17,strict_alfred_real_time,slowdown,slowdown,slowdown,official,0.688765,-0.244816,0.656952,high,0,False,0,1,1,0.383487,semantically_supported,official_equals_raw_high_quality,0.074413,0.008028,0.336536,0.16751,0.589051,0.824462,1e-06,0.0,slowdown,True,True,False,False,False,False,False,-0.086205,1.320664,0.1
2015-04-24,strict_alfred_real_time,slowdown,slowdown,slowdown,official,0.686613,-0.149855,0.57429,high,0,False,0,1,1,0.382916,semantically_supported,official_equals_raw_high_quality,0.085593,0.009997,0.385447,0.207856,0.528959,0.782146,1e-06,0.0,slowdown,True,True,False,False,False,False,False,0.388085,1.314576,0.1
2015-05-01,strict_alfred_real_time,slowdown,slowdown,slowdown,official,0.65561,-0.316682,0.815477,high,0,False,0,2,0,0.411188,semantically_supported,official_equals_raw_high_quality,0.069018,0.00492,0.27317,0.089801,0.657811,0.905278,1e-06,0.0,slowdown,True,True,False,False,False,False,False,0.999652,1.347895,0.1
2015-05-08,strict_alfred_real_time,slowdown,slowdown,slowdown,official,0.670633,-0.30327,0.828092,high,0,False,0,3,0,0.427985,semantically_supported,official_equals_raw_high_quality,0.067112,0.004805,0.254585,0.083552,0.678302,0.911643,1e-06,0.0,slowdown,True,True,False,False,False,False,False,1.243806,1.435104,0.1
2015-05-15,strict_alfred_real_time,slowdown,slowdown,slowdown,official,0.694698,-0.177635,0.749698,high,0,False,0,3,0,0.451466,semantically_supported,official_equals_raw_high_quality,0.078967,0.006701,0.314233,0.1218,0.6068,0.871499,1e-06,0.0,slowdown,True,True,False,False,False,False,False,1.736117,1.568161,0.1
2015-05-22,strict_alfred_real_time,slowdown,slowdown,slowdown,official,0.714352,-0.064458,0.604263,high,0,False,0,3,0,0.473193,semantically_supported,official_equals_raw_high_quality,0.089952,0.010263,0.372211,0.192737,0.537836,0.797,1e-06,0.0,slowdown,True,True,False,False,False,False,False,1.940353,1.690132,0.1
2015-05-29,strict_alfred_real_time,slowdown,slowdown,slowdown,official,0.69342,-0.268325,0.71284,high,0,False,0,3,0,0.457291,semantically_supported,official_equals_raw_high_quality,0.068311,0.007739,0.271142,0.139711,0.660546,0.85255,1e-06,0.0,slowdown,True,True,False,False,False,False,False,0.910656,1.585473,0.1
2015-06-05,strict_alfred_real_time,slowdown,slowdown,slowdown,official,0.690921,-0.234512,0.568354,high,0,False,0,2,0,0.440122,semantically_supported,official_equals_raw_high_quality,0.073916,0.010862,0.31383,0.210392,0.612252,0.778746,1e-06,0.0,slowdown,True,True,False,False,False,False,False,0.523687,1.520446,0.1
2015-06-12,strict_alfred_real_time,slowdown,slowdown,slowdown,official,0.683702,-0.245722,0.56912,high,0,False,0,2,0,0.414199,semantically_supported,official_equals_raw_high_quality,0.073593,0.010999,0.308007,0.20994,0.618399,0.77906,1e-06,0.0,slowdown,True,True,False,False,False,False,False,0.158288,1.415945,0.1
2015-06-19,strict_alfred_real_time,slowdown,slowdown,slowdown,official,0.688615,-0.251356,0.623033,high,0,False,0,2,0,0.414419,semantically_supported,official_equals_raw_high_quality,0.070771,0.008844,0.319972,0.184062,0.609256,0.807095,1e-06,0.0,slowdown,True,True,False,False,False,False,False,0.231436,1.426874,0.1
2015-06-26,strict_alfred_real_time,expansion,expansion,expansion,official,0.714996,-0.021889,0.159237,high,0,False,0,1,1,0.406413,semantically_supported,official_equals_raw_high_quality,0.092711,0.023995,0.470543,0.567621,0.436745,0.408384,1e-06,0.0,slowdown,True,False,False,False,False,True,False,0.208188,1.452917,0.1
2015-07-03,strict_alfred_real_time,expansion,slowdown,slowdown,official,0.700362,-0.113833,0.007428,low,1,False,1,1,1,0.39662,bounded_confirmation_lag,confirmation_in_flight,0.085316,0.021111,0.420597,0.48573,0.494086,0.493159,1e-06,0.0,slowdown,True,False,False,False,False,True,False,-0.201772,1.388889,0.1
2015-07-10,strict_alfred_real_time,expansion,slowdown,slowdown,official,0.676786,-0.259419,0.261304,high,2,False,2,1,1,0.374478,bounded_confirmation_lag,confirmation_in_flight,0.072841,0.016511,0.342653,0.361092,0.584505,0.622397,1e-06,0.0,slowdown,True,False,False,False,False,True,False,-0.933005,1.267207,0.1
2015-07-17,strict_alfred_real_time,expansion,slowdown,slowdown,official,0.654708,-0.266982,0.254364,high,1,False,3,0,0,0.371051,bounded_confirmation_lag,confirmation_in_flight,0.079934,0.018997,0.337841,0.363319,0.582224,0.617684,1e-06,0.0,slowdown,True,False,False,False,False,True,False,-1.432104,1.214649,0.1
2015-07-24,strict_alfred_real_time,expansion,slowdown,slowdown,official,0.673552,-0.157534,0.256114,high,2,False,4,0,0,0.383696,bounded_confirmation_lag,confirmation_in_flight,0.090086,0.018299,0.39528,0.362793,0.514634,0.618907,1e-06,0.0,slowdown,True,False,False,False,False,True,False,-0.931069,1.292196,0.1
2015-07-31,strict_alfred_real_time,slowdown,slowdown,slowdown,preliminary,0.68338,-0.095254,0.228194,low,0,False,0,0,0,0.391809,low_evidence_ambiguous,low_separation_or_stale,0.09578,0.018522,0.428555,0.376642,0.475664,0.604836,1e-06,0.0,slowdown,True,True,False,False,False,False,False,-0.620816,1.338771,0.1
2015-08-07,strict_alfred_real_time,slowdown,slowdown,slowdown,official,0.681234,-0.160513,0.574617,high,0,False,0,0,0,0.431277,semantically_supported,official_equals_raw_high_quality,0.088492,0.010174,0.394264,0.207605,0.517243,0.782222,1e-06,0.0,slowdown,True,True,False,False,False,False,False,0.012162,1.469002,0.1
2015-08-14,strict_alfred_real_time,slowdown,expansion,slowdown,official,0.698082,0.02211,0.022841,low,0,False,1,0,1,0.421056,semantically_supported,filter_absorbed_raw_flip,0.113545,0.024598,0.486615,0.476281,0.399839,0.499121,1e-06,0.0,expansion,True,False,False,False,False,True,False,-0.024697,1.46966,0.1
2015-08-21,strict_alfred_real_time,slowdown,slowdown,slowdown,official,0.680156,-0.146964,0.374381,high,0,False,0,1,1,0.395852,semantically_supported,official_equals_raw_high_quality,0.092857,0.016187,0.384024,0.304715,0.523117,0.679097,1e-06,0.0,slowdown,True,True,False,False,False,False,False,-0.459171,1.346207,0.1
2015-08-28,strict_alfred_real_time,slowdown,slowdown,slowdown,official,0.679661,-0.088756,0.261066,high,0,False,0,1,1,0.387284,semantically_supported,official_equals_raw_high_quality,0.100202,0.019288,0.413991,0.359823,0.485806,0.620889,1e-06,0.0,slowdown,True,True,False,False,False,False,False,-0.37345,1.316108,0.1
2015-09-04,strict_alfred_real_time,slowdown,slowdown,slowdown,official,0.664304,-0.079006,0.255851,high,0,False,0,1,1,0.374658,semantically_supported,official_equals_raw_high_quality,0.104234,0.020075,0.4177,0.362037,0.478065,0.617888,1e-06,0.0,slowdown,True,True,False,False,False,False,False,-0.244636,1.244435,0.1
2015-09-11,strict_alfred_real_time,slowdown,slowdown,slowdown,official,0.661735,-0.049229,0.202909,high,0,False,0,1,1,0.37223,semantically_supported,official_equals_raw_high_quality,0.108521,0.021745,0.432663,0.387673,0.458816,0.590582,1e-06,0.0,slowdown,True,True,False,False,False,False,False,-0.094867,1.231587,0.1
2015-09-18,strict_alfred_real_time,expansion,expansion,expansion,official,0.6577,0.062289,0.411531,high,0,False,0,0,0,0.390435,semantically_supported,official_equals_raw_high_quality,0.115198,0.03357,0.521727,0.68898,0.363075,0.27745,1e-06,0.0,expansion,True,True,False,False,False,False,False,-0.148482,1.283946,0.1
2015-09-25,strict_alfred_real_time,expansion,expansion,expansion,official,0.657753,0.038915,0.417222,high,0,False,0,0,0,0.390484,semantically_supported,official_equals_raw_high_quality,0.112662,0.033599,0.510298,0.691811,0.377039,0.27459,1e-06,0.0,expansion,True,True,False,False,False,False,False,-0.270133,1.28421,0.1
2015-10-02,strict_alfred_real_time,expansion,slowdown,slowdown,official,0.662407,-0.056872,0.006131,low,1,False,1,1,0,0.395221,bounded_confirmation_lag,confirmation_in_flight,0.103596,0.027278,0.415604,0.483296,0.480798,0.489426,1e-06,0.0,slowdown,True,False,False,False,False,True,False,-0.558901,1.308987,0.1
2015-10-09,strict_alfred_real_time,expansion,slowdown,slowdown,official,0.67547,-0.016808,0.020738,low,2,False,2,1,0,0.406395,bounded_confirmation_lag,confirmation_in_flight,0.106204,0.026104,0.437276,0.476579,0.456519,0.497317,1e-06,0.0,slowdown,True,False,False,False,False,True,False,-0.366995,1.372539,0.1
2015-10-16,strict_alfred_real_time,slowdown,slowdown,slowdown,official,0.681436,-0.143934,0.617724,high,0,False,0,2,0,0.420657,semantically_supported,official_equals_raw_high_quality,0.086123,0.009825,0.358826,0.186226,0.55505,0.803949,1e-06,0.0,slowdown,True,True,False,False,False,False,False,0.164912,1.433257,0.1
2015-10-23,strict_alfred_real_time,slowdown,slowdown,slowdown,official,0.690326,-0.102883,0.556831,high,0,False,0,2,1,0.428075,semantically_supported,official_equals_raw_high_quality,0.089721,0.011179,0.380484,0.215995,0.529793,0.772826,1e-06,0.0,slowdown,True,True,False,False,False,False,False,0.356683,1.477559,0.1
2015-10-30,strict_alfred_real_time,slowdown,slowdown,slowdown,official,0.703263,-0.074095,0.54038,high,0,False,0,2,0,0.443106,semantically_supported,official_equals_raw_high_quality,0.091082,0.011277,0.396317,0.224171,0.5126,0.764551,1e-06,0.0,slowdown,True,True,False,False,False,False,False,0.749043,1.5581,0.1
2015-11-06,strict_alfred_real_time,slowdown,slowdown,slowdown,official,0.693477,-0.026405,0.184437,high,0,False,0,1,0,0.431877,semantically_supported,official_equals_raw_high_quality,0.098705,0.018939,0.450599,0.398312,0.450695,0.582749,1e-06,0.0,slowdown,True,True,False,False,False,False,False,0.62306,1.497483,0.1
2015-11-13,strict_alfred_real_time,slowdown,slowdown,slowdown,official,0.664826,-0.133588,0.291168,high,0,False,0,1,0,0.412264,semantically_supported,official_equals_raw_high_quality,0.091002,0.01749,0.392434,0.345671,0.516563,0.636839,1e-06,0.0,slowdown,True,True,False,False,False,False,False,0.167093,1.37042,0.1
2015-11-20,strict_alfred_real_time,slowdown,slowdown,slowdown,official,0.638116,-0.221006,0.47967,high,0,False,0,1,0,0.403858,semantically_supported,official_equals_raw_high_quality,0.084578,0.013655,0.345866,0.253337,0.569555,0.733007,1e-06,0.0,slowdown,True,True,False,False,False,False,False,-0.054364,1.288542,0.1
2015-11-27,strict_alfred_real_time,slowdown,slowdown,slowdown,official,0.650119,-0.271641,0.590836,high,0,False,0,1,0,0.380708,semantically_supported,official_equals_raw_high_quality,0.076686,0.010442,0.321167,0.199361,0.602146,0.790197,1e-06,0.0,slowdown,True,True,False,False,False,False,False,-0.266563,1.237529,0.1
2015-12-04,strict_alfred_real_time,expansion,slowdown,slowdown,official,0.679773,-0.130573,0.12686,high,2,False,1,1,0,0.375968,bounded_confirmation_lag,confirmation_in_flight,0.086695,0.019581,0.410252,0.426779,0.503053,0.553639,1e-06,0.0,slowdown,True,False,False,False,False,True,False,-0.327047,1.277865,0.1
2015-12-11,strict_alfred_real_time,slowdown,slowdown,slowdown,official,0.663567,-0.200877,0.276855,high,0,False,0,1,0,0.36176,semantically_supported,official_equals_raw_high_quality,0.081237,0.016718,0.372236,0.353213,0.546526,0.630069,1e-06,0.0,slowdown,True,True,False,False,False,False,False,-0.664633,1.200261,0.1
2015-12-18,strict_alfred_real_time,slowdown,slowdown,slowdown,official,0.625896,-0.368141,0.685444,high,0,False,0,1,0,0.36973,semantically_supported,official_equals_raw_high_quality,0.067416,0.007877,0.286616,0.153339,0.645968,0.838784,1e-06,0.0,slowdown,True,True,False,False,False,False,False,-0.903571,1.157063,0.1
2015-12-25,strict_alfred_real_time,slowdown,slowdown,slowdown,official,0.601746,-0.48011,0.824139,high,0,False,0,1,0,0.3596,semantically_supported,official_equals_raw_high_quality,0.058923,0.004928,0.224149,0.085467,0.716927,0.909605,1e-06,0.0,slowdown,True,True,False,False,False,False,False,-1.304827,1.081939,0.1
2016-01-01,strict_alfred_real_time,slowdown,slowdown,slowdown,official,0.578451,-0.500011,0.850757,high,0,False,0,1,0,0.333811,semantically_supported,official_equals_raw_high_quality,0.059326,0.00436,0.215466,0.072442,0.725207,0.923199,1e-06,0.0,slowdown,True,True,False,False,False,False,False,-1.409931,0.965466,0.1
2016-01-08,strict_alfred_real_time,slowdown,slowdown,slowdown,official,0.585336,-0.41185,0.822965,high,0,False,0,1,0,0.333982,semantically_supported,official_equals_raw_high_quality,0.068639,0.005108,0.252727,0.085963,0.678634,0.908928,1e-06,0.0,slowdown,True,True,False,False,False,False,False,-1.04283,0.977459,0.1
2016-01-15,strict_alfred_real_time,slowdown,slowdown,slowdown,official,0.550064,-0.457403,0.829417,high,0,False,0,1,0,0.324105,semantically_supported,official_equals_raw_high_quality,0.0666,0.004945,0.243522,0.082819,0.689877,0.912236,1e-06,0.0,slowdown,True,True,False,False,False,False,False,-1.034938,0.896469,0.1
2016-01-22,strict_alfred_real_time,slowdown,slowdown,slowdown,official,0.519925,-0.593911,0.892836,high,0,False,0,1,0,0.291996,semantically_supported,official_equals_raw_high_quality,0.055328,0.003508,0.178874,0.051828,0.765798,0.944664,1e-06,0.0,slowdown,True,True,False,False,False,False,False,-1.322363,0.763651,0.1
2016-01-29,strict_alfred_real_time,slowdown,slowdown,slowdown,official,0.519278,-0.606888,0.899776,high,0,False,0,1,0,0.29112,semantically_supported,official_equals_raw_high_quality,0.053997,0.003289,0.174348,0.048467,0.771655,0.948243,1e-06,0.0,slowdown,True,True,False,False,False,False,False,-1.386143,0.76042,0.1
2016-02-05,strict_alfred_real_time,slowdown,slowdown,slowdown,official,0.493804,-0.753235,0.936645,high,0,False,0,1,0,0.285764,semantically_supported,official_equals_raw_high_quality,0.041956,0.002163,0.128778,0.030596,0.829265,0.967241,1e-06,0.0,slowdown,True,True,False,False,False,False,False,-1.317522,0.710032,0.1
2016-02-12,strict_alfred_real_time,slowdown,slowdown,slowdown,official,0.50932,-0.668225,0.920756,high,0,False,0,1,0,0.302206,semantically_supported,official_equals_raw_high_quality,0.048637,0.002632,0.153963,0.038306,0.797398,0.959062,1e-06,0.0,slowdown,True,True,False,False,False,False,False,-1.023605,0.77433,0.1
2016-02-19,strict_alfred_real_time,slowdown,slowdown,slowdown,official,0.55765,-0.143223,0.537738,high,0,False,0,0,0,0.320317,semantically_supported,official_equals_raw_high_quality,0.112886,0.014581,0.393385,0.22384,0.493727,0.761578,1e-06,0.0,slowdown,True,True,False,False,False,False,False,-0.541631,0.893124,0.1
2016-02-26,strict_alfred_real_time,slowdown,expansion,slowdown,official,0.563248,0.016231,0.172315,high,0,False,1,0,0,0.326375,semantically_supported,filter_absorbed_raw_flip,0.133991,0.026176,0.472159,0.400755,0.393849,0.573069,1e-06,0.0,expansion,True,False,False,False,False,True,False,-0.169381,0.91915,0.1
2016-03-04,strict_alfred_real_time,slowdown,expansion,slowdown,official,0.569417,0.021239,0.016782,low,0,False,2,0,0,0.331175,semantically_supported,filter_absorbed_raw_flip,0.133245,0.030906,0.475322,0.476156,0.391432,0.492938,1e-06,0.0,expansion,True,False,False,False,False,True,False,-0.149141,0.942883,0.1
2016-03-11,strict_alfred_real_time,slowdown,expansion,expansion,official,0.57965,0.087066,0.167238,high,1,False,3,0,0,0.342982,bounded_confirmation_lag,confirmation_in_flight,0.139404,0.036085,0.507516,0.565577,0.353079,0.398338,1e-06,0.0,expansion,True,False,False,False,False,True,False,0.178941,0.994047,0.1
2016-03-18,strict_alfred_real_time,slowdown,expansion,expansion,official,0.545192,0.11087,0.202801,high,1,False,4,0,0,0.363043,bounded_confirmation_lag,confirmation_in_flight,0.150951,0.040302,0.513163,0.581249,0.335885,0.378449,1e-06,0.0,expansion,True,False,False,False,False,True,False,0.55583,0.98964,0.1
2016-03-25,strict_alfred_real_time,expansion,expansion,expansion,official,0.591953,0.190005,0.566027,high,0,False,0,0,0,0.413884,semantically_supported,official_equals_raw_high_quality,0.14871,0.047269,0.554797,0.759379,0.296493,0.193352,1e-06,0.0,expansion,True,True,False,False,False,False,False,0.966284,1.225,0.1
2016-04-01,strict_alfred_real_time,expansion,expansion,expansion,official,0.547678,0.173993,0.571392,high,0,False,0,0,0,0.39791,semantically_supported,official_equals_raw_high_quality,0.158262,0.052753,0.540685,0.759319,0.301052,0.187927,1e-06,0.0,expansion,True,True,False,False,False,False,False,0.970275,1.17289,0.1
2016-04-08,strict_alfred_real_time,expansion,expansion,expansion,official,0.533199,0.074341,0.522961,high,0,False,0,0,0,0.382984,semantically_supported,official_equals_raw_high_quality,0.149135,0.052926,0.495046,0.735017,0.355818,0.212057,1e-06,0.0,expansion,True,True,False,False,False,False,False,0.472558,1.101169,0.1
2016-04-15,strict_alfred_real_time,slowdown,slowdown,slowdown,official,0.506023,-0.282635,0.557379,high,0,False,0,1,0,0.378026,semantically_supported,official_equals_raw_high_quality,0.097948,0.016055,0.308032,0.213283,0.594019,0.770662,1e-06,0.0,slowdown,True,True,False,False,False,False,False,0.243181,1.14936,0.1
2016-04-22,strict_alfred_real_time,slowdown,slowdown,slowdown,official,0.526032,-0.250727,0.600503,high,0,False,0,1,0,0.39784,semantically_supported,official_equals_raw_high_quality,0.099129,0.013741,0.324398,0.192878,0.576472,0.793381,1e-06,0.0,slowdown,True,True,False,False,False,False,False,0.369007,1.249407,0.1
2016-04-29,strict_alfred_real_time,slowdown,slowdown,slowdown,official,0.541667,-0.307876,0.710076,high,0,False,0,1,0,0.419591,semantically_supported,official_equals_raw_high_quality,0.088333,0.009445,0.298197,0.140239,0.613469,0.850315,1e-06,0.0,slowdown,True,True,False,False,False,False,False,0.31873,1.350513,0.1
2016-05-06,strict_alfred_real_time,slowdown,slowdown,slowdown,official,0.532031,-0.402327,0.793818,high,0,False,0,1,0,0.416885,semantically_supported,official_equals_raw_high_quality,0.076981,0.006728,0.254941,0.099726,0.668078,0.893545,1e-06,0.0,slowdown,True,True,False,False,False,False,False,0.155629,1.321718,0.1
2016-05-13,strict_alfred_real_time,slowdown,slowdown,slowdown,official,0.488383,-0.502066,0.834925,high,0,False,0,1,0,0.369993,semantically_supported,official_equals_raw_high_quality,0.069879,0.005863,0.212186,0.079606,0.717935,0.914531,1e-06,0.0,slowdown,True,True,False,False,False,False,False,-0.479422,1.092302,0.1
2016-05-20,strict_alfred_real_time,slowdown,slowdown,slowdown,official,0.498371,-0.277007,0.428635,low,0,True,0,0,0,0.338038,low_evidence_ambiguous,low_separation_or_stale,0.104447,0.020766,0.323513,0.275299,0.572038,0.703935,1e-06,0.0,slowdown,True,True,False,False,False,False,False,-0.974296,0.910469,0.1
2016-05-27,strict_alfred_real_time,slowdown,slowdown,slowdown,official,0.480953,-0.287574,0.536881,low,0,True,0,0,0,0.315919,low_evidence_ambiguous,low_separation_or_stale,0.106072,0.017555,0.317363,0.222782,0.576564,0.759662,1e-06,0.0,slowdown,True,True,False,False,False,False,False,-1.031761,0.823382,0.1
2016-06-03,strict_alfred_real_time,slowdown,slowdown,slowdown,official,0.472775,-0.343791,0.777616,low,0,True,0,1,0,0.321169,low_evidence_ambiguous,low_separation_or_stale,0.096233,0.008924,0.264807,0.10673,0.638959,0.884346,1e-06,0.0,slowdown,True,True,False,False,False,False,False,-0.808799,0.823932,0.1
2016-06-10,strict_alfred_real_time,slowdown,slowdown,slowdown,official,0.50678,-0.269321,0.73947,high,0,False,0,1,0,0.363363,semantically_supported,official_equals_raw_high_quality,0.101892,0.009781,0.29999,0.125374,0.598117,0.864844,1e-06,0.0,slowdown,True,True,False,False,False,False,False,-0.438352,0.993958,0.1
2016-06-17,strict_alfred_real_time,slowdown,slowdown,slowdown,official,0.483047,-0.181418,0.560243,low,0,True,0,1,1,0.343303,low_evidence_ambiguous,low_separation_or_stale,0.128683,0.019566,0.336192,0.210095,0.535125,0.770338,1e-06,0.0,slowdown,True,True,False,False,False,False,False,-0.754613,0.973898,0.1
2016-06-24,strict_alfred_real_time,slowdown,slowdown,slowdown,official,0.490782,-0.216359,0.593706,low,0,True,0,1,1,0.352135,low_evidence_ambiguous,low_separation_or_stale,0.120898,0.017819,0.320747,0.194237,0.558354,0.787943,1e-06,0.0,slowdown,True,True,False,False,False,False,False,-0.934897,1.012571,0.1
2016-07-01,strict_alfred_real_time,slowdown,slowdown,slowdown,official,0.487398,-0.247482,0.678876,low,0,True,0,1,1,0.35985,low_evidence_ambiguous,low_separation_or_stale,0.116232,0.013859,0.306301,0.153632,0.577466,0.832509,1e-06,0.0,slowdown,True,True,False,False,False,False,False,-0.801533,1.028665,0.1
2016-07-08,strict_alfred_real_time,slowdown,slowdown,slowdown,official,0.491889,-0.035963,0.430912,low,0,True,0,1,1,0.359761,low_evidence_ambiguous,low_separation_or_stale,0.152104,0.024859,0.404429,0.272114,0.443465,0.703026,1e-06,0.0,slowdown,True,True,False,False,False,False,False,-0.172684,1.036491,0.1
2016-07-15,strict_alfred_real_time,slowdown,expansion,slowdown,official,0.538774,0.079107,0.271245,high,0,False,1,1,1,0.402732,semantically_supported,filter_absorbed_raw_flip,0.158684,0.028753,0.463142,0.350001,0.378173,0.621246,1e-06,0.0,expansion,True,False,False,False,False,True,False,0.628493,1.154309,0.1
2016-07-22,strict_alfred_real_time,slowdown,expansion,slowdown,official,0.541244,0.130593,0.027133,low,0,False,2,1,1,0.405294,semantically_supported,filter_absorbed_raw_flip,0.165783,0.0387,0.486245,0.467084,0.34797,0.494216,1e-06,0.0,expansion,True,False,False,False,False,True,False,0.886518,1.166657,0.1
2016-07-29,strict_alfred_real_time,slowdown,expansion,expansion,official,0.54536,0.143682,0.161164,high,1,False,3,1,1,0.409516,bounded_confirmation_lag,confirmation_in_flight,0.166569,0.046479,0.492564,0.557343,0.340867,0.396178,1e-06,0.0,expansion,True,False,False,False,False,True,False,0.95268,1.187239,0.1
2016-08-05,strict_alfred_real_time,expansion,expansion,expansion,official,0.451359,0.057549,0.206696,low,0,True,0,2,2,0.44203,low_evidence_ambiguous,low_separation_or_stale,0.174902,0.061882,0.429043,0.572407,0.396054,0.365711,1e-06,0.0,expansion,True,True,False,False,False,False,False,0.205607,1.073742,0.1
2016-08-12,strict_alfred_real_time,expansion,expansion,expansion,official,0.441126,0.059247,0.330297,low,0,True,0,1,2,0.420634,low_evidence_ambiguous,low_separation_or_stale,0.182856,0.0711,0.439523,0.629598,0.377621,0.299302,1e-06,0.0,expansion,True,True,False,False,False,False,False,0.050659,1.000247,0.1
2016-08-19,strict_alfred_real_time,expansion,expansion,expansion,official,0.448233,0.185844,0.605372,low,0,True,0,1,2,0.404872,low_evidence_ambiguous,low_separation_or_stale,0.201932,0.085084,0.49228,0.760144,0.305787,0.154772,1e-06,0.0,expansion,True,True,False,False,False,False,False,-0.324125,0.907385,0.1
2016-08-26,strict_alfred_real_time,expansion,expansion,expansion,official,0.450536,0.204267,0.591875,low,0,True,0,1,2,0.407915,low_evidence_ambiguous,low_separation_or_stale,0.204074,0.08544,0.499788,0.753218,0.296137,0.161342,1e-06,0.0,expansion,True,True,False,False,False,False,False,-0.231458,0.918902,0.1
2016-09-02,strict_alfred_real_time,expansion,expansion,expansion,official,0.493919,0.325606,0.757795,low,0,True,0,0,2,0.371193,low_evidence_ambiguous,low_separation_or_stale,0.202667,0.076281,0.578797,0.840757,0.218535,0.082962,1e-06,0.0,expansion,True,True,False,False,False,False,False,-0.332489,0.916695,0.1
2016-09-09,strict_alfred_real_time,expansion,expansion,expansion,official,0.500812,0.28351,0.739028,low,0,True,0,0,2,0.379848,low_evidence_ambiguous,low_separation_or_stale,0.19558,0.074531,0.566266,0.832249,0.238153,0.093221,1e-06,0.0,expansion,True,True,False,False,False,False,False,-0.543184,0.951163,0.1
2016-09-16,strict_alfred_real_time,expansion,slowdown,expansion,official,0.466572,-0.080455,0.047535,low,0,True,1,1,1,0.396207,neutral_band_retention,neutral_band,0.137972,0.043661,0.401172,0.501937,0.460856,0.454402,1e-06,0.0,slowdown,True,False,False,False,False,True,False,-0.56665,0.960298,0.1
2016-09-23,strict_alfred_real_time,expansion,slowdown,slowdown,official,0.47577,-0.063322,0.008459,low,1,True,2,1,1,0.40745,bounded_confirmation_lag,confirmation_in_flight,0.138561,0.040293,0.410319,0.475624,0.45112,0.484083,1e-06,0.0,slowdown,True,False,False,False,False,True,False,-0.481909,1.006286,0.1
2016-09-30,strict_alfred_real_time,slowdown,slowdown,slowdown,official,0.4788,-0.055954,0.327648,low,0,True,0,1,0,0.440303,low_evidence_ambiguous,low_separation_or_stale,0.142876,0.028793,0.397894,0.32178,0.459229,0.649427,1e-06,0.0,slowdown,True,True,False,False,False,False,False,0.029652,1.094095,0.1
2016-10-07,strict_alfred_real_time,slowdown,slowdown,slowdown,official,0.491606,-0.036045,0.502977,low,0,True,0,2,0,0.460073,low_evidence_ambiguous,low_separation_or_stale,0.142672,0.02176,0.379136,0.237631,0.478191,0.740608,1e-06,0.0,slowdown,True,True,False,False,False,False,False,0.472222,1.172681,0.1
2016-10-14,strict_alfred_real_time,slowdown,expansion,slowdown,official,0.519799,0.104246,0.165865,high,0,False,1,1,0,0.48287,semantically_supported,filter_absorbed_raw_flip,0.163297,0.035271,0.458964,0.399432,0.377738,0.565297,1e-06,0.0,expansion,True,False,False,False,False,True,False,1.056983,1.298854,0.1
2016-10-21,strict_alfred_real_time,slowdown,slowdown,slowdown,official,0.507739,-0.064712,0.494747,high,0,False,0,2,0,0.463987,semantically_supported,official_equals_raw_high_quality,0.133892,0.021108,0.367401,0.242072,0.498706,0.73682,1e-06,0.0,slowdown,True,True,False,False,False,False,False,0.879134,1.246034,0.1
2016-10-28,strict_alfred_real_time,slowdown,slowdown,slowdown,official,0.501021,-0.083455,0.486778,low,0,True,0,2,0,0.457197,low_evidence_ambiguous,low_separation_or_stale,0.132211,0.021942,0.357974,0.24564,0.509814,0.732418,1e-06,0.0,slowdown,True,True,False,False,False,False,False,0.787291,1.212441,0.1
2016-11-04,strict_alfred_real_time,slowdown,slowdown,slowdown,official,0.47497,-0.198176,0.570654,low,0,True,0,2,0,0.438706,low_evidence_ambiguous,low_separation_or_stale,0.115256,0.017767,0.318542,0.205789,0.566201,0.776443,1e-06,0.0,slowdown,True,True,False,False,False,False,False,0.417193,1.106262,0.1
2016-11-11,strict_alfred_real_time,slowdown,slowdown,slowdown,official,0.463936,-0.2323,0.633734,low,0,True,0,2,0,0.426151,low_evidence_ambiguous,low_separation_or_stale,0.111746,0.01551,0.302139,0.175378,0.586114,0.809112,1e-06,0.0,slowdown,True,True,False,False,False,False,False,0.249064,1.051089,0.1
2016-11-18,strict_alfred_real_time,expansion,expansion,expansion,official,0.512973,0.081458,0.225076,high,0,False,0,1,1,0.447094,semantically_supported,official_equals_raw_high_quality,0.166026,0.0555,0.460343,0.584788,0.37363,0.359712,1e-06,0.0,expansion,True,True,False,False,False,False,False,0.509462,1.205938,0.1
2016-11-25,strict_alfred_real_time,expansion,expansion,expansion,official,0.519112,0.055167,0.230675,high,0,False,0,1,1,0.453314,semantically_supported,official_equals_raw_high_quality,0.160165,0.054286,0.449545,0.588194,0.39029,0.357519,1e-06,0.0,expansion,True,True,False,False,False,False,False,0.381374,1.236631,0.1
2016-12-02,strict_alfred_real_time,expansion,expansion,expansion,official,0.545558,0.138405,0.607618,high,0,False,0,1,1,0.411957,semantically_supported,official_equals_raw_high_quality,0.150767,0.054541,0.512914,0.776538,0.336318,0.16892,1e-06,0.0,expansion,True,True,False,False,False,False,False,-0.024073,1.178283,0.1
2016-12-09,strict_alfred_real_time,expansion,expansion,expansion,official,0.540744,0.056001,0.506125,high,0,False,0,1,1,0.406965,semantically_supported,official_equals_raw_high_quality,0.140876,0.051771,0.474697,0.727177,0.384427,0.221052,1e-06,0.0,expansion,True,True,False,False,False,False,False,-0.36583,1.154209,0.1
2016-12-16,strict_alfred_real_time,slowdown,slowdown,slowdown,official,0.483737,-0.250311,0.500573,low,0,True,0,2,0,0.369238,low_evidence_ambiguous,low_separation_or_stale,0.10498,0.020662,0.295241,0.239382,0.599779,0.739956,1e-06,0.0,slowdown,True,True,False,False,False,False,False,-0.649831,1.000183,0.1
2016-12-23,strict_alfred_real_time,slowdown,slowdown,slowdown,official,0.434952,-0.411487,0.819488,high,0,False,0,2,0,0.347415,semantically_supported,official_equals_raw_high_quality,0.089201,0.008589,0.211793,0.085961,0.699005,0.905449,1e-06,0.0,slowdown,True,True,False,False,False,False,False,-0.945154,0.856326,0.1
2016-12-30,strict_alfred_real_time,slowdown,slowdown,slowdown,official,0.433002,-0.356116,0.823448,low,0,True,0,2,0,0.344824,low_evidence_ambiguous,low_separation_or_stale,0.098632,0.008285,0.23328,0.084133,0.668087,0.907582,1e-06,0.0,slowdown,True,True,False,False,False,False,False,-0.666431,0.846578,0.1
2017-01-06,strict_alfred_real_time,slowdown,slowdown,slowdown,official,0.445082,-0.260195,0.716585,low,0,True,0,1,0,0.363978,low_evidence_ambiguous,low_separation_or_stale,0.11525,0.012252,0.300148,0.135582,0.584601,0.852167,1e-06,0.0,slowdown,True,True,False,False,False,False,False,-0.34359,0.915586,0.1
2017-01-13,strict_alfred_real_time,slowdown,slowdown,slowdown,official,0.438184,-0.359313,0.75797,low,0,True,0,1,0,0.349166,low_evidence_ambiguous,low_separation_or_stale,0.099812,0.010661,0.256404,0.115684,0.643783,0.873655,1e-06,0.0,slowdown,True,True,False,False,False,False,False,-0.950958,0.866285,0.1
2017-01-20,strict_alfred_real_time,slowdown,slowdown,slowdown,official,0.509932,-0.161706,0.543982,high,0,False,0,0,0,0.416443,semantically_supported,official_equals_raw_high_quality,0.122949,0.017705,0.364261,0.219156,0.512789,0.763138,1e-06,0.0,slowdown,True,True,False,False,False,False,False,-0.478315,1.061786,0.1
2017-01-27,strict_alfred_real_time,slowdown,slowdown,slowdown,official,0.511268,-0.125273,0.484435,high,0,False,0,0,0,0.417968,semantically_supported,official_equals_raw_high_quality,0.128539,0.019763,0.381836,0.247901,0.489624,0.732336,1e-06,0.0,slowdown,True,True,False,False,False,False,False,-0.296181,1.068468,0.1
2017-02-03,strict_alfred_real_time,slowdown,slowdown,slowdown,official,0.499195,-0.149518,0.495287,low,0,True,0,0,0,0.408033,low_evidence_ambiguous,low_separation_or_stale,0.127271,0.019741,0.369101,0.242486,0.503627,0.737773,1e-06,0.0,slowdown,True,True,False,False,False,False,False,-0.368578,1.018441,0.1
2017-02-10,strict_alfred_real_time,slowdown,expansion,slowdown,official,0.514298,-0.02375,0.338171,high,0,False,1,0,0,0.425417,semantically_supported,filter_absorbed_raw_flip,0.14403,0.025368,0.430439,0.31823,0.42553,0.656402,1e-06,0.0,slowdown,True,True,False,False,False,False,False,0.260763,1.093957,0.1
2017-02-17,strict_alfred_real_time,slowdown,expansion,expansion,official,0.501382,0.095014,0.061236,low,1,True,2,0,1,0.412121,bounded_confirmation_lag,confirmation_in_flight,0.175887,0.047062,0.476576,0.507087,0.347536,0.445851,1e-06,0.0,expansion,True,False,False,False,False,True,False,0.52234,1.0435,0.1
2017-02-24,strict_alfred_real_time,slowdown,expansion,expansion,official,0.518598,0.153949,0.263807,high,2,False,3,0,1,0.43145,bounded_confirmation_lag,confirmation_in_flight,0.17979,0.055091,0.504114,0.604358,0.316095,0.340551,1e-06,0.0,expansion,True,False,False,False,False,True,False,0.817016,1.129581,0.1
2017-03-03,strict_alfred_real_time,expansion,expansion,expansion,official,0.56651,0.341624,0.711906,high,0,False,0,1,2,0.447673,semantically_supported,official_equals_raw_high_quality,0.179065,0.062204,0.590785,0.824851,0.230149,0.112945,1e-06,0.0,expansion,True,True,False,False,False,False,False,1.101243,1.279298,0.1
2017-03-10,strict_alfred_real_time,expansion,expansion,expansion,official,0.557837,0.380551,0.773264,high,0,False,0,1,2,0.437071,semantically_supported,official_equals_raw_high_quality,0.185657,0.064566,0.602063,0.854349,0.212279,0.081085,1e-06,0.0,expansion,True,True,False,False,False,False,False,0.980373,1.230048,0.1
2017-03-17,strict_alfred_real_time,expansion,expansion,expansion,official,0.56309,0.080712,0.516532,high,0,False,0,1,1,0.431935,semantically_supported,official_equals_raw_high_quality,0.13888,0.049276,0.48923,0.733628,0.371889,0.217096,1e-06,0.0,expansion,True,True,False,False,False,False,False,0.433941,1.216092,0.1
2017-03-24,strict_alfred_real_time,expansion,slowdown,expansion,official,0.531279,-0.03359,0.1976,high,0,False,1,1,1,0.397921,semantically_supported,filter_absorbed_raw_flip,0.13028,0.041797,0.430811,0.577901,0.438908,0.380301,1e-06,0.0,slowdown,True,False,False,False,False,True,False,-0.143279,1.057035,0.1
2017-03-31,strict_alfred_real_time,expansion,slowdown,slowdown,official,0.464235,-0.182274,0.195291,low,2,True,2,1,0,0.353071,bounded_confirmation_lag,confirmation_in_flight,0.121805,0.032379,0.352521,0.386165,0.525673,0.581456,1e-06,0.0,slowdown,True,False,False,False,False,True,False,-0.633729,0.831598,0.1
2017-04-07,strict_alfred_real_time,slowdown,slowdown,slowdown,official,0.476937,-0.253959,0.573433,low,0,True,0,1,0,0.383574,low_evidence_ambiguous,low_separation_or_stale,0.107682,0.016549,0.319618,0.205009,0.572699,0.778442,1e-06,0.0,slowdown,True,True,False,False,False,False,False,-0.460947,0.927807,0.1
2017-04-14,strict_alfred_real_time,slowdown,slowdown,slowdown,official,0.473346,-0.412766,0.851566,high,0,False,0,2,0,0.403392,semantically_supported,official_equals_raw_high_quality,0.081696,0.005805,0.225062,0.071314,0.693241,0.922881,1e-06,0.0,slowdown,True,True,False,False,False,False,False,-0.16729,0.9685,0.1
2017-04-21,strict_alfred_real_time,slowdown,slowdown,slowdown,official,0.505651,-0.205798,0.691101,high,0,False,0,2,1,0.41642,semantically_supported,official_equals_raw_high_quality,0.115132,0.012693,0.314616,0.148103,0.570251,0.839204,1e-06,0.0,slowdown,True,True,False,False,False,False,False,-0.004882,1.052817,0.1
2017-04-28,strict_alfred_real_time,slowdown,slowdown,slowdown,official,0.512217,-0.252362,0.703463,high,0,False,0,2,1,0.423901,semantically_supported,official_equals_raw_high_quality,0.106129,0.012049,0.293824,0.142244,0.600046,0.845707,1e-06,0.0,slowdown,True,True,False,False,False,False,False,-0.244204,1.085646,0.1
2017-05-05,strict_alfred_real_time,slowdown,slowdown,slowdown,official,0.521632,-0.0335,0.436923,high,0,False,0,2,2,0.417007,semantically_supported,official_equals_raw_high_quality,0.153219,0.027426,0.375834,0.267825,0.470946,0.704748,1e-06,0.0,slowdown,True,True,False,False,False,False,False,0.05289,1.08762,0.1
2017-05-12,strict_alfred_real_time,expansion,expansion,expansion,official,0.530806,0.211138,0.379891,high,0,False,0,1,2,0.417666,semantically_supported,official_equals_raw_high_quality,0.19757,0.0709,0.493544,0.654495,0.308885,0.274605,1e-06,0.0,expansion,True,True,False,False,False,False,False,0.06515,1.108498,0.1
2017-05-19,strict_alfred_real_time,expansion,expansion,expansion,official,0.586877,0.494754,0.762714,high,0,False,0,1,2,0.407461,semantically_supported,official_equals_raw_high_quality,0.215622,0.0804,0.602157,0.843115,0.18222,0.076485,1e-06,0.0,expansion,True,True,False,False,False,False,False,0.499193,1.195649,0.1
2017-05-26,strict_alfred_real_time,expansion,expansion,expansion,official,0.615637,0.688503,0.80085,high,0,False,0,1,2,0.435143,semantically_supported,official_equals_raw_high_quality,0.22214,0.078501,0.656863,0.879351,0.120996,0.042148,1e-06,0.0,expansion,True,True,False,False,False,False,False,1.467938,1.33945,0.1
2017-06-02,strict_alfred_real_time,expansion,expansion,expansion,official,0.575107,0.644784,0.79277,high,0,False,0,0,2,0.447392,semantically_supported,official_equals_raw_high_quality,0.235243,0.085942,0.641756,0.878712,0.123,0.035346,1e-06,0.0,expansion,True,True,False,False,False,False,False,1.052109,1.286489,0.1
2017-06-09,strict_alfred_real_time,expansion,expansion,expansion,official,0.5521,0.549879,0.776526,high,0,False,0,0,2,0.424364,semantically_supported,official_equals_raw_high_quality,0.235678,0.089017,0.614198,0.865543,0.150123,0.04544,1e-06,0.0,expansion,True,True,False,False,False,False,False,0.577583,1.171458,0.1
2017-06-16,strict_alfred_real_time,expansion,expansion,expansion,official,0.526125,0.298138,0.713977,high,0,False,0,0,2,0.418907,semantically_supported,official_equals_raw_high_quality,0.21608,0.089986,0.534784,0.811995,0.249135,0.098018,1e-06,0.0,expansion,True,True,False,False,False,False,False,0.122006,1.101988,0.1
2017-06-23,strict_alfred_real_time,expansion,expansion,expansion,official,0.511987,0.242505,0.665557,high,0,False,0,0,2,0.402861,semantically_supported,official_equals_raw_high_quality,0.212807,0.090933,0.512085,0.787312,0.275107,0.121755,1e-06,0.0,expansion,True,True,False,False,False,False,False,-0.156159,1.031299,0.1
2017-06-30,strict_alfred_real_time,expansion,expansion,expansion,official,0.519827,0.190797,0.541666,high,0,False,0,1,2,0.406253,semantically_supported,official_equals_raw_high_quality,0.197799,0.083388,0.483447,0.729139,0.318753,0.187473,1e-06,0.0,expansion,True,True,False,False,False,False,False,-0.06764,1.055905,0.1
2017-07-07,strict_alfred_real_time,expansion,expansion,expansion,official,0.512588,0.185143,0.593602,high,0,False,0,1,2,0.392861,semantically_supported,official_equals_raw_high_quality,0.19225,0.078597,0.497909,0.757503,0.30984,0.163901,1e-06,0.0,expansion,True,True,False,False,False,False,False,-0.286136,1.006879,0.1
2017-07-14,strict_alfred_real_time,expansion,slowdown,expansion,official,0.494538,-0.100968,0.073163,low,0,True,1,1,2,0.370641,neutral_band_retention,neutral_band,0.14848,0.054445,0.370994,0.509359,0.480525,0.436196,1e-06,0.0,slowdown,True,False,False,False,False,True,False,-0.776372,0.91648,0.1
2017-07-21,strict_alfred_real_time,expansion,slowdown,slowdown,official,0.496151,-0.176224,0.160383,low,1,True,2,1,2,0.372688,bounded_confirmation_lag,confirmation_in_flight,0.13434,0.042544,0.336743,0.398536,0.528916,0.558919,1e-06,0.0,slowdown,True,False,False,False,False,True,False,-1.162257,0.924547,0.1
2017-07-28,strict_alfred_real_time,expansion,slowdown,slowdown,official,0.489632,-0.143983,0.280465,low,2,True,3,1,2,0.364336,bounded_confirmation_lag,confirmation_in_flight,0.14179,0.036349,0.350841,0.341593,0.507368,0.622057,1e-06,0.0,slowdown,True,False,False,False,False,True,False,-0.999785,0.891953,0.1
2017-08-04,strict_alfred_real_time,slowdown,slowdown,slowdown,official,0.448351,-0.118526,0.423894,low,0,True,0,1,1,0.412791,low_evidence_ambiguous,low_separation_or_stale,0.148322,0.028902,0.361672,0.273602,0.490006,0.697496,1e-06,0.0,slowdown,True,True,False,False,False,False,False,-0.681537,0.925377,0.1
2017-08-11,strict_alfred_real_time,slowdown,slowdown,slowdown,official,0.448373,-0.080152,0.382387,low,0,True,0,1,1,0.412821,low_evidence_ambiguous,low_separation_or_stale,0.155449,0.030763,0.379068,0.293425,0.465483,0.675812,1e-06,0.0,slowdown,True,True,False,False,False,False,False,-0.484359,0.925489,0.1
2017-08-18,strict_alfred_real_time,expansion,expansion,expansion,official,0.475172,0.160229,0.411008,low,0,True,0,0,2,0.391594,low_evidence_ambiguous,low_separation_or_stale,0.204594,0.074411,0.491894,0.668299,0.30351,0.25729,1e-06,0.0,expansion,True,True,False,False,False,False,False,-0.275378,0.930372,0.1
2017-08-25,strict_alfred_real_time,expansion,expansion,expansion,official,0.48563,0.172714,0.485442,low,0,True,0,0,2,0.404696,low_evidence_ambiguous,low_separation_or_stale,0.203181,0.078907,0.49876,0.703267,0.298058,0.217825,1e-06,0.0,expansion,True,True,False,False,False,False,False,-0.214088,0.982661,0.1
2017-09-01,strict_alfred_real_time,expansion,expansion,expansion,official,0.508414,0.190114,0.46419,high,0,False,0,0,2,0.393994,semantically_supported,official_equals_raw_high_quality,0.205875,0.081644,0.491898,0.691273,0.302226,0.227083,1e-06,0.0,expansion,True,True,False,False,False,False,False,0.031557,1.00156,0.1
2017-09-08,strict_alfred_real_time,expansion,expansion,expansion,official,0.444443,0.052567,0.380908,low,0,True,0,0,2,0.306768,low_evidence_ambiguous,low_separation_or_stale,0.202314,0.086735,0.425661,0.647087,0.372024,0.266179,1e-06,0.0,expansion,True,True,False,False,False,False,False,-0.653982,0.681705,0.1
2017-09-15,strict_alfred_real_time,slowdown,slowdown,slowdown,official,0.322503,-0.640755,0.915141,high,0,False,0,2,0,0.307691,semantically_supported,official_equals_raw_high_quality,0.070551,0.004917,0.133955,0.039971,0.795493,0.955112,1e-06,0.0,slowdown,True,True,False,False,False,False,False,-1.539765,0.388039,0.1
2017-09-22,strict_alfred_real_time,slowdown,slowdown,slowdown,official,0.295404,-0.699051,0.935756,high,0,False,0,2,0,0.335918,semantically_supported,official_equals_raw_high_quality,0.065771,0.003834,0.118329,0.030205,0.815899,0.965961,1e-06,0.0,slowdown,True,True,False,False,False,False,False,-1.830982,0.252542,0.1
2017-09-29,strict_alfred_real_time,slowdown,slowdown,slowdown,official,0.243842,-0.837528,0.956846,high,0,False,0,2,0,0.406949,semantically_supported,official_equals_raw_high_quality,0.053796,0.002803,0.087354,0.020176,0.858849,0.977022,1e-06,0.0,slowdown,True,True,False,False,False,False,False,-2.450724,0.06658,0.1
2017-10-06,strict_alfred_real_time,slowdown,slowdown,slowdown,official,0.271197,-0.860775,0.964989,high,0,False,0,3,0,0.32409,semantically_supported,official_equals_raw_high_quality,0.045928,0.002106,0.078747,0.016453,0.875325,0.981441,1e-06,0.0,slowdown,True,True,False,False,False,False,False,-1.889378,0.260047,0.1
2017-10-13,strict_alfred_real_time,slowdown,slowdown,slowdown,official,0.349333,-0.576397,0.919147,high,0,False,0,2,0,0.299584,semantically_supported,official_equals_raw_high_quality,0.076407,0.004277,0.15302,0.038288,0.770573,0.957435,1e-06,0.0,slowdown,True,True,False,False,False,False,False,-1.139937,0.523273,0.1
2017-10-20,strict_alfred_real_time,slowdown,slowdown,slowdown,official,0.392867,-0.422253,0.873991,high,0,False,0,2,0,0.384114,semantically_supported,official_equals_raw_high_quality,0.094405,0.006232,0.206158,0.059888,0.699435,0.933879,1e-06,0.0,slowdown,True,True,False,False,False,False,False,-0.604154,0.754528,0.1
2017-10-27,strict_alfred_real_time,slowdown,slowdown,slowdown,official,0.430525,-0.324427,0.829767,low,0,True,0,2,0,0.437986,low_evidence_ambiguous,low_separation_or_stale,0.104514,0.007904,0.245976,0.081165,0.64951,0.910931,1e-06,0.0,slowdown,True,True,False,False,False,False,False,-0.130115,0.942821,0.1
2017-11-03,strict_alfred_real_time,slowdown,slowdown,slowdown,official,0.467476,0.015653,0.585966,low,0,True,0,2,0,0.47305,low_evidence_ambiguous,low_separation_or_stale,0.157946,0.018278,0.400065,0.197878,0.441988,0.783844,1e-06,0.0,expansion,True,False,False,False,False,True,False,1.256069,1.105697,0.1
2017-11-10,strict_alfred_real_time,slowdown,expansion,slowdown,official,0.470335,0.17788,0.269291,low,0,True,1,2,0,0.476253,neutral_band_retention,neutral_band,0.185029,0.033139,0.471335,0.348785,0.343635,0.618076,1e-06,0.0,expansion,True,False,False,False,False,True,False,2.046953,1.119992,0.1
2017-11-17,strict_alfred_real_time,expansion,expansion,expansion,official,0.502073,0.753945,0.802324,high,0,False,0,1,2,0.388522,semantically_supported,official_equals_raw_high_quality,0.24352,0.084692,0.660738,0.887017,0.095741,0.028291,1e-06,0.0,expansion,True,True,False,False,False,False,False,2.037733,0.975332,0.1
2017-11-24,strict_alfred_real_time,expansion,expansion,expansion,official,0.489205,0.80216,0.799539,high,0,False,0,1,2,0.372437,semantically_supported,official_equals_raw_high_quality,0.250006,0.088548,0.664851,0.888087,0.085142,0.023365,1e-06,0.0,expansion,True,True,False,False,False,False,False,2.279663,0.91099,0.1
2017-12-01,strict_alfred_real_time,expansion,expansion,expansion,official,0.471082,0.746594,0.795427,high,0,False,0,1,2,0.338039,semantically_supported,official_equals_raw_high_quality,0.25008,0.089804,0.653436,0.885231,0.096484,0.024965,1e-06,0.0,expansion,True,True,False,False,False,False,False,1.32243,0.796221,0.1
2017-12-08,strict_alfred_real_time,expansion,expansion,expansion,official,0.473753,0.75088,0.796836,high,0,False,0,0,2,0.339468,semantically_supported,official_equals_raw_high_quality,0.251752,0.090045,0.658753,0.886882,0.089494,0.023073,1e-06,0.0,expansion,True,True,False,False,False,False,False,0.733924,0.80412,0.1
2017-12-15,strict_alfred_real_time,expansion,expansion,expansion,official,0.520842,0.566423,0.792665,high,0,False,0,0,2,0.361885,semantically_supported,official_equals_raw_high_quality,0.225722,0.083728,0.635731,0.876393,0.138546,0.039879,1e-06,0.0,expansion,True,True,False,False,False,False,False,0.426553,0.942424,0.1
2017-12-22,strict_alfred_real_time,expansion,expansion,expansion,official,0.517992,0.49405,0.789108,high,0,False,0,0,2,0.342353,semantically_supported,official_equals_raw_high_quality,0.220498,0.081526,0.617509,0.870634,0.161993,0.04784,1e-06,0.0,expansion,True,True,False,False,False,False,False,-0.277121,0.886681,0.1
2017-12-29,strict_alfred_real_time,expansion,expansion,expansion,official,0.507944,0.367282,0.767847,high,0,False,0,0,2,0.329344,semantically_supported,official_equals_raw_high_quality,0.210898,0.081202,0.578943,0.849049,0.210158,0.069748,1e-06,0.0,expansion,True,True,False,False,False,False,False,-0.91943,0.836443,0.1
2018-01-05,strict_alfred_real_time,expansion,expansion,expansion,official,0.481501,0.235802,0.697986,low,0,True,0,0,2,0.298008,low_evidence_ambiguous,low_separation_or_stale,0.202893,0.082257,0.528443,0.807864,0.268663,0.109878,1e-06,0.0,expansion,True,True,False,False,False,False,False,-1.275138,0.717456,0.1
2018-01-12,strict_alfred_real_time,expansion,expansion,expansion,official,0.439845,0.110293,0.551639,low,0,True,0,0,1,0.300784,low_evidence_ambiguous,low_separation_or_stale,0.196897,0.082097,0.472069,0.734771,0.331033,0.183132,1e-06,0.0,expansion,True,True,False,False,False,False,False,-1.372027,0.496242,0.1
2018-01-19,strict_alfred_real_time,expansion,expansion,expansion,official,0.501988,0.04511,0.32721,low,0,True,0,0,1,0.263549,low_evidence_ambiguous,low_separation_or_stale,0.152988,0.050892,0.477283,0.638159,0.369728,0.310949,1e-06,0.0,expansion,True,True,False,False,False,False,False,-0.842636,0.628211,0.1
2018-01-26,strict_alfred_real_time,expansion,expansion,expansion,official,0.522539,0.161272,0.464532,high,0,False,0,0,1,0.278515,semantically_supported,official_equals_raw_high_quality,0.163417,0.053525,0.531081,0.705504,0.305501,0.240971,1e-06,0.0,expansion,True,True,False,False,False,False,False,-0.264831,0.727675,0.1
2018-02-02,strict_alfred_real_time,expansion,expansion,expansion,official,0.559592,0.238283,0.622277,high,0,False,0,0,2,0.293707,semantically_supported,official_equals_raw_high_quality,0.162594,0.054052,0.568798,0.784112,0.268607,0.161835,1e-06,0.0,expansion,True,True,False,False,False,False,False,-0.012567,0.821779,0.1
2018-02-09,strict_alfred_real_time,expansion,expansion,expansion,official,0.603454,0.280656,0.694233,high,0,False,0,0,2,0.344786,semantically_supported,official_equals_raw_high_quality,0.155421,0.051381,0.593247,0.821426,0.251331,0.127193,1e-06,0.0,expansion,True,True,False,False,False,False,False,0.179997,1.040312,0.1
2018-02-16,strict_alfred_real_time,slowdown,slowdown,slowdown,official,0.536234,-0.146025,0.468751,high,0,False,0,1,0,0.349498,semantically_supported,official_equals_raw_high_quality,0.115474,0.019229,0.360481,0.25601,0.524044,0.724761,1e-06,0.0,slowdown,True,True,False,False,False,False,False,0.040706,0.937065,0.1
2018-02-23,strict_alfred_real_time,slowdown,slowdown,slowdown,official,0.555682,-0.065646,0.396065,high,0,False,0,1,0,0.372265,semantically_supported,official_equals_raw_high_quality,0.123702,0.021089,0.401388,0.291423,0.474909,0.687488,1e-06,0.0,slowdown,True,True,False,False,False,False,False,0.445207,1.034304,0.1
2018-03-02,strict_alfred_real_time,slowdown,slowdown,slowdown,official,0.582299,-0.044914,0.459292,high,0,False,0,1,0,0.408451,semantically_supported,official_equals_raw_high_quality,0.121073,0.017599,0.414205,0.261554,0.464721,0.720847,1e-06,0.0,slowdown,True,True,False,False,False,False,False,1.098692,1.189202,0.1
2018-03-09,strict_alfred_real_time,slowdown,expansion,expansion,official,0.579366,0.173213,0.193083,high,1,False,1,1,0,0.394625,bounded_confirmation_lag,confirmation_in_flight,0.146611,0.03657,0.53345,0.578256,0.319938,0.385173,1e-06,0.0,expansion,True,False,False,False,False,True,False,1.579703,1.143162,0.1
2018-03-16,strict_alfred_real_time,expansion,expansion,expansion,official,0.613211,0.218683,0.52291,high,0,False,0,1,1,0.38767,semantically_supported,official_equals_raw_high_quality,0.143488,0.043638,0.558425,0.739636,0.298087,0.216726,1e-06,0.0,expansion,True,True,False,False,False,False,False,1.296656,1.188619,0.1
2018-03-23,strict_alfred_real_time,expansion,expansion,expansion,official,0.595947,0.203706,0.502121,high,0,False,0,1,1,0.398901,semantically_supported,official_equals_raw_high_quality,0.146063,0.044944,0.549268,0.728588,0.304668,0.226468,1e-06,0.0,expansion,True,True,False,False,False,False,False,1.296656,1.188619,0.1
2018-03-30,strict_alfred_real_time,slowdown,slowdown,slowdown,official,0.573001,-0.100268,0.215554,high,0,False,0,1,2,0.396063,semantically_supported,official_equals_raw_high_quality,0.111919,0.024451,0.402102,0.379997,0.485978,0.595551,1e-06,0.0,slowdown,True,True,False,False,False,False,False,0.584575,1.13472,0.1
2018-04-06,strict_alfred_real_time,slowdown,slowdown,slowdown,official,0.547837,-0.294482,0.64181,high,0,False,0,1,1,0.380503,semantically_supported,official_equals_raw_high_quality,0.091008,0.012491,0.290733,0.172849,0.618259,0.814659,1e-06,0.0,slowdown,True,True,False,False,False,False,False,0.032172,1.042266,0.1
2018-04-13,strict_alfred_real_time,slowdown,slowdown,slowdown,official,0.532874,-0.29669,0.696187,high,0,False,0,1,1,0.362957,semantically_supported,official_equals_raw_high_quality,0.093173,0.01084,0.288926,0.146486,0.617901,0.842673,1e-06,0.0,slowdown,True,True,False,False,False,False,False,0.019894,0.967053,0.1
2018-04-20,strict_alfred_real_time,expansion,slowdown,expansion,official,0.544976,-0.020763,0.132891,high,0,False,1,1,1,0.326975,semantically_supported,filter_absorbed_raw_flip,0.132864,0.041293,0.422038,0.545799,0.445097,0.412908,1e-06,0.0,slowdown,True,False,False,False,False,True,False,-0.421346,0.890967,0.1
2018-04-27,strict_alfred_real_time,expansion,slowdown,expansion,official,0.556976,-0.048223,0.035015,low,0,False,2,1,1,0.34143,semantically_supported,filter_absorbed_raw_flip,0.126037,0.037172,0.41002,0.498921,0.463942,0.463906,1e-06,0.0,slowdown,True,False,False,False,False,True,False,-0.557937,0.95084,0.1
2018-05-04,strict_alfred_real_time,expansion,expansion,expansion,official,0.598279,0.075561,0.026919,low,0,False,0,2,1,0.398485,low_evidence_ambiguous,low_separation_or_stale,0.130812,0.033852,0.461971,0.496533,0.407216,0.469614,1e-06,0.0,expansion,True,True,False,False,False,False,False,0.179391,1.192027,0.1
2018-05-11,strict_alfred_real_time,expansion,expansion,expansion,official,0.638028,0.138443,0.158284,high,0,False,0,2,1,0.435729,semantically_supported,official_equals_raw_high_quality,0.130045,0.034596,0.497028,0.561844,0.372926,0.40356,1e-06,0.0,expansion,True,True,False,False,False,False,False,0.493798,1.390038,0.1
2018-05-18,strict_alfred_real_time,expansion,expansion,expansion,official,0.677494,0.507001,0.802767,high,0,False,0,1,1,0.461276,semantically_supported,official_equals_raw_high_quality,0.159701,0.049279,0.660194,0.876744,0.180103,0.073977,1e-06,0.0,expansion,True,True,False,False,False,False,False,1.101217,1.56256,0.1
2018-05-25,strict_alfred_real_time,expansion,expansion,expansion,official,0.645796,0.421474,0.797564,high,0,False,0,1,1,0.434833,semantically_supported,official_equals_raw_high_quality,0.161297,0.051195,0.626066,0.873185,0.212636,0.07562,1e-06,0.0,expansion,True,True,False,False,False,False,False,0.672198,1.404067,0.1
2018-06-01,strict_alfred_real_time,expansion,expansion,expansion,official,0.638725,0.46841,0.824807,high,0,False,0,0,2,0.417501,semantically_supported,official_equals_raw_high_quality,0.179933,0.058094,0.640605,0.883356,0.179462,0.058549,1e-06,0.0,expansion,True,True,False,False,False,False,False,0.681217,1.333341,0.1
2018-06-08,strict_alfred_real_time,expansion,expansion,expansion,official,0.625558,0.465853,0.820765,high,0,False,0,0,2,0.40461,semantically_supported,official_equals_raw_high_quality,0.183612,0.060095,0.636815,0.88086,0.179573,0.059045,1e-06,0.0,expansion,True,True,False,False,False,False,False,0.662666,1.265535,0.1
2018-06-15,strict_alfred_real_time,expansion,expansion,expansion,official,0.635977,0.339894,0.772975,high,0,False,0,0,2,0.409578,semantically_supported,official_equals_raw_high_quality,0.152575,0.048155,0.621281,0.86241,0.226143,0.089435,1e-06,0.0,expansion,True,True,False,False,False,False,False,0.923229,1.302411,0.1
2018-06-22,strict_alfred_real_time,expansion,expansion,expansion,official,0.657525,0.343147,0.781361,high,0,False,0,0,2,0.428223,semantically_supported,official_equals_raw_high_quality,0.147396,0.046427,0.626465,0.867467,0.226138,0.086106,1e-06,0.0,expansion,True,True,False,False,False,False,False,0.940356,1.407838,0.1
2018-06-29,strict_alfred_real_time,expansion,expansion,expansion,official,0.643667,0.109356,0.635463,high,0,False,0,0,1,0.424389,semantically_supported,official_equals_raw_high_quality,0.127363,0.043429,0.52661,0.796017,0.346026,0.160554,1e-06,0.0,expansion,True,True,False,False,False,False,False,0.193486,1.365827,0.1
2018-07-06,strict_alfred_real_time,expansion,expansion,expansion,official,0.625941,0.004996,0.534758,high,0,False,0,0,1,0.405148,semantically_supported,official_equals_raw_high_quality,0.118789,0.042203,0.47415,0.746278,0.407061,0.21152,1e-06,0.0,expansion,True,True,False,False,False,False,False,-0.554228,1.267994,0.1
2018-07-13,strict_alfred_real_time,expansion,slowdown,expansion,official,0.627356,-0.079801,0.350879,high,0,False,1,0,1,0.402796,semantically_supported,filter_absorbed_raw_flip,0.107839,0.037309,0.431655,0.656785,0.460506,0.305906,1e-06,0.0,slowdown,True,False,False,False,False,True,False,-0.980412,1.263482,0.1
2018-07-20,strict_alfred_real_time,expansion,slowdown,slowdown,official,0.657731,-0.115895,0.052321,low,1,False,2,0,1,0.395338,bounded_confirmation_lag,confirmation_in_flight,0.097774,0.024292,0.415733,0.461694,0.486492,0.514014,1e-06,0.0,slowdown,True,False,False,False,False,True,False,-0.508749,1.300132,0.1
2018-07-27,strict_alfred_real_time,expansion,slowdown,slowdown,official,0.663954,-0.060501,0.0453,low,2,False,3,0,1,0.40089,bounded_confirmation_lag,confirmation_in_flight,0.103349,0.024047,0.444906,0.465326,0.451743,0.510626,1e-06,0.0,slowdown,True,False,False,False,False,True,False,-0.229384,1.330863,0.1
2018-08-03,strict_alfred_real_time,expansion,expansion,expansion,official,0.721033,0.115997,0.398913,high,0,False,0,0,1,0.39799,semantically_supported,official_equals_raw_high_quality,0.11189,0.031042,0.539557,0.683935,0.348552,0.285022,1e-06,0.0,expansion,True,True,False,False,False,False,False,0.200038,1.434821,0.1
2018-08-10,strict_alfred_real_time,expansion,expansion,expansion,official,0.717136,0.103637,0.446886,high,0,False,0,0,1,0.390939,semantically_supported,official_equals_raw_high_quality,0.111414,0.032096,0.533114,0.707395,0.355471,0.260509,1e-06,0.0,expansion,True,True,False,False,False,False,False,0.130776,1.401782,0.1
2018-08-17,strict_alfred_real_time,expansion,expansion,expansion,official,0.705151,0.111645,0.570229,high,0,False,0,0,1,0.385853,semantically_supported,official_equals_raw_high_quality,0.11462,0.035774,0.535542,0.767227,0.349837,0.196998,1e-06,0.0,expansion,True,True,False,False,False,False,False,-0.264222,1.360424,0.1
2018-08-24,strict_alfred_real_time,expansion,expansion,expansion,official,0.717401,0.159891,0.593716,high,0,False,0,0,1,0.394396,semantically_supported,official_equals_raw_high_quality,0.116942,0.035524,0.55986,0.779096,0.323197,0.18538,1e-06,0.0,expansion,True,True,False,False,False,False,False,-0.02521,1.414699,0.1
2018-08-31,strict_alfred_real_time,expansion,expansion,expansion,official,0.715175,0.17444,0.560798,high,0,False,0,0,1,0.406604,semantically_supported,official_equals_raw_high_quality,0.118804,0.034946,0.566263,0.762926,0.314932,0.202128,1e-06,0.0,expansion,True,True,False,False,False,False,False,0.31877,1.453966,0.1
2018-09-07,strict_alfred_real_time,expansion,expansion,expansion,official,0.734876,0.193305,0.502733,high,0,False,0,1,1,0.42653,semantically_supported,official_equals_raw_high_quality,0.11389,0.032278,0.564523,0.735228,0.321587,0.232494,1e-06,0.0,expansion,True,True,False,False,False,False,False,0.606429,1.567235,0.1
2018-09-14,strict_alfred_real_time,expansion,expansion,expansion,official,0.742439,0.094896,0.294294,high,0,False,0,1,1,0.436213,semantically_supported,official_equals_raw_high_quality,0.102877,0.027215,0.517662,0.63354,0.379459,0.339245,1e-06,0.0,expansion,True,True,False,False,False,False,False,0.635946,1.619309,0.1
2018-09-21,strict_alfred_real_time,expansion,expansion,expansion,official,0.767246,0.134294,0.388464,high,0,False,0,1,1,0.452603,semantically_supported,official_equals_raw_high_quality,0.102155,0.027647,0.540011,0.680408,0.357834,0.291944,1e-06,0.0,expansion,True,True,False,False,False,False,False,0.831613,1.73629,0.1
2018-09-28,strict_alfred_real_time,expansion,expansion,expansion,official,0.760265,0.023714,0.203458,high,0,False,0,1,1,0.455604,semantically_supported,official_equals_raw_high_quality,0.092597,0.024139,0.482743,0.589659,0.424659,0.386201,1e-06,0.0,expansion,True,True,False,False,False,False,False,0.574317,1.731898,0.1
2018-10-05,strict_alfred_real_time,expansion,expansion,expansion,official,0.760628,0.068128,0.434093,high,0,False,0,0,1,0.456425,semantically_supported,official_equals_raw_high_quality,0.09973,0.028719,0.5203,0.702687,0.379969,0.268594,1e-06,0.0,expansion,True,True,False,False,False,False,False,0.629345,1.735849,0.1
2018-10-12,strict_alfred_real_time,expansion,expansion,expansion,official,0.748719,0.044549,0.41191,high,0,False,0,0,1,0.445814,semantically_supported,official_equals_raw_high_quality,0.099526,0.028908,0.507089,0.691501,0.393384,0.279591,1e-06,0.0,expansion,True,True,False,False,False,False,False,0.505828,1.668947,0.1
2018-10-19,strict_alfred_real_time,slowdown,slowdown,slowdown,official,0.723728,-0.142902,0.241326,high,0,False,0,1,0,0.436775,semantically_supported,official_equals_raw_high_quality,0.082867,0.017757,0.375544,0.370458,0.541589,0.611785,1e-06,0.0,slowdown,True,True,False,False,False,False,False,0.140962,1.580531,0.1
2018-10-26,strict_alfred_real_time,slowdown,slowdown,slowdown,official,0.723891,-0.164993,0.36047,high,0,False,0,1,0,0.435186,semantically_supported,official_equals_raw_high_quality,0.080309,0.015028,0.364071,0.312251,0.555619,0.672721,1e-06,0.0,slowdown,True,True,False,False,False,False,False,0.031087,1.575136,0.1
2018-11-02,strict_alfred_real_time,slowdown,slowdown,slowdown,official,0.709215,-0.243923,0.374258,high,0,False,0,1,0,0.419511,semantically_supported,official_equals_raw_high_quality,0.071757,0.014008,0.337992,0.305867,0.590249,0.680125,1e-06,0.0,slowdown,True,True,False,False,False,False,False,-0.394964,1.487617,0.1
2018-11-09,strict_alfred_real_time,slowdown,slowdown,slowdown,official,0.708998,-0.278192,0.529822,high,0,False,0,1,0,0.417935,semantically_supported,official_equals_raw_high_quality,0.068098,0.010564,0.320616,0.229807,0.611286,0.759629,1e-06,0.0,slowdown,True,True,False,False,False,False,False,-0.565489,1.481578,0.1
2018-11-16,strict_alfred_real_time,slowdown,slowdown,slowdown,official,0.691836,-0.421793,0.7397,high,0,False,0,1,0,0.390967,semantically_supported,official_equals_raw_high_quality,0.055297,0.006019,0.251616,0.12714,0.693086,0.866841,1e-06,0.0,slowdown,True,True,False,False,False,False,False,-1.131732,1.352427,0.1
2018-11-23,strict_alfred_real_time,slowdown,slowdown,slowdown,official,0.6569,-0.498823,0.829001,high,0,False,0,1,0,0.356976,semantically_supported,official_equals_raw_high_quality,0.051311,0.004243,0.217812,0.083378,0.730876,0.912379,1e-06,0.0,slowdown,True,True,False,False,False,False,False,-1.513355,1.172488,0.1
2018-11-30,strict_alfred_real_time,slowdown,slowdown,slowdown,official,0.598961,-0.585216,0.870099,high,0,False,0,1,0,0.296286,semantically_supported,official_equals_raw_high_quality,0.048491,0.003618,0.183445,0.063141,0.768063,0.93324,1e-06,0.0,slowdown,True,True,False,False,False,False,False,-2.142251,0.887318,0.1
2018-12-07,strict_alfred_real_time,slowdown,slowdown,slowdown,official,0.552414,-0.617071,0.884645,high,0,False,0,0,0,0.273386,semantically_supported,official_equals_raw_high_quality,0.052568,0.003538,0.181292,0.055909,0.766139,0.940554,1e-06,0.0,slowdown,True,True,False,False,False,False,False,-2.384893,0.673571,0.1
2018-12-14,strict_alfred_real_time,slowdown,slowdown,slowdown,official,0.578284,-0.393999,0.798492,high,0,False,0,0,1,0.267626,semantically_supported,official_equals_raw_high_quality,0.075219,0.005934,0.2731,0.097787,0.65168,0.896279,1e-06,0.0,slowdown,True,True,False,False,False,False,False,-1.899979,0.773818,0.1
2018-12-21,strict_alfred_real_time,slowdown,slowdown,slowdown,official,0.569491,-0.417606,0.826276,high,0,False,0,0,0,0.290066,semantically_supported,official_equals_raw_high_quality,0.074741,0.00557,0.24927,0.084076,0.675988,0.910353,1e-06,0.0,slowdown,True,True,False,False,False,False,False,-1.726687,0.825949,0.1
2018-12-28,strict_alfred_real_time,slowdown,slowdown,slowdown,official,0.593939,-0.321892,0.777739,high,0,False,0,0,0,0.318564,semantically_supported,official_equals_raw_high_quality,0.083814,0.006814,0.293451,0.107723,0.622734,0.885462,1e-06,0.0,slowdown,True,True,False,False,False,False,False,-1.243768,0.946037,0.1
2019-01-04,strict_alfred_real_time,slowdown,slowdown,slowdown,official,0.566701,-0.33149,0.727671,high,0,False,0,0,0,0.274665,semantically_supported,official_equals_raw_high_quality,0.085022,0.008305,0.301664,0.132012,0.613313,0.859683,1e-06,0.0,slowdown,True,True,False,False,False,False,False,-1.61052,0.778265,0.1
2019-01-11,strict_alfred_real_time,slowdown,slowdown,slowdown,official,0.52529,-0.353933,0.738152,high,0,False,0,0,0,0.29257,semantically_supported,official_equals_raw_high_quality,0.088462,0.008639,0.289063,0.126604,0.622475,0.864756,1e-06,0.0,slowdown,True,True,False,False,False,False,False,-1.722269,0.554695,0.1
2019-01-18,strict_alfred_real_time,slowdown,slowdown,slowdown,official,0.533914,-0.230498,0.618262,high,0,False,0,0,0,0.305654,semantically_supported,official_equals_raw_high_quality,0.104803,0.012572,0.348383,0.184583,0.546813,0.802845,1e-06,0.0,slowdown,True,True,False,False,False,False,False,-1.42918,0.538568,0.1
2019-01-25,strict_alfred_real_time,slowdown,expansion,slowdown,preliminary,0.565772,0.00104,0.39683,low,0,False,1,0,0,0.29063,semantically_supported,filter_absorbed_raw_flip,0.135466,0.020052,0.448466,0.291559,0.416068,0.688388,1e-06,0.0,expansion,True,False,False,False,False,True,False,-0.273324,0.7508,0.1
2019-02-01,strict_alfred_real_time,slowdown,expansion,slowdown,preliminary,0.513728,-0.010095,0.239432,low,0,False,2,0,0,0.321034,semantically_supported,filter_absorbed_raw_flip,0.14631,0.028457,0.436757,0.366056,0.416932,0.605487,1e-06,0.0,slowdown,True,True,False,False,False,False,False,-0.434968,0.457845,0.1
2019-02-08,strict_alfred_real_time,slowdown,slowdown,slowdown,preliminary,0.466051,-0.176455,0.335422,low,0,True,0,0,0,0.354168,low_evidence_ambiguous,low_separation_or_stale,0.130128,0.028148,0.353324,0.318215,0.516547,0.653637,1e-06,0.0,slowdown,True,True,False,False,False,False,False,-1.269024,0.215426,0.1
2019-02-15,strict_alfred_real_time,slowdown,slowdown,slowdown,preliminary,0.393695,-0.89941,0.96421,low,0,False,0,2,0,0.324963,low_evidence_ambiguous,low_separation_or_stale,0.035226,0.001709,0.077053,0.017041,0.88772,0.981251,1e-06,0.0,slowdown,True,True,False,False,False,False,False,-1.293557,0.204631,0.1
2019-02-22,strict_alfred_real_time,slowdown,slowdown,slowdown,preliminary,0.393695,-0.89941,0.96421,low,0,False,0,2,0,0.324963,low_evidence_ambiguous,low_separation_or_stale,0.035226,0.001709,0.077053,0.017041,0.88772,0.981251,1e-06,0.0,slowdown,True,True,False,False,False,False,False,-1.293557,0.204631,0.1
2019-03-01,strict_alfred_real_time,slowdown,slowdown,slowdown,official,0.430431,-0.66255,0.932365,high,0,False,0,2,1,0.292026,semantically_supported,official_equals_raw_high_quality,0.054627,0.00281,0.138183,0.032412,0.807189,0.964778,1e-06,0.0,slowdown,True,True,False,False,False,False,False,-2.034966,-0.14729,0.1
2019-03-08,strict_alfred_real_time,slowdown,slowdown,slowdown,preliminary,0.435365,-0.713453,0.945058,low,0,False,0,3,1,0.30668,low_evidence_ambiguous,low_separation_or_stale,0.046159,0.002242,0.117914,0.02635,0.835925,0.971408,1e-06,0.0,slowdown,True,True,False,False,False,False,False,-1.440773,-0.0765,0.1
2019-03-15,strict_alfred_real_time,slowdown,slowdown,slowdown,preliminary,0.403048,-0.336117,0.812236,low,0,True,0,2,1,0.354553,low_evidence_ambiguous,low_separation_or_stale,0.105723,0.008605,0.253264,0.089579,0.641012,0.901815,1e-06,0.0,slowdown,True,True,False,False,False,False,False,-1.235583,0.005454,0.1
2019-03-22,strict_alfred_real_time,slowdown,slowdown,slowdown,preliminary,0.400455,-0.34201,0.814742,low,0,True,0,2,1,0.354192,low_evidence_ambiguous,low_separation_or_stale,0.105186,0.008532,0.250682,0.088363,0.644131,0.903105,1e-06,0.0,slowdown,True,True,False,False,False,False,False,-1.265048,-0.007511,0.1
2019-03-29,strict_alfred_real_time,slowdown,slowdown,slowdown,official,0.415656,-0.317798,0.825504,low,0,True,0,2,0,0.333163,low_evidence_ambiguous,low_separation_or_stale,0.108496,0.008373,0.24791,0.083061,0.643593,0.908565,1e-06,0.0,slowdown,True,True,False,False,False,False,False,-0.254908,0.308859,0.1
2019-04-05,strict_alfred_real_time,slowdown,slowdown,slowdown,preliminary,0.453831,-0.241715,0.790245,low,0,True,0,2,0,0.305679,low_evidence_ambiguous,low_separation_or_stale,0.114529,0.00931,0.282331,0.100222,0.603139,0.890468,1e-06,0.0,slowdown,True,True,False,False,False,False,False,0.526804,0.504077,0.1
2019-04-12,strict_alfred_real_time,slowdown,slowdown,slowdown,preliminary,0.528225,0.027944,0.578193,low,0,False,0,2,0,0.328828,low_evidence_ambiguous,low_separation_or_stale,0.144555,0.016485,0.41315,0.20266,0.442294,0.780854,1e-06,0.0,expansion,True,False,False,False,False,True,False,1.874201,0.868474,0.1
2019-04-19,strict_alfred_real_time,slowdown,expansion,slowdown,preliminary,0.537161,0.141673,0.402156,low,0,False,1,2,1,0.316896,semantically_supported,filter_absorbed_raw_flip,0.170322,0.025522,0.460948,0.286161,0.368729,0.688317,1e-06,0.0,expansion,True,False,False,False,False,True,False,1.833856,0.851122,0.1
2019-04-26,strict_alfred_real_time,slowdown,expansion,slowdown,preliminary,0.537161,0.141673,0.402156,low,0,False,2,2,1,0.316896,semantically_supported,filter_absorbed_raw_flip,0.170322,0.025522,0.460948,0.286161,0.368729,0.688317,1e-06,0.0,expansion,True,False,False,False,False,True,False,1.833856,0.851122,0.1
2019-05-03,strict_alfred_real_time,slowdown,slowdown,expansion,official,0.455868,-0.027004,0.002006,low,2,True,0,2,1,0.301207,low_evidence_ambiguous,low_separation_or_stale,0.162867,0.052982,0.374995,0.474512,0.462137,0.472506,1e-06,0.0,slowdown,True,True,False,False,False,False,False,1.066159,0.686553,0.1
2019-05-10,strict_alfred_real_time,slowdown,slowdown,slowdown,official,0.36336,-0.260871,0.360794,low,0,True,0,2,1,0.331842,low_evidence_ambiguous,low_separation_or_stale,0.138621,0.042095,0.265551,0.298555,0.595828,0.659349,1e-06,0.0,slowdown,True,True,False,False,False,False,False,-0.102623,0.217867,0.1
2019-05-17,strict_alfred_real_time,slowdown,slowdown,slowdown,official,0.21566,-0.635575,0.909184,high,0,False,0,2,0,0.334563,semantically_supported,official_equals_raw_high_quality,0.08671,0.006747,0.133128,0.042034,0.780161,0.951218,1e-06,0.0,slowdown,True,True,False,False,False,False,False,-0.662078,-0.122967,0.1
2019-05-24,strict_alfred_real_time,slowdown,slowdown,slowdown,official,0.259605,-0.599371,0.916805,high,0,False,0,2,0,0.341613,semantically_supported,official_equals_raw_high_quality,0.086025,0.005477,0.144135,0.038859,0.769839,0.955664,1e-06,0.0,slowdown,True,True,False,False,False,False,False,-0.481058,0.088839,0.1
2019-05-31,strict_alfred_real_time,slowdown,slowdown,slowdown,official,0.288804,-0.451074,0.868996,high,0,False,0,2,0,0.307075,semantically_supported,official_equals_raw_high_quality,0.107973,0.008435,0.191721,0.061284,0.700305,0.930281,1e-06,0.0,slowdown,True,True,False,False,False,False,False,-0.457085,0.272001,0.1
2019-06-07,strict_alfred_real_time,slowdown,slowdown,slowdown,official,0.292984,-0.718292,0.943692,high,0,False,0,3,0,0.267598,semantically_supported,official_equals_raw_high_quality,0.06022,0.003386,0.107822,0.026461,0.831957,0.970153,1e-06,0.0,slowdown,True,True,False,False,False,False,False,-1.193732,0.339502,0.1
2019-06-14,strict_alfred_real_time,slowdown,slowdown,slowdown,official,0.280354,-0.885961,0.96169,high,0,False,0,3,1,0.358415,semantically_supported,official_equals_raw_high_quality,0.045699,0.00254,0.074226,0.017885,0.880074,0.979575,1e-06,0.0,slowdown,True,True,False,False,False,False,False,-2.791264,0.053144,0.1
2019-06-21,strict_alfred_real_time,slowdown,slowdown,slowdown,official,0.261446,-0.839658,0.959382,high,0,False,0,3,1,0.361842,semantically_supported,official_equals_raw_high_quality,0.048742,0.002351,0.088115,0.019133,0.863142,0.978515,1e-06,0.0,slowdown,True,True,False,False,False,False,False,-2.559747,-0.045192,0.1
2019-06-28,strict_alfred_real_time,slowdown,slowdown,slowdown,official,0.174543,-0.87982,0.966056,high,0,False,0,3,0,0.261476,semantically_supported,official_equals_raw_high_quality,0.052832,0.002449,0.074747,0.015748,0.87242,0.981803,1e-06,0.0,slowdown,True,True,False,False,False,False,False,-2.326029,-0.314071,0.1
2019-07-05,strict_alfred_real_time,slowdown,slowdown,slowdown,official,0.16655,-0.671518,0.941511,high,0,False,0,3,0,0.252666,semantically_supported,official_equals_raw_high_quality,0.083866,0.004336,0.116785,0.027077,0.799348,0.968587,1e-06,0.0,slowdown,True,True,False,False,False,False,False,-1.319,-0.35185,0.1
2019-07-12,strict_alfred_real_time,slowdown,slowdown,slowdown,official,0.173451,-0.532013,0.915838,high,0,False,0,3,0,0.260114,semantically_supported,official_equals_raw_high_quality,0.109043,0.00625,0.153942,0.038956,0.737014,0.954794,1e-06,0.0,slowdown,True,True,False,False,False,False,False,-0.462981,-0.324511,0.1
2019-07-19,strict_alfred_real_time,slowdown,slowdown,slowdown,official,0.163244,-0.471518,0.869945,high,0,False,0,2,0,0.254546,semantically_supported,official_equals_raw_high_quality,0.12973,0.010741,0.179468,0.059657,0.690801,0.929602,1e-06,0.0,slowdown,True,True,False,False,False,False,False,-1.035364,-0.379115,0.1
2019-07-26,strict_alfred_real_time,slowdown,slowdown,slowdown,official,0.246279,-0.350556,0.835452,low,0,True,0,2,0,0.32546,low_evidence_ambiguous,low_separation_or_stale,0.138148,0.011654,0.225416,0.076447,0.636434,0.911899,1e-06,0.0,slowdown,True,True,False,False,False,False,False,-0.434621,0.031336,0.1
2019-08-02,strict_alfred_real_time,slowdown,slowdown,slowdown,official,0.361939,-0.354217,0.810656,low,0,True,0,2,0,0.387456,low_evidence_ambiguous,low_separation_or_stale,0.110374,0.009633,0.243656,0.089856,0.645968,0.900511,1e-06,0.0,slowdown,True,True,False,False,False,False,False,-0.512324,0.090557,0.1
2019-08-09,strict_alfred_real_time,slowdown,slowdown,slowdown,official,0.353119,-0.255568,0.761768,low,0,True,0,2,0,0.401407,low_evidence_ambiguous,low_separation_or_stale,0.130966,0.012289,0.284087,0.112971,0.584946,0.874739,1e-06,0.0,slowdown,True,True,False,False,False,False,False,-0.021057,0.037903,0.1
2019-08-16,strict_alfred_real_time,slowdown,slowdown,slowdown,official,0.277124,-0.249287,0.708382,low,0,True,0,2,0,0.393218,low_evidence_ambiguous,low_separation_or_stale,0.150516,0.018281,0.280713,0.136668,0.568771,0.84505,1e-06,0.0,slowdown,True,True,False,False,False,False,False,-0.329805,-0.208372,0.1
2019-08-23,strict_alfred_real_time,slowdown,slowdown,slowdown,official,0.252611,-0.171609,0.656967,low,0,True,0,2,0,0.36753,low_evidence_ambiguous,low_separation_or_stale,0.174646,0.023018,0.310223,0.160007,0.515129,0.816974,1e-06,0.0,slowdown,True,True,False,False,False,False,False,0.057296,-0.332642,0.1
2019-08-30,strict_alfred_real_time,slowdown,slowdown,slowdown,official,0.21882,-0.179299,0.713207,low,0,True,0,3,1,0.272082,low_evidence_ambiguous,low_separation_or_stale,0.191409,0.024596,0.275096,0.131098,0.533494,0.844305,1e-06,0.0,slowdown,True,True,False,False,False,False,False,0.177056,-0.398373,0.1
2019-09-06,strict_alfred_real_time,slowdown,slowdown,slowdown,official,0.177344,-0.40334,0.831488,high,0,False,0,3,1,0.284407,semantically_supported,official_equals_raw_high_quality,0.145345,0.015547,0.192359,0.076482,0.662296,0.90797,1e-06,0.0,slowdown,True,True,False,False,False,False,False,-0.661624,-0.584876,0.1
2019-09-13,strict_alfred_real_time,slowdown,slowdown,slowdown,official,0.261602,-0.105633,0.679266,low,0,True,0,3,1,0.298069,low_evidence_ambiguous,low_separation_or_stale,0.196948,0.026154,0.308185,0.14729,0.494866,0.826556,1e-06,0.0,slowdown,True,True,False,False,False,False,False,0.368199,-0.232019,0.1
2019-09-20,strict_alfred_real_time,slowdown,slowdown,slowdown,official,0.298131,-0.070443,0.283264,low,0,True,0,2,2,0.263612,low_evidence_ambiguous,low_separation_or_stale,0.210988,0.07075,0.33187,0.322993,0.457141,0.606257,1e-06,0.0,slowdown,True,True,False,False,False,False,False,-0.654221,-0.256511,0.1
2019-09-27,strict_alfred_real_time,slowdown,slowdown,slowdown,official,0.304771,-0.095003,0.420781,low,0,True,0,2,2,0.287862,low_evidence_ambiguous,low_separation_or_stale,0.202762,0.05451,0.32317,0.262354,0.474067,0.683136,1e-06,0.0,slowdown,True,True,False,False,False,False,False,-0.654336,-0.216688,0.1
2019-10-04,strict_alfred_real_time,slowdown,slowdown,slowdown,official,0.286361,-0.095669,0.42452,low,0,True,0,2,2,0.277827,low_evidence_ambiguous,low_separation_or_stale,0.208575,0.05602,0.320488,0.25973,0.470936,0.68425,1e-06,0.0,slowdown,True,True,False,False,False,False,False,-0.727019,-0.304251,0.1
2019-10-11,strict_alfred_real_time,slowdown,slowdown,slowdown,official,0.243484,-0.095183,0.451319,low,0,True,0,2,2,0.250492,low_evidence_ambiguous,low_separation_or_stale,0.223124,0.056802,0.314829,0.24594,0.462045,0.697258,1e-06,0.0,slowdown,True,True,False,False,False,False,False,-0.725027,-0.52798,0.1
2019-10-18,strict_alfred_real_time,slowdown,slowdown,slowdown,official,0.136974,-0.534724,0.903777,high,0,False,0,3,0,0.342112,semantically_supported,official_equals_raw_high_quality,0.115702,0.008096,0.151916,0.044063,0.732382,0.94784,1e-06,0.0,slowdown,True,True,False,False,False,False,False,-0.89172,-0.741984,0.1
2019-10-25,strict_alfred_real_time,slowdown,slowdown,slowdown,official,0.10616,-0.590388,0.919296,high,0,False,0,3,0,0.386444,semantically_supported,official_equals_raw_high_quality,0.109873,0.007155,0.135691,0.036775,0.754436,0.956071,1e-06,0.0,slowdown,True,True,False,False,False,False,False,-1.172834,-0.903182,0.1
2019-11-01,strict_alfred_real_time,slowdown,slowdown,slowdown,official,0.107035,-0.2648,0.691655,low,0,True,0,1,0,0.39684,low_evidence_ambiguous,low_separation_or_stale,0.201981,0.03059,0.268618,0.138877,0.5294,0.830532,1e-06,0.0,slowdown,True,True,False,False,False,False,False,-0.932965,-1.029377,0.1
2019-11-08,strict_alfred_real_time,slowdown,slowdown,slowdown,official,0.08099,-0.512023,0.820562,high,0,False,0,1,0,0.426214,semantically_supported,official_equals_raw_high_quality,0.143849,0.018809,0.181653,0.080314,0.674497,0.900876,1e-06,0.0,slowdown,True,True,False,False,False,False,False,-2.169653,-1.169566,0.1
2019-11-15,strict_alfred_real_time,slowdown,slowdown,slowdown,official,-0.085969,-1.555457,0.993536,high,0,False,0,3,0,0.479882,semantically_supported,official_equals_raw_high_quality,0.017404,0.000691,0.01577,0.002887,0.966825,0.996422,1e-06,0.0,contraction,False,True,False,False,False,True,False,-2.799918,-1.452307,0.1
2019-11-22,strict_alfred_real_time,slowdown,slowdown,slowdown,official,-0.196082,-1.746299,0.995961,high,0,False,0,3,0,0.559329,semantically_supported,official_equals_raw_high_quality,0.013422,0.000522,0.009771,0.001759,0.976806,0.997719,1e-06,0.0,contraction,False,True,False,False,False,True,False,-4.267404,-2.015747,0.1
2019-11-29,strict_alfred_real_time,slowdown,slowdown,slowdown,official,-0.240772,-2.04098,0.975935,high,0,False,0,4,0,0.606874,semantically_supported,official_equals_raw_high_quality,0.00622,0.000274,0.003854,0.00071,0.935147,0.987475,0.054779,0.01154,contraction,False,True,False,False,False,True,False,-3.69275,-1.841892,0.1
2019-12-06,strict_alfred_real_time,slowdown,slowdown,slowdown,official,-0.207647,-1.753174,0.996106,high,0,False,0,3,0,0.582632,semantically_supported,official_equals_raw_high_quality,0.013493,0.000542,0.00893,0.001594,0.976703,0.9977,0.000874,0.000164,contraction,False,True,False,False,False,True,False,-2.849113,-1.699059,0.1
2019-12-13,strict_alfred_real_time,slowdown,slowdown,slowdown,official,-0.366724,-1.901581,0.842604,low,0,False,0,3,0,0.678463,low_evidence_ambiguous,low_separation_or_stale,0.008688,0.000463,0.004191,0.001009,0.670461,0.920566,0.316659,0.077962,contraction,False,True,False,False,False,True,False,-3.86496,-2.427145,0.1
2019-12-20,strict_alfred_real_time,slowdown,slowdown,slowdown,official,-0.37741,-1.379531,0.765408,low,0,False,0,2,0,0.753753,low_evidence_ambiguous,low_separation_or_stale,0.032358,0.002275,0.01528,0.003986,0.602353,0.879573,0.350009,0.114166,contraction,False,True,False,False,False,True,False,-4.433065,-2.738403,0.1
2019-12-27,strict_alfred_real_time,slowdown,contraction,slowdown,official,-0.486135,-1.38043,0.263344,low,0,False,1,2,0,0.785782,semantically_supported,filter_absorbed_raw_flip,0.022249,0.002637,0.008464,0.002853,0.334438,0.628927,0.634848,0.365583,contraction,False,True,False,False,False,True,False,-5.450976,-3.282191,0.1
2020-01-03,strict_alfred_real_time,slowdown,contraction,contraction,official,-0.584932,-1.380476,0.360946,low,1,False,2,2,0,0.817078,bounded_confirmation_lag,confirmation_in_flight,0.020822,0.003693,0.006508,0.001462,0.257193,0.316949,0.715477,0.677895,contraction,False,True,True,False,False,True,False,-6.915628,-3.997364,0.1
2020-01-10,strict_alfred_real_time,slowdown,contraction,contraction,official,-0.501573,-1.407448,0.603691,low,2,False,3,2,0,0.79201,bounded_confirmation_lag,confirmation_in_flight,0.018796,0.004,0.006934,0.000874,0.293619,0.195718,0.680651,0.799409,contraction,False,True,False,False,False,True,False,-4.473794,-3.34233,0.1
2020-01-17,strict_alfred_real_time,contraction,slowdown,contraction,official,-0.408468,-0.691884,0.419055,low,0,False,4,2,1,0.738517,semantically_supported,filter_absorbed_raw_flip,0.150492,0.051508,0.062148,0.007804,0.420727,0.260816,0.366633,0.679871,contraction,True,True,False,False,False,False,False,-1.424761,-2.616628,0.1
2020-01-24,strict_alfred_real_time,contraction,slowdown,slowdown,official,-0.354906,-0.661149,0.068127,low,1,False,5,2,1,0.71703,bounded_confirmation_lag,confirmation_in_flight,0.180461,0.081872,0.082899,0.017514,0.518703,0.484371,0.217937,0.416244,contraction,True,True,False,False,False,False,False,-1.271086,-2.348472,0.1
2020-01-31,strict_alfred_real_time,slowdown,slowdown,slowdown,official,-0.404794,-0.617955,0.895547,low,0,False,0,1,1,0.778671,low_evidence_ambiguous,low_separation_or_stale,0.252248,0.027152,0.119904,0.03865,0.627847,0.934197,1e-06,0.0,contraction,False,True,False,False,False,True,False,-2.084441,-2.533553,0.1
2020-02-07,strict_alfred_real_time,slowdown,slowdown,slowdown,official,-0.327379,-0.073268,0.688951,low,0,True,0,1,1,0.753063,low_evidence_ambiguous,low_separation_or_stale,0.256072,0.036205,0.323871,0.137422,0.420056,0.826373,1e-06,0.0,contraction,False,True,False,False,False,True,False,0.680669,-2.122254,0.1
2020-02-14,strict_alfred_real_time,slowdown,slowdown,slowdown,official,-0.382122,-0.410386,0.853322,low,0,False,0,1,0,0.701137,low_evidence_ambiguous,low_separation_or_stale,0.239996,0.02247,0.186437,0.062104,0.573567,0.915426,1e-06,0.0,contraction,False,True,False,False,False,True,False,1.658643,-2.041061,0.1
2020-02-21,strict_alfred_real_time,slowdown,slowdown,slowdown,official,-0.30945,0.009083,0.60654,low,0,True,0,1,0,0.658457,low_evidence_ambiguous,low_separation_or_stale,0.243238,0.035261,0.369102,0.179099,0.387658,0.785639,1e-06,0.0,recovery,False,False,False,False,False,True,False,3.938105,-1.678671,0.1
2020-02-28,strict_alfred_real_time,contraction,slowdown,slowdown,official,-0.411501,-0.291491,0.754399,low,2,True,1,3,0,0.660719,bounded_confirmation_lag,confirmation_in_flight,0.224317,0.064625,0.216361,0.090488,0.559322,0.844887,1e-06,0.0,contraction,True,True,False,False,False,False,False,4.975442,-1.897059,0.1
2020-03-06,strict_alfred_real_time,slowdown,slowdown,slowdown,official,-0.476028,-0.394939,0.728009,low,0,False,0,3,1,0.689753,low_evidence_ambiguous,low_separation_or_stale,0.237661,0.06374,0.160115,0.094923,0.539543,0.822933,0.062681,0.018404,contraction,False,True,False,False,False,True,False,2.292168,-2.26392,0.1
2020-03-13,strict_alfred_real_time,slowdown,contraction,slowdown,official,-0.525981,-0.875779,0.37489,low,0,False,1,3,1,0.711582,semantically_supported,filter_absorbed_raw_flip,0.074778,0.023296,0.024447,0.017205,0.282397,0.667195,0.618379,0.292304,contraction,False,True,True,False,False,True,False,-0.122284,-2.514609,0.1
2020-03-20,strict_alfred_real_time,slowdown,contraction,contraction,official,-0.814056,-1.375093,0.555849,low,1,False,2,3,1,0.79206,bounded_confirmation_lag,confirmation_in_flight,0.023402,0.005341,0.004315,0.001091,0.179148,0.21886,0.793135,0.774709,contraction,False,True,True,False,False,True,False,-6.141603,-4.584001,0.1
2020-03-27,strict_alfred_real_time,slowdown,contraction,contraction,official,-0.740858,-0.92685,0.591131,low,2,False,3,2,2,0.972988,bounded_confirmation_lag,confirmation_in_flight,0.076867,0.021843,0.015324,0.00343,0.189409,0.191798,0.7184,0.782929,contraction,False,True,True,False,False,True,False,-113.21033,-43.517743,0.1
2020-04-03,strict_alfred_real_time,contraction,contraction,contraction,official,-0.806351,-1.809444,0.861513,low,0,False,0,3,1,0.979031,low_evidence_ambiguous,low_separation_or_stale,0.008279,0.001708,0.00155,0.000107,0.195849,0.068336,0.794321,0.929849,contraction,True,True,False,False,False,False,False,-108.437934,-41.118691,0.1
2020-04-10,strict_alfred_real_time,contraction,contraction,contraction,official,-0.805918,-1.809432,0.884824,low,0,False,0,3,1,0.978553,low_evidence_ambiguous,low_separation_or_stale,0.008278,0.001726,0.001551,9.1e-05,0.195984,0.056679,0.794186,0.941504,contraction,True,True,False,False,False,False,False,-107.4913,-40.281195,0.1
2020-04-17,strict_alfred_real_time,contraction,contraction,contraction,official,-2.188152,-2.866611,0.995071,low,0,False,0,3,1,0.816387,low_evidence_ambiguous,low_separation_or_stale,0.000595,0.000105,7e-06,0.0,0.013551,0.002412,0.985846,0.997483,contraction,True,True,False,False,False,False,False,-112.763394,-42.019393,0.1
2020-04-24,strict_alfred_real_time,contraction,contraction,contraction,official,-2.177029,-2.866611,0.994964,low,0,False,0,3,1,0.806757,low_evidence_ambiguous,low_separation_or_stale,0.000595,0.000105,7e-06,0.0,0.01385,0.002466,0.985547,0.997429,contraction,True,True,False,False,False,False,False,-103.538667,-38.992602,0.1
2020-05-01,strict_alfred_real_time,contraction,contraction,contraction,official,-2.606491,-3.7547,0.997912,low,0,False,0,4,0,0.755334,low_evidence_ambiguous,low_separation_or_stale,5.4e-05,9e-06,1e-06,0.0,0.005926,0.001039,0.99402,0.998951,contraction,True,True,False,False,False,False,False,-87.025921,-33.527733,0.1
2020-05-08,strict_alfred_real_time,contraction,contraction,contraction,official,-3.369229,-3.7547,0.999563,high,0,False,0,4,0,0.607779,semantically_supported,official_equals_raw_high_quality,5.1e-05,9e-06,1e-06,0.0,0.001231,0.000214,0.998717,0.999777,contraction,True,True,False,False,False,False,False,-73.298607,-28.933956,0.1
2020-05-15,strict_alfred_real_time,contraction,contraction,contraction,official,-3.409233,-3.7547,0.999595,high,0,False,0,4,0,0.450059,semantically_supported,official_equals_raw_high_quality,5.1e-05,9e-06,1e-06,0.0,0.001137,0.000198,0.998811,0.999793,contraction,True,True,False,False,False,False,False,-57.439628,-25.175738,0.1
2020-05-22,strict_alfred_real_time,contraction,contraction,contraction,official,-3.409233,-2.25282,0.998971,high,0,False,0,4,0,0.420846,semantically_supported,official_equals_raw_high_quality,0.002387,0.000415,3e-06,0.0,0.001135,0.000198,0.996476,0.999387,contraction,True,True,False,False,False,False,False,57.495996,-22.211251,0.1
2020-05-29,strict_alfred_real_time,contraction,contraction,contraction,official,-3.7763,-2.25282,0.999072,high,0,False,0,4,0,0.339794,semantically_supported,official_equals_raw_high_quality,0.002388,0.000416,1e-06,0.0,0.000547,9.5e-05,0.997063,0.999488,contraction,True,True,False,False,False,False,False,59.736313,-19.648611,0.1
2020-06-05,strict_alfred_real_time,contraction,contraction,contraction,official,-3.7763,-2.25282,0.999072,high,0,False,0,4,0,0.334948,semantically_supported,official_equals_raw_high_quality,0.002388,0.000416,1e-06,0.0,0.000547,9.5e-05,0.997063,0.999488,contraction,True,True,False,False,False,False,False,63.050079,-17.528751,0.1
2020-06-12,strict_alfred_real_time,contraction,contraction,contraction,official,-3.7763,-2.25282,0.999072,high,0,False,0,4,0,0.31299,semantically_supported,official_equals_raw_high_quality,0.002388,0.000416,1e-06,0.0,0.000547,9.5e-05,0.997063,0.999488,contraction,True,True,False,False,False,False,False,72.795618,-15.795598,0.1
2020-06-19,strict_alfred_real_time,contraction,contraction,contraction,official,-3.700546,-0.75094,0.95039,high,0,False,0,4,1,0.393023,semantically_supported,official_equals_raw_high_quality,0.113514,0.024749,6.7e-05,3e-06,0.000565,0.000108,0.885854,0.975139,contraction,True,True,False,False,False,False,False,68.672718,-14.247337,0.1
2020-06-26,strict_alfred_real_time,contraction,contraction,contraction,official,-3.7763,-2.25282,0.999072,high,0,False,0,4,0,0.336892,semantically_supported,official_equals_raw_high_quality,0.002388,0.000416,1e-06,0.0,0.000547,9.5e-05,0.997063,0.999488,contraction,True,True,False,False,False,False,False,56.684261,-13.15322,0.1
2020-07-03,strict_alfred_real_time,contraction,contraction,contraction,official,-3.528183,-0.75094,0.950356,high,0,False,0,4,1,0.338061,semantically_supported,official_equals_raw_high_quality,0.113484,0.024744,9.5e-05,4e-06,0.000796,0.000152,0.885625,0.9751,contraction,True,True,False,False,False,False,False,46.449145,-12.204904,0.1
2020-07-10,strict_alfred_real_time,contraction,contraction,contraction,official,-3.528183,-0.75094,0.950347,high,0,False,0,4,1,0.323357,semantically_supported,official_equals_raw_high_quality,0.113484,0.024748,9.5e-05,4e-06,0.000796,0.000152,0.885625,0.975095,contraction,True,True,False,False,False,False,False,38.010594,-11.409224,0.1
2020-07-17,strict_alfred_real_time,recovery,recovery,recovery,official,-3.469283,2.25282,0.650175,high,0,False,0,4,3,0.36011,semantically_supported,official_equals_raw_high_quality,0.709575,0.825033,0.289455,0.174858,0.000969,0.000109,1e-06,0.0,recovery,True,True,False,False,False,False,False,31.793632,-10.685343,0.1
2020-07-24,strict_alfred_real_time,recovery,recovery,recovery,official,-3.468958,2.25282,0.816099,high,0,False,0,4,3,0.348723,semantically_supported,official_equals_raw_high_quality,0.78545,0.90802,0.213833,0.091921,0.000716,5.9e-05,1e-06,0.0,recovery,True,True,False,False,False,False,False,26.258005,-10.124527,0.1
2020-07-31,strict_alfred_real_time,recovery,recovery,recovery,official,-3.125881,3.7547,0.922168,high,0,False,0,4,4,0.450428,semantically_supported,official_equals_raw_high_quality,0.865374,0.961084,0.134617,0.038916,9e-06,1e-06,1e-06,0.0,recovery,True,True,False,False,False,False,False,21.555538,-9.714793,0.1
2020-08-07,strict_alfred_real_time,recovery,recovery,recovery,official,-3.002894,3.7547,0.969829,high,0,False,0,4,4,0.451781,semantically_supported,official_equals_raw_high_quality,0.932828,0.984914,0.067167,0.015085,4e-06,0.0,1e-06,0.0,recovery,True,True,False,False,False,False,False,18.019813,-9.261237,0.1
2020-08-14,strict_alfred_real_time,recovery,recovery,recovery,official,-2.685843,3.7547,0.998607,high,0,False,0,4,4,0.474495,semantically_supported,official_equals_raw_high_quality,0.996322,0.999304,0.003677,0.000696,1e-06,0.0,1e-06,0.0,recovery,True,True,False,False,False,False,False,15.272539,-8.715934,0.1
2020-08-21,strict_alfred_real_time,recovery,recovery,recovery,official,-2.679537,3.7547,0.998698,high,0,False,0,4,4,0.461094,semantically_supported,official_equals_raw_high_quality,0.996275,0.999349,0.003723,0.000651,1e-06,0.0,1e-06,0.0,recovery,True,True,False,False,False,False,False,13.434238,-8.232179,0.1
2020-08-28,strict_alfred_real_time,recovery,recovery,recovery,official,-2.092992,3.7547,0.995797,high,0,False,0,3,4,0.50559,semantically_supported,official_equals_raw_high_quality,0.988147,0.997898,0.011851,0.002102,1e-06,0.0,1e-06,0.0,recovery,True,True,False,False,False,False,False,12.389828,-7.630784,0.1
2020-09-04,strict_alfred_real_time,recovery,recovery,recovery,official,-2.006435,3.7547,0.994999,high,0,False,0,3,4,0.502353,semantically_supported,official_equals_raw_high_quality,0.985953,0.997499,0.014046,0.0025,1e-06,0.0,1e-06,0.0,recovery,True,True,False,False,False,False,False,11.67258,-7.095716,0.1
2020-09-11,strict_alfred_real_time,recovery,recovery,recovery,official,-2.001251,3.7547,0.994946,high,0,False,0,3,4,0.491208,semantically_supported,official_equals_raw_high_quality,0.985809,0.997473,0.014189,0.002527,1e-06,0.0,1e-06,0.0,recovery,True,True,False,False,False,False,False,10.541465,-6.76131,0.1
2020-09-18,strict_alfred_real_time,recovery,recovery,recovery,official,-1.916864,3.7547,0.99401,high,0,False,0,3,4,0.496924,semantically_supported,official_equals_raw_high_quality,0.983261,0.997005,0.016737,0.002995,1e-06,0.0,1e-06,0.0,recovery,True,True,False,False,False,False,False,10.089995,-6.335244,0.1
2020-09-25,strict_alfred_real_time,recovery,recovery,recovery,official,-1.914505,3.7547,0.993982,high,0,False,0,3,4,0.483594,semantically_supported,official_equals_raw_high_quality,0.983183,0.996991,0.016815,0.003009,1e-06,0.0,1e-06,0.0,recovery,True,True,False,False,False,False,False,9.852835,-5.997992,0.1
2020-10-02,strict_alfred_real_time,recovery,recovery,recovery,official,-1.624465,3.7547,0.987604,high,0,False,0,3,4,0.484313,semantically_supported,official_equals_raw_high_quality,0.966434,0.993802,0.033564,0.006198,2e-06,0.0,1e-06,0.0,recovery,True,True,False,False,False,False,False,9.208984,-5.760516,0.1
2020-10-09,strict_alfred_real_time,recovery,recovery,recovery,official,-1.622797,3.7547,0.987561,high,0,False,0,3,4,0.47183,semantically_supported,official_equals_raw_high_quality,0.966326,0.99378,0.033671,0.006219,2e-06,0.0,1e-06,0.0,recovery,True,True,False,False,False,False,False,8.441264,-5.477831,0.1
2020-10-16,strict_alfred_real_time,recovery,recovery,recovery,official,-1.535224,3.139043,0.985114,high,0,False,0,3,4,0.451049,semantically_supported,official_equals_raw_high_quality,0.960168,0.992557,0.039819,0.007443,1.2e-05,0.0,1e-06,0.0,recovery,True,True,False,False,False,False,False,7.750959,-5.250052,0.1
2020-10-23,strict_alfred_real_time,recovery,recovery,recovery,official,-1.534765,3.139043,0.985099,high,0,False,0,3,4,0.42067,semantically_supported,official_equals_raw_high_quality,0.960133,0.992549,0.039854,0.00745,1.2e-05,0.0,1e-06,0.0,recovery,True,True,False,False,False,False,False,7.794848,-4.638039,0.1
2020-10-30,strict_alfred_real_time,recovery,recovery,recovery,official,-1.284852,3.139043,0.974961,high,0,False,0,3,4,0.449563,semantically_supported,official_equals_raw_high_quality,0.936117,0.98748,0.063863,0.012519,1.9e-05,1e-06,1e-06,0.0,recovery,True,True,False,False,False,False,False,7.571918,-4.191337,0.1
2020-11-06,strict_alfred_real_time,recovery,recovery,recovery,official,-1.245893,3.139043,0.972828,high,0,False,0,3,4,0.439404,semantically_supported,official_equals_raw_high_quality,0.931326,0.986413,0.068653,0.013586,2.1e-05,1e-06,1e-06,0.0,recovery,True,True,False,False,False,False,False,7.565329,-3.869694,0.1
2020-11-13,strict_alfred_real_time,recovery,recovery,recovery,official,-1.182621,3.139043,0.969233,high,0,False,0,3,4,0.414016,semantically_supported,official_equals_raw_high_quality,0.922831,0.984616,0.077145,0.015383,2.3e-05,1e-06,1e-06,0.0,recovery,True,True,False,False,False,False,False,7.470289,-3.476466,0.1
2020-11-20,strict_alfred_real_time,recovery,recovery,recovery,official,-0.999964,2.788399,0.954593,high,0,False,0,3,4,0.42247,semantically_supported,official_equals_raw_high_quality,0.892629,0.977295,0.107292,0.022702,7.9e-05,3e-06,1e-06,0.0,recovery,True,True,False,False,False,False,False,7.344747,-3.187981,0.1
2020-11-27,strict_alfred_real_time,recovery,recovery,recovery,official,-0.795747,2.836561,0.928338,high,0,False,0,2,4,0.448187,semantically_supported,official_equals_raw_high_quality,0.847091,0.964167,0.152809,0.035828,9.9e-05,5e-06,1e-06,0.0,recovery,True,True,False,False,False,False,False,7.259809,-2.992487,0.1
2020-12-04,strict_alfred_real_time,recovery,recovery,recovery,official,-0.727693,2.836561,0.916562,high,0,False,0,2,4,0.432947,semantically_supported,official_equals_raw_high_quality,0.828733,0.958278,0.171155,0.041716,0.000111,6e-06,1e-06,0.0,recovery,True,True,False,False,False,False,False,6.917055,-2.743408,0.1
2020-12-11,strict_alfred_real_time,recovery,recovery,recovery,official,-0.719963,2.836561,0.913551,high,0,False,0,2,4,0.431051,semantically_supported,official_equals_raw_high_quality,0.82654,0.956772,0.173346,0.043222,0.000113,6e-06,1e-06,0.0,recovery,True,True,False,False,False,False,False,6.153297,-2.714733,0.1
2020-12-18,strict_alfred_real_time,recovery,recovery,recovery,official,-0.739296,2.318556,0.923878,high,0,False,0,3,3,0.477017,semantically_supported,official_equals_raw_high_quality,0.841561,0.961928,0.157992,0.03805,0.000447,2.2e-05,1e-06,0.0,recovery,True,True,False,False,False,False,False,5.089224,-2.697909,0.1
2020-12-25,strict_alfred_real_time,recovery,recovery,recovery,official,-0.808151,1.642516,0.930351,high,0,False,0,4,2,0.407263,semantically_supported,official_equals_raw_high_quality,0.849344,0.965114,0.148122,0.034763,0.002533,0.000123,1e-06,0.0,recovery,True,True,False,False,False,False,False,4.217953,-2.587268,0.1
2021-01-01,strict_alfred_real_time,recovery,recovery,recovery,official,-0.800862,1.570355,0.928768,high,0,False,0,4,2,0.406264,semantically_supported,official_equals_raw_high_quality,0.847039,0.964308,0.149877,0.03554,0.003084,0.000151,1e-06,0.0,recovery,True,True,False,False,False,False,False,3.393895,-2.566114,0.1
2021-01-08,strict_alfred_real_time,recovery,recovery,recovery,official,-0.75664,1.13158,0.921657,high,0,False,0,4,2,0.390273,semantically_supported,official_equals_raw_high_quality,0.829574,0.960573,0.160276,0.038916,0.010149,0.000512,1e-06,0.0,recovery,True,True,False,False,False,False,False,2.856354,-2.382132,0.1
2021-01-15,strict_alfred_real_time,recovery,recovery,recovery,official,-0.710943,0.787888,0.911124,high,0,False,0,3,2,0.454059,semantically_supported,official_equals_raw_high_quality,0.803925,0.954863,0.170092,0.043739,0.025983,0.001398,1e-06,0.0,recovery,True,True,False,False,False,False,False,2.157717,-2.364019,0.1
2021-01-22,strict_alfred_real_time,recovery,recovery,recovery,official,-0.698192,0.708985,0.898085,high,0,False,0,3,2,0.447523,semantically_supported,official_equals_raw_high_quality,0.77747,0.948058,0.187475,0.049973,0.035054,0.001969,1e-06,0.0,recovery,True,True,False,False,False,False,False,1.763201,-2.324802,0.1
2021-01-29,strict_alfred_real_time,recovery,slowdown,expansion,official,-0.816613,-0.028089,0.177633,high,2,False,1,3,2,0.428393,bounded_confirmation_lag,confirmation_in_flight,0.262372,0.287408,0.329915,0.465041,0.407713,0.247551,1e-06,0.0,contraction,True,False,False,False,False,True,False,1.21101,-2.282503,0.1
2021-02-05,strict_alfred_real_time,slowdown,slowdown,slowdown,official,-0.778743,-0.252127,0.474271,high,0,False,0,3,2,0.414182,semantically_supported,official_equals_raw_high_quality,0.258703,0.166524,0.232087,0.179602,0.509209,0.653874,1e-06,0.0,contraction,False,True,True,False,False,True,False,1.546067,-2.128361,0.1
2021-02-12,strict_alfred_real_time,slowdown,slowdown,slowdown,official,-0.73817,-0.168496,0.520343,high,0,False,0,3,2,0.390673,semantically_supported,official_equals_raw_high_quality,0.260014,0.121334,0.267059,0.179162,0.472926,0.699504,1e-06,0.0,contraction,False,True,True,False,False,True,False,1.949398,-1.946043,0.1
2021-02-19,strict_alfred_real_time,expansion,recovery,expansion,official,-0.437492,1.039345,0.213878,high,0,False,1,2,3,0.321649,semantically_supported,filter_absorbed_raw_flip,0.495621,0.38911,0.471494,0.602987,0.032883,0.007903,1e-06,0.0,recovery,False,True,False,False,False,True,True,1.802637,-1.882115,0.1
2021-02-26,strict_alfred_real_time,expansion,recovery,recovery,official,-0.566801,1.179373,0.1761,high,1,False,2,2,3,0.305831,bounded_confirmation_lag,confirmation_in_flight,0.597227,0.586175,0.384061,0.410075,0.018711,0.003749,1e-06,0.0,recovery,False,True,True,False,False,True,True,2.124742,-1.725687,0.1
2021-03-05,strict_alfred_real_time,expansion,recovery,recovery,official,-0.517604,1.648777,0.373115,high,2,False,3,2,3,0.318766,bounded_confirmation_lag,confirmation_in_flight,0.642011,0.686139,0.352825,0.313024,0.005163,0.000837,1e-06,0.0,recovery,False,True,True,False,False,True,True,1.988406,-1.587834,0.1
2021-03-12,strict_alfred_real_time,recovery,recovery,recovery,official,-0.480846,1.716076,0.563473,high,0,False,0,2,3,0.329166,semantically_supported,official_equals_raw_high_quality,0.673447,0.781486,0.322579,0.218013,0.003973,0.0005,1e-06,0.0,recovery,True,True,False,False,False,False,False,2.324901,-1.404061,0.1
2021-03-19,strict_alfred_real_time,recovery,recovery,recovery,official,-0.708455,0.609346,0.762918,high,0,False,0,3,2,0.331293,semantically_supported,official_equals_raw_high_quality,0.71646,0.878552,0.231551,0.115634,0.051988,0.005814,1e-06,0.0,recovery,True,True,False,False,False,False,False,2.572693,-1.279293,0.1
2021-03-26,strict_alfred_real_time,recovery,recovery,recovery,official,-0.431521,1.293323,0.695886,high,0,False,0,3,2,0.32921,semantically_supported,official_equals_raw_high_quality,0.66255,0.847365,0.324807,0.151479,0.012642,0.001156,1e-06,0.0,recovery,True,True,False,False,False,False,False,2.754987,-1.141152,0.1
2021-04-02,strict_alfred_real_time,recovery,recovery,recovery,official,-0.372886,1.525244,0.637469,high,0,False,0,3,2,0.345233,semantically_supported,official_equals_raw_high_quality,0.6179,0.818357,0.374063,0.180888,0.008036,0.000754,1e-06,0.0,recovery,True,True,False,False,False,False,False,3.309385,-1.063194,0.1
2021-04-09,strict_alfred_real_time,recovery,recovery,recovery,official,-0.356097,1.490159,0.608123,high,0,False,0,3,2,0.350113,semantically_supported,official_equals_raw_high_quality,0.604145,0.803618,0.386763,0.195495,0.009091,0.000888,1e-06,0.0,recovery,True,True,False,False,False,False,False,3.133958,-0.985853,0.1
2021-04-16,strict_alfred_real_time,expansion,expansion,expansion,official,0.096108,1.552813,0.605986,high,0,False,0,3,2,0.556769,semantically_supported,official_equals_raw_high_quality,0.329715,0.195565,0.657129,0.801552,0.013155,0.002883,1e-06,0.0,expansion,True,True,False,False,False,False,False,3.400487,-0.750484,0.1
2021-04-23,strict_alfred_real_time,expansion,expansion,expansion,official,0.130517,1.566562,0.681791,high,0,False,0,3,2,0.569956,semantically_supported,official_equals_raw_high_quality,0.316785,0.157657,0.670261,0.839448,0.012954,0.002894,1e-06,0.0,expansion,True,True,False,False,False,False,False,3.401165,-0.578746,0.1
2021-04-30,strict_alfred_real_time,expansion,expansion,expansion,official,0.100147,2.138139,0.595504,high,0,False,0,3,3,0.552823,semantically_supported,official_equals_raw_high_quality,0.344907,0.201954,0.652367,0.797458,0.002725,0.000588,1e-06,0.0,expansion,True,True,False,False,False,False,False,3.496122,-0.386258,0.1
2021-05-07,strict_alfred_real_time,expansion,expansion,expansion,official,0.157458,2.156759,0.674449,high,0,False,0,2,3,0.588396,semantically_supported,official_equals_raw_high_quality,0.323453,0.162482,0.673863,0.836931,0.002684,0.000586,1e-06,0.0,expansion,True,True,False,False,False,False,False,3.583975,-0.14265,0.1
2021-05-14,strict_alfred_real_time,expansion,expansion,expansion,official,0.162814,2.979018,0.675446,high,0,False,0,1,4,0.60946,semantically_supported,official_equals_raw_high_quality,0.335863,0.162244,0.663837,0.83769,0.000299,6.6e-05,1e-06,0.0,expansion,True,True,False,False,False,False,False,3.50642,-0.007877,0.1
2021-05-21,strict_alfred_real_time,expansion,expansion,expansion,official,0.190283,2.947939,0.705828,high,0,False,0,1,4,0.590415,semantically_supported,official_equals_raw_high_quality,0.326685,0.147049,0.672986,0.852878,0.000328,7.3e-05,1e-06,0.0,expansion,True,True,False,False,False,False,False,3.352422,0.128648,0.1
2021-05-28,strict_alfred_real_time,expansion,expansion,expansion,official,0.630069,3.485189,0.839909,low,0,False,0,0,4,0.761755,low_evidence_ambiguous,low_separation_or_stale,0.245617,0.080036,0.754289,0.919944,9.3e-05,2e-05,1e-06,0.0,expansion,True,True,False,False,False,False,False,3.609405,0.381249,0.1
2021-06-04,strict_alfred_real_time,expansion,expansion,expansion,official,0.685278,3.404139,0.863288,low,0,False,0,0,4,0.752094,low_evidence_ambiguous,low_separation_or_stale,0.225847,0.068344,0.774035,0.931632,0.000117,2.5e-05,1e-06,0.0,expansion,True,True,False,False,False,False,False,3.819361,0.548568,0.1
2021-06-11,strict_alfred_real_time,expansion,expansion,expansion,official,0.721146,3.379848,0.875725,low,0,False,0,0,4,0.724069,low_evidence_ambiguous,low_separation_or_stale,0.213622,0.062124,0.786251,0.937849,0.000127,2.6e-05,1e-06,0.0,expansion,True,True,False,False,False,False,False,3.633242,0.727642,0.1
2021-06-18,strict_alfred_real_time,expansion,expansion,expansion,official,0.698693,2.159378,0.869673,low,0,False,0,0,3,0.676224,low_evidence_ambiguous,low_separation_or_stale,0.220612,0.064863,0.77653,0.934536,0.002857,0.000601,1e-06,0.0,expansion,True,True,False,False,False,False,False,3.480052,0.801248,0.1
2021-06-25,strict_alfred_real_time,expansion,expansion,expansion,official,0.677886,1.577916,0.848428,low,0,False,0,1,3,0.665601,low_evidence_ambiguous,low_separation_or_stale,0.238044,0.074248,0.747848,0.922676,0.014107,0.003076,1e-06,0.0,expansion,True,True,False,False,False,False,False,3.07831,0.809705,0.1
2021-07-02,strict_alfred_real_time,expansion,expansion,expansion,official,0.722738,1.588976,0.864358,low,0,False,0,1,3,0.67789,low_evidence_ambiguous,low_separation_or_stale,0.222339,0.066315,0.763657,0.930673,0.014003,0.003012,1e-06,0.0,expansion,True,True,False,False,False,False,False,2.583063,0.884179,0.1
2021-07-09,strict_alfred_real_time,expansion,expansion,expansion,official,0.725472,1.518771,0.865753,low,0,False,0,1,3,0.675616,low_evidence_ambiguous,low_separation_or_stale,0.220791,0.065313,0.762472,0.931066,0.016737,0.003622,1e-06,0.0,expansion,True,True,False,False,False,False,False,2.240458,0.897735,0.1
2021-07-16,strict_alfred_real_time,expansion,expansion,expansion,official,0.699106,1.014809,0.845583,low,0,False,0,1,3,0.618495,low_evidence_ambiguous,low_separation_or_stale,0.22033,0.070332,0.722024,0.915915,0.057645,0.013754,1e-06,0.0,expansion,True,True,False,False,False,False,False,2.18003,1.023573,0.1
2021-07-23,strict_alfred_real_time,expansion,expansion,expansion,official,0.699318,0.880241,0.842936,low,0,False,0,1,3,0.618371,low_evidence_ambiguous,low_separation_or_stale,0.215151,0.068834,0.705351,0.911769,0.079497,0.019397,1e-06,0.0,expansion,True,True,False,False,False,False,False,1.527235,1.02448,0.1
2021-07-30,strict_alfred_real_time,expansion,expansion,expansion,official,0.320563,0.502204,0.685613,high,0,False,0,2,2,0.388033,semantically_supported,official_equals_raw_high_quality,0.280733,0.130564,0.554609,0.816177,0.164658,0.053259,1e-06,0.0,expansion,True,True,False,False,False,False,False,1.048427,0.987501,0.1
2021-08-06,strict_alfred_real_time,expansion,expansion,expansion,official,0.371441,0.442012,0.672168,high,0,False,0,2,2,0.397733,semantically_supported,official_equals_raw_high_quality,0.275185,0.131107,0.538336,0.803275,0.186478,0.065618,1e-06,0.0,expansion,True,True,False,False,False,False,False,0.787495,1.071216,0.1
2021-08-13,strict_alfred_real_time,expansion,expansion,expansion,official,0.382625,0.422504,0.660033,high,0,False,0,2,2,0.391441,semantically_supported,official_equals_raw_high_quality,0.27422,0.133583,0.532037,0.793616,0.193741,0.072801,1e-06,0.0,expansion,True,True,False,False,False,False,False,0.717343,1.12547,0.1
2021-08-20,strict_alfred_real_time,expansion,expansion,expansion,official,0.429719,0.482445,0.702253,high,0,False,0,2,2,0.360186,semantically_supported,official_equals_raw_high_quality,0.247991,0.116714,0.582718,0.818968,0.16929,0.064318,1e-06,0.0,expansion,True,True,False,False,False,False,False,1.163303,1.35782,0.1
2021-08-27,strict_alfred_real_time,expansion,expansion,expansion,official,0.496349,0.601205,0.766479,high,0,False,0,2,2,0.384354,semantically_supported,official_equals_raw_high_quality,0.234882,0.095622,0.630088,0.862101,0.135029,0.042277,1e-06,0.0,expansion,True,True,False,False,False,False,False,1.320221,1.548248,0.1
2021-09-03,strict_alfred_real_time,expansion,expansion,expansion,official,0.52875,0.643841,0.792857,high,0,False,0,2,2,0.405672,semantically_supported,official_equals_raw_high_quality,0.226719,0.084874,0.648657,0.877731,0.124624,0.037396,1e-06,0.0,expansion,True,True,False,False,False,False,False,1.570285,1.665939,0.1
2021-09-10,strict_alfred_real_time,expansion,expansion,expansion,official,0.552983,0.635595,0.805753,high,0,False,0,2,2,0.422622,semantically_supported,official_equals_raw_high_quality,0.217798,0.078417,0.65389,0.884169,0.128311,0.037414,1e-06,0.0,expansion,True,True,False,False,False,False,False,1.529054,1.786751,0.1
2021-09-17,strict_alfred_real_time,expansion,expansion,expansion,official,0.563578,0.951034,0.831921,high,0,False,0,2,2,0.427641,semantically_supported,official_equals_raw_high_quality,0.230716,0.076449,0.707418,0.90837,0.061865,0.015181,1e-06,0.0,expansion,True,True,False,False,False,False,False,1.606223,1.830626,0.1
2021-09-24,strict_alfred_real_time,expansion,expansion,expansion,official,0.566885,0.95458,0.834929,high,0,False,0,2,2,0.42146,semantically_supported,official_equals_raw_high_quality,0.22968,0.075029,0.708887,0.909957,0.061432,0.015014,1e-06,0.0,expansion,True,True,False,False,False,False,False,1.623686,1.811156,0.1
2021-10-01,strict_alfred_real_time,expansion,expansion,expansion,official,0.489941,0.634504,0.783226,high,0,False,0,2,2,0.393798,semantically_supported,official_equals_raw_high_quality,0.237746,0.089021,0.629698,0.872247,0.132555,0.038732,1e-06,0.0,expansion,True,True,False,False,False,False,False,1.356391,1.763651,0.1
2021-10-08,strict_alfred_real_time,expansion,expansion,expansion,official,0.494016,0.054507,0.329824,low,0,True,0,2,2,0.390067,low_evidence_ambiguous,low_separation_or_stale,0.162488,0.062747,0.433869,0.633538,0.403642,0.303714,1e-06,0.0,expansion,True,True,False,False,False,False,False,1.191134,1.745911,0.1
2021-10-15,strict_alfred_real_time,expansion,expansion,expansion,official,0.514475,0.408756,0.759573,high,0,False,0,2,2,0.401054,semantically_supported,official_equals_raw_high_quality,0.207258,0.08106,0.576384,0.840634,0.216357,0.078306,1e-06,0.0,expansion,True,True,False,False,False,False,False,0.912639,1.836112,0.1
2021-10-22,strict_alfred_real_time,slowdown,slowdown,slowdown,official,0.439307,-0.362801,0.833797,low,0,True,0,3,1,0.483152,low_evidence_ambiguous,low_separation_or_stale,0.098602,0.008541,0.219673,0.078831,0.681724,0.912628,1e-06,0.0,slowdown,True,True,False,False,False,False,False,0.969203,2.030385,0.1
2021-10-29,strict_alfred_real_time,slowdown,slowdown,slowdown,official,0.503201,-0.400272,0.871212,high,0,False,0,3,1,0.557042,semantically_supported,official_equals_raw_high_quality,0.082162,0.005536,0.20784,0.061626,0.709997,0.932838,1e-06,0.0,slowdown,True,True,False,False,False,False,False,1.421193,2.359308,0.1
2021-11-05,strict_alfred_real_time,slowdown,slowdown,slowdown,official,0.583108,-0.164228,0.722583,high,0,False,0,3,1,0.572445,semantically_supported,official_equals_raw_high_quality,0.105288,0.010457,0.312198,0.13348,0.582513,0.856063,1e-06,0.0,slowdown,True,True,False,False,False,False,False,1.774491,2.653263,0.1
2021-11-12,strict_alfred_real_time,slowdown,slowdown,slowdown,official,0.617516,-0.109578,0.660694,high,0,False,0,3,1,0.587151,semantically_supported,official_equals_raw_high_quality,0.107235,0.011855,0.340483,0.163725,0.552282,0.82442,1e-06,0.0,slowdown,True,True,False,False,False,False,False,2.03258,2.822437,0.1
2021-11-19,strict_alfred_real_time,expansion,expansion,expansion,official,0.775139,0.566484,0.83532,high,0,False,0,2,1,0.527139,semantically_supported,official_equals_raw_high_quality,0.14621,0.042929,0.682713,0.896195,0.171076,0.060876,1e-06,0.0,expansion,True,True,False,False,False,False,False,2.287111,2.949404,0.1
2021-11-26,strict_alfred_real_time,expansion,expansion,expansion,official,0.914388,0.806467,0.910187,high,0,False,0,1,1,0.577823,semantically_supported,official_equals_raw_high_quality,0.125964,0.032249,0.775778,0.942436,0.098257,0.025315,1e-06,0.0,expansion,True,True,False,False,False,False,False,2.91064,3.182986,0.1
2021-12-03,strict_alfred_real_time,expansion,expansion,expansion,official,0.949419,0.795582,0.915477,high,0,False,0,1,1,0.586851,semantically_supported,official_equals_raw_high_quality,0.118163,0.02951,0.780221,0.944987,0.101615,0.025503,1e-06,0.0,expansion,True,True,False,False,False,False,False,3.288874,3.33551,0.1
2021-12-10,strict_alfred_real_time,expansion,expansion,expansion,official,1.005693,0.872419,0.926972,high,0,False,0,1,1,0.605652,semantically_supported,official_equals_raw_high_quality,0.108998,0.026317,0.804904,0.953289,0.086097,0.020393,1e-06,0.0,expansion,True,True,False,False,False,False,False,3.684476,3.612781,0.1
2021-12-17,strict_alfred_real_time,expansion,expansion,expansion,official,1.041128,1.380959,0.945511,low,0,False,0,2,2,0.619375,low_evidence_ambiguous,low_separation_or_stale,0.109052,0.024545,0.86408,0.970056,0.026867,0.005399,1e-06,0.0,expansion,True,True,False,False,False,False,False,3.751251,3.850062,0.1
2021-12-24,strict_alfred_real_time,expansion,expansion,expansion,official,0.992397,1.060909,0.939309,high,0,False,0,1,2,0.570771,semantically_supported,official_equals_raw_high_quality,0.109071,0.024958,0.83916,0.964267,0.051768,0.010775,1e-06,0.0,expansion,True,True,False,False,False,False,False,3.010953,3.815827,0.1
2021-12-31,strict_alfred_real_time,expansion,expansion,expansion,official,0.992589,0.990601,0.937241,high,0,False,0,1,2,0.578677,semantically_supported,official_equals_raw_high_quality,0.107932,0.024822,0.830706,0.962064,0.061362,0.013114,1e-06,0.0,expansion,True,True,False,False,False,False,False,2.659411,3.942599,0.1
2022-01-07,strict_alfred_real_time,expansion,expansion,expansion,official,0.997475,0.669892,0.914603,high,0,False,0,1,1,0.573841,semantically_supported,official_equals_raw_high_quality,0.092952,0.022237,0.776581,0.946183,0.130465,0.03158,1e-06,0.0,expansion,True,True,False,False,False,False,False,2.25526,3.898169,0.1
2022-01-14,strict_alfred_real_time,slowdown,slowdown,slowdown,official,0.851592,-0.382901,0.711016,low,0,False,0,2,1,0.641418,low_evidence_ambiguous,low_separation_or_stale,0.042522,0.005094,0.248481,0.141945,0.708996,0.852961,1e-06,0.0,slowdown,True,True,False,False,False,False,False,1.931473,3.87364,0.1
2022-01-21,strict_alfred_real_time,slowdown,slowdown,slowdown,official,0.825927,-0.584039,0.868132,low,0,False,0,2,1,0.627289,low_evidence_ambiguous,low_separation_or_stale,0.03023,0.002454,0.167865,0.064707,0.801903,0.932839,1e-06,0.0,slowdown,True,True,False,False,False,False,False,0.925464,3.646752,0.1
2022-01-28,strict_alfred_real_time,slowdown,slowdown,slowdown,official,0.768455,-0.777395,0.942469,low,0,False,0,2,1,0.632462,low_evidence_ambiguous,low_separation_or_stale,0.022328,0.001208,0.110597,0.028161,0.867074,0.97063,1e-06,0.0,slowdown,True,True,False,False,False,False,False,0.196265,3.419878,0.1
2022-02-04,strict_alfred_real_time,slowdown,slowdown,slowdown,official,0.772169,-0.616098,0.871738,low,0,False,0,2,2,0.613812,low_evidence_ambiguous,low_separation_or_stale,0.033653,0.002898,0.156215,0.062682,0.810131,0.93442,1e-06,0.0,slowdown,True,True,False,False,False,False,False,-0.54568,3.330429,0.1
2022-02-11,strict_alfred_real_time,slowdown,slowdown,slowdown,official,0.762406,-0.742131,0.934331,high,0,False,0,2,2,0.608212,semantically_supported,official_equals_raw_high_quality,0.026204,0.00151,0.119299,0.032079,0.854496,0.96641,1e-06,0.0,slowdown,True,True,False,False,False,False,False,-1.176445,3.270352,0.1
2022-02-18,strict_alfred_real_time,expansion,slowdown,slowdown,official,0.976802,-0.114648,0.225047,high,2,False,1,2,2,0.518787,bounded_confirmation_lag,confirmation_in_flight,0.055624,0.011198,0.387829,0.381878,0.556546,0.606924,1e-06,0.0,slowdown,True,False,False,False,False,True,False,-0.945628,3.345646,0.1
2022-02-25,strict_alfred_real_time,slowdown,slowdown,slowdown,official,0.94808,-0.342695,0.768822,high,0,False,0,2,2,0.534167,semantically_supported,official_equals_raw_high_quality,0.040756,0.003618,0.268393,0.11378,0.690851,0.882602,1e-06,0.0,slowdown,True,True,False,False,False,False,False,-0.941644,3.462593,0.1
2022-03-04,strict_alfred_real_time,slowdown,slowdown,slowdown,official,0.982624,-0.22006,0.672773,high,0,False,0,2,2,0.532193,semantically_supported,official_equals_raw_high_quality,0.046917,0.004744,0.330933,0.161241,0.622149,0.834014,1e-06,0.0,slowdown,True,True,False,False,False,False,False,-0.707881,3.541718,0.1
2022-03-11,strict_alfred_real_time,slowdown,slowdown,slowdown,official,0.981619,-0.216098,0.675732,high,0,False,0,2,2,0.531698,semantically_supported,official_equals_raw_high_quality,0.047304,0.004701,0.332994,0.159783,0.619701,0.835515,1e-06,0.0,slowdown,True,True,False,False,False,False,False,-0.66436,3.535754,0.1
2022-03-18,strict_alfred_real_time,expansion,expansion,expansion,official,1.000561,0.673269,0.904504,high,0,False,0,1,3,0.54293,semantically_supported,official_equals_raw_high_quality,0.098795,0.024015,0.772536,0.940244,0.128668,0.03574,1e-06,0.0,expansion,True,True,False,False,False,False,False,0.048003,3.661869,0.1
2022-03-25,strict_alfred_real_time,expansion,expansion,expansion,official,1.024942,0.817339,0.93076,high,0,False,0,1,3,0.551968,semantically_supported,official_equals_raw_high_quality,0.098493,0.02305,0.808421,0.953855,0.093085,0.023095,1e-06,0.0,expansion,True,True,False,False,False,False,False,0.768352,3.80713,0.1
2022-04-01,strict_alfred_real_time,expansion,expansion,expansion,official,1.147534,1.431007,0.960094,high,0,False,0,1,3,0.504146,semantically_supported,official_equals_raw_high_quality,0.085298,0.017866,0.893349,0.97796,0.021351,0.004173,1e-06,0.0,expansion,True,True,False,False,False,False,False,1.065094,3.871213,0.1
2022-04-08,strict_alfred_real_time,expansion,expansion,expansion,official,1.148376,1.417996,0.959902,high,0,False,0,1,3,0.498658,semantically_supported,official_equals_raw_high_quality,0.085106,0.017899,0.892831,0.9778,0.022062,0.004301,1e-06,0.0,expansion,True,True,False,False,False,False,False,1.000044,3.791345,0.1
2022-04-15,strict_alfred_real_time,expansion,expansion,expansion,official,1.182961,0.871151,0.946882,high,0,False,0,1,3,0.482341,semantically_supported,official_equals_raw_high_quality,0.074824,0.016312,0.840828,0.965285,0.084347,0.018403,1e-06,0.0,expansion,True,True,False,False,False,False,False,0.77893,3.743437,0.1
2022-04-22,strict_alfred_real_time,expansion,expansion,expansion,official,1.168546,0.804961,0.939341,high,0,False,0,1,3,0.475816,semantically_supported,official_equals_raw_high_quality,0.075655,0.01673,0.826152,0.961305,0.098192,0.021965,1e-06,0.0,expansion,True,True,False,False,False,False,False,0.461628,3.658505,0.1
2022-04-29,strict_alfred_real_time,expansion,expansion,expansion,official,1.035804,0.466018,0.839501,high,0,False,0,2,2,0.507207,semantically_supported,official_equals_raw_high_quality,0.087862,0.022885,0.688849,0.908308,0.223288,0.068807,1e-06,0.0,expansion,True,True,False,False,False,False,False,0.172144,3.607738,0.1
2022-05-06,strict_alfred_real_time,expansion,expansion,expansion,official,1.02008,0.211444,0.638521,high,0,False,0,2,2,0.497742,semantically_supported,official_equals_raw_high_quality,0.075032,0.021089,0.570152,0.808716,0.354815,0.170195,1e-06,0.0,expansion,True,True,False,False,False,False,False,0.063765,3.501284,0.1
2022-05-13,strict_alfred_real_time,expansion,expansion,expansion,official,1.003981,0.30972,0.748406,high,0,False,0,2,2,0.494417,semantically_supported,official_equals_raw_high_quality,0.083893,0.023354,0.617409,0.862526,0.298697,0.11412,1e-06,0.0,expansion,True,True,False,False,False,False,False,-0.249928,3.438095,0.1
2022-05-20,strict_alfred_real_time,expansion,expansion,expansion,official,1.061449,0.054042,0.420199,high,0,False,0,2,2,0.460671,semantically_supported,official_equals_raw_high_quality,0.05905,0.016688,0.487174,0.701756,0.453775,0.281557,1e-06,0.0,expansion,True,True,False,False,False,False,False,-0.628597,3.335797,0.1
2022-05-27,strict_alfred_real_time,slowdown,slowdown,slowdown,official,1.029419,-0.340613,0.716932,high,0,False,0,2,2,0.503062,semantically_supported,official_equals_raw_high_quality,0.035012,0.003674,0.271039,0.139697,0.693948,0.856629,1e-06,0.0,slowdown,True,True,False,False,False,False,False,-0.91194,3.218072,0.1
2022-06-03,strict_alfred_real_time,slowdown,slowdown,slowdown,official,1.029718,-0.424829,0.823266,high,0,False,0,2,2,0.501022,semantically_supported,official_equals_raw_high_quality,0.029982,0.002327,0.232233,0.087203,0.737784,0.910469,1e-06,0.0,slowdown,True,True,False,False,False,False,False,-1.141158,3.205767,0.1
2022-06-10,strict_alfred_real_time,slowdown,slowdown,slowdown,official,1.002561,-0.466031,0.858702,high,0,False,0,2,2,0.490181,semantically_supported,official_equals_raw_high_quality,0.029198,0.001975,0.214275,0.069661,0.756526,0.928363,1e-06,0.0,slowdown,True,True,False,False,False,False,False,-1.316888,3.069842,0.1
2022-06-17,strict_alfred_real_time,slowdown,slowdown,slowdown,official,0.893644,-0.567335,0.905553,high,0,False,0,2,2,0.520519,semantically_supported,official_equals_raw_high_quality,0.029447,0.001661,0.17403,0.046393,0.796522,0.951946,1e-06,0.0,slowdown,True,True,False,False,False,False,False,-1.35103,2.97825,0.1
2022-06-24,strict_alfred_real_time,slowdown,slowdown,slowdown,official,0.875279,-0.581893,0.909793,high,0,False,0,2,2,0.512699,semantically_supported,official_equals_raw_high_quality,0.029613,0.001646,0.168737,0.04428,0.801648,0.954073,1e-06,0.0,slowdown,True,True,False,False,False,False,False,-1.429185,2.886425,0.1
2022-07-01,strict_alfred_real_time,slowdown,slowdown,slowdown,official,0.795074,-0.460528,0.854133,high,0,False,0,2,2,0.497509,semantically_supported,official_equals_raw_high_quality,0.046152,0.00313,0.224215,0.071368,0.729632,0.925501,1e-06,0.0,slowdown,True,True,False,False,False,False,False,-1.513386,2.729893,0.1
2022-07-08,strict_alfred_real_time,slowdown,slowdown,slowdown,official,0.778759,-0.530743,0.883511,high,0,False,0,2,2,0.489696,semantically_supported,official_equals_raw_high_quality,0.041624,0.002588,0.195765,0.056951,0.76261,0.940462,1e-06,0.0,slowdown,True,True,False,False,False,False,False,-1.608148,2.647078,0.1
2022-07-15,strict_alfred_real_time,slowdown,slowdown,slowdown,official,0.66295,-0.668277,0.936221,high,0,False,0,3,1,0.509235,semantically_supported,official_equals_raw_high_quality,0.037564,0.00192,0.130546,0.03093,0.831889,0.96715,1e-06,0.0,slowdown,True,True,False,False,False,False,False,-1.539711,2.560114,0.1
2022-07-22,strict_alfred_real_time,slowdown,slowdown,slowdown,official,0.639547,-0.664377,0.93526,high,0,False,0,3,1,0.497434,semantically_supported,official_equals_raw_high_quality,0.03961,0.002042,0.131398,0.031349,0.828991,0.966609,1e-06,0.0,slowdown,True,True,False,False,False,False,False,-1.522624,2.44258,0.1
2022-07-29,strict_alfred_real_time,slowdown,slowdown,slowdown,official,0.502091,-1.181445,0.985155,high,0,False,0,3,1,0.432881,semantically_supported,official_equals_raw_high_quality,0.014852,0.000605,0.037489,0.00712,0.947658,0.992275,1e-06,0.0,slowdown,True,True,False,False,False,False,False,-1.777883,2.29753,0.1
2022-08-05,strict_alfred_real_time,slowdown,slowdown,slowdown,official,0.487721,-1.077275,0.9791,high,0,False,0,3,1,0.416568,semantically_supported,official_equals_raw_high_quality,0.018222,0.000762,0.051654,0.010069,0.930123,0.989169,1e-06,0.0,slowdown,True,True,False,False,False,False,False,-1.720271,2.18102,0.1
2022-08-12,strict_alfred_real_time,slowdown,slowdown,slowdown,official,0.480063,-1.061991,0.978144,high,0,False,0,3,1,0.412091,semantically_supported,official_equals_raw_high_quality,0.019181,0.00081,0.053552,0.010523,0.927265,0.988667,1e-06,0.0,slowdown,True,True,False,False,False,False,False,-1.647463,2.141803,0.1
2022-08-19,strict_alfred_real_time,slowdown,slowdown,slowdown,official,0.500091,-0.681464,0.928327,high,0,False,0,2,1,0.403493,semantically_supported,official_equals_raw_high_quality,0.045616,0.002421,0.141776,0.034626,0.812607,0.962953,1e-06,0.0,slowdown,True,True,False,False,False,False,False,-1.450134,2.14267,0.1
2022-08-26,strict_alfred_real_time,slowdown,slowdown,slowdown,official,0.52346,-0.503138,0.868563,high,0,False,0,2,1,0.410741,semantically_supported,official_equals_raw_high_quality,0.06535,0.004275,0.212767,0.063581,0.721882,0.932144,1e-06,0.0,slowdown,True,True,False,False,False,False,False,-1.295219,2.089592,0.1
2022-09-02,strict_alfred_real_time,slowdown,slowdown,slowdown,official,0.523353,-0.496887,0.877486,high,0,False,0,2,1,0.414316,semantically_supported,official_equals_raw_high_quality,0.071732,0.004606,0.203039,0.058954,0.725228,0.93644,1e-06,0.0,slowdown,True,True,False,False,False,False,False,-1.088072,2.107558,0.1
2022-09-09,strict_alfred_real_time,slowdown,slowdown,slowdown,official,0.531936,-0.442144,0.854382,high,0,False,0,2,1,0.418901,semantically_supported,official_equals_raw_high_quality,0.078017,0.005415,0.224631,0.070101,0.697351,0.924483,1e-06,0.0,slowdown,True,True,False,False,False,False,False,-0.839964,2.148859,0.1
2022-09-16,strict_alfred_real_time,slowdown,slowdown,slowdown,official,0.503629,-0.205767,0.687962,high,0,False,0,2,1,0.440867,semantically_supported,official_equals_raw_high_quality,0.120009,0.012767,0.326626,0.149635,0.553364,0.837597,1e-06,0.0,slowdown,True,True,False,False,False,False,False,-0.371709,2.262093,0.1
2022-09-23,strict_alfred_real_time,slowdown,slowdown,slowdown,official,0.517041,-0.155726,0.613232,high,0,False,0,2,1,0.44808,semantically_supported,official_equals_raw_high_quality,0.125612,0.015562,0.351114,0.185603,0.523273,0.798835,1e-06,0.0,slowdown,True,True,False,False,False,False,False,-0.119262,2.329152,0.1
2022-09-30,strict_alfred_real_time,expansion,expansion,expansion,official,0.477521,0.460091,0.719291,high,0,False,0,2,2,0.434589,semantically_supported,official_equals_raw_high_quality,0.240465,0.097885,0.580842,0.817176,0.178692,0.084939,1e-06,0.0,expansion,True,True,False,False,False,False,False,0.278823,2.449543,0.1
2022-10-07,strict_alfred_real_time,expansion,expansion,expansion,official,0.472742,0.318157,0.627384,low,0,True,0,2,1,0.433701,low_evidence_ambiguous,low_separation_or_stale,0.213111,0.082068,0.545477,0.772658,0.241411,0.145274,1e-06,0.0,expansion,True,True,False,False,False,False,False,0.447293,2.434173,0.1
2022-10-14,strict_alfred_real_time,expansion,expansion,expansion,official,0.433085,0.401824,0.730465,high,0,False,0,1,1,0.415176,semantically_supported,official_equals_raw_high_quality,0.240877,0.098596,0.569802,0.829061,0.18932,0.072343,1e-06,0.0,expansion,True,True,False,False,False,False,False,0.315548,2.339839,0.1
2022-10-21,strict_alfred_real_time,expansion,expansion,expansion,official,0.453817,0.381138,0.752524,low,0,True,0,1,1,0.398932,low_evidence_ambiguous,low_separation_or_stale,0.222189,0.087877,0.585924,0.840401,0.191886,0.071723,1e-06,0.0,expansion,True,True,False,False,False,False,False,0.329343,2.289649,0.1
2022-10-28,strict_alfred_real_time,expansion,expansion,expansion,official,0.546466,0.333945,0.778587,high,0,False,0,1,1,0.420049,semantically_supported,official_equals_raw_high_quality,0.187192,0.065644,0.59347,0.856471,0.219338,0.077884,1e-06,0.0,expansion,True,True,False,False,False,False,False,0.009105,2.134493,0.1
2022-11-04,strict_alfred_real_time,expansion,expansion,expansion,official,0.529115,0.254988,0.714511,high,0,False,0,1,1,0.410994,semantically_supported,official_equals_raw_high_quality,0.190514,0.072573,0.545468,0.820969,0.264016,0.106458,1e-06,0.0,expansion,True,True,False,False,False,False,False,-0.286093,2.052823,0.1
2022-11-11,strict_alfred_real_time,expansion,expansion,expansion,official,0.511716,0.180696,0.653033,high,0,False,0,1,1,0.40046,semantically_supported,official_equals_raw_high_quality,0.185695,0.07343,0.513594,0.789801,0.30071,0.136768,1e-06,0.0,expansion,True,True,False,False,False,False,False,-0.616942,1.965372,0.1
2022-11-18,strict_alfred_real_time,expansion,expansion,expansion,official,0.470461,0.00236,0.30364,low,0,True,0,2,1,0.395959,low_evidence_ambiguous,low_separation_or_stale,0.164456,0.066601,0.419035,0.618519,0.416509,0.314879,1e-06,0.0,expansion,True,True,False,False,False,False,False,-0.940234,1.861606,0.1
2022-11-25,strict_alfred_real_time,expansion,slowdown,expansion,official,0.443279,-0.095298,0.108214,low,0,True,1,2,1,0.376101,neutral_band_retention,neutral_band,0.153952,0.05893,0.371635,0.524642,0.474412,0.416428,1e-06,0.0,slowdown,True,False,False,False,False,True,False,-1.428522,1.717123,0.1
2022-12-02,strict_alfred_real_time,expansion,slowdown,expansion,official,0.40104,-0.076919,0.008353,low,0,True,2,2,2,0.349442,neutral_band_retention,neutral_band,0.183258,0.073596,0.353694,0.467378,0.463047,0.459025,1e-06,0.0,slowdown,True,False,False,False,False,True,False,-1.564833,1.61742,0.1
2022-12-09,strict_alfred_real_time,expansion,slowdown,slowdown,official,0.378777,-0.093234,0.130999,low,1,True,3,2,2,0.333359,bounded_confirmation_lag,confirmation_in_flight,0.186323,0.066654,0.34404,0.401174,0.469636,0.532172,1e-06,0.0,slowdown,True,False,False,False,False,True,False,-1.626118,1.505869,0.1
2022-12-16,strict_alfred_real_time,slowdown,slowdown,slowdown,official,0.29709,-0.5085,0.875926,high,0,False,0,2,1,0.351277,semantically_supported,official_equals_raw_high_quality,0.107277,0.008398,0.18014,0.057838,0.712582,0.933764,1e-06,0.0,slowdown,True,True,False,False,False,False,False,-1.635217,1.443335,0.1
2022-12-23,strict_alfred_real_time,slowdown,slowdown,slowdown,official,0.31048,-0.4045,0.843389,high,0,False,0,2,1,0.354389,semantically_supported,official_equals_raw_high_quality,0.125779,0.010207,0.216905,0.073202,0.657315,0.916591,1e-06,0.0,slowdown,True,True,False,False,False,False,False,-1.335381,1.432144,0.1
2022-12-30,strict_alfred_real_time,slowdown,slowdown,slowdown,official,0.303934,-0.38173,0.827979,low,0,True,0,2,1,0.347664,low_evidence_ambiguous,low_separation_or_stale,0.13213,0.011447,0.224913,0.080287,0.642956,0.908266,1e-06,0.0,slowdown,True,True,False,False,False,False,False,-1.252305,1.393592,0.1
2023-01-06,strict_alfred_real_time,slowdown,slowdown,slowdown,official,0.311488,-0.360732,0.836401,low,0,True,0,3,1,0.358648,low_evidence_ambiguous,low_separation_or_stale,0.129274,0.010647,0.22338,0.076476,0.647345,0.912877,1e-06,0.0,slowdown,True,True,False,False,False,False,False,-0.987411,1.451167,0.1
2023-01-13,strict_alfred_real_time,slowdown,slowdown,slowdown,official,0.314286,-0.318607,0.811303,low,0,True,0,3,1,0.360307,low_evidence_ambiguous,low_separation_or_stale,0.137781,0.012356,0.239408,0.088171,0.622811,0.899473,1e-06,0.0,slowdown,True,True,False,False,False,False,False,-0.777619,1.462921,0.1
2023-01-20,strict_alfred_real_time,slowdown,slowdown,slowdown,official,0.155309,-0.756371,0.95214,high,0,False,0,4,1,0.386285,semantically_supported,official_equals_raw_high_quality,0.076672,0.003918,0.097123,0.021971,0.826204,0.974111,1e-06,0.0,slowdown,True,True,False,False,False,False,False,-0.397036,1.536029,0.1
2023-01-27,strict_alfred_real_time,slowdown,slowdown,slowdown,official,0.118953,-0.865519,0.964302,high,0,False,0,4,1,0.37451,semantically_supported,official_equals_raw_high_quality,0.064777,0.003095,0.076334,0.016301,0.858887,0.980603,1e-06,0.0,slowdown,True,True,False,False,False,False,False,-0.038074,1.634668,0.1
2023-02-03,strict_alfred_real_time,slowdown,slowdown,slowdown,official,0.155588,-0.653911,0.926267,high,0,False,0,3,1,0.375423,semantically_supported,official_equals_raw_high_quality,0.098549,0.00576,0.134272,0.033986,0.767178,0.960253,1e-06,0.0,slowdown,True,True,False,False,False,False,False,0.289237,1.707423,0.1
2023-02-10,strict_alfred_real_time,slowdown,slowdown,slowdown,official,0.155639,-0.632103,0.91974,high,0,False,0,3,1,0.37481,semantically_supported,official_equals_raw_high_quality,0.102827,0.006341,0.140115,0.036959,0.757057,0.956699,1e-06,0.0,slowdown,True,True,False,False,False,False,False,0.379575,1.695906,0.1
2023-02-17,strict_alfred_real_time,slowdown,slowdown,slowdown,official,0.186367,-0.070193,0.348229,low,0,True,0,2,1,0.425373,low_evidence_ambiguous,low_separation_or_stale,0.2391,0.065076,0.346331,0.293348,0.414569,0.641577,1e-06,0.0,slowdown,True,True,False,False,False,False,False,0.299446,1.651784,0.1
2023-02-24,strict_alfred_real_time,slowdown,slowdown,slowdown,official,0.317847,-0.047262,0.258974,low,0,True,0,2,1,0.51071,low_evidence_ambiguous,low_separation_or_stale,0.199819,0.052764,0.375896,0.344131,0.424284,0.603105,1e-06,0.0,slowdown,True,True,False,False,False,False,False,0.32377,1.607419,0.1
2023-03-03,strict_alfred_real_time,slowdown,slowdown,slowdown,official,0.30956,-0.081845,0.268596,low,0,True,0,2,1,0.501912,low_evidence_ambiguous,low_separation_or_stale,0.194832,0.053888,0.360527,0.338758,0.44464,0.607354,1e-06,0.0,slowdown,True,True,False,False,False,False,False,0.149688,1.556885,0.1
2023-03-10,strict_alfred_real_time,slowdown,slowdown,slowdown,official,0.291195,-0.105311,0.268909,low,0,True,0,2,1,0.488236,low_evidence_ambiguous,low_separation_or_stale,0.195282,0.056962,0.348403,0.337065,0.456314,0.605974,1e-06,0.0,slowdown,True,True,False,False,False,False,False,-0.03349,1.469631,0.1
2023-03-17,strict_alfred_real_time,expansion,expansion,expansion,official,0.250861,0.494744,0.731435,high,0,False,0,1,1,0.487074,semantically_supported,official_equals_raw_high_quality,0.261173,0.109381,0.585502,0.840816,0.153324,0.049804,1e-06,0.0,expansion,True,True,False,False,False,False,False,-0.158583,1.466494,0.1
2023-03-24,strict_alfred_real_time,expansion,expansion,expansion,official,0.25268,0.441164,0.716337,high,0,False,0,1,1,0.4784,semantically_supported,official_equals_raw_high_quality,0.261658,0.113179,0.56778,0.829517,0.170561,0.057304,1e-06,0.0,expansion,True,True,False,False,False,False,False,-0.425958,1.444078,0.1
2023-03-31,strict_alfred_real_time,expansion,expansion,expansion,official,0.26498,0.367138,0.671372,low,0,True,0,1,2,0.450112,low_evidence_ambiguous,low_separation_or_stale,0.262857,0.125171,0.530176,0.796543,0.206966,0.078286,1e-06,0.0,expansion,True,True,False,False,False,False,False,-0.663401,1.385259,0.1
2023-04-07,strict_alfred_real_time,expansion,slowdown,expansion,official,0.118285,0.046617,0.134016,low,0,True,1,2,2,0.373849,neutral_band_retention,neutral_band,0.263666,0.154408,0.364426,0.489803,0.371908,0.355788,1e-06,0.0,expansion,True,True,False,False,False,False,False,-1.453009,0.668429,0.1
2023-04-14,strict_alfred_real_time,slowdown,slowdown,slowdown,official,0.141978,-0.533814,0.897354,high,0,False,0,3,1,0.302049,semantically_supported,official_equals_raw_high_quality,0.113586,0.008067,0.161926,0.04729,0.724487,0.944643,1e-06,0.0,slowdown,True,True,False,False,False,False,False,-1.336196,0.616152,0.1
2023-04-21,strict_alfred_real_time,slowdown,slowdown,slowdown,official,0.138206,-0.497963,0.888524,high,0,False,0,3,1,0.302547,semantically_supported,official_equals_raw_high_quality,0.1221,0.008738,0.172763,0.051369,0.705136,0.939893,1e-06,0.0,slowdown,True,True,False,False,False,False,False,-1.166605,0.586428,0.1
2023-04-28,strict_alfred_real_time,slowdown,slowdown,slowdown,official,0.058326,-0.543282,0.895348,high,0,False,0,3,1,0.253589,semantically_supported,official_equals_raw_high_quality,0.135097,0.009593,0.163085,0.04753,0.701817,0.942878,1e-06,0.0,slowdown,True,True,False,False,False,False,False,-0.930524,0.600202,0.1
2023-05-05,strict_alfred_real_time,slowdown,slowdown,slowdown,official,0.044127,-0.579115,0.905002,high,0,False,0,3,1,0.258413,semantically_supported,official_equals_raw_high_quality,0.12971,0.008882,0.152223,0.043058,0.718065,0.94806,1e-06,0.0,slowdown,True,True,False,False,False,False,False,-0.760332,0.560772,0.1
2023-05-12,strict_alfred_real_time,slowdown,slowdown,slowdown,official,0.035085,-0.579669,0.902916,high,0,False,0,3,1,0.260763,semantically_supported,official_equals_raw_high_quality,0.131619,0.009351,0.151712,0.043866,0.716668,0.946782,1e-06,0.0,slowdown,True,True,False,False,False,False,False,-0.7631,0.482262,0.1
2023-05-19,strict_alfred_real_time,slowdown,slowdown,slowdown,official,0.04087,-0.391862,0.830781,high,0,False,0,3,1,0.256492,semantically_supported,official_equals_raw_high_quality,0.179526,0.017274,0.209326,0.075972,0.611147,0.906754,1e-06,0.0,slowdown,True,True,False,False,False,False,False,-0.467001,0.507022,0.1
2023-05-26,strict_alfred_real_time,slowdown,slowdown,slowdown,official,-0.079559,-0.258355,0.729893,low,0,True,0,3,2,0.328798,low_evidence_ambiguous,low_separation_or_stale,0.241658,0.036552,0.246711,0.116777,0.51163,0.846671,1e-06,0.0,contraction,False,True,False,False,False,True,False,0.009958,0.648813,0.1
2023-06-02,strict_alfred_real_time,slowdown,slowdown,slowdown,official,-0.068342,-0.132338,0.457575,low,0,True,0,2,2,0.324322,low_evidence_ambiguous,low_separation_or_stale,0.244673,0.059709,0.326685,0.241358,0.428641,0.698933,1e-06,0.0,contraction,False,True,False,False,False,True,False,0.006625,0.665514,0.1
2023-06-09,strict_alfred_real_time,slowdown,slowdown,slowdown,official,-0.079352,-0.142923,0.427725,low,0,True,0,2,2,0.328714,low_evidence_ambiguous,low_separation_or_stale,0.244756,0.065845,0.321631,0.253215,0.433612,0.68094,1e-06,0.0,contraction,False,True,False,False,False,True,False,-0.047606,0.583616,0.1
2023-06-16,strict_alfred_real_time,slowdown,slowdown,slowdown,official,-0.112324,-0.034732,0.142085,low,0,True,0,2,1,0.33622,low_evidence_ambiguous,low_separation_or_stale,0.25,0.09438,0.358325,0.381767,0.391674,0.523852,1e-06,0.0,contraction,False,True,False,False,False,True,False,-0.186285,0.477421,0.1
2023-06-23,strict_alfred_real_time,slowdown,slowdown,slowdown,official,-0.123728,-0.076724,0.174825,low,0,True,0,2,1,0.3394,low_evidence_ambiguous,low_separation_or_stale,0.25,0.098854,0.33826,0.36316,0.411739,0.537985,1e-06,0.0,contraction,False,True,False,False,False,True,False,-0.40351,0.385033,0.1
2023-06-30,strict_alfred_real_time,slowdown,slowdown,slowdown,official,-0.135834,-0.236504,0.599841,low,0,True,0,2,0,0.302544,low_evidence_ambiguous,low_separation_or_stale,0.232319,0.050622,0.282916,0.174768,0.484764,0.774609,1e-06,0.0,contraction,False,True,False,False,False,True,False,-0.339909,0.375284,0.1
2023-07-07,strict_alfred_real_time,slowdown,slowdown,slowdown,official,-0.13339,-0.282537,0.729684,low,0,True,0,3,0,0.300459,low_evidence_ambiguous,low_separation_or_stale,0.228491,0.036402,0.240619,0.116957,0.530889,0.846641,1e-06,0.0,contraction,False,True,False,False,False,True,False,-0.268767,0.424537,0.1
2023-07-14,strict_alfred_real_time,slowdown,slowdown,slowdown,official,-0.109911,-0.280315,0.723997,low,0,True,0,3,0,0.287098,low_evidence_ambiguous,low_separation_or_stale,0.228506,0.036839,0.241558,0.119582,0.529935,0.843579,1e-06,0.0,contraction,False,True,False,False,False,True,False,-0.257653,0.490483,0.1
2023-07-21,strict_alfred_real_time,slowdown,slowdown,slowdown,official,-0.163519,-0.41588,0.843123,high,0,False,0,4,0,0.310042,semantically_supported,official_equals_raw_high_quality,0.230697,0.026826,0.17735,0.065025,0.591952,0.908148,1e-06,0.0,contraction,False,True,False,False,False,True,False,-0.090126,0.571868,0.1
2023-07-28,strict_alfred_real_time,slowdown,slowdown,slowdown,official,-0.057797,-0.014491,0.315695,low,0,True,0,4,2,0.30239,low_evidence_ambiguous,low_separation_or_stale,0.262606,0.090723,0.336172,0.296791,0.401221,0.612486,1e-06,0.0,contraction,False,True,False,False,False,True,False,-0.03059,0.614472,0.1
2023-08-04,strict_alfred_real_time,slowdown,slowdown,slowdown,official,-0.049779,-0.036759,0.408472,low,0,True,0,4,2,0.298497,low_evidence_ambiguous,low_separation_or_stale,0.262222,0.080698,0.325935,0.255415,0.411842,0.663887,1e-06,0.0,contraction,False,True,False,False,False,True,False,0.23093,0.668518,0.1
2023-08-11,strict_alfred_real_time,slowdown,slowdown,slowdown,official,-0.040328,-0.007379,0.335763,low,0,True,0,4,2,0.293774,low_evidence_ambiguous,low_separation_or_stale,0.262729,0.08685,0.339451,0.288693,0.397819,0.624457,1e-06,0.0,contraction,False,True,False,False,False,True,False,0.377827,0.638995,0.1
2023-08-18,strict_alfred_real_time,expansion,expansion,expansion,official,0.053723,0.439865,0.620919,high,0,False,0,3,2,0.278405,semantically_supported,official_equals_raw_high_quality,0.292617,0.148609,0.524645,0.769529,0.182737,0.081862,1e-06,0.0,expansion,True,True,False,False,False,False,False,0.477696,0.600437,0.1
2023-08-25,strict_alfred_real_time,expansion,expansion,expansion,official,0.044273,0.419855,0.608481,high,0,False,0,3,2,0.282419,semantically_supported,official_equals_raw_high_quality,0.299171,0.157433,0.512815,0.765914,0.188013,0.076653,1e-06,0.0,expansion,True,True,False,False,False,False,False,0.379,0.552977,0.1
2023-09-01,strict_alfred_real_time,expansion,expansion,expansion,official,0.013263,0.195072,0.466506,low,0,True,0,3,2,0.288631,low_evidence_ambiguous,low_separation_or_stale,0.271549,0.15067,0.44091,0.657918,0.28754,0.191412,1e-06,0.0,expansion,True,True,False,False,False,False,False,0.251469,0.523226,0.1
2023-09-08,strict_alfred_real_time,expansion,expansion,expansion,official,0.032786,0.197035,0.474333,low,0,True,0,3,2,0.280254,low_evidence_ambiguous,low_separation_or_stale,0.271566,0.153876,0.441775,0.660229,0.286658,0.185895,1e-06,0.0,expansion,True,True,False,False,False,False,False,0.261285,0.602222,0.1
2023-09-15,strict_alfred_real_time,expansion,expansion,expansion,official,0.06526,0.221712,0.58109,low,0,True,0,3,2,0.247692,low_evidence_ambiguous,low_separation_or_stale,0.25,0.125426,0.478735,0.727832,0.271264,0.146742,1e-06,0.0,expansion,True,True,False,False,False,False,False,0.179093,0.643396,0.1
2023-09-22,strict_alfred_real_time,expansion,expansion,expansion,official,0.089623,0.238458,0.589943,low,0,True,0,3,2,0.237592,low_evidence_ambiguous,low_separation_or_stale,0.25,0.125007,0.486119,0.732468,0.26388,0.142525,1e-06,0.0,expansion,True,True,False,False,False,False,False,0.257386,0.727821,0.1
2023-09-29,strict_alfred_real_time,expansion,expansion,expansion,official,0.170896,0.294869,0.647041,low,0,True,0,3,2,0.23539,low_evidence_ambiguous,low_separation_or_stale,0.25,0.119883,0.51028,0.766924,0.239719,0.113193,1e-06,0.0,expansion,True,True,False,False,False,False,False,0.29639,0.801334,0.1
2023-10-06,strict_alfred_real_time,expansion,expansion,expansion,official,0.188391,0.432931,0.723547,high,0,False,0,2,2,0.229758,semantically_supported,official_equals_raw_high_quality,0.25573,0.109198,0.57839,0.832745,0.165879,0.058057,1e-06,0.0,expansion,True,True,False,False,False,False,False,0.406056,0.827458,0.1
2023-10-13,strict_alfred_real_time,expansion,expansion,expansion,official,0.203452,0.436357,0.723573,high,0,False,0,2,2,0.231229,semantically_supported,official_equals_raw_high_quality,0.256508,0.109744,0.578913,0.833317,0.164578,0.05694,1e-06,0.0,expansion,True,True,False,False,False,False,False,0.475615,0.832621,0.1
2023-10-20,strict_alfred_real_time,expansion,expansion,expansion,official,0.229856,0.248508,0.658483,low,0,True,0,1,1,0.250199,low_evidence_ambiguous,low_separation_or_stale,0.246034,0.115725,0.516405,0.774208,0.23756,0.110066,1e-06,0.0,expansion,True,True,False,False,False,False,False,0.492889,0.794325,0.1
2023-10-27,strict_alfred_real_time,expansion,expansion,expansion,official,0.215275,0.198189,0.625967,low,0,True,0,1,1,0.255725,low_evidence_ambiguous,low_separation_or_stale,0.24679,0.119601,0.49445,0.753183,0.258759,0.127216,1e-06,0.0,expansion,True,True,False,False,False,False,False,0.388752,0.716353,0.1
2023-11-03,strict_alfred_real_time,expansion,expansion,expansion,official,0.18254,0.073024,0.401289,low,0,True,0,2,1,0.250571,low_evidence_ambiguous,low_separation_or_stale,0.25,0.135811,0.409978,0.632739,0.340021,0.23145,1e-06,0.0,expansion,True,True,False,False,False,False,False,0.052305,0.62375,0.1
2023-11-10,strict_alfred_real_time,expansion,expansion,expansion,official,0.17145,0.02038,0.307457,low,0,True,0,2,1,0.259928,low_evidence_ambiguous,low_separation_or_stale,0.25,0.138751,0.384788,0.584353,0.365211,0.276896,1e-06,0.0,expansion,True,True,False,False,False,False,False,-0.209941,0.539132,0.1
2023-11-17,strict_alfred_real_time,slowdown,slowdown,slowdown,official,0.032476,-0.433533,0.807247,high,0,False,0,3,0,0.32049,semantically_supported,official_equals_raw_high_quality,0.172658,0.026985,0.184173,0.082884,0.643168,0.890131,1e-06,0.0,slowdown,True,True,False,False,False,False,False,-0.682669,0.388711,0.1
2023-11-24,strict_alfred_real_time,slowdown,slowdown,slowdown,official,0.027859,-0.473527,0.854929,high,0,False,0,3,0,0.32354,semantically_supported,official_equals_raw_high_quality,0.162699,0.018381,0.171965,0.063345,0.665335,0.918274,1e-06,0.0,slowdown,True,True,False,False,False,False,False,-0.882639,0.363554,0.1
2023-12-01,strict_alfred_real_time,slowdown,slowdown,slowdown,official,0.106359,-0.209376,0.51351,low,0,True,0,3,2,0.393935,low_evidence_ambiguous,low_separation_or_stale,0.238841,0.08632,0.256592,0.200085,0.504566,0.713594,1e-06,0.0,slowdown,True,True,False,False,False,False,False,-1.002602,0.31779,0.1
2023-12-08,strict_alfred_real_time,slowdown,slowdown,slowdown,official,0.09455,-0.268404,0.67629,low,0,True,0,3,2,0.388832,low_evidence_ambiguous,low_separation_or_stale,0.224726,0.052422,0.235826,0.135644,0.539447,0.811934,1e-06,0.0,slowdown,True,True,False,False,False,False,False,-1.064755,0.293054,0.1
2023-12-15,strict_alfred_real_time,slowdown,slowdown,slowdown,official,0.102614,-0.327885,0.795074,low,0,True,0,3,2,0.384432,low_evidence_ambiguous,low_separation_or_stale,0.203784,0.025846,0.217305,0.08954,0.578911,0.884614,1e-06,0.0,slowdown,True,True,False,False,False,False,False,-0.839613,0.361613,0.1
2023-12-22,strict_alfred_real_time,slowdown,slowdown,slowdown,official,0.092741,-0.131533,0.608019,low,0,True,0,2,1,0.377109,low_evidence_ambiguous,low_separation_or_stale,0.247835,0.048735,0.288091,0.171623,0.464073,0.779641,1e-06,0.0,slowdown,True,True,False,False,False,False,False,-0.679932,0.358608,0.1
2023-12-29,strict_alfred_real_time,slowdown,slowdown,slowdown,official,0.093486,-0.08997,0.545202,low,0,True,0,2,1,0.376494,low_evidence_ambiguous,low_separation_or_stale,0.248508,0.055071,0.306965,0.199863,0.444527,0.745065,1e-06,0.0,slowdown,True,True,False,False,False,False,False,-0.47091,0.362333,0.1
2024-01-05,strict_alfred_real_time,slowdown,slowdown,slowdown,official,0.094075,-0.009536,0.397136,low,0,True,0,2,1,0.363732,low_evidence_ambiguous,low_separation_or_stale,0.24984,0.06739,0.344355,0.267737,0.405804,0.664873,1e-06,0.0,slowdown,True,True,False,False,False,False,False,-0.242617,0.393029,0.1
2024-01-12,strict_alfred_real_time,slowdown,expansion,slowdown,official,0.099586,0.059948,0.261612,low,0,True,1,2,1,0.373008,neutral_band_retention,neutral_band,0.251006,0.077218,0.377086,0.330585,0.371906,0.592197,1e-06,0.0,expansion,True,False,False,False,False,True,False,0.052371,0.388775,0.1
2024-01-19,strict_alfred_real_time,expansion,expansion,expansion,official,0.096172,0.251057,0.396443,low,0,True,0,1,1,0.38711,low_evidence_ambiguous,low_separation_or_stale,0.258879,0.119079,0.473557,0.638682,0.267563,0.242239,1e-06,0.0,expansion,True,True,False,False,False,False,False,0.229871,0.446669,0.1
2024-01-26,strict_alfred_real_time,expansion,expansion,expansion,official,0.137447,0.303099,0.55196,low,0,True,0,1,2,0.419868,low_evidence_ambiguous,low_separation_or_stale,0.272454,0.141662,0.486823,0.705149,0.240722,0.153189,1e-06,0.0,expansion,True,True,False,False,False,False,False,0.353944,0.462969,0.1
2024-02-02,strict_alfred_real_time,expansion,expansion,expansion,official,0.136473,0.44026,0.675507,high,0,False,0,0,2,0.457261,semantically_supported,official_equals_raw_high_quality,0.281537,0.132588,0.552198,0.808095,0.166265,0.059317,1e-06,0.0,expansion,True,True,False,False,False,False,False,0.2317,0.383536,0.1
2024-02-09,strict_alfred_real_time,expansion,expansion,expansion,official,0.129159,0.3852,0.675511,low,0,True,0,0,2,0.480803,low_evidence_ambiguous,low_separation_or_stale,0.266579,0.128456,0.544599,0.803968,0.18882,0.067576,1e-06,0.0,expansion,True,True,False,False,False,False,False,-0.066536,0.315764,0.1
2024-02-16,strict_alfred_real_time,expansion,expansion,expansion,official,0.053304,0.169793,0.584988,low,0,True,0,1,1,0.429382,low_evidence_ambiguous,low_separation_or_stale,0.255248,0.131522,0.464863,0.726733,0.279888,0.141745,1e-06,0.0,expansion,True,True,False,False,False,False,False,-0.27831,0.216938,0.1
2024-02-23,strict_alfred_real_time,expansion,expansion,expansion,official,0.057812,0.175453,0.567086,low,0,True,0,1,1,0.426679,low_evidence_ambiguous,low_separation_or_stale,0.255201,0.132967,0.467422,0.71706,0.277377,0.149974,1e-06,0.0,expansion,True,True,False,False,False,False,False,-0.238478,0.235441,0.1
2024-03-01,strict_alfred_real_time,expansion,expansion,expansion,official,0.120976,0.168096,0.543347,low,0,True,0,0,2,0.485648,low_evidence_ambiguous,low_separation_or_stale,0.268293,0.149796,0.455974,0.696776,0.275732,0.153428,1e-06,0.0,expansion,True,True,False,False,False,False,False,-0.274992,0.253806,0.1
2024-03-08,strict_alfred_real_time,expansion,expansion,expansion,official,0.101885,0.058628,0.353835,low,0,True,0,0,2,0.468126,low_evidence_ambiguous,low_separation_or_stale,0.269262,0.160918,0.405855,0.596458,0.324882,0.242623,1e-06,0.0,expansion,True,True,False,False,False,False,False,-0.308909,0.237989,0.1
2024-03-15,strict_alfred_real_time,slowdown,slowdown,slowdown,official,0.080039,-0.08073,0.244832,low,0,True,0,1,1,0.428171,low_evidence_ambiguous,low_separation_or_stale,0.25,0.096684,0.336355,0.329242,0.413645,0.574074,1e-06,0.0,slowdown,True,True,False,False,False,False,False,-0.172148,0.351382,0.1
2024-03-22,strict_alfred_real_time,slowdown,slowdown,slowdown,official,0.070772,-0.135699,0.347047,low,0,True,0,1,1,0.438738,low_evidence_ambiguous,low_separation_or_stale,0.25,0.091156,0.310459,0.280898,0.439541,0.627945,1e-06,0.0,slowdown,True,True,False,False,False,False,False,-0.446992,0.30311,0.1
2024-03-29,strict_alfred_real_time,slowdown,slowdown,slowdown,official,-0.102551,-0.727188,0.940548,high,0,False,0,3,0,0.354487,semantically_supported,official_equals_raw_high_quality,0.120269,0.007181,0.105443,0.026135,0.774287,0.966683,1e-06,0.0,contraction,False,True,False,False,False,True,False,-0.268109,0.29728,0.1
2024-04-05,strict_alfred_real_time,slowdown,slowdown,slowdown,official,-0.105331,-0.674528,0.930209,high,0,False,0,3,0,0.358392,semantically_supported,official_equals_raw_high_quality,0.133935,0.008644,0.116778,0.030574,0.749286,0.960782,1e-06,0.0,contraction,False,True,False,False,False,True,False,-0.207334,0.259889,0.1
2024-04-12,strict_alfred_real_time,slowdown,slowdown,slowdown,official,-0.106321,-0.644963,0.924328,high,0,False,0,3,0,0.359009,semantically_supported,official_equals_raw_high_quality,0.141919,0.009461,0.123495,0.033105,0.734584,0.957433,1e-06,0.0,contraction,False,True,False,False,False,True,False,-0.06619,0.248447,0.1
2024-04-19,strict_alfred_real_time,slowdown,slowdown,slowdown,official,-0.036497,-0.163005,0.566141,low,0,True,0,2,1,0.338027,low_evidence_ambiguous,low_separation_or_stale,0.242354,0.053396,0.288703,0.190231,0.468942,0.756372,1e-06,0.0,contraction,False,True,False,False,False,True,False,-0.178697,0.235304,0.1
2024-04-26,strict_alfred_real_time,slowdown,slowdown,slowdown,official,0.011647,-0.057299,0.314584,low,0,True,0,2,1,0.364922,low_evidence_ambiguous,low_separation_or_stale,0.243172,0.076211,0.338031,0.304602,0.418797,0.619186,1e-06,0.0,slowdown,True,True,False,False,False,False,False,-0.203407,0.253637,0.1
2024-05-03,strict_alfred_real_time,slowdown,slowdown,slowdown,official,0.005668,-0.091275,0.40182,low,0,True,0,2,1,0.344724,low_evidence_ambiguous,low_separation_or_stale,0.242905,0.07152,0.321947,0.26333,0.435147,0.66515,1e-06,0.0,slowdown,True,True,False,False,False,False,False,-0.141525,0.284928,0.1
2024-05-10,strict_alfred_real_time,slowdown,slowdown,slowdown,official,-0.002566,-0.121733,0.421684,low,0,True,0,2,1,0.352899,low_evidence_ambiguous,low_separation_or_stale,0.242669,0.072336,0.307693,0.25299,0.449637,0.674674,1e-06,0.0,contraction,False,True,False,False,False,True,False,-0.227289,0.236766,0.1
2024-05-17,strict_alfred_real_time,slowdown,slowdown,slowdown,official,-0.027494,-0.144491,0.455658,low,0,True,0,2,0,0.33566,low_evidence_ambiguous,low_separation_or_stale,0.236686,0.064658,0.311807,0.239842,0.451506,0.6955,1e-06,0.0,contraction,False,True,False,False,False,True,False,-0.206217,0.205279,0.1
2024-05-24,strict_alfred_real_time,slowdown,slowdown,slowdown,official,-0.033523,-0.154864,0.462695,low,0,True,0,2,0,0.339558,low_evidence_ambiguous,low_separation_or_stale,0.236686,0.064696,0.306917,0.236304,0.456395,0.698999,1e-06,0.0,contraction,False,True,False,False,False,True,False,-0.258079,0.175132,0.1
2024-05-31,strict_alfred_real_time,slowdown,slowdown,slowdown,official,-0.141496,-0.152644,0.4139,low,0,True,0,2,0,0.310722,low_evidence_ambiguous,low_separation_or_stale,0.244452,0.07092,0.318066,0.25759,0.437481,0.67149,1e-06,0.0,contraction,False,True,False,False,False,True,False,-0.260089,0.137827,0.1
2024-06-07,strict_alfred_real_time,slowdown,slowdown,slowdown,official,-0.144268,-0.177668,0.466831,low,0,True,0,2,0,0.312135,low_evidence_ambiguous,low_separation_or_stale,0.244658,0.067676,0.306238,0.232747,0.449103,0.699577,1e-06,0.0,contraction,False,True,False,False,False,True,False,-0.252551,0.132276,0.1
2024-06-14,strict_alfred_real_time,slowdown,slowdown,slowdown,official,-0.152953,-0.201585,0.484188,low,0,True,0,2,0,0.316646,low_evidence_ambiguous,low_separation_or_stale,0.244853,0.067996,0.295072,0.223908,0.460074,0.708096,1e-06,0.0,contraction,False,True,False,False,False,True,False,-0.372134,0.074397,0.1
2024-06-21,strict_alfred_real_time,slowdown,slowdown,slowdown,official,-0.107584,-0.140832,0.347779,low,0,True,0,2,1,0.300883,low_evidence_ambiguous,low_separation_or_stale,0.25,0.086821,0.308069,0.2827,0.44193,0.630478,1e-06,0.0,contraction,False,True,False,False,False,True,False,-0.559142,0.008661,0.1
2024-06-28,strict_alfred_real_time,slowdown,slowdown,slowdown,official,-0.11519,-0.066594,0.13926,low,0,True,0,2,2,0.353574,low_evidence_ambiguous,low_separation_or_stale,0.262857,0.112681,0.337204,0.374029,0.399938,0.513289,1e-06,0.0,contraction,False,True,False,False,False,True,False,-0.735397,-0.034577,0.1
2024-07-05,strict_alfred_real_time,slowdown,slowdown,slowdown,official,-0.139482,-0.064943,0.205357,low,0,True,0,2,2,0.358407,low_evidence_ambiguous,low_separation_or_stale,0.262857,0.105063,0.337978,0.34479,0.399164,0.550147,1e-06,0.0,contraction,False,True,False,False,False,True,False,-0.720196,-0.074769,0.1
2024-07-12,strict_alfred_real_time,slowdown,slowdown,slowdown,official,-0.131739,-0.035943,0.169516,low,0,True,0,2,2,0.361446,low_evidence_ambiguous,low_separation_or_stale,0.262857,0.108991,0.351612,0.360746,0.38553,0.530262,1e-06,0.0,contraction,False,True,False,False,False,True,False,-0.575196,-0.042774,0.1
2024-07-19,strict_alfred_real_time,expansion,expansion,expansion,official,-0.030889,0.316719,0.693157,low,0,True,0,2,2,0.299806,low_evidence_ambiguous,low_separation_or_stale,0.245065,0.108934,0.544583,0.802091,0.210352,0.088975,1e-06,0.0,recovery,False,True,False,False,False,True,True,-0.566497,-0.066487,0.1
2024-07-26,strict_alfred_real_time,expansion,expansion,expansion,official,-0.018469,0.47915,0.681808,high,0,False,0,2,3,0.250661,semantically_supported,official_equals_raw_high_quality,0.292753,0.134733,0.563648,0.816541,0.143599,0.048727,1e-06,0.0,recovery,False,True,False,False,False,True,True,-0.503781,-0.077396,0.1
2024-08-02,strict_alfred_real_time,expansion,expansion,expansion,official,-0.041342,0.396981,0.597435,high,0,False,0,3,3,0.255378,semantically_supported,official_equals_raw_high_quality,0.308419,0.165209,0.507904,0.762645,0.183676,0.072146,1e-06,0.0,recovery,False,True,False,False,False,True,True,-0.566787,-0.103385,0.1
2024-08-09,strict_alfred_real_time,expansion,expansion,expansion,official,-0.045519,0.409959,0.574308,high,0,False,0,3,3,0.252689,semantically_supported,official_equals_raw_high_quality,0.319734,0.178354,0.503971,0.752662,0.176294,0.068984,1e-06,0.0,recovery,False,True,False,False,False,True,True,-0.499514,-0.131465,0.1
2024-08-16,strict_alfred_real_time,expansion,expansion,expansion,official,-0.145781,0.06176,0.048087,low,0,True,0,4,2,0.333953,low_evidence_ambiguous,low_separation_or_stale,0.263929,0.142506,0.371435,0.45279,0.364636,0.404704,1e-06,0.0,recovery,False,True,False,False,False,True,True,-0.259655,-0.09548,0.1
2024-08-23,strict_alfred_real_time,expansion,expansion,expansion,official,-0.145535,0.079867,0.076553,low,0,True,0,4,2,0.333753,low_evidence_ambiguous,low_separation_or_stale,0.264242,0.140366,0.379806,0.468093,0.355951,0.39154,1e-06,0.0,recovery,False,True,False,False,False,True,True,-0.156295,-0.095625,0.1
2024-08-30,strict_alfred_real_time,slowdown,slowdown,slowdown,official,-0.118078,0.013628,0.178713,low,0,True,0,4,1,0.343475,low_evidence_ambiguous,low_separation_or_stale,0.250228,0.104351,0.355251,0.358468,0.39452,0.537181,1e-06,0.0,recovery,False,False,False,False,False,True,False,0.044783,-0.055817,0.1
2024-09-06,strict_alfred_real_time,slowdown,slowdown,slowdown,official,-0.135458,-0.014094,0.244347,low,0,True,0,4,1,0.363384,low_evidence_ambiguous,low_separation_or_stale,0.249764,0.094495,0.342216,0.330579,0.408019,0.574926,1e-06,0.0,contraction,False,True,False,False,False,True,False,0.021745,-0.0334,0.1
2024-09-13,strict_alfred_real_time,slowdown,slowdown,slowdown,official,-0.136927,-0.008265,0.228969,low,0,True,0,4,1,0.362213,low_evidence_ambiguous,low_separation_or_stale,0.249861,0.094956,0.344952,0.338038,0.405185,0.567006,1e-06,0.0,contraction,False,True,False,False,False,True,False,0.065044,-0.040744,0.1
2024-09-20,strict_alfred_real_time,slowdown,slowdown,slowdown,official,-0.097053,-0.012799,0.235489,low,0,True,0,3,1,0.339066,low_evidence_ambiguous,low_separation_or_stale,0.256603,0.093179,0.352181,0.335666,0.391215,0.571155,1e-06,0.0,contraction,False,True,False,False,False,True,False,0.170511,-0.005769,0.1
2024-09-27,strict_alfred_real_time,slowdown,slowdown,slowdown,official,0.146405,-0.033626,0.400451,low,0,True,0,2,1,0.507133,low_evidence_ambiguous,low_separation_or_stale,0.249438,0.070745,0.333069,0.264402,0.417492,0.664853,1e-06,0.0,slowdown,True,True,False,False,False,False,False,0.318497,0.025074,0.1
2024-10-04,strict_alfred_real_time,slowdown,expansion,expansion,official,0.138772,0.125684,0.213118,low,2,True,1,1,1,0.486314,bounded_confirmation_lag,confirmation_in_flight,0.25,0.109114,0.434862,0.552002,0.315137,0.338884,1e-06,0.0,expansion,True,False,False,False,False,True,False,0.416188,0.033876,0.1
2024-10-11,strict_alfred_real_time,expansion,expansion,expansion,official,0.126191,0.078238,0.242251,low,0,True,0,1,1,0.487782,low_evidence_ambiguous,low_separation_or_stale,0.25,0.117635,0.41246,0.562308,0.33754,0.320057,1e-06,0.0,expansion,True,True,False,False,False,False,False,0.166266,-0.029344,0.1
2024-10-18,strict_alfred_real_time,slowdown,slowdown,slowdown,official,0.063908,-0.059906,0.123029,low,0,True,0,1,1,0.631202,low_evidence_ambiguous,low_separation_or_stale,0.25,0.104406,0.346277,0.386282,0.403722,0.509311,1e-06,0.0,slowdown,True,True,False,False,False,False,False,0.020519,-0.085903,0.1
2024-10-25,strict_alfred_real_time,slowdown,slowdown,slowdown,official,0.056321,-0.099224,0.185227,low,0,True,0,1,1,0.609751,low_evidence_ambiguous,low_separation_or_stale,0.25,0.104685,0.327587,0.355044,0.422412,0.540271,1e-06,0.0,slowdown,True,True,False,False,False,False,False,-0.176075,-0.123837,0.1
2024-11-01,strict_alfred_real_time,slowdown,slowdown,slowdown,official,-0.015703,-0.240038,0.671279,low,0,True,0,2,1,0.449777,low_evidence_ambiguous,low_separation_or_stale,0.246159,0.053347,0.241065,0.137687,0.512775,0.808966,1e-06,0.0,contraction,False,True,False,False,False,True,False,-0.202984,-0.116351,0.1
2024-11-08,strict_alfred_real_time,slowdown,slowdown,slowdown,official,-0.001443,-0.20129,0.661251,low,0,True,0,2,1,0.479265,low_evidence_ambiguous,low_separation_or_stale,0.246742,0.051363,0.257427,0.143693,0.495829,0.804944,1e-06,0.0,contraction,False,True,False,False,False,True,False,-0.011615,-0.045296,0.1
2024-11-15,strict_alfred_real_time,slowdown,slowdown,slowdown,official,-0.021427,-0.416587,0.859029,high,0,False,0,3,0,0.446257,semantically_supported,official_equals_raw_high_quality,0.186163,0.017971,0.178399,0.0615,0.635438,0.920529,1e-06,0.0,contraction,False,True,False,False,False,True,False,0.048125,0.008768,0.1
2024-11-22,strict_alfred_real_time,slowdown,slowdown,slowdown,official,-0.017036,-0.422323,0.859776,high,0,False,0,3,0,0.437967,semantically_supported,official_equals_raw_high_quality,0.183118,0.01769,0.17702,0.061267,0.639861,0.921043,1e-06,0.0,contraction,False,True,False,False,False,True,False,0.015531,0.030724,0.1
2024-11-29,strict_alfred_real_time,slowdown,slowdown,slowdown,official,-0.037255,-0.196194,0.645425,low,0,True,0,2,1,0.407997,low_evidence_ambiguous,low_separation_or_stale,0.24682,0.050905,0.259617,0.151835,0.493561,0.79726,1e-06,0.0,contraction,False,True,False,False,False,True,False,-0.030491,0.023583,0.1
2024-12-06,strict_alfred_real_time,slowdown,slowdown,slowdown,official,-0.034241,-0.142636,0.589044,low,0,True,0,2,1,0.420889,low_evidence_ambiguous,low_separation_or_stale,0.247658,0.055971,0.283118,0.177492,0.469223,0.766537,1e-06,0.0,contraction,False,True,False,False,False,True,False,0.125742,0.016087,0.1
2024-12-13,strict_alfred_real_time,slowdown,slowdown,slowdown,official,-0.045716,-0.144715,0.577633,low,0,True,0,2,1,0.412797,low_evidence_ambiguous,low_separation_or_stale,0.247625,0.057548,0.282191,0.182409,0.470184,0.760042,1e-06,0.0,contraction,False,True,False,False,False,True,False,0.117708,-0.041287,0.1
2024-12-20,strict_alfred_real_time,slowdown,slowdown,slowdown,official,-0.060158,0.023621,0.225807,low,0,True,0,2,2,0.391241,low_evidence_ambiguous,low_separation_or_stale,0.263266,0.095134,0.353779,0.339529,0.382954,0.565336,1e-06,0.0,recovery,False,False,False,False,False,True,False,0.197938,-0.045011,0.1
2024-12-27,strict_alfred_real_time,slowdown,slowdown,slowdown,official,-0.06229,0.015339,0.186502,low,0,True,0,2,2,0.388248,low_evidence_ambiguous,low_separation_or_stale,0.263123,0.102865,0.349947,0.355317,0.38693,0.541818,1e-06,0.0,recovery,False,False,False,False,False,True,False,0.157588,-0.055004,0.1
2025-01-03,strict_alfred_real_time,slowdown,slowdown,slowdown,official,-0.055196,-0.004277,0.181003,low,0,True,0,2,2,0.398389,low_evidence_ambiguous,low_separation_or_stale,0.262783,0.108192,0.340882,0.355402,0.396334,0.536405,1e-06,0.0,contraction,False,True,False,False,False,True,False,0.061316,-0.018671,0.1
2025-01-10,strict_alfred_real_time,expansion,expansion,expansion,official,-0.035501,0.144365,0.360417,low,0,True,0,1,2,0.386709,low_evidence_ambiguous,low_separation_or_stale,0.262857,0.135986,0.435968,0.612215,0.301174,0.251798,1e-06,0.0,recovery,False,True,False,False,False,True,True,0.184333,0.072067,0.1
2025-01-17,strict_alfred_real_time,expansion,expansion,expansion,official,0.132129,0.440924,0.665991,high,0,False,0,0,2,0.387634,semantically_supported,official_equals_raw_high_quality,0.285949,0.137592,0.549023,0.803583,0.165028,0.058825,1e-06,0.0,expansion,True,True,False,False,False,False,False,0.116451,0.069737,0.1
2025-01-24,strict_alfred_real_time,expansion,expansion,expansion,official,0.130286,0.437547,0.657529,high,0,False,0,0,2,0.390093,semantically_supported,official_equals_raw_high_quality,0.290038,0.14183,0.544785,0.799359,0.165177,0.058811,1e-06,0.0,expansion,True,True,False,False,False,False,False,0.111681,0.060665,0.1
2025-01-31,strict_alfred_real_time,expansion,expansion,expansion,official,0.133145,0.317798,0.669009,low,0,True,0,0,1,0.393823,low_evidence_ambiguous,low_separation_or_stale,0.254081,0.119527,0.528244,0.788536,0.217674,0.091936,1e-06,0.0,expansion,True,True,False,False,False,False,False,0.131942,0.059955,0.1
2025-02-07,strict_alfred_real_time,expansion,expansion,expansion,official,0.093138,0.336373,0.643668,low,0,True,0,0,1,0.352018,low_evidence_ambiguous,low_separation_or_stale,0.263803,0.130894,0.517577,0.774562,0.218618,0.094543,1e-06,0.0,expansion,True,True,False,False,False,False,False,0.165575,0.021407,0.1
2025-02-14,strict_alfred_real_time,expansion,expansion,expansion,official,0.07916,0.308364,0.675995,low,0,True,0,1,1,0.37171,low_evidence_ambiguous,low_separation_or_stale,0.236686,0.106821,0.525042,0.784587,0.238271,0.108592,1e-06,0.0,expansion,True,True,False,False,False,False,False,0.188549,0.026408,0.1
2025-02-21,strict_alfred_real_time,expansion,expansion,expansion,official,0.08196,0.321731,0.683547,low,0,True,0,1,1,0.369491,low_evidence_ambiguous,low_separation_or_stale,0.236686,0.105827,0.530618,0.789374,0.232695,0.104799,1e-06,0.0,expansion,True,True,False,False,False,False,False,0.255441,0.038964,0.1
2025-02-28,strict_alfred_real_time,expansion,expansion,expansion,official,0.096826,0.451891,0.676537,high,0,False,0,0,2,0.406956,semantically_supported,official_equals_raw_high_quality,0.287324,0.134667,0.551497,0.811204,0.161178,0.05413,1e-06,0.0,expansion,True,True,False,False,False,False,False,-0.059917,-0.036775,0.1
2025-03-07,strict_alfred_real_time,expansion,expansion,expansion,official,0.091818,0.308154,0.664059,low,0,True,0,1,2,0.41595,low_evidence_ambiguous,low_separation_or_stale,0.25,0.119969,0.515797,0.784029,0.234202,0.096002,1e-06,0.0,expansion,True,True,False,False,False,False,False,-0.294524,-0.040891,0.1
2025-03-14,strict_alfred_real_time,expansion,expansion,expansion,official,0.08767,0.292652,0.654246,low,0,True,0,1,2,0.410433,low_evidence_ambiguous,low_separation_or_stale,0.25,0.120152,0.509353,0.774398,0.240646,0.10545,1e-06,0.0,expansion,True,True,False,False,False,False,False,-0.372033,-0.061632,0.1
2025-03-21,strict_alfred_real_time,expansion,expansion,expansion,official,0.146438,0.035561,0.216023,low,0,True,0,2,2,0.503366,low_evidence_ambiguous,low_separation_or_stale,0.243909,0.130574,0.382519,0.542725,0.373571,0.326701,1e-06,0.0,expansion,True,True,False,False,False,False,False,-0.380177,-0.073365,0.1
2025-03-28,strict_alfred_real_time,slowdown,slowdown,slowdown,official,-0.006822,-0.347097,0.777983,low,0,True,0,3,1,0.365831,low_evidence_ambiguous,low_separation_or_stale,0.207413,0.029349,0.219966,0.096334,0.57262,0.874317,1e-06,0.0,contraction,False,True,False,False,False,True,False,-0.29488,-0.044771,0.1
2025-04-04,strict_alfred_real_time,slowdown,slowdown,slowdown,official,-0.007488,-0.275614,0.698255,low,0,True,0,2,1,0.368008,low_evidence_ambiguous,low_separation_or_stale,0.236686,0.040824,0.252235,0.130461,0.511078,0.828715,1e-06,0.0,contraction,False,True,False,False,False,True,False,-0.167137,-0.03814,0.1
2025-04-11,strict_alfred_real_time,slowdown,slowdown,slowdown,official,-0.007292,-0.27766,0.69049,low,0,True,0,2,1,0.368075,low_evidence_ambiguous,low_separation_or_stale,0.236686,0.04209,0.251351,0.13371,0.511962,0.8242,1e-06,0.0,contraction,False,True,False,False,False,True,False,-0.176619,-0.036492,0.1
2025-04-18,strict_alfred_real_time,slowdown,slowdown,slowdown,official,0.018606,-0.136634,0.476301,low,0,True,0,2,1,0.358018,low_evidence_ambiguous,low_separation_or_stale,0.236686,0.059797,0.315527,0.231951,0.447786,0.708252,1e-06,0.0,slowdown,True,True,False,False,False,False,False,-0.127101,-0.019267,0.1
2025-04-25,strict_alfred_real_time,slowdown,slowdown,slowdown,official,0.021748,-0.111257,0.458018,low,0,True,0,2,1,0.360675,low_evidence_ambiguous,low_separation_or_stale,0.236686,0.060055,0.327625,0.240963,0.435688,0.698981,1e-06,0.0,slowdown,True,True,False,False,False,False,False,0.08505,-0.01357,0.1
2025-05-02,strict_alfred_real_time,expansion,expansion,expansion,official,0.135973,0.352735,0.682508,low,0,True,0,0,2,0.453097,low_evidence_ambiguous,low_separation_or_stale,0.253829,0.114079,0.541965,0.796587,0.204205,0.089334,1e-06,0.0,expansion,True,True,False,False,False,False,False,-0.034042,-0.063529,0.1
2025-05-09,strict_alfred_real_time,expansion,expansion,expansion,official,0.133038,0.35549,0.686378,low,0,True,0,0,2,0.449101,low_evidence_ambiguous,low_separation_or_stale,0.253809,0.115076,0.543024,0.801454,0.203166,0.08347,1e-06,0.0,expansion,True,True,False,False,False,False,False,-0.020271,-0.077938,0.1
2025-05-16,strict_alfred_real_time,expansion,expansion,expansion,official,0.116206,0.359937,0.627046,low,0,True,0,1,2,0.428716,low_evidence_ambiguous,low_separation_or_stale,0.272899,0.139741,0.509365,0.766787,0.217735,0.093471,1e-06,0.0,expansion,True,True,False,False,False,False,False,-0.075562,-0.103788,0.1
2025-05-23,strict_alfred_real_time,expansion,expansion,expansion,official,0.11227,0.323467,0.613572,low,0,True,0,1,2,0.423713,low_evidence_ambiguous,low_separation_or_stale,0.272616,0.142387,0.495043,0.75596,0.23234,0.101653,1e-06,0.0,expansion,True,True,False,False,False,False,False,-0.238779,-0.123467,0.1
2025-05-30,strict_alfred_real_time,expansion,expansion,expansion,official,0.22423,0.592697,0.683549,high,0,False,0,1,2,0.38791,semantically_supported,official_equals_raw_high_quality,0.29357,0.136859,0.571798,0.820408,0.134631,0.042732,1e-06,0.0,expansion,True,True,False,False,False,False,False,-0.256265,-0.11923,0.1
2025-06-06,strict_alfred_real_time,expansion,expansion,expansion,official,0.204209,0.530267,0.65889,high,0,False,0,1,2,0.394248,semantically_supported,official_equals_raw_high_quality,0.296891,0.145137,0.550899,0.804027,0.152209,0.050836,1e-06,0.0,expansion,True,True,False,False,False,False,False,-0.360877,-0.15448,0.1
2025-06-13,strict_alfred_real_time,expansion,expansion,expansion,official,0.19352,0.481146,0.639176,high,0,False,0,1,2,0.382841,semantically_supported,official_equals_raw_high_quality,0.298968,0.151462,0.533773,0.790639,0.167257,0.057899,1e-06,0.0,expansion,True,True,False,False,False,False,False,-0.578863,-0.208199,0.1
2025-06-20,strict_alfred_real_time,expansion,expansion,expansion,official,0.07869,0.066767,0.383238,low,0,True,0,0,1,0.362141,low_evidence_ambiguous,low_separation_or_stale,0.263803,0.15608,0.399506,0.613579,0.33669,0.230341,1e-06,0.0,expansion,True,True,False,False,False,False,False,-0.736729,-0.253631,0.1
2025-06-27,strict_alfred_real_time,slowdown,slowdown,slowdown,official,-0.049965,-0.507051,0.879705,high,0,False,0,2,0,0.351291,semantically_supported,official_equals_raw_high_quality,0.174739,0.016891,0.158216,0.051702,0.667044,0.931407,1e-06,0.0,contraction,False,True,False,False,False,True,False,-0.614993,-0.260756,0.1
2025-07-04,strict_alfred_real_time,slowdown,slowdown,slowdown,official,-0.049229,-0.477592,0.873076,high,0,False,0,2,0,0.357119,semantically_supported,official_equals_raw_high_quality,0.183426,0.017053,0.166324,0.054935,0.650249,0.928012,1e-06,0.0,contraction,False,True,False,False,False,True,False,-0.516909,-0.24467,0.1
2025-07-11,strict_alfred_real_time,slowdown,slowdown,slowdown,official,-0.040326,-0.439569,0.868222,high,0,False,0,3,0,0.366621,semantically_supported,official_equals_raw_high_quality,0.184849,0.01726,0.170608,0.057259,0.644542,0.925481,1e-06,0.0,contraction,False,True,False,False,False,True,False,-0.313134,-0.200154,0.1
2025-07-18,strict_alfred_real_time,slowdown,slowdown,slowdown,official,0.031297,-0.381684,0.822482,low,0,True,0,2,0,0.412363,low_evidence_ambiguous,low_separation_or_stale,0.185251,0.018799,0.211929,0.079359,0.602819,0.901842,1e-06,0.0,slowdown,True,True,False,False,False,False,False,-0.121062,-0.156447,0.1
2025-07-25,strict_alfred_real_time,slowdown,slowdown,slowdown,official,0.039573,-0.3587,0.805592,low,0,True,0,2,0,0.422152,low_evidence_ambiguous,low_separation_or_stale,0.189327,0.020594,0.220185,0.086907,0.590487,0.892498,1e-06,0.0,slowdown,True,True,False,False,False,False,False,-0.006146,-0.11495,0.1
2025-08-01,strict_alfred_real_time,slowdown,slowdown,slowdown,official,-0.092577,-0.729467,0.941357,high,0,False,0,3,0,0.450466,semantically_supported,official_equals_raw_high_quality,0.117652,0.006916,0.105214,0.025863,0.777133,0.96722,1e-06,0.0,contraction,False,True,False,False,False,True,False,0.219362,-0.083544,0.1
2025-08-08,strict_alfred_real_time,slowdown,slowdown,slowdown,official,-0.092636,-0.695196,0.93513,high,0,False,0,3,0,0.450402,semantically_supported,official_equals_raw_high_quality,0.125888,0.007728,0.112567,0.028571,0.761545,0.963701,1e-06,0.0,contraction,False,True,False,False,False,True,False,0.390714,-0.08384,0.1
2025-08-15,strict_alfred_real_time,slowdown,slowdown,slowdown,official,-0.082302,-0.402087,0.825969,high,0,False,0,2,0,0.500452,semantically_supported,official_equals_raw_high_quality,0.215132,0.023808,0.19636,0.075111,0.588508,0.90108,1e-06,0.0,contraction,False,True,False,False,False,True,False,0.503466,-0.09072,0.1
2025-08-22,strict_alfred_real_time,slowdown,slowdown,slowdown,official,-0.089764,-0.421333,0.827864,high,0,False,0,2,0,0.490726,semantically_supported,official_equals_raw_high_quality,0.211379,0.024452,0.190094,0.073842,0.598526,0.901706,1e-06,0.0,contraction,False,True,False,False,False,True,False,0.407246,-0.128028,0.1
2025-08-29,strict_alfred_real_time,slowdown,slowdown,slowdown,official,-0.057009,-0.131234,0.426679,low,0,True,0,2,0,0.448014,low_evidence_ambiguous,low_separation_or_stale,0.236686,0.063197,0.31809,0.255062,0.445223,0.681741,1e-06,0.0,contraction,False,True,False,False,False,True,False,0.293107,-0.145849,0.1
2025-09-05,strict_alfred_real_time,slowdown,slowdown,slowdown,official,-0.073361,-0.143436,0.40778,low,0,True,0,2,0,0.464455,low_evidence_ambiguous,low_separation_or_stale,0.236686,0.068284,0.312306,0.261968,0.451007,0.669748,1e-06,0.0,contraction,False,True,False,False,False,True,False,0.13623,-0.155338,0.1
2025-09-12,strict_alfred_real_time,slowdown,slowdown,slowdown,official,-0.086657,-0.212826,0.485219,low,0,True,0,2,0,0.446914,low_evidence_ambiguous,low_separation_or_stale,0.236686,0.067123,0.280104,0.223829,0.483209,0.709048,1e-06,0.0,contraction,False,True,False,False,False,True,False,-0.210722,-0.221818,0.1
2025-09-19,strict_alfred_real_time,slowdown,slowdown,slowdown,official,-0.08459,-0.311448,0.7423,low,0,True,0,3,0,0.496706,low_evidence_ambiguous,low_separation_or_stale,0.232003,0.041405,0.216082,0.108148,0.551914,0.850447,1e-06,0.0,contraction,False,True,False,False,False,True,False,-0.289502,-0.203989,0.1
2025-09-26,strict_alfred_real_time,slowdown,slowdown,slowdown,official,-0.090389,-0.11468,0.453928,low,0,True,0,3,1,0.523835,low_evidence_ambiguous,low_separation_or_stale,0.248106,0.076096,0.295697,0.234988,0.456196,0.688916,1e-06,0.0,contraction,False,True,False,False,False,True,False,-0.313558,-0.181839,0.1
2025-10-03,strict_alfred_real_time,slowdown,slowdown,slowdown,official,-0.090389,-0.11468,0.453928,low,0,True,0,3,1,0.523835,low_evidence_ambiguous,low_separation_or_stale,0.248106,0.076096,0.295697,0.234988,0.456196,0.688916,1e-06,0.0,contraction,False,True,False,False,False,True,False,-0.313558,-0.181839,0.1
2025-10-10,strict_alfred_real_time,slowdown,slowdown,slowdown,preliminary,-0.090389,-0.11468,0.453928,low,0,True,0,3,1,0.523835,low_evidence_ambiguous,low_separation_or_stale,0.248106,0.076096,0.295697,0.234988,0.456196,0.688916,1e-06,0.0,contraction,False,True,False,False,False,True,False,-0.313558,-0.181839,0.1
2025-10-17,strict_alfred_real_time,slowdown,slowdown,slowdown,preliminary,-0.090389,-0.11468,0.453928,low,0,True,0,3,1,0.523835,low_evidence_ambiguous,low_separation_or_stale,0.248106,0.076096,0.295697,0.234988,0.456196,0.688916,1e-06,0.0,contraction,False,True,False,False,False,True,False,-0.313558,-0.181839,0.1
2025-10-24,strict_alfred_real_time,,slowdown,slowdown,withheld,-0.090389,-0.11468,0.453928,low,0,True,0,3,1,0.523835,withheld,withheld,0.248106,0.076096,0.295697,0.234988,0.456196,0.688916,1e-06,0.0,contraction,False,False,False,False,False,False,False,-0.313558,-0.181839,0.1
2025-10-31,strict_alfred_real_time,,slowdown,slowdown,withheld,-0.090389,-0.11468,0.453928,low,0,True,0,3,1,0.523835,withheld,withheld,0.248106,0.076096,0.295697,0.234988,0.456196,0.688916,1e-06,0.0,contraction,False,False,False,False,False,False,False,-0.313558,-0.181839,0.1
2025-11-07,strict_alfred_real_time,,slowdown,slowdown,withheld,-0.090389,-0.11468,0.453928,low,0,True,0,3,1,0.523835,withheld,withheld,0.248106,0.076096,0.295697,0.234988,0.456196,0.688916,1e-06,0.0,contraction,False,False,False,False,False,False,False,-0.313558,-0.181839,0.1
2025-11-14,strict_alfred_real_time,,slowdown,slowdown,withheld,-0.090389,-0.11468,0.453928,low,0,True,0,3,1,0.523835,withheld,withheld,0.248106,0.076096,0.295697,0.234988,0.456196,0.688916,1e-06,0.0,contraction,False,False,False,False,False,False,False,-0.313558,-0.181839,0.1
2025-11-21,strict_alfred_real_time,,slowdown,slowdown,withheld,-0.075687,-0.007194,0.323701,low,0,True,0,3,1,0.549413,withheld,withheld,0.249879,0.080716,0.345455,0.297791,0.404664,0.621492,1e-06,0.0,contraction,False,False,False,False,False,False,False,0.139814,-0.078708,0.1
2025-11-28,strict_alfred_real_time,,slowdown,slowdown,withheld,-0.088948,-0.107306,0.545675,low,0,True,0,3,0,0.570853,withheld,withheld,0.234977,0.054176,0.304316,0.200075,0.460706,0.745749,1e-06,0.0,contraction,False,False,False,False,False,False,False,0.139814,-0.078708,0.1
2025-12-05,strict_alfred_real_time,,slowdown,slowdown,withheld,-0.088665,-0.163226,0.668322,low,0,True,0,3,0,0.550376,withheld,withheld,0.226908,0.040571,0.270211,0.145553,0.502879,0.813875,1e-06,0.0,contraction,False,False,False,False,False,False,False,0.360373,-0.105487,0.1
2025-12-12,strict_alfred_real_time,,slowdown,slowdown,withheld,-0.088665,-0.163226,0.668322,low,0,True,0,3,0,0.550376,withheld,withheld,0.226908,0.040571,0.270211,0.145553,0.502879,0.813875,1e-06,0.0,contraction,False,False,False,False,False,False,False,0.360373,-0.105487,0.1
2025-12-19,strict_alfred_real_time,,slowdown,slowdown,withheld,-0.12898,-0.261207,0.74599,low,0,True,0,3,0,0.508649,withheld,withheld,0.224901,0.034581,0.228499,0.109714,0.5466,0.855704,1e-06,0.0,contraction,False,False,False,False,False,False,False,0.262491,-0.12389,0.1
2025-12-26,strict_alfred_real_time,slowdown,slowdown,slowdown,preliminary,-0.170149,-0.470658,0.86168,low,0,False,0,3,0,0.576818,low_evidence_ambiguous,low_separation_or_stale,0.213516,0.022877,0.163655,0.057722,0.622828,0.919401,1e-06,0.0,contraction,False,True,False,False,False,True,False,0.206527,-0.013415,0.1
2026-01-02,strict_alfred_real_time,slowdown,slowdown,slowdown,preliminary,-0.170149,-0.470658,0.86168,low,0,False,0,3,0,0.576818,low_evidence_ambiguous,low_separation_or_stale,0.213516,0.022877,0.163655,0.057722,0.622828,0.919401,1e-06,0.0,contraction,False,True,False,False,False,True,False,0.206527,-0.013415,0.1
2026-01-09,strict_alfred_real_time,slowdown,slowdown,slowdown,preliminary,-0.18301,-0.37073,0.834836,low,0,True,0,3,0,0.561759,low_evidence_ambiguous,low_separation_or_stale,0.219805,0.023187,0.197713,0.070988,0.582481,0.905824,1e-06,0.0,contraction,False,True,False,False,False,True,False,0.206527,-0.013415,0.1
2026-01-16,strict_alfred_real_time,,slowdown,slowdown,withheld,-0.226582,-0.231563,0.74981,low,0,True,0,3,0,0.475905,withheld,withheld,0.221491,0.029479,0.254207,0.110355,0.524301,0.860165,1e-06,0.0,contraction,False,False,False,False,False,False,False,0.206527,-0.013415,0.1
2026-01-23,strict_alfred_real_time,slowdown,expansion,expansion,preliminary,-0.096036,0.104365,0.101898,low,2,True,1,3,1,0.498163,bounded_confirmation_lag,confirmation_in_flight,0.231345,0.090027,0.422624,0.505935,0.346031,0.404037,1e-06,0.0,recovery,False,False,False,False,False,True,False,0.760756,0.141789,0.1
2026-01-30,strict_alfred_real_time,expansion,expansion,expansion,preliminary,-0.103911,0.030249,0.072537,low,0,True,0,3,1,0.504783,low_evidence_ambiguous,low_separation_or_stale,0.230779,0.095588,0.386545,0.488474,0.382675,0.415938,1e-06,0.0,recovery,False,True,False,False,False,True,True,0.390179,0.102415,0.1
2026-02-06,strict_alfred_real_time,expansion,slowdown,expansion,preliminary,-0.111111,0.003189,0.035139,low,0,True,1,3,1,0.510991,neutral_band_retention,neutral_band,0.230572,0.098075,0.373316,0.468532,0.396111,0.433393,1e-06,0.0,recovery,False,True,False,False,False,True,True,0.254879,0.066414,0.1
2026-02-13,strict_alfred_real_time,expansion,expansion,expansion,preliminary,-0.254349,0.129335,0.53358,low,0,True,0,1,1,0.430834,low_evidence_ambiguous,low_separation_or_stale,0.242074,0.120742,0.454433,0.706419,0.303493,0.172839,1e-06,0.0,recovery,False,True,False,False,False,True,True,0.047086,0.011329,0.1
2026-02-20,strict_alfred_real_time,expansion,expansion,expansion,preliminary,-0.212533,0.130065,0.450224,low,0,True,0,1,1,0.507393,low_evidence_ambiguous,low_separation_or_stale,0.236686,0.115695,0.444667,0.667265,0.318646,0.21704,1e-06,0.0,recovery,False,True,False,False,False,True,True,0.02961,0.015163,0.1
2026-02-27,strict_alfred_real_time,expansion,expansion,expansion,preliminary,-0.215131,0.119993,0.432149,low,0,True,0,1,1,0.509364,low_evidence_ambiguous,low_separation_or_stale,0.236686,0.116988,0.439867,0.65758,0.323446,0.225431,1e-06,0.0,recovery,False,True,False,False,False,True,True,-0.016437,0.002173,0.1
2026-03-06,strict_alfred_real_time,expansion,slowdown,slowdown,preliminary,-0.330402,-0.011162,0.000229,low,1,True,1,3,1,0.428019,bounded_confirmation_lag,confirmation_in_flight,0.230462,0.101098,0.366306,0.449336,0.403231,0.449566,1e-06,0.0,contraction,False,False,False,False,False,True,True,-0.052228,0.031848,0.1
2026-03-13,strict_alfred_real_time,expansion,expansion,expansion,official,-0.215232,0.04317,0.26464,low,0,True,0,2,1,0.398361,low_evidence_ambiguous,low_separation_or_stale,0.236686,0.117598,0.402742,0.573521,0.360571,0.308881,1e-06,0.0,recovery,False,True,False,False,False,True,True,-0.126219,0.059554,0.1
2026-03-20,strict_alfred_real_time,expansion,slowdown,expansion,official,-0.198262,-0.003342,0.148206,low,0,True,1,2,1,0.388827,neutral_band_retention,neutral_band,0.236686,0.116853,0.380023,0.515676,0.38329,0.36747,1e-06,0.0,contraction,False,False,False,False,False,True,True,-0.124018,0.070112,0.1
2026-03-27,strict_alfred_real_time,expansion,expansion,expansion,preliminary,-0.047085,0.005771,0.122738,low,0,True,0,2,1,0.385314,low_evidence_ambiguous,low_separation_or_stale,0.236686,0.113829,0.384478,0.504454,0.378835,0.381716,1e-06,0.0,recovery,False,True,False,False,False,True,True,-0.078454,0.073123,0.1
2026-04-03,strict_alfred_real_time,expansion,expansion,expansion,preliminary,-0.16676,0.14838,0.413787,low,0,True,0,1,2,0.39974,low_evidence_ambiguous,low_separation_or_stale,0.25,0.13084,0.445435,0.641473,0.304564,0.227686,1e-06,0.0,recovery,False,True,False,False,False,True,True,0.130508,0.100474,0.1
2026-04-10,strict_alfred_real_time,expansion,expansion,expansion,official,-0.232244,0.104,0.284636,low,0,True,0,1,2,0.481566,low_evidence_ambiguous,low_separation_or_stale,0.25,0.128907,0.424668,0.577864,0.325332,0.293228,1e-06,0.0,recovery,False,True,False,False,False,True,True,0.305992,0.09792,0.1
2026-04-17,strict_alfred_real_time,slowdown,slowdown,slowdown,official,-0.346026,-0.08107,0.241802,low,0,True,0,1,1,0.567136,low_evidence_ambiguous,low_separation_or_stale,0.25,0.100598,0.336193,0.3288,0.413806,0.570602,1e-06,0.0,contraction,False,True,False,False,False,True,False,0.312967,0.102507,0.1
2026-04-24,strict_alfred_real_time,slowdown,slowdown,slowdown,official,-0.306088,-0.09437,0.269024,low,0,True,0,1,1,0.592172,low_evidence_ambiguous,low_separation_or_stale,0.25,0.097128,0.329884,0.316924,0.420115,0.585948,1e-06,0.0,contraction,False,True,False,False,False,True,False,0.288107,0.092865,0.1
2026-05-01,strict_alfred_real_time,expansion,slowdown,expansion,official,-0.253879,-0.009564,0.018441,low,0,True,1,1,1,0.545258,neutral_band_retention,neutral_band,0.25,0.120176,0.370405,0.449133,0.379594,0.430691,1e-06,0.0,contraction,False,False,False,False,False,True,True,0.336495,0.130379,0.1
2026-05-08,strict_alfred_real_time,expansion,expansion,expansion,official,-0.238046,0.142749,0.410403,low,0,True,0,1,2,0.537201,low_evidence_ambiguous,low_separation_or_stale,0.262857,0.14375,0.435231,0.633327,0.301911,0.222923,1e-06,0.0,recovery,False,True,False,False,False,True,True,0.350269,0.169015,0.1
2026-05-15,strict_alfred_real_time,expansion,expansion,expansion,official,-0.139209,0.039257,0.210093,low,0,True,0,1,2,0.468015,low_evidence_ambiguous,low_separation_or_stale,0.262857,0.14727,0.387091,0.531411,0.350051,0.321319,1e-06,0.0,recovery,False,True,False,False,False,True,True,0.327453,0.16927,0.1
2026-05-22,strict_alfred_real_time,expansion,expansion,expansion,official,-0.134967,0.048444,0.210408,low,0,True,0,1,2,0.465301,low_evidence_ambiguous,low_separation_or_stale,0.262857,0.14658,0.391415,0.531913,0.345727,0.321506,1e-06,0.0,recovery,False,True,False,False,False,True,True,0.373388,0.183332,0.1
2026-05-29,strict_alfred_real_time,expansion,slowdown,expansion,official,-0.318779,-0.046644,0.035962,low,0,True,1,1,1,0.574485,neutral_band_retention,neutral_band,0.25,0.126054,0.352619,0.454954,0.397381,0.418992,1e-06,0.0,contraction,False,False,False,False,False,True,True,0.087869,0.126531,0.1
2026-06-05,strict_alfred_real_time,expansion,slowdown,expansion,official,-0.312811,-0.063529,0.028326,low,0,True,2,1,1,0.592828,neutral_band_retention,neutral_band,0.25,0.129367,0.344548,0.449479,0.405452,0.421153,1e-06,0.0,contraction,False,False,False,False,False,True,True,-0.094588,0.073572,0.1
2026-06-12,strict_alfred_real_time,expansion,slowdown,slowdown,official,-0.319859,-0.090706,0.066555,low,1,True,3,1,1,0.597923,bounded_confirmation_lag,confirmation_in_flight,0.25,0.124637,0.33162,0.404404,0.418379,0.470959,1e-06,0.0,contraction,False,False,False,False,False,True,True,-0.230471,0.035324,0.1
2026-06-19,strict_alfred_real_time,expansion,slowdown,slowdown,official,-0.302207,-0.052778,0.031292,low,1,True,4,2,2,0.584224,bounded_confirmation_lag,confirmation_in_flight,0.243207,0.1199,0.340183,0.424404,0.416609,0.455696,1e-06,0.0,contraction,False,False,False,False,False,True,True,-0.341084,-0.005664,0.1
2026-06-26,strict_alfred_real_time,expansion,slowdown,slowdown,official,-0.328734,-0.082976,0.12963,low,2,True,5,2,2,0.566635,bounded_confirmation_lag,confirmation_in_flight,0.24297,0.112304,0.325859,0.379033,0.43117,0.508663,1e-06,0.0,contraction,False,False,False,False,False,True,True,-0.516651,-0.020321,0.1
2026-07-03,strict_alfred_real_time,slowdown,slowdown,slowdown,official,-0.335856,-0.198305,0.485192,low,0,True,0,2,1,0.561674,low_evidence_ambiguous,low_separation_or_stale,0.22907,0.070739,0.277506,0.222034,0.493423,0.707226,1e-06,0.0,contraction,False,True,False,False,False,True,False,-0.634227,-0.012132,0.1
2026-07-10,strict_alfred_real_time,slowdown,slowdown,slowdown,official,-0.332001,-0.180948,0.527369,low,0,True,0,2,1,0.562363,low_evidence_ambiguous,low_separation_or_stale,0.229194,0.062486,0.285407,0.205073,0.485398,0.732441,1e-06,0.0,contraction,False,True,False,False,False,True,False,-0.553328,0.007145,0.1
2026-07-17,strict_alfred_real_time,slowdown,slowdown,slowdown,official,-0.30137,-0.258984,0.67975,low,0,True,0,2,0,0.582147,low_evidence_ambiguous,low_separation_or_stale,0.228649,0.045582,0.250671,0.137334,0.520679,0.817083,1e-06,0.0,contraction,False,True,False,False,False,True,False,-0.499207,0.038173,0.1
2026-07-24,strict_alfred_real_time,slowdown,slowdown,slowdown,official,-0.289692,-0.184976,0.640148,low,0,True,0,2,0,0.573641,low_evidence_ambiguous,low_separation_or_stale,0.229165,0.044261,0.283565,0.157795,0.487269,0.797943,1e-06,0.0,contraction,False,True,False,False,False,True,False,-0.129168,0.095693,0.1
2026-07-31,strict_alfred_real_time,expansion,expansion,expansion,official,-0.20328,0.294094,0.594008,low,0,True,0,1,1,0.519305,low_evidence_ambiguous,low_separation_or_stale,0.254258,0.122138,0.518642,0.735935,0.227099,0.141927,1e-06,0.0,recovery,False,True,False,False,False,True,True,0.227488,0.139286,0.1
2026-08-07,strict_alfred_real_time,expansion,expansion,expansion,official,-0.211809,0.245992,0.465594,low,0,True,0,2,1,0.502529,low_evidence_ambiguous,low_separation_or_stale,0.25,0.117896,0.489412,0.673849,0.260588,0.208255,1e-06,0.0,recovery,False,True,False,False,False,True,True,0.503848,0.175461,0.1
2026-08-14,strict_alfred_real_time,expansion,expansion,expansion,official,-0.247821,0.274323,0.557125,low,0,True,0,2,1,0.525839,low_evidence_ambiguous,low_separation_or_stale,0.25,0.118965,0.501614,0.71908,0.248385,0.161955,1e-06,0.0,recovery,False,True,False,False,False,True,True,0.648847,0.175007,0.1
