sample,horizon_weeks,phase,industry,observations,sufficient,mean,median,sd,p10,p90,share_positive
revised_long,4,recovery,NoDur,151,True,-0.000648,0.000516,0.025485,-0.03378,0.029225,0.5099
revised_long,4,recovery,Durbl,151,True,0.022667,0.010149,0.069971,-0.038815,0.08873,0.6026
revised_long,4,recovery,Manuf,151,True,0.005728,0.005826,0.026103,-0.024907,0.036462,0.6093
revised_long,4,recovery,Enrgy,151,True,0.001383,-0.006267,0.068732,-0.066702,0.058859,0.4238
revised_long,4,recovery,Chems,151,True,0.000634,-0.000134,0.028028,-0.031865,0.03587,0.4901
revised_long,4,recovery,BusEq,151,True,0.00114,0.00132,0.031365,-0.037364,0.032784,0.5364
revised_long,4,recovery,Telcm,151,True,0.001782,0.002165,0.034902,-0.038445,0.043357,0.5298
revised_long,4,recovery,Utils,151,True,-0.006817,-0.004817,0.036058,-0.057833,0.039289,0.4106
revised_long,4,recovery,Shops,151,True,-0.003063,-0.00011,0.025273,-0.038773,0.027644,0.4967
revised_long,4,recovery,Hlth,151,True,-0.005141,-0.009236,0.0307,-0.040312,0.032081,0.3907
revised_long,4,recovery,Money,151,True,0.002939,-0.003745,0.029018,-0.026293,0.03155,0.4371
revised_long,4,recovery,Other,151,True,0.003398,0.003234,0.018742,-0.021078,0.024487,0.5563
revised_long,4,expansion,NoDur,680,True,-0.000511,4.6e-05,0.031059,-0.035082,0.032786,0.5015
revised_long,4,expansion,Durbl,680,True,-0.0089,-0.008049,0.048237,-0.060755,0.042132,0.4088
revised_long,4,expansion,Manuf,680,True,0.002632,0.001757,0.023972,-0.024039,0.027968,0.5485
revised_long,4,expansion,Enrgy,680,True,0.001222,-0.00321,0.05253,-0.058057,0.060357,0.4662
revised_long,4,expansion,Chems,680,True,-0.002781,-0.000967,0.03029,-0.03165,0.025237,0.4824
revised_long,4,expansion,BusEq,680,True,0.003934,0.001907,0.031466,-0.032041,0.040808,0.5397
revised_long,4,expansion,Telcm,680,True,-0.003241,-0.002633,0.0294,-0.037723,0.031127,0.4529
revised_long,4,expansion,Utils,680,True,-0.000689,-0.001242,0.039816,-0.045715,0.046388,0.4838
revised_long,4,expansion,Shops,680,True,-0.001564,-0.000371,0.024037,-0.030445,0.025439,0.4882
revised_long,4,expansion,Hlth,680,True,0.001286,0.000616,0.030074,-0.031883,0.035211,0.5118
revised_long,4,expansion,Money,680,True,-0.00051,-0.000573,0.026652,-0.029347,0.029015,0.4941
revised_long,4,expansion,Other,680,True,-0.002198,-0.002196,0.017676,-0.022781,0.018431,0.425
revised_long,4,slowdown,NoDur,672,True,-0.003313,-0.005189,0.034127,-0.040632,0.035605,0.433
revised_long,4,slowdown,Durbl,672,True,0.004908,-0.00231,0.066771,-0.054735,0.06606,0.4643
revised_long,4,slowdown,Manuf,672,True,0.000436,9.4e-05,0.023805,-0.028846,0.026196,0.5015
revised_long,4,slowdown,Enrgy,672,True,0.000326,-0.003819,0.053361,-0.061889,0.067307,0.4628
revised_long,4,slowdown,Chems,672,True,-0.001977,-0.004171,0.034499,-0.036842,0.032486,0.4524
revised_long,4,slowdown,BusEq,672,True,0.003223,0.002977,0.035009,-0.034712,0.042925,0.5491
revised_long,4,slowdown,Telcm,672,True,-0.003915,-0.00411,0.033663,-0.043955,0.033942,0.4568
revised_long,4,slowdown,Utils,672,True,-0.000498,-0.002307,0.045183,-0.051105,0.054931,0.4807
revised_long,4,slowdown,Shops,672,True,0.000684,-0.000934,0.0255,-0.025792,0.028943,0.4836
revised_long,4,slowdown,Hlth,672,True,-0.000472,-0.00171,0.033966,-0.038922,0.040107,0.4673
revised_long,4,slowdown,Money,672,True,0.001803,0.001633,0.029038,-0.031619,0.032788,0.5208
revised_long,4,slowdown,Other,672,True,-0.003098,-0.002533,0.017517,-0.023872,0.016286,0.4301
revised_long,4,contraction,NoDur,162,True,0.003818,0.006174,0.038912,-0.049117,0.051636,0.5556
revised_long,4,contraction,Durbl,162,True,0.01345,0.002795,0.077283,-0.070963,0.102261,0.5247
revised_long,4,contraction,Manuf,162,True,-0.001306,-0.002376,0.038145,-0.054775,0.047213,0.4568
revised_long,4,contraction,Enrgy,162,True,-0.00488,0.0002,0.065584,-0.091147,0.07256,0.5
revised_long,4,contraction,Chems,162,True,0.001756,0.000595,0.032371,-0.035959,0.041825,0.5123
revised_long,4,contraction,BusEq,162,True,0.00332,0.01286,0.046855,-0.052371,0.050228,0.6049
revised_long,4,contraction,Telcm,162,True,-0.007214,-0.008981,0.033691,-0.043606,0.041301,0.4012
revised_long,4,contraction,Utils,162,True,0.000985,0.000672,0.051504,-0.07073,0.063467,0.5
revised_long,4,contraction,Shops,162,True,0.010939,0.008054,0.027217,-0.019749,0.048407,0.6543
revised_long,4,contraction,Hlth,162,True,0.004475,0.003499,0.043731,-0.043892,0.05778,0.537
revised_long,4,contraction,Money,162,True,-0.006821,-0.007892,0.052588,-0.072712,0.047149,0.4074
revised_long,4,contraction,Other,162,True,-0.003425,-0.004092,0.02759,-0.040077,0.030924,0.4568
revised_long,13,recovery,NoDur,151,True,-0.002151,-0.003379,0.038847,-0.047806,0.056421,0.4437
revised_long,13,recovery,Durbl,151,True,0.065847,0.052083,0.143134,-0.074911,0.22599,0.6755
revised_long,13,recovery,Manuf,151,True,0.022395,0.021243,0.036239,-0.017638,0.06974,0.7748
revised_long,13,recovery,Enrgy,151,True,0.020772,0.011243,0.111122,-0.063311,0.171229,0.5497
revised_long,13,recovery,Chems,151,True,-0.000349,0.002168,0.042868,-0.052234,0.050167,0.5298
revised_long,13,recovery,BusEq,151,True,0.005024,0.000899,0.043964,-0.042432,0.058545,0.5166
revised_long,13,recovery,Telcm,151,True,0.010265,0.007667,0.058128,-0.056464,0.065739,0.5364
revised_long,13,recovery,Utils,151,True,-0.019389,-0.014938,0.056046,-0.095174,0.049162,0.4106
revised_long,13,recovery,Shops,151,True,-0.014443,-0.003632,0.042855,-0.080124,0.033659,0.4636
revised_long,13,recovery,Hlth,151,True,-0.017169,-0.015251,0.044265,-0.070392,0.026872,0.3311
revised_long,13,recovery,Money,151,True,0.007645,0.00415,0.048651,-0.052663,0.063264,0.5166
revised_long,13,recovery,Other,151,True,0.008997,0.005403,0.029951,-0.028312,0.050158,0.6093
revised_long,13,expansion,NoDur,671,True,-0.005208,-0.006227,0.055297,-0.071211,0.062894,0.4531
revised_long,13,expansion,Durbl,671,True,-0.02168,-0.023135,0.086615,-0.11204,0.073335,0.3562
revised_long,13,expansion,Manuf,671,True,0.003628,0.004083,0.040904,-0.050299,0.050281,0.538
revised_long,13,expansion,Enrgy,671,True,-0.00012,-0.004332,0.099591,-0.106478,0.108373,0.4724
revised_long,13,expansion,Chems,671,True,-0.012159,-0.007698,0.052992,-0.06954,0.041316,0.4218
revised_long,13,expansion,BusEq,671,True,0.009985,0.00764,0.061196,-0.059312,0.076801,0.5753
revised_long,13,expansion,Telcm,671,True,-0.005859,-0.008772,0.06212,-0.076297,0.067392,0.4322
revised_long,13,expansion,Utils,671,True,0.000111,0.000958,0.070082,-0.082306,0.088207,0.5097
revised_long,13,expansion,Shops,671,True,-0.003019,-0.004186,0.03869,-0.04834,0.046388,0.4456
revised_long,13,expansion,Hlth,671,True,0.005902,0.008094,0.052303,-0.063222,0.067588,0.5768
revised_long,13,expansion,Money,671,True,0.00196,-0.0003,0.044699,-0.050112,0.050526,0.4993
revised_long,13,expansion,Other,671,True,-0.00703,-0.005321,0.031093,-0.048823,0.02869,0.4024
revised_long,13,slowdown,NoDur,672,True,-0.007889,-0.010991,0.068559,-0.088476,0.074661,0.3988
revised_long,13,slowdown,Durbl,672,True,0.008708,-0.010863,0.110993,-0.093292,0.140325,0.436
revised_long,13,slowdown,Manuf,672,True,0.003652,0.002238,0.044224,-0.045867,0.051391,0.5253
revised_long,13,slowdown,Enrgy,672,True,0.00626,-0.005651,0.096824,-0.103639,0.1332,0.4792
revised_long,13,slowdown,Chems,672,True,-0.004231,-0.005955,0.059755,-0.071067,0.068518,0.4554
revised_long,13,slowdown,BusEq,672,True,0.012667,0.015412,0.067107,-0.059908,0.083515,0.622
revised_long,13,slowdown,Telcm,672,True,-0.016242,-0.012346,0.05642,-0.089878,0.052501,0.3973
revised_long,13,slowdown,Utils,672,True,-0.0012,-0.008976,0.081061,-0.086268,0.108923,0.442
revised_long,13,slowdown,Shops,672,True,0.001316,-0.001707,0.045764,-0.05223,0.056823,0.4821
revised_long,13,slowdown,Hlth,672,True,-0.004588,-0.002889,0.055627,-0.07415,0.054775,0.4836
revised_long,13,slowdown,Money,672,True,0.001421,0.00175,0.054783,-0.064729,0.059139,0.5164
revised_long,13,slowdown,Other,672,True,-0.009376,-0.008119,0.03145,-0.050863,0.027528,0.3929
revised_long,13,contraction,NoDur,162,True,0.013136,0.009717,0.06407,-0.061309,0.094867,0.5617
revised_long,13,contraction,Durbl,162,True,0.051854,0.024222,0.173146,-0.127442,0.302616,0.5617
revised_long,13,contraction,Manuf,162,True,-0.002315,-0.006905,0.067783,-0.097587,0.082734,0.463
revised_long,13,contraction,Enrgy,162,True,-0.035624,-0.046366,0.11494,-0.186047,0.112008,0.3642
revised_long,13,contraction,Chems,162,True,0.009289,0.009194,0.05069,-0.04968,0.073465,0.5741
revised_long,13,contraction,BusEq,162,True,0.01517,0.032528,0.077155,-0.099112,0.098282,0.6358
revised_long,13,contraction,Telcm,162,True,-0.026358,-0.022479,0.051714,-0.091245,0.034296,0.3148
revised_long,13,contraction,Utils,162,True,-0.011015,-0.008416,0.083421,-0.125756,0.096459,0.4568
revised_long,13,contraction,Shops,162,True,0.035406,0.042262,0.044122,-0.014073,0.085468,0.8148
revised_long,13,contraction,Hlth,162,True,0.013315,0.009891,0.081902,-0.091268,0.115198,0.5247
revised_long,13,contraction,Money,162,True,-0.021183,-0.006002,0.088633,-0.129514,0.062221,0.4691
revised_long,13,contraction,Other,162,True,-0.012423,-0.019309,0.047583,-0.071252,0.052196,0.3704
revised_long,26,recovery,NoDur,151,True,-0.01138,-0.011542,0.05091,-0.076128,0.052933,0.4172
revised_long,26,recovery,Durbl,151,True,0.127,0.087773,0.231661,-0.097276,0.300264,0.755
revised_long,26,recovery,Manuf,151,True,0.043664,0.050024,0.048636,-0.024022,0.108655,0.8675
revised_long,26,recovery,Enrgy,151,True,0.069719,0.029873,0.161952,-0.080434,0.284386,0.5828
revised_long,26,recovery,Chems,151,True,-0.002034,0.004054,0.055527,-0.086873,0.05879,0.5364
revised_long,26,recovery,BusEq,151,True,0.00637,0.00612,0.05085,-0.050978,0.073344,0.5629
revised_long,26,recovery,Telcm,151,True,0.001691,-0.003939,0.061682,-0.070983,0.093903,0.4636
revised_long,26,recovery,Utils,151,True,-0.028467,-0.02966,0.06822,-0.12317,0.065273,0.3642
revised_long,26,recovery,Shops,151,True,-0.028098,-0.019132,0.045582,-0.098309,0.02664,0.298
revised_long,26,recovery,Hlth,151,True,-0.032428,-0.036938,0.04675,-0.091311,0.02477,0.2318
revised_long,26,recovery,Money,151,True,0.010344,0.0022,0.071756,-0.072761,0.116714,0.5364
revised_long,26,recovery,Other,151,True,0.015832,0.02052,0.036444,-0.033637,0.06087,0.7417
revised_long,26,expansion,NoDur,667,True,-0.010786,-0.006821,0.07817,-0.101863,0.077653,0.4483
revised_long,26,expansion,Durbl,667,True,-0.032998,-0.041465,0.113516,-0.14588,0.097927,0.3523
revised_long,26,expansion,Manuf,667,True,0.001098,0.002797,0.057636,-0.074211,0.065939,0.5187
revised_long,26,expansion,Enrgy,667,True,0.010345,-0.00859,0.158052,-0.149774,0.178094,0.4723
revised_long,26,expansion,Chems,667,True,-0.015864,-0.008795,0.066421,-0.090199,0.052271,0.3958
revised_long,26,expansion,BusEq,667,True,0.025225,0.020696,0.083208,-0.069499,0.119659,0.6237
revised_long,26,expansion,Telcm,667,True,-0.015295,-0.023164,0.09056,-0.123678,0.106058,0.4033
revised_long,26,expansion,Utils,667,True,0.004308,0.002801,0.10152,-0.117656,0.125774,0.5082
revised_long,26,expansion,Shops,667,True,-0.003139,-0.005148,0.058012,-0.075487,0.072324,0.4723
revised_long,26,expansion,Hlth,667,True,0.013829,0.020795,0.071334,-0.079408,0.093866,0.5907
revised_long,26,expansion,Money,667,True,0.003996,0.00498,0.068127,-0.08872,0.078355,0.5487
revised_long,26,expansion,Other,667,True,-0.016944,-0.014419,0.041122,-0.066329,0.032029,0.3253
revised_long,26,slowdown,NoDur,663,True,-0.016449,-0.014298,0.100015,-0.135071,0.088206,0.4434
revised_long,26,slowdown,Durbl,663,True,0.001262,-0.023146,0.158004,-0.153779,0.192549,0.4118
revised_long,26,slowdown,Manuf,663,True,0.009391,0.008177,0.06954,-0.071074,0.097762,0.54
revised_long,26,slowdown,Enrgy,663,True,-0.006816,-0.008315,0.132958,-0.167872,0.178512,0.451
revised_long,26,slowdown,Chems,663,True,-0.019014,-0.013721,0.089857,-0.1162,0.074349,0.4148
revised_long,26,slowdown,BusEq,663,True,0.023349,0.022352,0.109982,-0.082927,0.134307,0.6516
revised_long,26,slowdown,Telcm,663,True,-0.018084,-0.015521,0.083374,-0.125886,0.075708,0.4012
revised_long,26,slowdown,Utils,663,True,-0.004691,-0.007792,0.116091,-0.130651,0.139342,0.4615
revised_long,26,slowdown,Shops,663,True,0.002171,0.000214,0.065301,-0.073325,0.07822,0.5023
revised_long,26,slowdown,Hlth,663,True,-0.00632,-0.010351,0.07301,-0.095478,0.085218,0.4449
revised_long,26,slowdown,Money,663,True,0.000952,0.004139,0.089934,-0.113536,0.089709,0.5158
revised_long,26,slowdown,Other,663,True,-0.015716,-0.013125,0.048404,-0.082087,0.037619,0.3695
revised_long,26,contraction,NoDur,162,True,0.032423,0.033491,0.09081,-0.083784,0.135085,0.6235
revised_long,26,contraction,Durbl,162,True,0.155571,0.128324,0.318943,-0.1748,0.646929,0.6481
revised_long,26,contraction,Manuf,162,True,0.017214,0.021036,0.101349,-0.116816,0.173726,0.5741
revised_long,26,contraction,Enrgy,162,True,-0.070373,-0.047969,0.13587,-0.29733,0.07332,0.3333
revised_long,26,contraction,Chems,162,True,0.028765,0.014826,0.072205,-0.054656,0.116799,0.6173
revised_long,26,contraction,BusEq,162,True,0.019861,0.038457,0.106029,-0.150003,0.141497,0.6049
revised_long,26,contraction,Telcm,162,True,-0.062944,-0.063974,0.071803,-0.159314,0.038259,0.179
revised_long,26,contraction,Utils,162,True,-0.037575,-0.023526,0.091315,-0.170928,0.069789,0.3395
revised_long,26,contraction,Shops,162,True,0.059965,0.070553,0.06117,-0.008926,0.121833,0.8765
revised_long,26,contraction,Hlth,162,True,0.004365,0.017334,0.112356,-0.128494,0.15702,0.5123
revised_long,26,contraction,Money,162,True,-0.018932,-0.008101,0.115541,-0.170711,0.093846,0.463
revised_long,26,contraction,Other,162,True,-0.01995,-0.030597,0.053891,-0.078901,0.062748,0.3395
revised_overlap,4,recovery,NoDur,38,True,-0.007004,-0.006754,0.024335,-0.037299,0.021317,0.3684
revised_overlap,4,recovery,Durbl,38,True,0.054862,0.033919,0.112743,-0.071949,0.216586,0.6316
revised_overlap,4,recovery,Manuf,38,True,0.013095,0.008416,0.027461,-0.02048,0.052375,0.6053
revised_overlap,4,recovery,Enrgy,38,True,0.014612,-0.009711,0.124414,-0.115026,0.211051,0.4474
revised_overlap,4,recovery,Chems,38,True,-0.007193,-0.006413,0.029233,-0.042931,0.032311,0.3947
revised_overlap,4,recovery,BusEq,38,True,0.000445,0.005413,0.026017,-0.032547,0.036538,0.5526
revised_overlap,4,recovery,Telcm,38,True,-0.005412,-0.00706,0.039272,-0.054811,0.046489,0.4211
revised_overlap,4,recovery,Utils,38,True,-0.016219,-0.009872,0.042987,-0.073596,0.034386,0.3947
revised_overlap,4,recovery,Shops,38,True,-0.007929,-0.005769,0.02452,-0.039732,0.024136,0.4211
revised_overlap,4,recovery,Hlth,38,True,-0.015715,-0.018221,0.024495,-0.042128,0.016622,0.2895
revised_overlap,4,recovery,Money,38,True,0.010925,-0.002929,0.040826,-0.027043,0.073953,0.4737
revised_overlap,4,recovery,Other,38,True,0.010496,0.012677,0.019443,-0.010518,0.034589,0.6316
revised_overlap,4,expansion,NoDur,263,True,-0.000615,-0.002917,0.033283,-0.035739,0.034954,0.4639
revised_overlap,4,expansion,Durbl,263,True,-0.017101,-0.010943,0.056767,-0.091344,0.03968,0.365
revised_overlap,4,expansion,Manuf,263,True,0.00249,0.000723,0.025548,-0.024203,0.024687,0.5285
revised_overlap,4,expansion,Enrgy,263,True,-0.005102,-0.012412,0.064372,-0.07162,0.073089,0.3954
revised_overlap,4,expansion,Chems,263,True,-0.003647,-0.003042,0.027651,-0.03503,0.028524,0.4411
revised_overlap,4,expansion,BusEq,263,True,0.005109,0.004284,0.023978,-0.024434,0.030562,0.6046
revised_overlap,4,expansion,Telcm,263,True,-0.004995,-0.006029,0.033745,-0.040038,0.034159,0.403
revised_overlap,4,expansion,Utils,263,True,-0.003655,-0.004067,0.039982,-0.049714,0.045612,0.4487
revised_overlap,4,expansion,Shops,263,True,-0.002066,-0.001042,0.021851,-0.029418,0.025153,0.4563
revised_overlap,4,expansion,Hlth,263,True,0.002522,0.003742,0.029848,-0.031012,0.036636,0.5665
revised_overlap,4,expansion,Money,263,True,0.002146,0.00312,0.028562,-0.029312,0.03579,0.5399
revised_overlap,4,expansion,Other,263,True,-0.003132,-0.002571,0.019172,-0.025836,0.01938,0.384
revised_overlap,4,slowdown,NoDur,349,True,-0.006967,-0.009933,0.032461,-0.043895,0.031173,0.3926
revised_overlap,4,slowdown,Durbl,349,True,0.011932,-0.00101,0.084223,-0.062013,0.111713,0.4842
revised_overlap,4,slowdown,Manuf,349,True,-0.000248,-0.000175,0.024114,-0.031064,0.026288,0.4986
revised_overlap,4,slowdown,Enrgy,349,True,-0.001514,-0.008937,0.059542,-0.066875,0.076655,0.4327
revised_overlap,4,slowdown,Chems,349,True,-0.005954,-0.007108,0.028683,-0.039126,0.02609,0.384
revised_overlap,4,slowdown,BusEq,349,True,0.004598,0.003408,0.021295,-0.020279,0.032469,0.5845
revised_overlap,4,slowdown,Telcm,349,True,-0.006654,-0.004777,0.033127,-0.047949,0.0308,0.4327
revised_overlap,4,slowdown,Utils,349,True,0.000115,0.000664,0.041362,-0.04869,0.050536,0.5072
revised_overlap,4,slowdown,Shops,349,True,0.000812,0.00057,0.018459,-0.02147,0.023622,0.5129
revised_overlap,4,slowdown,Hlth,349,True,-0.003874,-0.003489,0.032239,-0.04368,0.03611,0.4441
revised_overlap,4,slowdown,Money,349,True,-0.001465,-0.000509,0.02328,-0.033228,0.026507,0.4814
revised_overlap,4,slowdown,Other,349,True,-0.001839,-0.001562,0.015252,-0.021359,0.015982,0.4556
revised_overlap,4,contraction,NoDur,28,True,-0.016717,-0.014954,0.027259,-0.050332,0.018285,0.2143
revised_overlap,4,contraction,Durbl,28,True,0.066126,0.062852,0.079265,-0.005456,0.173783,0.8571
revised_overlap,4,contraction,Manuf,28,True,-0.014383,-0.017248,0.04345,-0.063427,0.041645,0.2143
revised_overlap,4,contraction,Enrgy,28,True,-0.038243,-0.036879,0.090407,-0.145941,0.069937,0.3571
revised_overlap,4,contraction,Chems,28,True,-0.00911,-0.012286,0.024138,-0.037344,0.027562,0.2143
revised_overlap,4,contraction,BusEq,28,True,0.019166,0.018455,0.021331,-0.005337,0.043983,0.8214
revised_overlap,4,contraction,Telcm,28,True,-0.017197,-0.020183,0.027472,-0.047003,0.021938,0.25
revised_overlap,4,contraction,Utils,28,True,-0.015825,-0.005565,0.045892,-0.071567,0.031833,0.4286
revised_overlap,4,contraction,Shops,28,True,0.015522,0.010929,0.025676,-0.015904,0.04971,0.6429
revised_overlap,4,contraction,Hlth,28,True,-0.001661,-0.006136,0.041587,-0.044584,0.059466,0.4286
revised_overlap,4,contraction,Money,28,True,-0.023921,-0.020194,0.035372,-0.073732,0.012901,0.1429
revised_overlap,4,contraction,Other,28,True,-0.00579,-0.003214,0.020238,-0.035698,0.016033,0.3929
revised_overlap,13,recovery,NoDur,38,True,-0.020799,-0.025143,0.037666,-0.067514,0.033059,0.2632
revised_overlap,13,recovery,Durbl,38,True,0.150082,0.177616,0.244544,-0.154881,0.534835,0.6316
revised_overlap,13,recovery,Manuf,38,True,0.042395,0.040183,0.032424,0.004432,0.085084,0.8947
revised_overlap,13,recovery,Enrgy,38,True,0.084848,0.122354,0.193744,-0.242915,0.292005,0.7368
revised_overlap,13,recovery,Chems,38,True,-0.026954,-0.027587,0.054633,-0.105823,0.037629,0.3947
revised_overlap,13,recovery,BusEq,38,True,-0.005344,-0.003416,0.028287,-0.042323,0.03106,0.4211
revised_overlap,13,recovery,Telcm,38,True,-0.021517,-0.017002,0.030054,-0.057433,0.012398,0.2632
revised_overlap,13,recovery,Utils,38,True,-0.043058,-0.033884,0.059751,-0.132317,0.021983,0.2895
revised_overlap,13,recovery,Shops,38,True,-0.030787,-0.026377,0.042873,-0.087479,0.021417,0.3158
revised_overlap,13,recovery,Hlth,38,True,-0.040397,-0.042115,0.028336,-0.076676,-0.001509,0.0789
revised_overlap,13,recovery,Money,38,True,0.0498,0.048134,0.055203,-0.029966,0.1235,0.7632
revised_overlap,13,recovery,Other,38,True,0.028906,0.033081,0.024711,0.000753,0.060318,0.9211
revised_overlap,13,expansion,NoDur,254,True,-0.010903,-0.016719,0.055926,-0.077001,0.060258,0.3622
revised_overlap,13,expansion,Durbl,254,True,-0.023864,-0.014801,0.110421,-0.12693,0.062361,0.4291
revised_overlap,13,expansion,Manuf,254,True,0.003682,0.000658,0.040506,-0.041425,0.043233,0.5
revised_overlap,13,expansion,Enrgy,254,True,-0.017389,-0.034574,0.125407,-0.139754,0.125914,0.3071
revised_overlap,13,expansion,Chems,254,True,-0.015904,-0.012541,0.044587,-0.07337,0.039585,0.3661
revised_overlap,13,expansion,BusEq,254,True,0.0133,0.012192,0.039338,-0.038271,0.061002,0.6457
revised_overlap,13,expansion,Telcm,254,True,-0.016679,-0.012678,0.064593,-0.090832,0.056335,0.4055
revised_overlap,13,expansion,Utils,254,True,-0.006554,-0.013657,0.068333,-0.084679,0.088756,0.437
revised_overlap,13,expansion,Shops,254,True,-0.003871,-0.007042,0.038126,-0.049985,0.048174,0.4252
revised_overlap,13,expansion,Hlth,254,True,0.008425,0.015468,0.049976,-0.060564,0.06545,0.622
revised_overlap,13,expansion,Money,254,True,0.006642,0.001081,0.04368,-0.036213,0.047736,0.5197
revised_overlap,13,expansion,Other,254,True,-0.005132,-0.004256,0.033191,-0.045809,0.042853,0.3937
revised_overlap,13,slowdown,NoDur,349,True,-0.017538,-0.019175,0.060388,-0.090591,0.065452,0.3553
revised_overlap,13,slowdown,Durbl,349,True,0.014586,-0.01301,0.135652,-0.107407,0.191163,0.4011
revised_overlap,13,slowdown,Manuf,349,True,-0.001204,-0.003853,0.044743,-0.046596,0.040219,0.4613
revised_overlap,13,slowdown,Enrgy,349,True,-0.003598,-0.027968,0.111777,-0.120013,0.138414,0.3954
revised_overlap,13,slowdown,Chems,349,True,-0.018848,-0.017377,0.055218,-0.088782,0.049922,0.3438
revised_overlap,13,slowdown,BusEq,349,True,0.019796,0.017243,0.040946,-0.032252,0.068875,0.6877
revised_overlap,13,slowdown,Telcm,349,True,-0.020709,-0.01425,0.058106,-0.096126,0.04363,0.3639
revised_overlap,13,slowdown,Utils,349,True,-0.003789,-0.006254,0.06772,-0.081112,0.084982,0.447
revised_overlap,13,slowdown,Shops,349,True,0.001244,0.00096,0.033971,-0.043901,0.04449,0.5072
revised_overlap,13,slowdown,Hlth,349,True,-0.015591,-0.010108,0.053953,-0.083665,0.044353,0.4155
revised_overlap,13,slowdown,Money,349,True,-0.006783,-0.005156,0.037948,-0.053361,0.037587,0.4413
revised_overlap,13,slowdown,Other,349,True,-0.009765,-0.008335,0.028278,-0.042846,0.02386,0.384
revised_overlap,13,contraction,NoDur,28,True,-0.03727,-0.023901,0.05145,-0.107504,0.011747,0.25
revised_overlap,13,contraction,Durbl,28,True,0.226414,0.255632,0.237787,-0.042994,0.505293,0.7143
revised_overlap,13,contraction,Manuf,28,True,-0.044144,-0.054869,0.065965,-0.119871,0.032673,0.25
revised_overlap,13,contraction,Enrgy,28,True,-0.177026,-0.201084,0.123242,-0.297044,-0.040426,0.0714
revised_overlap,13,contraction,Chems,28,True,-0.000329,0.007709,0.038548,-0.053421,0.044221,0.6071
revised_overlap,13,contraction,BusEq,28,True,0.058226,0.057856,0.025154,0.028046,0.09119,1.0
revised_overlap,13,contraction,Telcm,28,True,-0.040569,-0.028196,0.049713,-0.113286,0.010166,0.2143
revised_overlap,13,contraction,Utils,28,True,-0.07139,-0.081643,0.081139,-0.162084,0.036737,0.25
revised_overlap,13,contraction,Shops,28,True,0.065758,0.062638,0.035036,0.028367,0.110306,1.0
revised_overlap,13,contraction,Hlth,28,True,-0.000163,-0.028474,0.091704,-0.102413,0.118724,0.4643
revised_overlap,13,contraction,Money,28,True,-0.087863,-0.085837,0.034163,-0.13307,-0.051716,0.0
revised_overlap,13,contraction,Other,28,True,-0.013423,-0.021346,0.048858,-0.072107,0.060669,0.3929
revised_overlap,26,recovery,NoDur,38,True,-0.054915,-0.058002,0.032936,-0.093416,-0.012728,0.0
revised_overlap,26,recovery,Durbl,38,True,0.232627,0.240426,0.406293,-0.209488,0.927008,0.5526
revised_overlap,26,recovery,Manuf,38,True,0.062014,0.062416,0.051183,0.004484,0.122626,0.8947
revised_overlap,26,recovery,Enrgy,38,True,0.197294,0.227795,0.248804,-0.094425,0.50861,0.6842
revised_overlap,26,recovery,Chems,38,True,-0.073509,-0.079902,0.038857,-0.124586,-0.025177,0.0263
revised_overlap,26,recovery,BusEq,38,True,0.00523,-0.003291,0.0425,-0.038522,0.054847,0.4737
revised_overlap,26,recovery,Telcm,38,True,-0.05577,-0.05406,0.038956,-0.108326,-0.005783,0.0789
revised_overlap,26,recovery,Utils,38,True,-0.092175,-0.111169,0.063095,-0.161276,-0.004727,0.1053
revised_overlap,26,recovery,Shops,38,True,-0.061428,-0.060366,0.047932,-0.121497,0.002602,0.1579
revised_overlap,26,recovery,Hlth,38,True,-0.064026,-0.059,0.032175,-0.102265,-0.021691,0.0526
revised_overlap,26,recovery,Money,38,True,0.094809,0.097167,0.074888,0.005156,0.179556,0.8947
revised_overlap,26,recovery,Other,38,True,0.0312,0.046125,0.043633,-0.043517,0.073688,0.8158
revised_overlap,26,expansion,NoDur,250,True,-0.021757,-0.010636,0.07861,-0.113743,0.064411,0.412
revised_overlap,26,expansion,Durbl,250,True,-0.023928,-0.024053,0.143801,-0.179123,0.128954,0.368
revised_overlap,26,expansion,Manuf,250,True,0.001155,-0.010075,0.062617,-0.068521,0.063633,0.484
revised_overlap,26,expansion,Enrgy,250,True,-0.004583,-0.065257,0.217962,-0.197844,0.309701,0.348
revised_overlap,26,expansion,Chems,250,True,-0.02144,-0.012409,0.060804,-0.10165,0.048914,0.336
revised_overlap,26,expansion,BusEq,250,True,0.028961,0.026781,0.050019,-0.039749,0.0891,0.752
revised_overlap,26,expansion,Telcm,250,True,-0.03788,-0.031871,0.077672,-0.143301,0.055844,0.332
revised_overlap,26,expansion,Utils,250,True,-0.001591,-0.010257,0.093272,-0.116761,0.115352,0.456
revised_overlap,26,expansion,Shops,250,True,-0.000216,-0.007964,0.055202,-0.067891,0.076125,0.448
revised_overlap,26,expansion,Hlth,250,True,0.011769,0.016591,0.066951,-0.073011,0.092247,0.572
revised_overlap,26,expansion,Money,250,True,0.002854,0.001928,0.05894,-0.072784,0.071406,0.52
revised_overlap,26,expansion,Other,250,True,-0.015074,-0.009428,0.037681,-0.053154,0.02585,0.304
revised_overlap,26,slowdown,NoDur,340,True,-0.031302,-0.031276,0.080415,-0.134473,0.074699,0.3912
revised_overlap,26,slowdown,Durbl,340,True,0.010195,-0.027202,0.19154,-0.179335,0.240219,0.4088
revised_overlap,26,slowdown,Manuf,340,True,-0.002274,-0.007998,0.068367,-0.075451,0.067673,0.4471
revised_overlap,26,slowdown,Enrgy,340,True,-0.038542,-0.054046,0.146169,-0.187992,0.149505,0.3441
revised_overlap,26,slowdown,Chems,340,True,-0.041537,-0.036781,0.069278,-0.122924,0.039423,0.2735
revised_overlap,26,slowdown,BusEq,340,True,0.037071,0.033882,0.057846,-0.035083,0.105831,0.7765
revised_overlap,26,slowdown,Telcm,340,True,-0.033456,-0.02162,0.077796,-0.146385,0.05565,0.3324
revised_overlap,26,slowdown,Utils,340,True,-0.010771,-0.00678,0.093987,-0.126932,0.116029,0.4559
revised_overlap,26,slowdown,Shops,340,True,0.002103,0.002409,0.049915,-0.054567,0.063912,0.5265
revised_overlap,26,slowdown,Hlth,340,True,-0.023535,-0.022361,0.067935,-0.112817,0.064919,0.3324
revised_overlap,26,slowdown,Money,340,True,-0.008148,-0.006982,0.065767,-0.079382,0.061751,0.4676
revised_overlap,26,slowdown,Other,340,True,-0.014262,-0.010873,0.040607,-0.062407,0.03005,0.35
revised_overlap,26,contraction,NoDur,28,True,-0.08809,-0.080443,0.033498,-0.13953,-0.057832,0.0
revised_overlap,26,contraction,Durbl,28,True,0.609622,0.684065,0.369646,0.154055,1.069511,1.0
revised_overlap,26,contraction,Manuf,28,True,-0.027719,-0.01937,0.099679,-0.133804,0.091146,0.4643
revised_overlap,26,contraction,Enrgy,28,True,-0.307179,-0.313879,0.069368,-0.381508,-0.210763,0.0
revised_overlap,26,contraction,Chems,28,True,-0.011011,-0.013103,0.021396,-0.037209,0.014009,0.3571
revised_overlap,26,contraction,BusEq,28,True,0.10037,0.112244,0.041896,0.032935,0.146978,1.0
revised_overlap,26,contraction,Telcm,28,True,-0.088898,-0.076141,0.041317,-0.160961,-0.052136,0.0
revised_overlap,26,contraction,Utils,28,True,-0.151938,-0.152871,0.058818,-0.235229,-0.085048,0.0
revised_overlap,26,contraction,Shops,28,True,0.088718,0.105181,0.073677,-0.005882,0.174392,0.8929
revised_overlap,26,contraction,Hlth,28,True,-0.051042,-0.080634,0.096141,-0.171479,0.060621,0.4643
revised_overlap,26,contraction,Money,28,True,-0.129751,-0.142913,0.063028,-0.195909,-0.03597,0.0
revised_overlap,26,contraction,Other,28,True,0.005636,0.034903,0.071196,-0.076201,0.084721,0.5357
real_time_overlap,4,recovery,NoDur,34,True,-0.012652,-0.008843,0.020171,-0.039404,0.014712,0.2353
real_time_overlap,4,recovery,Durbl,34,True,0.073115,0.063101,0.103271,-0.037518,0.229562,0.7059
real_time_overlap,4,recovery,Manuf,34,True,0.005862,0.001405,0.023692,-0.021708,0.04087,0.5294
real_time_overlap,4,recovery,Enrgy,34,True,0.002038,-0.028067,0.117536,-0.124353,0.164066,0.4118
real_time_overlap,4,recovery,Chems,34,True,-0.013784,-0.013243,0.026659,-0.043085,0.024225,0.2647
real_time_overlap,4,recovery,BusEq,34,True,0.005515,0.006438,0.023484,-0.026532,0.036704,0.6176
real_time_overlap,4,recovery,Telcm,34,True,-0.011488,-0.010748,0.034297,-0.055332,0.032429,0.3824
real_time_overlap,4,recovery,Utils,34,True,-0.021585,-0.013248,0.041168,-0.073881,0.032039,0.3529
real_time_overlap,4,recovery,Shops,34,True,-0.008572,-0.003008,0.023117,-0.037706,0.020226,0.4118
real_time_overlap,4,recovery,Hlth,34,True,-0.011716,-0.010234,0.02496,-0.040815,0.016887,0.3529
real_time_overlap,4,recovery,Money,34,True,0.004226,-0.003876,0.032648,-0.027303,0.050466,0.4412
real_time_overlap,4,recovery,Other,34,True,0.007061,0.001638,0.018237,-0.011846,0.026157,0.5294
real_time_overlap,4,expansion,NoDur,282,True,-0.000595,-0.005696,0.03325,-0.035822,0.040044,0.4184
real_time_overlap,4,expansion,Durbl,282,True,-0.016062,-0.010296,0.06644,-0.093474,0.041445,0.3865
real_time_overlap,4,expansion,Manuf,282,True,0.001801,0.000445,0.025537,-0.025577,0.024408,0.5142
real_time_overlap,4,expansion,Enrgy,282,True,0.001581,-0.008564,0.069065,-0.079788,0.089836,0.4468
real_time_overlap,4,expansion,Chems,282,True,-0.001331,-0.002571,0.026896,-0.029605,0.032265,0.4504
real_time_overlap,4,expansion,BusEq,282,True,0.001995,0.001438,0.021565,-0.024977,0.025246,0.5461
real_time_overlap,4,expansion,Telcm,282,True,-0.002762,-0.004582,0.03434,-0.039142,0.037441,0.4291
real_time_overlap,4,expansion,Utils,282,True,0.000547,-0.000749,0.040732,-0.04548,0.048729,0.4965
real_time_overlap,4,expansion,Shops,282,True,-0.001463,-0.000892,0.021427,-0.02721,0.025393,0.4645
real_time_overlap,4,expansion,Hlth,282,True,0.002489,0.003929,0.029428,-0.033312,0.036265,0.5816
real_time_overlap,4,expansion,Money,282,True,0.004007,0.003768,0.0229,-0.023461,0.029381,0.578
real_time_overlap,4,expansion,Other,282,True,-0.001285,-0.00154,0.016834,-0.022793,0.01895,0.4362
real_time_overlap,4,slowdown,NoDur,334,True,-0.007288,-0.007821,0.031929,-0.048019,0.028608,0.4281
real_time_overlap,4,slowdown,Durbl,334,True,0.011807,-0.001755,0.07984,-0.061747,0.102423,0.479
real_time_overlap,4,slowdown,Manuf,334,True,-0.000818,-0.000527,0.024286,-0.031292,0.025612,0.497
real_time_overlap,4,slowdown,Enrgy,334,True,-0.007226,-0.011923,0.059196,-0.069294,0.057963,0.3892
real_time_overlap,4,slowdown,Chems,334,True,-0.008086,-0.008491,0.028572,-0.042825,0.023065,0.3713
real_time_overlap,4,slowdown,BusEq,334,True,0.007781,0.007394,0.023203,-0.020161,0.035978,0.6527
real_time_overlap,4,slowdown,Telcm,334,True,-0.008642,-0.005991,0.032653,-0.049683,0.029995,0.4102
real_time_overlap,4,slowdown,Utils,334,True,-0.002375,-0.002326,0.040543,-0.05248,0.049993,0.4731
real_time_overlap,4,slowdown,Shops,334,True,0.000803,0.000982,0.019307,-0.021133,0.02415,0.515
real_time_overlap,4,slowdown,Hlth,334,True,-0.004754,-0.003912,0.032232,-0.044435,0.036128,0.4192
real_time_overlap,4,slowdown,Money,334,True,-0.003789,-0.005233,0.029361,-0.037265,0.027799,0.4311
real_time_overlap,4,slowdown,Other,334,True,-0.003401,-0.002773,0.017779,-0.023667,0.015771,0.4192
real_time_overlap,4,contraction,NoDur,18,True,-0.023632,-0.0213,0.028433,-0.059235,0.008779,0.2222
real_time_overlap,4,contraction,Durbl,18,True,0.0868,0.085944,0.079009,-0.003493,0.208362,0.8889
real_time_overlap,4,contraction,Manuf,18,True,-0.006043,-0.015074,0.047933,-0.061093,0.058486,0.3333
real_time_overlap,4,contraction,Enrgy,18,True,-0.035879,-0.026899,0.087652,-0.145941,0.057338,0.3333
real_time_overlap,4,contraction,Chems,18,True,-0.005345,-0.009447,0.02168,-0.026309,0.022547,0.2778
real_time_overlap,4,contraction,BusEq,18,True,0.017127,0.017191,0.025351,-0.011955,0.047939,0.7222
real_time_overlap,4,contraction,Telcm,18,True,-0.019842,-0.021275,0.022261,-0.047003,0.008331,0.2778
real_time_overlap,4,contraction,Utils,18,True,-0.028957,-0.010551,0.044238,-0.079103,0.013525,0.3889
real_time_overlap,4,contraction,Shops,18,True,0.018364,0.024604,0.024972,-0.015282,0.049942,0.6667
real_time_overlap,4,contraction,Hlth,18,True,-0.016661,-0.016718,0.035467,-0.055151,0.016119,0.3333
real_time_overlap,4,contraction,Money,18,True,-0.018122,-0.016414,0.040332,-0.073732,0.031766,0.2778
real_time_overlap,4,contraction,Other,18,True,0.001441,-0.000229,0.022639,-0.0266,0.032928,0.5
real_time_overlap,13,recovery,NoDur,34,True,-0.032883,-0.032418,0.027882,-0.068572,0.000603,0.1176
real_time_overlap,13,recovery,Durbl,34,True,0.169176,0.184062,0.235003,-0.124099,0.540378,0.6765
real_time_overlap,13,recovery,Manuf,34,True,0.032251,0.032788,0.035998,-0.019337,0.078288,0.7941
real_time_overlap,13,recovery,Enrgy,34,True,0.101004,0.122354,0.182193,-0.202841,0.293493,0.7941
real_time_overlap,13,recovery,Chems,34,True,-0.043981,-0.05093,0.043574,-0.112609,0.006521,0.2353
real_time_overlap,13,recovery,BusEq,34,True,0.001849,-0.000299,0.027544,-0.035668,0.038926,0.5
real_time_overlap,13,recovery,Telcm,34,True,-0.023799,-0.019091,0.028487,-0.056547,0.01051,0.2353
real_time_overlap,13,recovery,Utils,34,True,-0.05519,-0.043551,0.053164,-0.135927,0.002127,0.1765
real_time_overlap,13,recovery,Shops,34,True,-0.038029,-0.04072,0.039602,-0.088083,0.006493,0.2059
real_time_overlap,13,recovery,Hlth,34,True,-0.032884,-0.033365,0.031968,-0.076109,0.004061,0.1471
real_time_overlap,13,recovery,Money,34,True,0.040669,0.040492,0.049762,-0.024394,0.107462,0.7059
real_time_overlap,13,recovery,Other,34,True,0.019529,0.018314,0.026646,-0.013923,0.050699,0.8235
real_time_overlap,13,expansion,NoDur,275,True,-0.015945,-0.018482,0.056571,-0.083862,0.05564,0.3527
real_time_overlap,13,expansion,Durbl,275,True,-0.011859,-0.013607,0.116791,-0.120695,0.110484,0.4218
real_time_overlap,13,expansion,Manuf,275,True,-0.001422,-0.004685,0.036863,-0.042245,0.036727,0.4182
real_time_overlap,13,expansion,Enrgy,275,True,-0.019609,-0.032461,0.117922,-0.138584,0.10233,0.3091
real_time_overlap,13,expansion,Chems,275,True,-0.017495,-0.012779,0.048085,-0.075818,0.042066,0.3491
real_time_overlap,13,expansion,BusEq,275,True,0.017071,0.015616,0.036482,-0.029877,0.061877,0.7018
real_time_overlap,13,expansion,Telcm,275,True,-0.021177,-0.014375,0.065365,-0.102222,0.054209,0.3782
real_time_overlap,13,expansion,Utils,275,True,-0.002123,-0.007185,0.068367,-0.078629,0.088295,0.4727
real_time_overlap,13,expansion,Shops,275,True,-0.000463,-0.00278,0.035167,-0.044908,0.046328,0.4655
real_time_overlap,13,expansion,Hlth,275,True,-0.006443,0.003894,0.053314,-0.08082,0.051187,0.5273
real_time_overlap,13,expansion,Money,275,True,0.003454,-0.001247,0.036661,-0.034871,0.040243,0.4909
real_time_overlap,13,expansion,Other,275,True,-0.007848,-0.006392,0.032928,-0.048275,0.03083,0.3927
real_time_overlap,13,slowdown,NoDur,332,True,-0.015695,-0.017483,0.057966,-0.087967,0.061651,0.3645
real_time_overlap,13,slowdown,Durbl,332,True,0.007673,-0.013304,0.136592,-0.123856,0.1751,0.4036
real_time_overlap,13,slowdown,Manuf,332,True,-0.003326,0.002154,0.043317,-0.057451,0.042095,0.509
real_time_overlap,13,slowdown,Enrgy,332,True,-0.012232,-0.032297,0.118525,-0.128148,0.141166,0.3735
real_time_overlap,13,slowdown,Chems,332,True,-0.01914,-0.016419,0.050446,-0.086004,0.043937,0.3614
real_time_overlap,13,slowdown,BusEq,332,True,0.019649,0.017104,0.042976,-0.03567,0.070574,0.6596
real_time_overlap,13,slowdown,Telcm,332,True,-0.019894,-0.011945,0.054764,-0.092791,0.041898,0.3735
real_time_overlap,13,slowdown,Utils,332,True,-0.008976,-0.0088,0.067562,-0.084405,0.084479,0.4247
real_time_overlap,13,slowdown,Shops,332,True,0.0009,-0.000778,0.038647,-0.048432,0.049628,0.494
real_time_overlap,13,slowdown,Hlth,332,True,-0.004375,-0.002798,0.055697,-0.074278,0.059995,0.4759
real_time_overlap,13,slowdown,Money,332,True,-0.005883,-0.004046,0.049112,-0.060482,0.048375,0.4608
real_time_overlap,13,slowdown,Other,332,True,-0.008564,-0.007926,0.029888,-0.043805,0.027588,0.3735
real_time_overlap,13,contraction,NoDur,18,True,-0.048052,-0.048922,0.04916,-0.111384,-0.000154,0.1111
real_time_overlap,13,contraction,Durbl,18,True,0.358755,0.390396,0.187819,0.017305,0.538785,0.9444
real_time_overlap,13,contraction,Manuf,18,True,-0.009895,-0.002394,0.06155,-0.107245,0.042407,0.4444
real_time_overlap,13,contraction,Enrgy,18,True,-0.190505,-0.210637,0.090169,-0.292506,-0.053132,0.0
real_time_overlap,13,contraction,Chems,18,True,0.00615,0.01239,0.035669,-0.032059,0.04786,0.6111
real_time_overlap,13,contraction,BusEq,18,True,0.049785,0.045136,0.032516,0.008955,0.082834,1.0
real_time_overlap,13,contraction,Telcm,18,True,-0.051268,-0.045988,0.041366,-0.097245,-0.00232,0.0556
real_time_overlap,13,contraction,Utils,18,True,-0.096427,-0.092483,0.057841,-0.162084,-0.025697,0.0556
real_time_overlap,13,contraction,Shops,18,True,0.062036,0.058894,0.038305,0.028367,0.119227,0.9444
real_time_overlap,13,contraction,Hlth,18,True,-0.045866,-0.065114,0.080639,-0.109628,0.092321,0.1667
real_time_overlap,13,contraction,Money,18,True,-0.076368,-0.070243,0.038016,-0.125788,-0.027403,0.0
real_time_overlap,13,contraction,Other,18,True,0.016971,0.029043,0.049973,-0.071791,0.06869,0.7222
real_time_overlap,26,recovery,NoDur,34,True,-0.060911,-0.064586,0.032479,-0.09941,-0.017538,0.0
real_time_overlap,26,recovery,Durbl,34,True,0.228711,0.240426,0.368555,-0.174627,0.879846,0.6471
real_time_overlap,26,recovery,Manuf,34,True,0.055647,0.06372,0.06269,-0.058527,0.123868,0.8529
real_time_overlap,26,recovery,Enrgy,34,True,0.241789,0.255178,0.227469,-0.049844,0.513156,0.7647
real_time_overlap,26,recovery,Chems,34,True,-0.083668,-0.086313,0.031693,-0.128489,-0.042826,0.0
real_time_overlap,26,recovery,BusEq,34,True,0.004796,-0.005419,0.044612,-0.040273,0.057701,0.4412
real_time_overlap,26,recovery,Telcm,34,True,-0.057897,-0.060541,0.038154,-0.103998,-0.006536,0.0588
real_time_overlap,26,recovery,Utils,34,True,-0.099967,-0.111169,0.050937,-0.164197,-0.042114,0.0
real_time_overlap,26,recovery,Shops,34,True,-0.064997,-0.067688,0.046321,-0.123573,0.001935,0.1471
real_time_overlap,26,recovery,Hlth,34,True,-0.06299,-0.059,0.032413,-0.100262,-0.012048,0.0294
real_time_overlap,26,recovery,Money,34,True,0.097469,0.104392,0.077343,0.001917,0.179632,0.8824
real_time_overlap,26,recovery,Other,34,True,0.031523,0.046125,0.043026,-0.046985,0.072417,0.8529
real_time_overlap,26,expansion,NoDur,265,True,-0.02526,-0.011222,0.081066,-0.130381,0.069622,0.4226
real_time_overlap,26,expansion,Durbl,265,True,-0.014455,-0.029465,0.152933,-0.174205,0.204175,0.3623
real_time_overlap,26,expansion,Manuf,265,True,-0.008626,-0.013196,0.044462,-0.064858,0.052245,0.434
real_time_overlap,26,expansion,Enrgy,265,True,-0.008499,-0.062691,0.206551,-0.186595,0.232011,0.3321
real_time_overlap,26,expansion,Chems,265,True,-0.029525,-0.020902,0.068113,-0.108788,0.049378,0.3132
real_time_overlap,26,expansion,BusEq,265,True,0.029083,0.026756,0.049608,-0.037161,0.091028,0.766
real_time_overlap,26,expansion,Telcm,265,True,-0.042635,-0.038389,0.080385,-0.145924,0.058985,0.3057
real_time_overlap,26,expansion,Utils,265,True,-0.000631,0.001285,0.098616,-0.127072,0.13443,0.5019
real_time_overlap,26,expansion,Shops,265,True,0.004542,4.9e-05,0.054624,-0.06813,0.07866,0.5019
real_time_overlap,26,expansion,Hlth,265,True,0.000747,0.003936,0.065498,-0.079902,0.080742,0.5132
real_time_overlap,26,expansion,Money,265,True,0.002677,0.004769,0.055811,-0.061035,0.065199,0.5245
real_time_overlap,26,expansion,Other,265,True,-0.017015,-0.009513,0.037029,-0.051634,0.024233,0.2906
real_time_overlap,26,slowdown,NoDur,330,True,-0.031407,-0.035341,0.07845,-0.128571,0.074699,0.3576
real_time_overlap,26,slowdown,Durbl,330,True,0.017433,-0.021105,0.207902,-0.188423,0.249832,0.4364
real_time_overlap,26,slowdown,Manuf,330,True,-0.001697,-0.006163,0.076507,-0.085903,0.079847,0.4636
real_time_overlap,26,slowdown,Enrgy,330,True,-0.05353,-0.067661,0.156991,-0.221688,0.104363,0.3242
real_time_overlap,26,slowdown,Chems,330,True,-0.035198,-0.029473,0.064555,-0.110286,0.038274,0.2879
real_time_overlap,26,slowdown,BusEq,330,True,0.040574,0.036762,0.060234,-0.039339,0.117776,0.7758
real_time_overlap,26,slowdown,Telcm,330,True,-0.030511,-0.018699,0.07503,-0.148586,0.053562,0.3485
real_time_overlap,26,slowdown,Utils,330,True,-0.015457,-0.014845,0.092059,-0.124912,0.094394,0.4182
real_time_overlap,26,slowdown,Shops,330,True,0.003785,0.003035,0.055342,-0.055923,0.075258,0.5121
real_time_overlap,26,slowdown,Hlth,330,True,-0.012997,-0.015977,0.07137,-0.099462,0.083582,0.4
real_time_overlap,26,slowdown,Money,330,True,-0.012303,-0.00548,0.074547,-0.117791,0.068404,0.4606
real_time_overlap,26,slowdown,Other,330,True,-0.012315,-0.011292,0.040867,-0.059942,0.034905,0.3636
real_time_overlap,26,contraction,NoDur,18,True,-0.08682,-0.075856,0.039037,-0.132912,-0.052136,0.0
real_time_overlap,26,contraction,Durbl,18,True,0.822912,0.878776,0.22411,0.560387,1.069511,1.0
real_time_overlap,26,contraction,Manuf,18,True,0.032178,0.055052,0.083573,-0.117357,0.115778,0.7778
real_time_overlap,26,contraction,Enrgy,18,True,-0.297074,-0.31517,0.099023,-0.384078,-0.203129,0.0
real_time_overlap,26,contraction,Chems,18,True,-0.00905,-0.013118,0.019403,-0.026122,0.014009,0.3889
real_time_overlap,26,contraction,BusEq,18,True,0.071724,0.07954,0.051103,0.019443,0.123242,0.9444
real_time_overlap,26,contraction,Telcm,18,True,-0.083841,-0.069753,0.052695,-0.160961,-0.025434,0.0556
real_time_overlap,26,contraction,Utils,18,True,-0.165181,-0.160325,0.050762,-0.235229,-0.104876,0.0
real_time_overlap,26,contraction,Shops,18,True,0.042401,0.023836,0.088047,-0.058526,0.178575,0.7222
real_time_overlap,26,contraction,Hlth,18,True,-0.106304,-0.117458,0.07618,-0.180169,-0.008543,0.1111
real_time_overlap,26,contraction,Money,18,True,-0.08161,-0.082552,0.076592,-0.177963,0.00283,0.1111
real_time_overlap,26,contraction,Other,18,True,0.049973,0.070525,0.054823,-0.057327,0.085872,0.8333
revised_long_ex_covid,4,recovery,NoDur,125,True,0.00149,0.002448,0.025871,-0.030698,0.033096,0.552
revised_long_ex_covid,4,recovery,Durbl,125,True,0.006612,0.005844,0.049662,-0.042386,0.062082,0.56
revised_long_ex_covid,4,recovery,Manuf,125,True,0.004898,0.004767,0.026757,-0.025809,0.036324,0.608
revised_long_ex_covid,4,recovery,Enrgy,125,True,0.002513,-0.004585,0.052877,-0.045067,0.048551,0.448
revised_long_ex_covid,4,recovery,Chems,125,True,0.002264,0.003414,0.028576,-0.030692,0.036926,0.512
revised_long_ex_covid,4,recovery,BusEq,125,True,0.001106,0.001309,0.03321,-0.038522,0.033759,0.536
revised_long_ex_covid,4,recovery,Telcm,125,True,0.003178,0.002798,0.035443,-0.03556,0.04359,0.552
revised_long_ex_covid,4,recovery,Utils,125,True,-0.003601,-0.004303,0.033513,-0.038913,0.038329,0.424
revised_long_ex_covid,4,recovery,Shops,125,True,-0.001465,0.000623,0.025703,-0.040841,0.028982,0.528
revised_long_ex_covid,4,recovery,Hlth,125,True,-0.003571,-0.007392,0.031632,-0.039347,0.033421,0.4
revised_long_ex_covid,4,recovery,Money,125,True,0.002438,-0.005,0.029101,-0.026806,0.028606,0.432
revised_long_ex_covid,4,recovery,Other,125,True,0.002476,0.003054,0.018964,-0.02334,0.02144,0.552
revised_long_ex_covid,4,expansion,NoDur,680,True,-0.000511,4.6e-05,0.031059,-0.035082,0.032786,0.5015
revised_long_ex_covid,4,expansion,Durbl,680,True,-0.0089,-0.008049,0.048237,-0.060755,0.042132,0.4088
revised_long_ex_covid,4,expansion,Manuf,680,True,0.002632,0.001757,0.023972,-0.024039,0.027968,0.5485
revised_long_ex_covid,4,expansion,Enrgy,680,True,0.001222,-0.00321,0.05253,-0.058057,0.060357,0.4662
revised_long_ex_covid,4,expansion,Chems,680,True,-0.002781,-0.000967,0.03029,-0.03165,0.025237,0.4824
revised_long_ex_covid,4,expansion,BusEq,680,True,0.003934,0.001907,0.031466,-0.032041,0.040808,0.5397
revised_long_ex_covid,4,expansion,Telcm,680,True,-0.003241,-0.002633,0.0294,-0.037723,0.031127,0.4529
revised_long_ex_covid,4,expansion,Utils,680,True,-0.000689,-0.001242,0.039816,-0.045715,0.046388,0.4838
revised_long_ex_covid,4,expansion,Shops,680,True,-0.001564,-0.000371,0.024037,-0.030445,0.025439,0.4882
revised_long_ex_covid,4,expansion,Hlth,680,True,0.001286,0.000616,0.030074,-0.031883,0.035211,0.5118
revised_long_ex_covid,4,expansion,Money,680,True,-0.00051,-0.000573,0.026652,-0.029347,0.029015,0.4941
revised_long_ex_covid,4,expansion,Other,680,True,-0.002198,-0.002196,0.017676,-0.022781,0.018431,0.425
revised_long_ex_covid,4,slowdown,NoDur,669,True,-0.003418,-0.005556,0.034165,-0.040807,0.035697,0.4305
revised_long_ex_covid,4,slowdown,Durbl,669,True,0.00526,-0.002214,0.066664,-0.05365,0.066523,0.4664
revised_long_ex_covid,4,slowdown,Manuf,669,True,0.000612,0.000103,0.023598,-0.028357,0.026221,0.5022
revised_long_ex_covid,4,slowdown,Enrgy,669,True,0.000736,-0.00377,0.052651,-0.061576,0.067433,0.4634
revised_long_ex_covid,4,slowdown,Chems,669,True,-0.002078,-0.004212,0.034514,-0.036921,0.032453,0.4514
revised_long_ex_covid,4,slowdown,BusEq,669,True,0.003156,0.002894,0.035053,-0.034759,0.043198,0.5486
revised_long_ex_covid,4,slowdown,Telcm,669,True,-0.003902,-0.004124,0.033708,-0.044047,0.033998,0.4559
revised_long_ex_covid,4,slowdown,Utils,669,True,-0.00047,-0.002337,0.045195,-0.050816,0.055252,0.4798
revised_long_ex_covid,4,slowdown,Shops,669,True,0.000505,-0.000954,0.025399,-0.025831,0.028899,0.4813
revised_long_ex_covid,4,slowdown,Hlth,669,True,-0.000709,-0.00194,0.033842,-0.038928,0.039265,0.4649
revised_long_ex_covid,4,slowdown,Money,669,True,0.002029,0.001708,0.028886,-0.030884,0.032901,0.5232
revised_long_ex_covid,4,slowdown,Other,669,True,-0.002952,-0.002489,0.017404,-0.023748,0.016303,0.432
revised_long_ex_covid,4,contraction,NoDur,139,True,0.007422,0.011199,0.039149,-0.044062,0.053939,0.6115
revised_long_ex_covid,4,contraction,Durbl,139,True,0.003001,-0.004046,0.071214,-0.074887,0.068739,0.4676
revised_long_ex_covid,4,contraction,Manuf,139,True,0.000819,-0.000667,0.036013,-0.044036,0.047676,0.4892
revised_long_ex_covid,4,contraction,Enrgy,139,True,0.001398,0.003774,0.056727,-0.066961,0.070544,0.5252
revised_long_ex_covid,4,contraction,Chems,139,True,0.002898,0.003874,0.03344,-0.036267,0.042195,0.554
revised_long_ex_covid,4,contraction,BusEq,139,True,0.000966,0.010445,0.049396,-0.061386,0.050662,0.5755
revised_long_ex_covid,4,contraction,Telcm,139,True,-0.005706,-0.00702,0.034078,-0.042563,0.042363,0.4173
revised_long_ex_covid,4,contraction,Utils,139,True,0.004437,0.001907,0.051201,-0.060702,0.065845,0.5108
revised_long_ex_covid,4,contraction,Shops,139,True,0.009164,0.006165,0.027366,-0.020866,0.047419,0.6331
revised_long_ex_covid,4,contraction,Hlth,139,True,0.005184,0.003905,0.043539,-0.042948,0.056883,0.5468
revised_long_ex_covid,4,contraction,Money,139,True,-0.003646,-0.004366,0.053997,-0.068977,0.049234,0.446
revised_long_ex_covid,4,contraction,Other,139,True,-0.002927,-0.00396,0.028419,-0.040618,0.031289,0.4676
revised_long_ex_covid,13,recovery,NoDur,125,True,0.005459,0.001766,0.036817,-0.034913,0.058121,0.528
revised_long_ex_covid,13,recovery,Durbl,125,True,0.021648,0.030297,0.081846,-0.082391,0.112538,0.624
revised_long_ex_covid,13,recovery,Manuf,125,True,0.019071,0.017805,0.03705,-0.024892,0.06778,0.744
revised_long_ex_covid,13,recovery,Enrgy,125,True,0.00859,0.004202,0.06147,-0.055993,0.077983,0.52
revised_long_ex_covid,13,recovery,Chems,125,True,0.00868,0.005018,0.034747,-0.028359,0.052271,0.568
revised_long_ex_covid,13,recovery,BusEq,125,True,0.00663,0.001313,0.04678,-0.043435,0.067748,0.528
revised_long_ex_covid,13,recovery,Telcm,125,True,0.015641,0.012346,0.061596,-0.05747,0.080812,0.584
revised_long_ex_covid,13,recovery,Utils,125,True,-0.00939,-0.004622,0.0512,-0.080827,0.059783,0.464
revised_long_ex_covid,13,recovery,Shops,125,True,-0.007248,0.002911,0.040134,-0.06205,0.034778,0.536
revised_long_ex_covid,13,recovery,Hlth,125,True,-0.013783,-0.008454,0.046648,-0.070535,0.030737,0.376
revised_long_ex_covid,13,recovery,Money,125,True,0.001364,-0.003163,0.045969,-0.055245,0.049985,0.472
revised_long_ex_covid,13,recovery,Other,125,True,0.005882,0.00134,0.03068,-0.031197,0.051297,0.536
revised_long_ex_covid,13,expansion,NoDur,671,True,-0.005208,-0.006227,0.055297,-0.071211,0.062894,0.4531
revised_long_ex_covid,13,expansion,Durbl,671,True,-0.02168,-0.023135,0.086615,-0.11204,0.073335,0.3562
revised_long_ex_covid,13,expansion,Manuf,671,True,0.003628,0.004083,0.040904,-0.050299,0.050281,0.538
revised_long_ex_covid,13,expansion,Enrgy,671,True,-0.00012,-0.004332,0.099591,-0.106478,0.108373,0.4724
revised_long_ex_covid,13,expansion,Chems,671,True,-0.012159,-0.007698,0.052992,-0.06954,0.041316,0.4218
revised_long_ex_covid,13,expansion,BusEq,671,True,0.009985,0.00764,0.061196,-0.059312,0.076801,0.5753
revised_long_ex_covid,13,expansion,Telcm,671,True,-0.005859,-0.008772,0.06212,-0.076297,0.067392,0.4322
revised_long_ex_covid,13,expansion,Utils,671,True,0.000111,0.000958,0.070082,-0.082306,0.088207,0.5097
revised_long_ex_covid,13,expansion,Shops,671,True,-0.003019,-0.004186,0.03869,-0.04834,0.046388,0.4456
revised_long_ex_covid,13,expansion,Hlth,671,True,0.005902,0.008094,0.052303,-0.063222,0.067588,0.5768
revised_long_ex_covid,13,expansion,Money,671,True,0.00196,-0.0003,0.044699,-0.050112,0.050526,0.4993
revised_long_ex_covid,13,expansion,Other,671,True,-0.00703,-0.005321,0.031093,-0.048823,0.02869,0.4024
revised_long_ex_covid,13,slowdown,NoDur,669,True,-0.00758,-0.010841,0.068546,-0.087534,0.074741,0.4006
revised_long_ex_covid,13,slowdown,Durbl,669,True,0.008382,-0.011197,0.111033,-0.093322,0.140279,0.435
revised_long_ex_covid,13,slowdown,Manuf,669,True,0.003896,0.002427,0.044082,-0.045855,0.051627,0.5277
revised_long_ex_covid,13,slowdown,Enrgy,669,True,0.006318,-0.005785,0.096674,-0.103521,0.13286,0.4783
revised_long_ex_covid,13,slowdown,Chems,669,True,-0.004148,-0.005949,0.059847,-0.071321,0.068958,0.4559
revised_long_ex_covid,13,slowdown,BusEq,669,True,0.012417,0.01504,0.067152,-0.059953,0.083517,0.6203
revised_long_ex_covid,13,slowdown,Telcm,669,True,-0.016005,-0.012169,0.056413,-0.089725,0.052676,0.3991
revised_long_ex_covid,13,slowdown,Utils,669,True,-0.000663,-0.008825,0.080814,-0.084999,0.109561,0.4439
revised_long_ex_covid,13,slowdown,Shops,669,True,0.000986,-0.001783,0.045588,-0.052258,0.055347,0.4798
revised_long_ex_covid,13,slowdown,Hlth,669,True,-0.00465,-0.00284,0.05564,-0.0743,0.054103,0.4843
revised_long_ex_covid,13,slowdown,Money,669,True,0.001804,0.001979,0.054571,-0.063324,0.059238,0.5187
revised_long_ex_covid,13,slowdown,Other,669,True,-0.009217,-0.00804,0.031406,-0.050735,0.027554,0.3946
revised_long_ex_covid,13,contraction,NoDur,139,True,0.022953,0.020265,0.060527,-0.05093,0.099159,0.6331
revised_long_ex_covid,13,contraction,Durbl,139,True,0.015401,0.016509,0.128707,-0.129817,0.16864,0.5324
revised_long_ex_covid,13,contraction,Manuf,139,True,0.003163,-0.004444,0.066252,-0.081832,0.088407,0.4892
revised_long_ex_covid,13,contraction,Enrgy,139,True,-0.015138,-0.029895,0.099346,-0.123107,0.114063,0.4101
revised_long_ex_covid,13,contraction,Chems,139,True,0.010817,0.011521,0.052065,-0.044709,0.084829,0.5683
revised_long_ex_covid,13,contraction,BusEq,139,True,0.007967,0.022864,0.080349,-0.10182,0.099364,0.5755
revised_long_ex_covid,13,contraction,Telcm,139,True,-0.022392,-0.019647,0.051244,-0.085199,0.036349,0.3453
revised_long_ex_covid,13,contraction,Utils,139,True,0.002926,0.004895,0.077608,-0.095811,0.097667,0.5108
revised_long_ex_covid,13,contraction,Shops,139,True,0.029757,0.035567,0.043002,-0.02127,0.080151,0.7842
revised_long_ex_covid,13,contraction,Hlth,139,True,0.017129,0.013666,0.078583,-0.075556,0.111669,0.554
revised_long_ex_covid,13,contraction,Money,139,True,-0.009812,0.00361,0.089615,-0.122208,0.077166,0.5468
revised_long_ex_covid,13,contraction,Other,139,True,-0.012849,-0.019922,0.046812,-0.070067,0.049748,0.3525
revised_long_ex_covid,26,recovery,NoDur,125,True,-0.000412,0.002908,0.047135,-0.062126,0.055389,0.504
revised_long_ex_covid,26,recovery,Durbl,125,True,0.067168,0.057642,0.131382,-0.113411,0.24054,0.744
revised_long_ex_covid,26,recovery,Manuf,125,True,0.035068,0.039166,0.046845,-0.036756,0.079261,0.84
revised_long_ex_covid,26,recovery,Enrgy,125,True,0.02673,0.01466,0.095107,-0.084336,0.160532,0.552
revised_long_ex_covid,26,recovery,Chems,125,True,0.015717,0.016277,0.040534,-0.035585,0.062352,0.648
revised_long_ex_covid,26,recovery,BusEq,125,True,0.010935,0.011563,0.053396,-0.060095,0.086328,0.632
revised_long_ex_covid,26,recovery,Telcm,125,True,0.010793,0.004538,0.062567,-0.059891,0.097091,0.536
revised_long_ex_covid,26,recovery,Utils,125,True,-0.008382,-0.015216,0.054099,-0.070074,0.070591,0.44
revised_long_ex_covid,26,recovery,Shops,125,True,-0.015922,-0.009629,0.037573,-0.065933,0.029096,0.36
revised_long_ex_covid,26,recovery,Hlth,125,True,-0.023177,-0.026655,0.044908,-0.075492,0.028602,0.28
revised_long_ex_covid,26,recovery,Money,125,True,-0.012607,-0.005333,0.046857,-0.078094,0.043029,0.448
revised_long_ex_covid,26,recovery,Other,125,True,0.007516,0.013626,0.033699,-0.042177,0.039188,0.688
revised_long_ex_covid,26,expansion,NoDur,667,True,-0.010786,-0.006821,0.07817,-0.101863,0.077653,0.4483
revised_long_ex_covid,26,expansion,Durbl,667,True,-0.032998,-0.041465,0.113516,-0.14588,0.097927,0.3523
revised_long_ex_covid,26,expansion,Manuf,667,True,0.001098,0.002797,0.057636,-0.074211,0.065939,0.5187
revised_long_ex_covid,26,expansion,Enrgy,667,True,0.010345,-0.00859,0.158052,-0.149774,0.178094,0.4723
revised_long_ex_covid,26,expansion,Chems,667,True,-0.015864,-0.008795,0.066421,-0.090199,0.052271,0.3958
revised_long_ex_covid,26,expansion,BusEq,667,True,0.025225,0.020696,0.083208,-0.069499,0.119659,0.6237
revised_long_ex_covid,26,expansion,Telcm,667,True,-0.015295,-0.023164,0.09056,-0.123678,0.106058,0.4033
revised_long_ex_covid,26,expansion,Utils,667,True,0.004308,0.002801,0.10152,-0.117656,0.125774,0.5082
revised_long_ex_covid,26,expansion,Shops,667,True,-0.003139,-0.005148,0.058012,-0.075487,0.072324,0.4723
revised_long_ex_covid,26,expansion,Hlth,667,True,0.013829,0.020795,0.071334,-0.079408,0.093866,0.5907
revised_long_ex_covid,26,expansion,Money,667,True,0.003996,0.00498,0.068127,-0.08872,0.078355,0.5487
revised_long_ex_covid,26,expansion,Other,667,True,-0.016944,-0.014419,0.041122,-0.066329,0.032029,0.3253
revised_long_ex_covid,26,slowdown,NoDur,660,True,-0.016008,-0.01383,0.100026,-0.135296,0.088513,0.4455
revised_long_ex_covid,26,slowdown,Durbl,660,True,-0.001708,-0.023796,0.152055,-0.15388,0.189402,0.4091
revised_long_ex_covid,26,slowdown,Manuf,660,True,0.009813,0.008449,0.069314,-0.070281,0.098204,0.5424
revised_long_ex_covid,26,slowdown,Enrgy,660,True,-0.005443,-0.008264,0.13162,-0.16625,0.178822,0.453
revised_long_ex_covid,26,slowdown,Chems,660,True,-0.019092,-0.013804,0.090052,-0.116528,0.074881,0.4136
revised_long_ex_covid,26,slowdown,BusEq,660,True,0.022782,0.022125,0.109891,-0.083138,0.133697,0.65
revised_long_ex_covid,26,slowdown,Telcm,660,True,-0.017565,-0.015037,0.083203,-0.123976,0.075961,0.403
revised_long_ex_covid,26,slowdown,Utils,660,True,-0.003479,-0.00728,0.114939,-0.127946,0.139605,0.4636
revised_long_ex_covid,26,slowdown,Shops,660,True,0.001427,-6.3e-05,0.064497,-0.073382,0.075281,0.5
revised_long_ex_covid,26,slowdown,Hlth,660,True,-0.006031,-0.009751,0.073037,-0.095649,0.085429,0.447
revised_long_ex_covid,26,slowdown,Money,660,True,0.001831,0.004597,0.089177,-0.108615,0.089846,0.5182
revised_long_ex_covid,26,slowdown,Other,660,True,-0.015709,-0.01307,0.04846,-0.082134,0.037674,0.3697
revised_long_ex_covid,26,contraction,NoDur,139,True,0.053011,0.062749,0.080065,-0.057166,0.139069,0.7266
revised_long_ex_covid,26,contraction,Durbl,139,True,0.063424,0.072906,0.203961,-0.180925,0.2636,0.5899
revised_long_ex_covid,26,contraction,Manuf,139,True,0.021053,0.021496,0.101898,-0.11549,0.175844,0.5755
revised_long_ex_covid,26,contraction,Enrgy,139,True,-0.030602,-0.022075,0.097024,-0.137327,0.08517,0.3885
revised_long_ex_covid,26,contraction,Chems,139,True,0.034441,0.032692,0.076114,-0.066967,0.124728,0.6475
revised_long_ex_covid,26,contraction,BusEq,139,True,0.007702,0.012337,0.108512,-0.16171,0.140132,0.5396
revised_long_ex_covid,26,contraction,Telcm,139,True,-0.058018,-0.06114,0.074334,-0.156079,0.043439,0.2086
revised_long_ex_covid,26,contraction,Utils,139,True,-0.016147,-0.012589,0.077678,-0.11951,0.079627,0.3957
revised_long_ex_covid,26,contraction,Shops,139,True,0.056097,0.070977,0.056866,-0.008137,0.112619,0.8777
revised_long_ex_covid,26,contraction,Hlth,139,True,0.017013,0.024939,0.110528,-0.11375,0.160891,0.5396
revised_long_ex_covid,26,contraction,Money,139,True,-0.001519,0.005438,0.112624,-0.154133,0.096671,0.5396
revised_long_ex_covid,26,contraction,Other,139,True,-0.02694,-0.034972,0.0481,-0.079266,0.041489,0.2878
revised_long_ex_gfc,4,recovery,NoDur,121,True,0.000247,0.000516,0.026239,-0.034965,0.032683,0.5124
revised_long_ex_gfc,4,recovery,Durbl,121,True,0.020751,0.007069,0.074767,-0.043295,0.088908,0.5702
revised_long_ex_gfc,4,recovery,Manuf,121,True,0.004769,0.003894,0.026969,-0.025445,0.038794,0.562
revised_long_ex_gfc,4,recovery,Enrgy,121,True,0.003829,-0.005755,0.075062,-0.074576,0.083478,0.4298
revised_long_ex_gfc,4,recovery,Chems,121,True,-0.000228,-0.000134,0.028522,-0.039946,0.034611,0.4876
revised_long_ex_gfc,4,recovery,BusEq,121,True,0.000391,0.000148,0.034214,-0.039993,0.036415,0.5041
revised_long_ex_gfc,4,recovery,Telcm,121,True,0.00237,0.002165,0.036395,-0.038543,0.045786,0.5372
revised_long_ex_gfc,4,recovery,Utils,121,True,-0.006601,-0.00383,0.037194,-0.062553,0.036738,0.4545
revised_long_ex_gfc,4,recovery,Shops,121,True,-0.003133,0.000452,0.02753,-0.042598,0.029494,0.5124
revised_long_ex_gfc,4,recovery,Hlth,121,True,-0.00617,-0.010189,0.031414,-0.040931,0.032081,0.3967
revised_long_ex_gfc,4,recovery,Money,121,True,0.003372,-0.00261,0.02747,-0.026743,0.030647,0.4711
revised_long_ex_gfc,4,recovery,Other,121,True,0.003371,0.003406,0.01708,-0.017854,0.024487,0.562
revised_long_ex_gfc,4,expansion,NoDur,680,True,-0.000511,4.6e-05,0.031059,-0.035082,0.032786,0.5015
revised_long_ex_gfc,4,expansion,Durbl,680,True,-0.0089,-0.008049,0.048237,-0.060755,0.042132,0.4088
revised_long_ex_gfc,4,expansion,Manuf,680,True,0.002632,0.001757,0.023972,-0.024039,0.027968,0.5485
revised_long_ex_gfc,4,expansion,Enrgy,680,True,0.001222,-0.00321,0.05253,-0.058057,0.060357,0.4662
revised_long_ex_gfc,4,expansion,Chems,680,True,-0.002781,-0.000967,0.03029,-0.03165,0.025237,0.4824
revised_long_ex_gfc,4,expansion,BusEq,680,True,0.003934,0.001907,0.031466,-0.032041,0.040808,0.5397
revised_long_ex_gfc,4,expansion,Telcm,680,True,-0.003241,-0.002633,0.0294,-0.037723,0.031127,0.4529
revised_long_ex_gfc,4,expansion,Utils,680,True,-0.000689,-0.001242,0.039816,-0.045715,0.046388,0.4838
revised_long_ex_gfc,4,expansion,Shops,680,True,-0.001564,-0.000371,0.024037,-0.030445,0.025439,0.4882
revised_long_ex_gfc,4,expansion,Hlth,680,True,0.001286,0.000616,0.030074,-0.031883,0.035211,0.5118
revised_long_ex_gfc,4,expansion,Money,680,True,-0.00051,-0.000573,0.026652,-0.029347,0.029015,0.4941
revised_long_ex_gfc,4,expansion,Other,680,True,-0.002198,-0.002196,0.017676,-0.022781,0.018431,0.425
revised_long_ex_gfc,4,slowdown,NoDur,669,True,-0.003249,-0.004999,0.034188,-0.040807,0.035697,0.435
revised_long_ex_gfc,4,slowdown,Durbl,669,True,0.004755,-0.002362,0.066881,-0.054924,0.066523,0.4619
revised_long_ex_gfc,4,slowdown,Manuf,669,True,0.000345,8.5e-05,0.023778,-0.0289,0.025813,0.5007
revised_long_ex_gfc,4,slowdown,Enrgy,669,True,0.000428,-0.00377,0.053405,-0.061812,0.067433,0.4634
revised_long_ex_gfc,4,slowdown,Chems,669,True,-0.001988,-0.004212,0.034548,-0.036921,0.032749,0.4514
revised_long_ex_gfc,4,slowdown,BusEq,669,True,0.003431,0.003199,0.034942,-0.034087,0.043198,0.5516
revised_long_ex_gfc,4,slowdown,Telcm,669,True,-0.003932,-0.004096,0.033694,-0.044047,0.033868,0.4574
revised_long_ex_gfc,4,slowdown,Utils,669,True,-0.000331,-0.001794,0.045212,-0.051245,0.055252,0.4828
revised_long_ex_gfc,4,slowdown,Shops,669,True,0.000413,-0.000954,0.02517,-0.025831,0.028899,0.4813
revised_long_ex_gfc,4,slowdown,Hlth,669,True,-0.000308,-0.001517,0.033929,-0.03843,0.040185,0.4694
revised_long_ex_gfc,4,slowdown,Money,669,True,0.001656,0.001531,0.02897,-0.031738,0.032765,0.5187
revised_long_ex_gfc,4,slowdown,Other,669,True,-0.003293,-0.002752,0.017303,-0.023882,0.01589,0.4275
revised_long_ex_gfc,4,contraction,NoDur,91,True,0.001217,-0.003553,0.041817,-0.049125,0.054025,0.4615
revised_long_ex_gfc,4,contraction,Durbl,91,True,0.027704,0.021914,0.063682,-0.040649,0.10344,0.6374
revised_long_ex_gfc,4,contraction,Manuf,91,True,-0.00036,-0.001884,0.037157,-0.053504,0.040446,0.4725
revised_long_ex_gfc,4,contraction,Enrgy,91,True,-0.011299,-0.003904,0.067349,-0.106036,0.055992,0.4835
revised_long_ex_gfc,4,contraction,Chems,91,True,0.001871,-0.006282,0.035039,-0.037097,0.051995,0.4396
revised_long_ex_gfc,4,contraction,BusEq,91,True,-0.000417,0.009696,0.056786,-0.068538,0.058486,0.5604
revised_long_ex_gfc,4,contraction,Telcm,91,True,-0.013214,-0.015465,0.035055,-0.048042,0.032243,0.3407
revised_long_ex_gfc,4,contraction,Utils,91,True,0.000154,0.001625,0.051008,-0.06838,0.063546,0.5055
revised_long_ex_gfc,4,contraction,Shops,91,True,0.012279,0.009358,0.026906,-0.019436,0.050393,0.6264
revised_long_ex_gfc,4,contraction,Hlth,91,True,0.001973,-0.003863,0.03732,-0.043223,0.053679,0.4615
revised_long_ex_gfc,4,contraction,Money,91,True,-0.002532,-0.003543,0.029055,-0.03821,0.028797,0.4505
revised_long_ex_gfc,4,contraction,Other,91,True,0.001017,0.000909,0.027262,-0.036822,0.035805,0.5495
revised_long_ex_gfc,13,recovery,NoDur,121,True,-0.000374,-0.003121,0.041968,-0.049666,0.05821,0.4463
revised_long_ex_gfc,13,recovery,Durbl,121,True,0.059521,0.024452,0.15811,-0.083139,0.254786,0.6033
revised_long_ex_gfc,13,recovery,Manuf,121,True,0.019791,0.014908,0.038544,-0.025779,0.069925,0.7273
revised_long_ex_gfc,13,recovery,Enrgy,121,True,0.031433,0.01495,0.120056,-0.056141,0.213653,0.6116
revised_long_ex_gfc,13,recovery,Chems,121,True,-0.004491,-0.002558,0.04515,-0.056588,0.047876,0.4793
revised_long_ex_gfc,13,recovery,BusEq,121,True,0.004818,0.000279,0.048257,-0.043506,0.068643,0.5124
revised_long_ex_gfc,13,recovery,Telcm,121,True,0.013281,0.009008,0.063139,-0.059415,0.08546,0.562
revised_long_ex_gfc,13,recovery,Utils,121,True,-0.015925,-0.010308,0.058268,-0.098132,0.059994,0.4298
revised_long_ex_gfc,13,recovery,Shops,121,True,-0.018233,-0.007846,0.046529,-0.088535,0.035574,0.4215
revised_long_ex_gfc,13,recovery,Hlth,121,True,-0.020151,-0.021519,0.045408,-0.075751,0.022079,0.3058
revised_long_ex_gfc,13,recovery,Money,121,True,0.009876,0.004691,0.048715,-0.041645,0.074868,0.5289
revised_long_ex_gfc,13,recovery,Other,121,True,0.007278,0.004434,0.029362,-0.028825,0.045342,0.6116
revised_long_ex_gfc,13,expansion,NoDur,671,True,-0.005208,-0.006227,0.055297,-0.071211,0.062894,0.4531
revised_long_ex_gfc,13,expansion,Durbl,671,True,-0.02168,-0.023135,0.086615,-0.11204,0.073335,0.3562
revised_long_ex_gfc,13,expansion,Manuf,671,True,0.003628,0.004083,0.040904,-0.050299,0.050281,0.538
revised_long_ex_gfc,13,expansion,Enrgy,671,True,-0.00012,-0.004332,0.099591,-0.106478,0.108373,0.4724
revised_long_ex_gfc,13,expansion,Chems,671,True,-0.012159,-0.007698,0.052992,-0.06954,0.041316,0.4218
revised_long_ex_gfc,13,expansion,BusEq,671,True,0.009985,0.00764,0.061196,-0.059312,0.076801,0.5753
revised_long_ex_gfc,13,expansion,Telcm,671,True,-0.005859,-0.008772,0.06212,-0.076297,0.067392,0.4322
revised_long_ex_gfc,13,expansion,Utils,671,True,0.000111,0.000958,0.070082,-0.082306,0.088207,0.5097
revised_long_ex_gfc,13,expansion,Shops,671,True,-0.003019,-0.004186,0.03869,-0.04834,0.046388,0.4456
revised_long_ex_gfc,13,expansion,Hlth,671,True,0.005902,0.008094,0.052303,-0.063222,0.067588,0.5768
revised_long_ex_gfc,13,expansion,Money,671,True,0.00196,-0.0003,0.044699,-0.050112,0.050526,0.4993
revised_long_ex_gfc,13,expansion,Other,671,True,-0.00703,-0.005321,0.031093,-0.048823,0.02869,0.4024
revised_long_ex_gfc,13,slowdown,NoDur,669,True,-0.007894,-0.011057,0.068708,-0.088515,0.074741,0.3991
revised_long_ex_gfc,13,slowdown,Durbl,669,True,0.008799,-0.010716,0.111233,-0.093322,0.140623,0.438
revised_long_ex_gfc,13,slowdown,Manuf,669,True,0.003432,0.00213,0.044174,-0.04599,0.050329,0.5232
revised_long_ex_gfc,13,slowdown,Enrgy,669,True,0.005926,-0.00628,0.096855,-0.103677,0.13286,0.4768
revised_long_ex_gfc,13,slowdown,Chems,669,True,-0.004546,-0.006191,0.059697,-0.071321,0.067268,0.4529
revised_long_ex_gfc,13,slowdown,BusEq,669,True,0.012844,0.015616,0.067202,-0.059953,0.083517,0.6248
revised_long_ex_gfc,13,slowdown,Telcm,669,True,-0.01618,-0.012169,0.056537,-0.089923,0.052676,0.3991
revised_long_ex_gfc,13,slowdown,Utils,669,True,-0.001107,-0.008946,0.081229,-0.086423,0.109561,0.4439
revised_long_ex_gfc,13,slowdown,Shops,669,True,0.001021,-0.001783,0.045632,-0.052258,0.055865,0.4798
revised_long_ex_gfc,13,slowdown,Hlth,669,True,-0.00436,-0.002755,0.055592,-0.073258,0.054904,0.4858
revised_long_ex_gfc,13,slowdown,Money,669,True,0.001651,0.001979,0.054793,-0.064651,0.059238,0.5187
revised_long_ex_gfc,13,slowdown,Other,669,True,-0.009528,-0.008335,0.031397,-0.051013,0.027461,0.3916
revised_long_ex_gfc,13,contraction,NoDur,91,True,0.007766,-0.00165,0.070717,-0.073995,0.101855,0.4725
revised_long_ex_gfc,13,contraction,Durbl,91,True,0.092044,0.052639,0.170877,-0.069456,0.388574,0.7363
revised_long_ex_gfc,13,contraction,Manuf,91,True,0.003678,-0.005448,0.067017,-0.083567,0.107789,0.4615
revised_long_ex_gfc,13,contraction,Enrgy,91,True,-0.05683,-0.054867,0.124308,-0.239905,0.09796,0.3187
revised_long_ex_gfc,13,contraction,Chems,91,True,0.015228,0.017789,0.060058,-0.060133,0.097,0.6044
revised_long_ex_gfc,13,contraction,BusEq,91,True,0.003113,0.0274,0.091556,-0.111728,0.093663,0.5824
revised_long_ex_gfc,13,contraction,Telcm,91,True,-0.045234,-0.047393,0.049216,-0.102266,0.021072,0.1758
revised_long_ex_gfc,13,contraction,Utils,91,True,-0.021779,-0.021231,0.083283,-0.126327,0.077703,0.3956
revised_long_ex_gfc,13,contraction,Shops,91,True,0.043198,0.043614,0.037239,-0.004262,0.091845,0.8571
revised_long_ex_gfc,13,contraction,Hlth,91,True,0.00386,-0.015438,0.070666,-0.086203,0.106292,0.4505
revised_long_ex_gfc,13,contraction,Money,91,True,-0.013229,0.00361,0.057354,-0.098229,0.050506,0.5714
revised_long_ex_gfc,13,contraction,Other,91,True,-0.000676,-8.8e-05,0.051725,-0.071269,0.069691,0.4945
revised_long_ex_gfc,26,recovery,NoDur,121,True,-0.010125,-0.011542,0.055249,-0.078446,0.056828,0.4545
revised_long_ex_gfc,26,recovery,Durbl,121,True,0.108276,0.045814,0.253627,-0.11782,0.350132,0.6942
revised_long_ex_gfc,26,recovery,Manuf,121,True,0.039128,0.043351,0.051079,-0.038865,0.107624,0.8347
revised_long_ex_gfc,26,recovery,Enrgy,121,True,0.101615,0.059771,0.165349,-0.050618,0.354246,0.719
revised_long_ex_gfc,26,recovery,Chems,121,True,-0.00756,-0.003067,0.059108,-0.091833,0.05879,0.4876
revised_long_ex_gfc,26,recovery,BusEq,121,True,0.00586,0.006888,0.05615,-0.067189,0.087742,0.5537
revised_long_ex_gfc,26,recovery,Telcm,121,True,-0.001606,-0.013278,0.067944,-0.074693,0.098343,0.3967
revised_long_ex_gfc,26,recovery,Utils,121,True,-0.023097,-0.015216,0.074302,-0.127985,0.071458,0.4545
revised_long_ex_gfc,26,recovery,Shops,121,True,-0.039031,-0.031419,0.042848,-0.101077,0.01251,0.1736
revised_long_ex_gfc,26,recovery,Hlth,121,True,-0.03459,-0.043541,0.049446,-0.098435,0.02681,0.2231
revised_long_ex_gfc,26,recovery,Money,121,True,0.015438,0.006634,0.078208,-0.081142,0.149224,0.562
revised_long_ex_gfc,26,recovery,Other,121,True,0.010976,0.016467,0.037733,-0.043152,0.058547,0.686
revised_long_ex_gfc,26,expansion,NoDur,667,True,-0.010786,-0.006821,0.07817,-0.101863,0.077653,0.4483
revised_long_ex_gfc,26,expansion,Durbl,667,True,-0.032998,-0.041465,0.113516,-0.14588,0.097927,0.3523
revised_long_ex_gfc,26,expansion,Manuf,667,True,0.001098,0.002797,0.057636,-0.074211,0.065939,0.5187
revised_long_ex_gfc,26,expansion,Enrgy,667,True,0.010345,-0.00859,0.158052,-0.149774,0.178094,0.4723
revised_long_ex_gfc,26,expansion,Chems,667,True,-0.015864,-0.008795,0.066421,-0.090199,0.052271,0.3958
revised_long_ex_gfc,26,expansion,BusEq,667,True,0.025225,0.020696,0.083208,-0.069499,0.119659,0.6237
revised_long_ex_gfc,26,expansion,Telcm,667,True,-0.015295,-0.023164,0.09056,-0.123678,0.106058,0.4033
revised_long_ex_gfc,26,expansion,Utils,667,True,0.004308,0.002801,0.10152,-0.117656,0.125774,0.5082
revised_long_ex_gfc,26,expansion,Shops,667,True,-0.003139,-0.005148,0.058012,-0.075487,0.072324,0.4723
revised_long_ex_gfc,26,expansion,Hlth,667,True,0.013829,0.020795,0.071334,-0.079408,0.093866,0.5907
revised_long_ex_gfc,26,expansion,Money,667,True,0.003996,0.00498,0.068127,-0.08872,0.078355,0.5487
revised_long_ex_gfc,26,expansion,Other,667,True,-0.016944,-0.014419,0.041122,-0.066329,0.032029,0.3253
revised_long_ex_gfc,26,slowdown,NoDur,660,True,-0.016522,-0.014798,0.100235,-0.135296,0.088513,0.4439
revised_long_ex_gfc,26,slowdown,Durbl,660,True,0.001858,-0.022732,0.158108,-0.15346,0.19303,0.4136
revised_long_ex_gfc,26,slowdown,Manuf,660,True,0.00933,0.008101,0.069681,-0.07111,0.098204,0.5394
revised_long_ex_gfc,26,slowdown,Enrgy,660,True,-0.007599,-0.008881,0.132734,-0.168044,0.175902,0.4485
revised_long_ex_gfc,26,slowdown,Chems,660,True,-0.019432,-0.013949,0.089841,-0.116528,0.071989,0.4121
revised_long_ex_gfc,26,slowdown,BusEq,660,True,0.023379,0.022357,0.110229,-0.083138,0.134489,0.65
revised_long_ex_gfc,26,slowdown,Telcm,660,True,-0.018067,-0.015493,0.083559,-0.126067,0.075961,0.403
revised_long_ex_gfc,26,slowdown,Utils,660,True,-0.004984,-0.008045,0.116263,-0.131352,0.139605,0.4591
revised_long_ex_gfc,26,slowdown,Shops,660,True,0.001841,-6.3e-05,0.065261,-0.073382,0.075685,0.5
revised_long_ex_gfc,26,slowdown,Hlth,660,True,-0.006423,-0.010781,0.073157,-0.095649,0.085429,0.4424
revised_long_ex_gfc,26,slowdown,Money,660,True,0.001763,0.004597,0.08931,-0.108615,0.089846,0.5182
revised_long_ex_gfc,26,slowdown,Other,660,True,-0.015643,-0.012944,0.048498,-0.082134,0.037674,0.3712
revised_long_ex_gfc,26,contraction,NoDur,91,True,0.030257,0.056845,0.101986,-0.088834,0.155667,0.5934
revised_long_ex_gfc,26,contraction,Durbl,91,True,0.238473,0.152379,0.334179,-0.062492,0.85722,0.7912
revised_long_ex_gfc,26,contraction,Manuf,91,True,0.037658,0.03451,0.099467,-0.116258,0.176818,0.6703
revised_long_ex_gfc,26,contraction,Enrgy,91,True,-0.089581,-0.052907,0.165945,-0.344354,0.12887,0.3626
revised_long_ex_gfc,26,contraction,Chems,91,True,0.048502,0.065543,0.082097,-0.064893,0.149643,0.6813
revised_long_ex_gfc,26,contraction,BusEq,91,True,-0.007448,0.000688,0.121823,-0.18147,0.135486,0.5055
revised_long_ex_gfc,26,contraction,Telcm,91,True,-0.10347,-0.087111,0.052903,-0.169781,-0.050296,0.011
revised_long_ex_gfc,26,contraction,Utils,91,True,-0.048087,-0.028838,0.089459,-0.17093,0.056809,0.2857
revised_long_ex_gfc,26,contraction,Shops,91,True,0.074102,0.070977,0.049127,0.020745,0.13391,0.967
revised_long_ex_gfc,26,contraction,Hlth,91,True,-0.02264,-0.040169,0.095291,-0.128536,0.103417,0.4835
revised_long_ex_gfc,26,contraction,Money,91,True,-0.008142,0.014644,0.09319,-0.173354,0.091952,0.6374
revised_long_ex_gfc,26,contraction,Other,91,True,-0.006478,-0.006327,0.054209,-0.075753,0.070318,0.4505
revised_long_ex_both,4,recovery,NoDur,95,True,0.003307,0.004808,0.026771,-0.029807,0.036042,0.5684
revised_long_ex_both,4,recovery,Durbl,95,True,-0.000899,0.001888,0.048614,-0.060336,0.059778,0.5053
revised_long_ex_both,4,recovery,Manuf,95,True,0.003414,0.003176,0.027971,-0.026978,0.038249,0.5474
revised_long_ex_both,4,recovery,Enrgy,95,True,0.005984,-0.004226,0.057711,-0.048376,0.049111,0.4632
revised_long_ex_both,4,recovery,Chems,95,True,0.001681,0.003414,0.02942,-0.031496,0.035366,0.5158
revised_long_ex_both,4,recovery,BusEq,95,True,0.000142,-7.1e-05,0.037137,-0.044708,0.040532,0.4947
revised_long_ex_both,4,recovery,Telcm,95,True,0.004368,0.005057,0.037422,-0.036496,0.048756,0.5684
revised_long_ex_both,4,recovery,Utils,95,True,-0.002312,-0.000711,0.034148,-0.03734,0.035057,0.4842
revised_long_ex_both,4,recovery,Shops,95,True,-0.001049,0.003541,0.02862,-0.044139,0.030107,0.5579
revised_long_ex_both,4,recovery,Hlth,95,True,-0.004388,-0.009236,0.032859,-0.040683,0.034169,0.4105
revised_long_ex_both,4,recovery,Money,95,True,0.002831,-0.002485,0.027154,-0.027238,0.027256,0.4737
revised_long_ex_both,4,recovery,Other,95,True,0.00215,0.003234,0.016908,-0.021912,0.020955,0.5579
revised_long_ex_both,4,expansion,NoDur,680,True,-0.000511,4.6e-05,0.031059,-0.035082,0.032786,0.5015
revised_long_ex_both,4,expansion,Durbl,680,True,-0.0089,-0.008049,0.048237,-0.060755,0.042132,0.4088
revised_long_ex_both,4,expansion,Manuf,680,True,0.002632,0.001757,0.023972,-0.024039,0.027968,0.5485
revised_long_ex_both,4,expansion,Enrgy,680,True,0.001222,-0.00321,0.05253,-0.058057,0.060357,0.4662
revised_long_ex_both,4,expansion,Chems,680,True,-0.002781,-0.000967,0.03029,-0.03165,0.025237,0.4824
revised_long_ex_both,4,expansion,BusEq,680,True,0.003934,0.001907,0.031466,-0.032041,0.040808,0.5397
revised_long_ex_both,4,expansion,Telcm,680,True,-0.003241,-0.002633,0.0294,-0.037723,0.031127,0.4529
revised_long_ex_both,4,expansion,Utils,680,True,-0.000689,-0.001242,0.039816,-0.045715,0.046388,0.4838
revised_long_ex_both,4,expansion,Shops,680,True,-0.001564,-0.000371,0.024037,-0.030445,0.025439,0.4882
revised_long_ex_both,4,expansion,Hlth,680,True,0.001286,0.000616,0.030074,-0.031883,0.035211,0.5118
revised_long_ex_both,4,expansion,Money,680,True,-0.00051,-0.000573,0.026652,-0.029347,0.029015,0.4941
revised_long_ex_both,4,expansion,Other,680,True,-0.002198,-0.002196,0.017676,-0.022781,0.018431,0.425
revised_long_ex_both,4,slowdown,NoDur,666,True,-0.003353,-0.005189,0.034227,-0.041062,0.035751,0.4324
revised_long_ex_both,4,slowdown,Durbl,666,True,0.005108,-0.00231,0.066776,-0.053725,0.066875,0.464
revised_long_ex_both,4,slowdown,Manuf,666,True,0.000521,9.4e-05,0.02357,-0.028415,0.02591,0.5015
revised_long_ex_both,4,slowdown,Enrgy,666,True,0.00084,-0.003721,0.052691,-0.061478,0.067522,0.464
revised_long_ex_both,4,slowdown,Chems,666,True,-0.002089,-0.004252,0.034564,-0.037,0.032467,0.4505
revised_long_ex_both,4,slowdown,BusEq,666,True,0.003364,0.003129,0.034986,-0.034202,0.043576,0.5511
revised_long_ex_both,4,slowdown,Telcm,666,True,-0.003918,-0.00411,0.033739,-0.044182,0.0339,0.4565
revised_long_ex_both,4,slowdown,Utils,666,True,-0.000302,-0.002036,0.045225,-0.05094,0.055612,0.482
revised_long_ex_both,4,slowdown,Shops,666,True,0.000232,-0.001029,0.025063,-0.025889,0.028735,0.479
revised_long_ex_both,4,slowdown,Hlth,666,True,-0.000546,-0.00171,0.033805,-0.038606,0.039368,0.467
revised_long_ex_both,4,slowdown,Money,666,True,0.001882,0.001633,0.028817,-0.03095,0.032775,0.521
revised_long_ex_both,4,slowdown,Other,666,True,-0.003147,-0.002533,0.017189,-0.023769,0.01596,0.4294
revised_long_ex_both,4,contraction,NoDur,68,True,0.007705,0.007679,0.043453,-0.039104,0.062442,0.5441
revised_long_ex_both,4,contraction,Durbl,68,True,0.011166,0.009576,0.045144,-0.042019,0.066533,0.5588
revised_long_ex_both,4,contraction,Manuf,68,True,0.004303,0.003994,0.031751,-0.028884,0.033411,0.5441
revised_long_ex_both,4,contraction,Enrgy,68,True,-0.000637,0.004054,0.050044,-0.068424,0.054027,0.5294
revised_long_ex_both,4,contraction,Chems,68,True,0.004246,-0.000714,0.037825,-0.038226,0.063261,0.5
revised_long_ex_both,4,contraction,BusEq,68,True,-0.006492,-0.001168,0.063361,-0.087758,0.061831,0.4853
revised_long_ex_both,4,contraction,Telcm,68,True,-0.012161,-0.011095,0.036659,-0.050756,0.034227,0.3529
revised_long_ex_both,4,contraction,Utils,68,True,0.006928,0.002779,0.050099,-0.048822,0.068146,0.5294
revised_long_ex_both,4,contraction,Shops,68,True,0.009103,0.005192,0.027212,-0.021365,0.049305,0.5735
revised_long_ex_both,4,contraction,Hlth,68,True,0.002576,-0.004021,0.034435,-0.032468,0.052447,0.4559
revised_long_ex_both,4,contraction,Money,68,True,0.005409,0.00504,0.019696,-0.016129,0.028853,0.5441
revised_long_ex_both,4,contraction,Other,68,True,0.003538,0.004636,0.028474,-0.032793,0.037187,0.6029
revised_long_ex_both,13,recovery,NoDur,95,True,0.010124,0.003849,0.039462,-0.034728,0.060289,0.5579
revised_long_ex_both,13,recovery,Durbl,95,True,-0.000366,0.005061,0.07922,-0.107655,0.101049,0.5158
revised_long_ex_both,13,recovery,Manuf,95,True,0.014705,0.011571,0.039691,-0.02921,0.066699,0.6737
revised_long_ex_both,13,recovery,Enrgy,95,True,0.018321,0.011674,0.063385,-0.050211,0.095469,0.5895
revised_long_ex_both,13,recovery,Chems,95,True,0.006255,0.000692,0.036727,-0.031064,0.051993,0.5158
revised_long_ex_both,13,recovery,BusEq,95,True,0.006875,0.001313,0.052681,-0.04801,0.077748,0.5263
revised_long_ex_both,13,recovery,Telcm,95,True,0.021181,0.016883,0.068059,-0.062365,0.113061,0.6316
revised_long_ex_both,13,recovery,Utils,95,True,-0.00182,0.00153,0.051149,-0.075363,0.06608,0.5053
revised_long_ex_both,13,recovery,Shops,95,True,-0.009803,5.9e-05,0.044982,-0.080639,0.03871,0.5053
revised_long_ex_both,13,recovery,Hlth,95,True,-0.016512,-0.009977,0.049013,-0.076887,0.026724,0.3579
revised_long_ex_both,13,recovery,Money,95,True,0.002222,-0.001776,0.045489,-0.044941,0.045336,0.4737
revised_long_ex_both,13,recovery,Other,95,True,0.002709,0.00092,0.029792,-0.037754,0.043789,0.5158
revised_long_ex_both,13,expansion,NoDur,671,True,-0.005208,-0.006227,0.055297,-0.071211,0.062894,0.4531
revised_long_ex_both,13,expansion,Durbl,671,True,-0.02168,-0.023135,0.086615,-0.11204,0.073335,0.3562
revised_long_ex_both,13,expansion,Manuf,671,True,0.003628,0.004083,0.040904,-0.050299,0.050281,0.538
revised_long_ex_both,13,expansion,Enrgy,671,True,-0.00012,-0.004332,0.099591,-0.106478,0.108373,0.4724
revised_long_ex_both,13,expansion,Chems,671,True,-0.012159,-0.007698,0.052992,-0.06954,0.041316,0.4218
revised_long_ex_both,13,expansion,BusEq,671,True,0.009985,0.00764,0.061196,-0.059312,0.076801,0.5753
revised_long_ex_both,13,expansion,Telcm,671,True,-0.005859,-0.008772,0.06212,-0.076297,0.067392,0.4322
revised_long_ex_both,13,expansion,Utils,671,True,0.000111,0.000958,0.070082,-0.082306,0.088207,0.5097
revised_long_ex_both,13,expansion,Shops,671,True,-0.003019,-0.004186,0.03869,-0.04834,0.046388,0.4456
revised_long_ex_both,13,expansion,Hlth,671,True,0.005902,0.008094,0.052303,-0.063222,0.067588,0.5768
revised_long_ex_both,13,expansion,Money,671,True,0.00196,-0.0003,0.044699,-0.050112,0.050526,0.4993
revised_long_ex_both,13,expansion,Other,671,True,-0.00703,-0.005321,0.031093,-0.048823,0.02869,0.4024
revised_long_ex_both,13,slowdown,NoDur,666,True,-0.007584,-0.010884,0.068696,-0.087813,0.074767,0.4009
revised_long_ex_both,13,slowdown,Durbl,666,True,0.008471,-0.011103,0.111275,-0.093357,0.140299,0.4369
revised_long_ex_both,13,slowdown,Manuf,666,True,0.003677,0.002238,0.044032,-0.04586,0.050391,0.5255
revised_long_ex_both,13,slowdown,Enrgy,666,True,0.005983,-0.006319,0.096704,-0.103572,0.132386,0.476
revised_long_ex_both,13,slowdown,Chems,666,True,-0.004464,-0.006076,0.05979,-0.071684,0.0675,0.4535
revised_long_ex_both,13,slowdown,BusEq,666,True,0.012594,0.015412,0.067249,-0.059992,0.083518,0.6231
revised_long_ex_both,13,slowdown,Telcm,666,True,-0.015941,-0.011977,0.056531,-0.089791,0.052824,0.4009
revised_long_ex_both,13,slowdown,Utils,666,True,-0.000568,-0.0088,0.080981,-0.085155,0.109794,0.4459
revised_long_ex_both,13,slowdown,Shops,666,True,0.000689,-0.0021,0.045451,-0.05229,0.053964,0.4775
revised_long_ex_both,13,slowdown,Hlth,666,True,-0.00442,-0.00272,0.055606,-0.073641,0.054391,0.4865
revised_long_ex_both,13,slowdown,Money,666,True,0.002036,0.002099,0.054579,-0.062676,0.059363,0.521
revised_long_ex_both,13,slowdown,Other,666,True,-0.00937,-0.008119,0.031353,-0.05079,0.02749,0.3934
revised_long_ex_both,13,contraction,NoDur,68,True,0.026016,0.012877,0.066856,-0.054529,0.119548,0.5882
revised_long_ex_both,13,contraction,Durbl,68,True,0.031123,0.043497,0.076269,-0.07627,0.114964,0.7353
revised_long_ex_both,13,contraction,Manuf,68,True,0.016902,0.003421,0.061396,-0.049806,0.108701,0.5147
revised_long_ex_both,13,contraction,Enrgy,68,True,-0.022127,-0.034864,0.103129,-0.128619,0.098391,0.3971
revised_long_ex_both,13,contraction,Chems,68,True,0.020361,0.02196,0.064672,-0.061914,0.101935,0.6029
revised_long_ex_both,13,contraction,BusEq,68,True,-0.015688,-0.013979,0.097937,-0.127798,0.101047,0.4412
revised_long_ex_both,13,contraction,Telcm,68,True,-0.04351,-0.051069,0.049537,-0.101829,0.025363,0.1912
revised_long_ex_both,13,contraction,Utils,68,True,0.003077,-0.004515,0.073206,-0.087249,0.087574,0.4853
revised_long_ex_both,13,contraction,Shops,68,True,0.034287,0.035591,0.033778,-0.006897,0.080425,0.8088
revised_long_ex_both,13,contraction,Hlth,68,True,0.008458,-0.005655,0.058616,-0.059829,0.092387,0.4853
revised_long_ex_both,13,contraction,Money,68,True,0.012706,0.012688,0.035648,-0.017116,0.053701,0.7647
revised_long_ex_both,13,contraction,Other,68,True,0.002427,9.5e-05,0.05129,-0.065208,0.075079,0.5
revised_long_ex_both,26,recovery,NoDur,95,True,0.00465,0.017273,0.05093,-0.068239,0.061588,0.5789
revised_long_ex_both,26,recovery,Durbl,95,True,0.024425,0.033107,0.117598,-0.134435,0.183895,0.6632
revised_long_ex_both,26,recovery,Manuf,95,True,0.026577,0.030057,0.047754,-0.047179,0.070536,0.7895
revised_long_ex_both,26,recovery,Enrgy,95,True,0.053779,0.048912,0.092148,-0.049326,0.172471,0.7158
revised_long_ex_both,26,recovery,Chems,95,True,0.014284,0.019792,0.04355,-0.040302,0.063474,0.6211
revised_long_ex_both,26,recovery,BusEq,95,True,0.011727,0.014944,0.060489,-0.072179,0.092815,0.6421
revised_long_ex_both,26,recovery,Telcm,95,True,0.009468,-0.003939,0.071057,-0.068271,0.105042,0.4737
revised_long_ex_both,26,recovery,Utils,95,True,0.004799,0.006965,0.054197,-0.063353,0.076382,0.5789
revised_long_ex_both,26,recovery,Shops,95,True,-0.026002,-0.019132,0.035173,-0.070141,0.017956,0.2211
revised_long_ex_both,26,recovery,Hlth,95,True,-0.02301,-0.026711,0.048209,-0.082231,0.029952,0.2842
revised_long_ex_both,26,recovery,Money,95,True,-0.013365,-0.005492,0.051516,-0.092496,0.052952,0.4526
revised_long_ex_both,26,recovery,Other,95,True,-0.001294,0.004755,0.03197,-0.055673,0.034045,0.6
revised_long_ex_both,26,expansion,NoDur,667,True,-0.010786,-0.006821,0.07817,-0.101863,0.077653,0.4483
revised_long_ex_both,26,expansion,Durbl,667,True,-0.032998,-0.041465,0.113516,-0.14588,0.097927,0.3523
revised_long_ex_both,26,expansion,Manuf,667,True,0.001098,0.002797,0.057636,-0.074211,0.065939,0.5187
revised_long_ex_both,26,expansion,Enrgy,667,True,0.010345,-0.00859,0.158052,-0.149774,0.178094,0.4723
revised_long_ex_both,26,expansion,Chems,667,True,-0.015864,-0.008795,0.066421,-0.090199,0.052271,0.3958
revised_long_ex_both,26,expansion,BusEq,667,True,0.025225,0.020696,0.083208,-0.069499,0.119659,0.6237
revised_long_ex_both,26,expansion,Telcm,667,True,-0.015295,-0.023164,0.09056,-0.123678,0.106058,0.4033
revised_long_ex_both,26,expansion,Utils,667,True,0.004308,0.002801,0.10152,-0.117656,0.125774,0.5082
revised_long_ex_both,26,expansion,Shops,667,True,-0.003139,-0.005148,0.058012,-0.075487,0.072324,0.4723
revised_long_ex_both,26,expansion,Hlth,667,True,0.013829,0.020795,0.071334,-0.079408,0.093866,0.5907
revised_long_ex_both,26,expansion,Money,667,True,0.003996,0.00498,0.068127,-0.08872,0.078355,0.5487
revised_long_ex_both,26,expansion,Other,667,True,-0.016944,-0.014419,0.041122,-0.066329,0.032029,0.3253
revised_long_ex_both,26,slowdown,NoDur,657,True,-0.016079,-0.014298,0.100248,-0.13546,0.088613,0.446
revised_long_ex_both,26,slowdown,Durbl,657,True,-0.001123,-0.023146,0.152148,-0.153597,0.189972,0.411
revised_long_ex_both,26,slowdown,Manuf,657,True,0.009754,0.008211,0.069455,-0.070543,0.099133,0.5419
revised_long_ex_both,26,slowdown,Enrgy,657,True,-0.006224,-0.008315,0.131395,-0.166344,0.176394,0.4505
revised_long_ex_both,26,slowdown,Chems,657,True,-0.019512,-0.014011,0.090035,-0.116796,0.072093,0.411
revised_long_ex_both,26,slowdown,BusEq,657,True,0.022809,0.022315,0.110139,-0.08324,0.133812,0.6484
revised_long_ex_both,26,slowdown,Telcm,657,True,-0.017545,-0.01461,0.083388,-0.124567,0.076358,0.4049
revised_long_ex_both,26,slowdown,Utils,657,True,-0.003767,-0.007792,0.115111,-0.128029,0.139994,0.4612
revised_long_ex_both,26,slowdown,Shops,657,True,0.001092,-0.000723,0.064449,-0.073491,0.074638,0.4977
revised_long_ex_both,26,slowdown,Hlth,657,True,-0.006133,-0.010351,0.073184,-0.09604,0.085707,0.4444
revised_long_ex_both,26,slowdown,Money,657,True,0.002649,0.005148,0.088534,-0.107142,0.089957,0.5205
revised_long_ex_both,26,slowdown,Other,657,True,-0.015636,-0.012873,0.048555,-0.082177,0.037817,0.3714
revised_long_ex_both,26,contraction,NoDur,68,True,0.071609,0.087006,0.08177,-0.057691,0.165137,0.7941
revised_long_ex_both,26,contraction,Durbl,68,True,0.078153,0.095844,0.110094,-0.064117,0.20356,0.7206
revised_long_ex_both,26,contraction,Manuf,68,True,0.05242,0.037379,0.096614,-0.054821,0.18951,0.7059
revised_long_ex_both,26,contraction,Enrgy,68,True,-0.014781,-0.003625,0.112544,-0.119188,0.136571,0.4853
revised_long_ex_both,26,contraction,Chems,68,True,0.06678,0.096791,0.087105,-0.082216,0.157707,0.7647
revised_long_ex_both,26,contraction,BusEq,68,True,-0.041538,-0.058496,0.121108,-0.189825,0.130915,0.3382
revised_long_ex_both,26,contraction,Telcm,68,True,-0.107109,-0.092338,0.055252,-0.177287,-0.050764,0.0147
revised_long_ex_both,26,contraction,Utils,68,True,-0.007841,-0.016014,0.057847,-0.070635,0.059402,0.3824
revised_long_ex_both,26,contraction,Shops,68,True,0.070978,0.072368,0.033022,0.029729,0.116305,1.0
revised_long_ex_both,26,contraction,Hlth,68,True,-0.005922,0.02202,0.090772,-0.112605,0.114683,0.5294
revised_long_ex_both,26,contraction,Money,68,True,0.031102,0.038624,0.062917,-0.002668,0.092778,0.8529
revised_long_ex_both,26,contraction,Other,68,True,-0.01621,-0.009863,0.045471,-0.076259,0.041524,0.3824
real_time_ex_covid,4,recovery,NoDur,10,True,-0.014015,-0.014356,0.017386,-0.02924,0.004368,0.2
real_time_ex_covid,4,recovery,Durbl,10,True,-0.007396,-0.014679,0.066103,-0.073964,0.076239,0.4
real_time_ex_covid,4,recovery,Manuf,10,True,-0.004026,-0.01453,0.02457,-0.022702,0.024235,0.3
real_time_ex_covid,4,recovery,Enrgy,10,True,0.007674,0.007835,0.106076,-0.111597,0.107533,0.6
real_time_ex_covid,4,recovery,Chems,10,True,-0.025164,-0.026508,0.029865,-0.064743,0.001411,0.1
real_time_ex_covid,4,recovery,BusEq,10,True,0.01528,0.016047,0.026176,-0.016955,0.043663,0.8
real_time_ex_covid,4,recovery,Telcm,10,True,-0.025312,-0.023558,0.034682,-0.077001,0.015469,0.3
real_time_ex_covid,4,recovery,Utils,10,True,-0.015276,-0.004983,0.030654,-0.059459,0.011247,0.4
real_time_ex_covid,4,recovery,Shops,10,True,-0.000102,0.000904,0.025785,-0.029606,0.02583,0.6
real_time_ex_covid,4,recovery,Hlth,10,True,-0.01025,-0.014913,0.023713,-0.033332,0.014256,0.3
real_time_ex_covid,4,recovery,Money,10,True,-0.001036,-0.020431,0.040188,-0.038141,0.049506,0.4
real_time_ex_covid,4,recovery,Other,10,True,0.00829,0.001461,0.021633,-0.006241,0.029247,0.5
real_time_ex_covid,4,expansion,NoDur,282,True,-0.000595,-0.005696,0.03325,-0.035822,0.040044,0.4184
real_time_ex_covid,4,expansion,Durbl,282,True,-0.016062,-0.010296,0.06644,-0.093474,0.041445,0.3865
real_time_ex_covid,4,expansion,Manuf,282,True,0.001801,0.000445,0.025537,-0.025577,0.024408,0.5142
real_time_ex_covid,4,expansion,Enrgy,282,True,0.001581,-0.008564,0.069065,-0.079788,0.089836,0.4468
real_time_ex_covid,4,expansion,Chems,282,True,-0.001331,-0.002571,0.026896,-0.029605,0.032265,0.4504
real_time_ex_covid,4,expansion,BusEq,282,True,0.001995,0.001438,0.021565,-0.024977,0.025246,0.5461
real_time_ex_covid,4,expansion,Telcm,282,True,-0.002762,-0.004582,0.03434,-0.039142,0.037441,0.4291
real_time_ex_covid,4,expansion,Utils,282,True,0.000547,-0.000749,0.040732,-0.04548,0.048729,0.4965
real_time_ex_covid,4,expansion,Shops,282,True,-0.001463,-0.000892,0.021427,-0.02721,0.025393,0.4645
real_time_ex_covid,4,expansion,Hlth,282,True,0.002489,0.003929,0.029428,-0.033312,0.036265,0.5816
real_time_ex_covid,4,expansion,Money,282,True,0.004007,0.003768,0.0229,-0.023461,0.029381,0.578
real_time_ex_covid,4,expansion,Other,282,True,-0.001285,-0.00154,0.016834,-0.022793,0.01895,0.4362
real_time_ex_covid,4,slowdown,NoDur,324,True,-0.007754,-0.00857,0.03212,-0.048398,0.028432,0.4228
real_time_ex_covid,4,slowdown,Durbl,324,True,0.012127,-0.001755,0.079591,-0.059536,0.102423,0.4784
real_time_ex_covid,4,slowdown,Manuf,324,True,0.000144,0.000263,0.02304,-0.029133,0.025612,0.5062
real_time_ex_covid,4,slowdown,Enrgy,324,True,-0.005257,-0.011698,0.055955,-0.064422,0.056458,0.392
real_time_ex_covid,4,slowdown,Chems,324,True,-0.008548,-0.009369,0.028466,-0.043986,0.021178,0.3673
real_time_ex_covid,4,slowdown,BusEq,324,True,0.007561,0.00705,0.023391,-0.020535,0.036298,0.6481
real_time_ex_covid,4,slowdown,Telcm,324,True,-0.008817,-0.005991,0.032555,-0.049683,0.02972,0.4074
real_time_ex_covid,4,slowdown,Utils,324,True,-0.00259,-0.002969,0.040399,-0.05194,0.049058,0.4691
real_time_ex_covid,4,slowdown,Shops,324,True,-0.000101,6.2e-05,0.018533,-0.021794,0.021621,0.5
real_time_ex_covid,4,slowdown,Hlth,324,True,-0.00622,-0.004161,0.031082,-0.044713,0.030913,0.4074
real_time_ex_covid,4,slowdown,Money,324,True,-0.002572,-0.004173,0.02871,-0.035826,0.029001,0.4444
real_time_ex_covid,4,slowdown,Other,324,True,-0.002782,-0.002407,0.017425,-0.022281,0.016325,0.4259
real_time_ex_covid,4,contraction,NoDur,0,False,,,,,,
real_time_ex_covid,4,contraction,Durbl,0,False,,,,,,
real_time_ex_covid,4,contraction,Manuf,0,False,,,,,,
real_time_ex_covid,4,contraction,Enrgy,0,False,,,,,,
real_time_ex_covid,4,contraction,Chems,0,False,,,,,,
real_time_ex_covid,4,contraction,BusEq,0,False,,,,,,
real_time_ex_covid,4,contraction,Telcm,0,False,,,,,,
real_time_ex_covid,4,contraction,Utils,0,False,,,,,,
real_time_ex_covid,4,contraction,Shops,0,False,,,,,,
real_time_ex_covid,4,contraction,Hlth,0,False,,,,,,
real_time_ex_covid,4,contraction,Money,0,False,,,,,,
real_time_ex_covid,4,contraction,Other,0,False,,,,,,
real_time_ex_covid,13,recovery,NoDur,10,True,-0.011089,-0.016769,0.025667,-0.034299,0.019316,0.4
real_time_ex_covid,13,recovery,Durbl,10,True,-0.093212,-0.10168,0.058863,-0.148534,-0.033022,0.1
real_time_ex_covid,13,recovery,Manuf,10,True,0.01827,0.014914,0.049422,-0.035995,0.078523,0.5
real_time_ex_covid,13,recovery,Enrgy,10,True,0.084595,0.063285,0.088659,0.014156,0.173834,0.9
real_time_ex_covid,13,recovery,Chems,10,True,-0.029572,-0.031137,0.023781,-0.053891,-0.000856,0.1
real_time_ex_covid,13,recovery,BusEq,10,True,0.014446,0.021023,0.026418,-0.024697,0.040164,0.7
real_time_ex_covid,13,recovery,Telcm,10,True,-0.04486,-0.039734,0.025044,-0.085646,-0.019904,0.0
real_time_ex_covid,13,recovery,Utils,10,True,-0.019432,-0.019818,0.021909,-0.049003,0.003368,0.2
real_time_ex_covid,13,recovery,Shops,10,True,0.001395,0.001337,0.012908,-0.011202,0.018186,0.5
real_time_ex_covid,13,recovery,Hlth,10,True,-0.035103,-0.027521,0.045768,-0.090918,0.010834,0.2
real_time_ex_covid,13,recovery,Money,10,True,0.034359,0.023997,0.054113,-0.013532,0.095812,0.5
real_time_ex_covid,13,recovery,Other,10,True,0.017039,0.018443,0.042405,-0.030492,0.05629,0.5
real_time_ex_covid,13,expansion,NoDur,275,True,-0.015945,-0.018482,0.056571,-0.083862,0.05564,0.3527
real_time_ex_covid,13,expansion,Durbl,275,True,-0.011859,-0.013607,0.116791,-0.120695,0.110484,0.4218
real_time_ex_covid,13,expansion,Manuf,275,True,-0.001422,-0.004685,0.036863,-0.042245,0.036727,0.4182
real_time_ex_covid,13,expansion,Enrgy,275,True,-0.019609,-0.032461,0.117922,-0.138584,0.10233,0.3091
real_time_ex_covid,13,expansion,Chems,275,True,-0.017495,-0.012779,0.048085,-0.075818,0.042066,0.3491
real_time_ex_covid,13,expansion,BusEq,275,True,0.017071,0.015616,0.036482,-0.029877,0.061877,0.7018
real_time_ex_covid,13,expansion,Telcm,275,True,-0.021177,-0.014375,0.065365,-0.102222,0.054209,0.3782
real_time_ex_covid,13,expansion,Utils,275,True,-0.002123,-0.007185,0.068367,-0.078629,0.088295,0.4727
real_time_ex_covid,13,expansion,Shops,275,True,-0.000463,-0.00278,0.035167,-0.044908,0.046328,0.4655
real_time_ex_covid,13,expansion,Hlth,275,True,-0.006443,0.003894,0.053314,-0.08082,0.051187,0.5273
real_time_ex_covid,13,expansion,Money,275,True,0.003454,-0.001247,0.036661,-0.034871,0.040243,0.4909
real_time_ex_covid,13,expansion,Other,275,True,-0.007848,-0.006392,0.032928,-0.048275,0.03083,0.3927
real_time_ex_covid,13,slowdown,NoDur,322,True,-0.014855,-0.016514,0.05792,-0.085299,0.062097,0.3696
real_time_ex_covid,13,slowdown,Durbl,322,True,0.00605,-0.013304,0.136266,-0.124336,0.168573,0.4037
real_time_ex_covid,13,slowdown,Manuf,322,True,-0.001238,0.003592,0.041001,-0.051667,0.042095,0.5217
real_time_ex_covid,13,slowdown,Enrgy,322,True,-0.010179,-0.031126,0.116172,-0.123842,0.141166,0.3727
real_time_ex_covid,13,slowdown,Chems,322,True,-0.019375,-0.016948,0.050612,-0.086004,0.043937,0.354
real_time_ex_covid,13,slowdown,BusEq,322,True,0.018175,0.016431,0.04271,-0.036566,0.068944,0.6491
real_time_ex_covid,13,slowdown,Telcm,322,True,-0.018999,-0.011191,0.054569,-0.092355,0.042006,0.3789
real_time_ex_covid,13,slowdown,Utils,322,True,-0.006491,-0.006814,0.065814,-0.080726,0.086261,0.4317
real_time_ex_covid,13,slowdown,Shops,322,True,-0.001369,-0.001961,0.03665,-0.048497,0.04452,0.4783
real_time_ex_covid,13,slowdown,Hlth,322,True,-0.006146,-0.002889,0.054119,-0.075353,0.056046,0.472
real_time_ex_covid,13,slowdown,Money,322,True,-0.002959,-0.002909,0.04654,-0.053492,0.048455,0.4752
real_time_ex_covid,13,slowdown,Other,322,True,-0.007165,-0.006344,0.029083,-0.040561,0.02832,0.3851
real_time_ex_covid,13,contraction,NoDur,0,False,,,,,,
real_time_ex_covid,13,contraction,Durbl,0,False,,,,,,
real_time_ex_covid,13,contraction,Manuf,0,False,,,,,,
real_time_ex_covid,13,contraction,Enrgy,0,False,,,,,,
real_time_ex_covid,13,contraction,Chems,0,False,,,,,,
real_time_ex_covid,13,contraction,BusEq,0,False,,,,,,
real_time_ex_covid,13,contraction,Telcm,0,False,,,,,,
real_time_ex_covid,13,contraction,Utils,0,False,,,,,,
real_time_ex_covid,13,contraction,Shops,0,False,,,,,,
real_time_ex_covid,13,contraction,Hlth,0,False,,,,,,
real_time_ex_covid,13,contraction,Money,0,False,,,,,,
real_time_ex_covid,13,contraction,Other,0,False,,,,,,
real_time_ex_covid,26,recovery,NoDur,10,True,-0.05072,-0.05337,0.029713,-0.075021,-0.015648,0.0
real_time_ex_covid,26,recovery,Durbl,10,True,-0.112568,-0.095588,0.11631,-0.245645,0.025088,0.3
real_time_ex_covid,26,recovery,Manuf,10,True,-0.014793,-0.023627,0.059166,-0.075152,0.052053,0.5
real_time_ex_covid,26,recovery,Enrgy,10,True,0.078392,0.070381,0.156022,-0.08704,0.219107,0.7
real_time_ex_covid,26,recovery,Chems,10,True,-0.062491,-0.064391,0.023639,-0.089621,-0.040041,0.0
real_time_ex_covid,26,recovery,BusEq,10,True,0.056139,0.043767,0.033231,0.028985,0.101232,1.0
real_time_ex_covid,26,recovery,Telcm,10,True,-0.090602,-0.084108,0.033202,-0.136149,-0.056042,0.0
real_time_ex_covid,26,recovery,Utils,10,True,-0.046159,-0.045824,0.022235,-0.07147,-0.019799,0.0
real_time_ex_covid,26,recovery,Shops,10,True,-0.01246,-0.007618,0.021084,-0.039604,0.010604,0.5
real_time_ex_covid,26,recovery,Hlth,10,True,-0.033852,-0.029785,0.030433,-0.073142,-0.003934,0.1
real_time_ex_covid,26,recovery,Money,10,True,0.026929,0.038572,0.049956,-0.037998,0.076843,0.7
real_time_ex_covid,26,recovery,Other,10,True,-0.022869,-0.019003,0.036272,-0.063617,0.01567,0.5
real_time_ex_covid,26,expansion,NoDur,265,True,-0.02526,-0.011222,0.081066,-0.130381,0.069622,0.4226
real_time_ex_covid,26,expansion,Durbl,265,True,-0.014455,-0.029465,0.152933,-0.174205,0.204175,0.3623
real_time_ex_covid,26,expansion,Manuf,265,True,-0.008626,-0.013196,0.044462,-0.064858,0.052245,0.434
real_time_ex_covid,26,expansion,Enrgy,265,True,-0.008499,-0.062691,0.206551,-0.186595,0.232011,0.3321
real_time_ex_covid,26,expansion,Chems,265,True,-0.029525,-0.020902,0.068113,-0.108788,0.049378,0.3132
real_time_ex_covid,26,expansion,BusEq,265,True,0.029083,0.026756,0.049608,-0.037161,0.091028,0.766
real_time_ex_covid,26,expansion,Telcm,265,True,-0.042635,-0.038389,0.080385,-0.145924,0.058985,0.3057
real_time_ex_covid,26,expansion,Utils,265,True,-0.000631,0.001285,0.098616,-0.127072,0.13443,0.5019
real_time_ex_covid,26,expansion,Shops,265,True,0.004542,4.9e-05,0.054624,-0.06813,0.07866,0.5019
real_time_ex_covid,26,expansion,Hlth,265,True,0.000747,0.003936,0.065498,-0.079902,0.080742,0.5132
real_time_ex_covid,26,expansion,Money,265,True,0.002677,0.004769,0.055811,-0.061035,0.065199,0.5245
real_time_ex_covid,26,expansion,Other,265,True,-0.017015,-0.009513,0.037029,-0.051634,0.024233,0.2906
real_time_ex_covid,26,slowdown,NoDur,320,True,-0.029272,-0.031579,0.078597,-0.128284,0.074712,0.3688
real_time_ex_covid,26,slowdown,Durbl,320,True,0.001049,-0.023396,0.179749,-0.196683,0.185117,0.4188
real_time_ex_covid,26,slowdown,Manuf,320,True,0.000742,-0.004193,0.075345,-0.080774,0.079847,0.475
real_time_ex_covid,26,slowdown,Enrgy,320,True,-0.045902,-0.061194,0.152821,-0.203792,0.116511,0.3344
real_time_ex_covid,26,slowdown,Chems,320,True,-0.03623,-0.031224,0.065221,-0.111695,0.039087,0.2812
real_time_ex_covid,26,slowdown,BusEq,320,True,0.0378,0.03401,0.058911,-0.039998,0.107619,0.7688
real_time_ex_covid,26,slowdown,Telcm,320,True,-0.028178,-0.016611,0.074773,-0.148586,0.054225,0.3594
real_time_ex_covid,26,slowdown,Utils,320,True,-0.009699,-0.011668,0.086702,-0.117326,0.095787,0.4313
real_time_ex_covid,26,slowdown,Shops,320,True,-0.000734,-0.000448,0.049338,-0.056043,0.062747,0.4969
real_time_ex_covid,26,slowdown,Hlth,320,True,-0.012933,-0.016573,0.071595,-0.099462,0.083772,0.3937
real_time_ex_covid,26,slowdown,Money,320,True,-0.006841,-0.003682,0.068771,-0.095414,0.069683,0.475
real_time_ex_covid,26,slowdown,Other,320,True,-0.011801,-0.010873,0.040505,-0.056846,0.034905,0.3656
real_time_ex_covid,26,contraction,NoDur,0,False,,,,,,
real_time_ex_covid,26,contraction,Durbl,0,False,,,,,,
real_time_ex_covid,26,contraction,Manuf,0,False,,,,,,
real_time_ex_covid,26,contraction,Enrgy,0,False,,,,,,
real_time_ex_covid,26,contraction,Chems,0,False,,,,,,
real_time_ex_covid,26,contraction,BusEq,0,False,,,,,,
real_time_ex_covid,26,contraction,Telcm,0,False,,,,,,
real_time_ex_covid,26,contraction,Utils,0,False,,,,,,
real_time_ex_covid,26,contraction,Shops,0,False,,,,,,
real_time_ex_covid,26,contraction,Hlth,0,False,,,,,,
real_time_ex_covid,26,contraction,Money,0,False,,,,,,
real_time_ex_covid,26,contraction,Other,0,False,,,,,,
real_time_gated,4,recovery,NoDur,34,True,-0.012652,-0.008843,0.020171,-0.039404,0.014712,0.2353
real_time_gated,4,recovery,Durbl,34,True,0.073115,0.063101,0.103271,-0.037518,0.229562,0.7059
real_time_gated,4,recovery,Manuf,34,True,0.005862,0.001405,0.023692,-0.021708,0.04087,0.5294
real_time_gated,4,recovery,Enrgy,34,True,0.002038,-0.028067,0.117536,-0.124353,0.164066,0.4118
real_time_gated,4,recovery,Chems,34,True,-0.013784,-0.013243,0.026659,-0.043085,0.024225,0.2647
real_time_gated,4,recovery,BusEq,34,True,0.005515,0.006438,0.023484,-0.026532,0.036704,0.6176
real_time_gated,4,recovery,Telcm,34,True,-0.011488,-0.010748,0.034297,-0.055332,0.032429,0.3824
real_time_gated,4,recovery,Utils,34,True,-0.021585,-0.013248,0.041168,-0.073881,0.032039,0.3529
real_time_gated,4,recovery,Shops,34,True,-0.008572,-0.003008,0.023117,-0.037706,0.020226,0.4118
real_time_gated,4,recovery,Hlth,34,True,-0.011716,-0.010234,0.02496,-0.040815,0.016887,0.3529
real_time_gated,4,recovery,Money,34,True,0.004226,-0.003876,0.032648,-0.027303,0.050466,0.4412
real_time_gated,4,recovery,Other,34,True,0.007061,0.001638,0.018237,-0.011846,0.026157,0.5294
real_time_gated,4,expansion,NoDur,273,True,-0.000368,-0.00571,0.033013,-0.033775,0.039584,0.4176
real_time_gated,4,expansion,Durbl,273,True,-0.016163,-0.010246,0.067125,-0.094495,0.041301,0.3919
real_time_gated,4,expansion,Manuf,273,True,0.001392,0.000439,0.025513,-0.026437,0.023883,0.5092
real_time_gated,4,expansion,Enrgy,273,True,0.001794,-0.007809,0.06921,-0.077103,0.090859,0.4469
real_time_gated,4,expansion,Chems,273,True,-0.001133,-0.002345,0.026455,-0.029235,0.031828,0.4505
real_time_gated,4,expansion,BusEq,273,True,0.001952,0.001422,0.021243,-0.024434,0.024045,0.5458
real_time_gated,4,expansion,Telcm,273,True,-0.002094,-0.004135,0.034028,-0.03766,0.037401,0.4396
real_time_gated,4,expansion,Utils,273,True,0.000303,-0.001175,0.040462,-0.04547,0.048568,0.4908
real_time_gated,4,expansion,Shops,273,True,-0.001469,-0.001042,0.020992,-0.02719,0.025368,0.4579
real_time_gated,4,expansion,Hlth,273,True,0.002629,0.003984,0.029507,-0.033298,0.036252,0.5861
real_time_gated,4,expansion,Money,273,True,0.004156,0.003819,0.022242,-0.023201,0.029215,0.5861
real_time_gated,4,expansion,Other,273,True,-0.001353,-0.001651,0.016778,-0.02277,0.018934,0.4286
real_time_gated,4,slowdown,NoDur,346,True,-0.007254,-0.007821,0.032028,-0.048311,0.028645,0.4277
real_time_gated,4,slowdown,Durbl,346,True,0.011401,-0.002101,0.079279,-0.06273,0.100369,0.474
real_time_gated,4,slowdown,Manuf,346,True,-0.000701,-0.000527,0.024518,-0.031234,0.025925,0.4971
real_time_gated,4,slowdown,Enrgy,346,True,-0.008263,-0.012012,0.060499,-0.071735,0.059683,0.3873
real_time_gated,4,slowdown,Chems,346,True,-0.007944,-0.008072,0.028849,-0.043764,0.024355,0.3728
real_time_gated,4,slowdown,BusEq,346,True,0.007697,0.007271,0.023342,-0.020449,0.036207,0.6503
real_time_gated,4,slowdown,Telcm,346,True,-0.00892,-0.006305,0.032753,-0.049864,0.029934,0.4046
real_time_gated,4,slowdown,Utils,346,True,-0.001938,-0.001367,0.040643,-0.05234,0.049864,0.4827
real_time_gated,4,slowdown,Shops,346,True,0.001086,0.001223,0.020015,-0.021046,0.025147,0.5231
real_time_gated,4,slowdown,Hlth,346,True,-0.004527,-0.003912,0.032131,-0.043907,0.03623,0.422
real_time_gated,4,slowdown,Money,346,True,-0.003856,-0.005318,0.029586,-0.03734,0.028662,0.4249
real_time_gated,4,slowdown,Other,346,True,-0.0034,-0.002669,0.017837,-0.024081,0.015733,0.422
real_time_gated,4,contraction,NoDur,15,True,-0.027826,-0.023579,0.028783,-0.065321,0.00341,0.2
real_time_gated,4,contraction,Durbl,15,True,0.096276,0.085143,0.07314,0.024671,0.208374,0.9333
real_time_gated,4,contraction,Manuf,15,True,-0.000776,-0.011706,0.050271,-0.059095,0.072527,0.4
real_time_gated,4,contraction,Enrgy,15,True,-0.016275,-0.014178,0.077937,-0.127736,0.059662,0.4
real_time_gated,4,contraction,Chems,15,True,-0.007622,-0.010889,0.019642,-0.027426,0.01893,0.2667
real_time_gated,4,contraction,BusEq,15,True,0.018262,0.018708,0.027077,-0.015823,0.050498,0.7333
real_time_gated,4,contraction,Telcm,15,True,-0.024304,-0.025534,0.021357,-0.047448,0.000506,0.2
real_time_gated,4,contraction,Utils,15,True,-0.038155,-0.043623,0.042696,-0.085285,0.00725,0.2667
real_time_gated,4,contraction,Shops,15,True,0.014103,0.023192,0.024751,-0.015782,0.043124,0.6
real_time_gated,4,contraction,Hlth,15,True,-0.02247,-0.019399,0.033212,-0.06254,0.010822,0.2667
real_time_gated,4,contraction,Money,15,True,-0.017501,-0.017344,0.043341,-0.073861,0.039453,0.3333
real_time_gated,4,contraction,Other,15,True,0.004887,0.004973,0.021995,-0.019631,0.033296,0.6
real_time_gated,13,recovery,NoDur,34,True,-0.032883,-0.032418,0.027882,-0.068572,0.000603,0.1176
real_time_gated,13,recovery,Durbl,34,True,0.169176,0.184062,0.235003,-0.124099,0.540378,0.6765
real_time_gated,13,recovery,Manuf,34,True,0.032251,0.032788,0.035998,-0.019337,0.078288,0.7941
real_time_gated,13,recovery,Enrgy,34,True,0.101004,0.122354,0.182193,-0.202841,0.293493,0.7941
real_time_gated,13,recovery,Chems,34,True,-0.043981,-0.05093,0.043574,-0.112609,0.006521,0.2353
real_time_gated,13,recovery,BusEq,34,True,0.001849,-0.000299,0.027544,-0.035668,0.038926,0.5
real_time_gated,13,recovery,Telcm,34,True,-0.023799,-0.019091,0.028487,-0.056547,0.01051,0.2353
real_time_gated,13,recovery,Utils,34,True,-0.05519,-0.043551,0.053164,-0.135927,0.002127,0.1765
real_time_gated,13,recovery,Shops,34,True,-0.038029,-0.04072,0.039602,-0.088083,0.006493,0.2059
real_time_gated,13,recovery,Hlth,34,True,-0.032884,-0.033365,0.031968,-0.076109,0.004061,0.1471
real_time_gated,13,recovery,Money,34,True,0.040669,0.040492,0.049762,-0.024394,0.107462,0.7059
real_time_gated,13,recovery,Other,34,True,0.019529,0.018314,0.026646,-0.013923,0.050699,0.8235
real_time_gated,13,expansion,NoDur,267,True,-0.017366,-0.020028,0.056511,-0.084773,0.053162,0.3446
real_time_gated,13,expansion,Durbl,267,True,-0.010217,-0.012826,0.117724,-0.120657,0.118936,0.4307
real_time_gated,13,expansion,Manuf,267,True,-0.001766,-0.005554,0.036729,-0.04224,0.036586,0.412
real_time_gated,13,expansion,Enrgy,267,True,-0.020927,-0.035153,0.117124,-0.13837,0.100555,0.3071
real_time_gated,13,expansion,Chems,267,True,-0.018701,-0.013803,0.047938,-0.076539,0.040439,0.3408
real_time_gated,13,expansion,BusEq,267,True,0.017786,0.016217,0.036452,-0.028782,0.062836,0.7154
real_time_gated,13,expansion,Telcm,267,True,-0.021269,-0.014375,0.065996,-0.105458,0.05404,0.382
real_time_gated,13,expansion,Utils,267,True,-0.00408,-0.008497,0.0672,-0.082764,0.087996,0.4607
real_time_gated,13,expansion,Shops,267,True,-0.000891,-0.003289,0.035042,-0.044778,0.046297,0.4532
real_time_gated,13,expansion,Hlth,267,True,-0.006558,0.003894,0.053365,-0.08156,0.051168,0.5281
real_time_gated,13,expansion,Money,267,True,0.003192,-0.001247,0.035717,-0.033898,0.040037,0.4906
real_time_gated,13,expansion,Other,267,True,-0.008261,-0.006619,0.033034,-0.049622,0.027678,0.3858
real_time_gated,13,slowdown,NoDur,343,True,-0.014601,-0.016254,0.05775,-0.087229,0.062054,0.3703
real_time_gated,13,slowdown,Durbl,343,True,0.005943,-0.013805,0.135134,-0.123727,0.170776,0.3994
real_time_gated,13,slowdown,Manuf,343,True,-0.00396,0.001968,0.044263,-0.059439,0.043028,0.5073
real_time_gated,13,slowdown,Enrgy,343,True,-0.013287,-0.031585,0.120365,-0.134306,0.141013,0.3703
real_time_gated,13,slowdown,Chems,343,True,-0.017821,-0.014449,0.050416,-0.085096,0.044104,0.3732
real_time_gated,13,slowdown,BusEq,343,True,0.019345,0.017049,0.042848,-0.035565,0.070521,0.6531
real_time_gated,13,slowdown,Telcm,343,True,-0.019805,-0.01208,0.054242,-0.092583,0.041867,0.3703
real_time_gated,13,slowdown,Utils,343,True,-0.007498,-0.00687,0.068459,-0.084383,0.086078,0.4344
real_time_gated,13,slowdown,Shops,343,True,0.002262,0.000499,0.04013,-0.048421,0.055024,0.5073
real_time_gated,13,slowdown,Hlth,343,True,-0.003282,-0.002518,0.056538,-0.072543,0.064538,0.481
real_time_gated,13,slowdown,Money,343,True,-0.006486,-0.004616,0.050449,-0.062866,0.048448,0.4577
real_time_gated,13,slowdown,Other,343,True,-0.008796,-0.007988,0.030364,-0.044593,0.028242,0.3761
real_time_gated,13,contraction,NoDur,15,True,-0.054392,-0.052732,0.050217,-0.123231,-0.001647,0.0667
real_time_gated,13,contraction,Durbl,15,True,0.428896,0.445366,0.105737,0.311167,0.551783,1.0
real_time_gated,13,contraction,Manuf,15,True,0.010444,0.018519,0.043975,-0.040691,0.050286,0.5333
real_time_gated,13,contraction,Enrgy,15,True,-0.182511,-0.207549,0.094884,-0.293574,-0.051159,0.0
real_time_gated,13,contraction,Chems,15,True,0.003398,0.006353,0.038638,-0.039982,0.051298,0.5333
real_time_gated,13,contraction,BusEq,15,True,0.048663,0.043707,0.035078,0.007768,0.087475,1.0
real_time_gated,13,contraction,Telcm,15,True,-0.058605,-0.052522,0.040421,-0.1033,-0.007103,0.0
real_time_gated,13,contraction,Utils,15,True,-0.109233,-0.114753,0.051441,-0.170064,-0.05415,0.0
real_time_gated,13,contraction,Shops,15,True,0.050007,0.053544,0.027932,0.026475,0.076903,0.9333
real_time_gated,13,contraction,Hlth,15,True,-0.078213,-0.071993,0.031772,-0.114358,-0.041323,0.0
real_time_gated,13,contraction,Money,15,True,-0.067031,-0.063041,0.034455,-0.105775,-0.022895,0.0
real_time_gated,13,contraction,Other,15,True,0.0351,0.029559,0.030306,-0.001963,0.069119,0.8667
real_time_gated,26,recovery,NoDur,34,True,-0.060911,-0.064586,0.032479,-0.09941,-0.017538,0.0
real_time_gated,26,recovery,Durbl,34,True,0.228711,0.240426,0.368555,-0.174627,0.879846,0.6471
real_time_gated,26,recovery,Manuf,34,True,0.055647,0.06372,0.06269,-0.058527,0.123868,0.8529
real_time_gated,26,recovery,Enrgy,34,True,0.241789,0.255178,0.227469,-0.049844,0.513156,0.7647
real_time_gated,26,recovery,Chems,34,True,-0.083668,-0.086313,0.031693,-0.128489,-0.042826,0.0
real_time_gated,26,recovery,BusEq,34,True,0.004796,-0.005419,0.044612,-0.040273,0.057701,0.4412
real_time_gated,26,recovery,Telcm,34,True,-0.057897,-0.060541,0.038154,-0.103998,-0.006536,0.0588
real_time_gated,26,recovery,Utils,34,True,-0.099967,-0.111169,0.050937,-0.164197,-0.042114,0.0
real_time_gated,26,recovery,Shops,34,True,-0.064997,-0.067688,0.046321,-0.123573,0.001935,0.1471
real_time_gated,26,recovery,Hlth,34,True,-0.06299,-0.059,0.032413,-0.100262,-0.012048,0.0294
real_time_gated,26,recovery,Money,34,True,0.097469,0.104392,0.077343,0.001917,0.179632,0.8824
real_time_gated,26,recovery,Other,34,True,0.031523,0.046125,0.043026,-0.046985,0.072417,0.8529
real_time_gated,26,expansion,NoDur,257,True,-0.026257,-0.013168,0.08177,-0.133198,0.070048,0.4163
real_time_gated,26,expansion,Durbl,257,True,-0.012442,-0.028978,0.15427,-0.172718,0.213933,0.3658
real_time_gated,26,expansion,Manuf,257,True,-0.008127,-0.013673,0.044483,-0.063516,0.052929,0.4397
real_time_gated,26,expansion,Enrgy,257,True,-0.007158,-0.060676,0.208123,-0.183481,0.230571,0.3346
real_time_gated,26,expansion,Chems,257,True,-0.029891,-0.020223,0.068973,-0.109102,0.049714,0.3152
real_time_gated,26,expansion,BusEq,257,True,0.029255,0.026756,0.04987,-0.037839,0.090558,0.7704
real_time_gated,26,expansion,Telcm,257,True,-0.043132,-0.038389,0.080549,-0.146398,0.057656,0.3035
real_time_gated,26,expansion,Utils,257,True,-0.002819,-0.004424,0.098323,-0.127295,0.132208,0.4903
real_time_gated,26,expansion,Shops,257,True,0.003837,-0.000837,0.054888,-0.068978,0.078657,0.4981
real_time_gated,26,expansion,Hlth,257,True,6.6e-05,0.003936,0.066086,-0.080565,0.081135,0.5097
real_time_gated,26,expansion,Money,257,True,0.003417,0.004964,0.056033,-0.060839,0.065736,0.5292
real_time_gated,26,expansion,Other,257,True,-0.016282,-0.008748,0.037198,-0.05133,0.024267,0.2996
real_time_gated,26,slowdown,NoDur,341,True,-0.030961,-0.035103,0.077855,-0.128272,0.071914,0.3607
real_time_gated,26,slowdown,Durbl,341,True,0.018964,-0.021709,0.209732,-0.187648,0.258734,0.437
real_time_gated,26,slowdown,Manuf,341,True,-0.003331,-0.006982,0.076486,-0.089461,0.070439,0.4545
real_time_gated,26,slowdown,Enrgy,341,True,-0.056075,-0.069623,0.158373,-0.22339,0.103161,0.3196
real_time_gated,26,slowdown,Chems,341,True,-0.034413,-0.027999,0.063816,-0.109476,0.037663,0.2933
real_time_gated,26,slowdown,BusEq,341,True,0.040926,0.036538,0.060257,-0.037565,0.117452,0.7742
real_time_gated,26,slowdown,Telcm,341,True,-0.030952,-0.019163,0.074921,-0.145447,0.054124,0.346
real_time_gated,26,slowdown,Utils,341,True,-0.014834,-0.014238,0.093719,-0.125165,0.095019,0.4252
real_time_gated,26,slowdown,Shops,341,True,0.00593,0.0042,0.057438,-0.055313,0.081686,0.5191
real_time_gated,26,slowdown,Hlth,341,True,-0.011757,-0.014562,0.070931,-0.098881,0.081409,0.4076
real_time_gated,26,slowdown,Money,341,True,-0.014092,-0.006617,0.075532,-0.126152,0.065831,0.4545
real_time_gated,26,slowdown,Other,341,True,-0.013425,-0.01217,0.040819,-0.06485,0.034725,0.3519
real_time_gated,26,contraction,NoDur,15,True,-0.08766,-0.080268,0.04141,-0.141787,-0.05121,0.0
real_time_gated,26,contraction,Durbl,15,True,0.897712,0.90417,0.145088,0.704641,1.0707,1.0
real_time_gated,26,contraction,Manuf,15,True,0.063849,0.062478,0.044835,0.015294,0.122338,0.9333
real_time_gated,26,contraction,Enrgy,15,True,-0.286897,-0.289549,0.105261,-0.388279,-0.201945,0.0
real_time_gated,26,contraction,Chems,15,True,-0.012382,-0.016646,0.019512,-0.028569,0.01343,0.2667
real_time_gated,26,contraction,BusEq,15,True,0.060889,0.038765,0.046182,0.016257,0.116752,0.9333
real_time_gated,26,contraction,Telcm,15,True,-0.082422,-0.065099,0.056407,-0.16177,-0.024882,0.0667
real_time_gated,26,contraction,Utils,15,True,-0.163893,-0.161871,0.045022,-0.219155,-0.104096,0.0
real_time_gated,26,contraction,Shops,15,True,0.013826,0.009327,0.064426,-0.058564,0.095631,0.6667
real_time_gated,26,contraction,Hlth,15,True,-0.134132,-0.143202,0.038446,-0.181692,-0.084605,0.0
real_time_gated,26,contraction,Money,15,True,-0.059497,-0.064322,0.06259,-0.113976,0.010427,0.1333
real_time_gated,26,contraction,Other,15,True,0.072596,0.071624,0.018696,0.047164,0.086891,1.0
