as_of,future_observations,last_modelled_week,raw_phase,official_phase,phase_status,activity_level,activity_momentum,negative_level_domains,negative_momentum_domains,positive_momentum_domains,confirming_domains,concentration,dominant_domain,labor_stress_level,labor_stress_momentum,recession_alert,recession_alert_character,evidence_quality_high,phase_separation,confirmation_pending,filtered_winner,contraction_evidence,alert_evidence,information_lag_weeks,weeks_since_any_new_observation,fresh_coincident_domains,stale_domains,carried_forward_domains,withheld,raw_recovery,filtered_recovery,raw_expansion,filtered_expansion,raw_slowdown,filtered_slowdown,raw_contraction,filtered_contraction,age_production,arrived_production,age_employment,arrived_employment,age_real_income,arrived_real_income,age_consumption,arrived_consumption,age_labor_stress,arrived_labor_stress,latest_observation_PAYEMS,latest_observation_W875RX1,latest_observation_INDPRO,latest_observation_CMRMTSPL,latest_observation_RRSFS,latest_observation_ICSA,latest_observation_CCSA
2013-06-14,0,2013-06-14,expansion,slowdown,official,0.4794870609339569,0.05604758395821273,0,1,1,1,0.4297468575430143,labor_stress,1.0302902883445189,0.5893129476524519,none,absent,False,0.0019083447218758987,1,expansion,0.0,0.0,0,0,4,,4,0,0.17119555909168976,0.048121006430709816,0.44410504300185377,0.4768935597057054,0.38469846767476373,0.4749852149838295,9.302316928077276e-07,2.1887975531906402e-07,4.0,0,5.0,0,6.0,0,8.0,0,0.0,1,2013-05-01,2013-04-01,2013-05-01,2013-02-01,2013-04-01,2013-06-08,2013-06-01
2013-06-21,0,2013-06-21,expansion,expansion,official,0.47063991382074616,0.026282732038699946,0,1,1,1,0.41287609891134397,labor_stress,0.971579858051404,0.2453543496273584,none,absent,False,0.12363102508529689,0,expansion,0.0,0.0,0,0,4,,4,0,0.16858192325622567,0.05526213292286632,0.4297001568129991,0.5341843516212662,0.4017169896990825,0.4105533265359693,9.302316928077276e-07,1.8891989812686534e-07,5.0,0,6.0,0,7.0,0,5.0,0,0.0,1,2013-05-01,2013-04-01,2013-05-01,2013-02-01,2013-05-01,2013-06-15,2013-06-08
2013-06-28,0,2013-06-28,slowdown,expansion,official,0.4909981912511392,-0.047772391602932854,0,1,1,1,0.4052048942031344,labor_stress,0.994774350699241,-0.25838206817560744,none,absent,False,0.09243047913342006,0,expansion,0.0,0.05605965056669857,0,0,4,,4,0,0.15028609585417382,0.051590604223876256,0.39888786146313965,0.5204198481881283,0.4508251124509936,0.4279893690547082,9.302316928077275e-07,1.7853328729059388e-07,6.0,0,7.0,0,4.0,0,6.0,0,0.0,1,2013-05-01,2013-05-01,2013-05-01,2013-04-01,2013-05-01,2013-06-22,2013-06-15
2013-07-05,0,2013-07-05,slowdown,expansion,official,0.4948738779197873,-0.06763880782022957,0,1,1,1,0.39931829639412586,labor_stress,0.9880609693044204,-0.4945382138015844,none,absent,False,0.053572958004278415,0,expansion,0.0,0.10663591521004008,0,0,4,,4,0,0.1458669433211129,0.049199524773155735,0.39015322507669564,0.5021866262469799,0.46397890137049874,0.44861366824270144,9.302316928077276e-07,1.8073716296441987e-07,7.0,0,3.0,0,5.0,0,7.0,0,0.0,1,2013-06-01,2013-05-01,2013-05-01,2013-04-01,2013-05-01,2013-06-29,2013-06-22
2013-07-12,0,2013-07-12,slowdown,expansion,official,0.4788826027765921,-0.10873138390970531,0,1,1,1,0.37790910664193805,labor_stress,0.90487048300834,-0.7030829656567966,none,absent,False,0.09402285231680618,1,slowdown,0.0,0.15316525174657916,0,0,4,,4,0,0.14256306767333876,0.04328526327695106,0.3693842278512112,0.4313458445454098,0.4880517742437571,0.525368696862216,9.302316928077275e-07,1.9531542326898005e-07,8.0,0,4.0,0,6.0,0,8.0,0,0.0,1,2013-06-01,2013-05-01,2013-05-01,2013-04-01,2013-05-01,2013-07-06,2013-06-29
2013-07-19,0,2013-07-19,expansion,expansion,official,0.48096241749421625,0.040538387436235654,0,0,1,0,0.3796917123898032,labor_stress,0.913087219467592,-0.6860181973502951,none,absent,False,0.3455066234715264,0,expansion,0.0,0.1470038994322061,0,0,4,,4,0,0.17291339876804143,0.06581966293820757,0.4498789707691172,0.6398434005145505,0.3772066739144283,0.2943367770430241,9.565484130187618e-07,1.5950421793740587e-07,4.0,0,5.0,0,7.0,0,4.0,0,0.0,1,2013-06-01,2013-05-01,2013-06-01,2013-04-01,2013-06-01,2013-07-13,2013-07-06
2013-07-26,0,2013-07-26,expansion,expansion,official,0.48033919948488873,0.09740576606388622,0,0,1,0,0.3766503493991443,labor_stress,0.9045996365804432,-0.4019216236610853,none,absent,False,0.3768376877450052,0,expansion,0.0,0.0861260622130897,0,0,4,,4,0,0.18241815553631038,0.06740593597881175,0.4740203799034475,0.6547157944682789,0.34356051035923363,0.2778781067232737,9.542010084427293e-07,1.6282963563842608e-07,5.0,0,6.0,0,8.0,0,5.0,0,0.0,1,2013-06-01,2013-05-01,2013-06-01,2013-04-01,2013-06-01,2013-07-20,2013-07-13
2013-08-02,0,2013-08-02,slowdown,slowdown,official,0.46032880977582397,-0.08286449285945585,0,0,0,0,0.40653743587551977,labor_stress,0.9357044699294669,-0.12127179323976914,none,absent,False,0.3178525915662243,0,slowdown,0.0,0.030254829816630965,0,0,4,,4,0,0.14765942240238122,0.030370650282824332,0.39638886167599424,0.3258882534671073,0.4559507435776338,0.6437408450333316,9.723439907948935e-07,2.512167366197324e-07,6.0,0,3.0,0,4.0,0,6.0,0,0.0,1,2013-07-01,2013-06-01,2013-06-01,2013-04-01,2013-06-01,2013-07-27,2013-07-20
2013-08-09,0,2013-08-09,expansion,slowdown,official,0.5077893864693657,-0.0411296328192307,0,0,0,0,0.393015632068455,labor_stress,0.9978458334045537,-0.17095750991414374,none,absent,False,0.013389300440430962,0,slowdown,0.0,0.03663375212445937,0,0,4,,4,0,0.13878856074926135,0.036680630917084206,0.43800714138725394,0.4749649313762047,0.42320335499579376,0.4883542318166357,9.428676908644063e-07,2.0589007543322946e-07,7.0,0,4.0,0,5.0,0,7.0,0,0.0,1,2013-07-01,2013-06-01,2013-06-01,2013-05-01,2013-06-01,2013-08-03,2013-07-27
2013-08-16,0,2013-08-16,expansion,slowdown,official,0.5130932646676906,0.002033208275054638,0,0,0,0,0.4175065889862049,labor_stress,1.0710990938160176,0.23336405052344114,none,absent,False,0.015668826720943607,0,slowdown,0.0,0.0,0,0,4,,4,0,0.14391885962934683,0.036057703295116095,0.45901263682169274,0.4741366265051899,0.3970675634211141,0.4898054532261335,9.40127846373672e-07,2.1697356052572144e-07,4.0,0,5.0,0,6.0,0,4.0,0,0.0,1,2013-07-01,2013-06-01,2013-07-01,2013-05-01,2013-07-01,2013-08-10,2013-08-03
2013-08-23,0,2013-08-23,expansion,slowdown,official,0.5144620973025601,-0.005038119558453058,0,0,0,0,0.4190183951558441,labor_stress,1.0778454119011422,0.19527538562995173,none,absent,False,0.04889241633252278,1,expansion,0.0,0.0,0,0,4,,4,0,0.14254866022902982,0.03816113491961435,0.45588146423637155,0.5053655393824288,0.4015689349983389,0.456473123049906,9.405362597807352e-07,2.0264805081774318e-07,5.0,0,6.0,0,7.0,0,5.0,0,0.0,1,2013-07-01,2013-06-01,2013-07-01,2013-05-01,2013-07-01,2013-08-17,2013-08-10
2013-08-30,0,2013-08-30,slowdown,slowdown,official,0.47057025151798565,-0.10831250430057873,0,1,0,1,0.44389216042059243,labor_stress,1.044412227879901,0.09262206877010565,none,absent,False,0.3969384896028166,0,slowdown,0.0,0.004239797189912149,0,0,4,,4,0,0.13594952338912836,0.025769123520932205,0.3724607510179151,0.2886460742299239,0.49158878587642213,0.6855845638327405,9.397165344536281e-07,2.3841640343779418e-07,6.0,0,7.0,0,4.0,0,6.0,0,0.0,1,2013-07-01,2013-07-01,2013-07-01,2013-06-01,2013-07-01,2013-08-24,2013-08-17
2013-09-06,0,2013-09-06,slowdown,slowdown,official,0.4751940928215955,-0.06432667227120227,0,1,0,1,0.45640717710898915,labor_stress,1.0844099724178569,0.4990671714994705,none,absent,False,0.4108239006335801,0,slowdown,0.0,0.0021589921279869233,0,0,4,,4,0,0.14234025450174917,0.02480773382371582,0.3935707616048829,0.28218405618737885,0.46408804373096885,0.693007956820959,9.401623990002159e-07,2.531679463495976e-07,7.0,0,4.0,0,5.0,0,7.0,0,0.0,1,2013-08-01,2013-07-01,2013-07-01,2013-06-01,2013-07-01,2013-08-31,2013-08-24
2013-09-13,0,2013-09-13,expansion,slowdown,official,0.5012029358815095,0.023596971063578897,0,1,0,1,0.47458491390795177,labor_stress,1.1893167608786945,0.8296659216805092,none,absent,False,0.21714288428845313,0,slowdown,0.0,0.0,0,0,4,,4,0,0.15031612164183492,0.03163488921999526,0.43768020738696917,0.37561098955781186,0.4120027302523416,0.592753873846265,9.407188543295658e-07,2.473759279811127e-07,8.0,0,5.0,0,6.0,0,8.0,0,0.0,1,2013-08-01,2013-07-01,2013-07-01,2013-06-01,2013-07-01,2013-09-07,2013-08-31
2013-09-20,0,2013-09-20,expansion,slowdown,official,0.5332062580671894,0.0751620069108084,0,1,0,1,0.4982104945945413,labor_stress,1.328244767762795,1.3055590687527472,none,absent,True,0.1404437196201644,0,slowdown,0.0,0.0,0,0,4,,4,0,0.15009423277836162,0.032241378509455194,0.46574402464599285,0.4136573269214096,0.38416080187227175,0.554101046541574,9.407033737255845e-07,2.480275611744848e-07,4.0,0,6.0,0,7.0,0,4.0,0,0.0,1,2013-08-01,2013-07-01,2013-08-01,2013-06-01,2013-08-01,2013-09-14,2013-09-07
2013-09-27,0,2013-09-27,expansion,expansion,official,0.5693446159822104,0.23270652675787282,0,0,0,0,0.5072704385378078,labor_stress,1.4440584651421782,1.5627426366037835,none,absent,True,0.464063178515962,0,expansion,0.0,0.0,0,0,4,,4,0,0.16548740000204892,0.05180835864053299,0.5517602186914252,0.7061273275589669,0.28275141980238644,0.24206414904300486,9.61504139517389e-07,1.6475749538539768e-07,5.0,0,7.0,0,4.0,0,5.0,0,0.0,1,2013-08-01,2013-08-01,2013-08-01,2013-06-01,2013-08-01,2013-09-21,2013-09-14
2013-10-04,0,2013-10-04,expansion,expansion,official,0.5747161181353829,0.21044400962414764,0,0,0,0,0.5106918258981453,labor_stress,1.4675141187182643,1.4542484346359332,none,absent,True,0.5489486925347185,0,expansion,0.0,0.0,0,0,4,,4,0,0.16133551208629032,0.05376209931972588,0.5436923532771378,0.7475932285865866,0.29497117256955846,0.19864453605186821,9.620670132857444e-07,1.3604181933853173e-07,6.0,0,8.0,0,5.0,0,6.0,0,0.0,1,2013-08-01,2013-08-01,2013-08-01,2013-06-01,2013-08-01,2013-09-28,2013-09-21
2013-10-11,0,2013-10-04,expansion,expansion,preliminary,0.5749353632601512,0.2111527315920906,0,0,0,0,0.5108784180588235,labor_stress,1.4686103443421055,1.457792044475648,none,absent,True,0.5495199817609242,0,expansion,0.0,0.0,1,1,3,employment,5,0,0.16136290109956603,0.053759304107970744,0.5440217266378448,0.7478802708222729,0.2946144102185554,0.19836028906134875,9.620440337719306e-07,1.360084075787981e-07,6.0,0,8.0,0,5.0,0,6.0,0,0.0,1,2013-08-01,2013-08-01,2013-08-01,2013-06-01,2013-08-01,2013-10-05,2013-09-28
2013-10-18,0,2013-10-04,expansion,expansion,preliminary,0.5749353632601512,0.2111527315920906,0,0,0,0,0.5108784180588235,labor_stress,1.4686103443421055,1.457792044475648,none,absent,True,0.5495199817609242,0,expansion,0.0,0.0,2,2,3,employment,5,0,0.16136290109956603,0.053759304107970744,0.5440217266378448,0.7478802708222729,0.2946144102185554,0.19836028906134875,9.620440337719306e-07,1.360084075787981e-07,6.0,0,8.0,0,5.0,0,6.0,0,0.0,1,2013-08-01,2013-08-01,2013-08-01,2013-06-01,2013-08-01,2013-10-12,2013-10-05
2013-10-25,0,2013-10-18,slowdown,expansion,preliminary,0.47561987123927274,-0.1298527813543115,0,0,0,0,0.40592399661882306,labor_stress,0.965327595023878,-0.4201725697952971,none,absent,False,0.21678037958867852,0,expansion,0.0,0.09432848448525563,1,1,2,consumption|production,5,0,0.1359109681947349,0.05235809521721983,0.3761120226989716,0.5822110646100963,0.4879760353476409,0.3654306850214178,9.73758652564675e-07,1.551512659768965e-07,8.0,0,5.0,0,7.0,0,8.0,0,0.0,1,2013-09-01,2013-08-01,2013-08-01,2013-06-01,2013-08-01,2013-10-19,2013-10-12
2013-11-01,0,2013-11-01,slowdown,expansion,preliminary,0.43580000468676705,-0.17145618774981292,0,0,1,0,0.33126636957203437,labor_stress,0.7218294270603044,-1.2117100872247935,none,absent,False,0.022928245677164782,0,expansion,0.0,0.16390737966661514,0,0,3,real_income,4,0,0.14681836541848883,0.055083933744864845,0.34918358421291357,0.4839220644339345,0.5039970849743503,0.4609938187567697,9.653942474221664e-07,1.8306443086373467e-07,6.0,0,7.0,0,9.0,0,6.0,0,0.0,1,2013-09-01,2013-08-01,2013-09-01,2013-06-01,2013-09-01,2013-10-26,2013-10-19
2013-11-08,0,2013-11-08,slowdown,expansion,official,0.47683809080600864,-0.057865634749186066,0,0,2,0,0.34314548792247124,labor_stress,0.8181241966482373,-1.264944976243499,none,absent,False,0.20229386765761836,0,expansion,0.0,0.151827313489771,0,0,4,,4,0,0.1662577076702449,0.06638962290559985,0.40104996145048327,0.5679520362920272,0.43269138054623996,0.3656581686344088,9.503330318413413e-07,1.7216796413649826e-07,7.0,0,4.0,0,5.0,0,7.0,0,0.0,1,2013-10-01,2013-09-01,2013-09-01,2013-06-01,2013-09-01,2013-11-02,2013-10-26
2013-11-15,0,2013-11-15,slowdown,expansion,official,0.4747363497109006,-0.21969198561012412,0,0,1,0,0.3607420972457975,labor_stress,0.8562869321676232,-1.5391677666647694,none,absent,False,0.2970263955999462,2,slowdown,0.0,0.1574948918413974,0,0,4,,4,0,0.12875387664482574,0.034512910998175925,0.330865678980707,0.33423023872311036,0.5403794764419159,0.6312566343230566,9.679325514424116e-07,2.1595565717336912e-07,4.0,0,5.0,0,6.0,0,8.0,0,0.0,1,2013-10-01,2013-09-01,2013-10-01,2013-06-01,2013-09-01,2013-11-09,2013-11-02
2013-11-22,0,2013-11-22,slowdown,expansion,official,0.49556343341324877,-0.21234815463685175,0,0,1,0,0.37130185630518514,labor_stress,0.9200181137165514,-1.6949096744590262,none,absent,False,0.3325519600740311,2,slowdown,0.0,0.1519060920374909,0,0,4,,4,0,0.1254503467855877,0.030809141774472342,0.3360048554248174,0.3183193389443475,0.5385438299851116,0.6508712990183786,9.678044832040932e-07,2.2026280158328466e-07,5.0,0,6.0,0,7.0,0,5.0,0,0.0,1,2013-10-01,2013-09-01,2013-10-01,2013-08-01,2013-10-01,2013-11-16,2013-11-09
2013-11-29,0,2013-11-29,slowdown,slowdown,official,0.515825589175354,-0.17103706999559137,0,0,1,0,0.39412356311773633,labor_stress,1.0164950957654808,-1.4904403919347777,none,absent,True,0.392818128993609,0,slowdown,0.0,0.15,0,0,4,,4,0,0.12805811301943099,0.026274314621933928,0.357088038588936,0.2904536603366933,0.514852882240005,0.6832717893303023,9.661516279222068e-07,2.357110703804003e-07,6.0,0,7.0,0,8.0,0,6.0,0,0.0,1,2013-10-01,2013-09-01,2013-10-01,2013-08-01,2013-10-01,2013-11-23,2013-11-16
2013-12-06,0,2013-12-06,expansion,slowdown,official,0.5414877631459033,0.01727552970045846,0,0,0,0,0.42834223691531387,labor_stress,1.1597103986409294,-0.035915349451750934,none,absent,True,0.39613589127207827,0,slowdown,0.0,0.007696146311089487,0,0,4,,4,0,0.14363861206818807,0.021582553385964365,0.453111211813394,0.29114063097808307,0.40324920773179634,0.6872765222501613,9.683866214868624e-07,2.933857912112231e-07,7.0,0,4.0,0,5.0,0,7.0,0,0.0,1,2013-11-01,2013-10-01,2013-10-01,2013-09-01,2013-10-01,2013-11-30,2013-11-23
2013-12-13,0,2013-12-13,expansion,slowdown,official,0.527238406227801,0.11096513434132745,0,0,0,0,0.4035101361792204,labor_stress,1.0637302054794757,0.30953813769406585,none,absent,False,0.06583108815588123,0,slowdown,0.0,0.0,0,0,4,,4,0,0.16095262541208527,0.034644957213987845,0.49354716043648983,0.44976184611119385,0.34549924858591335,0.5155929342670751,9.65565511613338e-07,2.6240774328786933e-07,8.0,0,5.0,0,6.0,0,8.0,0,0.0,1,2013-11-01,2013-10-01,2013-10-01,2013-09-01,2013-10-01,2013-12-07,2013-11-30
2013-12-20,0,2013-12-20,expansion,expansion,official,0.5278967521902158,0.2899224435525089,0,0,2,0,0.3266894905010701,labor_stress,0.8622916050509564,0.14868579239052024,none,absent,True,0.656161977202316,0,expansion,0.0,0.0,0,0,4,,4,0,0.18798465459343147,0.06300329812277247,0.574383987838685,0.7965792814726923,0.2376304456036544,0.14041730427037635,9.119642289881095e-07,1.1613415893585314e-07,4.0,0,6.0,0,7.0,0,4.0,0,0.0,1,2013-11-01,2013-10-01,2013-11-01,2013-09-01,2013-11-01,2013-12-14,2013-12-07
2013-12-27,0,2013-12-27,expansion,expansion,official,0.5105687596377667,0.25468061517384977,0,0,2,0,0.2956215639408258,labor_stress,0.7546756761172208,0.15184806773916065,none,absent,True,0.6626399102073024,0,expansion,0.0,0.0,0,0,4,,4,0,0.18908174215155915,0.06677389958891461,0.5581724341240245,0.7979329504923309,0.25274490972217994,0.13529304028502856,9.140022364421957e-07,1.0963372588579457e-07,5.0,0,7.0,0,4.0,0,5.0,0,0.0,1,2013-11-01,2013-11-01,2013-11-01,2013-09-01,2013-11-01,2013-12-21,2013-12-14
2014-01-03,0,2014-01-03,expansion,expansion,official,0.48233270509771664,0.1030876688403863,0,0,2,0,0.2543747213788153,labor_stress,0.6134662373556097,-0.6056632459556912,none,absent,False,0.591109279968965,0,expansion,0.0,0.12978498127621954,0,0,4,,4,0,0.17685359157137842,0.06892255543948497,0.49357530619869366,0.7610933067101614,0.3295701789488616,0.16998402674119645,9.23281066286116e-07,1.1110915721555189e-07,6.0,0,8.0,0,5.0,0,6.0,0,0.0,1,2013-11-01,2013-11-01,2013-11-01,2013-09-01,2013-11-01,2013-12-28,2013-12-21
2014-01-10,0,2014-01-10,expansion,expansion,official,0.4936772461229242,0.058949103960201074,0,0,2,0,0.27756619390290493,labor_stress,0.6851405711140385,-0.5698376464254207,none,absent,False,0.47420710826932505,0,expansion,0.0,0.12210806709116158,0,0,4,,4,0,0.16697911558027245,0.06393716524824544,0.4766467864863166,0.70513490519159,0.3563731717553628,0.2309277969222649,9.261780481073173e-07,1.3263789986776345e-07,7.0,0,4.0,0,6.0,0,7.0,0,0.0,1,2013-12-01,2013-11-01,2013-11-01,2013-09-01,2013-11-01,2014-01-04,2013-12-28
2014-01-17,0,2014-01-17,expansion,expansion,official,0.5117161490804337,0.016175045127999943,0,0,1,0,0.3143089258397321,labor_stress,0.8041847657615766,-0.3586069845021747,none,absent,True,0.2944277597091375,0,expansion,0.0,0.07684435382189458,0,0,4,,4,0,0.1463231661790135,0.04880758819822618,0.46540496225038125,0.6228100050802042,0.3882709322765397,0.32838224537106675,9.392940656297977e-07,1.613505028529745e-07,4.0,0,5.0,0,7.0,0,4.0,0,0.0,1,2013-12-01,2013-11-01,2013-12-01,2013-09-01,2013-12-01,2014-01-11,2014-01-04
2014-01-24,0,2014-01-24,expansion,expansion,official,0.5116576157443308,-0.04316002395660523,0,0,1,0,0.31423048317637364,labor_stress,0.8038920990810619,-0.6584740055242413,none,absent,True,0.22151339732264463,0,expansion,0.0,0.14110157261233744,0,0,4,,4,0,0.13756794010319162,0.04542512814778536,0.43750660683526194,0.5880440525754124,0.4249245101285686,0.36653065525276773,9.429329779145966e-07,1.6402403443887461e-07,5.0,0,6.0,0,8.0,0,5.0,0,0.0,1,2013-12-01,2013-11-01,2013-12-01,2013-09-01,2013-12-01,2014-01-18,2014-01-11
2014-01-31,0,2014-01-31,slowdown,expansion,official,0.500875802122799,-0.09481544690230093,0,0,2,0,0.29587696082649106,labor_stress,0.7409880504181234,-1.2923188586826058,none,absent,False,0.32441540785207784,0,expansion,0.0,0.1502431067244822,0,0,4,,4,0,0.128749564090142,0.046238237378420324,0.42691585820083605,0.6390885165566316,0.44433365612306025,0.31467310870455373,9.215859616016398e-07,1.3736039438259473e-07,6.0,0,7.0,0,4.0,0,6.0,0,0.0,1,2013-12-01,2013-12-01,2013-12-01,2013-11-01,2013-12-01,2014-01-25,2014-01-18
2014-02-07,0,2014-02-07,slowdown,expansion,official,0.4937667053189161,-0.13330329231919152,0,1,2,1,0.2843660998746524,labor_stress,0.7020525611974847,-1.1246117020254167,none,absent,False,0.13617215258103121,2,slowdown,0.0,0.15148566357987858,0,0,4,,4,0,0.12336260461133096,0.03290116077300783,0.3786201709970914,0.41546324689685044,0.4980163085230571,0.5516353994778816,9.158685205857608e-07,1.9285226017293986e-07,7.0,0,4.0,0,5.0,0,7.0,0,0.0,1,2014-01-01,2013-12-01,2013-12-01,2013-11-01,2013-12-01,2014-02-01,2014-01-25
2014-02-14,0,2014-02-14,slowdown,slowdown,official,0.44751376080585975,-0.36887002054374574,0,2,0,2,0.3012801557016542,labor_stress,0.6741350776711112,-0.6154904855186917,none,absent,False,0.8446201833905097,0,slowdown,0.16768422998635096,0.15659563039973393,0,0,4,,4,0,0.09400507336301948,0.006920431070568847,0.2288434483381762,0.07422958449134363,0.6771505666237029,0.9188497678818534,9.116751013739808e-07,2.1655623417342126e-07,4.0,0,5.0,0,6.0,0,8.0,0,0.0,1,2014-01-01,2013-12-01,2014-01-01,2013-11-01,2013-12-01,2014-02-08,2014-02-01
2014-02-21,0,2014-02-21,slowdown,slowdown,official,0.43136373565815217,-0.3964960676534321,0,3,0,3,0.3030992339238876,labor_stress,0.6537300891026614,-0.29491318047511744,none,absent,True,0.8666564476849757,0,slowdown,0.11060163852369759,0.09747993677887107,0,0,4,,4,0,0.08823670828642584,0.0060973677317106845,0.20801393020359987,0.06362299164194475,0.7037484907707718,0.9302794393269205,8.707392023845334e-07,2.0129942405205058e-07,5.0,0,6.0,0,7.0,0,5.0,0,0.0,1,2014-01-01,2013-12-01,2014-01-01,2013-11-01,2014-01-01,2014-02-15,2014-02-08
2014-02-28,0,2014-02-28,slowdown,slowdown,official,0.43129080428727173,-0.30353791356852977,0,3,0,3,0.3025911469716273,labor_stress,0.652523895738006,0.17159887710968225,none,absent,False,0.8272000668308819,0,slowdown,0.043431171649988914,0.026273062628189528,0,0,4,,4,0,0.10371730263043144,0.007968558073080338,0.24447326093959484,0.08241557997601374,0.651808556150793,0.9096156468068957,8.802791808359797e-07,2.1514401035380804e-07,6.0,0,7.0,0,8.0,0,6.0,0,0.0,1,2014-01-01,2013-12-01,2014-01-01,2013-11-01,2014-01-01,2014-02-22,2014-02-15
2014-03-07,0,2014-03-07,slowdown,slowdown,official,0.42155271813129147,-0.3662257099257622,0,3,0,3,0.328789762822705,labor_stress,0.6930110910582696,0.02408629672407702,none,absent,False,0.8294111194652426,0,slowdown,0.05241054248948403,0.03600379910580478,0,0,4,,4,0,0.09325524450440148,0.007533811183055138,0.23176824635549081,0.08152743283001408,0.6749756492859644,0.9109385522952567,8.598541432365424e-07,2.0369167411316673e-07,7.0,0,3.0,0,5.0,0,7.0,0,0.0,1,2014-02-01,2014-01-01,2014-01-01,2013-12-01,2014-01-01,2014-03-01,2014-02-22
2014-03-14,0,2014-03-14,slowdown,slowdown,official,0.4298337859055887,-0.4192026273584454,0,3,0,3,0.35840579405091194,labor_stress,0.7702745967370109,-0.10446423795286751,none,absent,True,0.8551515585602673,0,slowdown,0.07180627180151997,0.05940698993467522,0,0,4,,4,0,0.08365150853427082,0.0062735520841856445,0.21135104101792246,0.06928734631649132,0.7049965946832544,0.9244389048767586,8.557645523170547e-07,1.9672256446896425e-07,8.0,0,4.0,0,6.0,0,8.0,0,0.0,1,2014-02-01,2014-01-01,2014-01-01,2013-12-01,2014-01-01,2014-03-08,2014-03-01
2014-03-21,0,2014-03-21,slowdown,slowdown,official,0.45346314800324006,-0.27795516662864866,0,2,0,2,0.3629998362659295,labor_stress,0.8230352423890456,0.050923587436044804,none,absent,False,0.7293308578003789,0,slowdown,0.029237501630529374,0.016619810222046866,0,0,4,,4,0,0.10408793575114075,0.010618731319116614,0.29486428899064104,0.13002509405726803,0.6010468921170815,0.8593559518576469,8.831411367143777e-07,2.2276596842265482e-07,4.0,0,5.0,0,7.0,0,4.0,0,0.0,1,2014-02-01,2014-01-01,2014-02-01,2013-12-01,2014-02-01,2014-03-15,2014-03-08
2014-03-28,0,2014-03-28,slowdown,slowdown,official,0.45825129928095903,-0.14789611681470935,0,1,0,1,0.42187001705837757,labor_stress,0.9666124172234094,0.7063572160893374,none,absent,False,0.6011239451796346,0,slowdown,0.0,0.007988405578702484,0,0,4,,4,0,0.1287821364150975,0.015680475259526098,0.36830832766157584,0.19159766191560845,0.502908619051108,0.7927216070952431,9.168722186354963e-07,2.557296223300175e-07,5.0,0,6.0,0,3.0,0,5.0,0,0.0,1,2014-02-01,2014-02-01,2014-02-01,2014-01-01,2014-02-01,2014-03-22,2014-03-15
2014-04-04,0,2014-04-04,slowdown,slowdown,official,0.4581429546048457,-0.11852324284477875,0,1,0,1,0.4187801949006841,labor_stress,0.9593059791089628,0.6304348412658309,none,absent,False,0.48269139224863444,0,slowdown,0.0,0.006417370224323721,0,0,4,,4,0,0.13367993054998298,0.02060188332619233,0.38223335170785616,0.24835323839796705,0.48408580137302937,0.7310446306466015,9.163691314922917e-07,2.4762923901266774e-07,6.0,0,3.0,0,4.0,0,6.0,0,0.0,1,2014-03-01,2014-02-01,2014-02-01,2014-01-01,2014-02-01,2014-03-29,2014-03-22
2014-04-11,0,2014-04-11,slowdown,slowdown,official,0.46849281090354217,-0.05384915563021788,0,1,0,1,0.4303343539252514,labor_stress,1.008042755494004,0.9535564376161051,none,absent,False,0.3733293409641208,0,slowdown,0.0,0.0022429076208662856,0,0,4,,4,0,0.1418276049147743,0.024707213435466127,0.41396086935902365,0.3009815977759784,0.444210610713451,0.6743109387400992,9.150127510271457e-07,2.5004845624533145e-07,7.0,0,4.0,0,5.0,0,7.0,0,0.0,1,2014-03-01,2014-02-01,2014-02-01,2014-01-01,2014-02-01,2014-04-05,2014-03-29
2014-04-18,0,2014-04-18,expansion,expansion,official,0.534832434928797,0.5501680626495313,0,0,1,0,0.41052870973443173,labor_stress,1.0978203471772172,1.2164251342411512,none,absent,True,0.8229337004922329,0,expansion,0.0,0.0,0,0,4,,4,0,0.1985095382801714,0.06600622551013244,0.6610862080785701,0.8889399260023654,0.14040333987080816,0.045053773896502884,9.137704503932144e-07,7.459099937974371e-08,4.0,0,5.0,0,6.0,0,4.0,0,0.0,1,2014-03-01,2014-02-01,2014-03-01,2014-01-01,2014-03-01,2014-04-12,2014-04-05
2014-04-25,0,2014-04-25,expansion,expansion,official,0.5267137434771556,0.5435857511823761,0,0,1,0,0.4011469590347913,labor_stress,1.0564480823884606,1.2087706960067692,none,absent,True,0.8243870411109118,0,expansion,0.0,0.0,0,0,4,,4,0,0.20061254522453661,0.06643406924500671,0.6573929740510258,0.8908211103559185,0.14199356647226155,0.042744749300827396,9.142521760889946e-07,7.109824739605825e-08,5.0,0,6.0,0,7.0,0,5.0,0,0.0,1,2014-03-01,2014-02-01,2014-03-01,2014-01-01,2014-03-01,2014-04-19,2014-04-12
2014-05-02,0,2014-05-02,expansion,expansion,official,0.544250591839863,0.666785645285214,0,0,1,0,0.3747651827759998,labor_stress,1.0198308626340618,1.0662488377564625,none,absent,True,0.8426291366784916,0,expansion,0.0,0.0,0,0,4,,4,0,0.20293369520064924,0.06421824031454315,0.6885929910778948,0.9068473769930347,0.10847240353884316,0.02893431876346833,9.101826127202706e-07,6.392895388873582e-08,6.0,0,3.0,0,4.0,0,6.0,0,0.0,1,2014-04-01,2014-03-01,2014-03-01,2014-01-01,2014-03-01,2014-04-26,2014-04-19
2014-05-09,0,2014-05-09,expansion,expansion,official,0.534406741823596,0.579172779578518,0,0,1,0,0.3615064004635965,labor_stress,0.9659572881006337,0.6110990287808531,none,absent,True,0.8335463295140189,0,expansion,0.0,0.0,0,0,4,,4,0,0.20066167081568487,0.06513300218830091,0.6676880363378431,0.8986793317023197,0.13164937993712877,0.03618760004034473,9.129093432205032e-07,6.606903463370799e-08,7.0,0,4.0,0,5.0,0,7.0,0,0.0,1,2014-04-01,2014-03-01,2014-03-01,2014-02-01,2014-03-01,2014-05-03,2014-04-26
2014-05-16,0,2014-05-16,expansion,expansion,official,0.5166038285156672,0.2619497104408711,0,0,1,0,0.38546884389533087,labor_stress,0.99567340264918,0.6122826220965457,none,absent,True,0.7226750044361607,0,expansion,0.0,0.0,0,0,4,,4,0,0.1881282764999113,0.0702295578201303,0.5620611869145455,0.8262226767987678,0.24980962302401413,0.10354767236260706,9.135615291174697e-07,9.301849475557094e-08,4.0,0,5.0,0,6.0,0,4.0,0,0.0,1,2014-04-01,2014-03-01,2014-04-01,2014-02-01,2014-04-01,2014-05-10,2014-05-03
2014-05-23,0,2014-05-23,expansion,expansion,official,0.5184538833380155,0.16097892191232582,0,0,1,0,0.386997035722161,labor_stress,1.0032005800522752,0.10613518821970401,none,absent,True,0.6640603105713471,0,expansion,0.0,0.0,0,0,4,,4,0,0.17467503628564296,0.06761631476068822,0.5237906172609478,0.7982219481721317,0.30153342696147456,0.13416163760078462,9.194919347746259e-07,9.946639549562283e-08,5.0,0,6.0,0,7.0,0,5.0,0,0.0,1,2014-04-01,2014-03-01,2014-04-01,2014-02-01,2014-04-01,2014-05-17,2014-05-10
2014-05-30,0,2014-05-30,expansion,expansion,official,0.5653465286788337,0.32129018334348797,0,0,1,0,0.4154948363088897,labor_stress,1.1744928169560553,0.7395228437191084,none,absent,True,0.7376456624800236,0,expansion,0.0,0.0,0,0,4,,4,0,0.1802353908935439,0.06381904471678732,0.5932728230134675,0.8369132615905959,0.22649087605187238,0.0992675991105723,9.100411161061116e-07,9.458204447760439e-08,6.0,0,7.0,0,4.0,0,6.0,0,0.0,1,2014-04-01,2014-04-01,2014-04-01,2014-03-01,2014-04-01,2014-05-24,2014-05-17
2014-06-06,0,2014-06-06,expansion,expansion,official,0.5712238446483704,0.2880942707950366,0,0,1,0,0.4197191592668977,labor_stress,1.198767959145095,0.5725675681304815,none,absent,True,0.7378580827296634,0,expansion,0.0,0.0,0,0,4,,4,0,0.17498962659812986,0.06190193988368439,0.5827753993888258,0.8379780262950053,0.2422340622367173,0.10011994356534197,9.117763270948262e-07,9.025596830953104e-08,7.0,0,4.0,0,5.0,0,7.0,0,0.0,1,2014-05-01,2014-04-01,2014-04-01,2014-03-01,2014-04-01,2014-05-31,2014-05-24
2014-06-13,0,2014-06-13,expansion,expansion,official,0.5656493983724481,0.21796438548720348,0,0,1,0,0.39961822957710647,labor_stress,1.1302190556947656,0.0821968945302791,none,absent,True,0.7133318882564965,0,expansion,0.0,0.0,0,0,4,,4,0,0.1685733066395486,0.06081094853512695,0.5552194705643299,0.8262604248511587,0.2762063069778968,0.11292853659466219,9.158182248684008e-07,9.001905228784252e-08,8.0,0,5.0,0,6.0,0,8.0,0,0.0,1,2014-05-01,2014-04-01,2014-04-01,2014-03-01,2014-04-01,2014-06-07,2014-05-31
2014-06-20,0,2014-06-20,expansion,expansion,official,0.5892333004567432,0.1545877047592792,0,0,0,0,0.40254117813714174,labor_stress,1.1859533348174691,0.4048640292837763,none,absent,True,0.5965162865914563,0,expansion,0.0,0.0,0,0,4,,4,0,0.14530634234796055,0.04891901419081868,0.5391771251927134,0.7737985796987641,0.3155156027877068,0.17728229310730784,9.296716192162877e-07,1.1300310947409045e-07,4.0,0,6.0,0,7.0,0,4.0,0,0.0,1,2014-05-01,2014-04-01,2014-05-01,2014-03-01,2014-05-01,2014-06-14,2014-06-07
2014-06-27,0,2014-06-27,expansion,expansion,official,0.5858318617400277,0.1337252430182794,0,0,0,0,0.39312543692753166,labor_stress,1.1515270330630885,0.4090041378198477,none,absent,True,0.5661426478432776,0,expansion,0.0,0.0,0,0,4,,4,0,0.14366184519633043,0.047971981636799,0.5294823613521067,0.7590852744633259,0.3268548625154105,0.19294262662004819,9.309361523657467e-07,1.1727982702183281e-07,5.0,0,7.0,0,4.0,0,5.0,0,0.0,1,2014-05-01,2014-05-01,2014-05-01,2014-04-01,2014-05-01,2014-06-21,2014-06-14
2014-07-04,0,2014-07-04,expansion,expansion,official,0.5883680882156466,0.16067354050197893,0,0,0,0,0.38513812021337074,labor_stress,1.133014897444544,0.5375229254982072,none,absent,True,0.5905022455580453,0,expansion,0.0,0.0,0,0,4,,4,0,0.1462337715219067,0.04839737582216373,0.5416859078196365,0.7710523773928214,0.31207939131406986,0.1805501318347761,9.293443870269648e-07,1.1495023882516417e-07,6.0,0,3.0,0,5.0,0,6.0,0,0.0,1,2014-06-01,2014-05-01,2014-05-01,2014-04-01,2014-05-01,2014-06-28,2014-06-21
2014-07-11,0,2014-07-11,expansion,expansion,official,0.5966826810967476,0.16773413456592484,0,0,0,0,0.39342006575868804,labor_stress,1.1737346981707637,0.5700261503341977,none,absent,True,0.6080745759182733,0,expansion,0.0,0.0,0,0,4,,4,0,0.14499522559008263,0.048241762770747446,0.546050046735753,0.7799163508200374,0.3089537988990123,0.17184177490176406,9.287751520854019e-07,1.1150745112031494e-07,7.0,0,4.0,0,6.0,0,7.0,0,0.0,1,2014-06-01,2014-05-01,2014-05-01,2014-04-01,2014-05-01,2014-07-05,2014-06-28
2014-07-18,0,2014-07-18,expansion,expansion,official,0.6050911053572323,0.29057605446312695,0,0,0,0,0.39642651243123833,labor_stress,1.199370782999653,0.6432778404467785,none,absent,True,0.7408312172946119,0,expansion,0.0,0.0,0,0,4,,4,0,0.15597878155249906,0.051237625172211,0.5973160371921599,0.8447967515323547,0.24670425916705058,0.10396553423774284,9.220882904518625e-07,8.905769151405244e-08,4.0,0,5.0,0,7.0,0,8.0,0,0.0,1,2014-06-01,2014-05-01,2014-06-01,2014-04-01,2014-05-01,2014-07-12,2014-06-28
2014-07-25,0,2014-07-25,expansion,expansion,official,0.6219855676397072,0.15825311329641337,0,0,0,0,0.4189689204431629,labor_stress,1.3029631090261802,0.45806924409216415,none,absent,True,0.6305894009510404,0,expansion,0.0,0.0,0,0,4,,4,0,0.13781517987872008,0.04633857088777414,0.5457861749074078,0.792125362864939,0.316397716404302,0.16153596191389852,9.288095701155505e-07,1.0433338845699884e-07,5.0,0,6.0,0,8.0,0,5.0,0,0.0,1,2014-06-01,2014-05-01,2014-06-01,2014-04-01,2014-06-01,2014-07-19,2014-07-12
2014-08-01,0,2014-08-01,expansion,expansion,official,0.6499707649620503,0.13657733519978404,0,0,0,0,0.4176949708841692,labor_stress,1.3574475987319239,0.5343913733331627,none,absent,True,0.5847851914537636,0,expansion,0.0,0.0,0,0,4,,4,0,0.12898838676973115,0.04174541863609653,0.5400559348072855,0.7715198306949607,0.3309547488659914,0.18673463924119704,9.29556991989884e-07,1.1142774582729971e-07,6.0,0,3.0,0,4.0,0,6.0,0,0.0,1,2014-07-01,2014-06-01,2014-06-01,2014-04-01,2014-06-01,2014-07-26,2014-07-19
2014-08-08,0,2014-08-08,expansion,expansion,official,0.6651791240954209,0.2221559323736836,0,0,0,0,0.4238292056510621,labor_stress,1.4096116989051575,0.9333045542545331,none,absent,True,0.648242959617646,0,expansion,0.0,0.0,0,0,4,,4,0,0.13442235132916716,0.04180213737804136,0.580083678914648,0.803220357956148,0.28549304542019766,0.15497739833850202,9.243359871099283e-07,1.0632730853919219e-07,7.0,0,4.0,0,5.0,0,7.0,0,0.0,1,2014-07-01,2014-06-01,2014-06-01,2014-05-01,2014-06-01,2014-08-02,2014-07-26
2014-08-15,0,2014-08-15,expansion,expansion,official,0.6555018943396524,0.16837908951334862,0,0,0,0,0.4104722997018424,labor_stress,1.3453268501425564,0.5426940136077933,none,absent,True,0.6532545656226103,0,expansion,0.0,0.0,0,0,4,,4,0,0.13115940847555965,0.04242784276866154,0.5552175755778762,0.8054133123487092,0.3136220883671755,0.15215874672609891,9.27579388649584e-07,9.815653043577422e-08,4.0,0,5.0,0,6.0,0,8.0,0,0.0,1,2014-07-01,2014-06-01,2014-07-01,2014-05-01,2014-06-01,2014-08-09,2014-08-02
2014-08-22,0,2014-08-22,expansion,expansion,official,0.6328300419411147,0.1210943818402525,0,0,0,0,0.39720752101629697,labor_stress,1.256824260920347,0.35328276515464596,none,absent,True,0.600207126602385,0,expansion,0.0,0.0,0,0,4,,4,0,0.1311173983765414,0.04319775229641112,0.5305777199129472,0.7785046342681403,0.33830395091723175,0.17829750766575542,9.307932796528577e-07,1.0576969301646482e-07,5.0,0,6.0,0,7.0,0,5.0,0,0.0,1,2014-07-01,2014-06-01,2014-07-01,2014-05-01,2014-07-01,2014-08-16,2014-08-09
2014-08-29,0,2014-08-29,expansion,expansion,official,0.6307142936281694,0.14172664203302027,0,0,0,0,0.39826175119992896,labor_stress,1.2559468954359048,0.4101025513128568,none,absent,True,0.6014918671151557,0,expansion,0.0,0.0,0,0,4,,4,0,0.13392898560855263,0.04381976527269977,0.5396802313654947,0.7788359967347744,0.3263898534199559,0.17734412961961876,9.296059967376343e-07,1.0837290701063672e-07,6.0,0,7.0,0,4.0,0,6.0,0,0.0,1,2014-07-01,2014-07-01,2014-07-01,2014-05-01,2014-07-01,2014-08-23,2014-08-16
2014-09-05,0,2014-09-05,expansion,expansion,official,0.6170818142446237,-0.009764281195611147,0,0,0,0,0.3930723298820525,labor_stress,1.2127889322648908,0.1527711292203332,none,absent,True,0.3524008032965686,0,expansion,0.0,0.0,0,0,4,,4,0,0.11878509388563639,0.03809499027232876,0.46585791337328264,0.6571528366433517,0.41535605350609595,0.3047520333467831,9.392349851076304e-07,1.397375365095453e-07,7.0,0,4.0,0,5.0,0,7.0,0,0.0,1,2014-08-01,2014-07-01,2014-07-01,2014-06-01,2014-07-01,2014-08-30,2014-08-23
2014-09-12,0,2014-09-12,expansion,expansion,official,0.6234234622612027,-0.008222311509117251,0,0,0,0,0.38268980042114925,labor_stress,1.1928890017530078,-0.027908947004079955,none,absent,True,0.3591703953395986,0,expansion,0.0,0.00598048864373142,0,0,4,,4,0,0.11766470510160788,0.03782133486078591,0.4673187166848509,0.6606744609397645,0.4150156391690955,0.30150406560016585,9.390444457357912e-07,1.3859928373072109e-07,8.0,0,5.0,0,6.0,0,8.0,0,0.0,1,2014-08-01,2014-07-01,2014-07-01,2014-06-01,2014-07-01,2014-09-06,2014-08-30
2014-09-19,0,2014-09-19,slowdown,expansion,official,0.6365187049595366,-0.1407117487162931,0,1,0,1,0.40361901855929266,labor_stress,1.2845552749520006,-0.10885448301230871,none,absent,True,0.16005526371977535,2,slowdown,0.0,0.023325960645494727,0,0,4,,4,0,0.0948680221261314,0.02263134046833469,0.38671708098022844,0.40865660435645207,0.5184139835043294,0.5687118680762274,9.133893107681733e-07,1.8709898579744502e-07,4.0,0,6.0,0,7.0,0,4.0,0,0.0,1,2014-08-01,2014-07-01,2014-08-01,2014-06-01,2014-08-01,2014-09-13,2014-09-06
2014-09-26,0,2014-09-26,slowdown,slowdown,official,0.6367650354548584,-0.16630794959375234,0,1,0,1,0.40206989568906076,labor_stress,1.2801202569188799,-0.23919372474550357,none,absent,True,0.3142921880465269,0,slowdown,0.0,0.051255798159750766,0,0,4,,4,0,0.09160697643449528,0.01836678418726342,0.3736067737559286,0.3336704126101818,0.5347853358524133,0.6479626006567087,9.13957162899934e-07,2.02545846111472e-07,5.0,0,7.0,0,8.0,0,5.0,0,0.0,1,2014-08-01,2014-07-01,2014-08-01,2014-06-01,2014-08-01,2014-09-20,2014-09-13
2014-10-03,0,2014-10-03,slowdown,expansion,official,0.6727255773012245,-0.050818231470159514,0,1,1,1,0.39752755584924643,labor_stress,1.3371347725091454,-0.2251547142312526,none,absent,False,0.029523677963312567,0,expansion,0.0,0.04824743876383985,0,0,4,,4,0,0.09955221589448694,0.025514257040222726,0.4360996737676831,0.5020046229642343,0.46434719961762305,0.47248094500092175,9.107202068837899e-07,1.7499462136020448e-07,6.0,0,3.0,0,5.0,0,6.0,0,0.0,1,2014-09-01,2014-08-01,2014-08-01,2014-07-01,2014-08-01,2014-09-27,2014-09-20
2014-10-10,0,2014-10-10,expansion,expansion,official,0.6955852913483014,0.06793797366882223,0,1,1,1,0.4170033240231297,labor_stress,1.4503068931691938,0.36087418178764263,none,absent,True,0.1377800460386649,0,expansion,0.0,0.0,0,0,4,,4,0,0.1088731929992642,0.026799162319860202,0.4991063119348162,0.5554903513366637,0.39201958751785415,0.4177103052979988,9.075480653757735e-07,1.8104547724749578e-07,7.0,0,4.0,0,6.0,0,7.0,0,0.0,1,2014-09-01,2014-08-01,2014-08-01,2014-07-01,2014-08-01,2014-10-04,2014-09-27
2014-10-17,0,2014-10-17,expansion,expansion,official,0.7233286687780234,0.3328968135666973,0,0,1,0,0.41554674097334676,labor_stress,1.5028843548164852,0.8204315100082431,none,absent,True,0.7528740925371112,0,expansion,0.0,0.0,0,0,4,,4,0,0.12570146753878844,0.0357439439507287,0.6486412543233193,0.8585650306461114,0.22565639727696268,0.1056909381090002,8.80860929569481e-07,8.729415964037551e-08,4.0,0,5.0,0,7.0,0,8.0,0,0.0,1,2014-09-01,2014-08-01,2014-09-01,2014-07-01,2014-08-01,2014-10-11,2014-10-04
2014-10-24,0,2014-10-24,expansion,expansion,official,0.7196965775469485,0.2961754898203471,0,0,0,0,0.42956454058013954,labor_stress,1.5457806484552685,0.9487117608480345,none,absent,True,0.7433763620277785,0,expansion,0.0,0.0,0,0,4,,4,0,0.1237449261628649,0.035815272862720834,0.6339509269555099,0.8537805016098169,0.24230326332247493,0.11040413958203842,8.835591502653478e-07,8.594542392207732e-08,5.0,0,6.0,0,8.0,0,5.0,0,0.0,1,2014-09-01,2014-08-01,2014-09-01,2014-07-01,2014-09-01,2014-10-18,2014-10-11
2014-10-31,0,2014-10-31,expansion,expansion,official,0.709019702748731,0.29927606716385313,0,0,0,0,0.4306509289045068,labor_stress,1.5266999680016915,1.0601967500358354,none,absent,True,0.761398367524872,0,expansion,0.0,0.0,0,0,4,,4,0,0.12630651117783226,0.036908322951740465,0.6334837443104263,0.8622449819496486,0.24020886086678223,0.10084661442477659,8.836449592367991e-07,8.067383431780723e-08,6.0,0,7.0,0,4.0,0,6.0,0,0.0,1,2014-09-01,2014-09-01,2014-09-01,2014-07-01,2014-09-01,2014-10-25,2014-10-18
2014-11-07,0,2014-11-07,expansion,expansion,official,0.7036993390369221,0.29063915405397767,0,0,0,0,0.4389279504453769,labor_stress,1.544366543066213,1.1535234206592935,none,absent,True,0.736717446844093,0,expansion,0.0,0.0,0,0,4,,4,0,0.13187850514870825,0.03988323399145742,0.614400917864094,0.8484170622294008,0.2537196571273678,0.11169961538530777,9.198598299839839e-07,8.839383397013004e-08,7.0,0,4.0,0,5.0,0,7.0,0,0.0,1,2014-10-01,2014-09-01,2014-09-01,2014-08-01,2014-09-01,2014-11-01,2014-10-25
2014-11-14,0,2014-11-14,expansion,expansion,official,0.6820930580150911,0.17908306898668241,0,0,0,0,0.41925964514685343,labor_stress,1.429870467302696,0.5645884420049864,none,absent,True,0.6921612958079809,0,expansion,0.0,0.0,0,0,4,,4,0,0.12633075367013918,0.04044504969013224,0.563808839061164,0.8258580787075795,0.3098594808099066,0.13369678289959866,9.264587901854057e-07,8.870268956374625e-08,8.0,0,5.0,0,6.0,0,8.0,0,0.0,1,2014-10-01,2014-09-01,2014-09-01,2014-08-01,2014-09-01,2014-11-08,2014-11-01
2014-11-21,0,2014-11-21,expansion,expansion,official,0.6596123845120871,0.021529687921544548,0,1,0,1,0.4188883622972938,labor_stress,1.381519757496405,0.33549849031717555,none,absent,True,0.38676914126638595,0,expansion,0.0,0.0,0,0,4,,4,0,0.11057875791643762,0.03514745554369892,0.4719375087137405,0.6758107788773523,0.41748282405450626,0.28904163761096635,9.093153156757527e-07,1.2796798240193282e-07,5.0,0,6.0,0,7.0,0,5.0,0,0.0,1,2014-10-01,2014-09-01,2014-10-01,2014-08-01,2014-10-01,2014-11-15,2014-11-08
2014-11-28,0,2014-11-28,slowdown,expansion,official,0.6309035093187229,-0.07294326740868738,0,1,0,1,0.41096369578482217,labor_stress,1.2963921893661816,-0.14946602790808872,none,absent,True,0.2302464071299869,0,expansion,0.0,0.0320284345517333,0,0,4,,4,0,0.1044529146126935,0.033326745812019457,0.4210618205332541,0.598459759753703,0.474484352879631,0.36821335262371613,9.119744214962718e-07,1.4181056134997019e-07,6.0,0,7.0,0,4.0,0,6.0,0,0.0,1,2014-10-01,2014-10-01,2014-10-01,2014-09-01,2014-10-01,2014-11-22,2014-11-15
2014-12-05,0,2014-12-05,slowdown,expansion,official,0.6208033924484554,-0.16028078914497818,0,1,0,1,0.3887045825337501,labor_stress,1.2065456174860636,-0.8312099952532913,none,absent,False,0.08555714407379206,0,expansion,0.0,0.15,0,0,4,,4,0,0.09505878215271764,0.03009298544335737,0.3755752976887568,0.5277320036394456,0.5293650060799642,0.44217485956565356,9.140785613295607e-07,1.5135154351822987e-07,7.0,0,3.0,0,5.0,0,7.0,0,0.0,1,2014-11-01,2014-10-01,2014-10-01,2014-09-01,2014-10-01,2014-11-29,2014-11-22
2014-12-12,0,2014-12-12,slowdown,expansion,official,0.6167495103902144,-0.19828282768488883,0,0,0,0,0.3734955620747831,labor_stress,1.1517660252127022,-1.1740819761362504,none,absent,False,0.07605961110423504,0,expansion,0.0,0.15,0,0,4,,4,0,0.0922586042117489,0.02794275275847256,0.3851675987262251,0.5240583511159919,0.5225728678080244,0.4479987400117568,9.29254001592202e-07,1.5611377871398057e-07,8.0,0,4.0,0,6.0,0,8.0,0,0.0,1,2014-11-01,2014-10-01,2014-10-01,2014-09-01,2014-10-01,2014-12-06,2014-11-29
2014-12-19,0,2014-12-19,expansion,expansion,official,0.6650405038652438,0.04088581368458146,0,0,2,0,0.34158693494110515,labor_stress,1.1358457366350843,-1.3999377565785964,none,absent,True,0.5533992879748418,0,expansion,0.0,0.15,0,0,4,,4,0,0.11143389428612635,0.0361029573387631,0.5121002986908375,0.758648113005357,0.37646490108318065,0.2052488250305151,9.059398555250926e-07,1.0462536481885614e-07,4.0,0,5.0,0,7.0,0,4.0,0,0.0,1,2014-11-01,2014-10-01,2014-11-01,2014-09-01,2014-11-01,2014-12-13,2014-12-06
2014-12-26,0,2014-12-26,expansion,expansion,official,0.7204839444663647,0.2915315093075061,0,0,3,0,0.338071903210021,labor_stress,1.2178768916900349,-1.0953553578669717,none,absent,True,0.7662844781819818,0,expansion,0.0,0.15,0,0,4,,4,0,0.13124630682112684,0.03960740389278532,0.6264503942539671,0.8633384980619815,0.24230242314481817,0.09705401987999968,8.757800878274153e-07,7.816523348502195e-08,5.0,0,6.0,0,3.0,0,5.0,0,0.0,1,2014-11-01,2014-11-01,2014-11-01,2014-10-01,2014-11-01,2014-12-20,2014-12-13
2015-01-02,0,2015-01-02,expansion,expansion,official,0.7175467484403032,0.2713668308373652,0,0,3,0,0.33536237581036943,labor_stress,1.203190911559728,-1.1983322442406183,none,absent,True,0.7637272778414731,0,expansion,0.0,0.15,0,0,4,,4,0,0.13024155804511858,0.039537999400071605,0.6180351535523264,0.8620946008298648,0.25172241100671355,0.09836732298839165,8.773958414188796e-07,7.678167203785775e-08,6.0,0,7.0,0,4.0,0,6.0,0,0.0,1,2014-11-01,2014-11-01,2014-11-01,2014-10-01,2014-11-01,2014-12-27,2014-12-20
2015-01-09,0,2015-01-09,expansion,expansion,official,0.7225494735747559,0.37226994181325324,0,0,4,0,0.33547823504587365,labor_stress,1.211998110640921,-0.7693290953849675,none,absent,True,0.8063380740208023,0,expansion,0.0,0.15,0,0,4,,4,0,0.13698462879672696,0.040047021360657055,0.6565303811546944,0.8831454900186173,0.20648412019372855,0.076807415997815,8.698548501546489e-07,7.262291054635865e-08,7.0,0,4.0,0,5.0,0,7.0,0,0.0,1,2014-12-01,2014-11-01,2014-11-01,2014-10-01,2014-11-01,2015-01-03,2014-12-27
2015-01-16,0,2015-01-16,expansion,expansion,official,0.6533932600708393,0.1419308953065915,0,0,3,0,0.3272334585256271,labor_stress,1.0690606813515764,-1.083223824009802,none,absent,True,0.6050396354498457,0,expansion,0.0,0.15,0,0,4,,4,0,0.13714276827931363,0.04489209015940667,0.5377836452972883,0.7800737194526878,0.3250726661381114,0.175034084002842,9.202852867373393e-07,1.063850634547731e-07,4.0,0,5.0,0,6.0,0,4.0,0,0.0,1,2014-12-01,2014-11-01,2014-12-01,2014-10-01,2014-12-01,2015-01-10,2015-01-03
2015-01-23,0,2015-01-23,expansion,expansion,official,0.6233094424732716,0.1093440708577396,0,0,3,0,0.29476261091717076,labor_stress,0.918641593363738,-1.2465230343974594,none,absent,True,0.5589455149308171,0,expansion,0.0,0.15,0,0,4,,4,0,0.14043321368784037,0.046873179380307356,0.5187162926405616,0.7560361108755466,0.3408495711288335,0.1970905959447295,9.225427645198307e-07,1.1379941661913918e-07,5.0,0,6.0,0,7.0,0,5.0,0,0.0,1,2014-12-01,2014-11-01,2014-12-01,2014-10-01,2014-12-01,2015-01-17,2015-01-10
2015-01-30,0,2015-01-30,expansion,expansion,official,0.6399935428909808,0.21664244269914149,0,0,3,0,0.3131475642475284,labor_stress,1.0020620954522834,-0.7104072597348023,none,absent,True,0.6245421532972851,0,expansion,0.0,0.15,0,0,4,,4,0,0.14871688807504427,0.047969810725121534,0.5678394198618532,0.7882861150258753,0.2834427765056262,0.16374396172859018,9.155574763137501e-07,1.1252041296158713e-07,6.0,0,7.0,0,8.0,0,6.0,0,0.0,1,2014-12-01,2014-11-01,2014-12-01,2014-10-01,2014-12-01,2015-01-24,2015-01-17
2015-02-06,0,2015-02-06,expansion,expansion,official,0.681362012109132,0.2850036858533768,0,0,2,0,0.32073656849201587,labor_stress,1.092688568323492,-0.23980973737958225,none,absent,True,0.7149525515259284,0,expansion,0.0,0.051387800867053336,0,0,4,,4,0,0.13980630325741705,0.04246758501775514,0.6173737192956581,0.8362424363176463,0.24281910059690276,0.12128988479171789,8.768500220838839e-07,9.387288072247769e-08,7.0,0,4.0,0,5.0,0,7.0,0,0.0,1,2015-01-01,2014-12-01,2014-12-01,2014-11-01,2014-12-01,2015-01-31,2015-01-24
2015-02-13,0,2015-02-13,expansion,expansion,official,0.6928856170886835,0.337194134477079,0,0,2,0,0.330007112910014,labor_stress,1.1432859103615496,-0.021439984555731845,none,absent,True,0.7751701796187792,0,expansion,0.0,0.004594282404799681,0,0,4,,4,0,0.14138447270239507,0.04258609968684898,0.6388114342054201,0.8662919997964619,0.21980322028980306,0.09112182017768264,8.728023818133041e-07,8.033900648789176e-08,8.0,0,5.0,0,6.0,0,8.0,0,0.0,1,2015-01-01,2014-12-01,2014-12-01,2014-11-01,2014-12-01,2015-02-07,2015-01-31
2015-02-20,0,2015-02-20,expansion,expansion,preliminary,0.7101937233986086,0.02952802177408278,0,1,1,1,0.3475005199247027,labor_stress,1.233963440641385,0.018643157936581233,none,absent,False,0.1047998205558845,0,expansion,0.0,0.0,0,0,3,consumption,4,0,0.10875566847590697,0.02758773097900207,0.47745075533450426,0.5386059557895533,0.4137926749235367,0.4338061352336688,9.012660520881313e-07,1.7799777594993896e-07,4.0,0,6.0,0,7.0,0,9.0,0,0.0,1,2015-01-01,2014-12-01,2015-01-01,2014-11-01,2014-12-01,2015-02-14,2015-02-07
2015-02-27,0,2015-02-27,slowdown,slowdown,official,0.651947731659256,-0.15882125083923784,0,1,1,1,0.3229490174169022,labor_stress,1.0527293967326747,-0.49673674445731514,none,absent,True,0.3661164394315781,0,slowdown,0.0,0.1064435880979961,0,0,4,,4,0,0.09856388304262641,0.01895323734755129,0.3602591550404418,0.30746505614370356,0.541176031685239,0.6735814955752817,9.302316928077276e-07,2.1093346345379447e-07,5.0,0,7.0,0,8.0,0,5.0,0,0.0,1,2015-01-01,2014-12-01,2015-01-01,2014-11-01,2015-01-01,2015-02-21,2015-02-14
2015-03-06,0,2015-03-06,slowdown,slowdown,official,0.6654665925445667,-0.22363022509682345,0,1,1,1,0.2674237896300299,labor_stress,0.8898079902522552,-0.8823685339846734,none,absent,True,0.3060629067480276,0,slowdown,0.0,0.15,0,0,4,,4,0,0.0783830853357386,0.01583763086342317,0.36051883910060767,0.3390496371568882,0.5610971809286094,0.6451125439049158,8.946350444591935e-07,1.8807477284817098e-07,6.0,0,3.0,0,5.0,0,6.0,0,0.0,1,2015-02-01,2015-01-01,2015-01-01,2014-12-01,2015-01-01,2015-02-28,2015-02-21
2015-03-13,0,2015-03-13,slowdown,slowdown,official,0.6659926516570119,-0.1404027275956777,0,1,1,1,0.26948241629586694,labor_stress,0.897366545019116,-0.45683066413418516,none,absent,True,0.41009672563955313,0,slowdown,0.0,0.09789228517161111,0,0,4,,4,0,0.08999164158943787,0.01461549737349247,0.38897683594117394,0.2876437787755739,0.5210306095573829,0.697740504415127,9.129120052923721e-07,2.194358065909899e-07,7.0,0,4.0,0,6.0,0,7.0,0,0.0,1,2015-02-01,2015-01-01,2015-01-01,2014-12-01,2015-01-01,2015-03-07,2015-02-28
2015-03-20,0,2015-03-20,slowdown,slowdown,official,0.6375462403146563,-0.09647684508811707,0,1,1,1,0.2667993165896395,labor_stress,0.8504845060512221,-0.2065762666371095,none,absent,True,0.4075879659819537,0,slowdown,0.0,0.04426634285080919,0,0,4,,4,0,0.10026321730668981,0.015588173310419635,0.4095456598846203,0.2884118145796726,0.4901902104279185,0.6959997805616263,9.123807714972444e-07,2.315482816230872e-07,4.0,0,5.0,0,7.0,0,8.0,0,0.0,1,2015-02-01,2015-01-01,2015-02-01,2014-12-01,2015-01-01,2015-03-14,2015-03-07
2015-03-27,0,2015-03-27,slowdown,slowdown,official,0.6410524049570373,-0.12186838651608509,0,2,1,2,0.29849473055513476,labor_stress,0.9567538244468599,-0.17706324436520998,none,absent,True,0.4990399473508786,0,slowdown,0.037942123792544996,0.037942123792544996,0,0,4,,4,0,0.09316170965915999,0.013173324501964751,0.38319990593580927,0.24389325266165146,0.5236375026890527,0.74293320001253,8.817159780286053e-07,2.2282385377751654e-07,5.0,0,6.0,0,8.0,0,5.0,0,0.0,1,2015-02-01,2015-01-01,2015-02-01,2014-12-01,2015-02-01,2015-03-21,2015-03-14
2015-04-03,0,2015-04-03,slowdown,slowdown,official,0.6822362867577236,-0.2699578260797169,0,2,1,2,0.3548237851825115,labor_stress,1.2103683082811842,-0.16494950250544171,none,absent,True,0.7560835095523799,0,slowdown,0.035346321965451795,0.035346321965451795,0,0,4,,4,0,0.06954345712380085,0.00580302570270954,0.3104579135343873,0.1190566237587751,0.6199977507064728,0.875140133311155,8.786353390723747e-07,2.1722736041831018e-07,6.0,0,3.0,0,4.0,0,6.0,0,0.0,1,2015-03-01,2015-02-01,2015-02-01,2015-01-01,2015-02-01,2015-03-28,2015-03-21
2015-04-10,0,2015-04-10,slowdown,slowdown,official,0.6992647207844431,-0.23535767387562564,0,2,1,2,0.3700257388711005,labor_stress,1.293729724873787,0.00805125851501458,none,absent,True,0.7099115318715221,0,slowdown,0.0,0.0,0,0,4,,4,0,0.07113470689810389,0.006635845070699048,0.3284963128981262,0.1417262020958249,0.6003681013608768,0.851637733967347,8.788428932102804e-07,2.1886612905089423e-07,7.0,0,4.0,0,5.0,0,7.0,0,0.0,1,2015-03-01,2015-02-01,2015-02-01,2015-01-01,2015-02-01,2015-04-04,2015-03-28
2015-04-17,0,2015-04-17,slowdown,slowdown,official,0.6887654065679782,-0.24481556186811773,0,1,1,1,0.38348735345813945,labor_stress,1.3206641145913671,-0.08620548167892458,none,absent,True,0.6569515133310547,0,slowdown,0.0,0.018472603216912412,0,0,4,,4,0,0.07441273225162248,0.008027969524648558,0.3365355956736694,0.1675101456524123,0.5890507570681348,0.824461658983467,9.150065732850298e-07,2.2583947211401946e-07,4.0,0,5.0,0,6.0,0,4.0,0,0.0,1,2015-03-01,2015-02-01,2015-03-01,2015-01-01,2015-03-01,2015-04-11,2015-04-04
2015-04-24,0,2015-04-24,slowdown,slowdown,official,0.6866129595266133,-0.1498548252081044,0,1,1,1,0.3829161524891469,labor_stress,1.3145759635555854,0.3880852404496026,none,absent,True,0.5742899810269413,0,slowdown,0.0,0.0,0,0,4,,4,0,0.08559323897998894,0.00999698213211436,0.3854470938890334,0.20785639932874683,0.5289587543116975,0.7821463803556882,9.128192801441249e-07,2.381834507044117e-07,5.0,0,6.0,0,7.0,0,5.0,0,0.0,1,2015-03-01,2015-02-01,2015-03-01,2015-01-01,2015-03-01,2015-04-18,2015-04-11
2015-05-01,0,2015-05-01,slowdown,slowdown,official,0.65561006090625,-0.31668242780686184,0,2,0,2,0.41118810511043324,labor_stress,1.3478952931768833,0.9996519819477256,none,absent,True,0.8154770274272594,0,slowdown,0.0,0.0,0,0,4,,4,0,0.06901842947850952,0.00492048256302833,0.27316990053142143,0.08980113743724075,0.6578107748507348,0.9052781648645001,8.951393342919976e-07,2.1513523081945622e-07,6.0,0,7.0,0,4.0,0,6.0,0,0.0,1,2015-03-01,2015-03-01,2015-03-01,2015-02-01,2015-03-01,2015-04-25,2015-04-18
2015-05-08,0,2015-05-08,slowdown,slowdown,official,0.6706328590434563,-0.30327023470359593,0,3,0,3,0.4279848642903762,labor_stress,1.4351035658319031,1.243806015438039,none,absent,True,0.8280916625505429,0,slowdown,0.0,0.0,0,0,4,,4,0,0.06711231224631646,0.004804835719589602,0.2545847125905243,0.08355164805112236,0.6783020997501346,0.9116433106016653,8.754130246328689e-07,2.0562762299442923e-07,7.0,0,4.0,0,5.0,0,7.0,0,0.0,1,2015-04-01,2015-03-01,2015-03-01,2015-02-01,2015-03-01,2015-05-02,2015-04-25
2015-05-15,0,2015-05-15,slowdown,slowdown,official,0.6946979585530595,-0.17763456705432637,0,3,0,3,0.4514656205738553,labor_stress,1.568161224847737,1.7361165104009362,none,absent,True,0.7496981474239321,0,slowdown,0.0,0.0,0,0,4,,4,0,0.07896662243029531,0.006700692618937326,0.31423292926375906,0.12180046819569731,0.6067995597598146,0.8714986156196295,8.885461310898213e-07,2.235657358535434e-07,4.0,0,5.0,0,6.0,0,8.0,0,0.0,1,2015-04-01,2015-03-01,2015-04-01,2015-02-01,2015-03-01,2015-05-09,2015-05-02
2015-05-22,0,2015-05-22,slowdown,slowdown,official,0.7143516848145371,-0.06445816468423082,0,3,0,3,0.47319331255567904,labor_stress,1.690132200335606,1.9403525373343413,none,absent,True,0.6042628773427798,0,slowdown,0.0,0.0,0,0,4,,4,0,0.08995228655090431,0.01026330145246892,0.3722112823279353,0.1927367927683597,0.5378355299081794,0.7969996701111396,9.012129810487819e-07,2.356680317498148e-07,5.0,0,6.0,0,7.0,0,5.0,0,0.0,1,2015-04-01,2015-03-01,2015-04-01,2015-02-01,2015-04-01,2015-05-16,2015-05-09
2015-05-29,0,2015-05-29,slowdown,slowdown,official,0.6934197832257265,-0.26832540071900923,0,3,0,3,0.457290873651189,labor_stress,1.5854726923915528,0.910655596077014,none,absent,True,0.7128398255517052,0,slowdown,0.0,0.0,0,0,4,,4,0,0.06831116456337975,0.0077386604969133296,0.2711416489878993,0.13971065649943093,0.6605463077744317,0.8525504820511361,8.786742892855089e-07,2.0095251958461956e-07,6.0,0,7.0,0,8.0,0,6.0,0,0.0,1,2015-04-01,2015-03-01,2015-04-01,2015-02-01,2015-04-01,2015-05-23,2015-05-16
2015-06-05,0,2015-06-05,slowdown,slowdown,official,0.6909209445345315,-0.23451199948652784,0,2,0,2,0.4401216090330921,labor_stress,1.5204461891160088,0.5236870468161173,none,absent,True,0.5683538340339627,0,slowdown,0.0,0.0,0,0,4,,4,0,0.07391618985633662,0.010862186361303674,0.31383043708845937,0.21039188750510457,0.6122524748102673,0.7787457215390673,8.982449365279367e-07,2.0459452446583075e-07,7.0,0,4.0,0,5.0,0,7.0,0,0.0,1,2015-05-01,2015-04-01,2015-04-01,2015-03-01,2015-04-01,2015-05-30,2015-05-23
2015-06-12,0,2015-06-12,slowdown,slowdown,official,0.6837020555577764,-0.24572195673770061,0,2,0,2,0.414199344135501,labor_stress,1.4159447149806244,0.15828751625350945,none,absent,True,0.56912037498053,0,slowdown,0.0,0.0,0,0,4,,4,0,0.07359314607674473,0.010999456792754955,0.30800658986800655,0.20993998271348857,0.6183993662057653,0.7790603576940186,8.978494834028561e-07,2.027997377871072e-07,8.0,0,5.0,0,6.0,0,8.0,0,0.0,1,2015-05-01,2015-04-01,2015-04-01,2015-03-01,2015-04-01,2015-06-06,2015-05-30
2015-06-19,0,2015-06-19,slowdown,slowdown,official,0.6886146285321967,-0.2513555875392295,0,2,0,2,0.4144186950681623,labor_stress,1.4268738788058015,0.2314358623203779,none,absent,True,0.6230330330384133,0,slowdown,0.0,0.0,0,0,4,,4,0,0.07077142752965046,0.008843612835793662,0.31997167035136737,0.18406157372635015,0.6092560233234733,0.8070946067647634,8.787955089860336e-07,2.066730927368915e-07,4.0,0,6.0,0,7.0,0,4.0,0,0.0,1,2015-05-01,2015-04-01,2015-05-01,2015-03-01,2015-05-01,2015-06-13,2015-06-06
2015-06-26,0,2015-06-26,expansion,expansion,official,0.714996136944922,-0.02188925381898101,0,1,1,1,0.40641251182388616,labor_stress,1.4529168798008054,0.20818763035540058,none,absent,True,0.1592365930575798,0,expansion,0.0,0.0,0,0,4,,4,0,0.0927106314734744,0.023995159180959055,0.4705430672010772,0.5676206386811892,0.43674541822321983,0.40838404562360936,8.831022286748809e-07,1.5651424239904738e-07,5.0,0,7.0,0,4.0,0,5.0,0,0.0,1,2015-05-01,2015-05-01,2015-05-01,2015-04-01,2015-05-01,2015-06-20,2015-06-13
2015-07-03,0,2015-07-03,slowdown,expansion,official,0.700361709996472,-0.11383341943902567,0,1,1,1,0.396620380549668,labor_stress,1.3888886397060844,-0.2017715647971003,none,absent,False,0.007428141447760661,1,slowdown,0.0,0.04323676388509292,0,0,4,,4,0,0.08531618310404211,0.021110961581220614,0.4205966107580198,0.4857303653283502,0.4940863178624035,0.49315850677611084,8.882755345582921e-07,1.663143184688324e-07,6.0,0,3.0,0,5.0,0,6.0,0,0.0,1,2015-06-01,2015-05-01,2015-05-01,2015-04-01,2015-05-01,2015-06-27,2015-06-20
2015-07-10,0,2015-07-10,slowdown,expansion,official,0.6767863044009068,-0.25941898447591527,0,1,1,1,0.37447768660802205,labor_stress,1.267206848000221,-0.9330051469518121,none,absent,True,0.26130411273845267,2,slowdown,0.0,0.15,0,0,4,,4,0,0.07284099877584858,0.016510861482276644,0.34265339354692254,0.3610924244435162,0.5845047113938613,0.6223965371819689,8.96283367657042e-07,1.7689223819577675e-07,7.0,0,4.0,0,6.0,0,7.0,0,0.0,1,2015-06-01,2015-05-01,2015-05-01,2015-04-01,2015-05-01,2015-07-04,2015-06-27
2015-07-17,0,2015-07-17,slowdown,expansion,official,0.6547078954611611,-0.26698157708681935,0,0,0,0,0.3710506805282073,labor_stress,1.2146490507902712,-1.4321038972130637,none,absent,True,0.25436449670533123,1,slowdown,0.0,0.15,0,0,4,,4,0,0.07993443703784722,0.018997235560243513,0.3378408268274908,0.36331903918856967,0.5822237802018128,0.6176835358939009,9.55932849263565e-07,1.8935728594460457e-07,4.0,0,5.0,0,7.0,0,4.0,0,0.0,1,2015-06-01,2015-05-01,2015-06-01,2015-04-01,2015-06-01,2015-07-11,2015-07-04
2015-07-24,0,2015-07-24,slowdown,expansion,official,0.6735515644570811,-0.1575341811764303,0,0,0,0,0.3836963257099446,labor_stress,1.2921963022918346,-0.9310685619067984,none,absent,True,0.2561142245220614,2,slowdown,0.0,0.15,0,0,4,,4,0,0.09008583825358228,0.01829934999162967,0.3952797069462419,0.362793108429772,0.514633506359347,0.6189073329518334,9.484408289140091e-07,2.0862676486962239e-07,5.0,0,6.0,0,8.0,0,5.0,0,0.0,1,2015-06-01,2015-05-01,2015-06-01,2015-04-01,2015-06-01,2015-07-18,2015-07-11
2015-07-31,0,2015-07-31,slowdown,slowdown,preliminary,0.683379507547176,-0.0952544528889407,0,0,0,0,0.3918088626923897,labor_stress,1.338770738196722,-0.6208163913155984,none,absent,False,0.2281943392351382,0,slowdown,0.0,0.1330320838533425,0,0,3,real_income,4,0,0.09577965404387719,0.01852154123391489,0.4285552192652051,0.37664195073513884,0.4756641825903687,0.604836289970277,9.44100549038772e-07,2.1806066919445957e-07,6.0,0,7.0,0,9.0,0,6.0,0,0.0,1,2015-06-01,2015-05-01,2015-06-01,2015-04-01,2015-06-01,2015-07-25,2015-07-18
2015-08-07,0,2015-08-07,slowdown,slowdown,official,0.6812337631851615,-0.16051297844288562,0,0,0,0,0.43127680315824646,labor_stress,1.469001597949792,0.012161746947198928,none,absent,True,0.5746170631294201,0,slowdown,0.0,0.0,0,0,4,,4,0,0.08849235699029145,0.010173539524300019,0.3942635547964578,0.2076045721999007,0.5172431396398803,0.7822216353293208,9.485733703662221e-07,2.5294647849879624e-07,7.0,0,4.0,0,5.0,0,7.0,0,0.0,1,2015-07-01,2015-06-01,2015-06-01,2015-05-01,2015-06-01,2015-08-01,2015-07-25
2015-08-14,0,2015-08-14,expansion,slowdown,official,0.6980819803950237,0.022109805049157653,0,0,1,0,0.42105642123205456,labor_stress,1.4696595019585696,-0.024696721878561898,none,absent,False,0.022840615861421887,0,slowdown,0.0,0.0052921546882632635,0,0,4,,4,0,0.11354453492828855,0.024597734615595883,0.4866150496930462,0.4762807185618179,0.39983948677283393,0.4991213344232398,9.286058314341536e-07,2.1239934630563183e-07,4.0,0,5.0,0,6.0,0,8.0,0,0.0,1,2015-07-01,2015-06-01,2015-07-01,2015-05-01,2015-06-01,2015-08-08,2015-08-01
2015-08-21,0,2015-08-21,slowdown,slowdown,official,0.6801562969297594,-0.14696374340476798,0,1,1,1,0.3958522877119123,labor_stress,1.3462071307065397,-0.4591712400093661,none,absent,True,0.3743814563817359,0,slowdown,0.0,0.09839383714486417,0,0,4,,4,0,0.09285745730223029,0.01618741764724077,0.3840244715033692,0.3047154567913076,0.5231171642604295,0.6790969131730435,9.069339710116731e-07,2.123884079630692e-07,5.0,0,6.0,0,7.0,0,5.0,0,0.0,1,2015-07-01,2015-06-01,2015-07-01,2015-05-01,2015-07-01,2015-08-15,2015-08-08
2015-08-28,0,2015-08-28,slowdown,slowdown,official,0.6796614238807557,-0.08875591708624969,0,1,1,1,0.38728350800435246,labor_stress,1.3161083024788611,-0.37344958662932887,none,absent,True,0.26106591587154804,0,slowdown,0.0,0.08002491142057047,0,0,4,,4,0,0.10020204249190731,0.0192879615080052,0.4139914857630977,0.3598229562486923,0.4858055666290414,0.6208888721202404,9.051159536375497e-07,2.1012306227314917e-07,6.0,0,7.0,0,4.0,0,6.0,0,0.0,1,2015-07-01,2015-07-01,2015-07-01,2015-05-01,2015-07-01,2015-08-22,2015-08-15
2015-09-04,0,2015-09-04,slowdown,slowdown,official,0.6643041367295062,-0.079006477187275,0,1,1,1,0.374658127061197,labor_stress,1.2444347183304105,-0.24463611218900638,none,absent,True,0.25585133740240706,0,slowdown,0.0,0.05242202404050137,0,0,4,,4,0,0.1042339532003224,0.02007537322238288,0.4176999584120345,0.3620365385030242,0.4780651834966724,0.6178878759054313,9.048909706729877e-07,2.12369161667381e-07,7.0,0,3.0,0,5.0,0,7.0,0,0.0,1,2015-08-01,2015-07-01,2015-07-01,2015-05-01,2015-07-01,2015-08-29,2015-08-22
2015-09-11,0,2015-09-11,slowdown,slowdown,official,0.661734548317541,-0.0492289105070303,0,1,1,1,0.3722298554312728,labor_stress,1.2315867762705843,-0.09486695776666228,none,absent,True,0.20290872890484313,0,slowdown,0.0,0.020328633807141915,0,0,4,,4,0,0.10852078009941711,0.021744649045709382,0.43266276890886773,0.3876732050514887,0.4588155470084975,0.5905819339563319,9.039832175944466e-07,2.1194647009815227e-07,8.0,0,4.0,0,6.0,0,8.0,0,0.0,1,2015-08-01,2015-07-01,2015-07-01,2015-05-01,2015-07-01,2015-09-05,2015-08-29
2015-09-18,0,2015-09-18,expansion,expansion,official,0.6576998916114618,0.06228948721734042,0,0,0,0,0.3904353336392005,labor_stress,1.2839463830789357,-0.14848234742581604,none,absent,True,0.4115305168542163,0,expansion,0.0,0.03181764587696058,0,0,4,,4,0,0.11519755355428686,0.03356991479014096,0.5217266605845449,0.6889802327677623,0.36307488168941837,0.277449715913546,9.04171750006599e-07,1.365285507026225e-07,4.0,0,5.0,0,7.0,0,4.0,0,0.0,1,2015-08-01,2015-07-01,2015-08-01,2015-05-01,2015-08-01,2015-09-12,2015-09-05
2015-09-25,0,2015-09-25,expansion,expansion,official,0.657752577528141,0.0389145180400417,0,0,0,0,0.3904841597089411,labor_stress,1.2842098126623314,-0.27013325752242856,none,absent,True,0.41722159063191716,0,expansion,0.0,0.057885698040520406,0,0,4,,4,0,0.11266222025464562,0.03359872705636576,0.5102976509029346,0.6918113659769847,0.377039222571466,0.2745897753450675,9.062709537672827e-07,1.3162158205178977e-07,5.0,0,6.0,0,8.0,0,5.0,0,0.0,1,2015-08-01,2015-07-01,2015-08-01,2015-05-01,2015-08-01,2015-09-19,2015-09-12
2015-10-02,0,2015-10-02,slowdown,expansion,official,0.6624070087300732,-0.05687228624279478,0,1,0,1,0.39522122044508584,labor_stress,1.3089865321083907,-0.558900607148648,none,absent,False,0.006130632873156017,1,slowdown,0.0,0.11976441581756743,0,0,4,,4,0,0.10359620193610188,0.02727790607244998,0.41560441073067245,0.4832956399871285,0.4807984498738976,0.4894262728602845,9.374593280798879e-07,1.8108013702144626e-07,6.0,0,3.0,0,4.0,0,6.0,0,0.0,1,2015-09-01,2015-08-01,2015-08-01,2015-07-01,2015-08-01,2015-09-26,2015-09-19
2015-10-09,0,2015-10-09,slowdown,expansion,official,0.6754699107316695,-0.016808026670248978,0,1,0,1,0.4063953920876989,labor_stress,1.3725392960761993,-0.36699462364707996,none,absent,False,0.020738429996395635,2,slowdown,0.0,0.07864170506723142,0,0,4,,4,0,0.10620403628445044,0.0261043281901977,0.43727631822105656,0.47657852525561806,0.45651870785322324,0.4973169552520137,9.376412698419202e-07,1.9130217053038652e-07,7.0,0,4.0,0,5.0,0,7.0,0,0.0,1,2015-09-01,2015-08-01,2015-08-01,2015-07-01,2015-08-01,2015-10-03,2015-09-26
2015-10-16,0,2015-10-16,slowdown,slowdown,official,0.6814364442233438,-0.14393411163025877,0,2,0,2,0.4206574968996789,labor_stress,1.4332567446160474,0.16491201607255113,none,absent,True,0.617723819128315,0,slowdown,0.0,0.0,0,0,4,,4,0,0.08612274996711873,0.009824730947116231,0.35882639325902493,0.18622560954701203,0.5550499542069787,0.803949428675327,9.025668777894691e-07,2.3083054453981354e-07,4.0,0,5.0,0,6.0,0,4.0,0,0.0,1,2015-09-01,2015-08-01,2015-09-01,2015-07-01,2015-09-01,2015-10-10,2015-10-03
2015-10-23,0,2015-10-23,slowdown,slowdown,official,0.6903263615433032,-0.10288327434268182,0,2,1,2,0.4280753950152098,labor_stress,1.4775586495353101,0.35668262153174907,none,absent,True,0.5568308500169985,0,slowdown,0.0,0.0,0,0,4,,4,0,0.08972115244051139,0.011179279749721015,0.3804844958949933,0.2159948183561912,0.5297934473143228,0.7728256683731897,9.043501725757099e-07,2.335208982170777e-07,5.0,0,6.0,0,7.0,0,5.0,0,0.0,1,2015-09-01,2015-08-01,2015-09-01,2015-07-01,2015-09-01,2015-10-17,2015-10-10
2015-10-30,0,2015-10-30,slowdown,slowdown,official,0.7032625356001975,-0.07409456511551596,0,2,0,2,0.44310631429262665,labor_stress,1.5581003506494533,0.7490425299019969,none,absent,True,0.5403798363809982,0,slowdown,0.0,0.0,0,0,4,,4,0,0.09108178835535075,0.011277388732293333,0.3963171566182034,0.22417126803568382,0.5126001495382746,0.7645511044166821,9.054881712589537e-07,2.388153407360444e-07,6.0,0,7.0,0,4.0,0,6.0,0,0.0,1,2015-09-01,2015-09-01,2015-09-01,2015-08-01,2015-09-01,2015-10-24,2015-10-17
2015-11-06,0,2015-11-06,slowdown,slowdown,official,0.6934768588249894,-0.026404928394075912,0,1,0,1,0.4318767661952766,labor_stress,1.497482716102974,0.6230599636534079,none,absent,True,0.1844371993438892,0,slowdown,0.0,0.0,0,0,4,,4,0,0.09870494990533817,0.018939496630426045,0.4505993864896871,0.39831154544539144,0.4506947538235375,0.5827487447892806,9.097814371639686e-07,2.1313490201464557e-07,7.0,0,4.0,0,5.0,0,7.0,0,0.0,1,2015-10-01,2015-09-01,2015-09-01,2015-08-01,2015-09-01,2015-10-31,2015-10-24
2015-11-13,0,2015-11-13,slowdown,slowdown,official,0.6648262076742351,-0.13358794192494605,0,1,0,1,0.41226422992559025,labor_stress,1.3704203227058451,0.1670927715782949,none,absent,True,0.291168217350828,0,slowdown,0.0,0.0,0,0,4,,4,0,0.0910022571110951,0.01748971738624236,0.3924339861225352,0.3456709303562916,0.5165628439935923,0.6368391477071196,9.127727773734665e-07,2.045503465407068e-07,8.0,0,5.0,0,6.0,0,8.0,0,0.0,1,2015-10-01,2015-09-01,2015-09-01,2015-08-01,2015-09-01,2015-11-07,2015-10-31
2015-11-20,0,2015-11-20,slowdown,slowdown,official,0.638116262930364,-0.22100550829597693,0,1,0,1,0.403858083400658,labor_stress,1.2885420546692359,-0.054364140884844245,none,absent,True,0.4796696456949252,0,slowdown,0.0,0.011649458761038052,0,0,4,,4,0,0.08457758044606252,0.013655256636023187,0.3458661907681049,0.2533374429361013,0.5695553136361464,0.7330070886310265,9.151496862153497e-07,2.1179684898093001e-07,4.0,0,6.0,0,7.0,0,4.0,0,0.0,1,2015-10-01,2015-09-01,2015-10-01,2015-08-01,2015-10-01,2015-11-14,2015-11-07
2015-11-27,0,2015-11-27,slowdown,slowdown,official,0.6501192847708441,-0.2716406821663969,0,1,0,1,0.38070841004247696,labor_stress,1.237529396215302,-0.26656322296878093,none,absent,True,0.5908364688867895,0,slowdown,0.0,0.05712069063616734,0,0,4,,4,0,0.07668579230160211,0.010441867403820016,0.32116726553795266,0.19936072469501231,0.6021460260629318,0.7901971935818018,9.160975135761588e-07,2.1431936593918023e-07,5.0,0,7.0,0,4.0,0,5.0,0,0.0,1,2015-10-01,2015-10-01,2015-10-01,2015-08-01,2015-10-01,2015-11-21,2015-11-14
2015-12-04,0,2015-12-04,slowdown,expansion,official,0.6797729397427769,-0.1305725323363088,0,1,0,1,0.37596816141802,labor_stress,1.2778649116840715,-0.327047126957832,none,absent,True,0.12686023603575503,2,slowdown,0.0,0.07008152720524972,0,0,4,,4,0,0.08669471231505935,0.019581286683427672,0.4102517491500185,0.4267791480651044,0.5030526489848701,0.5536393841008594,8.895500519203642e-07,1.8115060854339282e-07,6.0,0,3.0,0,5.0,0,6.0,0,0.0,1,2015-11-01,2015-10-01,2015-10-01,2015-09-01,2015-10-01,2015-11-28,2015-11-21
2015-12-11,0,2015-12-11,slowdown,slowdown,official,0.6635671728283127,-0.20087716561271013,0,1,0,1,0.36176014701986203,labor_stress,1.200260789999623,-0.6646334370114777,none,absent,True,0.2768552485329312,0,slowdown,0.0,0.14242145078817378,0,0,4,,4,0,0.0812368240463938,0.016717715411228483,0.3722361698208096,0.35321342366993336,0.5465261126333277,0.6300686722028646,8.934994689695616e-07,1.8871597354972098e-07,7.0,0,4.0,0,6.0,0,7.0,0,0.0,1,2015-11-01,2015-10-01,2015-10-01,2015-09-01,2015-10-01,2015-12-05,2015-11-28
2015-12-18,0,2015-12-18,slowdown,slowdown,official,0.6258964738757125,-0.3681412432528811,0,1,0,1,0.3697296912102865,labor_stress,1.1570625500783716,-0.9035708819852777,none,absent,True,0.6854441776161908,0,slowdown,0.0,0.15,0,0,4,,4,0,0.06741552750358296,0.007876815769044683,0.28661595954056235,0.1533393994528546,0.6459676106680123,0.8387835770690454,9.02287842320418e-07,2.0770905534934935e-07,4.0,0,5.0,0,7.0,0,4.0,0,0.0,1,2015-11-01,2015-10-01,2015-11-01,2015-09-01,2015-11-01,2015-12-12,2015-12-05
2015-12-25,0,2015-12-25,slowdown,slowdown,official,0.6017459463156558,-0.4801098889639813,0,1,0,1,0.35959997503791885,labor_stress,1.0819391363713935,-1.3048265623042206,none,absent,True,0.8241387820725437,0,slowdown,0.0,0.15,0,0,4,,4,0,0.05892318179061977,0.004927726612113397,0.2241488954738697,0.08546664304936026,0.7169270019914066,0.9096054251219039,9.207441038731495e-07,2.052166222708586e-07,5.0,0,6.0,0,3.0,0,5.0,0,0.0,1,2015-11-01,2015-11-01,2015-11-01,2015-10-01,2015-11-01,2015-12-19,2015-12-12
2016-01-01,0,2016-01-01,slowdown,slowdown,official,0.5784513537960413,-0.5000105830425688,0,1,0,1,0.333810671351195,labor_stress,0.9654661737733208,-1.4099312343381685,none,absent,True,0.8507571129176754,0,slowdown,0.0,0.15,0,0,4,,4,0,0.05932559310836664,0.004359654507910222,0.21546649756078837,0.0724415136146957,0.7252069880319283,0.9231986265323712,9.212989165579644e-07,2.0534502302632578e-07,6.0,0,7.0,0,4.0,0,6.0,0,0.0,1,2015-11-01,2015-11-01,2015-11-01,2015-10-01,2015-11-01,2015-12-26,2015-12-19
2016-01-08,0,2016-01-08,slowdown,slowdown,official,0.5853363514881617,-0.411849933785966,0,1,0,1,0.33398186612485814,labor_stress,0.9774586349036606,-1.0428298741001756,none,absent,True,0.8229649407927553,0,slowdown,0.0,0.15,0,0,4,,4,0,0.06863869290645741,0.005108160968686377,0.25272676231163976,0.08596334137298238,0.6786336250937148,0.9089282821657376,9.196881880270113e-07,2.1549259356760807e-07,7.0,0,4.0,0,5.0,0,7.0,0,0.0,1,2015-12-01,2015-11-01,2015-11-01,2015-10-01,2015-11-01,2016-01-02,2015-12-26
2016-01-15,0,2016-01-15,slowdown,slowdown,official,0.5500641306754868,-0.45740314492398787,0,1,0,1,0.32410548954851254,labor_stress,0.8964687419460876,-1.0349383908489256,none,absent,True,0.8294170674195513,0,slowdown,0.0,0.15,0,0,4,,4,0,0.0665996553539429,0.004944855063868599,0.2435219560044351,0.08281893381729234,0.6898774815020388,0.9122360012368437,9.071395832474522e-07,2.0988199530815989e-07,4.0,0,5.0,0,6.0,0,8.0,0,0.0,1,2015-12-01,2015-11-01,2015-12-01,2015-10-01,2015-11-01,2016-01-09,2016-01-02
2016-01-22,0,2016-01-22,slowdown,slowdown,official,0.5199247019691862,-0.5939111142077232,0,1,0,1,0.2919958702180961,labor_stress,0.7636512889892216,-1.3223625965308483,none,absent,True,0.8928362758800402,0,slowdown,0.0,0.15,0,0,4,,4,0,0.0553275689232281,0.0035078859367650584,0.1788738447394452,0.051827819634085455,0.765797663097365,0.9446640955141257,9.232399617700417e-07,1.9891502380560397e-07,5.0,0,6.0,0,7.0,0,5.0,0,0.0,1,2015-12-01,2015-11-01,2015-12-01,2015-10-01,2015-12-01,2016-01-16,2016-01-09
2016-01-29,0,2016-01-29,slowdown,slowdown,official,0.5192784022913546,-0.6068881911570492,0,1,0,1,0.2911199625865913,labor_stress,0.7604197906000641,-1.3861430224732023,none,absent,True,0.8997760166518233,0,slowdown,0.0,0.15,0,0,4,,4,0,0.05399688199491379,0.003288852939054442,0.17434757692244082,0.04846746617600793,0.7716546176609258,0.9482434828278312,9.234217196100309e-07,1.9805710655422975e-07,6.0,0,7.0,0,8.0,0,6.0,0,0.0,1,2015-12-01,2015-11-01,2015-12-01,2015-10-01,2015-12-01,2016-01-23,2016-01-16
2016-02-05,0,2016-02-05,slowdown,slowdown,official,0.49380362573819764,-0.7532351195379297,0,1,0,1,0.2857644348852986,labor_stress,0.7100319608209985,-1.3175221616425934,none,absent,True,0.9366450548804112,0,slowdown,0.0,0.1577702963444652,0,0,4,,4,0,0.04195570826508614,0.0021634833216991256,0.1287784374913714,0.030595636929656226,0.8292649288973479,0.9672406918100674,9.253461944411624e-07,1.8793857709360132e-07,7.0,0,4.0,0,5.0,0,7.0,0,0.0,1,2016-01-01,2015-12-01,2015-12-01,2015-11-01,2015-12-01,2016-01-30,2016-01-23
2016-02-12,0,2016-02-12,slowdown,slowdown,official,0.5093201764671635,-0.6682250550889133,0,1,0,1,0.3022061105204861,labor_stress,0.774330175740381,-1.0236050708361453,none,absent,True,0.9207561650650156,0,slowdown,0.0,0.15,0,0,4,,4,0,0.048637180924880286,0.00263244619223873,0.15396344183496594,0.03830559754861535,0.7973984529557163,0.959061762613631,9.242844374439194e-07,1.9364551509874427e-07,8.0,0,5.0,0,6.0,0,8.0,0,0.0,1,2016-01-01,2015-12-01,2015-12-01,2015-11-01,2015-12-01,2016-02-06,2016-01-30
2016-02-19,0,2016-02-19,slowdown,slowdown,official,0.5576500117222097,-0.14322276055627942,0,0,0,0,0.3203168649870853,labor_stress,0.8931235175743478,-0.5416314769660332,none,absent,True,0.5377380522348405,0,slowdown,0.0,0.11606388792129282,0,0,4,,4,0,0.11288616074669702,0.014581327748775672,0.39338546608702385,0.223840180365765,0.49372742447837564,0.7615782326006055,9.48687903561615e-07,2.592848537040835e-07,4.0,0,6.0,0,7.0,0,4.0,0,0.0,1,2016-01-01,2015-12-01,2016-01-01,2015-11-01,2016-01-01,2016-02-13,2016-02-06
2016-02-26,0,2016-02-26,expansion,slowdown,official,0.5632482786058178,0.01623134417528574,0,0,0,0,0.3263747415814644,labor_stress,0.9191500568808922,-0.1693807313386502,none,absent,True,0.17231480172094565,0,slowdown,0.0,0.036295871001139325,0,0,4,,4,0,0.13399142484643498,0.026175582632601075,0.4721589259660447,0.4007546842402067,0.3938487107744056,0.5730694859611524,9.384131147217491e-07,2.4716603978171087e-07,5.0,0,7.0,0,4.0,0,5.0,0,0.0,1,2016-01-01,2016-01-01,2016-01-01,2015-12-01,2016-01-01,2016-02-20,2016-02-13
2016-03-04,0,2016-03-04,expansion,slowdown,official,0.5694173000240231,0.021239110592358702,0,0,0,0,0.3311747431550703,labor_stress,0.9428831404175473,-0.14914088721093965,none,absent,False,0.016781941723617577,0,slowdown,0.0,0.03195876154520135,0,0,4,,4,0,0.13324478261910733,0.03090648253533966,0.47532187009150095,0.4761556787251448,0.3914324092888346,0.4929376204487624,9.380005572048992e-07,2.1829075313015358e-07,6.0,0,3.0,0,5.0,0,6.0,0,0.0,1,2016-02-01,2016-01-01,2016-01-01,2015-12-01,2016-01-01,2016-02-27,2016-02-20
2016-03-11,0,2016-03-11,expansion,slowdown,official,0.5796500374072309,0.08706553585934085,0,0,0,0,0.34298171765155006,labor_stress,0.9940468273335865,0.17894129708889003,none,absent,True,0.1672383169618673,1,expansion,0.0,0.0,0,0,4,,4,0,0.13940447614645082,0.036084994578689175,0.5075155295408824,0.5655765620444153,0.3530790605112784,0.398338245082548,9.338013884324095e-07,1.9829434747473092e-07,7.0,0,4.0,0,6.0,0,7.0,0,0.0,1,2016-02-01,2016-01-01,2016-01-01,2015-12-01,2016-01-01,2016-03-05,2016-02-27
2016-03-18,0,2016-03-18,expansion,slowdown,official,0.5451915195659831,0.11087010657098366,0,0,0,0,0.36304304195194703,labor_stress,0.9896399385481948,0.555830264445486,none,absent,True,0.20280064591637914,1,expansion,0.0,0.0,0,0,4,,4,0,0.15095062175801735,0.04030183173420878,0.5131634847138958,0.581249307680814,0.3358849604633874,0.3784486617644348,9.330646993639228e-07,1.9882054257143604e-07,4.0,0,5.0,0,7.0,0,4.0,0,0.0,1,2016-02-01,2016-01-01,2016-02-01,2015-12-01,2016-02-01,2016-03-12,2016-03-05
2016-03-25,0,2016-03-25,expansion,expansion,official,0.5919530727445388,0.1900049129884514,0,0,0,0,0.41388431143161997,labor_stress,1.2250004495635254,0.9662835795158368,none,absent,True,0.5660268446668681,0,expansion,0.0,0.0,0,0,4,,4,0,0.14870954170481052,0.047269119993867965,0.5547968642040233,0.7593787995959046,0.29649266645690225,0.1933519549290365,9.276342639912982e-07,1.2548119085034248e-07,5.0,0,6.0,0,8.0,0,5.0,0,0.0,1,2016-02-01,2016-01-01,2016-02-01,2015-12-01,2016-02-01,2016-03-19,2016-03-12
2016-04-01,0,2016-04-01,expansion,expansion,official,0.5476775549677928,0.1739925835206336,0,0,0,0,0.3979099073107007,labor_stress,1.1728896045577573,0.9702750426565347,none,absent,True,0.5713919975852496,0,expansion,0.0,0.0,0,0,4,,4,0,0.1582621244380585,0.052753300580231054,0.5406849669502493,0.7593192869975276,0.30105197913674797,0.18792728941227796,9.294749444011101e-07,1.2300996336314464e-07,6.0,0,3.0,0,4.0,0,6.0,0,0.0,1,2016-03-01,2016-02-01,2016-02-01,2016-01-01,2016-02-01,2016-03-26,2016-03-19
2016-04-08,0,2016-04-08,expansion,expansion,official,0.53319899039671,0.0743407960170696,0,0,0,0,0.3829842858060347,labor_stress,1.1011691403813513,0.47255798294412754,none,absent,True,0.522960680236098,0,expansion,0.0,0.0,0,0,4,,4,0,0.14913497081717303,0.05292610411169805,0.49504637100027293,0.7350172275442234,0.3558177227547553,0.21205654730812545,9.354277987895569e-07,1.210359530975521e-07,7.0,0,4.0,0,5.0,0,7.0,0,0.0,1,2016-03-01,2016-02-01,2016-02-01,2016-01-01,2016-02-01,2016-04-02,2016-03-26
2016-04-15,0,2016-04-15,slowdown,slowdown,official,0.5060227560320276,-0.28263488391972424,0,1,0,1,0.3780259542386575,labor_stress,1.1493597821870596,0.24318147398527024,none,absent,True,0.5573788562272469,0,slowdown,0.0,0.0,0,0,4,,4,0,0.0979476799412838,0.016055158492631855,0.3080323640888953,0.21328288494516304,0.5940190375920623,0.7706617411724099,9.183777585066501e-07,2.1538979509993027e-07,4.0,0,5.0,0,6.0,0,4.0,0,0.0,1,2016-03-01,2016-02-01,2016-03-01,2016-01-01,2016-03-01,2016-04-09,2016-04-02
2016-04-22,0,2016-04-22,slowdown,slowdown,official,0.5260322587882117,-0.25072723487239335,0,1,0,1,0.39784047103380515,labor_stress,1.2494072959679796,0.369007318730992,none,absent,True,0.6005031292197696,0,slowdown,0.0,0.0,0,0,4,,4,0,0.0991288162208289,0.013740965392320266,0.3243982408893385,0.1928778398901026,0.5764720254225426,0.7933809691098721,9.174672899858141e-07,2.2560770503363606e-07,5.0,0,6.0,0,7.0,0,5.0,0,0.0,1,2016-03-01,2016-02-01,2016-03-01,2016-01-01,2016-03-01,2016-04-16,2016-04-09
2016-04-29,0,2016-04-29,slowdown,slowdown,official,0.5416665299190516,-0.3078755651791792,0,1,0,1,0.4195905337577069,labor_stress,1.3505127436424023,0.3187296565388389,none,absent,True,0.7100762503629807,0,slowdown,0.0,0.0,0,0,4,,4,0,0.08833349733462177,0.009445110285307567,0.29819664909896265,0.14023920720758082,0.6134689352627074,0.8503154575705615,9.183037083222848e-07,2.249365501672153e-07,6.0,0,7.0,0,4.0,0,6.0,0,0.0,1,2016-03-01,2016-03-01,2016-03-01,2016-02-01,2016-03-01,2016-04-23,2016-04-16
2016-05-06,0,2016-05-06,slowdown,slowdown,official,0.5320306701210786,-0.40232747369799854,0,1,0,1,0.4168845082641201,labor_stress,1.3217178063322672,0.15562889982327188,none,absent,True,0.7938184974059302,0,slowdown,0.0,0.0,0,0,4,,4,0,0.07698058367624089,0.006728416203467624,0.2549405096179364,0.09972643504825694,0.6680779865699449,0.8935449324541872,9.201358778276814e-07,2.162940882340845e-07,7.0,0,4.0,0,5.0,0,7.0,0,0.0,1,2016-04-01,2016-03-01,2016-03-01,2016-02-01,2016-03-01,2016-04-30,2016-04-23
2016-05-13,0,2016-05-13,slowdown,slowdown,official,0.4883825530240708,-0.5020658008288009,0,1,0,1,0.36999274005945415,labor_stress,1.0923016570548072,-0.4794219750495271,none,absent,True,0.8349246874406999,0,slowdown,0.0,0.11159167597800299,0,0,4,,4,0,0.06987863669477938,0.005862891186234536,0.21218560510982945,0.07960610742652813,0.7179348359611737,0.9145307948672281,9.222342175630634e-07,2.0652000933254882e-07,8.0,0,5.0,0,6.0,0,8.0,0,0.0,1,2016-04-01,2016-03-01,2016-03-01,2016-02-01,2016-03-01,2016-05-07,2016-04-30
2016-05-20,0,2016-05-20,slowdown,slowdown,official,0.49837053679032933,-0.27700676807628755,0,0,0,0,0.3380378031645791,labor_stress,0.9104689824730355,-0.9742964299647794,none,absent,False,0.42863515259250434,0,slowdown,0.0,0.15154790364298934,0,0,4,,4,0,0.10444724469837516,0.02076580971779996,0.3235133390697365,0.2752994108458407,0.5720384584302383,0.703934563438345,9.578016501457754e-07,2.1599801424875565e-07,4.0,0,6.0,0,7.0,0,4.0,0,0.0,1,2016-04-01,2016-03-01,2016-04-01,2016-02-01,2016-04-01,2016-05-14,2016-05-07
2016-05-27,0,2016-05-27,slowdown,slowdown,official,0.4809531190013271,-0.2875741306360112,0,0,0,0,0.3159190108552522,labor_stress,0.8233818935280242,-1.0317613596434163,none,absent,False,0.5368806696337414,0,slowdown,0.0,0.15765279145266203,0,0,4,,4,0,0.10607167087198702,0.017555465458119392,0.31736298153811726,0.22278181835777672,0.5765643889860259,0.759662487991518,9.586038698911585e-07,2.2819258583626037e-07,5.0,0,7.0,0,8.0,0,5.0,0,0.0,1,2016-04-01,2016-03-01,2016-04-01,2016-02-01,2016-04-01,2016-05-21,2016-05-14
2016-06-03,0,2016-06-03,slowdown,slowdown,official,0.472775352098044,-0.3437908615155438,0,1,0,1,0.3211688066198555,labor_stress,0.8239322541956451,-0.808798825872327,none,absent,False,0.7776163788207896,0,slowdown,0.0,0.16254233751780006,0,0,4,,4,0,0.09623284388017972,0.008923978246255645,0.2648073578805085,0.10672970730879414,0.6389588612937057,0.8843460861295838,9.369456059027046e-07,2.2831536645546287e-07,6.0,0,3.0,0,5.0,0,6.0,0,0.0,1,2016-05-01,2016-04-01,2016-04-01,2016-03-01,2016-04-01,2016-05-28,2016-05-21
2016-06-10,0,2016-06-10,slowdown,slowdown,official,0.5067804958863691,-0.2693208440648716,0,1,0,1,0.3633626045427437,labor_stress,0.993957973137271,-0.4383520163301658,none,absent,True,0.739470025911392,0,slowdown,0.0,0.09393257492789267,0,0,4,,4,0,0.10189203719546142,0.009781357575701718,0.2999903633060392,0.1253741889803918,0.5981166621580664,0.8648442148917838,9.373404329760248e-07,2.3855212266792005e-07,7.0,0,4.0,0,6.0,0,7.0,0,0.0,1,2016-05-01,2016-04-01,2016-04-01,2016-03-01,2016-04-01,2016-06-04,2016-05-28
2016-06-17,0,2016-06-17,slowdown,slowdown,official,0.4830473630046626,-0.18141840883794363,0,1,1,1,0.34330328299798785,labor_stress,0.9738980640536249,-0.7546130096519629,none,absent,False,0.5602425277429494,0,slowdown,0.0,0.15436922650872326,0,0,4,,4,0,0.12868262595142785,0.019566443497155892,0.3361918027551597,0.21009539421740211,0.5351246410617198,0.7703379219603514,9.302316928077276e-07,2.403250905375933e-07,4.0,0,5.0,0,7.0,0,4.0,0,0.0,1,2016-05-01,2016-04-01,2016-05-01,2016-03-01,2016-05-01,2016-06-11,2016-06-04
2016-06-24,0,2016-06-24,slowdown,slowdown,official,0.4907819561310392,-0.21635926444260617,0,1,1,1,0.35213522681329035,labor_stress,1.012571029685508,-0.9348971609788203,none,absent,False,0.5937060635523619,0,slowdown,0.0,0.15319080365912166,0,0,4,,4,0,0.12089753242887817,0.017819139294269277,0.3207471126969439,0.19423728084054953,0.5583544246424851,0.7879433443929115,9.302316928077275e-07,2.354722697214997e-07,5.0,0,6.0,0,8.0,0,5.0,0,0.0,1,2016-05-01,2016-04-01,2016-05-01,2016-03-01,2016-05-01,2016-06-18,2016-06-11
2016-07-01,0,2016-07-01,slowdown,slowdown,official,0.4873977565413831,-0.2474817995658157,0,1,1,1,0.3598495269421271,labor_stress,1.0286646220946374,-0.801533086532094,none,absent,False,0.6788763795913113,0,slowdown,0.0,0.1546607222311021,0,0,4,,4,0,0.11623187190828393,0.013858547435146555,0.3063011336911592,0.15363241748059195,0.5774660641688641,0.8325087970719033,9.302316928077276e-07,2.380123581535566e-07,6.0,0,7.0,0,4.0,0,6.0,0,0.0,1,2016-05-01,2016-05-01,2016-05-01,2016-04-01,2016-05-01,2016-06-25,2016-06-18
2016-07-08,0,2016-07-08,slowdown,slowdown,official,0.4918890949410432,-0.03596311685989228,0,1,1,1,0.3597612288256109,labor_stress,1.0364912605106222,-0.17268355287942325,none,absent,False,0.4309118265214059,0,slowdown,0.0,0.037485932249362724,0,0,4,,4,0,0.15210431810635636,0.02485904782342172,0.40442945237665706,0.27211443065766705,0.4434652992852937,0.703026257179073,9.302316928077275e-07,2.6433983835150707e-07,7.0,0,4.0,0,5.0,0,7.0,0,0.0,1,2016-06-01,2016-05-01,2016-05-01,2016-04-01,2016-05-01,2016-07-02,2016-06-25
2016-07-15,0,2016-07-15,expansion,slowdown,official,0.538774301639646,0.07910685971821389,0,1,1,1,0.4027322818863579,labor_stress,1.1543088937042065,0.6284933973603856,none,absent,True,0.27124493214037215,0,slowdown,0.0,0.0,0,0,4,,4,0,0.15868362936227665,0.028753055953012117,0.463142295073595,0.35000086866169366,0.37817314533243557,0.6212458008020658,9.302316928077276e-07,2.745832284015554e-07,4.0,0,5.0,0,6.0,0,4.0,0,0.0,1,2016-06-01,2016-05-01,2016-06-01,2016-04-01,2016-06-01,2016-07-09,2016-07-02
2016-07-22,0,2016-07-22,expansion,slowdown,official,0.5412439628103247,0.13059299103024075,0,1,1,1,0.4052944273744619,labor_stress,1.1666571995575998,0.8865181112046621,none,absent,False,0.027132590835623305,0,slowdown,0.0,0.0,0,0,4,,4,0,0.16578334519512902,0.03869998449343138,0.48624544228196964,0.46708359073352174,0.3479702822912085,0.49421618156914504,9.302316928077276e-07,2.4320390188134294e-07,5.0,0,6.0,0,7.0,0,5.0,0,0.0,1,2016-06-01,2016-05-01,2016-06-01,2016-04-01,2016-06-01,2016-07-16,2016-07-09
2016-07-29,0,2016-07-29,expansion,slowdown,official,0.5453602480524522,0.14368190480177342,0,1,1,1,0.409516354250497,labor_stress,1.1872386257682372,0.9526795233783903,none,absent,True,0.1611642869963747,1,expansion,0.0,0.0,0,0,4,,4,0,0.16656877993818645,0.046478618515579204,0.49256356669687584,0.5573427313312681,0.3408667231332449,0.3961784443348934,9.302316928077276e-07,2.0581825918175814e-07,6.0,0,7.0,0,8.0,0,6.0,0,0.0,1,2016-06-01,2016-05-01,2016-06-01,2016-04-01,2016-06-01,2016-07-23,2016-07-16
2016-08-05,0,2016-08-05,expansion,expansion,official,0.45135867992754947,0.05754857100100554,0,2,2,2,0.44202981868756025,labor_stress,1.0737417050888172,0.2056069869647846,none,absent,False,0.20669571314464674,0,expansion,0.02181666106440505,0.0,0,0,4,,4,0,0.17490166498773022,0.061882493108248685,0.4290430490509091,0.5724065245536045,0.39605437975721147,0.3657108114089578,9.062041491473712e-07,1.7092918906014602e-07,7.0,0,4.0,0,5.0,0,7.0,0,0.0,1,2016-07-01,2016-06-01,2016-06-01,2016-05-01,2016-06-01,2016-07-30,2016-07-23
2016-08-12,0,2016-08-12,expansion,expansion,official,0.4411261921736213,0.05924730491678058,0,1,2,1,0.4206335124299597,labor_stress,1.0002469588915948,0.05065901981740485,none,absent,False,0.33029653915877494,0,expansion,0.0,0.0,0,0,4,,4,0,0.18285595419123996,0.07109957208474878,0.43952260489800815,0.6295984044561876,0.3776205106790592,0.2993018652974127,9.302316928077276e-07,1.5816165088127585e-07,8.0,0,5.0,0,6.0,0,8.0,0,0.0,1,2016-07-01,2016-06-01,2016-06-01,2016-05-01,2016-06-01,2016-08-06,2016-07-30
2016-08-19,0,2016-08-19,expansion,expansion,official,0.4482329764838582,0.18584440211911848,0,1,2,1,0.4048719541700474,labor_stress,0.9073848055623828,-0.3241250716098784,none,absent,False,0.6053724127290522,0,expansion,0.0,0.06945537248783108,0,0,4,,4,0,0.2019315330001223,0.0850835262087411,0.4922801337232317,0.760144385558386,0.30578740304495317,0.1547719728293339,9.302316928077275e-07,1.1540353897374396e-07,4.0,0,6.0,0,7.0,0,4.0,0,0.0,1,2016-07-01,2016-06-01,2016-07-01,2016-05-01,2016-07-01,2016-08-13,2016-08-06
2016-08-26,0,2016-08-26,expansion,expansion,official,0.4505364308389014,0.20426745891890502,0,1,2,1,0.4079146610304513,labor_stress,0.9189020773375992,-0.2314583088333101,none,absent,False,0.5918752940693762,0,expansion,0.0,0.04959820903570931,0,0,4,,4,0,0.20407434490660922,0.08544013026133682,0.49978751241775765,0.7532175209495107,0.29613721244394037,0.16134222688013447,9.302316928077276e-07,1.2190901813177707e-07,5.0,0,7.0,0,8.0,0,5.0,0,0.0,1,2016-07-01,2016-06-01,2016-07-01,2016-05-01,2016-07-01,2016-08-20,2016-08-13
2016-09-02,0,2016-09-02,expansion,expansion,official,0.4939187766314145,0.32560619131286916,0,0,2,0,0.3711926062817073,labor_stress,0.9166949899464358,-0.33248947407342544,none,absent,False,0.7577947160253558,0,expansion,0.0,0.07124774444430546,0,0,4,,4,0,0.20266718519552143,0.07628085739916683,0.5787972888251809,0.8407568852659285,0.21853461561507778,0.0829621692405727,9.103642200332125e-07,8.809433190821587e-08,6.0,0,3.0,0,5.0,0,6.0,0,0.0,1,2016-08-01,2016-07-01,2016-07-01,2016-06-01,2016-07-01,2016-08-27,2016-08-20
2016-09-09,0,2016-09-09,expansion,expansion,official,0.5008123258464121,0.2835098449006483,0,0,2,0,0.3798479737549926,labor_stress,0.9511627360214236,-0.5431842012692628,none,absent,False,0.7390278610572337,0,expansion,0.0,0.11639661455769917,0,0,4,,4,0,0.1955804365568121,0.07453063766130165,0.5662659040359417,0.8322485664354459,0.23815274691407548,0.09322070537821214,9.12493170678663e-07,9.052504029639428e-08,7.0,0,4.0,0,6.0,0,7.0,0,0.0,1,2016-08-01,2016-07-01,2016-07-01,2016-06-01,2016-07-01,2016-09-03,2016-08-27
2016-09-16,0,2016-09-16,slowdown,expansion,official,0.466572112266799,-0.08045523529462958,0,1,1,1,0.39620691814530073,labor_stress,0.96029839817671,-0.5666500216459801,none,absent,False,0.047535292307134935,0,expansion,0.0,0.12496262482733637,0,0,4,,4,0,0.13797171469380978,0.04366079994775179,0.4011716507937114,0.5019371570062043,0.4608557189928559,0.4544018646990694,9.155196228394308e-07,1.7834697447475915e-07,4.0,0,5.0,0,7.0,0,4.0,0,0.0,1,2016-08-01,2016-07-01,2016-08-01,2016-06-01,2016-08-01,2016-09-10,2016-09-03
2016-09-23,0,2016-09-23,slowdown,expansion,official,0.47576963167632347,-0.06332236722472351,0,1,1,1,0.4074499033879895,labor_stress,1.0062859952243324,-0.4819091345153838,none,absent,False,0.008458878332975095,1,slowdown,0.0,0.10534753773591209,0,0,4,,4,0,0.13856063048294442,0.04029310869451684,0.4103186349617935,0.47562391160843753,0.4511198195494748,0.48408278994141263,9.150057872601529e-07,1.8975563285441106e-07,5.0,0,6.0,0,8.0,0,5.0,0,0.0,1,2016-08-01,2016-07-01,2016-08-01,2016-06-01,2016-08-01,2016-09-17,2016-09-10
2016-09-30,0,2016-09-30,slowdown,slowdown,official,0.47880032692526997,-0.05595425042212308,0,1,0,1,0.4403026588451342,labor_stress,1.0940951231558602,0.029651852543356692,none,absent,False,0.327647585839483,0,slowdown,0.0,0.0016344268421661608,0,0,4,,4,0,0.1428759081528166,0.028792511967521132,0.39789432616932047,0.321779829647965,0.45922882547809285,0.649427415487448,9.401997701504104e-07,2.4289706591010813e-07,6.0,0,7.0,0,4.0,0,6.0,0,0.0,1,2016-08-01,2016-08-01,2016-08-01,2016-07-01,2016-08-01,2016-09-24,2016-09-17
2016-10-07,0,2016-10-07,slowdown,slowdown,official,0.49160644310660917,-0.036045068888346556,0,2,0,2,0.4600731913359808,labor_stress,1.172681091389461,0.4722224824188346,none,absent,False,0.5029771986631032,0,slowdown,0.005061236625395681,0.0004957104681052728,0,0,4,,4,0,0.14267182661791825,0.021760095637436652,0.3791363366082856,0.23763122295090963,0.47819089914745977,0.7406084216140129,9.37626336397908e-07,2.5979764095716094e-07,7.0,0,4.0,0,5.0,0,7.0,0,0.0,1,2016-09-01,2016-08-01,2016-08-01,2016-07-01,2016-08-01,2016-10-01,2016-09-24
2016-10-14,0,2016-10-14,expansion,slowdown,official,0.5197990379527968,0.10424559815185694,0,1,0,1,0.48286990886581055,labor_stress,1.2988544496810583,1.0569828012521711,none,absent,True,0.16586461642211286,0,slowdown,0.0,0.0,0,0,4,,4,0,0.16329743639849206,0.03527053491942786,0.45896363984412897,0.3994322911662688,0.37773795011216305,0.5652969075883817,9.736452158818425e-07,2.6632592152237263e-07,8.0,0,5.0,0,6.0,0,8.0,0,0.0,1,2016-09-01,2016-08-01,2016-08-01,2016-07-01,2016-08-01,2016-10-08,2016-10-01
2016-10-21,0,2016-10-21,slowdown,slowdown,official,0.5077390228358908,-0.06471200243645996,0,2,0,2,0.4639870982494942,labor_stress,1.2460335093387191,0.8791343756677757,none,absent,True,0.4947473169829724,0,slowdown,0.0,0.0,0,0,4,,4,0,0.13389189369089338,0.021107682700416092,0.3674011222737411,0.2420723762616876,0.4987060490849155,0.73681969324466,9.349504499515175e-07,2.4779323624355586e-07,4.0,0,6.0,0,7.0,0,4.0,0,0.0,1,2016-09-01,2016-08-01,2016-09-01,2016-07-01,2016-09-01,2016-10-15,2016-10-08
2016-10-28,0,2016-10-28,slowdown,slowdown,official,0.5010206061556589,-0.08345494849391426,0,2,0,2,0.4571973276757059,labor_stress,1.2124414259375598,0.7872908415697906,none,absent,False,0.486777588628115,0,slowdown,0.0009359209152316874,0.00019939176317716322,0,0,4,,4,0,0.13221066924728256,0.021941875150473657,0.3579743919163313,0.24564014728931355,0.5098140053347986,0.7324177359174285,9.335015875416996e-07,2.416427842670533e-07,5.0,0,7.0,0,8.0,0,5.0,0,0.0,1,2016-09-01,2016-08-01,2016-09-01,2016-07-01,2016-09-01,2016-10-22,2016-10-15
2016-11-04,0,2016-11-04,slowdown,slowdown,official,0.47497016111415225,-0.1981763053144739,0,2,0,2,0.4387062487480853,labor_stress,1.1062624753849026,0.4171928046497963,none,absent,False,0.5706540184246994,0,slowdown,0.015194104345138529,0.006704945218139287,0,0,4,,4,0,0.11525632567495978,0.017766899312334567,0.31854186246434674,0.20578942969636368,0.5662009079377406,0.7764434481210631,9.039229528677362e-07,2.2287023851691382e-07,6.0,0,3.0,0,5.0,0,6.0,0,0.0,1,2016-10-01,2016-09-01,2016-09-01,2016-08-01,2016-09-01,2016-10-29,2016-10-22
2016-11-11,0,2016-11-11,slowdown,slowdown,official,0.46393552905004787,-0.23230029122501486,0,2,0,2,0.4261505327726685,labor_stress,1.051089315064381,0.24906375986288962,none,absent,False,0.6337339978622893,0,slowdown,0.02198015123311047,0.010953542717255413,0,0,4,,4,0,0.11174623952215358,0.015510465376919552,0.3021393333191093,0.17537765693897459,0.5861135246887181,0.8091116548012639,9.024700189820911e-07,2.228828420869095e-07,7.0,0,4.0,0,6.0,0,7.0,0,0.0,1,2016-10-01,2016-09-01,2016-09-01,2016-08-01,2016-09-01,2016-11-05,2016-10-29
2016-11-18,0,2016-11-18,expansion,expansion,official,0.5129729336103055,0.08145823773058729,0,1,1,1,0.4470935569749216,labor_stress,1.205938451861265,0.5094616786630021,none,absent,True,0.2250757445467536,0,expansion,0.0,0.0,0,0,4,,4,0,0.16602614256094433,0.055500213863738476,0.4603431396005253,0.5847876753654672,0.37362978760683757,0.35971193081871355,9.302316928077276e-07,1.7995208076178752e-07,4.0,0,5.0,0,7.0,0,4.0,0,0.0,1,2016-10-01,2016-09-01,2016-10-01,2016-08-01,2016-10-01,2016-11-12,2016-11-05
2016-11-25,0,2016-11-25,expansion,expansion,official,0.5191115015868746,0.05516731264263466,0,1,1,1,0.4533143820689288,labor_stress,1.236631291744111,0.38137413402523745,none,absent,True,0.23067465192469278,0,expansion,0.0,0.0,0,0,4,,4,0,0.16016493358037637,0.05428625129330518,0.44954454024801593,0.588194114085292,0.390289595939915,0.3575194621605992,9.302316928077276e-07,1.7246080363974365e-07,5.0,0,6.0,0,8.0,0,5.0,0,0.0,1,2016-10-01,2016-09-01,2016-10-01,2016-08-01,2016-10-01,2016-11-19,2016-11-12
2016-12-02,0,2016-12-02,expansion,expansion,official,0.5455583774322619,0.1384048715346285,0,1,1,1,0.4119565491278981,labor_stress,1.1782828856180563,-0.024073285558104226,none,absent,True,0.6076181266006366,0,expansion,0.0,0.005158561191022334,0,0,4,,4,0,0.15076730009916148,0.05454121739874692,0.5129142267401154,0.7765384028090956,0.3363175635275045,0.1689202762084589,9.096332186449687e-07,1.0358369861749526e-07,6.0,0,3.0,0,4.0,0,6.0,0,0.0,1,2016-11-01,2016-10-01,2016-10-01,2016-09-01,2016-10-01,2016-11-26,2016-11-19
2016-12-09,0,2016-12-09,expansion,expansion,official,0.5407435631091199,0.05600126534873545,0,1,1,1,0.4069650421264841,labor_stress,1.1542088140023457,-0.3658302187767066,none,absent,True,0.5061248550245303,0,expansion,0.0,0.07839218973786569,0,0,4,,4,0,0.14087566376682178,0.051770507838730905,0.4746969171655246,0.7271771157714482,0.38442650780600823,0.22105226074691792,9.112616455098741e-07,1.1564290301798089e-07,7.0,0,4.0,0,5.0,0,7.0,0,0.0,1,2016-11-01,2016-10-01,2016-10-01,2016-09-01,2016-10-01,2016-12-03,2016-11-26
2016-12-16,0,2016-12-16,slowdown,slowdown,official,0.48373737950130324,-0.2503105344812651,0,2,0,2,0.3692381181337408,labor_stress,1.000183393342831,-0.6498305588938567,none,absent,False,0.5005734916706327,0,slowdown,0.15029715505435126,0.14506933065143532,0,0,4,,4,0,0.10497958148111554,0.020661523247865486,0.2952407315029468,0.2393823904332182,0.599778785847045,0.7399558821038509,9.011688927158675e-07,2.0421506548228407e-07,4.0,0,5.0,0,6.0,0,4.0,0,0.0,1,2016-11-01,2016-10-01,2016-11-01,2016-09-01,2016-11-01,2016-12-10,2016-12-03
2016-12-23,0,2016-12-23,slowdown,slowdown,official,0.43495154160155713,-0.41148738923437006,0,2,0,2,0.3474154971115087,labor_stress,0.856326018228105,-0.9451538687208096,none,absent,True,0.8194877721842184,0,slowdown,0.19564736783705095,0.1837985233096124,0,0,4,,4,0,0.0892013033749046,0.008589062168669049,0.2117932251716737,0.0859614787424911,0.6990045626288387,0.9054492509267096,9.088245830064381e-07,2.081621302486633e-07,5.0,0,6.0,0,3.0,0,5.0,0,0.0,1,2016-11-01,2016-11-01,2016-11-01,2016-10-01,2016-11-01,2016-12-17,2016-12-10
2016-12-30,0,2016-12-30,slowdown,slowdown,official,0.433001969227872,-0.356116375030727,0,2,0,2,0.34482443930103945,labor_stress,0.8465781563596788,-0.6664308472743234,none,absent,False,0.8234483508862256,0,slowdown,0.18742259744957937,0.1728951194048225,0,0,4,,4,0,0.09863243207079476,0.008284600301742731,0.23327990421454917,0.08413341542821341,0.6680867508573192,0.907581766314439,9.128573370308389e-07,2.1795560494574724e-07,6.0,0,7.0,0,4.0,0,6.0,0,0.0,1,2016-11-01,2016-11-01,2016-11-01,2016-10-01,2016-11-01,2016-12-24,2016-12-17
2017-01-06,0,2017-01-06,slowdown,slowdown,official,0.4450818575128707,-0.2601951132940735,0,1,0,1,0.36397792208272406,labor_stress,0.9155859170934758,-0.3435902117165798,none,absent,False,0.7165850092498072,0,slowdown,0.0,0.09181664008423693,0,0,4,,4,0,0.11524965812006174,0.01225156592109271,0.3001480834987178,0.13558159160546918,0.5846013201088612,0.8521666008552764,9.382723591503678e-07,2.416181617102497e-07,7.0,0,4.0,0,5.0,0,7.0,0,0.0,1,2016-12-01,2016-11-01,2016-11-01,2016-10-01,2016-11-01,2016-12-31,2016-12-24
2017-01-13,0,2017-01-13,slowdown,slowdown,official,0.43818432202388247,-0.3593131266913449,0,1,0,1,0.3491659788273298,labor_stress,0.8662845723974091,-0.9509579341718807,none,absent,False,0.7579704580810466,0,slowdown,0.0,0.17811098455749136,0,0,4,,4,0,0.09981230617374996,0.01066063831281583,0.25640390087130666,0.1156843391561824,0.6437828557596079,0.8736547972372289,9.371953355978565e-07,2.2529377295788619e-07,8.0,0,5.0,0,6.0,0,8.0,0,0.0,1,2016-12-01,2016-11-01,2016-11-01,2016-10-01,2016-11-01,2017-01-07,2016-12-31
2017-01-20,0,2017-01-20,slowdown,slowdown,official,0.509931657450682,-0.16170626669770222,0,0,0,0,0.41644251989945846,labor_stress,1.0617861220263476,-0.47831540303884545,none,absent,True,0.5439821330778035,0,slowdown,0.0,0.10249615779403831,0,0,4,,4,0,0.12294908100469688,0.017705103466036518,0.3642613435438735,0.2191562521943865,0.5127886008659862,0.76313838527219,9.745854433068444e-07,2.590673868891291e-07,4.0,0,6.0,0,7.0,0,4.0,0,0.0,1,2016-12-01,2016-11-01,2016-12-01,2016-10-01,2016-12-01,2017-01-14,2017-01-07
2017-01-27,0,2017-01-27,slowdown,slowdown,official,0.5112679801162351,-0.1252731002669869,0,0,0,0,0.41796778867755435,labor_stress,1.068467735354113,-0.29618071445685185,none,absent,True,0.48443476875696634,0,slowdown,0.0,0.06346729595503968,0,0,4,,4,0,0.1285391624587112,0.01976339838832888,0.3818361622280387,0.24790078613995728,0.48962370195395566,0.7323355548969236,9.733592943922377e-07,2.60574790314774e-07,5.0,0,7.0,0,8.0,0,5.0,0,0.0,1,2016-12-01,2016-11-01,2016-12-01,2016-10-01,2016-12-01,2017-01-21,2017-01-14
2017-02-03,0,2017-02-03,slowdown,slowdown,official,0.49919512530462457,-0.14951815141415378,0,0,0,0,0.4080332692606623,labor_stress,1.0184410948851597,-0.36857821493145765,none,absent,False,0.4952865389007285,0,slowdown,0.0,0.07966773045917314,0,0,4,,4,0,0.12727055485299613,0.019741282681033433,0.36910142545931945,0.24248596134106382,0.5036270454399209,0.7377725002417923,9.742477635108886e-07,2.557361104755861e-07,6.0,0,3.0,0,5.0,0,6.0,0,0.0,1,2017-01-01,2016-12-01,2016-12-01,2016-11-01,2016-12-01,2017-01-28,2017-01-21
2017-02-10,0,2017-02-10,expansion,slowdown,official,0.5142983125442129,-0.023749892743135805,0,0,0,0,0.42541731302649644,labor_stress,1.0939570310831015,0.26076328366106105,none,absent,True,0.33817139403056956,0,slowdown,0.0,0.0,0,0,4,,4,0,0.14403019685311313,0.025367956383935415,0.4304389463585777,0.3182301901953271,0.42552988681990317,0.6564015842258967,9.69968405867042e-07,2.691948408273367e-07,7.0,0,4.0,0,6.0,0,7.0,0,0.0,1,2017-01-01,2016-12-01,2016-12-01,2016-11-01,2016-12-01,2017-02-04,2017-01-28
2017-02-17,0,2017-02-17,expansion,slowdown,official,0.5013817685916913,0.09501399858016514,0,0,1,0,0.41212102684403223,labor_stress,1.0434995831818643,0.5223401073222752,none,absent,False,0.061235961926343785,1,expansion,0.0,0.0,0,0,4,,4,0,0.1758873936623781,0.047062416585938696,0.4765758165067324,0.5070866574402154,0.3475358353525331,0.44585069551387163,9.544783564400778e-07,2.3045997426053436e-07,4.0,0,5.0,0,7.0,0,4.0,0,0.0,1,2017-01-01,2016-12-01,2017-01-01,2016-11-01,2017-01-01,2017-02-11,2017-02-04
2017-02-24,0,2017-02-24,expansion,slowdown,official,0.5185980966868897,0.15394923522587625,0,0,1,0,0.4314501252181087,labor_stress,1.1295812236578564,0.8170162905508307,none,absent,True,0.2638068822879649,2,expansion,0.0,0.0,0,0,4,,4,0,0.17979037815321353,0.05509129773889604,0.5041136501697034,0.6043576923322314,0.31609501939226986,0.34055081004426646,9.522848131810298e-07,1.998846059926536e-07,5.0,0,6.0,0,8.0,0,5.0,0,0.0,1,2017-01-01,2016-12-01,2017-01-01,2016-11-01,2017-01-01,2017-02-18,2017-02-04
2017-03-03,0,2017-03-03,expansion,expansion,official,0.5665101869820647,0.34162434197153185,0,1,2,1,0.4476725140609397,labor_stress,1.2792977515395256,1.1012434876712136,none,absent,True,0.711905930317955,0,expansion,0.0,0.0,0,0,4,,4,0,0.17906501056660815,0.06220440114366361,0.5907854988421604,0.8248507144620328,0.23014859620089054,0.11294478414407785,8.943903409811494e-07,1.0025022568719772e-07,6.0,0,7.0,0,4.0,0,6.0,0,0.0,1,2017-01-01,2017-01-01,2017-01-01,2016-12-01,2017-01-01,2017-02-25,2017-02-18
2017-03-10,0,2017-03-10,expansion,expansion,official,0.5578372619371992,0.380550874848996,0,1,2,1,0.4370708219510138,labor_stress,1.2300482623234354,0.9803730858022829,none,absent,True,0.7732643759310437,0,expansion,0.0,0.0,0,0,4,,4,0,0.18565703023209648,0.06456602741804365,0.6020633849443418,0.8543491326876366,0.2122786911174194,0.08108475675659285,8.937061422585324e-07,8.313772704248489e-08,7.0,0,4.0,0,5.0,0,7.0,0,0.0,1,2017-02-01,2017-01-01,2017-01-01,2016-12-01,2017-01-01,2017-03-04,2017-02-25
2017-03-17,0,2017-03-17,expansion,expansion,official,0.5630904444319124,0.0807122715725634,0,1,1,1,0.43193496552149163,labor_stress,1.2160922585058973,0.43394142878297404,none,absent,True,0.5165324693858042,0,expansion,0.0,0.0,0,0,4,,4,0,0.13887955678921735,0.04927579395264172,0.4892301857382937,0.7336282799361356,0.3718893472318005,0.21709581055033128,9.102406884254045e-07,1.1556089137655885e-07,4.0,0,5.0,0,6.0,0,4.0,0,0.0,1,2017-02-01,2017-01-01,2017-02-01,2016-12-01,2017-02-01,2017-03-11,2017-03-04
2017-03-24,0,2017-03-24,slowdown,expansion,official,0.5312790475501957,-0.033589823521529304,0,1,1,1,0.39792093400688633,labor_stress,1.0570352740973143,-0.14327895662678802,none,absent,True,0.19760036111316726,0,expansion,0.0,0.030702633562883146,0,0,4,,4,0,0.13028010457921507,0.0417973008487333,0.4308110073842131,0.5779014511087348,0.43890797485171174,0.38030108999556755,9.131848601039855e-07,1.5804696441831105e-07,5.0,0,6.0,0,7.0,0,5.0,0,0.0,1,2017-02-01,2017-01-01,2017-02-01,2016-12-01,2017-02-01,2017-03-18,2017-03-11
2017-03-31,0,2017-03-31,slowdown,expansion,official,0.464234544829198,-0.18227394250195875,0,1,0,1,0.3530705531372927,labor_stress,0.8315983606272204,-0.6337285520444955,none,absent,False,0.19529097197797507,2,slowdown,0.0,0.14432786282071802,0,0,4,,4,0,0.12180454990185849,0.03237889261537641,0.35252133777798783,0.3861649712929902,0.5256731949769892,0.5814559432709653,9.173431645306751e-07,1.9282066817805103e-07,6.0,0,7.0,0,4.0,0,6.0,0,0.0,1,2017-02-01,2017-02-01,2017-02-01,2017-01-01,2017-02-01,2017-03-25,2017-03-18
2017-04-07,0,2017-04-07,slowdown,slowdown,official,0.47693726493264926,-0.25395871269033765,0,1,0,1,0.38357436350816654,labor_stress,0.9278071492202761,-0.460947258379971,none,absent,False,0.5734327480074167,0,slowdown,0.0,0.10676366250979451,0,0,4,,4,0,0.10768165515083207,0.016549082229820315,0.3196180203987574,0.20500897260483075,0.5726994060964085,0.7784417206122475,9.183540021191102e-07,2.245531014101503e-07,7.0,0,4.0,0,5.0,0,7.0,0,0.0,1,2017-03-01,2017-02-01,2017-02-01,2017-01-01,2017-02-01,2017-04-01,2017-03-25
2017-04-14,0,2017-04-14,slowdown,slowdown,official,0.4733464555445003,-0.41276603788149097,0,2,0,2,0.40339194025307357,labor_stress,0.9685002890699622,-0.16729038096609905,none,absent,True,0.8515664666668398,0,slowdown,0.055762621110852326,0.050622121746262044,0,0,4,,4,0,0.08169625241746503,0.005804963464955244,0.22506188833550067,0.0713141808550518,0.693240965372655,0.9228806475218916,8.938743793023426e-07,2.081581013027148e-07,8.0,0,5.0,0,6.0,0,4.0,0,0.0,1,2017-03-01,2017-02-01,2017-02-01,2017-01-01,2017-03-01,2017-04-08,2017-04-01
2017-04-21,0,2017-04-21,slowdown,slowdown,official,0.5056513679714838,-0.20579796927150187,0,2,1,2,0.41642025044560016,labor_stress,1.052817346444228,-0.004881627747007455,none,absent,True,0.6911009321742847,0,slowdown,0.0010460630886444547,0.0010460630886444547,0,0,4,,4,0,0.11513232559902138,0.012692597345185902,0.31461612143263007,0.1481031187410521,0.5702506573322145,0.8392040509153368,8.956361340493668e-07,2.329984251508532e-07,5.0,0,6.0,0,7.0,0,5.0,0,0.0,1,2017-03-01,2017-02-01,2017-03-01,2017-01-01,2017-03-01,2017-04-15,2017-04-08
2017-04-28,0,2017-04-28,slowdown,slowdown,official,0.5122170481988604,-0.25236211585226026,0,2,1,2,0.42390066921772024,labor_stress,1.085645747581111,-0.24420449284330184,none,absent,True,0.7034633256213139,0,slowdown,0.05232953418070754,0.05232953418070754,0,0,4,,4,0,0.1061290935366772,0.012049121674146424,0.2938238294450307,0.14224366473088437,0.6000461831897717,0.8457069903521982,8.938285204108948e-07,2.232427709309696e-07,6.0,0,7.0,0,8.0,0,6.0,0,0.0,1,2017-03-01,2017-02-01,2017-03-01,2017-01-01,2017-03-01,2017-04-22,2017-04-15
2017-05-05,0,2017-05-05,slowdown,slowdown,official,0.5216322612739367,-0.03350021811006768,0,2,2,2,0.41700657589652074,labor_stress,1.087620415755018,0.052890371416576994,none,absent,True,0.43692295551781757,0,slowdown,0.0,0.0,0,0,4,,4,0,0.15321901950117212,0.02742606170872012,0.37583443889798235,0.2678253670417917,0.47094562301454357,0.7047483225596093,9.185863019551265e-07,2.486898788479875e-07,7.0,0,3.0,0,5.0,0,6.0,0,0.0,1,2017-04-01,2017-03-01,2017-03-01,2017-02-01,2017-03-01,2017-04-29,2017-04-22
2017-05-12,0,2017-05-12,expansion,expansion,official,0.5308057289058541,0.2111375285033708,0,1,2,1,0.4176660139974459,labor_stress,1.1084975649955846,0.06514975634980455,none,absent,True,0.37989079724428104,0,expansion,0.0,0.0,0,0,4,,4,0,0.1975701131147918,0.07089966796882832,0.4935436778393052,0.6544954770944391,0.30888525636700453,0.2746046798501581,9.526788984018584e-07,1.7508657448723831e-07,8.0,0,4.0,0,6.0,0,3.0,0,0.0,1,2017-04-01,2017-03-01,2017-03-01,2017-02-01,2017-04-01,2017-05-06,2017-04-29
2017-05-19,0,2017-05-19,expansion,expansion,official,0.5868771888203558,0.49475427699217545,0,1,2,1,0.40746141532902963,labor_stress,1.1956490499053216,0.4991933808793509,none,absent,True,0.7627142216450387,0,expansion,0.0,0.0,0,0,4,,4,0,0.21562196963491645,0.08040042368462805,0.6021572633287247,0.8431146453296667,0.1822198078749327,0.07648483103202965,9.591614262518452e-07,9.995367545725468e-08,4.0,0,5.0,0,7.0,0,4.0,0,0.0,1,2017-04-01,2017-03-01,2017-04-01,2017-02-01,2017-04-01,2017-05-13,2017-05-06
2017-05-26,0,2017-05-26,expansion,expansion,official,0.615637422105849,0.6885031035267561,0,1,2,1,0.43514255899229304,labor_stress,1.3394502163327882,1.4679375135522545,none,absent,True,0.8008499949621996,0,expansion,0.0,0.0,0,0,4,,4,0,0.2221396410553283,0.07850099195780613,0.6568630256418517,0.8793509869200057,0.1209963707201257,0.04214793445662645,9.625826943679365e-07,8.666556179996593e-08,5.0,0,6.0,0,8.0,0,5.0,0,0.0,1,2017-04-01,2017-03-01,2017-04-01,2017-02-01,2017-04-01,2017-05-20,2017-05-13
2017-06-02,0,2017-06-02,expansion,expansion,official,0.5751065291813827,0.6447837191503669,0,0,2,0,0.4473915554676959,labor_stress,1.2864890232504331,1.0521092171180368,none,absent,True,0.7927700745651626,0,expansion,0.0,0.0,0,0,4,,4,0,0.23524258696521783,0.08594204159098887,0.6417560615209257,0.8787121161561514,0.12300038219864147,0.03534576377855838,9.693152149936695e-07,7.847430118460605e-08,6.0,0,3.0,0,4.0,0,6.0,0,0.0,1,2017-05-01,2017-04-01,2017-04-01,2017-03-01,2017-04-01,2017-05-27,2017-05-20
2017-06-09,0,2017-06-09,expansion,expansion,official,0.5521002734798286,0.5498785532639289,0,0,2,0,0.4243641240599613,labor_stress,1.1714577447426626,0.5775833876858466,none,absent,True,0.7765259794600696,0,expansion,0.0,0.0,0,0,4,,4,0,0.23567760172614374,0.0890170234885982,0.6141982090679818,0.8655430029486678,0.1501232199474005,0.045439891369607494,9.692584739946375e-07,8.219312654928074e-08,7.0,0,4.0,0,5.0,0,7.0,0,0.0,1,2017-05-01,2017-04-01,2017-04-01,2017-03-01,2017-04-01,2017-06-03,2017-05-27
2017-06-16,0,2017-06-16,expansion,expansion,official,0.5261249106351432,0.2981381403309378,0,0,2,0,0.41890725025474085,labor_stress,1.1019876980234455,0.1220059920129445,none,absent,True,0.7139771633072188,0,expansion,0.0,0.0,0,0,4,,4,0,0.21608043875109756,0.08998623471936192,0.5347839186925395,0.8119954135115385,0.24913467074173987,0.09801825020431969,9.71814623130886e-07,1.0156477987978429e-07,4.0,0,5.0,0,6.0,0,4.0,0,0.0,1,2017-05-01,2017-04-01,2017-05-01,2017-03-01,2017-05-01,2017-06-10,2017-06-03
2017-06-23,0,2017-06-23,expansion,expansion,official,0.511987114164443,0.24250516342646944,0,0,2,0,0.40286119987727126,labor_stress,1.0312987156699447,-0.15615889250939707,none,absent,True,0.6655572722115394,0,expansion,0.0,0.03346261982344223,0,0,4,,4,0,0.2128069672915061,0.09093342645336691,0.5120849768917983,0.7873118672918139,0.2751070835750984,0.12175459508027449,9.722415972421193e-07,1.111745447503153e-07,5.0,0,6.0,0,7.0,0,5.0,0,0.0,1,2017-05-01,2017-04-01,2017-05-01,2017-03-01,2017-05-01,2017-06-17,2017-06-10
2017-06-30,0,2017-06-30,expansion,expansion,official,0.519826670362235,0.190797188527956,0,1,2,1,0.40625254731911864,labor_stress,1.0559045449953686,-0.06764004005649524,none,absent,True,0.541666408098068,0,expansion,0.0,0.014494294297820409,0,0,4,,4,0,0.19779905907929896,0.08338840022217205,0.4834473158531532,0.7291389378058285,0.3187526731069357,0.1874725297077605,9.51960612179319e-07,1.3226423905789385e-07,6.0,0,7.0,0,4.0,0,6.0,0,0.0,1,2017-05-01,2017-05-01,2017-05-01,2017-04-01,2017-05-01,2017-06-24,2017-06-17
2017-07-07,0,2017-07-07,expansion,expansion,official,0.5125876240075431,0.1851425541314837,0,1,2,1,0.3928611353586609,labor_stress,1.006878779692009,-0.28613639718022965,none,absent,True,0.5936021694821653,0,expansion,0.0,0.06131494225290636,0,0,4,,4,0,0.192250088865015,0.07859661069017101,0.49790867294460134,0.7575027213719981,0.30984031962198166,0.16390055188983285,9.185684020072488e-07,1.1604799795397467e-07,7.0,0,4.0,0,5.0,0,7.0,0,0.0,1,2017-06-01,2017-05-01,2017-05-01,2017-04-01,2017-05-01,2017-07-01,2017-06-24
2017-07-14,0,2017-07-14,slowdown,expansion,official,0.49453797183758763,-0.10096837169649656,0,1,2,1,0.3706410937173054,labor_stress,0.9164804738331073,-0.7763723100114234,none,absent,False,0.07316291816185505,0,expansion,0.0,0.15103129455280798,0,0,4,,4,0,0.14847995000421366,0.05444510761624199,0.3709938679024011,0.5093588190112137,0.4805252608695678,0.43619590084935866,9.212238174659607e-07,1.7252318560595784e-07,3.0,0,5.0,0,6.0,0,3.0,0,0.0,1,2017-06-01,2017-05-01,2017-06-01,2017-04-01,2017-06-01,2017-07-08,2017-07-01
2017-07-21,0,2017-07-21,slowdown,expansion,official,0.49615131544726454,-0.17622375241784546,0,1,2,1,0.37268759069923746,labor_stress,0.9245471918814919,-1.162257192608064,none,absent,False,0.16038270473771699,1,slowdown,0.0,0.15145678181959357,0,0,4,,4,0,0.13434045011442125,0.04254429769182761,0.33674308970947825,0.3985364026722269,0.528915538094478,0.5589191074099439,9.22081622525826e-07,1.9222600151643765e-07,4.0,0,6.0,0,7.0,0,4.0,0,0.0,1,2017-06-01,2017-05-01,2017-06-01,2017-04-01,2017-06-01,2017-07-15,2017-07-08
2017-07-28,0,2017-07-28,slowdown,expansion,official,0.4896323833684808,-0.14398275936055324,0,1,2,1,0.3643355961675926,labor_stress,0.8919525314875735,-0.9997847386437784,none,absent,False,0.28046454366014784,2,slowdown,0.0,0.15232320417406722,0,0,4,,4,0,0.141790435561858,0.03634946830646905,0.3508409904769211,0.341592887184189,0.5073676523315687,0.6220574308443368,9.216296521405546e-07,2.136650053173486e-07,5.0,0,7.0,0,8.0,0,5.0,0,0.0,1,2017-06-01,2017-05-01,2017-06-01,2017-04-01,2017-06-01,2017-07-22,2017-07-15
2017-08-04,0,2017-08-04,slowdown,slowdown,official,0.4483510456682035,-0.11852620188822253,0,1,1,1,0.4127911500530698,labor_stress,0.9253767188443708,-0.6815368042344372,none,absent,False,0.4238936562244683,0,slowdown,0.0,0.15386202329447704,0,0,4,,4,0,0.1483216435043138,0.028901778985655508,0.3616717925255651,0.2736021614808066,0.4900056337384283,0.6974958177052749,9.302316928077276e-07,2.418282629201067e-07,6.0,0,3.0,0,5.0,0,6.0,0,0.0,1,2017-07-01,2017-06-01,2017-06-01,2017-05-01,2017-06-01,2017-07-29,2017-07-22
2017-08-11,0,2017-08-11,slowdown,slowdown,official,0.44837346931620947,-0.08015181779038025,0,1,1,1,0.4128205170104354,labor_stress,0.9254888370844009,-0.48435909248763104,none,absent,False,0.3823874475932479,0,slowdown,0.0,0.10907617215306468,0,0,4,,4,0,0.15544880398541946,0.030763279757667066,0.3790677655176097,0.2934245130906527,0.46548250026527804,0.6758119606839006,9.302316928077276e-07,2.464677796107574e-07,7.0,0,4.0,0,6.0,0,7.0,0,0.0,1,2017-07-01,2017-06-01,2017-06-01,2017-05-01,2017-06-01,2017-08-05,2017-07-29
2017-08-18,0,2017-08-18,expansion,expansion,official,0.4751719841611023,0.16022904226694593,0,0,2,0,0.39159380901608665,labor_stress,0.9303720360768882,-0.2753776221266123,none,absent,False,0.41100836194574814,0,expansion,0.0,0.05900949045570264,0,0,4,,4,0,0.20459438654595372,0.07441061214644488,0.49189439490653164,0.6682987918862231,0.3035102795528916,0.25729042994047496,9.38994623075166e-07,1.660268572196009e-07,4.0,0,5.0,0,7.0,0,4.0,0,0.0,1,2017-07-01,2017-06-01,2017-07-01,2017-05-01,2017-07-01,2017-08-12,2017-08-05
2017-08-25,0,2017-08-25,expansion,expansion,official,0.4856298407799611,0.1727136141648514,0,0,2,0,0.4046956083229761,labor_stress,0.9826613191711818,-0.2140877641946401,none,absent,False,0.4854422430359058,0,expansion,0.0,0.04587594947028002,0,0,4,,4,0,0.20318129576190375,0.07890747784707014,0.4987596231401379,0.7032673075577529,0.2980581423979882,0.2178250645218471,9.386999701473957e-07,1.5007332988584365e-07,5.0,0,6.0,0,8.0,0,5.0,0,0.0,1,2017-07-01,2017-06-01,2017-07-01,2017-05-01,2017-07-01,2017-08-19,2017-08-12
2017-09-01,0,2017-09-01,expansion,expansion,official,0.5084141502832866,0.1901139225945672,0,0,2,0,0.3939937895140623,labor_stress,1.0015600885634202,0.03155650740014259,none,absent,True,0.464189989602856,0,expansion,0.0,0.0,0,0,4,,4,0,0.205875111120228,0.08164433413992753,0.49189806207735814,0.6912727474944549,0.30222585365666244,0.22708275789159887,9.731457514907405e-07,1.6047401864702104e-07,6.0,0,3.0,0,4.0,0,6.0,0,0.0,1,2017-08-01,2017-07-01,2017-07-01,2017-06-01,2017-07-01,2017-08-26,2017-08-19
2017-09-08,0,2017-09-08,expansion,expansion,official,0.4444431721695258,0.05256682867652114,0,0,2,0,0.3067682172579718,labor_stress,0.6817051979946164,-0.6539816033995414,none,absent,False,0.3809079618236183,0,expansion,0.0,0.14013891501418743,0,0,4,,4,0,0.20231377946312054,0.08673468541580413,0.42566078460952966,0.6470865594956711,0.3720244623170772,0.26617859767205276,9.736102725467116e-07,1.574164722645451e-07,7.0,0,4.0,0,5.0,0,7.0,0,0.0,1,2017-08-01,2017-07-01,2017-07-01,2017-06-01,2017-07-01,2017-09-02,2017-08-26
2017-09-15,0,2017-09-15,slowdown,slowdown,official,0.32250298794475635,-0.640754804423082,0,2,0,2,0.3076910621182679,employment,0.38803862130011485,-1.5397646685009432,none,absent,True,0.9151410569519027,0,slowdown,0.296053607414454,0.2895997990764656,0,0,4,,4,0,0.07055148790336326,0.0049171775295181646,0.13395471430579914,0.03997078833897037,0.7954929015516775,0.9551118452908731,8.962391600801864e-07,1.8884063848078667e-07,4.0,0,5.0,0,6.0,0,4.0,0,0.0,1,2017-08-01,2017-07-01,2017-08-01,2017-06-01,2017-08-01,2017-09-09,2017-09-02
2017-09-22,0,2017-09-22,slowdown,slowdown,official,0.2954037201958442,-0.6990511394488197,0,2,0,2,0.33591752612746223,employment,0.2525422825555541,-1.8309821155714907,none,absent,True,0.9357555745741105,0,slowdown,0.32528552970359215,0.3251666480418438,0,0,4,,4,0,0.06577131234472898,0.003833892796227036,0.11832883649378087,0.03020517389374627,0.8158989575839869,0.9659607484678567,8.935775032593682e-07,1.8484216991188252e-07,5.0,0,6.0,0,7.0,0,5.0,0,0.0,1,2017-08-01,2017-07-01,2017-08-01,2017-06-01,2017-08-01,2017-09-16,2017-09-09
2017-09-29,0,2017-09-29,slowdown,slowdown,official,0.24384233374704323,-0.8375282916440099,0,2,0,2,0.4069485612780323,employment,0.06658024791782059,-2.4507236564492136,none,absent,True,0.9568458028229313,0,slowdown,0.3689701951441483,0.3689701951441483,0,0,4,,4,0,0.05379589657749243,0.002802525103088335,0.08735438222449733,0.02017574794394963,0.858848833222659,0.9770215507668809,8.879753511695195e-07,1.7618608120642475e-07,6.0,0,7.0,0,4.0,0,6.0,0,0.0,1,2017-08-01,2017-08-01,2017-08-01,2017-07-01,2017-08-01,2017-09-23,2017-09-16
2017-10-06,0,2017-10-06,slowdown,slowdown,official,0.27119663311478437,-0.8607753687753616,0,3,0,3,0.32409030981095316,employment,0.2600471750124221,-1.889377821125117,none,absent,True,0.9649886754974007,0,slowdown,0.34585771555907885,0.34585771555907885,0,0,4,,4,0,0.04592803789049641,0.0021059160779760416,0.07874652062534149,0.016452622371404754,0.875324602258908,0.9814412978688055,8.392252542373952e-07,1.6368181359928977e-07,7.0,0,4.0,0,5.0,0,7.0,0,0.0,1,2017-09-01,2017-08-01,2017-08-01,2017-07-01,2017-08-01,2017-09-30,2017-09-23
2017-10-13,0,2017-10-13,slowdown,slowdown,official,0.3493333629989247,-0.5763967826633236,0,2,0,2,0.29958396362467327,labor_stress,0.5232733675677732,-1.1399373536441455,none,absent,True,0.9191473544113287,0,slowdown,0.2683745107286535,0.2569114057009312,0,0,4,,4,0,0.0764065114511156,0.004276529326453343,0.15301984954879533,0.03828796071769978,0.7705727395104764,0.9574353151290285,8.994896127481513e-07,1.9482681844476713e-07,8.0,0,5.0,0,6.0,0,3.0,0,0.0,1,2017-09-01,2017-08-01,2017-08-01,2017-07-01,2017-09-01,2017-10-07,2017-09-30
2017-10-20,0,2017-10-20,slowdown,slowdown,official,0.3928668001280081,-0.42225251756959475,0,2,0,2,0.3841138018199924,labor_stress,0.7545278010301213,-0.6041541222064941,none,absent,True,0.8739911125115163,0,slowdown,0.20405522989392744,0.18559397162427194,0,0,4,,4,0,0.09440533128946983,0.006232200124724584,0.20615841197513418,0.05988823768555186,0.6994353479670025,0.9338793501970681,9.08768393670693e-07,2.119926553966978e-07,4.0,0,6.0,0,7.0,0,4.0,0,0.0,1,2017-09-01,2017-08-01,2017-09-01,2017-07-01,2017-09-01,2017-10-14,2017-10-07
2017-10-27,0,2017-10-27,slowdown,slowdown,official,0.4305253890047259,-0.3244267094687774,0,2,0,2,0.43798613019933236,labor_stress,0.9428207454137105,-0.13011500976758236,none,absent,False,0.8297665353440628,0,slowdown,0.07269021451326818,0.056262637893170486,0,0,4,,4,0,0.10451357345214539,0.007903921985953506,0.24597557410731424,0.08116465896120084,0.6495099371601432,0.9109311943052636,9.15280397263932e-07,2.2474758203002077e-07,5.0,0,7.0,0,8.0,0,5.0,0,0.0,1,2017-09-01,2017-08-01,2017-09-01,2017-07-01,2017-09-01,2017-10-21,2017-10-14
2017-11-03,0,2017-11-03,slowdown,slowdown,official,0.46747586729424634,0.015653326471774108,0,2,0,2,0.4730497523938832,labor_stress,1.1056967163682951,1.256069382227281,none,absent,False,0.5859662183575383,0,slowdown,0.015007710139110644,0.0,0,0,4,,4,0,0.15794576449053177,0.018278208616394134,0.40006506367943,0.19787763941198322,0.4419882294816192,0.7838438577695215,9.423484190235437e-07,2.942021011814862e-07,6.0,0,3.0,0,5.0,0,6.0,0,0.0,1,2017-10-01,2017-09-01,2017-09-01,2017-08-01,2017-09-01,2017-10-28,2017-10-21
2017-11-10,0,2017-11-10,expansion,slowdown,official,0.47033490139548595,0.17787993145674058,0,2,0,2,0.4762529353239455,labor_stress,1.1199918868744934,2.046953198331853,none,absent,False,0.26929129964979226,0,slowdown,0.013799867700714187,0.0,0,0,4,,4,0,0.18502861992835093,0.03313895987806425,0.4713354089741647,0.34878471652455056,0.34363501592039825,0.6180760161743428,9.55177086224601e-07,3.074230421866212e-07,7.0,0,4.0,0,6.0,0,7.0,0,0.0,1,2017-10-01,2017-09-01,2017-09-01,2017-08-01,2017-09-01,2017-11-04,2017-10-28
2017-11-17,0,2017-11-17,expansion,expansion,official,0.5020734723254238,0.7539454776983913,0,1,2,1,0.3885217543459919,labor_stress,0.9753323313922874,2.0377334384724084,none,absent,True,0.8023244160930919,0,expansion,0.0,0.0,0,0,4,,4,0,0.24352000241946375,0.08469249435075028,0.6607377946033596,0.8870169104438422,0.09574127274548395,0.02829052083629988,9.302316928077276e-07,7.436910761370274e-08,4.0,0,5.0,0,7.0,0,4.0,0,0.0,1,2017-10-01,2017-09-01,2017-10-01,2017-08-01,2017-10-01,2017-11-11,2017-11-04
2017-11-24,0,2017-11-24,expansion,expansion,official,0.48920503385678077,0.8021596960686604,0,1,2,1,0.37243694402203265,labor_stress,0.9109901390490722,2.2796626793088985,none,absent,True,0.7995387927158965,0,expansion,0.0,0.0,0,0,4,,4,0,0.25000610268449364,0.08854813493759105,0.6648506897497046,0.8880869276534875,0.08514227733410884,0.023364865235179572,9.302316928077275e-07,7.217374180253867e-08,5.0,0,6.0,0,8.0,0,5.0,0,0.0,1,2017-10-01,2017-09-01,2017-10-01,2017-08-01,2017-10-01,2017-11-18,2017-11-11
2017-12-01,0,2017-12-01,expansion,expansion,official,0.4710822095076718,0.746593879637209,0,1,2,1,0.3380389203073833,labor_stress,0.7962206073899496,1.3224303885743915,none,absent,True,0.7954273082723906,0,expansion,0.0,0.0,0,0,4,,4,0,0.25007979524868734,0.08980401150697546,0.6534357410188294,0.8852313197793661,0.09648353350079057,0.02496459864883115,9.302316928077276e-07,7.006482729083339e-08,6.0,0,7.0,0,4.0,0,6.0,0,0.0,1,2017-10-01,2017-10-01,2017-10-01,2017-09-01,2017-10-01,2017-11-25,2017-11-18
2017-12-08,0,2017-12-08,expansion,expansion,official,0.4737529800730747,0.7508800440784886,0,0,2,0,0.33946809359727237,labor_stress,0.8041201049071661,0.7339237293681528,none,absent,True,0.7968363581499245,0,expansion,0.0,0.0,0,0,4,,4,0,0.2517523053095041,0.09004548300794836,0.6587525626278224,0.8868818411578728,0.08949419558720542,0.0230726055000809,9.364754680870442e-07,7.033409798775758e-08,7.0,0,4.0,0,5.0,0,7.0,0,0.0,1,2017-11-01,2017-10-01,2017-10-01,2017-09-01,2017-10-01,2017-12-02,2017-11-25
2017-12-15,0,2017-12-15,expansion,expansion,official,0.5208421277002351,0.5664234563210647,0,0,2,0,0.36188457838598015,labor_stress,0.9424236689422819,0.4265532249458124,none,absent,True,0.7926648003969293,0,expansion,0.0,0.0,0,0,4,,4,0,0.22572197241228106,0.08372810058171062,0.6357309620609873,0.87639290097864,0.138546125629039,0.03987892156640827,9.398976925809166e-07,7.687324117308813e-08,4.0,0,5.0,0,6.0,0,4.0,0,0.0,1,2017-11-01,2017-10-01,2017-11-01,2017-09-01,2017-11-01,2017-12-09,2017-12-02
2017-12-22,0,2017-12-22,expansion,expansion,official,0.5179921147943548,0.4940497449909076,0,0,2,0,0.34235325183862064,labor_stress,0.8866814246330573,-0.2771214560881228,none,absent,True,0.7891077687634642,0,expansion,0.0,0.05938316916174059,0,0,4,,4,0,0.22049775065274527,0.0815260880103117,0.6175085354014115,0.8706338567737759,0.16199277241233953,0.047839977858969464,9.415335036255086e-07,7.735694295633946e-08,5.0,0,6.0,0,3.0,0,5.0,0,0.0,1,2017-11-01,2017-11-01,2017-11-01,2017-10-01,2017-11-01,2017-12-16,2017-12-09
2017-12-29,0,2017-12-29,expansion,expansion,official,0.5079443684974707,0.3672820318194674,0,0,2,0,0.3293442136676831,labor_stress,0.8364426931486368,-0.9194297210886178,none,absent,True,0.7678470150425187,0,expansion,0.0,0.15,0,0,4,,4,0,0.2108980088458113,0.08120242464565151,0.5789432185679046,0.8490494396881703,0.21015782769243088,0.06974805084900325,9.448938531935619e-07,8.481717498607542e-08,6.0,0,7.0,0,4.0,0,6.0,0,0.0,1,2017-11-01,2017-11-01,2017-11-01,2017-10-01,2017-11-01,2017-12-23,2017-12-16
2018-01-05,0,2018-01-05,expansion,expansion,official,0.48150093442039477,0.23580177916156736,0,0,2,0,0.29800799642641157,labor_stress,0.7174556437203342,-1.27513756153549,none,absent,False,0.6979862226185753,0,expansion,0.0,0.15,0,0,4,,4,0,0.20289259866369933,0.08225740467993807,0.5284430741185125,0.807864359124048,0.2686633782421562,0.1098781365054726,9.489756319930509e-07,9.96905412724006e-08,7.0,0,4.0,0,5.0,0,7.0,0,0.0,1,2017-12-01,2017-11-01,2017-11-01,2017-10-01,2017-11-01,2017-12-30,2017-12-23
2018-01-12,0,2018-01-12,expansion,expansion,official,0.43984528825307817,0.11029319900738992,0,0,1,0,0.3007841330399334,consumption,0.49624171538138734,-1.3720270450487952,none,absent,False,0.5516391464601633,0,expansion,0.0,0.15,0,0,4,,4,0,0.19689704046015816,0.08209704661348254,0.47206886146825794,0.734770987439974,0.3310331447445769,0.1831318409798107,9.533270070035685e-07,1.2496673276417932e-07,8.0,0,5.0,0,6.0,0,3.0,0,0.0,1,2017-12-01,2017-11-01,2017-11-01,2017-10-01,2017-12-01,2018-01-06,2017-12-23
2018-01-19,0,2018-01-19,expansion,expansion,official,0.5019882864100286,0.04511014555939634,0,0,1,0,0.26354894582308863,consumption,0.6282113604453492,-0.8426357928652752,none,absent,False,0.3272096516311993,0,expansion,0.0,0.15,0,0,4,,4,0,0.15298784022788822,0.05089192402616522,0.47728272297717317,0.6381587837010154,0.3697284990501445,0.3109491320698161,9.377447940407919e-07,1.6020300304705848e-07,4.0,0,6.0,0,7.0,0,4.0,0,0.0,1,2017-12-01,2017-11-01,2017-12-01,2017-10-01,2017-12-01,2018-01-13,2018-01-06
2018-01-26,0,2018-01-26,expansion,expansion,official,0.5225393339820462,0.16127184808863831,0,0,1,0,0.27851509719492523,labor_stress,0.7276754669609055,-0.2648309387104126,none,absent,True,0.46453205268338704,0,expansion,0.0,0.05674948686651698,0,0,4,,4,0,0.1634172650364757,0.05352486664733089,0.5310809058996484,0.7055035179941436,0.3055008983362292,0.24097146531075653,9.307276467637035e-07,1.5004776902227872e-07,5.0,0,7.0,0,8.0,0,5.0,0,0.0,1,2017-12-01,2017-11-01,2017-12-01,2017-10-01,2017-12-01,2018-01-20,2018-01-13
2018-02-02,0,2018-02-02,expansion,expansion,official,0.5595918921059898,0.23828331907075517,0,0,2,0,0.2937066982894746,labor_stress,0.8217794351000508,-0.01256697226358993,none,absent,True,0.6222768362619862,0,expansion,0.0,0.002692922627912128,0,0,4,,4,0,0.16259375682363503,0.05405226526870159,0.5687980639020297,0.7841122257585302,0.26860725346631287,0.16183538949654414,9.258080223786693e-07,1.1947622410807603e-07,6.0,0,3.0,0,5.0,0,6.0,0,0.0,1,2018-01-01,2017-12-01,2017-12-01,2017-11-01,2017-12-01,2018-01-27,2018-01-20
2018-02-09,0,2018-02-09,expansion,expansion,official,0.6034543287676698,0.2806561752804071,0,0,2,0,0.3447856305253827,labor_stress,1.040311906187163,0.179997403392444,none,absent,True,0.6942332185622372,0,expansion,0.0,0.0,0,0,4,,4,0,0.15542113427625115,0.051380943433565376,0.5932469567028225,0.8214260858528716,0.2513309864018869,0.12719286729063442,9.226190395501577e-07,1.0342292848089695e-07,7.0,0,4.0,0,6.0,0,7.0,0,0.0,1,2018-01-01,2017-12-01,2017-12-01,2017-11-01,2017-12-01,2018-02-03,2018-01-27
2018-02-16,0,2018-02-16,slowdown,slowdown,official,0.5362340618126017,-0.14602522296763024,0,1,0,1,0.34949844756776116,labor_stress,0.9370648606822959,0.04070576858175722,none,absent,True,0.4687511451186788,0,slowdown,0.0,0.0,0,0,4,,4,0,0.11547419340815876,0.019229495929373487,0.36048106329548607,0.2560095625476085,0.5240438050083308,0.7247607076662873,9.382880243884535e-07,2.338567307702888e-07,4.0,0,5.0,0,7.0,0,4.0,0,0.0,1,2018-01-01,2017-12-01,2018-01-01,2017-11-01,2018-01-01,2018-02-10,2018-02-03
2018-02-23,0,2018-02-23,slowdown,slowdown,official,0.5556818162903394,-0.06564574928930085,0,1,0,1,0.37226470355854474,labor_stress,1.0343036330709845,0.44520652103179614,none,absent,True,0.39606531458253813,0,slowdown,0.0,0.0,0,0,4,,4,0,0.12370179982434548,0.02108888349064013,0.4013884702223447,0.2914227786225809,0.4749087910912668,0.687488093205119,9.388620429067749e-07,2.446816600144175e-07,5.0,0,6.0,0,8.0,0,5.0,0,0.0,1,2018-01-01,2017-12-01,2018-01-01,2017-11-01,2018-01-01,2018-02-17,2018-02-10
2018-03-02,0,2018-03-02,slowdown,slowdown,official,0.5822985604477928,-0.044914231191829315,0,1,0,1,0.40845108444984535,labor_stress,1.189202392442424,1.0986919597348406,none,absent,True,0.4592923518556942,0,slowdown,0.0,0.0,0,0,4,,4,0,0.1210725276583235,0.017598892248598532,0.4142052580513621,0.26155424833775637,0.4647212756117089,0.7208466001934506,9.386786054844359e-07,2.5922019456467867e-07,6.0,0,7.0,0,4.0,0,6.0,0,0.0,1,2018-01-01,2018-01-01,2018-01-01,2017-12-01,2018-01-01,2018-02-24,2018-02-17
2018-03-09,0,2018-03-09,expansion,slowdown,official,0.579366429796595,0.1732133215370312,0,1,0,1,0.39462477588171024,labor_stress,1.1431617375593397,1.5797032945657246,none,absent,True,0.1930833610074001,1,expansion,0.0,0.0,0,0,4,,4,0,0.14661077491216737,0.03657017198179998,0.5334498987688684,0.5782564926330306,0.31993841822157904,0.3851731316256305,9.080973853318636e-07,2.0375953893113036e-07,7.0,0,4.0,0,5.0,0,7.0,0,0.0,1,2018-02-01,2018-01-01,2018-01-01,2017-12-01,2018-01-01,2018-03-03,2018-02-24
2018-03-16,0,2018-03-16,expansion,expansion,official,0.6132111091544047,0.21868254049887242,0,1,1,1,0.38767029613539794,labor_stress,1.1886186613970195,1.2966563771864699,none,absent,True,0.5229099528950918,0,expansion,0.0,0.0,0,0,4,,4,0,0.14348778815729785,0.04363823281403062,0.5584245117449128,0.7396357935427874,0.29808679373342845,0.21672584064769562,9.06364360791655e-07,1.329954864060478e-07,3.0,0,5.0,0,6.0,0,3.0,0,0.0,1,2018-02-01,2018-01-01,2018-02-01,2017-12-01,2018-02-01,2018-03-10,2018-03-03
2018-03-23,0,2018-03-16,expansion,expansion,official,0.5959468955631753,0.20370592429258183,0,1,1,1,0.3989008652436268,labor_stress,1.1886186613970195,1.2966563771864699,none,absent,True,0.5021207929846231,0,expansion,0.0,0.0,1,1,4,,5,0,0.14606314056638836,0.044943999288209996,0.5492677463377984,0.7285883287761038,0.3046682059962609,0.22646753579148068,9.070995524643324e-07,1.3614420572696124e-07,3.0,0,5.0,0,6.0,0,3.0,0,0.0,1,2018-02-01,2018-01-01,2018-02-01,2017-12-01,2018-02-01,2018-03-10,2018-03-03
2018-03-30,0,2018-03-30,slowdown,slowdown,official,0.5730005562094561,-0.10026795443171461,0,1,2,1,0.39606259301015345,labor_stress,1.1347204304428868,0.5845752640978008,none,absent,True,0.2155537020734844,0,slowdown,0.0,0.0,0,0,4,,4,0,0.11191919514908932,0.024451199919943472,0.40210176249757795,0.3799974458102083,0.48597812870775325,0.5955511478836927,9.136455795363998e-07,2.063861555054821e-07,5.0,0,7.0,0,4.0,0,5.0,0,0.0,1,2018-02-01,2018-02-01,2018-02-01,2018-01-01,2018-02-01,2018-03-24,2018-03-17
2018-04-06,0,2018-04-06,slowdown,slowdown,official,0.5478368130996245,-0.2944823271374183,0,1,1,1,0.38050251533754764,labor_stress,1.0422664268945656,0.03217240509641384,none,absent,True,0.6418102047224964,0,slowdown,0.0,0.0,0,0,4,,4,0,0.09100776630661783,0.012491297624363564,0.290732703949177,0.172849138477802,0.6182585931631392,0.8146593432002984,9.365810659459818e-07,2.206975358364517e-07,6.0,0,4.0,0,5.0,0,6.0,0,0.0,1,2018-03-01,2018-02-01,2018-02-01,2018-01-01,2018-02-01,2018-03-31,2018-03-24
2018-04-13,0,2018-04-13,slowdown,slowdown,official,0.5328744509603786,-0.2966899365194808,0,1,1,1,0.36295706799585553,labor_stress,0.9670527416524015,0.019894220346421534,none,absent,True,0.6961869078970795,0,slowdown,0.0,0.0,0,0,4,,4,0,0.09317280318754975,0.010840110340192407,0.2889255596982494,0.14648637757539598,0.617900700382086,0.8426732854724754,9.367321148901871e-07,2.2661193608348796e-07,7.0,0,5.0,0,6.0,0,7.0,0,0.0,1,2018-03-01,2018-02-01,2018-02-01,2018-01-01,2018-02-01,2018-04-07,2018-03-31
2018-04-20,0,2018-04-20,slowdown,expansion,official,0.5449756300460606,-0.020763201276169808,0,1,1,1,0.32697503791242877,labor_stress,0.8909671364783022,-0.4213461674200328,none,absent,True,0.1328908569146231,0,expansion,0.0,0.09028846444714989,0,0,4,,4,0,0.1328637183955481,0.04129349998435146,0.4220379114239161,0.5457985925419195,0.44509743067929,0.41290773562729643,9.395012459334141e-07,1.718464325601773e-07,4.0,0,6.0,0,7.0,0,4.0,0,0.0,1,2018-03-01,2018-02-01,2018-03-01,2018-01-01,2018-03-01,2018-04-14,2018-04-07
2018-04-27,0,2018-04-27,slowdown,expansion,official,0.5569757819873975,-0.048223407599519194,0,1,1,1,0.3414296351864146,labor_stress,0.9508401902581257,-0.5579365196511988,none,absent,False,0.035015040996350666,0,expansion,0.0,0.11955782563954262,0,0,4,,4,0,0.12603716772592846,0.03717231619282463,0.4100197071050435,0.4989212711864713,0.46394218614405264,0.4639062301901206,9.390249753995063e-07,1.8243058337210366e-07,5.0,0,7.0,0,8.0,0,5.0,0,0.0,1,2018-03-01,2018-02-01,2018-03-01,2018-01-01,2018-03-01,2018-04-21,2018-04-14
2018-05-04,0,2018-05-04,expansion,expansion,official,0.598279083087449,0.0755614723194233,0,2,1,2,0.3984852980447407,labor_stress,1.1920270936901816,0.17939127666451893,none,absent,False,0.026918960351312138,0,expansion,0.0,0.0,0,0,4,,4,0,0.1308117929617544,0.03385227050309051,0.4619708958738442,0.49653324544841165,0.40721639651102587,0.4696142850970995,9.14653375573907e-07,1.9895139833608762e-07,6.0,0,3.0,0,5.0,0,6.0,0,0.0,1,2018-04-01,2018-03-01,2018-03-01,2018-02-01,2018-03-01,2018-04-28,2018-04-21
2018-05-11,0,2018-05-11,expansion,expansion,official,0.6380283311352841,0.13844287198249677,0,2,1,2,0.4357292944671983,labor_stress,1.3900381728783067,0.4937982749798863,none,absent,True,0.15828367533555143,0,expansion,0.0,0.0,0,0,4,,4,0,0.13004497686426497,0.034596356328099126,0.4970283240091296,0.5618435653869285,0.3729257824464101,0.40355989005137705,9.166801952589181e-07,1.882335954841582e-07,7.0,0,4.0,0,6.0,0,7.0,0,0.0,1,2018-04-01,2018-03-01,2018-03-01,2018-02-01,2018-03-01,2018-05-05,2018-04-28
2018-05-18,0,2018-05-18,expansion,expansion,official,0.6774944371169583,0.5070007283764324,0,1,1,1,0.4612760679681309,labor_stress,1.5625598501179634,1.1012172925903114,none,absent,True,0.8027670422775933,0,expansion,0.0,0.0,0,0,4,,4,0,0.15970141790697256,0.04927938687538824,0.6601941939388549,0.8767437837929469,0.18010344678053064,0.07397674151535362,9.413736418319824e-07,8.781631108495142e-08,4.0,0,5.0,0,7.0,0,4.0,0,0.0,1,2018-04-01,2018-03-01,2018-04-01,2018-02-01,2018-04-01,2018-05-12,2018-05-05
2018-05-25,0,2018-05-25,expansion,expansion,official,0.6457958474280373,0.4214744429247138,0,1,1,1,0.4348330535927817,labor_stress,1.404066901673358,0.6721983090592468,none,absent,True,0.7975641208545394,0,expansion,0.0,0.0,0,0,4,,4,0,0.16129689239594264,0.05119498062863591,0.6260659676646653,0.8731845306337351,0.21263619845443826,0.0756204097791957,9.414849539020854e-07,7.895843323763166e-08,5.0,0,6.0,0,8.0,0,5.0,0,0.0,1,2018-04-01,2018-03-01,2018-04-01,2018-02-01,2018-04-01,2018-05-19,2018-05-12
2018-06-01,0,2018-06-01,expansion,expansion,official,0.6387247133785002,0.46841041399730654,0,0,2,0,0.4175009312750801,labor_stress,1.3333408133196623,0.6812174304750809,none,absent,True,0.8248070293967339,0,expansion,0.0,0.0,0,0,4,,4,0,0.1799325498002548,0.05809400991780196,0.640604653495035,0.8833564719692335,0.17946185395243464,0.058549442572499576,9.427522756224717e-07,7.554046501863343e-08,6.0,0,3.0,0,4.0,0,6.0,0,0.0,1,2018-05-01,2018-04-01,2018-04-01,2018-03-01,2018-04-01,2018-05-26,2018-05-19
2018-06-08,0,2018-06-08,expansion,expansion,official,0.6255584957458706,0.46585335859598265,0,0,2,0,0.40460961003662377,labor_stress,1.2655348950941685,0.6626655711591599,none,absent,True,0.8207654417172212,0,expansion,0.0,0.0,0,0,4,,4,0,0.18361175180084707,0.06009490214971409,0.6368145894860872,0.8808603438669353,0.17957271595305557,0.059044677406163724,9.427600101734596e-07,7.657718673297816e-08,7.0,0,4.0,0,5.0,0,7.0,0,0.0,1,2018-05-01,2018-04-01,2018-04-01,2018-03-01,2018-04-01,2018-06-02,2018-05-26
2018-06-15,0,2018-06-15,expansion,expansion,official,0.6359765309237234,0.33989410804107256,0,0,2,0,0.4095782956977137,labor_stress,1.3024109181974148,0.9232286026826052,none,absent,True,0.7729752124457726,0,expansion,0.0,0.0,0,0,4,,4,0,0.1525747866454637,0.04815540880539327,0.6212811289576832,0.8624098602239135,0.22614316543444107,0.08943464777814095,9.189624120431076e-07,8.319255224167929e-08,4.0,0,5.0,0,6.0,0,4.0,0,0.0,1,2018-05-01,2018-04-01,2018-05-01,2018-03-01,2018-05-01,2018-06-09,2018-06-02
2018-06-22,0,2018-06-22,expansion,expansion,official,0.6575252788778178,0.34314678971216894,0,0,2,0,0.428223113148053,labor_stress,1.4078376094730043,0.9403555000329153,none,absent,True,0.7813607460223837,0,expansion,0.0,0.0,0,0,4,,4,0,0.14739617139560346,0.0464270627247007,0.6264652221207515,0.8674668012538501,0.2261376881974185,0.0861060552314664,9.182862266545449e-07,8.078998272305279e-08,5.0,0,6.0,0,7.0,0,5.0,0,0.0,1,2018-05-01,2018-04-01,2018-05-01,2018-03-01,2018-05-01,2018-06-16,2018-06-09
2018-06-29,0,2018-06-29,expansion,expansion,official,0.643667443596935,0.10935616742959824,0,0,1,0,0.42438891881507107,labor_stress,1.3658266523228197,0.1934864330461773,none,absent,True,0.6354631887058236,0,expansion,0.0,0.0,0,0,4,,4,0,0.12736303984529954,0.043429407576152664,0.5266101270245386,0.7960168422186672,0.34602590181937076,0.1605536535128436,9.313107912512255e-07,9.66923365371179e-08,6.0,0,7.0,0,4.0,0,6.0,0,0.0,1,2018-05-01,2018-05-01,2018-05-01,2018-04-01,2018-05-01,2018-06-23,2018-06-16
2018-07-06,0,2018-07-06,expansion,expansion,official,0.6259414119009475,0.004995754150328291,0,0,1,0,0.40514766556627785,labor_stress,1.2679935090646444,-0.554228122372282,none,absent,True,0.5347581528432784,0,expansion,0.0,0.11876316907977472,0,0,4,,4,0,0.1187885883882763,0.042202551347476795,0.4741499458849021,0.7462777470902494,0.40706052757340483,0.21151959424697098,9.381534167311611e-07,1.0731530281585285e-07,7.0,0,4.0,0,5.0,0,7.0,0,0.0,1,2018-06-01,2018-05-01,2018-05-01,2018-04-01,2018-05-01,2018-06-30,2018-06-23
2018-07-13,0,2018-07-13,slowdown,expansion,official,0.6273560189892228,-0.07980120193899118,0,0,1,0,0.4027957940777868,labor_stress,1.2634818291912155,-0.9804115566003622,none,absent,True,0.3508789941175197,0,expansion,0.0,0.15,0,0,4,,4,0,0.10783857742733653,0.03730879815442572,0.43165474353197547,0.6567850325224349,0.46050573534442435,0.3059060384049152,9.43696263669131e-07,1.3091822416166804e-07,8.0,0,5.0,0,6.0,0,8.0,0,0.0,1,2018-06-01,2018-05-01,2018-05-01,2018-04-01,2018-05-01,2018-07-07,2018-06-30
2018-07-20,0,2018-07-20,slowdown,expansion,official,0.6577313816300489,-0.11589543719563089,0,0,1,0,0.3953381598417971,labor_stress,1.3001315704191316,-0.5087490420514904,none,absent,False,0.05232097582056966,1,slowdown,0.0,0.10901765186817651,0,0,4,,4,0,0.09777448369270497,0.024291804425659088,0.4157327572339819,0.4616935160550402,0.4864918133002708,0.5140144918756099,9.457730424138295e-07,1.8764369083356253e-07,4.0,0,6.0,0,7.0,0,4.0,0,0.0,1,2018-06-01,2018-05-01,2018-06-01,2018-04-01,2018-06-01,2018-07-14,2018-07-07
2018-07-27,0,2018-07-27,slowdown,expansion,official,0.6639544294568942,-0.06050123518125379,0,0,1,0,0.4008899480335488,labor_stress,1.3308632836080945,-0.22938398354860678,none,absent,False,0.04530046148519079,2,slowdown,0.0,0.04915371076041574,0,0,4,,4,0,0.10334917022664059,0.0240473714332533,0.4449064899150922,0.46532598473727277,0.45174339789049056,0.5106264462224636,9.419677767389504e-07,1.976070103606979e-07,5.0,0,7.0,0,8.0,0,5.0,0,0.0,1,2018-06-01,2018-05-01,2018-06-01,2018-04-01,2018-06-01,2018-07-21,2018-07-14
2018-08-03,0,2018-08-03,expansion,expansion,official,0.7210332930020785,0.11599709746024593,0,0,1,0,0.3979901315766292,labor_stress,1.4348206757651374,0.20003754238641827,none,absent,True,0.3989129946195561,0,expansion,0.0,0.0,0,0,4,,4,0,0.11189048078223465,0.03104196540222594,0.539556915754041,0.6839354407209328,0.348551673841643,0.2850224461013767,9.29622081366522e-07,1.4777546443367473e-07,6.0,0,3.0,0,5.0,0,6.0,0,0.0,1,2018-07-01,2018-06-01,2018-06-01,2018-05-01,2018-06-01,2018-07-28,2018-07-21
2018-08-10,0,2018-08-10,expansion,expansion,official,0.7171364084926479,0.1036366808162658,0,0,1,0,0.39093860982500017,labor_stress,1.4017815529550461,0.13077588643417457,none,absent,True,0.44688648276639603,0,expansion,0.0,0.0,0,0,4,,4,0,0.11141423593416121,0.03209621113838386,0.533114145982902,0.7073950683891668,0.355470687620495,0.26050858562277074,9.304624418006579e-07,1.3484967869292506e-07,7.0,0,4.0,0,6.0,0,7.0,0,0.0,1,2018-07-01,2018-06-01,2018-06-01,2018-05-01,2018-06-01,2018-08-04,2018-07-28
2018-08-17,0,2018-08-17,expansion,expansion,official,0.7051511602553269,0.11164543120379881,0,0,1,0,0.38585324869000615,labor_stress,1.3604243300102252,-0.2642224649615189,none,absent,True,0.5702288250122493,0,expansion,0.0,0.056619099634611196,0,0,4,,4,0,0.11462043344562613,0.03577443195722201,0.5355418337450755,0.7672271418264203,0.3498368026635112,0.19699831681417104,9.301457871918115e-07,1.0940218664278706e-07,4.0,0,5.0,0,7.0,0,4.0,0,0.0,1,2018-07-01,2018-06-01,2018-07-01,2018-05-01,2018-07-01,2018-08-11,2018-08-04
2018-08-24,0,2018-08-24,expansion,expansion,official,0.7174010101683435,0.15989058671561357,0,0,1,0,0.3943955777629171,labor_stress,1.4146989294652208,-0.02521022339233501,none,absent,True,0.5937163248442605,0,expansion,0.0,0.0054021907269289305,0,0,4,,4,0,0.11694215623162678,0.03552430280241471,0.5598595321157944,0.7790959559105048,0.3231973846786621,0.18537963106624433,9.269739166631535e-07,1.1022083608802486e-07,5.0,0,6.0,0,8.0,0,5.0,0,0.0,1,2018-07-01,2018-06-01,2018-07-01,2018-05-01,2018-07-01,2018-08-18,2018-08-11
2018-08-31,0,2018-08-31,expansion,expansion,official,0.7151754071192815,0.17444017864489952,0,0,1,0,0.40660407914093644,labor_stress,1.453966189179899,0.31876966912592397,none,absent,True,0.5607982369525167,0,expansion,0.0,0.0,0,0,4,,4,0,0.1188041425693856,0.03494592396919246,0.566262705026131,0.7629260963261474,0.31493222626576245,0.20212785937363068,9.261387210317837e-07,1.2033102947067974e-07,6.0,0,7.0,0,4.0,0,6.0,0,0.0,1,2018-07-01,2018-07-01,2018-07-01,2018-06-01,2018-07-01,2018-08-25,2018-08-18
2018-09-07,0,2018-09-07,expansion,expansion,official,0.7348760501916042,0.19330463816430757,0,1,1,1,0.4265304999163782,labor_stress,1.5672352453239917,0.606429107219497,none,absent,True,0.5027334857852077,0,expansion,0.0,0.0,0,0,4,,4,0,0.11388989767392899,0.0322782637728102,0.5645225318409933,0.7352275463813556,0.3215866665556345,0.2324940605961479,9.039294432901453e-07,1.2924968625502174e-07,7.0,0,4.0,0,5.0,0,7.0,0,0.0,1,2018-08-01,2018-07-01,2018-07-01,2018-06-01,2018-07-01,2018-09-01,2018-08-25
2018-09-14,0,2018-09-14,expansion,expansion,official,0.7424394675173517,0.09489558102998061,0,1,1,1,0.43621297372908663,labor_stress,1.619308639697918,0.6359464189093389,none,absent,True,0.29429432666814626,0,expansion,0.0,0.0,0,0,4,,4,0,0.10287746346779042,0.027214635144419335,0.5176624275501558,0.6335397683919536,0.379459202978044,0.33924544172380733,9.060040099116067e-07,1.5473981969018807e-07,4.0,0,5.0,0,6.0,0,4.0,0,0.0,1,2018-08-01,2018-07-01,2018-08-01,2018-06-01,2018-08-01,2018-09-08,2018-09-01
2018-09-21,0,2018-09-21,expansion,expansion,official,0.7672460415779433,0.13429416354057938,0,1,1,1,0.45260308690605094,labor_stress,1.7362896341731273,0.8316129507612234,none,absent,True,0.3884639211877389,0,expansion,0.0,0.0,0,0,4,,4,0,0.10215457506392851,0.02764725384087686,0.5400107750945299,0.6804082623677015,0.3578337452437794,0.29194434117996254,9.045977623294216e-07,1.42611459134609e-07,5.0,0,6.0,0,7.0,0,5.0,0,0.0,1,2018-08-01,2018-07-01,2018-08-01,2018-06-01,2018-08-01,2018-09-15,2018-09-08
2018-09-28,0,2018-09-28,expansion,expansion,official,0.7602650980176209,0.023713612542463913,0,1,1,1,0.4556037543417364,labor_stress,1.7318981647590812,0.574316917960905,none,absent,True,0.2034579872683105,0,expansion,0.0,0.0,0,0,4,,4,0,0.092597400064731,0.02413931564098218,0.4827430063259809,0.5896592574014099,0.42465868620402475,0.3862012701330994,9.074052633084584e-07,1.5682450869490717e-07,6.0,0,7.0,0,4.0,0,6.0,0,0.0,1,2018-08-01,2018-08-01,2018-08-01,2018-07-01,2018-08-01,2018-09-22,2018-09-15
2018-10-05,0,2018-10-05,expansion,expansion,official,0.7606277732253754,0.06812822905672508,0,0,1,0,0.45642542943220316,labor_stress,1.7358492901622622,0.6293449793912537,none,absent,True,0.4340931970212989,0,expansion,0.0,0.0,0,0,4,,4,0,0.09972950805317446,0.028718992571695905,0.5203002223939789,0.702687037006571,0.37996933741902533,0.2685938399852721,9.32133821466964e-07,1.3043646113631902e-07,7.0,0,3.0,0,5.0,0,7.0,0,0.0,1,2018-09-01,2018-08-01,2018-08-01,2018-07-01,2018-08-01,2018-09-29,2018-09-22
2018-10-12,0,2018-10-12,expansion,expansion,official,0.7487190072874103,0.04454872311774747,0,0,1,0,0.4458139983909826,labor_stress,1.668947071550638,0.5058279018576001,none,absent,True,0.41191017615022096,0,expansion,0.0,0.0,0,0,4,,4,0,0.09952594249148379,0.028908104141370704,0.5070893667574289,0.6915009702966785,0.39338375689411254,0.2795907941464575,9.338569748268388e-07,1.3141549330114055e-07,8.0,0,4.0,0,6.0,0,8.0,0,0.0,1,2018-09-01,2018-08-01,2018-08-01,2018-07-01,2018-08-01,2018-10-06,2018-09-29
2018-10-19,0,2018-10-19,slowdown,slowdown,official,0.7237277502488545,-0.14290159793548957,0,1,0,1,0.43677509793722535,labor_stress,1.580531294974156,0.14096204587002298,none,absent,True,0.24132625932686863,0,slowdown,0.0,0.0,0,0,4,,4,0,0.08286653823660822,0.017756820533415683,0.3755435965974221,0.3704583627989278,0.5415889291528958,0.6117846221257964,9.360130738182993e-07,1.945418601291781e-07,4.0,0,5.0,0,7.0,0,4.0,0,0.0,1,2018-09-01,2018-08-01,2018-09-01,2018-07-01,2018-09-01,2018-10-13,2018-10-06
2018-10-26,0,2018-10-26,slowdown,slowdown,official,0.7238907999426993,-0.16499331499505182,0,1,0,1,0.4351861373040627,labor_stress,1.5751362052850568,0.031087045152470273,none,absent,True,0.3604704630387536,0,slowdown,0.0,0.0,0,0,4,,4,0,0.08030896132542965,0.015028150881323284,0.364070887279182,0.3122505901106967,0.5556192155607499,0.6727210531494503,9.358346383858315e-07,2.0585852973653004e-07,5.0,0,6.0,0,8.0,0,5.0,0,0.0,1,2018-09-01,2018-08-01,2018-09-01,2018-07-01,2018-09-01,2018-10-20,2018-10-13
2018-11-02,0,2018-11-02,slowdown,slowdown,official,0.7092152675973252,-0.24392286720216597,0,1,0,1,0.4195107529750531,labor_stress,1.4876171546557884,-0.3949641211489939,none,absent,True,0.3742581475101079,0,slowdown,0.0,0.08463516881764155,0,0,4,,4,0,0.07175739863034714,0.01400840557887643,0.3379924707769459,0.3058666272778021,0.5902492158597741,0.68012477478791,9.147329329672183e-07,1.9235541146593426e-07,6.0,0,3.0,0,4.0,0,6.0,0,0.0,1,2018-10-01,2018-09-01,2018-09-01,2018-08-01,2018-09-01,2018-10-27,2018-10-20
2018-11-09,0,2018-11-09,slowdown,slowdown,official,0.708998416999426,-0.27819157142813633,0,1,0,1,0.41793542547663404,labor_stress,1.4815777753545756,-0.5654894738034661,none,absent,True,0.5298218554184184,0,slowdown,0.0,0.12117631581502845,0,0,4,,4,0,0.0680975481686069,0.010564347499919878,0.32061555195527675,0.22980679640278395,0.6112859843443111,0.7596286518212024,9.155318052750823e-07,2.0427609381322057e-07,7.0,0,4.0,0,5.0,0,7.0,0,0.0,1,2018-10-01,2018-09-01,2018-09-01,2018-08-01,2018-09-01,2018-11-03,2018-10-27
2018-11-16,0,2018-11-16,slowdown,slowdown,official,0.6918361505960353,-0.4217932108436993,0,1,0,1,0.3909673322267386,labor_stress,1.3524266706827404,-1.1317315212286818,none,absent,True,0.7397004766194227,0,slowdown,0.0,0.15,0,0,4,,4,0,0.0552972570461875,0.006018674363032309,0.25161623023540775,0.12714032283085094,0.6930855938936408,0.8668407994502737,9.188247640073605e-07,2.033558429997491e-07,4.0,0,5.0,0,6.0,0,4.0,0,0.0,1,2018-10-01,2018-09-01,2018-10-01,2018-08-01,2018-10-01,2018-11-10,2018-11-03
2018-11-23,0,2018-11-23,slowdown,slowdown,official,0.6568996240909636,-0.4988234940803563,0,1,0,1,0.35697644802985173,labor_stress,1.172488472600685,-1.5133551920405708,none,absent,True,0.8290009497725945,0,slowdown,0.0,0.15,0,0,4,,4,0,0.051311137841565525,0.004243330104685177,0.21781220580753602,0.08337775916684646,0.7308757357534372,0.912378708939441,9.205974612871097e-07,2.0178902732053355e-07,5.0,0,6.0,0,7.0,0,5.0,0,0.0,1,2018-10-01,2018-09-01,2018-10-01,2018-08-01,2018-10-01,2018-11-17,2018-11-10
2018-11-30,0,2018-11-30,slowdown,slowdown,official,0.5989611798144148,-0.5852156138430791,0,1,0,1,0.29628563324376367,labor_stress,0.8873179622487285,-2.1422512679377363,none,absent,True,0.8700988545772991,0,slowdown,0.0,0.15,0,0,4,,4,0,0.048490818089942614,0.003618351291414496,0.1834448538097464,0.06314129882914768,0.768063405614642,0.9332401534064467,9.224856688906025e-07,1.9647299109492736e-07,6.0,0,7.0,0,4.0,0,6.0,0,0.0,1,2018-10-01,2018-10-01,2018-10-01,2018-09-01,2018-10-01,2018-11-24,2018-11-17
2018-12-07,0,2018-12-07,slowdown,slowdown,official,0.5524137920149919,-0.6170705164748574,0,0,0,0,0.2733861100159171,production,0.6735712136582839,-2.3848925974468607,none,absent,True,0.8846449076410917,0,slowdown,0.0,0.15,0,0,4,,4,0,0.05256809293142379,0.0035376528748711916,0.18129208047051854,0.05590861493602599,0.7661388502458272,0.9405535225771177,9.763522305429191e-07,2.0961198497655512e-07,7.0,0,4.0,0,5.0,0,7.0,0,0.0,1,2018-11-01,2018-10-01,2018-10-01,2018-09-01,2018-10-01,2018-12-01,2018-11-24
2018-12-14,0,2018-12-14,slowdown,slowdown,official,0.5782837448673874,-0.39399876732210987,0,0,1,0,0.2676258648947392,labor_stress,0.7738184368735163,-1.8999791601519163,none,absent,True,0.798492487187304,0,slowdown,0.0,0.15,0,0,4,,4,0,0.07521923491950029,0.005933695296567017,0.27310010064983664,0.09778679263217566,0.6516797000533797,0.8962792798194796,9.643772833640422e-07,2.3225177773706368e-07,3.0,0,5.0,0,6.0,0,3.0,0,0.0,1,2018-11-01,2018-10-01,2018-11-01,2018-09-01,2018-11-01,2018-12-08,2018-12-01
2018-12-21,0,2018-12-21,slowdown,slowdown,official,0.5694905994773958,-0.4176058660725725,0,0,0,0,0.29006587583806187,labor_stress,0.8259489475947686,-1.726686992719087,none,absent,True,0.826276463053479,0,slowdown,0.0,0.15,0,0,4,,4,0,0.07474084454006132,0.005570322849720138,0.2492697032358142,0.08407649127233638,0.6759884696160167,0.9103529543258154,9.82608107863812e-07,2.3155212797599807e-07,4.0,0,6.0,0,3.0,0,4.0,0,0.0,1,2018-11-01,2018-11-01,2018-11-01,2018-10-01,2018-11-01,2018-12-15,2018-12-08
2018-12-28,0,2018-12-28,slowdown,slowdown,official,0.5939389546220349,-0.3218919418425042,0,0,0,0,0.31856376517855484,labor_stress,0.9460371483530514,-1.2437676321352378,none,absent,True,0.7777390104849923,0,slowdown,0.0,0.15,0,0,4,,4,0,0.08381375125091645,0.006814224892201249,0.2934510666973953,0.10772326035588572,0.6227342025259981,0.885462270840878,9.79525690239608e-07,2.439110351198412e-07,5.0,0,7.0,0,4.0,0,5.0,0,0.0,1,2018-11-01,2018-11-01,2018-11-01,2018-10-01,2018-11-01,2018-12-22,2018-12-15
2019-01-04,0,2019-01-04,slowdown,slowdown,official,0.5667012072888477,-0.331490353993083,0,0,0,0,0.2746651905542049,labor_stress,0.7782654754364465,-1.6105200210150552,none,absent,True,0.7276713551734226,0,slowdown,0.0,0.15,0,0,4,,4,0,0.08502202946441251,0.008305097422181214,0.3016643256358657,0.13201165517029706,0.6133126842482032,0.8596830103437197,9.606515186133686e-07,2.3706380200912321e-07,6.0,0,3.0,0,5.0,0,6.0,0,0.0,1,2018-12-01,2018-11-01,2018-11-01,2018-10-01,2018-11-01,2018-12-29,2018-12-22
2019-01-11,0,2019-01-11,slowdown,slowdown,official,0.5252898561192707,-0.35393255019425174,0,0,0,0,0.2925704230604673,production,0.5546947558476176,-1.7222694148391737,none,absent,True,0.7381523657467194,0,slowdown,0.0,0.15,0,0,4,,4,0,0.08846151861489987,0.008639408788900304,0.2890626397541808,0.126603995030771,0.6224748793357043,0.8647563607774904,9.622952151281527e-07,2.3540283839755203e-07,7.0,0,4.0,0,6.0,0,7.0,0,0.0,1,2018-12-01,2018-11-01,2018-11-01,2018-10-01,2018-11-01,2019-01-05,2018-12-29
2019-01-18,0,2019-01-18,slowdown,slowdown,official,0.5339143972293126,-0.2304978039210414,0,0,0,0,0.30565363913820953,production,0.5385682059794658,-1.4291801626575402,none,absent,True,0.6182620629137173,0,slowdown,0.0,0.15,0,0,4,,4,0,0.10480286106652584,0.012571812502932276,0.34838320871524,0.1845829382469402,0.5468129756604768,0.8028450011606575,9.545577573489504e-07,2.4808947006717885e-07,4.0,0,5.0,0,7.0,0,8.0,0,0.0,1,2018-12-01,2018-11-01,2018-12-01,2018-10-01,2018-11-01,2019-01-12,2019-01-05
2019-01-25,0,2019-01-25,expansion,slowdown,preliminary,0.5657716860587317,0.0010396043846132685,0,0,0,0,0.2906302570384862,production,0.7507995296409871,-0.273323784328941,none,absent,False,0.39682968486800263,0,slowdown,0.0,0.05856938235620164,0,0,3,consumption,4,0,0.13546551362757137,0.020052472863903673,0.44846577202104426,0.29155877879033987,0.41606774564066273,0.6883884636583425,9.687107216133916e-07,2.8468741396884097e-07,5.0,0,6.0,0,8.0,0,9.0,0,0.0,1,2018-12-01,2018-11-01,2018-12-01,2018-10-01,2018-11-01,2019-01-19,2019-01-12
2019-02-01,0,2019-02-01,expansion,slowdown,preliminary,0.5137281731811202,-0.010095485453009279,0,0,0,0,0.32103430049712744,production,0.45784517220347526,-0.434967804380404,none,absent,False,0.2394319274450925,0,slowdown,0.0,0.09320738665294372,0,0,2,consumption|real_income,4,0,0.14631009198528935,0.02845672318801371,0.43675715217272576,0.36605554719060523,0.4169317863143837,0.6054874746356977,9.695276012510458e-07,2.549856833629527e-07,6.0,0,3.0,0,9.0,0,10.0,0,0.0,1,2019-01-01,2018-11-01,2018-12-01,2018-10-01,2018-11-01,2019-01-26,2019-01-19
2019-02-08,0,2019-02-08,slowdown,slowdown,preliminary,0.466050684286219,-0.17645520848699284,0,0,0,0,0.3541680412707698,production,0.21542645869785565,-1.269024045905517,none,absent,False,0.3354216088378745,0,slowdown,0.0,0.15786980165658607,0,0,2,consumption|real_income,4,0,0.1301284685535338,0.028148117009380514,0.35332381506765015,0.31821502327612333,0.5165467410302903,0.6536366321139978,9.753485259258241e-07,2.2760049842680797e-07,7.0,0,4.0,0,10.0,0,11.0,0,0.0,1,2019-01-01,2018-11-01,2018-12-01,2018-10-01,2018-11-01,2019-02-02,2019-01-26
2019-02-15,0,2019-02-08,slowdown,slowdown,preliminary,0.3936952561089849,-0.8994099081724531,0,2,0,2,0.32496271903616336,production,0.2046314791669908,-1.2935571501318388,none,absent,False,0.9642100866857725,0,slowdown,0.24235490289002268,0.24235490289002268,1,1,3,real_income,5,0,0.035226325801249916,0.0017085182849054482,0.07705257964082209,0.017040612408630338,0.8877202103484048,0.9812506990944028,8.842095231363371e-07,1.7021206137147932e-07,3.0,0,4.0,0,10.0,0,7.0,0,0.0,1,2019-01-01,2018-11-01,2019-01-01,2018-10-01,2018-12-01,2019-02-09,2019-02-02
2019-02-22,0,2019-02-08,slowdown,slowdown,preliminary,0.3936952561089849,-0.8994099081724531,0,2,0,2,0.32496271903616336,production,0.2046314791669908,-1.2935571501318388,none,absent,False,0.9642100866857725,0,slowdown,0.24235490289002268,0.24235490289002268,2,2,2,consumption|real_income,5,0,0.035226325801249916,0.0017085182849054482,0.07705257964082209,0.017040612408630338,0.8877202103484048,0.9812506990944028,8.842095231363371e-07,1.7021206137147932e-07,3.0,0,4.0,0,10.0,0,7.0,0,0.0,1,2019-01-01,2018-11-01,2019-01-01,2018-10-01,2018-12-01,2019-02-16,2019-02-09
2019-03-01,0,2019-03-01,slowdown,slowdown,official,0.43043122893329605,-0.6625498075657266,0,2,1,2,0.2920261731663803,real_income,-0.14729011333574343,-2.034965984209495,none,absent,True,0.9323654881402499,0,slowdown,0.20967536232205758,0.2080351626096238,0,0,4,,4,0,0.05462700648145318,0.002809582815549752,0.13818275706625657,0.032412372437927786,0.8071893513794004,0.9647778605781777,8.850728898861451e-07,1.8416834466311236e-07,6.0,0,7.0,0,8.0,0,6.0,0,0.0,1,2019-01-01,2018-12-01,2019-01-01,2018-12-01,2018-12-01,2019-02-23,2019-02-16
2019-03-08,0,2019-03-08,slowdown,slowdown,preliminary,0.43536476135578095,-0.7134526545551828,0,3,1,3,0.3066803780258569,real_income,-0.0764996958922273,-1.4407727544434068,none,absent,False,0.9450578809457054,0,slowdown,0.20714707042503597,0.20714707042503597,0,0,3,real_income,4,0,0.046159480571947596,0.002242225607540474,0.11791444696939314,0.026349861990902432,0.8359252342233747,0.9714077429366078,8.382352845226903e-07,1.694649491960639e-07,7.0,0,4.0,0,9.0,0,7.0,0,0.0,1,2019-02-01,2018-12-01,2019-01-01,2018-12-01,2018-12-01,2019-03-02,2019-02-23
2019-03-15,0,2019-03-15,slowdown,slowdown,preliminary,0.40304839459652975,-0.3361169911318599,0,2,1,2,0.35455348233508344,real_income,0.0054538890678467655,-1.2355832871073622,none,absent,False,0.8122363232717287,0,slowdown,0.21250164949732048,0.19055114731178835,0,0,3,real_income,4,0,0.10572293028548756,0.008605186785111693,0.25326377213104156,0.0895791340907638,0.641012398864248,0.9018154573624925,8.987192228879259e-07,2.2176163216909995e-07,3.0,0,5.0,0,10.0,0,3.0,0,0.0,1,2019-02-01,2018-12-01,2019-02-01,2018-12-01,2019-02-01,2019-03-09,2019-03-02
2019-03-22,0,2019-03-15,slowdown,slowdown,preliminary,0.400455412754825,-0.3420099058518571,0,2,1,2,0.35419192812429456,real_income,-0.007511020140677059,-1.2650478607073483,none,absent,False,0.8147417005584329,0,slowdown,0.21448779064599405,0.19233254037906683,1,1,3,real_income,5,0,0.10518612228058692,0.008532225687754942,0.25068221394567963,0.08836292640301235,0.644130765281145,0.9031046269614452,8.984925883794847e-07,2.2094778752870028e-07,3.0,0,5.0,0,10.0,0,3.0,0,0.0,1,2019-02-01,2018-12-01,2019-02-01,2018-12-01,2019-02-01,2019-03-16,2019-03-09
2019-03-29,0,2019-03-29,slowdown,slowdown,official,0.4156555075230962,-0.31779750887203617,0,2,0,2,0.3331634325418078,production,0.30885946595107633,-0.25490846886491003,none,absent,False,0.825504081896184,0,slowdown,0.10827572545556097,0.08812818908852514,0,0,4,,4,0,0.10849595037247928,0.008372897191460477,0.24790999234314615,0.0830613971960679,0.6435931412322221,0.9085654790922518,9.160521524827751e-07,2.2652021973819265e-07,5.0,0,7.0,0,8.0,0,5.0,0,0.0,1,2019-02-01,2019-01-01,2019-02-01,2019-01-01,2019-02-01,2019-03-23,2019-03-16
2019-04-05,0,2019-04-05,slowdown,slowdown,preliminary,0.4538311720508056,-0.24171510157630868,0,2,0,2,0.30567874385206867,production,0.5040768864011614,0.526804223077205,none,absent,False,0.7902453899286956,0,slowdown,0.027944883297059867,0.014345528267265605,0,0,3,real_income,4,0,0.11452931375516813,0.00931000006838527,0.28233086308801786,0.10022218587135505,0.603138901828027,0.8904675758000506,9.213287871284267e-07,2.382602089691887e-07,6.0,0,4.0,0,9.0,0,6.0,0,0.0,1,2019-03-01,2019-01-01,2019-02-01,2019-01-01,2019-02-01,2019-03-30,2019-03-23
2019-04-12,0,2019-04-12,slowdown,slowdown,preliminary,0.5282245958981449,0.02794438800894481,0,2,0,2,0.32882764546375015,labor_stress,0.8684742507261394,1.874200668957807,none,absent,False,0.5781934650598981,0,slowdown,0.0,0.0,0,0,3,real_income,4,0,0.14455525939340869,0.016485319175877762,0.41314976501440837,0.2026604615236802,0.4422940332836514,0.7808539265835783,9.423085316109923e-07,2.9271686378722966e-07,7.0,0,5.0,0,10.0,0,7.0,0,0.0,1,2019-03-01,2019-01-01,2019-02-01,2019-01-01,2019-02-01,2019-04-06,2019-03-30
2019-04-19,0,2019-04-12,expansion,slowdown,preliminary,0.5371612662057084,0.14167342123269605,0,2,1,2,0.3168961901689449,labor_stress,0.851121793834577,1.833855886990157,none,absent,False,0.4021555426349253,0,slowdown,0.0,0.0,1,1,3,real_income,5,0,0.1703220699935211,0.02552183813124479,0.46094814578662974,0.2861611539633862,0.36872884419879093,0.6883166965983115,9.400210582284898e-07,3.1130705753229246e-07,3.0,0,5.0,0,10.0,0,3.0,0,0.0,1,2019-03-01,2019-01-01,2019-03-01,2019-01-01,2019-03-01,2019-04-13,2019-04-06
2019-04-26,0,2019-04-12,expansion,slowdown,preliminary,0.5371612662057084,0.14167342123269605,0,2,1,2,0.3168961901689449,labor_stress,0.851121793834577,1.833855886990157,none,absent,False,0.4021555426349253,0,slowdown,0.0,0.0,2,2,3,real_income,5,0,0.1703220699935211,0.02552183813124479,0.46094814578662974,0.2861611539633862,0.36872884419879093,0.6883166965983115,9.400210582284898e-07,3.1130705753229246e-07,3.0,0,5.0,0,10.0,0,3.0,0,0.0,1,2019-03-01,2019-01-01,2019-03-01,2019-01-01,2019-03-01,2019-04-20,2019-04-13
2019-05-03,0,2019-05-03,slowdown,slowdown,official,0.4558676446025366,-0.027004141888195887,0,2,1,2,0.30120722219899454,labor_stress,0.6865531346056426,1.066158991019329,none,absent,False,0.002005658486526729,2,expansion,0.020679923993373338,0.0015362872632437951,0,0,4,,4,0,0.16286716844560228,0.05298228310813941,0.37499466292521605,0.47451159381451247,0.4621372402717062,0.47250593532798574,9.283574754667949e-07,1.877493624556012e-07,6.0,0,3.0,0,5.0,0,6.0,0,0.0,1,2019-04-01,2019-03-01,2019-03-01,2019-02-01,2019-03-01,2019-04-27,2019-04-20
2019-05-10,0,2019-05-10,slowdown,slowdown,official,0.3633601575437519,-0.26087052250244,0,2,1,2,0.3318424872370102,production,0.21786720282529679,-0.10262310714899271,none,absent,False,0.3607937076470973,0,slowdown,0.10296868138539869,0.06596074656765816,0,0,4,,4,0,0.13862051277786547,0.042095202387053374,0.26555060181402274,0.2985554463715877,0.5958279727969151,0.659349154018685,9.126111967189602e-07,1.972226739495374e-07,7.0,0,4.0,0,6.0,0,7.0,0,0.0,1,2019-04-01,2019-03-01,2019-03-01,2019-02-01,2019-03-01,2019-05-04,2019-04-27
2019-05-17,0,2019-05-17,slowdown,slowdown,official,0.21566046317539972,-0.6355750978339205,0,2,0,2,0.33456347528985175,employment,-0.12296705210409839,-0.6620782960475838,none,absent,True,0.9091839426114624,0,slowdown,0.3734835488869067,0.3623112623801503,0,0,4,,4,0,0.08670950066961082,0.006747290189112421,0.13312810957272936,0.04203428708978433,0.7801614915187526,0.9512182297012467,8.982389072151686e-07,1.9301985649514544e-07,4.0,0,5.0,0,7.0,0,4.0,0,0.0,1,2019-04-01,2019-03-01,2019-04-01,2019-02-01,2019-04-01,2019-05-11,2019-05-04
2019-05-24,0,2019-05-24,slowdown,slowdown,official,0.2596049073855592,-0.5993710624810867,0,2,0,2,0.3416130176807673,employment,0.088838941120801,-0.48105811928341474,none,absent,True,0.9168046197579612,0,slowdown,0.2939539899736416,0.2791721800247333,0,0,4,,4,0,0.08602505105635178,0.00547723235515962,0.144135190366051,0.038858976208728246,0.7698388589922611,0.9556635959666895,8.99585336198282e-07,1.954694225248534e-07,5.0,0,6.0,0,8.0,0,5.0,0,0.0,1,2019-04-01,2019-03-01,2019-04-01,2019-02-01,2019-04-01,2019-05-18,2019-05-11
2019-05-31,0,2019-05-31,slowdown,slowdown,official,0.2888039358413009,-0.45107390753413484,0,2,0,2,0.30707481724019686,employment,0.27200091403188387,-0.4570845443705764,none,absent,True,0.8689962509487237,0,slowdown,0.24674828951873623,0.21456912104266135,0,0,4,,4,0,0.1079728868627955,0.008434727132649237,0.1917213550942236,0.06128440486098648,0.7003048493880003,0.9302806558097102,9.086549805552802e-07,2.1219665403216101e-07,6.0,0,7.0,0,4.0,0,6.0,0,0.0,1,2019-04-01,2019-04-01,2019-04-01,2019-03-01,2019-04-01,2019-05-25,2019-05-18
2019-06-07,0,2019-06-07,slowdown,slowdown,official,0.29298411528502033,-0.7182918532412023,0,3,0,3,0.26759812952726175,employment,0.33950170715297334,-1.1937317841792765,none,absent,True,0.9436919322330046,0,slowdown,0.3274488091528158,0.3274488091528158,0,0,4,,4,0,0.060220218139296504,0.003386243384773405,0.10782198019987994,0.026460825914665895,0.831956954470091,0.9701527581476705,8.471907326004752e-07,1.7255289018923176e-07,7.0,0,4.0,0,5.0,0,7.0,0,0.0,1,2019-05-01,2019-04-01,2019-04-01,2019-03-01,2019-04-01,2019-06-01,2019-05-25
2019-06-14,0,2019-06-14,slowdown,slowdown,official,0.2803541720057622,-0.8859609892043145,0,3,1,3,0.3584152949629683,consumption,0.05314386788696973,-2.7912635941467743,none,absent,True,0.9616895735298858,0,slowdown,0.33812023240069794,0.33812023240069794,0,0,4,,4,0,0.045698848697980916,0.00254002074531665,0.07422615656857556,0.017885121606417042,0.8800741595688446,0.9795746951363029,8.35164598859252e-07,1.625119633393522e-07,4.0,0,5.0,0,6.0,0,4.0,0,0.0,1,2019-05-01,2019-04-01,2019-05-01,2019-03-01,2019-05-01,2019-06-08,2019-06-01
2019-06-21,0,2019-06-21,slowdown,slowdown,official,0.2614461685248994,-0.8396576969672541,0,3,1,3,0.3618423015231373,consumption,-0.045191718073166166,-2.559747132961471,none,absent,True,0.9593818463296266,0,slowdown,0.35409617967578083,0.35409617967578083,0,0,4,,4,0,0.04874246037495014,0.002351144462368057,0.08811518534581071,0.019133422162118354,0.8631415189638428,0.978515268491745,8.353153962532598e-07,1.6488376866388808e-07,5.0,0,6.0,0,7.0,0,5.0,0,0.0,1,2019-05-01,2019-04-01,2019-05-01,2019-03-01,2019-05-01,2019-06-15,2019-06-08
2019-06-28,0,2019-06-28,slowdown,slowdown,official,0.17454347652333585,-0.8798203651279941,0,3,0,3,0.26147631582263453,employment,-0.3140713154286446,-2.3260288666053865,watch,preliminary,True,0.9660556515720075,0,slowdown,0.4275229075101039,0.4275229075101039,0,0,4,,4,0,0.052831610950879675,0.0024486084982983307,0.07474741481998037,0.01574778775478372,0.8724201344704127,0.9818034393267911,8.3975872737936e-07,1.644201268409601e-07,6.0,0,7.0,0,4.0,0,6.0,0,0.0,1,2019-05-01,2019-05-01,2019-05-01,2019-04-01,2019-05-01,2019-06-22,2019-06-15
2019-07-05,0,2019-07-05,slowdown,slowdown,official,0.1665497043607096,-0.6715181353959098,0,3,0,3,0.252666209854037,employment,-0.3518501716529994,-1.31900037023327,watch,preliminary,True,0.9415107496829173,0,slowdown,0.42849370193788117,0.4227103151149305,0,0,4,,4,0,0.08386633885406661,0.004335601634958028,0.11678528288318915,0.027076734325820667,0.7993475250825307,0.968587484008738,8.531802136413624e-07,1.8003048337581326e-07,7.0,0,3.0,0,5.0,0,7.0,0,0.0,1,2019-06-01,2019-05-01,2019-05-01,2019-04-01,2019-05-01,2019-06-29,2019-06-22
2019-07-12,0,2019-07-12,slowdown,slowdown,official,0.17345059961081,-0.5320132782050012,0,3,0,3,0.26011435304204794,employment,-0.3245114625617338,-0.46298137882999846,none,absent,True,0.9158384082552284,0,slowdown,0.3442456913300733,0.3108347747405005,0,0,4,,4,0,0.10904331609603729,0.006249596618602472,0.15394223038270352,0.03895589993263352,0.7370135888919667,0.9547943081878619,8.646292925129993e-07,1.9526090197147225e-07,8.0,0,4.0,0,6.0,0,8.0,0,0.0,1,2019-06-01,2019-05-01,2019-05-01,2019-04-01,2019-05-01,2019-07-06,2019-06-29
2019-07-19,0,2019-07-19,slowdown,slowdown,official,0.16324420343540208,-0.47151815519621093,0,2,0,2,0.2545462168169935,employment,-0.37911509658970993,-1.0353643852254144,none,absent,True,0.8699452331818268,0,slowdown,0.3902198036121062,0.3433696001865303,0,0,4,,4,0,0.12973017445349608,0.01074077648603443,0.17946817106555749,0.05965688734287216,0.6908007445863013,0.9296021205246989,9.098946451593155e-07,2.156463942983844e-07,4.0,0,5.0,0,7.0,0,4.0,0,0.0,1,2019-06-01,2019-05-01,2019-06-01,2019-04-01,2019-06-01,2019-07-13,2019-07-06
2019-07-26,0,2019-07-26,slowdown,slowdown,official,0.24627935921190974,-0.3505560478913036,0,2,0,2,0.32546016072286826,employment,0.03133643521110949,-0.43462120337267457,none,absent,False,0.8354517091155328,0,slowdown,0.2559025757643875,0.20176095831967217,0,0,4,,4,0,0.13814830885260068,0.011653827230056684,0.22541627464160893,0.07644711627309354,0.6364344995199029,0.9118988253886263,9.169858874245599e-07,2.311082234577467e-07,5.0,0,6.0,0,8.0,0,5.0,0,0.0,1,2019-06-01,2019-05-01,2019-06-01,2019-04-01,2019-06-01,2019-07-20,2019-07-13
2019-08-02,0,2019-08-02,slowdown,slowdown,official,0.36193854565117356,-0.3542169275834981,0,2,0,2,0.387455732097518,real_income,0.09055669636204698,-0.5123244892642242,none,absent,False,0.8106557417764093,0,slowdown,0.19953315671216318,0.17009538078086828,0,0,4,,4,0,0.11037441971627683,0.009632833400184636,0.2436563414932556,0.08985560221319397,0.645968340047386,0.9005113439896033,8.987430816116733e-07,2.2039701805352782e-07,6.0,0,3.0,0,4.0,0,6.0,0,0.0,1,2019-07-01,2019-06-01,2019-06-01,2019-05-01,2019-06-01,2019-07-27,2019-07-20
2019-08-09,0,2019-08-09,slowdown,slowdown,official,0.35311881436866105,-0.25556751251993853,0,2,0,2,0.4014073848569628,real_income,0.03790276050687032,-0.021056926317319678,none,absent,False,0.7617678280492414,0,slowdown,0.09094954084830528,0.050747710449904754,0,0,4,,4,0,0.13096563843999603,0.012288972849352665,0.28408716902994036,0.11297148066763422,0.5849462886483445,0.8747393087168756,9.038817190720703e-07,2.3776613755565338e-07,7.0,0,4.0,0,5.0,0,7.0,0,0.0,1,2019-07-01,2019-06-01,2019-06-01,2019-05-01,2019-06-01,2019-08-03,2019-07-27
2019-08-16,0,2019-08-16,slowdown,slowdown,official,0.2771243148162233,-0.24928671829886834,0,2,0,2,0.3932177941049742,real_income,-0.20837236097890244,-0.32980540369747957,none,absent,False,0.7083817152956482,0,slowdown,0.2000801906970837,0.13863855790326027,0,0,4,,4,0,0.15051569861514696,0.018281245543716365,0.2807125022347093,0.13666839990399313,0.568770892923151,0.8450501151996413,9.062269928212567e-07,2.393526492206594e-07,4.0,0,5.0,0,6.0,0,4.0,0,0.0,1,2019-07-01,2019-06-01,2019-07-01,2019-05-01,2019-07-01,2019-08-10,2019-08-03
2019-08-23,0,2019-08-23,slowdown,slowdown,official,0.25261100261217356,-0.17160862735223312,0,2,0,2,0.3675298641246314,real_income,-0.33264244029223566,0.05729564016351015,none,absent,False,0.6569670228932101,0,slowdown,0.1509042221225893,0.07105625412926073,0,0,4,,4,0,0.17464639145295371,0.023018296657091333,0.3102234126058197,0.16000721157272862,0.515129284776408,0.8169742344659388,9.111648186572661e-07,2.5730424130618445e-07,5.0,0,6.0,0,7.0,0,5.0,0,0.0,1,2019-07-01,2019-06-01,2019-07-01,2019-05-01,2019-07-01,2019-08-17,2019-08-10
2019-08-30,0,2019-08-30,slowdown,slowdown,official,0.21881994079749262,-0.17929903016751897,0,3,1,3,0.27208229696591596,real_income,-0.3983729067763557,0.17705600149086312,none,absent,False,0.7132071910980751,0,slowdown,0.17379060903246407,0.08448578968517083,0,0,4,,4,0,0.19140871308648885,0.02459609759665799,0.2750959766273317,0.13109823029403397,0.5334944216299357,0.8443054213921091,8.886562437621239e-07,2.507171989788116e-07,6.0,0,7.0,0,4.0,0,6.0,0,0.0,1,2019-07-01,2019-07-01,2019-07-01,2019-06-01,2019-07-01,2019-08-24,2019-08-17
2019-09-06,0,2019-09-06,slowdown,slowdown,official,0.17734449800483482,-0.403340130830592,0,3,1,3,0.2844072007487345,labor_stress,-0.5848763551114814,-0.6616236118041332,none,absent,True,0.8314882703337461,0,slowdown,0.3586271461182746,0.3003215647324779,0,0,4,,4,0,0.14534469824776003,0.015547418718276912,0.19235854331488716,0.07648204955316784,0.6622958902247327,0.9079703198869139,8.682126200838238e-07,2.1184164128277686e-07,7.0,0,4.0,0,5.0,0,7.0,0,0.0,1,2019-08-01,2019-07-01,2019-07-01,2019-06-01,2019-07-01,2019-08-31,2019-08-24
2019-09-13,0,2019-09-13,slowdown,slowdown,official,0.26160200005387785,-0.10563292719953474,0,3,1,3,0.2980694190077689,real_income,-0.23201915082590824,0.3681993030590607,none,absent,False,0.6792664634975426,0,slowdown,0.13075752563558346,0.04416481815426853,0,0,4,,4,0,0.1969476977443745,0.026153593664693713,0.30818524202756664,0.14728983808212495,0.4948661648632766,0.8265563015796675,8.953647822002338e-07,2.66673513793409e-07,8.0,0,5.0,0,6.0,0,3.0,0,0.0,1,2019-08-01,2019-07-01,2019-07-01,2019-06-01,2019-08-01,2019-09-07,2019-08-31
2019-09-20,0,2019-09-20,slowdown,slowdown,official,0.29813136657271033,-0.07044338004305901,0,2,2,2,0.2636117587247009,real_income,-0.2565112024885781,-0.6542208270331407,none,absent,False,0.28326444583217025,0,slowdown,0.23544985489970666,0.1576097926046699,0,0,4,,4,0,0.2109877388812775,0.07074963029465572,0.331870414192628,0.32299284212704704,0.45714093407422557,0.6062572879592173,9.128518689365438e-07,2.396190800752935e-07,4.0,0,6.0,0,7.0,0,4.0,0,0.0,1,2019-08-01,2019-07-01,2019-08-01,2019-06-01,2019-08-01,2019-09-14,2019-09-07
2019-09-27,0,2019-09-27,slowdown,slowdown,official,0.30477086497178185,-0.09500267813923154,0,2,2,2,0.2878618389709527,real_income,-0.21668844832564368,-0.6543356411485697,none,absent,False,0.4207813704172776,0,slowdown,0.23532539459414697,0.16294618312310086,0,0,4,,4,0,0.20276211283791867,0.054509562700270915,0.3231697683507932,0.26235440835833557,0.4740672070942852,0.6831357787756132,9.117170030744487e-07,2.501657803984336e-07,5.0,0,7.0,0,4.0,0,5.0,0,0.0,1,2019-08-01,2019-08-01,2019-08-01,2019-07-01,2019-08-01,2019-09-21,2019-09-14
2019-10-04,0,2019-10-04,slowdown,slowdown,official,0.2863609342517012,-0.09566875603871619,0,2,2,2,0.27782728825262487,real_income,-0.3042509987504062,-0.7270185409136873,none,absent,False,0.42451989325099887,0,slowdown,0.2540308119570702,0.17501668764569722,0,0,4,,4,0,0.20857530623344853,0.056020036044998694,0.3204878118020513,0.2597299093907283,0.4709359705973172,0.6842498026417272,9.113671829592389e-07,2.5192254580433567e-07,6.0,0,3.0,0,5.0,0,6.0,0,0.0,1,2019-09-01,2019-08-01,2019-08-01,2019-07-01,2019-08-01,2019-09-28,2019-09-21
2019-10-11,0,2019-10-11,slowdown,slowdown,official,0.24348448486960486,-0.09518252991800173,0,2,2,2,0.2504916332236223,real_income,-0.5279796400000226,-0.7250271165633737,none,absent,False,0.451318542767562,0,slowdown,0.27454407362482736,0.1798155947040923,0,0,4,,4,0,0.2231241810596381,0.056801759756775295,0.3148294684011417,0.24593971929908331,0.4620454399100814,0.6972582620666453,9.106291388095934e-07,2.5887749619804363e-07,7.0,0,4.0,0,6.0,0,7.0,0,0.0,1,2019-09-01,2019-08-01,2019-08-01,2019-07-01,2019-08-01,2019-10-05,2019-09-28
2019-10-18,0,2019-10-18,slowdown,slowdown,official,0.13697350382395823,-0.5347242063239354,0,3,0,3,0.3421116933655612,labor_stress,-0.7419839749108957,-0.891719968304391,watch,preliminary,True,0.9037766407490689,0,slowdown,0.4227566804436381,0.3862464406590105,0,0,4,,4,0,0.11570154559979261,0.00809625459282511,0.15191590659589221,0.04406345412065476,0.7323816823242653,0.9478400948697236,8.654800500114113e-07,1.9641679646091968e-07,4.0,0,5.0,0,7.0,0,4.0,0,0.0,1,2019-09-01,2019-08-01,2019-09-01,2019-07-01,2019-09-01,2019-10-12,2019-10-05
2019-10-25,0,2019-10-25,slowdown,slowdown,official,0.10616008654265281,-0.5903877739302941,0,3,0,3,0.38644351743097616,labor_stress,-0.9031821945828398,-1.1728336551807619,watch,preliminary,True,0.9192959004553864,0,slowdown,0.4590498201171396,0.4327975264780711,0,0,4,,4,0,0.10987287207794792,0.007154705857098511,0.1356906739592129,0.0367746012534851,0.7544355925335035,0.9560705017088715,8.614293358604288e-07,1.9118054493684656e-07,5.0,0,6.0,0,8.0,0,5.0,0,0.0,1,2019-09-01,2019-08-01,2019-09-01,2019-07-01,2019-09-01,2019-10-19,2019-10-12
2019-11-01,0,2019-11-01,slowdown,slowdown,official,0.10703548921885506,-0.26480038398869166,0,1,0,1,0.39684046870156936,labor_stress,-1.0293768587032734,-0.9329647545851698,none,absent,False,0.6916552515916301,0,slowdown,0.0,0.27656038245616354,0,0,4,,4,0,0.201981356868511,0.030590283265167554,0.2686179944017292,0.13887709904772333,0.5293997044063575,0.8305323506393534,9.443234022713823e-07,2.670477557420188e-07,6.0,0,3.0,0,4.0,0,6.0,0,0.0,1,2019-10-01,2019-09-01,2019-09-01,2019-08-01,2019-09-01,2019-10-26,2019-10-19
2019-11-08,0,2019-11-08,slowdown,slowdown,official,0.08099014317840955,-0.5120227376727822,0,1,0,1,0.4262138226364926,labor_stress,-1.169565891382625,-2.1696531223194198,watch,preliminary,True,0.820561829335977,0,slowdown,0.0,0.41081631054030976,0,0,4,,4,0,0.14384884821008337,0.018809233661938134,0.18165294041891417,0.08031435518725126,0.6744972711033528,0.9008761845232283,9.402676496261456e-07,2.2662758228045896e-07,7.0,0,4.0,0,5.0,0,7.0,0,0.0,1,2019-10-01,2019-09-01,2019-09-01,2019-08-01,2019-09-01,2019-11-02,2019-10-26
2019-11-15,0,2019-11-15,slowdown,slowdown,official,-0.08596948516621779,-1.5554569444746034,0,3,0,3,0.47988171000419366,labor_stress,-1.4523068637055851,-2.799917781745138,elevated,preliminary,True,0.9935356193936618,0,slowdown,0.6476382329933252,0.6476382329933252,0,0,4,,4,0,0.017404080300710112,0.0006906357603663339,0.015770038636217378,0.002886798891894853,0.9668250597442422,0.9964224182855566,8.213188304132315e-07,1.4706218232014605e-07,4.0,0,5.0,0,6.0,0,4.0,0,0.0,1,2019-10-01,2019-09-01,2019-10-01,2019-08-01,2019-10-01,2019-11-09,2019-11-02
2019-11-22,0,2019-11-22,slowdown,slowdown,official,-0.19608198285107906,-1.7462990457087226,0,3,0,3,0.5593291809910251,labor_stress,-2.015747295602139,-4.267404458553689,elevated,preliminary,True,0.9959605973254565,0,slowdown,0.7406756316336155,0.7406756316336155,0,0,4,,4,0,0.013422385700446678,0.0005215866046265222,0.00977100702308736,0.00175883530581874,0.976805787372292,0.9977194326312753,8.199041740467179e-07,1.4545827948517585e-07,5.0,0,6.0,0,7.0,0,5.0,0,0.0,1,2019-10-01,2019-09-01,2019-10-01,2019-08-01,2019-10-01,2019-11-16,2019-11-09
2019-11-29,0,2019-11-29,slowdown,slowdown,official,-0.2407716598321265,-2.040979749867654,0,4,0,4,0.6068744691640517,labor_stress,-1.8418919189485259,-3.692749902508162,high,broad_and_confirmed,True,0.9759353339471324,0,slowdown,0.77843529906293,0.77843529906293,0,0,4,,4,0,0.006219890269823062,0.00027449896958587814,0.0038538820816711662,0.0007099802076947603,0.9351473782939863,0.9874754273849259,0.05477884935451949,0.011540093437793488,6.0,0,7.0,0,4.0,0,6.0,0,0.0,1,2019-10-01,2019-10-01,2019-10-01,2019-09-01,2019-10-01,2019-11-23,2019-11-16
2019-12-06,0,2019-12-06,slowdown,slowdown,official,-0.2076469135561722,-1.7531738520989246,0,3,0,3,0.582631521207891,labor_stress,-1.6990592206525348,-2.849113157605228,high,broad_and_confirmed,True,0.9961059791893466,0,slowdown,0.7504471933625709,0.7504471933625709,0,0,4,,4,0,0.013493348514159734,0.0005424421379182184,0.008929674426389221,0.001593574241338498,0.9767034459552365,0.9976995534306852,0.0008735311042144938,0.00016443019005818295,7.0,0,4.0,0,5.0,0,7.0,0,0.0,1,2019-11-01,2019-10-01,2019-10-01,2019-09-01,2019-10-01,2019-11-30,2019-11-23
2019-12-13,0,2019-12-13,slowdown,slowdown,official,-0.36672371289912986,-1.9015807684872748,0,3,0,3,0.6784632835658269,labor_stress,-2.4271446731889514,-3.864959965913758,high,broad_and_confirmed,False,0.8426042660393912,0,slowdown,0.8848560198451892,0.8848560198451892,0,0,4,,4,0,0.008688477146388807,0.0004632216561575553,0.004190938497668819,0.0010091118632003975,0.6704612395653587,0.9205659662600166,0.31665934479058355,0.07796170022062546,8.0,0,5.0,0,6.0,0,3.0,0,0.0,1,2019-11-01,2019-10-01,2019-10-01,2019-09-01,2019-11-01,2019-12-07,2019-11-30
2019-12-20,0,2019-12-20,slowdown,slowdown,official,-0.37740964558657175,-1.3795307997763337,0,2,0,2,0.7537528886549831,labor_stress,-2.7384034064854585,-4.433064904209655,high,broad_and_confirmed,False,0.7654077651168973,0,slowdown,0.8938848894121133,0.8938848894121133,0,0,4,,4,0,0.032357964826925434,0.0022751352059363463,0.015279969867783474,0.003986034771672033,0.6023534133805283,0.8795732975696445,0.35000865192476277,0.11416553245274719,4.0,0,6.0,0,3.0,0,4.0,0,0.0,1,2019-11-01,2019-11-01,2019-11-01,2019-10-01,2019-11-01,2019-12-14,2019-12-07
2019-12-27,0,2019-12-27,contraction,slowdown,official,-0.4861352458379291,-1.3804304256499038,0,2,0,2,0.7857822842757632,labor_stress,-3.282190864944998,-5.450976068284524,high,broad_and_confirmed,False,0.2633443518462029,0,slowdown,0.9857504562248903,0.9857504562248903,0,0,4,,4,0,0.022249428647735447,0.0026372923030196912,0.008464192919674965,0.00285253624478207,0.3344378807411652,0.6289272616492005,0.6348484976914243,0.3655829098029976,5.0,0,7.0,0,4.0,0,5.0,0,0.0,1,2019-11-01,2019-11-01,2019-11-01,2019-10-01,2019-11-01,2019-12-21,2019-12-14
2020-01-03,0,2020-01-03,contraction,slowdown,official,-0.5849321411994544,-1.3804763672823488,0,2,0,2,0.8170775230915301,labor_stress,-3.9973637868349456,-6.915627555362775,high,broad_and_confirmed,False,0.3609462014496158,1,contraction,1.0,1.0,0,0,4,,4,0,0.02082153602139256,0.0036934455673322463,0.006508447028508074,0.0014623189332229733,0.2571925616065331,0.31694901702491446,0.7154774553435662,0.6778952184745303,6.0,0,8.0,0,5.0,0,6.0,0,0.0,1,2019-11-01,2019-11-01,2019-11-01,2019-10-01,2019-11-01,2019-12-28,2019-12-21
2020-01-10,0,2020-01-10,contraction,slowdown,official,-0.501573312330076,-1.407447511222453,0,2,0,2,0.7920100261157238,labor_stress,-3.342329916166784,-4.473794020754865,high,broad_and_confirmed,False,0.6036911342093962,2,contraction,0.9987945481914161,0.9987945481914161,0,0,4,,4,0,0.018795556283787974,0.003999626403216011,0.006934138570071907,0.0008740874976864446,0.29361948170579055,0.19571757594485065,0.6806508234403496,0.7994087101542469,7.0,0,4.0,0,6.0,0,7.0,0,0.0,1,2019-12-01,2019-11-01,2019-11-01,2019-10-01,2019-11-01,2020-01-04,2019-12-28
2020-01-17,0,2020-01-17,slowdown,contraction,official,-0.4084675101927866,-0.6918840727822844,0,2,1,2,0.7385165732148878,labor_stress,-2.616627775180858,-1.424760912860196,high,broad_and_confirmed,False,0.4190550209920983,0,contraction,0.9156621299002304,0.9111976358801143,0,0,4,,4,0,0.15049172887136875,0.0515080981109089,0.06214838418058009,0.007804034076901661,0.4207272966777531,0.2608164234100456,0.36663259027029804,0.6798714444021439,4.0,0,5.0,0,7.0,0,4.0,0,0.0,1,2019-12-01,2019-11-01,2019-12-01,2019-10-01,2019-12-01,2020-01-11,2020-01-04
2020-01-24,0,2020-01-24,slowdown,contraction,official,-0.35490585278478165,-0.6611490118150316,0,2,1,2,0.7170300003097344,labor_stress,-2.3484724221174376,-1.2710856080239323,high,broad_and_confirmed,False,0.06812678375446318,1,slowdown,0.854755075394836,0.8346394004247966,0,0,4,,4,0,0.1804614027101094,0.0818715502421837,0.08289858736555426,0.017513983189465735,0.5187026558205703,0.4843706251614069,0.21793735410376613,0.4162438414069437,5.0,0,6.0,0,8.0,0,5.0,0,0.0,1,2019-12-01,2019-11-01,2019-12-01,2019-10-01,2019-12-01,2020-01-18,2020-01-11
2020-01-31,0,2020-01-31,slowdown,slowdown,official,-0.40479446634039074,-0.6179548154031232,0,1,1,1,0.7786714095173186,labor_stress,-2.5335531715401785,-2.084441006954037,high,severe_but_concentrated,False,0.8955472082895085,0,slowdown,0.0,0.8271223623837689,0,0,4,,4,0,0.25224797091641943,0.027152371853559586,0.11990429683704898,0.038650085177553126,0.6278467936494304,0.9341972934670616,9.385971010843513e-07,2.4950182573191493e-07,6.0,0,7.0,0,4.0,0,6.0,0,0.0,1,2019-12-01,2019-12-01,2019-12-01,2019-11-01,2019-12-01,2020-01-25,2020-01-18
2020-02-07,0,2020-02-07,slowdown,slowdown,official,-0.32737944260023893,-0.07326795526541097,0,1,1,1,0.7530626884237533,labor_stress,-2.1222537744380827,0.6806692017985545,none,absent,False,0.6889514976810018,0,slowdown,0.0,0.19587448753123282,0,0,4,,4,0,0.2560723404281086,0.03620477261937333,0.32387086052997144,0.1374216974644795,0.4200558462146067,0.8263731951454814,9.528273132208692e-07,3.3477066573590784e-07,7.0,0,4.0,0,5.0,0,7.0,0,0.0,1,2020-01-01,2019-12-01,2019-12-01,2019-11-01,2019-12-01,2020-02-01,2020-01-25
2020-02-14,0,2020-02-14,slowdown,slowdown,official,-0.3821223302086939,-0.4103857555692546,0,1,0,1,0.7011374876583605,labor_stress,-2.0410614466809025,1.6586430750326888,watch,preliminary,False,0.85332218180367,0,slowdown,0.0,0.5562019358213652,0,0,4,,4,0,0.23999568894836085,0.022470190251094455,0.1864366105277409,0.06210367876799114,0.5735667405411424,0.9154258605716612,9.599827557934434e-07,2.7040925316799187e-07,4.0,0,5.0,0,6.0,0,4.0,0,0.0,1,2020-01-01,2019-12-01,2020-01-01,2019-11-01,2020-01-01,2020-02-08,2020-02-01
2020-02-21,0,2020-02-21,slowdown,slowdown,official,-0.30944963504452616,0.009082578207095172,0,1,0,1,0.6584568823140433,labor_stress,-1.6786710134350007,3.938105137705561,none,absent,False,0.6065395277320289,0,slowdown,0.0,0.146252410474472,0,0,4,,4,0,0.24323827520923622,0.03526147496023317,0.3691024761616532,0.17909932316038837,0.38765827567600963,0.7856388508924173,9.729531008369447e-07,3.5098696121056877e-07,5.0,0,6.0,0,7.0,0,5.0,0,0.0,1,2020-01-01,2019-12-01,2020-01-01,2019-11-01,2020-01-01,2020-02-15,2020-02-08
2020-02-28,0,2020-02-28,slowdown,contraction,official,-0.41150079821461805,-0.29149079260888716,0,3,0,3,0.6607187397116664,labor_stress,-1.8970589079923792,4.975442018260256,watch,preliminary,False,0.7543993519889234,2,slowdown,0.6566703960015458,0.4312055445377468,0,0,4,,4,0,0.2243166284588385,0.06462532344459154,0.2163606013848171,0.09048752839862348,0.5593218728898306,0.8448868803875469,8.97266513835354e-07,2.677692380364323e-07,6.0,0,7.0,0,4.0,0,6.0,0,0.0,1,2020-01-01,2020-01-01,2020-01-01,2019-12-01,2020-01-01,2020-02-22,2020-02-15
2020-03-06,0,2020-03-06,slowdown,slowdown,official,-0.4760276269660886,-0.39493947766730625,0,3,1,3,0.6897529452675393,labor_stress,-2.263920224318558,2.2921676385657936,watch,preliminary,False,0.7280090374447405,0,slowdown,0.7775715878512182,0.5973221719385864,0,0,4,,4,0,0.2376608059627364,0.06374017376637546,0.16011538261582628,0.09492348374943577,0.5395430045881768,0.8229325211941763,0.06268080683326059,0.018403821290012515,7.0,0,3.0,0,5.0,0,7.0,0,0.0,1,2020-02-01,2020-01-01,2020-01-01,2019-12-01,2020-01-01,2020-02-29,2020-02-22
2020-03-13,0,2020-03-13,contraction,slowdown,official,-0.5259807101712378,-0.8757793201345512,0,3,1,3,0.7115815754188464,labor_stress,-2.51460869593784,-0.12228363120191171,high,broad_and_confirmed,False,0.3748904157518727,0,slowdown,0.9950735786117985,0.9950735786117985,0,0,4,,4,0,0.07477754865557548,0.02329608034175436,0.024447054299623513,0.0172052860578569,0.2823966172033129,0.6671945246761307,0.618378779841488,0.292304108924258,8.0,0,4.0,0,6.0,0,8.0,0,0.0,1,2020-02-01,2020-01-01,2020-01-01,2019-12-01,2020-01-01,2020-03-07,2020-02-29
2020-03-20,0,2020-03-20,contraction,slowdown,official,-0.8140557135550811,-1.3750934812296343,1,3,1,3,0.7920597902047334,labor_stress,-4.584000828277443,-6.141602547839368,high,broad_and_confirmed,False,0.5558486074689178,1,contraction,1.0,1.0,0,0,4,,4,0,0.023402029501104645,0.005340572639737793,0.0043150161481406695,0.0010907951123220127,0.17914803956863645,0.21886001238951117,0.7931349147821183,0.774708619858429,4.0,0,5.0,0,7.0,0,4.0,0,0.0,1,2020-02-01,2020-01-01,2020-02-01,2019-12-01,2020-02-01,2020-03-14,2020-03-07
2020-03-27,0,2020-03-27,contraction,slowdown,official,-0.7408580411935687,-0.9268497611861217,0,2,2,2,0.9729878927353545,labor_stress,-43.51774346959013,-113.2103303100523,high,broad_and_confirmed,False,0.591131354327094,2,contraction,1.0,1.0,0,0,4,,4,0,0.07686701341010874,0.021843011594351435,0.015324242908563504,0.0034300791673938583,0.18940908917547505,0.19179777745558038,0.7183996545058527,0.7829291317826743,5.0,0,6.0,0,3.0,0,5.0,0,0.0,1,2020-02-01,2020-02-01,2020-02-01,2020-01-01,2020-02-01,2020-03-21,2020-03-14
2020-04-03,0,2020-04-03,contraction,contraction,official,-0.8063514969138813,-1.8094441944632398,0,3,1,3,0.9790312757012143,labor_stress,-41.118691325901274,-108.43793411478242,high,broad_and_confirmed,False,0.861513415857319,0,contraction,1.0,1.0,0,0,4,,4,0,0.008279432162318466,0.0017080611698228544,0.0015501771862839267,0.00010687815933162591,0.19584908741810286,0.06833582240676321,0.7943213032332948,0.9298492382640822,6.0,0,3.0,0,4.0,0,6.0,0,0.0,1,2020-03-01,2020-02-01,2020-02-01,2020-01-01,2020-02-01,2020-03-28,2020-03-21
2020-04-10,0,2020-04-10,contraction,contraction,official,-0.8059183784412921,-1.80943189405039,0,3,1,3,0.978553154138577,labor_stress,-40.2811950047839,-107.49130009262527,high,broad_and_confirmed,False,0.8848244562708052,0,contraction,1.0,1.0,0,0,4,,4,0,0.008278282825655679,0.0017256337131000368,0.0015512971946802835,9.102590592699574e-05,0.19598441246288456,0.056679442055083906,0.7941860075167794,0.9415038983258891,7.0,0,4.0,0,5.0,0,7.0,0,0.0,1,2020-03-01,2020-02-01,2020-02-01,2020-01-01,2020-02-01,2020-04-04,2020-03-28
2020-04-17,0,2020-04-17,contraction,contraction,official,-2.188152215407468,-2.866610640675714,2,3,1,3,0.816386785028114,labor_stress,-42.01939324492842,-112.76339401399122,high,broad_and_confirmed,False,0.9950713125363013,0,contraction,1.0,1.0,0,0,4,,4,0,0.0005953684474499892,0.00010462506506319171,7.146741940387353e-06,2.702684342199364e-07,0.013551213774863067,0.002411896065100653,0.9858462710357466,0.9974832086014019,4.0,0,5.0,0,6.0,0,4.0,0,0.0,1,2020-03-01,2020-02-01,2020-03-01,2020-01-01,2020-03-01,2020-04-11,2020-04-04
2020-04-24,0,2020-04-24,contraction,contraction,official,-2.1770293864069776,-2.866610640675714,2,3,1,3,0.8067573665654255,labor_stress,-38.99260202264695,-103.5386667018826,high,broad_and_confirmed,False,0.9949636998222604,0,contraction,1.0,1.0,0,0,4,,4,0,0.0005951880130872027,0.00010461942464347149,7.304323630727079e-06,2.7629752989233146e-07,0.013850010511979078,0.0024657022277831276,0.985547497151303,0.9974294020500435,5.0,0,6.0,0,7.0,0,5.0,0,0.0,1,2020-03-01,2020-02-01,2020-03-01,2020-01-01,2020-03-01,2020-04-18,2020-04-11
2020-05-01,0,2020-05-01,contraction,contraction,official,-2.6064907434049687,-3.7547000000000006,3,4,0,4,0.7553343659516766,labor_stress,-33.52773289604388,-87.02592120090605,high,broad_and_confirmed,False,0.9979116983855003,0,contraction,1.0,1.0,0,0,4,,4,0,5.3867943300378724e-05,9.396748934394932e-06,8.160569881867909e-07,3.044671104911354e-08,0.00592564929348846,0.0010394372094271304,0.994019666706223,0.9989511355949274,6.0,0,7.0,0,4.0,0,6.0,0,0.0,1,2020-03-01,2020-03-01,2020-03-01,2020-02-01,2020-03-01,2020-04-25,2020-04-18
2020-05-08,0,2020-05-08,contraction,contraction,official,-3.369228793821383,-3.7547000000000006,4,4,0,4,0.6077785966831322,labor_stress,-28.933956033045916,-73.29860670294732,high,broad_and_confirmed,True,0.9995626718333998,0,contraction,1.0,1.0,0,0,4,,4,0,5.100003744275451e-05,8.861642088381955e-06,7.692420096309339e-07,2.8485525043943625e-08,0.0012314634297738583,0.0002142190194934144,0.9987167672907737,0.9997768908528931,7.0,0,4.0,0,5.0,0,7.0,0,0.0,1,2020-04-01,2020-03-01,2020-03-01,2020-02-01,2020-03-01,2020-05-02,2020-04-25
2020-05-15,0,2020-05-15,contraction,contraction,official,-3.4092328245418146,-3.7547000000000006,4,4,0,4,0.45005939426600555,labor_stress,-25.17573804787779,-57.439627526085836,high,broad_and_confirmed,True,0.9995954540307367,0,contraction,1.0,1.0,0,0,4,,4,0,5.100483934755409e-05,8.861781922864548e-06,7.692420059369186e-07,2.8481298378431303e-08,0.0011374245236103352,0.00019782785302100645,0.9988108013950362,0.9997932818837577,4.0,0,5.0,0,6.0,0,4.0,0,0.0,1,2020-04-01,2020-03-01,2020-04-01,2020-02-01,2020-04-01,2020-05-09,2020-05-02
2020-05-22,0,2020-05-22,contraction,contraction,official,-3.4092328245418146,-2.2528200000000003,4,4,0,4,0.4208457447521101,labor_stress,-22.21125083400986,57.49599550945834,high,broad_and_confirmed,True,0.9989712574285984,0,contraction,1.0,1.0,0,0,4,,4,0,0.002386527207613727,0.00041544717417243255,2.7177264887522447e-06,1.0081897649690201e-07,0.0011347656892804893,0.0001977474040801681,0.9964759893766171,0.9993867046027708,5.0,0,6.0,0,7.0,0,5.0,0,0.0,1,2020-04-01,2020-03-01,2020-04-01,2020-02-01,2020-04-01,2020-05-16,2020-05-09
2020-05-29,0,2020-05-29,contraction,contraction,official,-3.7763,-2.2528200000000003,4,4,0,4,0.3397938454428816,labor_stress,-19.64861094451806,59.73631348938504,high,broad_and_confirmed,True,0.9990718108502453,0,contraction,1.0,1.0,0,0,4,,4,0,0.002387934145130317,0.0004164321559040394,1.3107889721619875e-06,4.866922367367572e-08,0.0005473098038572566,9.527616872288592e-05,0.9970634452620403,0.9994882430061494,6.0,0,7.0,0,4.0,0,6.0,0,0.0,1,2020-04-01,2020-04-01,2020-04-01,2020-03-01,2020-04-01,2020-05-23,2020-05-16
2020-06-05,0,2020-06-05,contraction,contraction,official,-3.7763,-2.2528200000000003,4,4,0,4,0.33494757574122747,labor_stress,-17.528751241763725,63.05007911780807,high,broad_and_confirmed,True,0.9990718064607456,0,contraction,1.0,1.0,0,0,4,,4,0,0.002387934145130317,0.0004164343484793771,1.3107889721619875e-06,4.8669431517410075e-08,0.0005473098038572566,9.527617286416786e-05,0.9970634452620403,0.9994882408092249,7.0,0,4.0,0,5.0,0,7.0,0,0.0,1,2020-05-01,2020-04-01,2020-04-01,2020-03-01,2020-04-01,2020-05-30,2020-05-23
2020-06-12,0,2020-06-12,contraction,contraction,official,-3.7763,-2.2528200000000003,4,4,0,4,0.3129899456541263,labor_stress,-15.795598356162635,72.79561802232897,high,broad_and_confirmed,True,0.9990718064505505,0,contraction,1.0,1.0,0,0,4,,4,0,0.002387934145130317,0.0004164343535716683,1.3107889721619875e-06,4.8669432000308614e-08,0.0005473098038572566,9.527617287421952e-05,0.9970634452620403,0.9994882408041221,8.0,0,5.0,0,6.0,0,8.0,0,0.0,1,2020-05-01,2020-04-01,2020-04-01,2020-03-01,2020-04-01,2020-06-06,2020-05-30
2020-06-19,0,2020-06-19,contraction,contraction,official,-3.7005463360837565,-0.7509400000000002,4,3,1,4,0.393022635495875,labor_stress,-14.247337301769628,68.67271761466661,high,broad_and_confirmed,True,0.9503898756047173,0,contraction,1.0,1.0,0,0,4,,4,0,0.11351378326324688,0.024749445067072134,6.738402142887426e-05,3.0559217632307065e-06,0.0005652996457314129,0.00010817833937515144,0.8858535330695929,0.9751393206717894,4.0,0,6.0,0,7.0,0,4.0,0,0.0,1,2020-05-01,2020-04-01,2020-05-01,2020-03-01,2020-05-01,2020-06-13,2020-06-06
2020-06-26,0,2020-06-26,contraction,contraction,official,-3.7763,-2.2528200000000003,4,4,0,4,0.3368922328453286,labor_stress,-13.153219901194358,56.684260567641054,high,broad_and_confirmed,True,0.9990718064505267,0,contraction,1.0,1.0,0,0,4,,4,0,0.002387934145130317,0.0004164343535835226,1.3107889721619875e-06,4.866943200143285e-08,0.0005473098038572566,9.527617287424315e-05,0.9970634452620403,0.9994882408041103,5.0,0,7.0,0,4.0,0,5.0,0,0.0,1,2020-05-01,2020-05-01,2020-05-01,2020-04-01,2020-05-01,2020-06-20,2020-06-13
2020-07-03,0,2020-07-03,contraction,contraction,official,-3.52818313001688,-0.75094,4,3,1,4,0.33806132703906266,labor_stress,-12.204903849035626,46.44914519195094,high,broad_and_confirmed,True,0.9503561547033108,0,contraction,1.0,1.0,0,0,4,,4,0,0.1134844383919623,0.02474355819193446,9.489962572036188e-05,4.3049363472597535e-06,0.0007961342119717485,0.00015242397647302917,0.8856245277703456,0.9750997128952452,6.0,0,3.0,0,5.0,0,6.0,0,0.0,1,2020-06-01,2020-05-01,2020-05-01,2020-04-01,2020-05-01,2020-06-27,2020-06-20
2020-07-10,0,2020-07-10,contraction,contraction,official,-3.52818313001688,-0.75094,4,3,1,4,0.3233571064825787,labor_stress,-11.4092243499459,38.01059402632002,high,broad_and_confirmed,True,0.9503465182147404,0,contraction,1.0,1.0,0,0,4,,4,0,0.1134844383919623,0.024748376344282452,9.489962572036188e-05,4.305627687501135e-06,0.0007961342119717485,0.000152423469007198,0.8856245277703456,0.9750948945590229,7.0,0,4.0,0,6.0,0,7.0,0,0.0,1,2020-06-01,2020-05-01,2020-05-01,2020-04-01,2020-05-01,2020-07-04,2020-06-27
2020-07-17,0,2020-07-17,recovery,recovery,official,-3.469283230526309,2.2528200000000003,4,1,3,4,0.3601097154046792,labor_stress,-10.685342718879475,31.793631745981312,none,absent,True,0.6501754623940581,0,recovery,0.15,0.15,0,0,4,,4,0,0.7095751314761491,0.8250331255676173,0.28945520205264624,0.17485766317355925,0.000968796869790876,0.00010903326881790663,8.696014137298016e-07,1.7799000551819132e-07,4.0,0,5.0,0,7.0,0,4.0,0,0.0,1,2020-06-01,2020-05-01,2020-06-01,2020-04-01,2020-06-01,2020-07-11,2020-07-04
2020-07-24,0,2020-07-24,recovery,recovery,official,-3.4689577040544366,2.2528200000000003,4,1,3,4,0.3487227838247941,labor_stress,-10.124527368563898,26.258004615270558,none,absent,True,0.8160988847354969,0,recovery,0.15,0.15,0,0,4,,4,0,0.7854504087237835,0.9080198805143999,0.21383304355613736,0.09192099577890295,0.0007156920372685632,5.895061343956103e-05,8.556828107122616e-07,1.7309325763019027e-07,5.0,0,6.0,0,8.0,0,5.0,0,0.0,1,2020-06-01,2020-05-01,2020-06-01,2020-04-01,2020-06-01,2020-07-18,2020-07-11
2020-07-31,0,2020-07-31,recovery,recovery,official,-3.1258805673833905,3.7547000000000006,4,0,4,4,0.45042840559609965,labor_stress,-9.714792879697674,21.555537702238034,none,absent,True,0.9221677943238763,0,recovery,0.15,0.15,0,0,4,,4,0,0.8653735954582336,0.9610835621903514,0.13461666768486044,0.03891576786647515,8.93655930524462e-06,5.151351866996122e-07,8.002976007504991e-07,1.548079868174278e-07,6.0,0,7.0,0,4.0,0,6.0,0,0.0,1,2020-06-01,2020-06-01,2020-06-01,2020-05-01,2020-06-01,2020-07-25,2020-07-18
2020-08-07,0,2020-08-07,recovery,recovery,official,-3.0028935663414935,3.7547000000000006,4,0,4,4,0.45178077210234485,labor_stress,-9.261236895128334,18.019812996888845,none,absent,True,0.9698290564764517,0,recovery,0.15,0.15,0,0,4,,4,0,0.9328276208571157,0.9849143533484237,0.06716713550541392,0.015085296871972064,4.458906167642709e-06,2.057453448950843e-07,7.847313027632089e-07,1.4403425931737757e-07,7.0,0,4.0,0,5.0,0,7.0,0,0.0,1,2020-07-01,2020-06-01,2020-06-01,2020-05-01,2020-06-01,2020-08-01,2020-07-25
2020-08-14,0,2020-08-14,recovery,recovery,official,-2.6858430610879402,3.7547000000000006,4,0,4,4,0.4744953747404548,labor_stress,-8.715934066099425,15.272538902666053,none,absent,True,0.9986073926576126,0,recovery,0.15,0.15,0,0,4,,4,0,0.9963216054388925,0.999303613973913,0.00367685440444055,0.0006962213163003841,7.700783334462836e-07,3.0569501159883654e-08,7.700783334462836e-07,1.341402855622325e-07,4.0,0,5.0,0,6.0,0,4.0,0,0.0,1,2020-07-01,2020-06-01,2020-07-01,2020-05-01,2020-07-01,2020-08-08,2020-08-01
2020-08-21,0,2020-08-21,recovery,recovery,official,-2.6795367895270052,3.7547000000000006,4,0,4,4,0.461094455271228,labor_stress,-8.232178781019794,13.434238158768359,none,absent,True,0.9986984273283903,0,recovery,0.15,0.15,0,0,4,,4,0,0.9962753900431524,0.9993491323086461,0.0037230697788445235,0.0006507049802557273,7.700890015842905e-07,2.8635794388514964e-08,7.700890015842905e-07,1.3407530380055842e-07,5.0,0,6.0,0,7.0,0,5.0,0,0.0,1,2020-07-01,2020-06-01,2020-07-01,2020-05-01,2020-07-01,2020-08-15,2020-08-08
2020-08-28,0,2020-08-28,recovery,recovery,official,-2.092991934900438,3.7547000000000006,3,0,4,3,0.5055903384484106,labor_stress,-7.63078413670365,12.38982794949075,none,absent,True,0.9957965799406051,0,recovery,0.15,0.15,0,0,4,,4,0,0.9881470004949817,0.9978982074913246,0.011851440779015903,0.002101627550719473,7.867606975847119e-07,2.963968116986625e-08,7.719653048435455e-07,1.353182747264796e-07,6.0,0,7.0,0,4.0,0,6.0,0,0.0,1,2020-07-01,2020-07-01,2020-07-01,2020-06-01,2020-07-01,2020-08-22,2020-08-15
2020-09-04,0,2020-09-04,recovery,recovery,official,-2.0064349202358533,3.7547000000000006,3,0,4,3,0.5023527403253477,labor_stress,-7.095715874721136,11.672580173710722,none,absent,True,0.9949988944106866,0,recovery,0.15,0.15,0,0,4,,4,0,0.9859527129759076,0.9974993617518854,0.01404558213312394,0.002500467341198781,9.32419290033152e-07,3.5250747366469716e-08,7.724716783800352e-07,1.3565616861431581e-07,7.0,0,3.0,0,5.0,0,7.0,0,0.0,1,2020-08-01,2020-07-01,2020-07-01,2020-06-01,2020-07-01,2020-08-29,2020-08-22
2020-09-11,0,2020-09-11,recovery,recovery,official,-2.0012514702638535,3.7547000000000006,3,0,4,3,0.49120849586857723,labor_stress,-6.761310018833201,10.541465301627344,none,absent,True,0.9949463931164171,0,recovery,0.15,0.15,0,0,4,,4,0,0.9858092788554423,0.9974731109091981,0.014189006699215492,0.002526717792781056,9.419405637561555e-07,3.561971199081142e-08,7.725047785285809e-07,1.3567830906542992e-07,8.0,0,4.0,0,6.0,0,8.0,0,0.0,1,2020-08-01,2020-07-01,2020-07-01,2020-06-01,2020-07-01,2020-09-05,2020-08-29
2020-09-18,0,2020-09-18,recovery,recovery,official,-1.9168636198801827,3.7547000000000006,3,0,4,3,0.496924361208152,labor_stress,-6.335243793426599,10.089995217740123,none,absent,True,0.9940097794286792,0,recovery,0.15,0.15,0,0,4,,4,0,0.9832606789014872,0.9970048005782909,0.016737436886892214,0.0029950211496117254,1.1111187041686298e-06,4.219980309501728e-08,7.730929163913557e-07,1.360722941189943e-07,4.0,0,5.0,0,7.0,0,4.0,0,0.0,1,2020-08-01,2020-07-01,2020-08-01,2020-06-01,2020-08-01,2020-09-12,2020-09-05
2020-09-25,0,2020-09-25,recovery,recovery,official,-1.9145047773952577,3.7547000000000006,3,0,4,3,0.48359427033258795,labor_stress,-5.997992160916429,9.852834521114627,none,absent,True,0.9939816867669117,0,recovery,0.15,0.15,0,0,4,,4,0,0.9831833214069081,0.996990754142498,0.016814789228566177,0.003009067375586322,1.116253757655373e-06,4.23976868224208e-08,7.731107681030223e-07,1.3608422878777973e-07,5.0,0,6.0,0,8.0,0,5.0,0,0.0,1,2020-08-01,2020-07-01,2020-08-01,2020-06-01,2020-08-01,2020-09-19,2020-09-12
2020-10-02,0,2020-10-02,recovery,recovery,official,-1.624464893795065,3.7547000000000006,3,0,4,3,0.48431280519869946,labor_stress,-5.760516434676771,9.20898395737789,none,absent,True,0.9876039492602627,0,recovery,0.15,0.15,0,0,4,,4,0,0.9664335818756579,0.9938018609367285,0.03356352530286272,0.006197911676465803,2.072672149814666e-06,8.09720469128321e-08,8.201493296345334e-07,1.4641475865339394e-07,6.0,0,3.0,0,4.0,0,6.0,0,0.0,1,2020-09-01,2020-08-01,2020-08-01,2020-07-01,2020-08-01,2020-09-26,2020-09-19
2020-10-09,0,2020-10-09,recovery,recovery,official,-1.6227971610520044,3.7547000000000006,3,0,4,3,0.4718303976585893,labor_stress,-5.477830925828928,8.441264259715615,none,absent,True,0.9875610614557658,0,recovery,0.15,0.15,0,0,4,,4,0,0.9663258617052091,0.993780416887847,0.033671238809332635,0.006219355432081174,2.079323858269143e-06,8.124979000144208e-08,8.201616000638921e-07,1.4643028177894625e-07,7.0,0,4.0,0,5.0,0,7.0,0,0.0,1,2020-09-01,2020-08-01,2020-08-01,2020-07-01,2020-08-01,2020-10-03,2020-09-26
2020-10-16,0,2020-10-16,recovery,recovery,official,-1.5352235030116237,3.1390432025072585,3,0,4,3,0.4510488151887187,labor_stress,-5.250051852012166,7.750958930479393,none,absent,True,0.9851136784429946,0,recovery,0.15,0.15,0,0,4,,4,0,0.9601678901839341,0.9925565304326728,0.039819381715996235,0.007442851989678161,1.190723635452615e-05,4.702564459665392e-07,8.208637151526901e-07,1.4732120302199066e-07,4.0,0,5.0,0,6.0,0,4.0,0,0.0,1,2020-09-01,2020-08-01,2020-09-01,2020-07-01,2020-09-01,2020-10-10,2020-10-03
2020-10-23,0,2020-10-23,recovery,recovery,official,-1.5347654191372633,3.1390432025072585,3,0,4,3,0.42067046662148233,labor_stress,-4.638039278894587,7.794848196627277,none,absent,True,0.9850993425928056,0,recovery,0.15,0.15,0,0,4,,4,0,0.9601330459458416,0.9925493622811742,0.03985421553372172,0.007450019688368503,1.1917652751841057e-05,4.707041954755121e-07,8.208676848444662e-07,1.4732626185759659e-07,5.0,0,6.0,0,7.0,0,5.0,0,0.0,1,2020-09-01,2020-08-01,2020-09-01,2020-07-01,2020-09-01,2020-10-17,2020-10-10
2020-10-30,0,2020-10-30,recovery,recovery,official,-1.2848522026493239,3.1390432025072585,3,0,4,3,0.44956315358106513,labor_stress,-4.191336989915289,7.571918303605159,none,absent,True,0.974961397275437,0,recovery,0.15,0.15,0,0,4,,4,0,0.93611695554373,0.9874802296843149,0.06386312378780089,0.012518832408877953,1.909706470842126e-05,7.870408677482434e-07,8.236037606429262e-07,1.5086593935531202e-07,6.0,0,7.0,0,4.0,0,6.0,0,0.0,1,2020-09-01,2020-09-01,2020-09-01,2020-08-01,2020-09-01,2020-10-24,2020-10-17
2020-11-06,0,2020-11-06,recovery,recovery,official,-1.2458925534573277,3.1390432025072585,3,0,4,3,0.43940382296656266,labor_stress,-3.8696939070556198,7.565328636833454,none,absent,True,0.9728275797243132,0,recovery,0.15,0.15,0,0,4,,4,0,0.9313256197053943,0.9864132874275827,0.06865302674998215,0.013585707703269475,2.0529395001561532e-05,8.532842990683138e-07,8.241496220970628e-07,1.5158484878599448e-07,7.0,0,4.0,0,5.0,0,7.0,0,0.0,1,2020-10-01,2020-09-01,2020-09-01,2020-08-01,2020-09-01,2020-10-31,2020-10-24
2020-11-13,0,2020-11-13,recovery,recovery,official,-1.1826211243898137,3.1390432025072585,3,0,4,3,0.41401580056761805,labor_stress,-3.476466016334191,7.470288618343406,none,absent,True,0.9692330280887123,0,recovery,0.15,0.15,0,0,4,,4,0,0.9228308321177914,0.9846159545460943,0.07714527392318211,0.015382926457381985,2.3068841620636657e-05,9.661154244241174e-07,8.251174058762851e-07,1.528810992931612e-07,8.0,0,5.0,0,6.0,0,8.0,0,0.0,1,2020-10-01,2020-09-01,2020-09-01,2020-08-01,2020-09-01,2020-11-07,2020-10-31
2020-11-20,0,2020-11-20,recovery,recovery,official,-0.9999644767471196,2.7883986578786413,3,0,4,3,0.4224695695040848,labor_stress,-3.187981342760628,7.344746602114993,none,absent,True,0.9545929337273915,0,recovery,0.15,0.15,0,0,4,,4,0,0.892628851303808,0.9772946477327294,0.10729153378255134,0.022701714005337957,7.878635216308044e-05,3.4806875213073115e-06,8.28561477598651e-07,1.5757441124023272e-07,4.0,0,6.0,0,7.0,0,4.0,0,0.0,1,2020-10-01,2020-09-01,2020-10-01,2020-08-01,2020-10-01,2020-11-14,2020-11-07
2020-11-27,0,2020-11-27,recovery,recovery,official,-0.7957469971477599,2.8365613083705083,2,0,4,2,0.4481872450738112,labor_stress,-2.99248708856188,7.25980870301441,none,absent,True,0.9283380429021594,0,recovery,0.15,0.15,0,0,4,,4,0,0.8470913491247608,0.9641665373210331,0.1528086330607051,0.035828494418873716,9.918406464218014e-05,4.803334236545147e-06,8.337498918451692e-07,1.6492585662877861e-07,5.0,0,7.0,0,4.0,0,5.0,0,0.0,1,2020-10-01,2020-10-01,2020-10-01,2020-09-01,2020-10-01,2020-11-21,2020-11-14
2020-12-04,0,2020-12-04,recovery,recovery,official,-0.7276927016471462,2.8365613083705083,2,0,4,2,0.4329466195097744,labor_stress,-2.743408057059468,6.917055016703592,none,absent,True,0.9165619361991237,0,recovery,0.15,0.15,0,0,4,,4,0,0.8287326203260524,0.9582780982404543,0.17115545133022272,0.04171616204133061,0.00011109250183433318,5.5717152464774394e-06,8.358418905882351e-07,1.6800296854694788e-07,6.0,0,3.0,0,5.0,0,6.0,0,0.0,1,2020-11-01,2020-10-01,2020-10-01,2020-09-01,2020-10-01,2020-11-28,2020-11-21
2020-12-11,0,2020-12-11,recovery,recovery,official,-0.7199625229497781,2.8365613083705083,2,0,4,2,0.4310506259632591,labor_stress,-2.7147334190555124,6.1532965704049065,none,absent,True,0.913550546791982,0,recovery,0.15,0.15,0,0,4,,4,0,0.826540320469858,0.9567723128686872,0.17334632889559723,0.043221766076705276,0.00011251454283892016,5.75278889615494e-06,8.360917057357798e-07,1.6826571131883682e-07,7.0,0,4.0,0,6.0,0,7.0,0,0.0,1,2020-11-01,2020-10-01,2020-10-01,2020-09-01,2020-10-01,2020-12-05,2020-11-28
2020-12-18,0,2020-12-18,recovery,recovery,official,-0.7392962893717934,2.318555515471614,2,1,3,3,0.4770171173510677,labor_stress,-2.6979085639918723,5.089223813060827,none,absent,True,0.9238780128562785,0,recovery,0.15,0.15,0,0,4,,4,0,0.8415605228465367,0.961927845630112,0.15799180340372562,0.0380498327738336,0.0004468283540981525,2.215362344558806e-05,8.453956396021477e-07,1.6797260873819583e-07,4.0,0,5.0,0,7.0,0,4.0,0,0.0,1,2020-11-01,2020-10-01,2020-11-01,2020-09-01,2020-11-01,2020-12-12,2020-12-05
2020-12-25,0,2020-12-25,recovery,recovery,official,-0.8081514112190131,1.6425155996839362,3,2,2,4,0.40726268496105833,labor_stress,-2.5872680548918483,4.217952917400303,none,absent,True,0.9303507482942117,0,recovery,0.5742654647052989,0.14926546470529894,0,0,4,,4,0,0.8493435666506699,0.9651137544189095,0.14812240442359073,0.03476300612469777,0.0025331400409812055,0.0001230638948568437,8.888847580685047e-07,1.7556153583787115e-07,5.0,0,6.0,0,3.0,0,5.0,0,0.0,1,2020-11-01,2020-11-01,2020-11-01,2020-10-01,2020-11-01,2020-12-19,2020-12-12
2021-01-01,0,2021-01-01,recovery,recovery,official,-0.8008619175976612,1.5703545426683756,3,2,2,4,0.4062636253872511,labor_stress,-2.5661139249808835,3.3938947149221974,none,absent,True,0.928767848517521,0,recovery,0.5730450341335125,0.1480450341335125,0,0,4,,4,0,0.8470386489180929,0.9643082488479026,0.1498767922037668,0.03554040033038148,0.0030836697645493668,0.0001511748705243923,8.891135910582382e-07,1.759511915287062e-07,6.0,0,7.0,0,4.0,0,6.0,0,0.0,1,2020-11-01,2020-11-01,2020-11-01,2020-10-01,2020-11-01,2020-12-26,2020-12-19
2021-01-08,0,2021-01-08,recovery,recovery,official,-0.7566399616355871,1.131579884434806,3,2,2,4,0.39027315325763223,labor_stress,-2.382131866354702,2.856354110091335,none,absent,True,0.9216569905849397,0,recovery,0.5624306845973867,0.13743068459738664,0,0,4,,4,0,0.8295740513076838,0.9605725647787566,0.16027579315951843,0.038915574193817026,0.010149265062816515,0.0005116817430578413,8.904699813077795e-07,1.792843684762217e-07,7.0,0,4.0,0,5.0,0,7.0,0,0.0,1,2020-12-01,2020-11-01,2020-11-01,2020-10-01,2020-11-01,2021-01-02,2020-12-26
2021-01-15,0,2021-01-15,recovery,recovery,official,-0.7109427442753868,0.7878876825965969,2,2,2,3,0.45405877896553404,labor_stress,-2.3640185528911397,2.157716820912385,none,absent,True,0.9111236708762395,0,recovery,0.5613856857437196,0.1363856857437196,0,0,4,,4,0,0.8039246328126424,0.9548628091974886,0.1700918395672417,0.043739138321249066,0.02598263586978176,0.0013978681557690932,8.917503340736975e-07,1.8432549319192921e-07,4.0,0,5.0,0,6.0,0,4.0,0,0.0,1,2020-12-01,2020-11-01,2020-12-01,2020-10-01,2020-12-01,2021-01-09,2021-01-02
2021-01-22,0,2021-01-22,recovery,recovery,official,-0.6981922901538737,0.7089845850267098,2,2,2,3,0.44752341912255694,labor_stress,-2.3248024505232023,1.7632013330629492,none,absent,True,0.8980852014326012,0,recovery,0.5591232182994155,0.1341232182994155,0,0,4,,4,0,0.7774700495675209,0.9480578660488012,0.18747487504945787,0.04997266461619996,0.03505418136533673,0.001969279521509581,8.940176845562906e-07,1.8981348928807493e-07,5.0,0,6.0,0,7.0,0,5.0,0,0.0,1,2020-12-01,2020-11-01,2020-12-01,2020-10-01,2020-12-01,2021-01-16,2021-01-09
2021-01-29,0,2021-01-29,slowdown,recovery,official,-0.8166128836205384,-0.02808869922270376,2,2,2,3,0.4283933808405536,labor_stress,-2.282503091322553,1.211009624917675,none,absent,True,0.17763254741026147,2,expansion,0.5737367237527229,0.2747741622753115,0,0,4,,4,0,0.26237157320143467,0.28740805880486814,0.32991470268343337,0.4650406062151296,0.40771281151835553,0.24755109795292687,9.125967763528162e-07,2.3702707533404195e-07,6.0,0,7.0,0,4.0,0,6.0,0,0.0,1,2020-12-01,2020-12-01,2020-12-01,2020-11-01,2020-12-01,2021-01-23,2021-01-16
2021-02-05,0,2021-02-05,slowdown,slowdown,official,-0.7787430216937475,-0.25212668372858166,2,2,2,3,0.4141824564905577,labor_stress,-2.1283613559688384,1.5460673059186756,watch,preliminary,True,0.4742711840642252,0,slowdown,0.7008669933498961,0.4289439084708206,0,0,4,,4,0,0.2587030532197084,0.16652386536591154,0.23208741810360295,0.17960233466775233,0.5092086288399817,0.6538735187319775,8.998367068511597e-07,2.8123435848888234e-07,7.0,0,4.0,0,5.0,0,7.0,0,0.0,1,2021-01-01,2020-12-01,2020-12-01,2020-11-01,2020-12-01,2021-01-30,2021-01-23
2021-02-12,0,2021-02-12,slowdown,slowdown,official,-0.7381700621749075,-0.16849568372886106,2,2,2,3,0.3906727244734047,labor_stress,-1.9460426899522427,1.9493979747432766,none,absent,True,0.5203426779278701,0,slowdown,0.6395726444864708,0.3168735953218508,0,0,4,,4,0,0.26001447642313313,0.12133381378676826,0.26705873393807533,0.17916161037746312,0.4729258852406127,0.6995042883053333,9.043981788630718e-07,2.875304353169923e-07,8.0,0,5.0,0,6.0,0,8.0,0,0.0,1,2021-01-01,2020-12-01,2020-12-01,2020-11-01,2020-12-01,2021-02-06,2021-01-30
2021-02-19,0,2021-02-19,recovery,expansion,official,-0.43749199505761427,1.0393449960178125,2,1,3,2,0.32164944758403646,labor_stress,-1.8821153109499982,1.8026368097513035,none,absent,True,0.21387770935235567,0,expansion,0.10858357563173067,0.10858357563173067,0,0,4,,4,0,0.4956214855887069,0.38910972885613565,0.4714942110189818,0.6029874382084913,0.032883403228627976,0.00790270081548874,9.001636832296147e-07,1.321198843075167e-07,4.0,0,6.0,0,7.0,0,4.0,0,0.0,1,2021-01-01,2020-12-01,2021-01-01,2020-11-01,2021-01-01,2021-02-13,2021-02-06
2021-02-26,0,2021-02-26,recovery,expansion,official,-0.5668013839710173,1.179373022830767,2,1,3,2,0.3058312951462625,real_income,-1.7256866605808967,2.124742375657842,none,absent,True,0.17609994997753242,1,recovery,0.09955884580274403,0.09955884580274403,0,0,4,,4,0,0.5972273949288444,0.5861753388422256,0.3840610669172725,0.4100753888646932,0.018710644154354517,0.003749112903881316,8.939995286397401e-07,1.5938919986026922e-07,5.0,0,7.0,0,4.0,0,5.0,0,0.0,1,2021-01-01,2021-01-01,2021-01-01,2020-12-01,2021-01-01,2021-02-20,2021-02-13
2021-03-05,0,2021-03-05,recovery,expansion,official,-0.5176037299775508,1.6487767687725257,2,1,3,2,0.318766164203504,real_income,-1.5878336662206702,1.9884061762333416,none,absent,True,0.37311489208965587,2,recovery,0.0916057884358079,0.0916057884358079,0,0,4,,4,0,0.6420108715164374,0.686138726577179,0.3528248716540731,0.31302383448752313,0.0051633655468526765,0.0008372689403936312,8.912826367330515e-07,1.6999490418251684e-07,6.0,0,3.0,0,5.0,0,6.0,0,0.0,1,2021-02-01,2021-01-01,2021-01-01,2020-12-01,2021-01-01,2021-02-27,2021-02-20
2021-03-12,0,2021-03-12,recovery,recovery,official,-0.4808455182124943,1.7160756474804546,2,1,3,2,0.32916582669708416,real_income,-1.4040607163438774,2.3249005697729874,none,absent,True,0.5634727932943455,0,recovery,0.08100350286599292,0.08100350286599292,0,0,4,,4,0,0.6734468931256782,0.7814861258968651,0.3225791568233842,0.2180133326025196,0.0039730606754388425,0.0005003592056261792,8.893754986723967e-07,1.822949890834879e-07,7.0,0,4.0,0,6.0,0,7.0,0,0.0,1,2021-02-01,2021-01-01,2021-01-01,2020-12-01,2021-01-01,2021-03-06,2021-02-27
2021-03-19,0,2021-03-19,recovery,recovery,official,-0.7084554274691872,0.6093461674681393,3,2,2,3,0.3312931735853753,real_income,-1.279292861967591,2.572693146683011,none,absent,True,0.7629182418326643,0,recovery,0.49880535742120713,0.07380535742120717,0,0,4,,4,0,0.7164596647833351,0.8785518986809882,0.23155118973235148,0.11563365684832388,0.05198821840660463,0.005814242570410173,9.270777087806993e-07,2.019002778306249e-07,4.0,0,5.0,0,7.0,0,4.0,0,0.0,1,2021-02-01,2021-01-01,2021-02-01,2020-12-01,2021-02-01,2021-03-13,2021-03-06
2021-03-26,0,2021-03-26,recovery,recovery,official,-0.43152094055232243,1.2933232203006075,3,2,2,3,0.3292097483409024,consumption,-1.1411517801022577,2.7549873326267784,none,absent,True,0.6958855275192447,0,recovery,0.460638263850645,0.06583567962128409,0,0,4,,4,0,0.6625501943727741,0.8473647538111518,0.324807082506295,0.15147922629190716,0.012641793656181465,0.0011558116509459346,9.294647495177549e-07,2.0824599500740906e-07,5.0,0,6.0,0,3.0,0,5.0,0,0.0,1,2021-02-01,2021-02-01,2021-02-01,2021-01-01,2021-02-01,2021-03-20,2021-03-13
2021-04-02,0,2021-04-02,recovery,recovery,official,-0.3728862933963021,1.5252442505213986,3,2,2,3,0.3452332771421399,consumption,-1.0631944227378827,3.3093853296212528,none,absent,True,0.6374694567514447,0,recovery,0.43136962555209524,0.061338139773339385,0,0,4,,4,0,0.617899529912222,0.8183573841511301,0.3740630771526833,0.18088792739968537,0.00803646319095244,0.0007544728739524326,9.297441424104469e-07,2.1557523199666477e-07,6.0,0,3.0,0,4.0,0,6.0,0,0.0,1,2021-03-01,2021-02-01,2021-02-01,2021-01-01,2021-02-01,2021-03-27,2021-03-20
2021-04-09,0,2021-04-09,recovery,recovery,official,-0.356096642218369,1.4901587693546303,3,2,2,3,0.35011283951279343,consumption,-0.9858525361283689,3.133957923787412,none,absent,True,0.6081227707951024,0,recovery,0.41981455014263214,0.05687610785355973,0,0,4,,4,0,0.6041453156322594,0.8036175265420221,0.3867628894804524,0.19549475574691977,0.009090865207113465,0.0008875010962464247,9.296801747035515e-07,2.166148116614002e-07,7.0,0,4.0,0,5.0,0,7.0,0,0.0,1,2021-03-01,2021-02-01,2021-02-01,2021-01-01,2021-02-01,2021-04-03,2021-03-27
2021-04-16,0,2021-04-16,expansion,expansion,official,0.09610796604116549,1.552813349649397,2,2,2,3,0.5567690006190251,consumption,-0.7504835620977448,3.4004874620659065,none,absent,True,0.6059864350025264,0,expansion,0.21519485664668214,0.0432971285825622,0,0,4,,4,0,0.3297151547406123,0.1955652405317717,0.657128821844795,0.8015516755342981,0.013155093980983707,0.0028829801853259254,9.29433608981012e-07,1.0374860416108893e-07,4.0,0,5.0,0,6.0,0,4.0,0,0.0,1,2021-03-01,2021-02-01,2021-03-01,2021-01-01,2021-03-01,2021-04-10,2021-04-03
2021-04-23,0,2021-04-23,expansion,expansion,official,0.13051715079693724,1.5665616568308678,2,2,2,3,0.5699564431902266,consumption,-0.5787460930079591,3.4011649731965004,none,absent,True,0.6817910431157891,0,expansion,0.1907502423169771,0.0333891976735361,0,0,4,,4,0,0.31678460220643845,0.15765738743079474,0.6702609031618013,0.8394484305465838,0.01295356518592508,0.0028940934580794983,9.294458351857192e-07,8.856454193551915e-08,5.0,0,6.0,0,7.0,0,5.0,0,0.0,1,2021-03-01,2021-02-01,2021-03-01,2021-01-01,2021-03-01,2021-04-17,2021-04-10
2021-04-30,0,2021-04-30,expansion,expansion,official,0.10014716966257828,2.1381388073682093,2,1,3,3,0.5528226519264117,consumption,-0.38625753922660633,3.49612223587016,none,absent,True,0.5955036775300316,0,expansion,0.022284088801534978,0.022284088801534978,0,0,4,,4,0,0.344907048703048,0.20195422014310627,0.6523671892845557,0.7974578976731379,0.0027248527052775432,0.0005877824539187996,9.093071188223134e-07,9.972983699057211e-08,6.0,0,7.0,0,4.0,0,6.0,0,0.0,1,2021-03-01,2021-03-01,2021-03-01,2021-02-01,2021-03-01,2021-04-24,2021-04-17
2021-05-07,0,2021-05-07,expansion,expansion,official,0.15745818626647273,2.1567594188373933,1,1,3,2,0.5883955291138986,consumption,-0.14265018449934783,3.583975001518823,none,absent,True,0.6744490180008962,0,expansion,0.0,0.008229818336500836,0,0,4,,4,0,0.3234528525646017,0.16248230563129257,0.6738627291808078,0.8369313236321888,0.0026835076459039093,0.0005862837984432943,9.10608686639163e-07,8.693807521729275e-08,7.0,0,4.0,0,5.0,0,7.0,0,0.0,1,2021-04-01,2021-03-01,2021-03-01,2021-02-01,2021-03-01,2021-05-01,2021-04-24
2021-05-14,0,2021-05-14,expansion,expansion,official,0.16281376741316347,2.979018220340701,1,0,4,1,0.6094601534026741,consumption,-0.007876583501133674,3.506420202532268,none,absent,True,0.675445989009847,0,expansion,0.0,0.0004544182789115581,0,0,4,,4,0,0.3358634808351623,0.16224391674238847,0.6638365105525053,0.8376899057522355,0.00029911661661031146,6.609530442326548e-05,8.919957220838097e-07,8.220095282759735e-08,3.0,0,5.0,0,6.0,0,3.0,0,0.0,1,2021-04-01,2021-03-01,2021-04-01,2021-02-01,2021-04-01,2021-05-08,2021-05-01
2021-05-21,0,2021-05-21,expansion,expansion,official,0.19028301068378697,2.947939147067552,1,0,4,1,0.5904149844827199,consumption,0.12864842406822274,3.3524215536011215,none,absent,True,0.7058281360966632,0,expansion,0.0,0.0,0,0,4,,4,0,0.3266845642509143,0.14704949773530898,0.6729861694038933,0.8528776338319721,0.000328373301896145,7.279117020075806e-05,8.930432961985281e-07,7.726251815773278e-08,4.0,0,6.0,0,7.0,0,4.0,0,0.0,1,2021-04-01,2021-03-01,2021-04-01,2021-02-01,2021-04-01,2021-05-15,2021-05-08
2021-05-28,0,2021-05-28,expansion,expansion,official,0.6300691159967997,3.485188892825454,0,0,4,0,0.7617549031834593,consumption,0.3812492671755153,3.6094051259711506,none,absent,False,0.83990875353447,0,expansion,0.0,0.0,0,0,4,,4,0,0.2456170181063124,0.0800357210631594,0.7542891634805245,0.9199444745976294,9.291615222043269e-05,1.974591606934564e-05,9.022609425236896e-07,5.8423141959335535e-08,5.0,0,7.0,0,4.0,0,5.0,0,0.0,1,2021-04-01,2021-04-01,2021-04-01,2021-03-01,2021-04-01,2021-05-22,2021-05-15
2021-06-04,0,2021-06-04,expansion,expansion,official,0.6852780341288309,3.4041391451247565,0,0,4,0,0.7520937041414416,consumption,0.548567726899225,3.8193612654373794,none,absent,False,0.863287956907289,0,expansion,0.0,0.0,0,0,4,,4,0,0.2258465425567009,0.06834369574303353,0.7740351984398789,0.9316316526503226,0.00011735448879837443,2.459676243879728e-05,9.045146217596517e-07,5.4844205031752235e-08,6.0,0,3.0,0,5.0,0,6.0,0,0.0,1,2021-05-01,2021-04-01,2021-04-01,2021-03-01,2021-04-01,2021-05-29,2021-05-22
2021-06-11,0,2021-06-11,expansion,expansion,official,0.7211455634147547,3.3798475005647752,0,0,4,0,0.7240685210752601,consumption,0.7276419569874673,3.633241777200096,none,absent,False,0.875724747774088,0,expansion,0.0,0.0,0,0,4,,4,0,0.21362169685765567,0.06212442830306009,0.786250535764261,0.9378491760771481,0.00012686147031601232,2.6342601969600434e-05,9.059077673521951e-07,5.301782209509064e-08,7.0,0,4.0,0,6.0,0,7.0,0,0.0,1,2021-05-01,2021-04-01,2021-04-01,2021-03-01,2021-04-01,2021-06-05,2021-05-29
2021-06-18,0,2021-06-18,expansion,expansion,official,0.6986933883542271,2.1593779787234157,0,0,3,0,0.6762235804683113,consumption,0.8012477576566938,3.4800520599838527,none,absent,False,0.8696729542169884,0,expansion,0.0,0.0,0,0,4,,4,0,0.22061150710322017,0.06486322720054413,0.7765302104308834,0.9345361814175326,0.002857377163808897,0.0006005377296738979,9.053020874922713e-07,5.365224908321236e-08,4.0,0,5.0,0,7.0,0,4.0,0,0.0,1,2021-05-01,2021-04-01,2021-05-01,2021-03-01,2021-05-01,2021-06-12,2021-06-05
2021-06-25,0,2021-06-25,expansion,expansion,official,0.6778864362257412,1.5779164344130032,0,1,3,1,0.6656010333283751,consumption,0.8097051445238151,3.078309953568139,none,absent,False,0.8484283802391155,0,expansion,0.0,0.0,0,0,4,,4,0,0.23804363842684234,0.074247640808692,0.7478481277123793,0.9226760210478074,0.014107278568263359,0.003076277963068232,9.552925150346219e-07,6.018043223057284e-08,5.0,0,6.0,0,3.0,0,5.0,0,0.0,1,2021-05-01,2021-05-01,2021-05-01,2021-04-01,2021-05-01,2021-06-19,2021-06-12
2021-07-02,0,2021-07-02,expansion,expansion,official,0.7227376290081687,1.5889757056712104,0,1,3,1,0.677889585646665,consumption,0.8841788260684216,2.5830626973268385,none,absent,False,0.8643584440583176,0,expansion,0.0,0.0,0,0,4,,4,0,0.22233938136338655,0.0663147846669511,0.7636566282170605,0.9306732287252687,0.014003032235312388,0.003011928646432976,9.581842405218716e-07,5.7961347314323465e-08,6.0,0,3.0,0,4.0,0,6.0,0,0.0,1,2021-06-01,2021-05-01,2021-05-01,2021-04-01,2021-05-01,2021-06-26,2021-06-19
2021-07-09,0,2021-07-09,expansion,expansion,official,0.7254722833142382,1.5187709448132969,0,1,3,1,0.6756155280114753,consumption,0.8977348216235232,2.2404581385603315,none,absent,False,0.8657531095428065,0,expansion,0.0,0.0,0,0,4,,4,0,0.2207907585941291,0.06531258719986123,0.7624717335462169,0.9310656967426677,0.0167365495816831,0.003621658330238311,9.58277970832406e-07,5.7727232926233684e-08,7.0,0,4.0,0,5.0,0,7.0,0,0.0,1,2021-06-01,2021-05-01,2021-05-01,2021-04-01,2021-05-01,2021-07-03,2021-06-26
2021-07-16,0,2021-07-16,expansion,expansion,official,0.6991062186327102,1.0148085246792777,0,1,3,1,0.6184950518733607,consumption,1.0235732767734245,2.180030303640392,none,absent,False,0.8455833495679848,0,expansion,0.0,0.0,0,0,4,,4,0,0.22032991052247594,0.0703315335545551,0.7220239935825344,0.9159148831225399,0.05764514038645815,0.0137535193240396,9.55508531435461e-07,6.399886547037576e-08,4.0,0,5.0,0,6.0,0,4.0,0,0.0,1,2021-06-01,2021-05-01,2021-06-01,2021-04-01,2021-06-01,2021-07-10,2021-07-03
2021-07-23,0,2021-07-23,expansion,expansion,official,0.6993183205891016,0.8802410104013116,0,1,3,1,0.6183708081247283,consumption,1.0244801869560625,1.527235239738028,none,absent,False,0.8429355654467473,0,expansion,0.0,0.0,0,0,4,,4,0,0.21515118832522157,0.06883392857343718,0.7053506185494122,0.9117694940201845,0.0794972381902053,0.019396512962152473,9.549351609187445e-07,6.444422579296715e-08,5.0,0,6.0,0,7.0,0,5.0,0,0.0,1,2021-06-01,2021-05-01,2021-06-01,2021-04-01,2021-06-01,2021-07-17,2021-07-10
2021-07-30,0,2021-07-30,expansion,expansion,official,0.32056321861550563,0.50220418018208,1,1,2,2,0.3880325200030778,consumption,0.9875011313611185,1.048427344239133,none,absent,True,0.6856125701274067,0,expansion,0.0,0.0,0,0,4,,4,0,0.28073259123753064,0.1305640989684188,0.5546085583133603,0.8161766690958255,0.16465789855511584,0.05325913493140797,9.518939932324531e-07,9.70043475821892e-08,6.0,0,7.0,0,4.0,0,6.0,0,0.0,1,2021-06-01,2021-06-01,2021-06-01,2021-05-01,2021-06-01,2021-07-24,2021-07-17
2021-08-06,0,2021-08-06,expansion,expansion,official,0.37144132543905256,0.4420120377740256,1,1,2,2,0.3977334317241344,consumption,1.0712161324107377,0.787494743417103,none,absent,True,0.6721678028275835,0,expansion,0.0,0.0,0,0,4,,4,0,0.2751854332271706,0.13110727519598928,0.5383360966056734,0.8032750780235728,0.1864775190719188,0.06561754382159751,9.510952372745632e-07,1.0295884055352483e-07,7.0,0,4.0,0,5.0,0,7.0,0,0.0,1,2021-07-01,2021-06-01,2021-06-01,2021-05-01,2021-06-01,2021-07-31,2021-07-24
2021-08-13,0,2021-08-13,expansion,expansion,official,0.38262476219803,0.4225040357544514,1,1,2,2,0.3914407813813105,consumption,1.1254702826487724,0.7173432127545487,none,absent,True,0.6600331053662096,0,expansion,0.0,0.0,0,0,4,,4,0,0.2742203871162566,0.1335830645241535,0.5320374142309103,0.7936161698903631,0.19374124793849162,0.07280065702984966,9.507143414537545e-07,1.0855563387411492e-07,8.0,0,5.0,0,6.0,0,8.0,0,0.0,1,2021-07-01,2021-06-01,2021-06-01,2021-05-01,2021-06-01,2021-08-07,2021-07-31
2021-08-20,0,2021-08-20,expansion,expansion,official,0.4297190121496948,0.48244503478249073,1,1,2,2,0.3601861493639882,labor_stress,1.357820494946332,1.1633027076320748,none,absent,True,0.7022533266676717,0,expansion,0.0,0.0,0,0,4,,4,0,0.24799068363428345,0.11671445970994257,0.5827179804826658,0.8189677863776142,0.16929040565135794,0.06431764785829693,9.302316928077275e-07,1.060541462731274e-07,4.0,0,6.0,0,7.0,0,4.0,0,0.0,1,2021-07-01,2021-06-01,2021-07-01,2021-05-01,2021-07-01,2021-08-14,2021-08-07
2021-08-27,0,2021-08-27,expansion,expansion,official,0.496349394952367,0.6012052875267926,1,1,2,2,0.38435429642331154,labor_stress,1.5482477572525435,1.3202210903566562,none,absent,True,0.7664790601295651,0,expansion,0.0,0.0,0,0,4,,4,0,0.2348815880223101,0.09562202774195575,0.6300880853167992,0.8621010878715208,0.13502939642919798,0.04227679830894408,9.302316928077276e-07,8.607757916115332e-08,5.0,0,7.0,0,4.0,0,5.0,0,0.0,1,2021-07-01,2021-07-01,2021-07-01,2021-06-01,2021-07-01,2021-08-21,2021-08-14
2021-09-03,0,2021-09-03,expansion,expansion,official,0.5287502522516951,0.6438410188973348,1,1,2,2,0.40567239539176303,labor_stress,1.6659385338443238,1.5702848449958078,none,absent,True,0.7928571800332385,0,expansion,0.0,0.0,0,0,4,,4,0,0.22671875106044878,0.08487353996962,0.6486567016371338,0.8777307200028585,0.12462361707072458,0.03739566092250674,9.302316928077276e-07,7.910501490150005e-08,6.0,0,3.0,0,5.0,0,6.0,0,0.0,1,2021-08-01,2021-07-01,2021-07-01,2021-06-01,2021-07-01,2021-08-28,2021-08-21
2021-09-10,0,2021-09-10,expansion,expansion,official,0.5529831428596312,0.6355948290138258,1,1,2,2,0.42262198553886127,labor_stress,1.7867506610755668,1.5290538955782629,none,absent,True,0.8057526242637475,0,expansion,0.0,0.0,0,0,4,,4,0,0.2177980685903615,0.07841671545780753,0.6538895202946577,0.884169339721555,0.128311480883288,0.03741386932405396,9.302316928077276e-07,7.549658356974454e-08,7.0,0,4.0,0,6.0,0,7.0,0,0.0,1,2021-08-01,2021-07-01,2021-07-01,2021-06-01,2021-07-01,2021-09-04,2021-08-28
2021-09-17,0,2021-09-17,expansion,expansion,official,0.5635780609380328,0.951034296379951,1,1,2,2,0.4276414426203515,labor_stress,1.830625926450164,1.6062232437271302,none,absent,True,0.8319211141370842,0,expansion,0.0,0.0,0,0,4,,4,0,0.23071625144420982,0.07644884009860096,0.7074182870476803,0.9083699542356852,0.06186453127641709,0.015181140667637223,9.302316928077276e-07,6.499807664078697e-08,4.0,0,5.0,0,7.0,0,4.0,0,0.0,1,2021-08-01,2021-07-01,2021-08-01,2021-06-01,2021-08-01,2021-09-11,2021-09-04
2021-09-24,0,2021-09-24,expansion,expansion,official,0.5668853049620008,0.9545795797447804,1,1,2,2,0.4214600329121165,labor_stress,1.8111563279474714,1.623686304257369,none,absent,True,0.8349286225121229,0,expansion,0.0,0.0,0,0,4,,4,0,0.2296800175004116,0.07502874557291137,0.7088866711884163,0.9099573680850342,0.06143238107947919,0.015013822240283862,9.302316928077275e-07,6.41017706232984e-08,5.0,0,6.0,0,8.0,0,5.0,0,0.0,1,2021-08-01,2021-07-01,2021-08-01,2021-06-01,2021-08-01,2021-09-18,2021-09-11
2021-10-01,0,2021-10-01,expansion,expansion,official,0.489940730036533,0.6345039724801482,1,2,2,2,0.3937981389624628,labor_stress,1.7636505656074275,1.3563908434433645,none,absent,True,0.783226154693188,0,expansion,0.005517087211206243,0.0,0,0,4,,4,0,0.23774602069547177,0.08902100547476155,0.6296979126082253,0.8722471601679496,0.1325551445063708,0.03873175782938833,9.221899321687363e-07,7.652790062203736e-08,6.0,0,7.0,0,4.0,0,6.0,0,0.0,1,2021-08-01,2021-08-01,2021-08-01,2021-07-01,2021-08-01,2021-09-25,2021-09-18
2021-10-08,0,2021-10-08,expansion,expansion,official,0.49401579819027636,0.054507432385860886,1,2,2,2,0.39006741126816824,labor_stress,1.745910511808609,1.1911336207993726,none,absent,False,0.32982360647127873,0,expansion,0.003795512692974701,0.0,0,0,4,,4,0,0.16248795479607064,0.06274743642624098,0.4338689970799626,0.6335380116247443,0.40364214238014656,0.3037144051534656,9.057438201950219e-07,1.4679554909709834e-07,7.0,0,4.0,0,5.0,0,7.0,0,0.0,1,2021-09-01,2021-08-01,2021-08-01,2021-07-01,2021-08-01,2021-10-02,2021-09-25
2021-10-15,0,2021-10-15,expansion,expansion,official,0.5144747826810219,0.4087558118180338,1,2,2,2,0.4010540431436636,labor_stress,1.8361115889555415,0.9126390419565422,none,absent,True,0.7595734913040433,0,expansion,0.0,0.0,0,0,4,,4,0,0.2072575572852177,0.0810603846723704,0.5763844852712114,0.8406338759764137,0.2163570403376722,0.07830565119254394,9.171058987283244e-07,8.815867200208619e-08,8.0,0,5.0,0,6.0,0,4.0,0,0.0,1,2021-09-01,2021-08-01,2021-08-01,2021-07-01,2021-09-01,2021-10-09,2021-10-02
2021-10-22,0,2021-10-22,slowdown,slowdown,official,0.43930654027077465,-0.3628009076053447,1,3,1,3,0.4831520248520097,labor_stress,2.030385347999957,0.9692033480681188,none,absent,False,0.8337970045990507,0,slowdown,0.04085447798028501,0.02789241443985277,0,0,4,,4,0,0.09860170600069212,0.008540675795688683,0.21967314687703132,0.07883105744738568,0.6817242792169967,0.9126280620464364,8.679052797743217e-07,2.0471048909049442e-07,5.0,0,6.0,0,7.0,0,5.0,0,0.0,1,2021-09-01,2021-08-01,2021-09-01,2021-07-01,2021-09-01,2021-10-16,2021-10-09
2021-10-29,0,2021-10-29,slowdown,slowdown,official,0.5032005426502162,-0.4002723321829208,1,3,1,3,0.5570415510911544,labor_stress,2.3593079458195954,1.4211934985926034,none,absent,True,0.8712121139746628,0,slowdown,0.0,0.0,0,0,4,,4,0,0.08216188483423101,0.005536100118654814,0.20784020472606882,0.06162579372906132,0.7099970465804093,0.9328379077037241,8.638592908169072e-07,1.9844855980179146e-07,6.0,0,7.0,0,4.0,0,6.0,0,0.0,1,2021-09-01,2021-09-01,2021-09-01,2021-08-01,2021-09-01,2021-10-23,2021-10-16
2021-11-05,0,2021-11-05,slowdown,slowdown,official,0.5831083230365306,-0.16422782698949362,1,3,1,3,0.5724452206828073,labor_stress,2.6532631744661264,1.774491080084825,none,absent,True,0.7225832274189269,0,slowdown,0.0,0.0,0,0,4,,4,0,0.10528778215958809,0.010456570124266847,0.3121980623269671,0.13347998657994273,0.5825132698522228,0.8560632139988696,8.856612218801782e-07,2.292969208130663e-07,7.0,0,4.0,0,5.0,0,7.0,0,0.0,1,2021-10-01,2021-09-01,2021-09-01,2021-08-01,2021-09-01,2021-10-30,2021-10-23
2021-11-12,0,2021-11-12,slowdown,slowdown,official,0.617516065996518,-0.10957805643479271,1,3,1,3,0.5871510626109848,labor_stress,2.8224369413409676,2.0325804158204552,none,absent,True,0.6606942377355154,0,slowdown,0.0,0.0,0,0,4,,4,0,0.107234581169198,0.011854944207651983,0.3404826792612236,0.16372529159018612,0.552281848491475,0.8244195293257015,8.910781033224315e-07,2.3487646034024344e-07,8.0,0,5.0,0,6.0,0,8.0,0,0.0,1,2021-10-01,2021-09-01,2021-09-01,2021-08-01,2021-09-01,2021-11-06,2021-10-30
2021-11-19,0,2021-11-19,expansion,expansion,official,0.7751385530306928,0.5664842069606947,1,2,1,2,0.5271391044058419,labor_stress,2.949404159219967,2.287110744085154,none,absent,True,0.8353195255131005,0,expansion,0.0,0.0,0,0,4,,4,0,0.1462099543144544,0.042929263428942495,0.6827129905924163,0.896195093478668,0.171076135240161,0.06087556796556748,9.198529682718499e-07,7.512682203160808e-08,4.0,0,6.0,0,7.0,0,4.0,0,0.0,1,2021-10-01,2021-09-01,2021-10-01,2021-08-01,2021-10-01,2021-11-13,2021-11-06
2021-11-26,0,2021-11-26,expansion,expansion,official,0.9143880601548954,0.8064673746579306,0,1,1,1,0.577822970813534,labor_stress,3.1829859217862104,2.910640117859497,none,absent,True,0.9101865613482435,0,expansion,0.0,0.0,0,0,4,,4,0,0.12596410311659384,0.03224909116511316,0.7757775970221192,0.9424356525133567,0.09825736962959417,0.02531519992077755,9.302316928077276e-07,5.640075245192229e-08,5.0,0,7.0,0,4.0,0,5.0,0,0.0,1,2021-10-01,2021-10-01,2021-10-01,2021-09-01,2021-10-01,2021-11-20,2021-11-13
2021-12-03,0,2021-12-03,expansion,expansion,official,0.9494189948660587,0.7955819681749057,0,1,1,1,0.5868514565035997,labor_stress,3.3355098618600385,3.28887428803546,none,absent,True,0.9154771600014191,0,expansion,0.0,0.0,0,0,4,,4,0,0.11816292922827079,0.029509864507278754,0.7802210995898404,0.9449870245086979,0.10161504095019598,0.02550305656768951,9.302316928077276e-07,5.441633397778523e-08,6.0,0,3.0,0,5.0,0,6.0,0,0.0,1,2021-11-01,2021-10-01,2021-10-01,2021-09-01,2021-10-01,2021-11-27,2021-11-20
2021-12-10,0,2021-12-10,expansion,expansion,official,1.0056927845680537,0.8724189112936351,0,1,1,1,0.6056523531844129,labor_stress,3.612780996556266,3.6844764267523393,none,absent,True,0.9269722507395949,0,expansion,0.0,0.0,0,0,4,,4,0,0.10899845487891176,0.026317189842825245,0.8049039394637935,0.9532894405824202,0.0860966754256019,0.02039331816494615,9.302316928077275e-07,5.1409808557244963e-08,7.0,0,4.0,0,6.0,0,7.0,0,0.0,1,2021-11-01,2021-10-01,2021-10-01,2021-09-01,2021-10-01,2021-12-04,2021-11-27
2021-12-17,0,2021-12-17,expansion,expansion,official,1.0411282128392654,1.3809592815236846,0,2,2,2,0.6193747598028589,labor_stress,3.8500619700049468,3.7512512914280576,none,absent,False,0.9455106999549033,0,expansion,0.0,0.0,0,0,4,,4,0,0.10905228683174273,0.024545075957358133,0.8640795740749299,0.9700557759122614,0.0268672104915953,0.005399103832300125,9.28601732110122e-07,4.4298080219173285e-08,4.0,0,5.0,0,7.0,0,4.0,0,0.0,1,2021-11-01,2021-10-01,2021-11-01,2021-09-01,2021-11-01,2021-12-11,2021-12-04
2021-12-24,0,2021-12-24,expansion,expansion,official,0.9923970505981277,1.0609094884526922,1,1,2,1,0.5707709554222005,labor_stress,3.8158265753001563,3.0109526384887113,none,absent,True,0.939308767220477,0,expansion,0.0,0.0,0,0,4,,4,0,0.10907148080908209,0.024958189652133544,0.8391597539951148,0.9642669568726105,0.05176788587365359,0.01077481040524519,8.793221494276195e-07,4.3070010486947195e-08,5.0,0,6.0,0,3.0,0,5.0,0,0.0,1,2021-11-01,2021-11-01,2021-11-01,2021-10-01,2021-11-01,2021-12-18,2021-12-11
2021-12-31,0,2021-12-31,expansion,expansion,official,0.9925887284508109,0.9906010892252681,1,1,2,1,0.5786773499382785,labor_stress,3.9425986130523434,2.6594106423515904,none,absent,True,0.9372412104498834,0,expansion,0.0,0.0,0,0,4,,4,0,0.10793154676786333,0.0248224692925045,0.830705976248634,0.9620636797423879,0.061361597148485617,0.013113807034343197,8.798350171656889e-07,4.3930764185265735e-08,6.0,0,7.0,0,4.0,0,6.0,0,0.0,1,2021-11-01,2021-11-01,2021-11-01,2021-10-01,2021-11-01,2021-12-25,2021-12-18
2022-01-07,0,2022-01-07,expansion,expansion,official,0.9974750457999573,0.6698922604212151,1,1,1,1,0.5738405464456541,labor_stress,3.89816949011083,2.2552597012517515,none,absent,True,0.914603148591418,0,expansion,0.0,0.0,0,0,4,,4,0,0.09295241006302947,0.022236633201082795,0.7765813217673367,0.9461832332266529,0.13046537856597498,0.03158008463523486,8.896036587997399e-07,4.893702964780941e-08,7.0,0,4.0,0,5.0,0,7.0,0,0.0,1,2021-12-01,2021-11-01,2021-11-01,2021-10-01,2021-11-01,2022-01-01,2021-12-25
2022-01-14,0,2022-01-14,slowdown,slowdown,official,0.8515923324953848,-0.38290132269765126,1,2,1,2,0.6414181775713758,labor_stress,3.873639659588941,1.9314730522088934,none,absent,False,0.7110156042635567,0,slowdown,0.0,0.0,0,0,4,,4,0,0.042521866031932344,0.005094327460861934,0.24848080672307463,0.14194493908235792,0.7089964370595496,0.8529605433459146,8.901854434398608e-07,1.901108655006511e-07,4.0,0,5.0,0,6.0,0,4.0,0,0.0,1,2021-12-01,2021-11-01,2021-12-01,2021-10-01,2021-12-01,2022-01-08,2022-01-01
2022-01-21,0,2022-01-21,slowdown,slowdown,official,0.8259268264547028,-0.5840386777374598,1,2,1,2,0.6272889953924469,labor_stress,3.6467524441252883,0.9254640087223146,none,absent,False,0.8681318207909867,0,slowdown,0.0,0.0,0,0,4,,4,0,0.030230176147363334,0.0024538306320348352,0.1678654793178475,0.06470708401223627,0.8019034608433216,0.932838904803223,8.836914676515861e-07,1.8055250601928876e-07,5.0,0,6.0,0,7.0,0,5.0,0,0.0,1,2021-12-01,2021-11-01,2021-12-01,2021-10-01,2021-12-01,2022-01-15,2022-01-08
2022-01-28,0,2022-01-28,slowdown,slowdown,official,0.768455350606599,-0.7773954296386498,1,2,1,2,0.6324623940818977,labor_stress,3.4198782762886415,0.19626536260230992,none,absent,False,0.9424691897401708,0,slowdown,0.0,0.0,0,0,4,,4,0,0.022327721374989923,0.0012082449342677058,0.11059710516243397,0.02816119688974491,0.8670742942761794,0.9706303866299157,8.791863966297459e-07,1.7154607165641926e-07,6.0,0,7.0,0,4.0,0,6.0,0,0.0,1,2021-12-01,2021-12-01,2021-12-01,2021-11-01,2021-12-01,2022-01-22,2022-01-15
2022-02-04,0,2022-02-04,slowdown,slowdown,official,0.7721689963976963,-0.6160979579598607,1,2,2,2,0.6138120123404306,labor_stress,3.330428519673169,-0.5456795944402543,none,absent,False,0.8717378111168845,0,slowdown,0.11693134166576877,0.11693134166576877,0,0,4,,4,0,0.03365305529791869,0.002898209157383244,0.15621465855111535,0.06268190037972882,0.8101314050677454,0.9344197114966134,8.81083220525149e-07,1.7896627458395987e-07,7.0,0,3.0,0,5.0,0,7.0,0,0.0,1,2022-01-01,2021-12-01,2021-12-01,2021-11-01,2021-12-01,2022-01-29,2022-01-22
2022-02-11,0,2022-02-11,slowdown,slowdown,official,0.762405593966884,-0.7421310801614773,1,2,2,2,0.6082118582608189,labor_stress,3.2703520513605873,-1.1764452610188436,none,absent,True,0.9343308600229745,0,slowdown,0.15,0.15,0,0,4,,4,0,0.02620410571334722,0.0015101087340796294,0.11929900535427944,0.032079428935183965,0.854496010540633,0.9664102889581585,8.78391740391467e-07,1.7337257789382448e-07,8.0,0,4.0,0,6.0,0,8.0,0,0.0,1,2022-01-01,2021-12-01,2021-12-01,2021-11-01,2021-12-01,2022-02-05,2022-01-29
2022-02-18,0,2022-02-18,slowdown,expansion,official,0.9768022871449965,-0.11464792957501321,1,2,2,2,0.5187870056891101,labor_stress,3.3456461688353296,-0.9456276360625964,none,absent,True,0.2250468699635319,2,slowdown,0.15,0.15,0,0,4,,4,0,0.055623871789689375,0.01119770930075883,0.3878293080014318,0.3818776211819586,0.5565459237413158,0.6069244911454905,8.964675630185674e-07,1.7837179197720337e-07,4.0,0,5.0,0,7.0,0,4.0,0,0.0,1,2022-01-01,2021-12-01,2022-01-01,2021-11-01,2022-01-01,2022-02-12,2022-02-05
2022-02-25,0,2022-02-25,slowdown,slowdown,official,0.9480801881303662,-0.34269547646272625,1,2,2,2,0.5341666957421277,labor_stress,3.4625928457261956,-0.9416443101861525,none,absent,True,0.7688220464585592,0,slowdown,0.15,0.15,0,0,4,,4,0,0.04075587454332698,0.0036183769461216146,0.26839271395695496,0.11377968866723764,0.6908505231800505,0.8826017351257969,8.883196676998007e-07,1.9926084379328372e-07,5.0,0,6.0,0,3.0,0,5.0,0,0.0,1,2022-01-01,2022-01-01,2022-01-01,2021-12-01,2022-01-01,2022-02-19,2022-02-12
2022-03-04,0,2022-03-04,slowdown,slowdown,official,0.9826236463399729,-0.22006033463639066,1,2,2,2,0.5321930241791317,labor_stress,3.5417179847461413,-0.7078808049728579,none,absent,True,0.6727728962739206,0,slowdown,0.15,0.15,0,0,4,,4,0,0.04691740569806386,0.004744139471515518,0.3309326452811102,0.16124137691196516,0.6221490565332268,0.8340142731858857,8.92487599109621e-07,2.1043063356950547e-07,6.0,0,3.0,0,4.0,0,6.0,0,0.0,1,2022-02-01,2022-01-01,2022-01-01,2021-12-01,2022-01-01,2022-02-26,2022-02-19
2022-03-11,0,2022-03-11,slowdown,slowdown,official,0.981618555080739,-0.21609814146745795,1,2,2,2,0.5316983191201714,labor_stress,3.5357537206313445,-0.6643604907605317,none,absent,True,0.6757320543008933,0,slowdown,0.14236296230582823,0.14236296230582823,0,0,4,,4,0,0.04730406436532862,0.004701365174745,0.3329938967379323,0.1597831844979826,0.6197011462606319,0.8355152387988759,8.926361071781027e-07,2.1152839650742178e-07,7.0,0,4.0,0,5.0,0,7.0,0,0.0,1,2022-02-01,2022-01-01,2022-01-01,2021-12-01,2022-01-01,2022-03-05,2022-02-26
2022-03-18,0,2022-03-18,expansion,expansion,official,1.0005613663570034,0.673269174236109,1,1,3,1,0.542930364633653,labor_stress,3.6618691133246224,0.048003248473020003,none,absent,True,0.9045040299552864,0,expansion,0.0,0.0,0,0,4,,4,0,0.09879528475557056,0.024015315794331533,0.7725361210627297,0.9402443297795687,0.12866771081767542,0.03574029982428234,8.8336402430873e-07,5.46018173814581e-08,4.0,0,5.0,0,6.0,0,4.0,0,0.0,1,2022-02-01,2022-01-01,2022-02-01,2021-12-01,2022-02-01,2022-03-12,2022-03-05
2022-03-25,0,2022-03-25,expansion,expansion,official,1.0249415257060257,0.8173389310789722,1,1,3,1,0.5519683781810427,labor_stress,3.8071295956893962,0.7683520326873355,none,absent,True,0.9307596994648595,0,expansion,0.0,0.0,0,0,4,,4,0,0.09849294358488081,0.02304980060745407,0.8084212700156219,0.9538549247467081,0.09308490521252759,0.023095225281848597,8.811869697745708e-07,4.9363989138938905e-08,5.0,0,6.0,0,7.0,0,5.0,0,0.0,1,2022-02-01,2022-01-01,2022-02-01,2021-12-01,2022-02-01,2022-03-19,2022-03-12
2022-04-01,0,2022-04-01,expansion,expansion,official,1.1475341978595792,1.4310065179275826,1,1,3,1,0.5041457466487815,labor_stress,3.8712130119919785,1.0650942134620045,none,absent,True,0.9600942581259632,0,expansion,0.0,0.0,0,0,4,,4,0,0.08529846085573722,0.017866233559358295,0.8933494326201543,0.9779604916853215,0.02135123048949972,0.004173235581729366,8.760346087876145e-07,3.9173590938808384e-08,6.0,0,3.0,0,4.0,0,6.0,0,0.0,1,2022-03-01,2022-02-01,2022-02-01,2022-01-01,2022-02-01,2022-03-26,2022-03-19
2022-04-08,0,2022-04-08,expansion,expansion,official,1.1483763898064705,1.4179964632659376,1,1,3,1,0.49865776249785176,labor_stress,3.7913452698340766,1.0000439401537808,none,absent,True,0.9599017021125381,0,expansion,0.0,0.0,0,0,4,,4,0,0.08510631453906238,0.017898789597943082,0.892830691678959,0.9778004917104812,0.022062117715899273,0.0043006794754868235,8.760660793917789e-07,3.92160889119782e-08,7.0,0,4.0,0,5.0,0,7.0,0,0.0,1,2022-03-01,2022-02-01,2022-02-01,2022-01-01,2022-02-01,2022-04-02,2022-03-26
2022-04-15,0,2022-04-15,expansion,expansion,official,1.1829611361106103,0.871151070522927,1,1,3,1,0.482340759093441,labor_stress,3.7434366640446872,0.7789300123180796,none,absent,True,0.9468823615779262,0,expansion,0.0,0.0,0,0,4,,4,0,0.07482369675532682,0.016311817410946287,0.8408281684341963,0.9652852505989213,0.08434725558954574,0.018402889020995218,8.792209312544909e-07,4.296913731495325e-08,4.0,0,5.0,0,6.0,0,4.0,0,0.0,1,2022-03-01,2022-02-01,2022-03-01,2022-01-01,2022-03-01,2022-04-09,2022-04-02
2022-04-22,0,2022-04-22,expansion,expansion,official,1.1685458358523237,0.8049613564255272,1,1,3,1,0.47581630787000717,labor_stress,3.65850535819477,0.4616283038158248,none,absent,True,0.9393405315741644,0,expansion,0.0,0.0,0,0,4,,4,0,0.07565512515436952,0.016729961719618464,0.8261523686183013,0.9613052629238908,0.0981916261160571,0.021964731349726426,8.801112721744506e-07,4.400676445736749e-08,5.0,0,6.0,0,7.0,0,5.0,0,0.0,1,2022-03-01,2022-02-01,2022-03-01,2022-01-01,2022-03-01,2022-04-16,2022-04-09
2022-04-29,0,2022-04-29,expansion,expansion,official,1.035803501059052,0.46601847926022133,1,2,2,2,0.5072070155245001,labor_stress,3.6077375999337913,0.17214400244449848,none,absent,True,0.8395006441192356,0,expansion,0.0,0.0,0,0,4,,4,0,0.08786225865269852,0.022884929282111686,0.6888488277793231,0.9083078263857362,0.223287996882562,0.06880718226650057,9.166854164170508e-07,6.206565154080555e-08,6.0,0,7.0,0,4.0,0,6.0,0,0.0,1,2022-03-01,2022-03-01,2022-03-01,2022-02-01,2022-03-01,2022-04-23,2022-04-16
2022-05-06,0,2022-05-06,expansion,expansion,official,1.0200799436930086,0.2114442217732157,1,2,2,2,0.497742318272423,labor_stress,3.5012842922382337,0.06376465623086851,none,absent,True,0.6385210965387313,0,expansion,0.0,0.0,0,0,4,,4,0,0.07503175993238789,0.02108935960473229,0.570152247155542,0.8087158237837091,0.35481508420604485,0.1701947272449777,9.087060252154642e-07,8.936658092232283e-08,7.0,0,4.0,0,5.0,0,7.0,0,0.0,1,2022-04-01,2022-03-01,2022-03-01,2022-02-01,2022-03-01,2022-04-30,2022-04-23
2022-05-13,0,2022-05-13,expansion,expansion,official,1.003981142637103,0.30971980019438405,1,2,2,2,0.4944169157929843,labor_stress,3.4380947121731196,-0.24992803015285395,none,absent,True,0.7484064548952766,0,expansion,0.05355600646132585,0.05355600646132585,0,0,4,,4,0,0.08389323974235566,0.02335367840988467,0.6174088227399195,0.8625263510018123,0.29869702540716947,0.11411989610653572,9.121105554437399e-07,7.448176721957441e-08,8.0,0,5.0,0,6.0,0,8.0,0,0.0,1,2022-04-01,2022-03-01,2022-03-01,2022-02-01,2022-03-01,2022-05-07,2022-04-30
2022-05-20,0,2022-05-20,expansion,expansion,official,1.061449265778385,0.0540418086273603,1,2,2,2,0.46067056696878644,labor_stress,3.3357974626973665,-0.6285969011160574,none,absent,True,0.42019902777907703,0,expansion,0.13469933595344089,0.13469933595344089,0,0,4,,4,0,0.05905001790432329,0.0166876453490938,0.48717429520571803,0.7017556360560019,0.45377478418754974,0.28155660827692486,9.02702408961103e-07,1.1031797952565808e-07,4.0,0,6.0,0,7.0,0,4.0,0,0.0,1,2022-04-01,2022-03-01,2022-04-01,2022-02-01,2022-04-01,2022-05-14,2022-05-07
2022-05-27,0,2022-05-27,slowdown,slowdown,official,1.0294194221172621,-0.340612621600466,1,2,2,2,0.5030621361596965,labor_stress,3.2180718615751087,-0.9119400871966558,none,absent,True,0.7169320757212259,0,slowdown,0.15,0.15,0,0,4,,4,0,0.03501238882502138,0.003674171738208897,0.27103865595235394,0.13969677962283583,0.6939480670908765,0.8566288553440617,8.881317481226887e-07,1.9329489346158043e-07,5.0,0,7.0,0,4.0,0,5.0,0,0.0,1,2022-04-01,2022-04-01,2022-04-01,2022-03-01,2022-04-01,2022-05-21,2022-05-14
2022-06-03,0,2022-06-03,slowdown,slowdown,official,1.0297175862761576,-0.42482924635131736,1,2,2,2,0.5010217948184956,labor_stress,3.205766799147716,-1.14115832641863,none,absent,True,0.8232658038821908,0,slowdown,0.15,0.15,0,0,4,,4,0,0.02998176617069879,0.0023271609535875206,0.2322331122938999,0.08720342193125277,0.7377842360630745,0.9104692258134436,8.854723267964358e-07,1.913017161715832e-07,6.0,0,3.0,0,5.0,0,6.0,0,0.0,1,2022-05-01,2022-04-01,2022-04-01,2022-03-01,2022-04-01,2022-05-28,2022-05-21
2022-06-10,0,2022-06-10,slowdown,slowdown,official,1.0025609102904227,-0.46603131642803197,1,2,2,2,0.49018061591461454,labor_stress,3.069841592881609,-1.3168877742879068,none,absent,True,0.858701646288953,0,slowdown,0.15,0.15,0,0,4,,4,0,0.029197962699365566,0.00197535204425784,0.21427533062770812,0.06966140608270853,0.7565258223376007,0.9283630523716615,8.843353256534321e-07,1.895013720892704e-07,7.0,0,4.0,0,6.0,0,7.0,0,0.0,1,2022-05-01,2022-04-01,2022-04-01,2022-03-01,2022-04-01,2022-06-04,2022-05-28
2022-06-17,0,2022-06-17,slowdown,slowdown,official,0.8936439723258932,-0.5673345942240311,1,2,2,2,0.5205194353222384,labor_stress,2.9782495890790943,-1.3510300467905498,none,absent,True,0.9055533779173597,0,slowdown,0.15,0.15,0,0,4,,4,0,0.029447213326855157,0.0016605200582981868,0.1740299580930072,0.04639295920777627,0.7965219466712682,0.951946337125136,8.819088694070414e-07,1.8360878936646744e-07,4.0,0,5.0,0,7.0,0,4.0,0,0.0,1,2022-05-01,2022-04-01,2022-05-01,2022-03-01,2022-05-01,2022-06-11,2022-06-04
2022-06-24,0,2022-06-24,slowdown,slowdown,official,0.8752788097958639,-0.5818927640317887,1,2,2,2,0.512698867408751,labor_stress,2.8864247137703867,-1.4291846216122672,none,absent,True,0.90979344559464,0,slowdown,0.15,0.15,0,0,4,,4,0,0.02961337403673213,0.0016464257588690366,0.16873728907844876,0.04427997294620567,0.8016484552869609,0.9540734185408457,8.815978580513174e-07,1.8275407963987285e-07,5.0,0,6.0,0,8.0,0,5.0,0,0.0,1,2022-05-01,2022-04-01,2022-05-01,2022-03-01,2022-05-01,2022-06-18,2022-06-11
2022-07-01,0,2022-07-01,slowdown,slowdown,official,0.7950740573989913,-0.4605275709356329,1,1,2,2,0.4975090069279065,labor_stress,2.7298933180319493,-1.5133855827982725,none,absent,True,0.8541326219168207,0,slowdown,0.0,0.15,0,0,4,,4,0,0.046152134151661584,0.0031302820583484436,0.22421543066233515,0.0713684449713733,0.7296315049543104,0.925501066888194,9.302316928077275e-07,2.0608208432746224e-07,6.0,0,7.0,0,4.0,0,6.0,0,0.0,1,2022-05-01,2022-05-01,2022-05-01,2022-04-01,2022-05-01,2022-06-25,2022-06-18
2022-07-08,0,2022-07-08,slowdown,slowdown,official,0.7787592630897733,-0.530742842254155,1,1,2,2,0.4896963067855813,labor_stress,2.647077595598654,-1.608147521369467,none,absent,True,0.8835108000388209,0,slowdown,0.0,0.15,0,0,4,,4,0,0.041624317434878204,0.0025875029367414004,0.19576475356913517,0.05695074844055121,0.7626099987642938,0.9404615484793721,9.302316928077275e-07,2.0014333526641044e-07,7.0,0,4.0,0,5.0,0,7.0,0,0.0,1,2022-06-01,2022-05-01,2022-05-01,2022-04-01,2022-05-01,2022-07-02,2022-06-25
2022-07-15,0,2022-07-15,slowdown,slowdown,official,0.6629495352258234,-0.6682766580530093,1,2,1,3,0.5092351273283396,labor_stress,2.560114074135791,-1.5397105104848217,none,absent,True,0.9362206309793232,0,slowdown,0.15,0.15,0,0,4,,4,0,0.037564288018029995,0.0019196064799218444,0.13054581976359086,0.030929791321980142,0.8318890033472937,0.9671504223013033,8.888710855424181e-07,1.7989679456741308e-07,4.0,0,5.0,0,6.0,0,4.0,0,0.0,1,2022-06-01,2022-05-01,2022-06-01,2022-04-01,2022-06-01,2022-07-09,2022-07-02
2022-07-22,0,2022-07-22,slowdown,slowdown,official,0.6395468801628502,-0.6643765941369623,1,2,1,3,0.4974341157243306,labor_stress,2.442579611719592,-1.5226242353481947,none,absent,True,0.9352598968753824,0,slowdown,0.15,0.15,0,0,4,,4,0,0.03961006659464758,0.0020420829660506346,0.13139756856580934,0.031348919829700755,0.828991475733248,0.9666088167050831,8.891062949537458e-07,1.8049916550512198e-07,5.0,0,6.0,0,7.0,0,5.0,0,0.0,1,2022-06-01,2022-05-01,2022-06-01,2022-04-01,2022-06-01,2022-07-16,2022-07-09
2022-07-29,0,2022-07-29,slowdown,slowdown,official,0.502091107316824,-1.1814446410062387,1,3,1,3,0.43288057937245306,labor_stress,2.297529912234358,-1.7778826156673762,none,absent,True,0.9851551180093572,0,slowdown,0.15076795107425403,0.15076795107425403,0,0,4,,4,0,0.014852435413757532,0.0006053521954937094,0.03748857603300993,0.007119689870795513,0.9476581636499366,0.9922748078801527,8.249032959612755e-07,1.5005355815487228e-07,6.0,0,7.0,0,4.0,0,6.0,0,0.0,1,2022-06-01,2022-06-01,2022-06-01,2022-05-01,2022-06-01,2022-07-23,2022-07-16
2022-08-05,0,2022-08-05,slowdown,slowdown,official,0.48772120014434783,-1.0772751931221605,1,3,1,3,0.4165678938285787,labor_stress,2.1810195119997626,-1.720271463583576,none,absent,True,0.9791002804790342,0,slowdown,0.16290952274085918,0.16290952274085918,0,0,4,,4,0,0.018222009307529603,0.0007620571541015866,0.05165440513047243,0.01006875490997062,0.9301227600054934,0.9891690353890048,8.255565044499951e-07,1.5254692306972014e-07,7.0,0,4.0,0,5.0,0,7.0,0,0.0,1,2022-07-01,2022-06-01,2022-06-01,2022-05-01,2022-06-01,2022-07-30,2022-07-23
2022-08-12,0,2022-08-12,slowdown,slowdown,official,0.48006342770021926,-1.061990848481829,1,3,1,3,0.41209122815227645,labor_stress,2.141802583098455,-1.6474634066178715,none,absent,True,0.9781436581310936,0,slowdown,0.16937980760915866,0.16937980760915866,0,0,4,,4,0,0.019181345557349343,0.0008095726156787902,0.05355233154032382,0.010523308110963117,0.9272654969534327,0.9886669662420567,8.259488940048762e-07,1.530313012528873e-07,8.0,0,5.0,0,6.0,0,8.0,0,0.0,1,2022-07-01,2022-06-01,2022-06-01,2022-05-01,2022-06-01,2022-08-06,2022-07-30
2022-08-19,0,2022-08-19,slowdown,slowdown,official,0.5000914871535426,-0.6814644866440314,1,2,1,2,0.40349268825669876,labor_stress,2.1426698508799973,-1.4501337462649797,none,absent,True,0.9283274502162849,0,slowdown,0.15242495464738678,0.15239241832112663,0,0,4,,4,0,0.045616356939298365,0.002420917759499923,0.1417756626270899,0.0346257256598337,0.8126071049191961,0.9629531758761186,8.755144156751993e-07,1.8070454769306737e-07,4.0,0,6.0,0,7.0,0,4.0,0,0.0,1,2022-07-01,2022-06-01,2022-07-01,2022-05-01,2022-07-01,2022-08-13,2022-08-06
2022-08-26,0,2022-08-26,slowdown,slowdown,official,0.5234597308654882,-0.5031380374946562,1,1,1,2,0.4107408865126194,labor_stress,2.089592027037918,-1.2952193657059246,none,absent,True,0.8685633652091188,0,slowdown,0.0,0.15,0,0,4,,4,0,0.06535015210344079,0.004275146952351364,0.21276688276201536,0.06358063999120642,0.7218820432515313,0.9321440052003253,9.218830125349292e-07,2.0785611699585254e-07,5.0,0,7.0,0,4.0,0,5.0,0,0.0,1,2022-07-01,2022-07-01,2022-07-01,2022-06-01,2022-07-01,2022-08-20,2022-08-13
2022-09-02,0,2022-09-02,slowdown,slowdown,official,0.5233527012099364,-0.4968868879611709,1,1,1,2,0.41431597141646653,labor_stress,2.1075580963713088,-1.0880717576917602,none,absent,True,0.8774861232095756,0,slowdown,0.0,0.15,0,0,4,,4,0,0.07173182010444334,0.0046062296328486275,0.20303879534544073,0.05895371871973746,0.7252284543184232,0.9364398419293131,9.302316928077276e-07,2.0971810078558824e-07,6.0,0,3.0,0,5.0,0,6.0,0,0.0,1,2022-08-01,2022-07-01,2022-07-01,2022-06-01,2022-07-01,2022-08-27,2022-08-20
2022-09-09,0,2022-09-09,slowdown,slowdown,official,0.531936343250714,-0.44214425228634296,1,1,1,2,0.41890080905170185,labor_stress,2.1488588942054543,-0.8399644728689798,none,absent,True,0.8543819956980562,0,slowdown,0.0,0.15,0,0,4,,4,0,0.07801724137347017,0.005415313684132284,0.2246306205881485,0.07010123751899695,0.6973512078066885,0.9244832332170532,9.302316928077275e-07,2.1557981750732996e-07,7.0,0,4.0,0,6.0,0,7.0,0,0.0,1,2022-08-01,2022-07-01,2022-07-01,2022-06-01,2022-07-01,2022-09-03,2022-08-27
2022-09-16,0,2022-09-16,slowdown,slowdown,official,0.5036293556146965,-0.2057665882906723,2,1,1,2,0.44086679239663634,labor_stress,2.262093253277466,-0.3717092612982988,none,absent,True,0.6879616700649853,0,slowdown,0.07965198456392117,0.07965198456392117,0,0,4,,4,0,0.12000872264565128,0.012767132601937063,0.326625950159613,0.14963547449925169,0.5533643969630431,0.8375971445642371,9.302316928077276e-07,2.483345742219836e-07,4.0,0,5.0,0,7.0,0,4.0,0,0.0,1,2022-08-01,2022-07-01,2022-08-01,2022-06-01,2022-08-01,2022-09-10,2022-09-03
2022-09-23,0,2022-09-23,slowdown,slowdown,official,0.5170411517142478,-0.1557262085749476,2,1,1,2,0.4480800250793981,labor_stress,2.3291522337752224,-0.11926199778394153,none,absent,True,0.6132318606636864,0,slowdown,0.025556142382273186,0.025556142382273186,0,0,4,,4,0,0.1256119134852144,0.015562457486346257,0.3511143369317612,0.18560271506795684,0.5232728193513315,0.7988345757316433,9.302316928077275e-07,2.517140536278546e-07,5.0,0,6.0,0,8.0,0,5.0,0,0.0,1,2022-08-01,2022-07-01,2022-08-01,2022-06-01,2022-08-01,2022-09-17,2022-09-10
2022-09-30,0,2022-09-30,expansion,expansion,official,0.47752088504509815,0.460090607054613,1,1,2,2,0.4345892934628206,labor_stress,2.449542536483101,0.278823160662147,none,absent,True,0.7192907202989709,0,expansion,0.0,0.0,0,0,4,,4,0,0.24046488284434442,0.09788498392825057,0.5808418267804873,0.8171757042272215,0.1786923747318268,0.08493920249447502,9.156433413927861e-07,1.0935005284818466e-07,6.0,0,7.0,0,4.0,0,6.0,0,0.0,1,2022-08-01,2022-08-01,2022-08-01,2022-07-01,2022-08-01,2022-09-24,2022-09-17
2022-10-07,0,2022-10-07,expansion,expansion,official,0.4727421212687967,0.3181573667775585,1,1,1,2,0.4337009442860445,labor_stress,2.434172625451884,0.4472934204812683,none,absent,False,0.6273841279479503,0,expansion,0.0,0.0,0,0,4,,4,0,0.2131114699807408,0.08206846366219746,0.545476941273204,0.7726577683819262,0.2414106585143624,0.14527364043397592,9.302316928077276e-07,1.2752190052420802e-07,7.0,0,4.0,0,5.0,0,7.0,0,0.0,1,2022-09-01,2022-08-01,2022-08-01,2022-07-01,2022-08-01,2022-10-01,2022-09-24
2022-10-14,0,2022-10-14,expansion,expansion,official,0.43308474850464895,0.40182432995135287,1,0,1,1,0.41517554931305484,labor_stress,2.339839082240172,0.315548445972357,none,absent,True,0.7304649454799487,0,expansion,0.0,0.0,0,0,4,,4,0,0.24087671176414593,0.09859581391063447,0.5698018730721809,0.8290607593905831,0.18932047172358765,0.07234332973469706,9.434400855248219e-07,9.696408540485407e-08,8.0,0,5.0,0,6.0,0,3.0,0,0.0,1,2022-09-01,2022-08-01,2022-08-01,2022-07-01,2022-09-01,2022-10-08,2022-10-01
2022-10-21,0,2022-10-21,expansion,expansion,official,0.45381676278565797,0.38113849975972885,1,0,1,1,0.3989323635721758,labor_stress,2.2896493781000027,0.32934347500773314,none,absent,False,0.7525241599347976,0,expansion,0.0,0.0,0,0,4,,4,0,0.22218907460058154,0.0878766146872621,0.5859240606957247,0.8404007746220596,0.19188595663104258,0.07172252038384395,9.080726511010712e-07,9.030683423212089e-08,4.0,0,6.0,0,7.0,0,4.0,0,0.0,1,2022-09-01,2022-08-01,2022-09-01,2022-07-01,2022-09-01,2022-10-15,2022-10-08
2022-10-28,0,2022-10-28,expansion,expansion,official,0.5464656421952985,0.3339450371984155,1,0,1,1,0.420049430219838,labor_stress,2.134493108317022,0.009105041479091733,none,absent,True,0.7785867929106653,0,expansion,0.0,0.0,0,0,4,,4,0,0.18719150199138948,0.06564429899382003,0.5934697571732813,0.8564712067657367,0.21933783130520984,0.07788441385507143,9.095301194761908e-07,8.038537189066038e-08,5.0,0,7.0,0,4.0,0,5.0,0,0.0,1,2022-09-01,2022-09-01,2022-09-01,2022-08-01,2022-09-01,2022-10-22,2022-10-15
2022-11-04,0,2022-11-04,expansion,expansion,official,0.5291147821457393,0.25498815165509997,1,0,1,1,0.4109941486152853,labor_stress,2.052822927920577,-0.28609324988464896,none,absent,True,0.7145110080734434,0,expansion,0.0,0.061305696403853346,0,0,4,,4,0,0.19051423490543387,0.07257330862666202,0.545468452667485,0.8209688020980445,0.26401636377565924,0.10645779402460112,9.486514219830256e-07,9.525069239302957e-08,6.0,0,3.0,0,5.0,0,6.0,0,0.0,1,2022-10-01,2022-09-01,2022-09-01,2022-08-01,2022-09-01,2022-10-29,2022-10-22
2022-11-11,0,2022-11-11,expansion,expansion,official,0.5117164680732195,0.18069610581612888,1,0,1,1,0.40046024601804947,labor_stress,1.9653717984084689,-0.6169422479272112,none,absent,True,0.6530326951206705,0,expansion,0.0,0.13220191027011668,0,0,4,,4,0,0.18569485661533924,0.07343038206645969,0.5135943405150061,0.7898011037428396,0.30070985165822417,0.1367684086221691,9.512114303841269e-07,1.0556853168300259e-07,7.0,0,4.0,0,6.0,0,7.0,0,0.0,1,2022-10-01,2022-09-01,2022-09-01,2022-08-01,2022-09-01,2022-11-05,2022-10-29
2022-11-18,0,2022-11-18,expansion,expansion,official,0.47046147352051637,0.002359900818481986,1,1,1,2,0.3959594122618087,labor_stress,1.8616061681601657,-0.9402340989849524,none,absent,False,0.30364009527782504,0,expansion,0.0,0.15,0,0,4,,4,0,0.16445588960083105,0.06660105428052694,0.41903458843601854,0.6185194435010889,0.41650859173145766,0.31487934822326386,9.302316928077276e-07,1.5399512025341445e-07,4.0,0,5.0,0,7.0,0,4.0,0,0.0,1,2022-10-01,2022-09-01,2022-10-01,2022-08-01,2022-10-01,2022-11-12,2022-11-05
2022-11-25,0,2022-11-25,slowdown,expansion,official,0.44327938647431653,-0.09529758404983138,1,1,1,2,0.3761005177293475,labor_stress,1.7171234404297655,-1.4285215233265192,none,absent,False,0.10821390017163862,0,expansion,0.0,0.1568695621399114,0,0,4,,4,0,0.15395196035104025,0.058930203729973485,0.3716348380584681,0.5246417626246479,0.47441227135879893,0.4164278624530093,9.302316928077276e-07,1.7119236930262775e-07,5.0,0,6.0,0,8.0,0,5.0,0,0.0,1,2022-10-01,2022-09-01,2022-10-01,2022-08-01,2022-10-01,2022-11-19,2022-11-12
2022-12-02,0,2022-12-02,slowdown,expansion,official,0.40104016474892684,-0.07691896359495072,1,1,2,2,0.3494420817373507,labor_stress,1.6174195516653094,-1.5648329145535393,none,absent,False,0.008353001925638093,0,expansion,0.0,0.15946641313185286,0,0,4,,4,0,0.18325832532891176,0.07359627744415836,0.3536937335103561,0.46737826375165753,0.4630469973705403,0.45902526182601944,9.437901919165857e-07,1.9697816473391222e-07,6.0,0,3.0,0,4.0,0,6.0,0,0.0,1,2022-11-01,2022-10-01,2022-10-01,2022-09-01,2022-10-01,2022-11-26,2022-11-19
2022-12-09,0,2022-12-09,slowdown,expansion,official,0.37877745460509793,-0.09323447077422191,1,1,2,2,0.33335861558948027,labor_stress,1.5058686604217464,-1.626117909834612,none,absent,False,0.1309986910849264,1,slowdown,0.0,0.16397976396819425,0,0,4,,4,0,0.18632326140007383,0.0666535281527039,0.3440399816744608,0.40117378243206897,0.46963581399473175,0.5321724735169954,9.429307336251349e-07,2.1589823187639467e-07,7.0,0,4.0,0,5.0,0,7.0,0,0.0,1,2022-11-01,2022-10-01,2022-10-01,2022-09-01,2022-10-01,2022-12-03,2022-11-26
2022-12-16,0,2022-12-16,slowdown,slowdown,official,0.2970903090126082,-0.5084995921317117,1,1,1,2,0.35127668023694336,labor_stress,1.4433353307527843,-1.6352170056923634,none,absent,True,0.8759257424016409,0,slowdown,0.0,0.27638347742203523,0,0,4,,4,0,0.10727715829720604,0.008397523202764446,0.18013956032837145,0.05783825856682057,0.7125823385748651,0.9337640009684615,9.427995574186702e-07,2.1726195360024632e-07,4.0,0,5.0,0,6.0,0,4.0,0,0.0,1,2022-11-01,2022-10-01,2022-11-01,2022-09-01,2022-11-01,2022-12-10,2022-12-03
2022-12-23,0,2022-12-23,slowdown,slowdown,official,0.31048009840330126,-0.40450035484629954,1,1,1,2,0.35438850150894563,labor_stress,1.432144146342911,-1.3353805566140458,none,absent,True,0.8433894065425505,0,slowdown,0.0,0.24399774671146468,0,0,4,,4,0,0.12577868905420772,0.010206894662808504,0.21690509807409508,0.07320173361345449,0.6573152675071048,0.916591140156005,9.453645925497345e-07,2.3156773209175178e-07,5.0,0,6.0,0,3.0,0,5.0,0,0.0,1,2022-11-01,2022-11-01,2022-11-01,2022-10-01,2022-11-01,2022-12-17,2022-12-10
2022-12-30,0,2022-12-30,slowdown,slowdown,official,0.30393447146065106,-0.38173027586098957,1,1,1,2,0.3476643395207666,labor_stress,1.39359225995312,-1.2523048798206395,none,absent,False,0.8279794280290468,0,slowdown,0.0,0.2417224343299893,0,0,4,,4,0,0.13213042163765262,0.011446570011074238,0.22491269348641593,0.08028688341820359,0.64295593895267,0.9082663114472503,9.459232614774138e-07,2.3512347188677737e-07,6.0,0,7.0,0,4.0,0,6.0,0,0.0,1,2022-11-01,2022-11-01,2022-11-01,2022-10-01,2022-11-01,2022-12-24,2022-12-17
2023-01-06,0,2023-01-06,slowdown,slowdown,official,0.31148829089740276,-0.3607324381714257,1,2,1,3,0.35864847147445483,labor_stress,1.4511673422409284,-0.9874107412338173,none,absent,False,0.8364007422070902,0,slowdown,0.27260102230513955,0.23338797628303493,0,0,4,,4,0,0.12927391405221134,0.010647218495008595,0.2233798916524579,0.07647590735445346,0.6473452877516895,0.9128766495615436,9.065436412929911e-07,2.2458899445470646e-07,7.0,0,4.0,0,5.0,0,7.0,0,0.0,1,2022-12-01,2022-11-01,2022-11-01,2022-10-01,2022-11-01,2022-12-31,2022-12-24
2023-01-13,0,2023-01-13,slowdown,slowdown,official,0.31428646629837154,-0.31860721467468844,1,2,1,3,0.3603073512932833,labor_stress,1.4629205356246213,-0.7776185901118425,none,absent,False,0.811302571399702,0,slowdown,0.2660119439753967,0.222574083133314,0,0,4,,4,0,0.13778077872668862,0.012355805498580294,0.23940751633660298,0.08817069598158317,0.6228107957864208,0.8994732673812852,9.09150287625658e-07,2.311385513605633e-07,8.0,0,5.0,0,6.0,0,8.0,0,0.0,1,2022-12-01,2022-11-01,2022-11-01,2022-10-01,2022-11-01,2023-01-07,2022-12-31
2023-01-20,0,2023-01-20,slowdown,slowdown,official,0.15530933523296137,-0.7563712608270844,1,3,1,4,0.38628540279453727,labor_stress,1.5360289414344128,-0.3970356793507204,watch,preliminary,True,0.9521398723808561,0,slowdown,0.3788534926873213,0.3788534926873213,0,0,4,,4,0,0.07667173668955471,0.0039181970990238265,0.09712303348693152,0.02197087867784448,0.8262043869253738,0.9741107510587006,8.428981400000639e-07,1.731644309123787e-07,4.0,0,6.0,0,7.0,0,4.0,0,0.0,1,2022-12-01,2022-11-01,2022-12-01,2022-10-01,2022-12-01,2023-01-14,2023-01-07
2023-01-27,0,2023-01-27,slowdown,slowdown,official,0.11895286025050456,-0.865518840151854,2,3,1,4,0.3745098710551223,labor_stress,1.6346682738403138,-0.038074444681671496,none,absent,True,0.9643015837246205,0,slowdown,0.3326519197009571,0.3326519197009571,0,0,4,,4,0,0.06477744699071988,0.0030952934201423457,0.0763343963395391,0.016301478169861407,0.8588873189447491,0.9806030618944819,8.377249918244841e-07,1.665155143463356e-07,5.0,0,7.0,0,4.0,0,5.0,0,0.0,1,2022-12-01,2022-12-01,2022-12-01,2022-11-01,2022-12-01,2023-01-21,2023-01-14
2023-02-03,0,2023-02-03,slowdown,slowdown,official,0.1555879049694848,-0.6539114981129686,2,2,1,3,0.37542329069932623,labor_stress,1.7074234316284556,0.28923668960097354,none,absent,True,0.9262667945956492,0,slowdown,0.2838756358552474,0.2742122252135385,0,0,4,,4,0,0.09854865863640362,0.005760035886095415,0.13427236518976582,0.033986488204823834,0.7671780924847492,0.9602532828004731,8.836890813518304e-07,1.931086077484296e-07,6.0,0,3.0,0,5.0,0,6.0,0,0.0,1,2023-01-01,2022-12-01,2022-12-01,2022-11-01,2022-12-01,2023-01-28,2023-01-21
2023-02-10,0,2023-02-10,slowdown,slowdown,official,0.15563855619720562,-0.6321026374485627,2,2,1,3,0.3748100923694517,labor_stress,1.6959059449241214,0.3795750047349678,none,absent,True,0.9197402005647837,0,slowdown,0.27926223453706095,0.2650282193401505,0,0,4,,4,0,0.1028268235139695,0.006341441354762693,0.14011546559976884,0.03695908136981926,0.7570568265831507,0.956699281934603,8.843031110678956e-07,1.9534081511552303e-07,7.0,0,4.0,0,6.0,0,7.0,0,0.0,1,2023-01-01,2022-12-01,2022-12-01,2022-11-01,2022-12-01,2023-02-04,2023-01-28
2023-02-17,0,2023-02-17,slowdown,slowdown,official,0.1863674216994346,-0.07019344264880911,1,1,1,2,0.4253725147115908,labor_stress,1.6517839509187762,0.2994464014832525,none,absent,False,0.34822899891110104,0,slowdown,0.0,0.026827181364431275,0,0,4,,4,0,0.23909997939954192,0.06507562455037003,0.346330513719466,0.29334755226595566,0.4145685766492992,0.6415765511770567,9.302316928077275e-07,2.7200661755734955e-07,4.0,0,5.0,0,7.0,0,4.0,0,0.0,1,2023-01-01,2022-12-01,2023-01-01,2022-11-01,2023-01-01,2023-02-11,2023-02-04
2023-02-24,0,2023-02-24,slowdown,slowdown,official,0.3178466065147209,-0.047261814651577125,1,1,1,2,0.5107101970848381,labor_stress,1.6074194812474643,0.3237696962723482,none,absent,False,0.2589737280548795,0,slowdown,0.0,0.010562457484038654,0,0,4,,4,0,0.19981877511611865,0.05276383171136473,0.37589604667889004,0.34413109551258914,0.42428424797329856,0.6031048235674686,9.302316928077276e-07,2.492085774162249e-07,5.0,0,6.0,0,3.0,0,5.0,0,0.0,1,2023-01-01,2023-01-01,2023-01-01,2022-12-01,2023-01-01,2023-02-18,2023-02-11
2023-03-03,0,2023-03-03,slowdown,slowdown,official,0.3095597294519964,-0.0818451386269782,1,1,1,2,0.5019120804272948,labor_stress,1.556885013104091,0.1496875568935836,none,absent,False,0.26859580656976595,0,slowdown,0.0,0.019110087894327315,0,0,4,,4,0,0.19483238297650918,0.05388825076953652,0.360526878163149,0.33875785039985234,0.44463980862864905,0.6073536569696183,9.302316928077276e-07,2.418609928073956e-07,6.0,0,7.0,0,4.0,0,6.0,0,0.0,1,2023-01-01,2023-01-01,2023-01-01,2022-12-01,2023-01-01,2023-02-25,2023-02-18
2023-03-10,0,2023-03-10,slowdown,slowdown,official,0.29119532184270003,-0.10531121999670685,1,1,1,2,0.4882356785160256,labor_stress,1.4696312798576499,-0.03348988880424432,none,absent,False,0.2689088673532349,0,slowdown,0.0,0.03410000272600442,0,0,4,,4,0,0.19528171555046508,0.05696155028812731,0.34840317288918715,0.33706467235989207,0.45631418132865503,0.605973539713127,9.302316928077276e-07,2.3763885373636775e-07,7.0,0,4.0,0,5.0,0,7.0,0,0.0,1,2023-02-01,2023-01-01,2023-01-01,2022-12-01,2023-01-01,2023-03-04,2023-02-25
2023-03-17,0,2023-03-17,expansion,expansion,official,0.2508614091097778,0.49474396793931685,1,0,1,1,0.48707360631561514,labor_stress,1.4664938567586239,-0.1585827137585802,none,absent,True,0.7314352204447919,0,expansion,0.0,0.03398201009112433,0,0,4,,4,0,0.261173338869111,0.10938054820546518,0.5855022147777125,0.8408157686502571,0.15332350542450504,0.04980359373698335,9.409286716075966e-07,8.940729446668814e-08,4.0,0,5.0,0,6.0,0,4.0,0,0.0,1,2023-02-01,2023-01-01,2023-02-01,2022-12-01,2023-02-01,2023-03-11,2023-03-04
2023-03-24,0,2023-03-24,expansion,expansion,official,0.2526802265876621,0.44116361546867433,1,0,1,1,0.4783998973051066,labor_stress,1.4440778094860798,-0.4259576640059698,none,absent,True,0.7163372824265395,0,expansion,0.0,0.09127664228699353,0,0,4,,4,0,0.26165813586130227,0.1131792279138621,0.5677797992985345,0.8295165103404016,0.17056112270886828,0.05730416873839752,9.42131294950577e-07,9.300733878824225e-08,5.0,0,6.0,0,7.0,0,5.0,0,0.0,1,2023-02-01,2023-01-01,2023-02-01,2022-12-01,2023-02-01,2023-03-18,2023-03-11
2023-03-31,0,2023-03-31,expansion,expansion,official,0.2649800955700311,0.3671376152032185,1,1,2,1,0.4501120666484891,labor_stress,1.3852589450516475,-0.6634007877926447,none,absent,False,0.6713716195244757,0,expansion,0.0,0.14215731166985243,0,0,4,,4,0,0.262856902530832,0.12517134008094286,0.5301761944931465,0.7965429596054185,0.20696598869114327,0.07828559746071503,9.142848783681113e-07,1.0285292338635592e-07,6.0,0,7.0,0,4.0,0,6.0,0,0.0,1,2023-02-01,2023-02-01,2023-02-01,2023-01-01,2023-02-01,2023-03-25,2023-03-18
2023-04-07,0,2023-04-07,slowdown,expansion,official,0.11828455235164079,0.046617333189269194,1,2,2,2,0.37384913711912005,real_income,0.6684294086053975,-1.45300850019949,none,absent,False,0.13401553514363945,0,expansion,0.31252889189915767,0.15,0,0,4,,4,0,0.26366573909169344,0.15440834252573032,0.364425823099978,0.48980348911682764,0.3719075207101055,0.3557879539731882,9.170982229276293e-07,2.1438425386699917e-07,7.0,0,4.0,0,5.0,0,7.0,0,0.0,1,2023-03-01,2023-02-01,2023-02-01,2023-01-01,2023-02-01,2023-04-01,2023-03-25
2023-04-14,0,2023-04-14,slowdown,slowdown,official,0.14197787827435474,-0.5338136186299204,1,3,1,3,0.3020488537657013,real_income,0.6161517991835984,-1.336196458141166,watch,preliminary,True,0.8973535235777756,0,slowdown,0.4188291031312159,0.38261963422784095,0,0,4,,4,0,0.11358592768130972,0.008067277432730348,0.1619264901261443,0.04728950163663717,0.7244867265595892,0.9446430252144128,8.556329567889206e-07,1.9571621970916386e-07,4.0,0,5.0,0,6.0,0,4.0,0,0.0,1,2023-03-01,2023-02-01,2023-03-01,2023-01-01,2023-03-01,2023-04-08,2023-04-01
2023-04-21,0,2023-04-21,slowdown,slowdown,official,0.13820639667866183,-0.49796315670256375,1,3,1,3,0.3025470588357176,real_income,0.5864279483766388,-1.1666046816390758,none,absent,True,0.8885237186746829,0,slowdown,0.41374460529165946,0.36926399902950435,0,0,4,,4,0,0.12209975563596868,0.008738398481870118,0.17276343819438142,0.05136884112115727,0.7051359477385374,0.9398925597958402,8.584311125278869e-07,2.006011324091628e-07,5.0,0,6.0,0,7.0,0,5.0,0,0.0,1,2023-03-01,2023-02-01,2023-03-01,2023-01-01,2023-03-01,2023-04-15,2023-04-08
2023-04-28,0,2023-04-28,slowdown,slowdown,official,0.05832619757340549,-0.5432817637412573,2,2,1,3,0.253588924489228,real_income,0.6002021734244972,-0.9305240924654188,watch,preliminary,True,0.8953479284352466,0,slowdown,0.48365990128152336,0.44160138102964197,0,0,4,,4,0,0.13509719394425376,0.0095925073759321,0.1630850414322214,0.047529676451557014,0.7018168675437787,0.9428776048868036,8.970797462246312e-07,2.1128570720614095e-07,6.0,0,7.0,0,4.0,0,5.0,0,0.0,1,2023-03-01,2023-03-01,2023-03-01,2023-02-01,2023-03-01,2023-04-22,2023-04-15
2023-05-05,0,2023-05-05,slowdown,slowdown,official,0.044126625547251955,-0.5791153254938679,2,2,1,3,0.2584132295955601,real_income,0.5607718121162837,-0.7603315271189662,watch,preliminary,True,0.9050017340536598,0,slowdown,0.5042382638916905,0.4707604559296674,0,0,4,,4,0,0.12971013195119277,0.008882109716632365,0.15222348818058284,0.043057974516746804,0.7180654841500788,0.9480597085704066,8.957181455964951e-07,2.0719621428244174e-07,7.0,0,3.0,0,5.0,0,6.0,0,0.0,1,2023-04-01,2023-03-01,2023-03-01,2023-02-01,2023-03-01,2023-04-29,2023-04-22
2023-05-12,0,2023-05-12,slowdown,slowdown,official,0.035084507841980694,-0.5796689712751416,2,2,1,3,0.2607631804382575,real_income,0.4822618539339838,-0.763099756025335,watch,preliminary,True,0.9029163092161062,0,slowdown,0.511374890669924,0.4773937491983805,0,0,4,,4,0,0.13161909968536942,0.00935136782239008,0.15171189838572985,0.043866057662692054,0.7166681059927964,0.9467823668787982,8.959361044059725e-07,2.0763611980582956e-07,8.0,0,4.0,0,6.0,0,7.0,0,0.0,1,2023-04-01,2023-03-01,2023-03-01,2023-02-01,2023-03-01,2023-05-06,2023-04-29
2023-05-19,0,2023-05-19,slowdown,slowdown,official,0.04086987019794439,-0.3918616884536402,2,2,1,3,0.2564922467250574,real_income,0.50702249884,-0.46700109090166986,none,absent,True,0.8307811758681627,0,slowdown,0.4045979732131855,0.3186564805796157,0,0,4,,4,0,0.17952623903638532,0.017273822765176913,0.20932629703275232,0.07597238193449361,0.6111465582506969,0.9067535578026563,9.056801655942532e-07,2.374976732061521e-07,4.0,0,5.0,0,7.0,0,4.0,0,0.0,1,2023-04-01,2023-03-01,2023-04-01,2023-02-01,2023-04-01,2023-05-13,2023-05-06
2023-05-26,0,2023-05-26,slowdown,slowdown,official,-0.07955918312687489,-0.2583551967289625,2,2,2,3,0.32879764139602724,real_income,0.6488126074737899,0.009958377693223391,none,absent,False,0.7298932840429461,0,slowdown,0.3369453475355346,0.18166872125611527,0,0,4,,4,0,0.24165798802173902,0.03655180182090039,0.2467114990709477,0.1167773228804037,0.5116296137147998,0.8466706069233497,8.991925135692614e-07,2.6837534623147375e-07,5.0,0,6.0,0,3.0,0,5.0,0,0.0,1,2023-04-01,2023-04-01,2023-04-01,2023-03-01,2023-04-01,2023-05-20,2023-05-13
2023-06-02,0,2023-06-02,slowdown,slowdown,official,-0.06834217523640387,-0.1323375242477457,2,1,2,2,0.3243222617078724,real_income,0.6655136490565488,0.006625195662344212,none,absent,False,0.45757460691840113,0,slowdown,0.007479566378222559,0.0912645663501012,0,0,4,,4,0,0.2446733933528341,0.059708577673110684,0.3266845813659045,0.24135826921847447,0.428641114868635,0.6989328761368756,9.104126264291502e-07,2.7697153923658625e-07,6.0,0,3.0,0,4.0,0,6.0,0,0.0,1,2023-05-01,2023-04-01,2023-04-01,2023-03-01,2023-04-01,2023-05-27,2023-05-20
2023-06-09,0,2023-06-09,slowdown,slowdown,official,-0.07935229715806787,-0.14292251225880442,2,1,2,2,0.32871397996031443,real_income,0.5836155759248458,-0.047605851261185377,none,absent,False,0.4277246558800828,0,slowdown,0.019061688260352712,0.11066499330503013,0,0,4,,4,0,0.2447557859713674,0.06584499664559587,0.321631162728343,0.2532150384433961,0.43361214058108594,0.6809396943234789,9.107192036143903e-07,2.705875290982491e-07,7.0,0,4.0,0,5.0,0,7.0,0,0.0,1,2023-05-01,2023-04-01,2023-04-01,2023-03-01,2023-04-01,2023-06-03,2023-05-27
2023-06-16,0,2023-06-16,slowdown,slowdown,official,-0.11232378247837312,-0.03473200906074918,2,1,1,2,0.3362199946633492,real_income,0.47742051360847054,-0.1862853844616079,none,absent,False,0.14208547620053363,0,slowdown,0.049915542992767306,0.0657145427795228,0,0,4,,4,0,0.2499997674420768,0.09438026204583905,0.3583254221662609,0.3817670054923556,0.39167388015996946,0.5238524816928892,9.302316928077276e-07,2.5076891604386217e-07,4.0,0,5.0,0,6.0,0,4.0,0,0.0,1,2023-05-01,2023-04-01,2023-05-01,2023-03-01,2023-05-01,2023-06-10,2023-06-03
2023-06-23,0,2023-06-23,slowdown,slowdown,official,-0.12372797119188228,-0.0767236902677079,2,1,1,2,0.339400112099486,real_income,0.38503308609253695,-0.403509853765719,none,absent,False,0.17482542587245797,0,slowdown,0.09856663315883059,0.14450694016686552,0,0,4,,4,0,0.2499997674420768,0.09885424023440324,0.3382598809103723,0.3631600426791656,0.4117394214158582,0.5379854685516235,9.302316928077276e-07,2.485348075158281e-07,5.0,0,6.0,0,7.0,0,5.0,0,0.0,1,2023-05-01,2023-04-01,2023-05-01,2023-03-01,2023-05-01,2023-06-17,2023-06-10
2023-06-30,0,2023-06-30,slowdown,slowdown,official,-0.13583400614709076,-0.23650437812192018,2,1,0,2,0.302544291019056,real_income,0.37528405905718293,-0.339908632615889,none,absent,False,0.5998412659719233,0,slowdown,0.09066658798153249,0.25520618589413147,0,0,4,,4,0,0.23231906502408714,0.050622275787685106,0.2829156552869021,0.17476809117784387,0.48476435041275073,0.7746093571497672,9.292762600963485e-07,2.758847038500518e-07,6.0,0,7.0,0,4.0,0,6.0,0,0.0,1,2023-05-01,2023-05-01,2023-05-01,2023-04-01,2023-05-01,2023-06-24,2023-06-17
2023-07-07,0,2023-07-07,slowdown,slowdown,official,-0.13338989067391074,-0.2825374938879943,2,2,0,3,0.3004589549469289,real_income,0.4245369208986605,-0.26876656459728543,none,absent,False,0.7296836994485963,0,slowdown,0.43496104676661446,0.27462408224565826,0,0,4,,4,0,0.22849133416573625,0.036402072843917964,0.24061869770770156,0.11695698166119714,0.5308890541612254,0.8466406811097935,9.139653366629449e-07,2.643850913695129e-07,7.0,0,4.0,0,5.0,0,7.0,0,0.0,1,2023-06-01,2023-05-01,2023-05-01,2023-04-01,2023-05-01,2023-07-01,2023-06-24
2023-07-14,0,2023-07-14,slowdown,slowdown,official,-0.1099105569185723,-0.2803147661413151,2,2,0,3,0.2870980064897474,real_income,0.49048252734487174,-0.25765292586388927,none,absent,False,0.7239965118490465,0,slowdown,0.4178345156959807,0.26259091739109314,0,0,4,,4,0,0.22850606104140866,0.036838852398311216,0.24155802777201293,0.11958218584603243,0.5299349971623343,0.8435786976950789,9.140242441656346e-07,2.640605775407833e-07,8.0,0,5.0,0,6.0,0,8.0,0,0.0,1,2023-06-01,2023-05-01,2023-05-01,2023-04-01,2023-05-01,2023-07-08,2023-07-01
2023-07-21,0,2023-07-21,slowdown,slowdown,official,-0.16351947390791757,-0.41588002290574533,2,2,0,4,0.31004220080394074,real_income,0.5718683057176056,-0.09012571310116212,none,absent,True,0.8431230745971428,0,slowdown,0.46818541689413457,0.35389560362329303,0,0,4,,4,0,0.2306969799805443,0.026825920785049355,0.17734989134228127,0.0650253757863642,0.5919522058892545,0.908148450383507,9.227879199221771e-07,2.5304507946260556e-07,4.0,0,6.0,0,7.0,0,4.0,0,0.0,1,2023-06-01,2023-05-01,2023-06-01,2023-04-01,2023-06-01,2023-07-15,2023-07-08
2023-07-28,0,2023-07-28,slowdown,slowdown,official,-0.057797378303870085,-0.014491368928278677,2,2,2,4,0.3023902252250379,real_income,0.6144721291658933,-0.0305901542157521,none,absent,False,0.31569466514648903,0,slowdown,0.24837706765171655,0.0163643392767934,0,0,4,,4,0,0.26260621078447655,0.09072312831178059,0.3361717103387549,0.29679096600784316,0.4012211654638615,0.6124856311543322,9.134129070764401e-07,2.745260439827016e-07,5.0,0,7.0,0,4.0,0,5.0,0,0.0,1,2023-06-01,2023-06-01,2023-06-01,2023-05-01,2023-06-01,2023-07-22,2023-07-15
2023-08-04,0,2023-08-04,slowdown,slowdown,official,-0.04977916573565786,-0.03675867298407785,2,2,2,4,0.2984972708112967,real_income,0.6685179139423347,0.23093002233021293,none,absent,False,0.408472165326839,0,slowdown,0.24579318227105343,0.02452643325452309,0,0,4,,4,0,0.2622223257792456,0.08069809953890028,0.32593476796424803,0.2554147257649793,0.41184199417885153,0.6638868910918183,9.120776548843325e-07,2.836043020987956e-07,6.0,0,3.0,0,5.0,0,6.0,0,0.0,1,2023-07-01,2023-06-01,2023-06-01,2023-05-01,2023-06-01,2023-07-29,2023-07-22
2023-08-11,0,2023-08-11,slowdown,slowdown,official,-0.040327917615150845,-0.007379330617176394,2,2,2,4,0.2937735498847385,real_income,0.6389950819677743,0.37782673416472023,none,absent,False,0.33576336161391296,0,slowdown,0.2319568999346743,0.0067166983927655,0,0,4,,4,0,0.26272917402000084,0.0868495302451961,0.3394507328040569,0.2886934142026255,0.397819179335337,0.6244567758165385,9.138406052869595e-07,2.7973563993100753e-07,7.0,0,4.0,0,6.0,0,7.0,0,0.0,1,2023-07-01,2023-06-01,2023-06-01,2023-05-01,2023-06-01,2023-08-05,2023-07-29
2023-08-18,0,2023-08-18,expansion,expansion,official,0.05372339724570989,0.4398654180737423,2,1,2,3,0.27840506690532413,real_income,0.6004367866213417,0.4776959444381661,none,absent,True,0.6209192326401625,0,expansion,0.0,0.0,0,0,4,,4,0,0.29261694162548985,0.1486093368537454,0.5246448891802739,0.7695285694939078,0.18273722011172094,0.08186196965708394,9.490825153690549e-07,1.23995262898155e-07,4.0,0,5.0,0,7.0,0,4.0,0,0.0,1,2023-07-01,2023-06-01,2023-07-01,2023-05-01,2023-07-01,2023-08-12,2023-08-05
2023-08-25,0,2023-08-25,expansion,expansion,official,0.044272648368488675,0.41985470497018945,2,1,2,3,0.2824193352805348,real_income,0.55297737743754,0.379000355537819,none,absent,True,0.6084809510772868,0,expansion,0.0,0.0,0,0,4,,4,0,0.2991708988948709,0.15743310878589184,0.5128148834503946,0.7659140598631786,0.1880132697951784,0.07665271163958204,9.478595561108122e-07,1.1971134757280793e-07,5.0,0,6.0,0,8.0,0,5.0,0,0.0,1,2023-07-01,2023-06-01,2023-07-01,2023-05-01,2023-07-01,2023-08-19,2023-08-12
2023-09-01,0,2023-09-01,expansion,expansion,official,0.013263213890145353,0.19507183955080412,2,1,2,3,0.28863071678164814,real_income,0.523226261225192,0.2514685086150794,none,absent,False,0.4665057679104223,0,expansion,0.0,0.0,0,0,4,,4,0,0.2715491205137466,0.15066971642280547,0.44091001094635873,0.657917942920445,0.28753992402121453,0.19141217501002275,9.445186800478142e-07,1.6564672658488802e-07,6.0,0,3.0,0,4.0,0,6.0,0,0.0,1,2023-08-01,2023-07-01,2023-07-01,2023-06-01,2023-07-01,2023-08-26,2023-08-19
2023-09-08,0,2023-09-08,expansion,expansion,official,0.03278625568820277,0.1970350843775015,2,1,2,3,0.28025397043417816,real_income,0.6022223344391685,0.26128473274856634,none,absent,False,0.4743331468118081,0,expansion,0.0,0.0,0,0,4,,4,0,0.2715661661188,0.15387581981559134,0.44177464387726956,0.6602285811326368,0.2866582454259614,0.18589543432082872,9.445779691088696e-07,1.647309431502187e-07,7.0,0,4.0,0,5.0,0,7.0,0,0.0,1,2023-08-01,2023-07-01,2023-07-01,2023-06-01,2023-07-01,2023-09-02,2023-08-26
2023-09-15,0,2023-09-15,expansion,expansion,official,0.06525990468617975,0.22171171022914288,2,1,2,3,0.24769158142777442,real_income,0.6433964630296781,0.1790927459706856,none,absent,False,0.5810902847501986,0,expansion,0.0,0.0,0,0,4,,4,0,0.2499997674420768,0.1254261445394856,0.47873517698477674,0.7278320029877048,0.27126412534145367,0.14674171823750617,9.302316928077276e-07,1.3423530349949988e-07,4.0,0,5.0,0,6.0,0,4.0,0,0.0,1,2023-08-01,2023-07-01,2023-08-01,2023-06-01,2023-08-01,2023-09-09,2023-09-02
2023-09-22,0,2023-09-22,expansion,expansion,official,0.08962264024588026,0.23845759124888052,2,1,2,3,0.23759207112034336,real_income,0.7278212982830236,0.25738551304177226,none,absent,False,0.5899426200509967,0,expansion,0.0,0.0,0,0,4,,4,0,0.24999976744207678,0.12500699140087573,0.4861193253566812,0.7324677472662847,0.2638799769695492,0.14252512721528798,9.302316928077275e-07,1.3411755160591504e-07,5.0,0,6.0,0,7.0,0,5.0,0,0.0,1,2023-08-01,2023-07-01,2023-08-01,2023-06-01,2023-08-01,2023-09-16,2023-09-09
2023-09-29,0,2023-09-29,expansion,expansion,official,0.17089631157534313,0.29486919476629614,2,1,2,3,0.2353897256019974,real_income,0.8013337098341231,0.2963903030830084,none,absent,False,0.6470407223137371,0,expansion,0.0,0.0,0,0,4,,4,0,0.24999976744207678,0.11988295940225625,0.5102804534003503,0.7669236817159933,0.23971884892588005,0.11319323876023316,9.302316928077275e-07,1.2012151727106647e-07,6.0,0,7.0,0,4.0,0,6.0,0,0.0,1,2023-08-01,2023-08-01,2023-08-01,2023-07-01,2023-08-01,2023-09-23,2023-09-16
2023-10-06,0,2023-10-06,expansion,expansion,official,0.18839083218297986,0.43293095578723245,2,0,2,2,0.2297578216737677,real_income,0.8274580687287447,0.40605646162279113,none,absent,True,0.7235473374173321,0,expansion,0.0,0.0,0,0,4,,4,0,0.2557295731287419,0.10919781887571582,0.5783901838704847,0.8327451562930479,0.16587933628547624,0.05805693357243535,9.067152972632916e-07,9.125880096889273e-08,7.0,0,4.0,0,5.0,0,7.0,0,0.0,1,2023-09-01,2023-08-01,2023-08-01,2023-07-01,2023-08-01,2023-09-30,2023-09-23
2023-10-13,0,2023-10-13,expansion,expansion,official,0.20345208487294894,0.4363570755547828,2,0,2,2,0.23122932174210287,employment,0.8326213907083142,0.4756146511179691,none,absent,True,0.7235726317537831,0,expansion,0.0,0.0,0,0,4,,4,0,0.2565078670799942,0.10974387131177007,0.5789130032429844,0.8333165030655532,0.16457822308421755,0.05693953486465244,9.06592803976595e-07,9.075802429458521e-08,8.0,0,5.0,0,6.0,0,8.0,0,0.0,1,2023-09-01,2023-08-01,2023-08-01,2023-07-01,2023-08-01,2023-10-07,2023-09-30
2023-10-20,0,2023-10-20,expansion,expansion,official,0.22985583637403545,0.24850818750172315,1,0,1,1,0.25019898927089174,employment,0.7943250378976812,0.4928893408389599,none,absent,False,0.6584832083910682,0,expansion,0.0,0.0,0,0,4,,4,0,0.24603436716592414,0.1157251777973199,0.5164050549494508,0.7742083861883882,0.23755966240791002,0.1100663205482299,9.154767150359968e-07,1.154660618524552e-07,4.0,0,6.0,0,7.0,0,4.0,0,0.0,1,2023-09-01,2023-08-01,2023-09-01,2023-07-01,2023-09-01,2023-10-14,2023-10-07
2023-10-27,0,2023-10-27,expansion,expansion,official,0.21527512485118222,0.19818870723938303,1,0,1,1,0.2557247379430346,employment,0.7163531438677287,0.38875175813291096,none,absent,False,0.6259665066439147,0,expansion,0.0,0.0,0,0,4,,4,0,0.2467898241138832,0.11960066992674191,0.4944499318643343,0.7531828573501929,0.2587593257340648,0.12721635070627815,9.182877176330538e-07,1.2201678712897863e-07,5.0,0,7.0,0,4.0,0,5.0,0,0.0,1,2023-09-01,2023-09-01,2023-09-01,2023-08-01,2023-09-01,2023-10-21,2023-10-14
2023-11-03,0,2023-11-03,expansion,expansion,official,0.18254032670450085,0.07302366165983872,1,1,1,2,0.2505713530971275,real_income,0.623749516548028,0.052305216632946516,none,absent,False,0.4012894532762452,0,expansion,0.0,0.0,0,0,4,,4,0,0.2499997674420768,0.13581124912027376,0.40997818730810015,0.632739020771456,0.3400211150181303,0.2314495674952108,9.302316928077276e-07,1.626130593008605e-07,6.0,0,3.0,0,5.0,0,6.0,0,0.0,1,2023-10-01,2023-09-01,2023-09-01,2023-08-01,2023-09-01,2023-10-28,2023-10-21
2023-11-10,0,2023-11-10,expansion,expansion,official,0.1714498455177115,0.020379839987690107,1,1,1,2,0.2599281046942171,employment,0.5391316452196455,-0.2099412244287162,none,absent,False,0.3074566412633037,0,expansion,0.0,0.04498740523472491,0,0,4,,4,0,0.24999976744207678,0.1387511826201639,0.3847878870576404,0.5843526406530055,0.36521141526858997,0.27689599938970183,9.302316928077275e-07,1.773371286906185e-07,7.0,0,4.0,0,6.0,0,7.0,0,0.0,1,2023-10-01,2023-09-01,2023-09-01,2023-08-01,2023-09-01,2023-11-04,2023-10-28
2023-11-17,0,2023-11-17,slowdown,slowdown,official,0.03247575975511743,-0.4335329411775371,1,2,0,3,0.32048990126544913,employment,0.38871148911357856,-0.6826693963926849,watch,preliminary,True,0.8072466892747738,0,slowdown,0.4681774644138057,0.39250838684896716,0,0,4,,4,0,0.17265782021527604,0.02698492129623739,0.18417305883106044,0.08288407860165208,0.6431682048460847,0.8901307678764259,9.161075789124971e-07,2.3222568463637675e-07,4.0,0,5.0,0,7.0,0,4.0,0,0.0,1,2023-10-01,2023-09-01,2023-10-01,2023-08-01,2023-10-01,2023-11-11,2023-11-04
2023-11-24,0,2023-11-24,slowdown,slowdown,official,0.027859298216133376,-0.47352695382736254,1,2,0,3,0.3235401768530486,employment,0.3635544651167978,-0.8826394596418121,watch,preliminary,True,0.854928657017316,0,slowdown,0.48651793335930404,0.4215750351914842,0,0,4,,4,0,0.16269932773260462,0.01838137804905094,0.17196486127532587,0.06334486956556921,0.6653348977757956,0.9182735265828852,9.132162740303613e-07,2.2580249469141705e-07,5.0,0,6.0,0,8.0,0,5.0,0,0.0,1,2023-10-01,2023-09-01,2023-10-01,2023-08-01,2023-10-01,2023-11-18,2023-11-11
2023-12-01,0,2023-12-01,slowdown,slowdown,official,0.1063593871166286,-0.209376241664912,1,2,2,3,0.393935069274798,employment,0.3177895245877514,-1.0026023475309493,none,absent,False,0.5135095524638611,0,slowdown,0.3676876010793918,0.2502414835197521,0,0,4,,4,0,0.23884121217827614,0.08632030380078033,0.2565919496022878,0.20008494256379608,0.5045659351864888,0.7135944950276571,9.03032947310779e-07,2.586077662673347e-07,6.0,0,7.0,0,4.0,0,6.0,0,0.0,1,2023-10-01,2023-10-01,2023-10-01,2023-09-01,2023-10-01,2023-11-25,2023-11-18
2023-12-08,0,2023-12-08,slowdown,slowdown,official,0.09455022293214452,-0.26840447507370724,1,2,2,3,0.38883246126554044,employment,0.2930540987894136,-1.0647553802806555,none,absent,False,0.6762898051364206,0,slowdown,0.388719755156251,0.2823278696488071,0,0,4,,4,0,0.2247264075224062,0.05242164691641538,0.23582602797335303,0.1356441458629059,0.5394466641798896,0.8119339509993264,9.003243511927408e-07,2.5622135225052475e-07,7.0,0,4.0,0,5.0,0,7.0,0,0.0,1,2023-11-01,2023-10-01,2023-10-01,2023-09-01,2023-10-01,2023-12-02,2023-11-25
2023-12-15,0,2023-12-15,slowdown,slowdown,official,0.10261399039003134,-0.3278852982104724,1,2,2,3,0.38443213691478795,employment,0.3616131280370882,-0.8396132067859021,none,absent,False,0.7950737163187827,0,slowdown,0.3983799055340508,0.3084614928091818,0,0,4,,4,0,0.20378365169670792,0.02584614944269621,0.21730478664698438,0.08953994412308255,0.5789106637477686,0.8846136604418652,8.979085392073988e-07,2.459923560645762e-07,4.0,0,5.0,0,6.0,0,4.0,0,0.0,1,2023-11-01,2023-10-01,2023-11-01,2023-09-01,2023-11-01,2023-12-09,2023-12-02
2023-12-22,0,2023-12-22,slowdown,slowdown,official,0.09274146157268601,-0.13153345917247294,0,2,1,2,0.3771087296918655,employment,0.35860809449110465,-0.6799323750227573,none,absent,False,0.6080185732605665,0,slowdown,0.35158743052637703,0.2108351482507292,0,0,4,,4,0,0.24783505231015482,0.04873540497121774,0.28809056151106804,0.17162286896755352,0.46407346400183835,0.77964144222812,9.221769388284831e-07,2.8383310868367673e-07,5.0,0,6.0,0,3.0,0,5.0,0,0.0,1,2023-11-01,2023-11-01,2023-11-01,2023-10-01,2023-11-01,2023-12-16,2023-12-09
2023-12-29,0,2023-12-29,slowdown,slowdown,official,0.09348634401685682,-0.08997041257670851,0,2,1,2,0.3764942189494049,employment,0.36233250671195866,-0.47090975979163624,none,absent,False,0.5452016569000393,0,slowdown,0.2961507288497555,0.14538167913869304,0,0,4,,4,0,0.24850763496492995,0.055071216369878204,0.30696460308122714,0.1998634199723117,0.44452683727427095,0.745065076872351,9.2467957196253e-07,2.867854592166825e-07,6.0,0,7.0,0,4.0,0,6.0,0,0.0,1,2023-11-01,2023-11-01,2023-11-01,2023-10-01,2023-11-01,2023-12-23,2023-12-16
2024-01-05,0,2024-01-05,slowdown,slowdown,official,0.09407540154049303,-0.009536080955102093,0,2,1,2,0.36373240819390673,employment,0.3930289282094809,-0.2426171342253509,none,absent,False,0.39713587763368674,0,slowdown,0.2270992577085655,0.05669629781132002,0,0,4,,4,0,0.2498400708929826,0.06738978814868699,0.3443554738048363,0.26773702343519745,0.405803525664708,0.6648729010688842,9.296374730901679e-07,2.873472313754101e-07,7.0,0,4.0,0,5.0,0,7.0,0,0.0,1,2023-12-01,2023-11-01,2023-11-01,2023-10-01,2023-11-01,2023-12-30,2023-12-23
2024-01-12,0,2024-01-12,expansion,slowdown,official,0.09958563605870996,0.05994754927784697,0,2,1,2,0.3730076068078559,employment,0.38877463101877596,0.05237115776511732,none,absent,False,0.26161176544906656,0,slowdown,0.17042853347420306,0.0,0,0,4,,4,0,0.25100644131885586,0.07721780927591504,0.37708620771217466,0.330585069986941,0.3719064169915134,0.5921968354360075,9.339774560701614e-07,2.853011365008729e-07,8.0,0,5.0,0,6.0,0,8.0,0,0.0,1,2023-12-01,2023-11-01,2023-11-01,2023-10-01,2023-11-01,2024-01-06,2023-12-30
2024-01-19,0,2024-01-19,expansion,expansion,official,0.09617193641643834,0.25105653816017914,0,1,1,1,0.3871098950704122,employment,0.4466694386652285,0.22987101858761938,none,absent,False,0.3964431845781724,0,expansion,0.0,0.0,0,0,4,,4,0,0.2588789603193532,0.11907863404107397,0.4735573939728363,0.63868217731478,0.26756268243726056,0.24223899273660765,9.632705500255002e-07,1.959075381985017e-07,4.0,0,6.0,0,7.0,0,4.0,0,0.0,1,2023-12-01,2023-11-01,2023-12-01,2023-10-01,2023-12-01,2024-01-13,2024-01-06
2024-01-26,0,2024-01-26,expansion,expansion,official,0.13744703918496545,0.30309947181841557,0,1,2,1,0.4198676468705258,employment,0.4629689454679735,0.35394410982463836,none,absent,False,0.5519595765527252,0,expansion,0.0,0.0,0,0,4,,4,0,0.27245426575174464,0.14166201285889213,0.4868232171703848,0.7051487034899664,0.2407215694108593,0.15318912693724124,9.476670113104161e-07,1.567139002697426e-07,5.0,0,7.0,0,4.0,0,5.0,0,0.0,1,2023-12-01,2023-12-01,2023-12-01,2023-11-01,2023-12-01,2024-01-20,2024-01-13
2024-02-02,0,2024-02-02,expansion,expansion,official,0.13647331482743472,0.44025970955802374,0,0,2,0,0.4572611865846722,employment,0.38353599999546484,0.2316998065217807,none,absent,True,0.6755074610825398,0,expansion,0.0,0.0,0,0,4,,4,0,0.2815366298072758,0.13258775154650065,0.5521976044778182,0.8080952126290405,0.16626484096341415,0.05931693521696241,9.24751491877317e-07,1.0060749653141805e-07,6.0,0,3.0,0,5.0,0,6.0,0,0.0,1,2024-01-01,2023-12-01,2023-12-01,2023-11-01,2023-12-01,2024-01-27,2024-01-20
2024-02-09,0,2024-02-09,expansion,expansion,official,0.1291592919540332,0.38520038816111235,0,0,2,0,0.4808028168286944,employment,0.31576372479284276,-0.06653591359946331,none,absent,False,0.6755113748877503,0,expansion,0.0,0.014257695771313568,0,0,4,,4,0,0.2665793563461553,0.12845645009917717,0.5445994227186322,0.8039678249869274,0.18882029370266865,0.06757562239197276,9.272325438127142e-07,1.0252192263746205e-07,7.0,0,4.0,0,6.0,0,7.0,0,0.0,1,2024-01-01,2023-12-01,2023-12-01,2023-11-01,2023-12-01,2024-02-03,2024-01-27
2024-02-16,0,2024-02-16,expansion,expansion,official,0.053303763815305216,0.16979334567732618,1,0,1,1,0.42938192146264664,employment,0.21693820743162828,-0.27831014480142197,none,absent,False,0.5849880322336424,0,expansion,0.0,0.05963788817173328,0,0,4,,4,0,0.25524766410681277,0.13152212849472938,0.4648633036544195,0.7267328855042675,0.27988808248001745,0.1417448532706251,9.497587501648847e-07,1.327303780621099e-07,4.0,0,5.0,0,7.0,0,4.0,0,0.0,1,2024-01-01,2023-12-01,2024-01-01,2023-11-01,2024-01-01,2024-02-10,2024-02-03
2024-02-23,0,2024-02-23,expansion,expansion,official,0.057812397720898134,0.1754533037554161,1,0,1,1,0.4266790724579649,employment,0.23544123396527467,-0.2384782586537208,none,absent,False,0.5670861936077818,0,expansion,0.0,0.05110248399722588,0,0,4,,4,0,0.2552005769149847,0.1329666538982228,0.467421710255064,0.7170596999393185,0.27737676324640936,0.14997350633153667,9.495835420092454e-07,1.3983092201837377e-07,5.0,0,6.0,0,8.0,0,5.0,0,0.0,1,2024-01-01,2023-12-01,2024-01-01,2023-11-01,2024-01-01,2024-02-17,2024-02-10
2024-03-01,0,2024-03-01,expansion,expansion,official,0.12097621502891438,0.1680962543670233,0,0,2,0,0.4856476932177008,employment,0.2538064234226695,-0.2749919541578671,none,absent,False,0.5433473521687686,0,expansion,0.0,0.058926847319542945,0,0,4,,4,0,0.2682927626648449,0.14979585078266122,0.4559740162618094,0.6967756776852905,0.27573228788112764,0.1534283255165219,9.331922179646779e-07,1.4601552636588608e-07,6.0,0,7.0,0,4.0,0,6.0,0,0.0,1,2024-01-01,2024-01-01,2024-01-01,2023-12-01,2024-01-01,2024-02-24,2024-02-17
2024-03-08,0,2024-03-08,expansion,expansion,official,0.10188469325071987,0.058627808413070914,0,0,2,0,0.4681262791659731,employment,0.2379885663159276,-0.3089088336369079,none,absent,False,0.35383496720837015,0,expansion,0.0,0.0661947500650517,0,0,4,,4,0,0.26926172011818944,0.1609182213029988,0.4058549947516606,0.5964582806614349,0.32488234856764514,0.2426233134530648,9.365625047589198e-07,1.8458250150387504e-07,7.0,0,4.0,0,5.0,0,7.0,0,0.0,1,2024-02-01,2024-01-01,2024-01-01,2023-12-01,2024-01-01,2024-03-02,2024-02-24
2024-03-15,0,2024-03-15,slowdown,slowdown,official,0.0800392183437822,-0.08073035995063009,0,1,1,1,0.4281714850191491,employment,0.3513818098268075,-0.1721476377159774,none,absent,False,0.24483234787138947,0,slowdown,0.0,0.07810421507701132,0,0,4,,4,0,0.2499997674420768,0.09668378955906419,0.33635453023810713,0.32924180025337507,0.4136447720881233,0.5740741481247645,9.302316928077276e-07,2.6206279627929205e-07,3.0,0,5.0,0,6.0,0,3.0,0,0.0,1,2024-02-01,2024-01-01,2024-02-01,2023-12-01,2024-02-01,2024-03-09,2024-03-02
2024-03-22,0,2024-03-22,slowdown,slowdown,official,0.07077223798990093,-0.1356992694084622,0,1,1,1,0.43873806285688144,employment,0.30310953336317303,-0.446992185005138,none,absent,False,0.347046845248385,0,slowdown,0.0,0.16658074909354825,0,0,4,,4,0,0.2499997674420768,0.09115619549280862,0.3104586664588115,0.2808983463371819,0.439540635867419,0.6279451915855669,9.302316928077276e-07,2.6658444264330746e-07,4.0,0,6.0,0,7.0,0,4.0,0,0.0,1,2024-02-01,2024-01-01,2024-02-01,2023-12-01,2024-02-01,2024-03-16,2024-03-09
2024-03-29,0,2024-03-29,slowdown,slowdown,official,-0.10255072015171693,-0.727187899725586,2,3,0,3,0.35448741711220166,consumption,0.2972798686261114,-0.26810875679039875,watch,preliminary,True,0.9405477790330493,0,slowdown,0.5691000992472917,0.5691000992472917,0,0,4,,4,0,0.12026878302360323,0.007181055892177269,0.10544311222542148,0.026135489707596788,0.7742872543243482,0.9666832687406461,8.50426627067127e-07,1.8565957973754467e-07,5.0,0,7.0,0,4.0,0,5.0,0,0.0,1,2024-02-01,2024-02-01,2024-02-01,2024-01-01,2024-02-01,2024-03-23,2024-03-16
2024-04-05,0,2024-04-05,slowdown,slowdown,official,-0.10533096921962455,-0.6745276709559518,2,3,0,3,0.3583921665800352,consumption,0.25988933947056536,-0.20733350442314988,watch,preliminary,True,0.9302085940579865,0,slowdown,0.549074012626356,0.5397220773641437,0,0,4,,4,0,0.13393530570740267,0.00864352512362235,0.11677769051824151,0.03057384447612617,0.7492861495464774,0.9607824385341127,8.542278783868969e-07,1.9186613872230976e-07,6.0,0,4.0,0,5.0,0,6.0,0,0.0,1,2024-03-01,2024-02-01,2024-02-01,2024-01-01,2024-02-01,2024-03-30,2024-03-23
2024-04-12,0,2024-04-12,slowdown,slowdown,official,-0.10632098551558042,-0.6449630144028375,2,3,0,3,0.35900860997231887,consumption,0.2484469757293559,-0.06618980179542089,watch,preliminary,True,0.9243283842168124,0,slowdown,0.508778147676164,0.48853893171600393,0,0,4,,4,0,0.14191917528246828,0.009461310505341679,0.12349549038757544,0.03310505481254242,0.7345844778704568,0.9574334390293548,8.564594994859962e-07,1.9565276108503921e-07,7.0,0,5.0,0,6.0,0,7.0,0,0.0,1,2024-03-01,2024-02-01,2024-02-01,2024-01-01,2024-02-01,2024-04-06,2024-03-30
2024-04-19,0,2024-04-19,slowdown,slowdown,official,-0.036496827335575174,-0.1630048645291498,2,2,1,2,0.33802729513876933,employment,0.23530356418650988,-0.17869706120878479,none,absent,False,0.566140736458751,0,slowdown,0.31928493432487837,0.1444403616899829,0,0,4,,4,0,0.2423539781307691,0.053396088251218,0.2887029394352326,0.1902314528545032,0.46894218065175414,0.7563721893132541,9.017822442075129e-07,2.6958102468145634e-07,4.0,0,6.0,0,7.0,0,4.0,0,0.0,1,2024-03-01,2024-02-01,2024-03-01,2024-01-01,2024-03-01,2024-04-13,2024-04-06
2024-04-26,0,2024-04-26,slowdown,slowdown,official,0.011646624122726667,-0.05729886895549592,2,2,1,2,0.36492225155775815,employment,0.25363749466067104,-0.20340694912571525,none,absent,False,0.3145840048740943,0,slowdown,0.26815845618010936,0.07757029595856005,0,0,4,,4,0,0.24317156663822725,0.07621138163454576,0.3380308229899336,0.3046021771627906,0.4187967055474051,0.6191861820368849,9.048244340027061e-07,2.5916577860772676e-07,5.0,0,7.0,0,4.0,0,5.0,0,0.0,1,2024-03-01,2024-03-01,2024-03-01,2024-02-01,2024-03-01,2024-04-20,2024-04-13
2024-05-03,0,2024-05-03,slowdown,slowdown,official,0.0056676349799738126,-0.09127471045743842,2,2,1,2,0.34472431322255387,employment,0.2849277416004005,-0.14152508776058614,none,absent,False,0.40181988270373514,0,slowdown,0.26782861129553326,0.08511917526077964,0,0,4,,4,0,0.2429049784388994,0.07151986652247498,0.32194665407911405,0.2633299926966496,0.43514746364950857,0.6651498754003847,9.038324779121839e-07,2.653804906577013e-07,6.0,0,3.0,0,5.0,0,6.0,0,0.0,1,2024-04-01,2024-03-01,2024-03-01,2024-02-01,2024-03-01,2024-04-27,2024-04-20
2024-05-10,0,2024-05-10,slowdown,slowdown,official,-0.0025657176484096657,-0.12173332915897646,2,2,1,2,0.35289869894338155,employment,0.23676601498301988,-0.22728940414660784,none,absent,False,0.4216842096224806,0,slowdown,0.29943205935994016,0.12299139351890503,0,0,4,,4,0,0.24266873255982765,0.07233640814507036,0.3076931401086721,0.25298956048568316,0.44963722437807674,0.6746737701081638,9.029534234784286e-07,2.6126108276052e-07,7.0,0,4.0,0,6.0,0,7.0,0,0.0,1,2024-04-01,2024-03-01,2024-03-01,2024-02-01,2024-03-01,2024-05-04,2024-04-27
2024-05-17,0,2024-05-17,slowdown,slowdown,official,-0.02749394799387674,-0.1444911575139956,2,1,0,2,0.3356604453356022,employment,0.20527930287843724,-0.20621668222498704,none,absent,False,0.45565807830811733,0,slowdown,0.04726827962533998,0.13671120314908333,0,0,4,,4,0,0.2366861664509667,0.06465836119276519,0.311806747383191,0.23984164150436357,0.45150613942117657,0.6954997198124809,9.467446658038668e-07,2.7749039034800324e-07,4.0,0,5.0,0,7.0,0,4.0,0,0.0,1,2024-04-01,2024-03-01,2024-04-01,2024-02-01,2024-04-01,2024-05-11,2024-05-04
2024-05-24,0,2024-05-24,slowdown,slowdown,official,-0.033523409875304784,-0.15486365427747248,2,1,0,2,0.33955752114182375,employment,0.17513199347129701,-0.2580791660423714,none,absent,False,0.4626948005486193,0,slowdown,0.05912971063594603,0.15559347576780563,0,0,4,,4,0,0.2366861664509667,0.06469617859315814,0.3069173993462491,0.23630437239441876,0.4563954874581185,0.698999172943038,9.467446658038668e-07,2.760693850688775e-07,5.0,0,6.0,0,8.0,0,5.0,0,0.0,1,2024-04-01,2024-03-01,2024-04-01,2024-02-01,2024-04-01,2024-05-18,2024-05-11
2024-05-31,0,2024-05-31,slowdown,slowdown,official,-0.14149617175830292,-0.15264380693329402,2,0,0,2,0.3107220723405326,consumption,0.13782674593826832,-0.26008886143344334,none,absent,False,0.4138996543703852,0,slowdown,0.07182075517741256,0.17448026983777318,0,0,4,,4,0,0.2444520884449953,0.07092005050518072,0.3180662472338654,0.25759000375391955,0.43748068651278554,0.6714896581243047,9.778083537799813e-07,2.876165951093842e-07,6.0,0,7.0,0,4.0,0,6.0,0,0.0,1,2024-04-01,2024-04-01,2024-04-01,2024-03-01,2024-04-01,2024-05-25,2024-05-18
2024-06-07,0,2024-06-07,slowdown,slowdown,official,-0.1442681418382325,-0.17766821486082132,2,0,0,2,0.31213497587461647,consumption,0.13227647591396363,-0.2525508385156996,none,absent,False,0.46683062772758777,0,slowdown,0.07127662320163711,0.19292679712325583,0,0,4,,4,0,0.2446583944020195,0.06767553865546896,0.30623802720293875,0.23274677155114584,0.4491025997614642,0.6995773992787336,9.78633577608078e-07,2.905146515795289e-07,7.0,0,4.0,0,5.0,0,7.0,0,0.0,1,2024-05-01,2024-04-01,2024-04-01,2024-03-01,2024-04-01,2024-06-01,2024-05-25
2024-06-14,0,2024-06-14,slowdown,slowdown,official,-0.1529528868667419,-0.20158487152928722,2,0,0,2,0.3166460821649839,consumption,0.07439722313323172,-0.37213412185802913,none,absent,False,0.48418831068978263,0,slowdown,0.09870056489526997,0.23935059734795408,0,0,4,,4,0,0.24485314625672316,0.06799570395246729,0.2950722430341556,0.22390784876292877,0.46007363129653633,0.7080961594527114,9.794125850268926e-07,2.878318926366191e-07,8.0,0,5.0,0,6.0,0,8.0,0,0.0,1,2024-05-01,2024-04-01,2024-04-01,2024-03-01,2024-04-01,2024-06-08,2024-06-01
2024-06-21,0,2024-06-21,slowdown,slowdown,official,-0.10758444011371023,-0.14083160752482374,2,1,1,2,0.3008832245251446,consumption,0.008661022508650362,-0.5591419688636233,none,absent,False,0.3477785708290903,0,slowdown,0.13178185095302047,0.22360930573381185,0,0,4,,4,0,0.24999976744207678,0.08682140221742686,0.30806886814722256,0.28269988185770917,0.4419304341790079,0.6304784526867995,9.302316928077275e-07,2.6323806460155045e-07,5.0,0,6.0,0,7.0,0,5.0,0,0.0,1,2024-05-01,2024-04-01,2024-05-01,2024-03-01,2024-05-01,2024-06-15,2024-06-08
2024-06-28,0,2024-06-28,slowdown,slowdown,official,-0.11518996139437092,-0.06659412329775509,2,1,2,2,0.3535737024045062,consumption,-0.03457693863905719,-0.7353970061447753,none,absent,False,0.13926018123734202,0,slowdown,0.16102090452127205,0.19969134583066106,0,0,4,,4,0,0.262856902530832,0.11268104059327196,0.33720381535977856,0.37402926652543284,0.39993836782451114,0.5132894477627749,9.142848783681113e-07,2.4511852030443396e-07,6.0,0,7.0,0,4.0,0,6.0,0,0.0,1,2024-05-01,2024-05-01,2024-05-01,2024-04-01,2024-05-01,2024-06-22,2024-06-15
2024-07-05,0,2024-07-05,slowdown,slowdown,official,-0.13948244058702114,-0.06494270040558743,2,1,2,2,0.35840666510331853,consumption,-0.07476886167730351,-0.7201958834391134,none,absent,False,0.20535743674571993,0,slowdown,0.163296874316403,0.20036333847864174,0,0,4,,4,0,0.262856902530832,0.10506292932943284,0.3379780481967673,0.3447896883378936,0.3991641349875223,0.5501471250836135,9.142848783681113e-07,2.5724906012583546e-07,7.0,0,3.0,0,5.0,0,7.0,0,0.0,1,2024-06-01,2024-05-01,2024-05-01,2024-04-01,2024-05-01,2024-06-29,2024-06-22
2024-07-12,0,2024-07-12,slowdown,slowdown,official,-0.13173855738037776,-0.03594263054160294,2,1,2,2,0.36144588065151995,consumption,-0.042774310819288806,-0.575195534119191,none,absent,False,0.1695157654629439,0,slowdown,0.1350148185063394,0.15079388460416634,0,0,4,,4,0,0.262856902530832,0.10899130341119595,0.3516122645066509,0.36074633605091366,0.38552991867763875,0.5302621015138576,9.142848783681113e-07,2.590240328900871e-07,8.0,0,4.0,0,6.0,0,8.0,0,0.0,1,2024-06-01,2024-05-01,2024-05-01,2024-04-01,2024-05-01,2024-07-06,2024-06-29
2024-07-19,0,2024-07-19,expansion,expansion,official,-0.03088868190702817,0.31671932450049295,2,0,2,2,0.2998056462524471,consumption,-0.0664867105644525,-0.5664970193520816,none,absent,False,0.693156742523046,0,expansion,0.12186815621417885,0.12234409399576876,0,0,4,,4,0,0.24506480331410194,0.10893424833191062,0.5445825623019811,0.8020909908549567,0.2103517225148813,0.088974655591402,9.118690355873561e-07,1.0522173067297419e-07,4.0,0,5.0,0,7.0,0,4.0,0,0.0,1,2024-06-01,2024-05-01,2024-06-01,2024-04-01,2024-06-01,2024-07-13,2024-07-06
2024-07-26,0,2024-07-26,expansion,expansion,official,-0.018468872351827675,0.47915008351103516,2,0,3,2,0.25066140818186994,real_income,-0.07739591170390889,-0.5037813462391794,none,absent,True,0.6818081299300301,0,expansion,0.1079531456226813,0.1079531456226813,0,0,4,,4,0,0.2927528027639712,0.13473263359464252,0.563647713264844,0.8165407635246726,0.14359859567648842,0.0487265102253557,8.882946965711101e-07,9.265532909080869e-08,5.0,0,6.0,0,3.0,0,5.0,0,0.0,1,2024-06-01,2024-06-01,2024-06-01,2024-05-01,2024-06-01,2024-07-20,2024-07-13
2024-08-02,0,2024-08-02,expansion,expansion,official,-0.04134201001106933,0.39698108072204424,2,1,3,3,0.25537761500499845,real_income,-0.10338524936393194,-0.5667871885024928,none,absent,True,0.5974352336836843,0,expansion,0.12145439753624845,0.12145439753624845,0,0,4,,4,0,0.3084187329305346,0.16520948952688896,0.50790408457173,0.7626447232105733,0.18367627097696954,0.07214567315876431,9.115207658494068e-07,1.1410377328203756e-07,6.0,0,3.0,0,4.0,0,6.0,0,0.0,1,2024-07-01,2024-06-01,2024-06-01,2024-05-01,2024-06-01,2024-07-27,2024-07-20
2024-08-09,0,2024-08-09,expansion,expansion,official,-0.04551868555935098,0.40995877838905914,2,1,3,3,0.2526892431997848,real_income,-0.13146542839270042,-0.4995140151661312,none,absent,True,0.5743083462935811,0,expansion,0.10703871753559954,0.10703871753559954,0,0,4,,4,0,0.3197339659684806,0.17835373788375639,0.5039714449994833,0.7526620841773375,0.17629367819773478,0.06898406053397893,9.108343013896199e-07,1.1740492721424654e-07,7.0,0,4.0,0,5.0,0,7.0,0,0.0,1,2024-07-01,2024-06-01,2024-06-01,2024-05-01,2024-06-01,2024-08-03,2024-07-27
2024-08-16,0,2024-08-16,expansion,expansion,official,-0.1457806919870421,0.06175973594707803,2,2,2,4,0.33395258382983833,real_income,-0.0954797419963436,-0.2596554495564188,none,absent,False,0.04808675056549139,0,expansion,0.3297277239480384,0.0756992854317522,0,0,4,,4,0,0.26392857604685416,0.14250568132903293,0.37143481466570094,0.45279041758287614,0.3646356912750065,0.40470366701738475,9.180124384238406e-07,2.3407070615314337e-07,4.0,0,5.0,0,6.0,0,4.0,0,0.0,1,2024-07-01,2024-06-01,2024-07-01,2024-05-01,2024-07-01,2024-08-10,2024-08-03
2024-08-23,0,2024-08-23,expansion,expansion,official,-0.14553493348852625,0.07986707410655638,2,2,2,4,0.33375254460757336,real_income,-0.09562522996034738,-0.1562948612018619,none,absent,False,0.07655280500588169,0,expansion,0.30747520202811346,0.05241310342603846,0,0,4,,4,0,0.2642424907649357,0.14036646057735983,0.3798058810937243,0.46809305664396245,0.3559507090370243,0.39154025163808076,9.191043157041243e-07,2.311405970136873e-07,5.0,0,6.0,0,7.0,0,5.0,0,0.0,1,2024-07-01,2024-06-01,2024-07-01,2024-05-01,2024-07-01,2024-08-17,2024-08-10
2024-08-30,0,2024-08-30,slowdown,slowdown,official,-0.1180779280692394,0.013628485488599112,2,2,1,4,0.34347492858989853,real_income,-0.055816555562255926,0.044783480772825755,none,absent,False,0.1787132023217491,0,slowdown,0.26560400242806775,0.021847426874574735,0,0,4,,4,0,0.25022834052180076,0.10435099397079436,0.35525111177991037,0.358467770695374,0.3945196166160916,0.5371809730171231,9.310821972904214e-07,2.6231670864787364e-07,6.0,0,7.0,0,4.0,0,6.0,0,0.0,1,2024-07-01,2024-07-01,2024-07-01,2024-06-01,2024-07-01,2024-08-24,2024-08-17
2024-09-06,0,2024-09-06,slowdown,slowdown,official,-0.13545807591116452,-0.01409407458961481,2,2,1,4,0.36338386382755994,real_income,-0.03339967348797319,0.021744983794998517,none,absent,False,0.24434708905227231,0,slowdown,0.2770840041756051,0.02486866342183733,0,0,4,,4,0,0.24976382611040732,0.09449524112531472,0.34221588964277555,0.33057870284947144,0.4080193548930456,0.5749257919017438,9.293537715736086e-07,2.641234701241646e-07,7.0,0,4.0,0,5.0,0,7.0,0,0.0,1,2024-08-01,2024-07-01,2024-07-01,2024-06-01,2024-07-01,2024-08-31,2024-08-24
2024-09-13,0,2024-09-13,slowdown,slowdown,official,-0.13692691150406683,-0.008265005563002567,2,2,1,4,0.3622133915058111,real_income,-0.04074385145248483,0.06504409790317829,none,absent,False,0.22896864477048812,0,slowdown,0.27588948916751416,0.025206858395471498,0,0,4,,4,0,0.24986134353471778,0.09495594573882668,0.3449524275347119,0.33803757341367674,0.40518529921394314,0.5670062181841649,9.297166271059266e-07,2.626633316985938e-07,8.0,0,5.0,0,6.0,0,8.0,0,0.0,1,2024-08-01,2024-07-01,2024-07-01,2024-06-01,2024-07-01,2024-09-07,2024-08-31
2024-09-20,0,2024-09-20,slowdown,slowdown,official,-0.09705278229400388,-0.012799054007236615,2,1,1,3,0.3390659614707225,real_income,-0.005769226820229898,0.17051115386549157,none,absent,False,0.23548884014955307,0,slowdown,0.008525158053598365,0.016717476098337312,0,0,4,,4,0,0.25660314894822445,0.09317861936898685,0.3521806746041677,0.33566613151026203,0.3912152216451932,0.5711549716598151,9.548024146910675e-07,2.7746093599765065e-07,4.0,0,6.0,0,7.0,0,4.0,0,0.0,1,2024-08-01,2024-07-01,2024-08-01,2024-06-01,2024-08-01,2024-09-14,2024-09-07
2024-09-27,0,2024-09-27,slowdown,slowdown,official,0.14640470804335076,-0.03362633164948725,0,2,1,2,0.5071325820628287,employment,0.02507385672293071,0.31849655030832336,none,absent,False,0.40045124680541205,0,slowdown,0.15788592838212814,0.01447364785456265,0,0,4,,4,0,0.24943786816990074,0.07074466970281217,0.33306884477689014,0.26440190101789646,0.4174923589123043,0.6648531478233085,9.281409048182353e-07,2.814559827939418e-07,5.0,0,7.0,0,4.0,0,5.0,0,0.0,1,2024-08-01,2024-08-01,2024-08-01,2024-07-01,2024-08-01,2024-09-21,2024-09-14
2024-10-04,0,2024-10-04,expansion,slowdown,official,0.1387716350723166,0.12568426253304135,0,1,1,1,0.48631361807546086,employment,0.03387649651580135,0.41618837571647505,none,absent,False,0.21311839905961216,2,expansion,0.0,0.0,0,0,4,,4,0,0.24999976744207678,0.10911366038668852,0.4348618752556557,0.5520022622549383,0.3151374270705746,0.33888386319532615,9.302316928077275e-07,2.141630470252958e-07,6.0,0,3.0,0,5.0,0,6.0,0,0.0,1,2024-09-01,2024-08-01,2024-08-01,2024-07-01,2024-08-01,2024-09-28,2024-09-21
2024-10-11,0,2024-10-11,expansion,expansion,official,0.12619106421717624,0.07823774906004169,0,1,1,1,0.48778246132119746,employment,-0.029344265210035598,0.16626567415136073,none,absent,False,0.24225054722979883,0,expansion,0.0,0.0016929383775020537,0,0,4,,4,0,0.2499997674420768,0.11763461439762013,0.41245965472930446,0.5623078677230281,0.337539647596926,0.32005732049322927,9.302316928077276e-07,1.9738612246014063e-07,7.0,0,4.0,0,6.0,0,7.0,0,0.0,1,2024-09-01,2024-08-01,2024-08-01,2024-07-01,2024-08-01,2024-10-05,2024-09-28
2024-10-18,0,2024-10-18,slowdown,slowdown,official,0.06390757731292798,-0.05990564537110053,0,1,1,1,0.631202216306052,employment,-0.08590310860910955,0.02051938686932479,none,absent,False,0.12302900008228584,0,slowdown,0.0,0.03670615833621928,0,0,4,,4,0,0.2499997674420768,0.10440575773590237,0.34627738877498604,0.38628249908162376,0.4037219135512444,0.5093114991639096,9.302316928077276e-07,2.4401856430575916e-07,4.0,0,5.0,0,7.0,0,4.0,0,0.0,1,2024-09-01,2024-08-01,2024-09-01,2024-07-01,2024-09-01,2024-10-12,2024-10-05
2024-10-25,0,2024-10-25,slowdown,slowdown,official,0.056320748786865216,-0.09922445213396389,0,1,1,1,0.6097507939153496,employment,-0.12383725123942338,-0.17607464694499192,none,absent,False,0.18522681603379892,0,slowdown,0.0,0.09122826272088458,0,0,4,,4,0,0.24999976744207678,0.10468483701906901,0.32758738276016625,0.35504404965336284,0.42241191956606416,0.5402708656871618,9.302316928077275e-07,2.4764040640727764e-07,5.0,0,6.0,0,8.0,0,5.0,0,0.0,1,2024-09-01,2024-08-01,2024-09-01,2024-07-01,2024-09-01,2024-10-19,2024-10-12
2024-11-01,0,2024-11-01,slowdown,slowdown,official,-0.015703319658374282,-0.24003794918984736,0,2,1,2,0.4497770110385097,employment,-0.11635135703686489,-0.20298398585755056,none,absent,False,0.6712792297150977,0,slowdown,0.3377742481212646,0.19378371540947467,0,0,4,,4,0,0.24615927744912722,0.05334738098457002,0.24106489981029638,0.13768655989073586,0.512774906799079,0.8089657896058335,9.159414974851245e-07,2.6951886050141893e-07,6.0,0,3.0,0,4.0,0,6.0,0,0.0,1,2024-10-01,2024-09-01,2024-09-01,2024-08-01,2024-09-01,2024-10-26,2024-10-19
2024-11-08,0,2024-11-08,slowdown,slowdown,official,-0.0014427391518017792,-0.20129018121046816,0,2,1,2,0.47926496067145113,employment,-0.045296394211113276,-0.011614775814384895,none,absent,False,0.6612507597483206,0,slowdown,0.27700397675370725,0.12517568580136654,0,0,4,,4,0,0.2467423612409587,0.05136324979175337,0.25742742068082614,0.14369285709108634,0.4958292999671036,0.804943616839407,9.181111115942649e-07,2.7627775338076655e-07,7.0,0,4.0,0,5.0,0,7.0,0,0.0,1,2024-10-01,2024-09-01,2024-09-01,2024-08-01,2024-09-01,2024-11-02,2024-10-26
2024-11-15,0,2024-11-15,slowdown,slowdown,official,-0.021427172433868897,-0.4165870386528324,0,3,0,3,0.44625710228999693,employment,0.008768312891731248,0.04812502592097969,none,absent,True,0.8590288665064778,0,slowdown,0.3534033626373617,0.26370225552443655,0,0,4,,4,0,0.18616266861101755,0.017970516146271313,0.17839890845073875,0.061500195305153604,0.6354375396521446,0.9205290618116314,8.832860992267722e-07,2.2673694373916373e-07,4.0,0,5.0,0,6.0,0,4.0,0,0.0,1,2024-10-01,2024-09-01,2024-10-01,2024-08-01,2024-10-01,2024-11-09,2024-11-02
2024-11-22,0,2024-11-22,slowdown,slowdown,official,-0.017036111338504002,-0.4223227812257373,0,3,0,3,0.43796697317940814,employment,0.030723618368555725,0.015531435633545306,none,absent,True,0.8597760799844619,0,slowdown,0.35224447500210165,0.2650946213384692,0,0,4,,4,0,0.1831182632735745,0.01769021267695047,0.17702008184416945,0.06126674110859505,0.6398607724085865,0.921042821093057,8.824736695329166e-07,2.2512139745558335e-07,5.0,0,6.0,0,7.0,0,5.0,0,0.0,1,2024-10-01,2024-09-01,2024-10-01,2024-08-01,2024-10-01,2024-11-16,2024-11-09
2024-11-29,0,2024-11-29,slowdown,slowdown,official,-0.03725503434542349,-0.19619424658946832,0,2,1,2,0.407997496265304,employment,0.023582833968502557,-0.03049138096386734,none,absent,False,0.6454250964891184,0,slowdown,0.29874306605052164,0.1344743530283728,0,0,4,,4,0,0.24682040532378344,0.05090482011071248,0.2596174968790159,0.1518349045805513,0.4935611793956925,0.7972600010696697,9.184015081815197e-07,2.742390666544738e-07,6.0,0,7.0,0,4.0,0,6.0,0,0.0,1,2024-10-01,2024-10-01,2024-10-01,2024-09-01,2024-10-01,2024-11-23,2024-11-16
2024-12-06,0,2024-12-06,slowdown,slowdown,official,-0.034241161467282545,-0.1426357820398149,0,2,1,2,0.4208891068304845,employment,0.016087340860768545,0.1257416954090234,none,absent,False,0.5890441728745388,0,slowdown,0.27321345661844487,0.09249551438282402,0,0,4,,4,0,0.24765786116778374,0.05597067629219811,0.28311821653126185,0.17749243526557107,0.4692230007833315,0.7665366081401099,9.21517622949893e-07,2.8030212095681975e-07,7.0,0,4.0,0,5.0,0,7.0,0,0.0,1,2024-11-01,2024-10-01,2024-10-01,2024-09-01,2024-10-01,2024-11-30,2024-11-23
2024-12-13,0,2024-12-13,slowdown,slowdown,official,-0.04571595364088904,-0.14471503036442718,0,2,1,2,0.4127966338000637,employment,-0.04128662000726392,0.11770778896071568,none,absent,False,0.5776333275053502,0,slowdown,0.2821194391474796,0.09823015811394505,0,0,4,,4,0,0.24762480385581334,0.05754844063134019,0.2821905609102064,0.18240897684825202,0.47018371383936125,0.7600423043536022,9.213946189983752e-07,2.7816680559114007e-07,8.0,0,5.0,0,6.0,0,8.0,0,0.0,1,2024-11-01,2024-10-01,2024-10-01,2024-09-01,2024-10-01,2024-12-07,2024-11-30
2024-12-20,0,2024-12-20,slowdown,slowdown,official,-0.060157642778790245,0.023621208009972992,0,2,2,2,0.3912411402987651,employment,-0.04501050987262972,0.19793791206461286,none,absent,False,0.2258065763751998,0,slowdown,0.24051127129925942,0.011835093624537553,0,0,4,,4,0,0.26326648434352745,0.09513433343126232,0.35377902055747185,0.3395294109751796,0.3829535793894898,0.5653359873503794,9.157095107600956e-07,2.682431788722411e-07,4.0,0,6.0,0,3.0,0,4.0,0,0.0,1,2024-11-01,2024-11-01,2024-11-01,2024-10-01,2024-11-01,2024-12-14,2024-12-07
2024-12-27,0,2024-12-27,slowdown,slowdown,official,-0.062289625784110216,0.015338850817076827,0,2,2,2,0.3882482070700309,employment,-0.05500373465483677,0.1575881371223322,none,absent,False,0.18650161297549933,0,slowdown,0.24198849214362161,0.012955097906438545,0,0,4,,4,0,0.263122773480118,0.10286511138144452,0.34994672753412503,0.3553165079761483,0.3869295837761102,0.5418181209516476,9.152096468873668e-07,2.596907594917921e-07,5.0,0,7.0,0,4.0,0,5.0,0,0.0,1,2024-11-01,2024-11-01,2024-11-01,2024-10-01,2024-11-01,2024-12-21,2024-12-14
2025-01-03,0,2025-01-03,slowdown,slowdown,official,-0.05519585781117035,-0.00427692334058194,0,2,2,2,0.39838854900091797,employment,-0.01867078218656162,0.06131596169194614,none,absent,False,0.18100328968031554,0,slowdown,0.2383363142714858,0.010198428171159733,0,0,4,,4,0,0.26278285686089436,0.10819232741944884,0.34088227647270397,0.35540206409388053,0.39633395263907356,0.5364053537741961,9.140273282118065e-07,2.5471247448425695e-07,6.0,0,8.0,0,5.0,0,6.0,0,0.0,1,2024-11-01,2024-11-01,2024-11-01,2024-10-01,2024-11-01,2024-12-28,2024-12-21
2025-01-10,0,2025-01-10,expansion,expansion,official,-0.03550115456025392,0.1443645671268433,0,1,2,1,0.38670940196977205,employment,0.07206712414016964,0.1843329299589568,none,absent,False,0.3604170602876495,0,expansion,0.0,0.003656626580210466,0,0,4,,4,0,0.262856902530832,0.13598636136673228,0.4359681720238667,0.6122152579922787,0.3011740111604231,0.2517981977046292,9.142848783681113e-07,1.8293635992517263e-07,7.0,0,4.0,0,6.0,0,7.0,0,0.0,1,2024-12-01,2024-11-01,2024-11-01,2024-10-01,2024-11-01,2025-01-04,2024-12-28
2025-01-17,0,2025-01-17,expansion,expansion,official,0.13212909010388316,0.4409241636241954,0,0,2,0,0.38763440702762525,employment,0.06973653457871495,0.11645052372933441,none,absent,True,0.6659908952287152,0,expansion,0.0,0.0,0,0,4,,4,0,0.28594887978279215,0.13759204497773175,0.5490225411943309,0.803582940206447,0.16502765462537958,0.058824912681475494,9.243974974079739e-07,1.0213434561360902e-07,4.0,0,5.0,0,7.0,0,4.0,0,0.0,1,2024-12-01,2024-11-01,2024-12-01,2024-10-01,2024-12-01,2025-01-11,2025-01-04
2025-01-24,0,2025-01-24,expansion,expansion,official,0.130285643019323,0.4375469137027513,0,0,2,0,0.39009286362141776,employment,0.06066546881927873,0.11168067040899723,none,absent,True,0.6575290654316767,0,expansion,0.0,0.0,0,0,4,,4,0,0.29003754845377355,0.14183005877910862,0.5447846223101479,0.7993591242107853,0.16517690507621666,0.058810713803752294,9.241598617957124e-07,1.0320635391501669e-07,5.0,0,6.0,0,8.0,0,5.0,0,0.0,1,2024-12-01,2024-11-01,2024-12-01,2024-10-01,2024-12-01,2025-01-18,2025-01-11
2025-01-31,0,2025-01-31,expansion,expansion,official,0.13314536694459791,0.3177976813596336,0,0,1,0,0.3938227022232255,employment,0.05995472434148948,0.13194244333628447,none,absent,False,0.6690089514740891,0,expansion,0.0,0.0,0,0,4,,4,0,0.25408114945383614,0.11952748009822146,0.5282439953469316,0.7885364315723106,0.2176739097810017,0.09193597556625697,9.45418230525902e-07,1.1276321097019073e-07,6.0,0,7.0,0,4.0,0,6.0,0,0.0,1,2024-12-01,2024-12-01,2024-12-01,2024-11-01,2024-12-01,2025-01-25,2025-01-18
2025-02-07,0,2025-02-07,expansion,expansion,official,0.09313808097275905,0.33637264794472166,0,0,1,0,0.35201751380894514,production,0.02140709659656179,0.16557471155076545,none,absent,False,0.6436677467399071,0,expansion,0.0,0.0,0,0,4,,4,0,0.26380342203345075,0.13089442103721108,0.5175772087611176,0.7745621677771182,0.21861838761130323,0.0945432881677909,9.81594128496561e-07,1.2301787989195813e-07,7.0,0,4.0,0,5.0,0,7.0,0,0.0,1,2025-01-01,2024-12-01,2024-12-01,2024-11-01,2024-12-01,2025-02-01,2025-01-25
2025-02-14,0,2025-02-14,expansion,expansion,official,0.07916042715173452,0.308363590445521,0,1,1,1,0.37170971655589297,production,0.026407781452549905,0.1885487299546343,none,absent,False,0.675994757371846,0,expansion,0.0,0.0,0,0,4,,4,0,0.23668616645096666,0.10682112637427608,0.5250416845236556,0.7845867578978448,0.23827120228071189,0.10859200052599881,9.467446658038666e-07,1.1520188024147251e-07,4.0,0,5.0,0,6.0,0,4.0,0,0.0,1,2025-01-01,2024-12-01,2025-01-01,2024-11-01,2025-01-01,2025-02-08,2025-02-01
2025-02-21,0,2025-02-21,expansion,expansion,official,0.081959896015331,0.3217307480871359,0,1,1,1,0.3694906275476167,production,0.038964071672064775,0.25544098112511393,none,absent,False,0.6835470558927628,0,expansion,0.0,0.0,0,0,4,,4,0,0.23668616645096666,0.10582682336572052,0.5306183685190867,0.7893738792584832,0.23269451828528073,0.10479918358372678,9.467446658038666e-07,1.1379206935828317e-07,5.0,0,6.0,0,7.0,0,5.0,0,0.0,1,2025-01-01,2024-12-01,2025-01-01,2024-11-01,2025-01-01,2025-02-15,2025-02-08
2025-02-28,0,2025-02-28,expansion,expansion,official,0.09682627502779881,0.451891410508036,0,0,2,0,0.40695631734510335,production,-0.03677516068224478,-0.05991697279628268,none,absent,True,0.6765370759438054,0,expansion,0.0,0.012839351313489147,0,0,4,,4,0,0.28732421312752665,0.134666547424725,0.5514967446411045,0.8112036233685304,0.1611781007547026,0.054129730672069776,9.414766661208711e-07,9.85346749526806e-08,6.0,0,7.0,0,4.0,0,6.0,0,0.0,1,2025-01-01,2025-01-01,2025-01-01,2024-12-01,2025-01-01,2025-02-22,2025-02-15
2025-03-07,0,2025-03-07,expansion,expansion,official,0.09181813599665636,0.30815377721780723,0,1,2,1,0.4159501155623267,production,-0.04089133313951429,-0.29452400567700693,none,absent,False,0.6640594510215754,0,expansion,0.0,0.0631122869307872,0,0,4,,4,0,0.2499997674420768,0.11996916251485523,0.5157974129126657,0.7840286135364306,0.23420188941356468,0.09600211404389518,9.302316928077276e-07,1.0990481906894976e-07,7.0,0,3.0,0,5.0,0,7.0,0,0.0,1,2025-02-01,2025-01-01,2025-01-01,2024-12-01,2025-01-01,2025-03-01,2025-02-22
2025-03-14,0,2025-03-14,expansion,expansion,official,0.08767005539275707,0.29265193429293346,0,1,2,1,0.4104326541022611,production,-0.06163173615901073,-0.372033220301376,none,absent,False,0.6542461563124644,0,expansion,0.0,0.07972140435029484,0,0,4,,4,0,0.24999976744207678,0.1201517389569112,0.5093529564338212,0.7743978952693756,0.24064634589240913,0.10545025125666868,9.302316928077275e-07,1.1451704449583308e-07,8.0,0,4.0,0,6.0,0,8.0,0,0.0,1,2025-02-01,2025-01-01,2025-01-01,2024-12-01,2025-01-01,2025-03-08,2025-03-01
2025-03-21,0,2025-03-21,expansion,expansion,official,0.14643845170214365,0.03556077956467685,0,2,2,2,0.5033655867764273,production,-0.0733647911198702,-0.3801771983446476,none,absent,False,0.21602326024521407,0,expansion,0.2321013914354155,0.0814665425024245,0,0,4,,4,0,0.2439089399714963,0.13057403193019157,0.38251905342374304,0.542724519123425,0.3735710990366119,0.32670125887821094,9.07568148731149e-07,1.9006817249691002e-07,4.0,0,5.0,0,7.0,0,4.0,0,0.0,1,2025-02-01,2025-01-01,2025-02-01,2024-12-01,2025-02-01,2025-03-15,2025-03-08
2025-03-28,0,2025-03-28,slowdown,slowdown,official,-0.00682153968503918,-0.34709713340935655,2,2,1,3,0.36583093194818234,production,-0.04477085186209695,-0.29487957338331205,none,absent,False,0.7779829203496722,0,slowdown,0.38536809648427317,0.27678398658379744,0,0,4,,4,0,0.2074132963963259,0.02934867606596202,0.21996586079787364,0.09633407636031924,0.5726199328427224,0.8743169967099914,9.099630781746727e-07,2.508637273757453e-07,5.0,0,6.0,0,3.0,0,5.0,0,0.0,1,2025-02-01,2025-02-01,2025-02-01,2025-01-01,2025-02-01,2025-03-22,2025-03-15
2025-04-04,0,2025-04-04,slowdown,slowdown,official,-0.0074880740652559325,-0.2756140083289966,2,1,1,2,0.36800837009269216,production,-0.03814039232688159,-0.1671365149877937,none,absent,False,0.6982548903670818,0,slowdown,0.03685914736965721,0.20564316211920156,0,0,4,,4,0,0.23668616645096666,0.04082361989405401,0.2522352398784638,0.13046060503362486,0.5110776469259037,0.8287154954007067,9.467446658038666e-07,2.796716145605732e-07,6.0,0,3.0,0,4.0,0,6.0,0,0.0,1,2025-03-01,2025-02-01,2025-02-01,2025-01-01,2025-02-01,2025-03-29,2025-03-22
2025-04-11,0,2025-04-11,slowdown,slowdown,official,-0.00729204780583372,-0.2776597799281239,2,1,1,2,0.3680745654713158,production,-0.036492397979475774,-0.17661935727936978,none,absent,False,0.6904904780558254,0,slowdown,0.03886697385615717,0.20887006823682255,0,0,4,,4,0,0.23668616645096666,0.04208986414242215,0.2513508131424327,0.13370968972980507,0.5119620736619348,0.8242001677856304,9.467446658038666e-07,2.7834214238009574e-07,7.0,0,4.0,0,5.0,0,7.0,0,0.0,1,2025-03-01,2025-02-01,2025-02-01,2025-01-01,2025-02-01,2025-04-05,2025-03-29
2025-04-18,0,2025-04-18,slowdown,slowdown,official,0.018605667160359704,-0.13663364416270413,1,1,1,2,0.35801773535665243,production,-0.019266815065760123,-0.12710057661010568,none,absent,False,0.47630107525612325,0,slowdown,0.0,0.10712348122970823,0,0,4,,4,0,0.2366861664509667,0.05979728707508132,0.315526544664712,0.2319506780471749,0.44778634213965546,0.7082517533032981,9.467446658038668e-07,2.815744456053451e-07,4.0,0,5.0,0,6.0,0,4.0,0,0.0,1,2025-03-01,2025-02-01,2025-03-01,2025-01-01,2025-03-01,2025-04-12,2025-04-05
2025-04-25,0,2025-04-25,slowdown,slowdown,official,0.021747597176062207,-0.11125694130122613,1,1,1,2,0.36067504557560526,production,-0.013569844865153417,0.08504994454319863,none,absent,False,0.4580175349995359,0,slowdown,0.0,0.06541120537595953,0,0,4,,4,0,0.2366861664509667,0.06005521437892235,0.327625286857455,0.24096348260473854,0.4356875999469126,0.6989810176042744,9.467446658038668e-07,2.8541206479098804e-07,5.0,0,6.0,0,7.0,0,5.0,0,0.0,1,2025-03-01,2025-02-01,2025-03-01,2025-01-01,2025-03-01,2025-04-19,2025-04-12
2025-05-02,0,2025-05-02,expansion,expansion,official,0.13597308640048117,0.35273527322128706,0,0,2,0,0.4530965606388996,production,-0.06352903501425959,-0.03404207840433626,none,absent,False,0.6825075795765456,0,expansion,0.0,0.0072947310866434845,0,0,4,,4,0,0.2538286158598351,0.1140792742924053,0.5419650007561134,0.7965868538689509,0.20420543890548093,0.08933375965189574,9.444785706412469e-07,1.1218674812207998e-07,6.0,0,3.0,0,4.0,0,6.0,0,0.0,1,2025-04-01,2025-03-01,2025-03-01,2025-02-01,2025-03-01,2025-04-26,2025-04-19
2025-05-09,0,2025-05-09,expansion,expansion,official,0.1330384428647647,0.3554895086989221,0,0,2,0,0.44910110139635734,production,-0.07793750805290572,-0.02027090101616097,none,absent,False,0.686377870911809,0,expansion,0.0,0.004496394695359946,0,0,4,,4,0,0.25380912201323325,0.11507625806113005,0.5430241674611551,0.8014541289729391,0.2031657661195763,0.08346950457993603,9.444060353980771e-07,1.0838599476501722e-07,7.0,0,4.0,0,5.0,0,7.0,0,0.0,1,2025-04-01,2025-03-01,2025-03-01,2025-02-01,2025-03-01,2025-05-03,2025-04-26
2025-05-16,0,2025-05-16,expansion,expansion,official,0.11620615221611556,0.3599367080540943,0,1,2,1,0.4287162151220912,production,-0.10378771546393367,-0.07556249684005091,none,absent,False,0.6270462201973832,0,expansion,0.0,0.016191963608582337,0,0,4,,4,0,0.2728986612444025,0.13974117880928755,0.5093650381322429,0.7667873990066708,0.2177353514106199,0.09347130134835645,9.492127347631392e-07,1.208356851264101e-07,4.0,0,5.0,0,6.0,0,4.0,0,0.0,1,2025-04-01,2025-03-01,2025-04-01,2025-02-01,2025-04-01,2025-05-10,2025-05-03
2025-05-23,0,2025-05-23,expansion,expansion,official,0.11227037826324149,0.3234665634202027,0,1,2,1,0.4237128164270735,production,-0.12346658522830402,-0.23877880207446744,none,absent,False,0.6135721950001973,0,expansion,0.0,0.05116688615881445,0,0,4,,4,0,0.27261631071351183,0.14238748687291017,0.4950428966592145,0.7559596818731075,0.2323398443966276,0.10165270800824683,9.482306459600412e-07,1.2324573555816653e-07,5.0,0,6.0,0,7.0,0,5.0,0,0.0,1,2025-04-01,2025-03-01,2025-04-01,2025-02-01,2025-04-01,2025-05-17,2025-05-10
2025-05-30,0,2025-05-30,expansion,expansion,official,0.2242303060293474,0.5926974717658365,0,1,2,1,0.38791035850672123,production,-0.11923026404515703,-0.25626491969177756,none,absent,True,0.6835492692887618,0,expansion,0.0,0.054913911362523764,0,0,4,,4,0,0.2935700791416009,0.13685920046998082,0.5717980002676842,0.8204084697587426,0.1346309682762749,0.04273223274230996,9.523144399804747e-07,9.702896652709474e-08,6.0,0,7.0,0,4.0,0,6.0,0,0.0,1,2025-04-01,2025-04-01,2025-04-01,2025-03-01,2025-04-01,2025-05-24,2025-05-17
2025-06-06,0,2025-06-06,expansion,expansion,official,0.2042085269569041,0.5302674675119641,0,1,2,1,0.39424824177076795,production,-0.15448035132002513,-0.36087652766445316,none,absent,True,0.6588897183110489,0,expansion,0.0,0.07733068449952568,0,0,4,,4,0,0.2968908435566609,0.14513708868260025,0.550898864300833,0.8040268069936491,0.15220934148760584,0.05083600160493955,9.506549003244182e-07,1.0271881103018488e-07,7.0,0,4.0,0,5.0,0,7.0,0,0.0,1,2025-05-01,2025-04-01,2025-04-01,2025-03-01,2025-04-01,2025-05-31,2025-05-24
2025-06-13,0,2025-06-13,expansion,expansion,official,0.1935202049159731,0.48114569564924636,0,1,2,1,0.3828410872746405,production,-0.2081994038410547,-0.5788628630573582,none,absent,True,0.6391764539749358,0,expansion,0.0,0.12404204208371963,0,0,4,,4,0,0.2989683416350771,0.15146207960994792,0.5337733961056681,0.7906385335848838,0.16725731292518956,0.05789927982821294,9.493340651626354e-07,1.0697695538729416e-07,8.0,0,5.0,0,6.0,0,8.0,0,0.0,1,2025-05-01,2025-04-01,2025-04-01,2025-03-01,2025-04-01,2025-06-07,2025-05-31
2025-06-20,0,2025-06-20,expansion,expansion,official,0.0786898347509695,0.06676739909038157,0,0,1,0,0.362141112251228,production,-0.2536306942513059,-0.7367292358082704,none,absent,False,0.38323827911053104,0,expansion,0.0,0.15,0,0,4,,4,0,0.26380342203345075,0.1560798893822606,0.39950591089732035,0.6135791046306572,0.3366896854751004,0.2303408255201262,9.81594128496561e-07,1.8046695590005622e-07,4.0,0,6.0,0,7.0,0,4.0,0,0.0,1,2025-05-01,2025-04-01,2025-05-01,2025-03-01,2025-05-01,2025-06-14,2025-06-07
2025-06-27,0,2025-06-27,slowdown,slowdown,official,-0.0499645958812011,-0.5070514100980448,1,2,0,2,0.35129068367723454,real_income,-0.2607563624876542,-0.6149934651734814,watch,preliminary,True,0.8797051027059763,0,slowdown,0.5346089312007605,0.4702169415779012,0,0,4,,4,0,0.17473919771474566,0.016891407965871734,0.15821602894156678,0.05170163137661421,0.6670438603503214,0.9314067340825906,9.129933660913746e-07,2.265749234899321e-07,5.0,0,7.0,0,4.0,0,5.0,0,0.0,1,2025-05-01,2025-05-01,2025-05-01,2025-04-01,2025-05-01,2025-06-21,2025-06-14
2025-07-04,0,2025-07-04,slowdown,slowdown,official,-0.049229035186193384,-0.47759239896123296,1,2,0,2,0.35711889563654464,real_income,-0.24467006676841382,-0.516908572762557,watch,preliminary,True,0.8730761602283095,0,slowdown,0.5032367327694921,0.4291122335514029,0,0,4,,4,0,0.18342573174431867,0.017052673289010403,0.1663242187735666,0.05493546759245047,0.6502491342981344,0.92801162782076,9.151839803423499e-07,2.3129777919519057e-07,6.0,0,3.0,0,5.0,0,6.0,0,0.0,1,2025-06-01,2025-05-01,2025-05-01,2025-04-01,2025-05-01,2025-06-28,2025-06-21
2025-07-11,0,2025-07-11,slowdown,slowdown,official,-0.040325882661525335,-0.4395685146519412,1,3,0,3,0.3666213287370366,real_income,-0.20015430414507357,-0.31313358076415804,none,absent,True,0.8682223817340726,0,slowdown,0.4407747964993538,0.3553769751047583,0,0,4,,4,0,0.18484880546111288,0.017259922127832963,0.17060782171500075,0.057258736027381664,0.6445424912101235,0.9254811177614543,8.81613762857847e-07,2.2408333112075486e-07,7.0,0,4.0,0,6.0,0,7.0,0,0.0,1,2025-06-01,2025-05-01,2025-05-01,2025-04-01,2025-05-01,2025-07-05,2025-06-28
2025-07-18,0,2025-07-18,slowdown,slowdown,official,0.03129706997952417,-0.3816835260054415,1,2,0,2,0.4123629837605324,production,-0.15644696659737342,-0.1210618779447357,none,absent,False,0.8224824716963895,0,slowdown,0.3338787063686599,0.24325942815333268,0,0,4,,4,0,0.1852508459172695,0.018798682426426145,0.21192921071069398,0.079359302822634,0.6028190367872721,0.9018417745190236,9.065847645127118e-07,2.4023191637351177e-07,4.0,0,5.0,0,7.0,0,4.0,0,0.0,1,2025-06-01,2025-05-01,2025-06-01,2025-04-01,2025-06-01,2025-07-12,2025-07-05
2025-07-25,0,2025-07-25,slowdown,slowdown,official,0.0395732547128619,-0.3587002931341183,1,2,0,2,0.42215162820747304,production,-0.11494969416699115,-0.006145713588119747,none,absent,False,0.8055916963871985,0,slowdown,0.3027375966946232,0.2072801268904033,0,0,4,,4,0,0.18932669771851227,0.020594485039203095,0.2201852431569556,0.08690678747562407,0.5904871515072642,0.8924984838628226,9.076172679921687e-07,2.4362235024412147e-07,5.0,0,6.0,0,8.0,0,5.0,0,0.0,1,2025-06-01,2025-05-01,2025-06-01,2025-04-01,2025-06-01,2025-07-19,2025-07-12
2025-08-01,0,2025-08-01,slowdown,slowdown,official,-0.09257668303216149,-0.7294668046409855,1,3,0,3,0.4504655330964965,real_income,-0.08354371799820733,0.21936153527521512,watch,preliminary,True,0.9413572493297704,0,slowdown,0.5080406853291811,0.5080406853291811,0,0,4,,4,0,0.11765181128801097,0.0069163643382470505,0.10521449758616899,0.02586310072118528,0.7771328412059014,0.9672203500509556,8.49919918617409e-07,1.848896121269031e-07,6.0,0,3.0,0,4.0,0,6.0,0,0.0,1,2025-07-01,2025-06-01,2025-06-01,2025-05-01,2025-06-01,2025-07-26,2025-07-19
2025-08-08,0,2025-08-08,slowdown,slowdown,official,-0.0926359410013797,-0.6951964011819968,1,3,0,3,0.45040172202963835,real_income,-0.08384000784429839,0.39071355257015844,watch,preliminary,True,0.9351298874863672,0,slowdown,0.5063810538225848,0.5046542598103501,0,0,4,,4,0,0.1258877268898728,0.007728199613494942,0.11256650855934074,0.02857086211554471,0.7615449122807123,0.9637007496019119,8.522700742553844e-07,1.886690485386894e-07,7.0,0,4.0,0,5.0,0,7.0,0,0.0,1,2025-07-01,2025-06-01,2025-06-01,2025-05-01,2025-06-01,2025-08-02,2025-07-26
2025-08-15,0,2025-08-15,slowdown,slowdown,official,-0.08230190048264935,-0.40208692543924907,1,2,0,2,0.5004515577827455,real_income,-0.09072014271737762,0.50346559715752,none,absent,True,0.8259690260201109,0,slowdown,0.3945377000018349,0.2893021664806895,0,0,4,,4,0,0.21513167421585933,0.02380794564193439,0.1963598355903965,0.07511139029805697,0.5885075806560354,0.9010804163181678,9.095377087025684e-07,2.4774184066257805e-07,4.0,0,5.0,0,6.0,0,4.0,0,0.0,1,2025-07-01,2025-06-01,2025-07-01,2025-05-01,2025-07-01,2025-08-09,2025-08-02
2025-08-22,0,2025-08-22,slowdown,slowdown,official,-0.08976357048511123,-0.42133320948751385,1,2,0,2,0.4907257745661966,real_income,-0.12802849272968703,0.40724555574336624,none,absent,True,0.8278638027456673,0,slowdown,0.40853838601747544,0.308846541753178,0,0,4,,4,0,0.21137915401654822,0.024452255316611143,0.19009381594057567,0.07384184879861876,0.5985261213747687,0.9017056515442861,9.086681075530806e-07,2.4434048408617373e-07,5.0,0,6.0,0,7.0,0,5.0,0,0.0,1,2025-07-01,2025-06-01,2025-07-01,2025-05-01,2025-07-01,2025-08-16,2025-08-09
2025-08-29,0,2025-08-29,slowdown,slowdown,official,-0.057008658313088725,-0.13123431224241117,1,1,0,2,0.4480140607212503,real_income,-0.14584935367468763,0.29310662032518686,none,absent,False,0.4266785088390071,0,slowdown,0.0,0.09712284709961243,0,0,4,,4,0,0.23668616645096666,0.06319692697490278,0.318090199210477,0.25506214493749796,0.44522268759389055,0.6817406537765051,9.467446658038666e-07,2.743110943230381e-07,6.0,0,7.0,0,4.0,0,6.0,0,0.0,1,2025-07-01,2025-07-01,2025-07-01,2025-06-01,2025-07-01,2025-08-23,2025-08-16
2025-09-05,0,2025-09-05,slowdown,slowdown,official,-0.07336100922494897,-0.14343591203333728,1,1,0,2,0.46445504624890205,real_income,-0.1553380464651045,0.13623042772872793,none,absent,False,0.40777953526878125,0,slowdown,0.0,0.10874913920831765,0,0,4,,4,0,0.23668616645096666,0.06828377704849342,0.3123055270277985,0.26196820908283885,0.451007359776569,0.6697477443516201,9.467446658038666e-07,2.6951704753324507e-07,7.0,0,4.0,0,5.0,0,7.0,0,0.0,1,2025-08-01,2025-07-01,2025-07-01,2025-06-01,2025-07-01,2025-08-30,2025-08-23
2025-09-12,0,2025-09-12,slowdown,slowdown,official,-0.08665699345401257,-0.2128263626701426,1,1,0,2,0.44691423906192723,real_income,-0.22181796761042244,-0.21072182545529855,none,absent,False,0.4852192494754587,0,slowdown,0.0,0.1966320557086903,0,0,4,,4,0,0.23668616645096666,0.06712274173287765,0.28010380605269697,0.22382887104076032,0.4832090807516705,0.709048120516219,9.467446658038666e-07,2.667101428771662e-07,8.0,0,5.0,0,6.0,0,8.0,0,0.0,1,2025-08-01,2025-07-01,2025-07-01,2025-06-01,2025-07-01,2025-09-06,2025-08-30
2025-09-19,0,2025-09-19,slowdown,slowdown,official,-0.08459010310626103,-0.31144808590071393,1,2,0,3,0.4967060522401237,real_income,-0.20398947332182793,-0.2895022209687243,none,absent,False,0.7422997419906994,0,slowdown,0.42071934294748453,0.28292974455386455,0,0,4,,4,0,0.23200256718763798,0.04140458676868257,0.21608234663505213,0.10814770430238137,0.5519141581670411,0.8504474462930808,9.280102687505519e-07,2.626358552432822e-07,4.0,0,6.0,0,7.0,0,4.0,0,0.0,1,2025-08-01,2025-07-01,2025-08-01,2025-06-01,2025-08-01,2025-09-13,2025-09-06
2025-09-26,0,2025-09-26,slowdown,slowdown,official,-0.09038882139875201,-0.11467988601790462,1,2,1,3,0.5238349419076999,real_income,-0.18183919386339603,-0.31355760959371726,none,absent,False,0.45392758971695124,0,slowdown,0.3589465587543332,0.14932993656582427,0,0,4,,4,0,0.2481061119659748,0.07609557859287393,0.2956970484991239,0.2349882805594492,0.45619591634936835,0.6889158702764004,9.231855328966504e-07,2.7057127644073056e-07,5.0,0,7.0,0,4.0,0,5.0,0,0.0,1,2025-08-01,2025-08-01,2025-08-01,2025-07-01,2025-08-01,2025-09-20,2025-09-13
2025-10-03,0,2025-09-26,slowdown,slowdown,official,-0.09038882139875201,-0.11467988601790462,1,2,1,3,0.5238349419076999,real_income,-0.18183919386339603,-0.31355760959371726,none,absent,False,0.45392758971695124,0,slowdown,0.3589465587543332,0.14932993656582427,1,1,4,,5,0,0.2481061119659748,0.07609557859287393,0.2956970484991239,0.2349882805594492,0.45619591634936835,0.6889158702764004,9.231855328966504e-07,2.7057127644073056e-07,5.0,0,7.0,0,4.0,0,5.0,0,0.0,1,2025-08-01,2025-08-01,2025-08-01,2025-07-01,2025-08-01,2025-09-20,2025-09-13
2025-10-10,0,2025-09-26,slowdown,slowdown,preliminary,-0.09038882139875201,-0.11467988601790462,1,2,1,3,0.5238349419076999,real_income,-0.18183919386339603,-0.31355760959371726,none,absent,False,0.45392758971695124,0,slowdown,0.3589465587543332,0.14932993656582427,2,2,3,employment,5,0,0.2481061119659748,0.07609557859287393,0.2956970484991239,0.2349882805594492,0.45619591634936835,0.6889158702764004,9.231855328966504e-07,2.7057127644073056e-07,5.0,0,7.0,0,4.0,0,5.0,0,0.0,1,2025-08-01,2025-08-01,2025-08-01,2025-07-01,2025-08-01,2025-09-20,2025-09-13
2025-10-17,0,2025-09-26,slowdown,slowdown,preliminary,-0.09038882139875201,-0.11467988601790462,1,2,1,3,0.5238349419076999,real_income,-0.18183919386339603,-0.31355760959371726,none,absent,False,0.45392758971695124,0,slowdown,0.3589465587543332,0.14932993656582427,3,3,3,employment,5,0,0.2481061119659748,0.07609557859287393,0.2956970484991239,0.2349882805594492,0.45619591634936835,0.6889158702764004,9.231855328966504e-07,2.7057127644073056e-07,5.0,0,7.0,0,4.0,0,5.0,0,0.0,1,2025-08-01,2025-08-01,2025-08-01,2025-07-01,2025-08-01,2025-09-20,2025-09-13
2025-10-24,0,2025-09-26,slowdown,,withheld,-0.09038882139875201,-0.11467988601790462,1,2,1,3,0.5238349419076999,real_income,-0.18183919386339603,-0.31355760959371726,none,absent,False,0.45392758971695124,0,slowdown,0.3589465587543332,0.14932993656582427,4,4,1,consumption|employment|production,5,1,0.2481061119659748,0.07609557859287393,0.2956970484991239,0.2349882805594492,0.45619591634936835,0.6889158702764004,9.231855328966504e-07,2.7057127644073056e-07,5.0,0,7.0,0,4.0,0,5.0,0,0.0,1,2025-08-01,2025-08-01,2025-08-01,2025-07-01,2025-08-01,2025-09-20,2025-09-13
2025-10-31,0,2025-09-26,slowdown,,withheld,-0.09038882139875201,-0.11467988601790462,1,2,1,3,0.5238349419076999,real_income,-0.18183919386339603,-0.31355760959371726,none,absent,False,0.45392758971695124,0,slowdown,0.3589465587543332,0.14932993656582427,5,5,0,consumption|employment|production|real_income,5,1,0.2481061119659748,0.07609557859287393,0.2956970484991239,0.2349882805594492,0.45619591634936835,0.6889158702764004,9.231855328966504e-07,2.7057127644073056e-07,5.0,0,7.0,0,4.0,0,5.0,0,0.0,1,2025-08-01,2025-08-01,2025-08-01,2025-07-01,2025-08-01,2025-09-20,2025-09-13
2025-11-07,0,2025-09-26,slowdown,,withheld,-0.09038882139875201,-0.11467988601790462,1,2,1,3,0.5238349419076999,real_income,-0.18183919386339603,-0.31355760959371726,none,absent,False,0.45392758971695124,0,slowdown,0.3589465587543332,0.14932993656582427,6,6,0,consumption|employment|production|real_income,5,1,0.2481061119659748,0.07609557859287393,0.2956970484991239,0.2349882805594492,0.45619591634936835,0.6889158702764004,9.231855328966504e-07,2.7057127644073056e-07,5.0,0,7.0,0,4.0,0,5.0,0,0.0,1,2025-08-01,2025-08-01,2025-08-01,2025-07-01,2025-08-01,2025-09-20,2025-09-13
2025-11-14,0,2025-09-26,slowdown,,withheld,-0.09038882139875201,-0.11467988601790462,1,2,1,3,0.5238349419076999,real_income,-0.18183919386339603,-0.31355760959371726,none,absent,False,0.45392758971695124,0,slowdown,0.3589465587543332,0.14932993656582427,7,7,0,consumption|employment|production|real_income,5,1,0.2481061119659748,0.07609557859287393,0.2956970484991239,0.2349882805594492,0.45619591634936835,0.6889158702764004,9.231855328966504e-07,2.7057127644073056e-07,5.0,0,7.0,0,4.0,0,5.0,0,0.0,1,2025-08-01,2025-08-01,2025-08-01,2025-07-01,2025-08-01,2025-09-20,2025-09-13
2025-11-21,0,2025-10-17,slowdown,,withheld,-0.07568720267463125,-0.00719416536551275,1,2,1,3,0.5494131130655916,real_income,-0.07870778881414595,0.1398142644840848,none,absent,False,0.32370111561185355,0,slowdown,0.2515286082583959,0.017140825218200425,5,5,0,consumption|employment|production|real_income,5,1,0.24987926843789157,0.08071642615073321,0.34545543689012703,0.297791090227012,0.404664364888657,0.6214922058388656,9.297833244200617e-07,2.777833892914007e-07,8.0,0,5.0,0,7.0,0,8.0,0,0.0,1,2025-09-01,2025-08-01,2025-08-01,2025-07-01,2025-08-01,2025-11-15,2025-11-08
2025-11-28,0,2025-10-17,slowdown,,withheld,-0.08894831613650056,-0.10730604722001406,1,2,0,3,0.5708534297187223,real_income,-0.07870778881414595,0.1398142644840848,none,absent,False,0.5456746940586708,0,slowdown,0.29295388208840556,0.08121179231807085,6,6,0,consumption|employment|production|real_income,5,1,0.2349767326312415,0.054175667717344625,0.30431600077303494,0.20007467731982814,0.4607063266887929,0.7457493713784988,9.39906930524966e-07,2.8358432823157953e-07,8.0,0,5.0,0,7.0,0,4.0,0,0.0,1,2025-09-01,2025-08-01,2025-08-01,2025-07-01,2025-09-01,2025-11-22,2025-11-15
2025-12-05,0,2025-11-07,slowdown,,withheld,-0.08866457772376345,-0.16322567067985377,1,3,0,3,0.5503759807882146,real_income,-0.10548682345320663,0.3603731899273407,none,absent,False,0.668322460310401,0,slowdown,0.314328496349593,0.12265581574987942,4,4,0,consumption|employment|production|real_income,5,1,0.226908368337779,0.040571484910951285,0.2702112427226247,0.14555289329676818,0.5028794813061229,0.8138753536071691,9.07633473351116e-07,2.68185111556743e-07,7.0,0,8.0,0,5.0,0,7.0,0,0.0,1,2025-09-01,2025-09-01,2025-09-01,2025-07-01,2025-09-01,2025-11-29,2025-11-22
2025-12-12,0,2025-11-07,slowdown,,withheld,-0.08866457772376345,-0.16322567067985377,1,3,0,3,0.5503759807882146,real_income,-0.10548682345320663,0.3603731899273407,none,absent,False,0.668322460310401,0,slowdown,0.314328496349593,0.12265581574987942,5,5,0,consumption|employment|production|real_income,5,1,0.226908368337779,0.040571484910951285,0.2702112427226247,0.14555289329676818,0.5028794813061229,0.8138753536071691,9.07633473351116e-07,2.68185111556743e-07,7.0,0,8.0,0,5.0,0,7.0,0,0.0,1,2025-09-01,2025-09-01,2025-09-01,2025-07-01,2025-09-01,2025-12-06,2025-11-29
2025-12-19,0,2025-11-14,slowdown,,withheld,-0.128979510485518,-0.2612067331488056,1,3,0,3,0.5086488174414757,real_income,-0.12388952699264268,0.2624913073779947,none,absent,False,0.7459904447087907,0,slowdown,0.37376456770341104,0.20640295105287484,5,5,1,consumption|production|real_income,5,1,0.2249008076507663,0.03458142457622822,0.2284985572025023,0.10971393786186343,0.5465997355435007,0.8557043825706542,8.996032306030651e-07,2.5499125420519874e-07,8.0,0,0.0,1,6.0,0,8.0,0,0.0,1,2025-11-01,2025-09-01,2025-09-01,2025-07-01,2025-09-01,2025-12-13,2025-12-06
2025-12-26,0,2025-12-12,slowdown,slowdown,preliminary,-0.1701493512184091,-0.4706582049139187,1,3,0,3,0.5768176954974973,real_income,-0.013414886949564202,0.2065268228646437,watch,preliminary,False,0.8616796330070111,0,slowdown,0.4763658411149079,0.383193384082785,2,2,2,consumption|real_income,5,0,0.2135157386422411,0.02287695776750709,0.16365525651728652,0.05772158963840506,0.6228281306561586,0.9194012226454161,8.741843136315502e-07,2.29948671708819e-07,3.0,0,4.0,0,10.0,0,8.0,0,0.0,1,2025-11-01,2025-09-01,2025-11-01,2025-09-01,2025-09-01,2025-12-20,2025-12-13
2026-01-02,0,2025-12-12,slowdown,slowdown,preliminary,-0.1701493512184091,-0.4706582049139187,1,3,0,3,0.5768176954974973,real_income,-0.013414886949564202,0.2065268228646437,watch,preliminary,False,0.8616796330070111,0,slowdown,0.4763658411149079,0.383193384082785,3,3,2,consumption|real_income,5,0,0.2135157386422411,0.02287695776750709,0.16365525651728652,0.05772158963840506,0.6228281306561586,0.9194012226454161,8.741843136315502e-07,2.29948671708819e-07,3.0,0,4.0,0,10.0,0,8.0,0,0.0,1,2025-11-01,2025-09-01,2025-11-01,2025-09-01,2025-09-01,2025-12-27,2025-12-20
2026-01-09,0,2025-12-12,slowdown,slowdown,preliminary,-0.1830100190499379,-0.3707302642294567,1,3,0,3,0.5617585263062165,real_income,-0.013414886949564202,0.2065268228646437,none,absent,False,0.8348358332851167,0,slowdown,0.4440797690837522,0.30775487058031525,4,4,2,consumption|real_income,5,0,0.21980470562997156,0.023187108640962673,0.197713125945734,0.07098840764858519,0.5824812892054718,0.9058242409337018,8.792188225198862e-07,2.427767502522059e-07,3.0,0,0.0,1,10.0,0,8.0,0,0.0,1,2025-12-01,2025-09-01,2025-11-01,2025-09-01,2025-09-01,2026-01-03,2025-12-27
2026-01-16,0,2025-12-12,slowdown,,withheld,-0.22658197929996843,-0.2315628765019341,1,3,0,3,0.4759052821101902,real_income,-0.013414886949564202,0.2065268228646437,none,absent,False,0.7498098016476059,0,slowdown,0.41095837499923765,0.20469680784615102,5,5,3,real_income,5,1,0.22149089259207255,0.029479185691494193,0.2542074632924861,0.11035537618433237,0.5243007581518709,0.8601651778319382,8.859635703682902e-07,2.602922352365909e-07,3.0,0,0.0,1,10.0,0,3.0,0,0.0,1,2025-12-01,2025-09-01,2025-12-01,2025-09-01,2025-11-01,2026-01-10,2026-01-03
2026-01-23,0,2026-01-23,expansion,slowdown,preliminary,-0.0960359217263097,0.10436462759408274,1,2,1,3,0.498163184839872,real_income,0.1417886971076199,0.760756230123947,none,absent,False,0.1018977777933241,2,expansion,0.2530718357193654,0.011500550359035557,0,0,3,consumption,4,0,0.23134481862931272,0.09002707296907957,0.42262361200926385,0.5059352415775332,0.34603064398214883,0.4040374637842091,9.253792745172509e-07,2.2166917811961668e-07,5.0,0,6.0,0,7.0,0,9.0,0,0.0,1,2025-12-01,2025-11-01,2025-12-01,2025-10-01,2025-11-01,2026-01-17,2026-01-10
2026-01-30,0,2026-01-30,expansion,expansion,preliminary,-0.10391060264076654,0.030249208272201133,1,2,1,3,0.5047826081335199,real_income,0.10241529253533566,0.3901791335145389,none,absent,False,0.07253674066272392,0,expansion,0.2563986144357115,0.015668977777085966,0,0,3,consumption,4,0,0.23077917196820982,0.09558758263492399,0.38654475004484473,0.48847447353707946,0.38267515487025744,0.41593773287435554,9.231166878728393e-07,2.1095364110721877e-07,6.0,0,7.0,0,8.0,0,10.0,0,0.0,1,2025-12-01,2025-11-01,2025-12-01,2025-10-01,2025-11-01,2026-01-24,2026-01-17
2026-02-06,0,2026-02-06,slowdown,expansion,preliminary,-0.1111109054104521,0.0031892536604609667,1,2,1,3,0.5109910064848917,real_income,0.06641377868690786,0.2548793604558381,none,absent,False,0.0351389815718941,0,expansion,0.259440491848352,0.01801394966983816,0,0,2,consumption|real_income,4,0,0.23057177082791158,0.09807469389430143,0.3733160020884882,0.46853203691858736,0.39611130479651685,0.43339305534669326,9.222870833116463e-07,2.1384041779472852e-07,7.0,0,8.0,0,9.0,0,11.0,0,0.0,1,2025-12-01,2025-11-01,2025-12-01,2025-10-01,2025-11-01,2026-01-31,2026-01-24
2026-02-13,0,2026-02-13,expansion,expansion,preliminary,-0.2543493996629477,0.12933463679403553,1,0,1,1,0.4308338026312279,real_income,0.011329284412134587,0.047085606117846505,none,absent,False,0.5335802848063764,0,expansion,0.0,0.027799092386833167,0,0,3,real_income,4,0,0.24207360346450263,0.12074192445411827,0.45443285581525067,0.7064191085609379,0.30349257242583294,0.1728388237545615,9.682944138580106e-07,1.4323038220800858e-07,8.0,0,5.0,0,10.0,0,8.0,0,0.0,1,2026-01-01,2025-11-01,2025-12-01,2025-10-01,2025-12-01,2026-02-07,2026-01-31
2026-02-20,0,2026-02-20,expansion,expansion,preliminary,-0.2125327816951626,0.13006503525294918,1,1,1,1,0.5073931534280264,real_income,0.015162769388406792,0.029609829426999138,none,absent,False,0.4502243979830702,0,expansion,0.0,0.02316373588818674,0,0,3,consumption,4,0,0.23668616645096666,0.11569458000794655,0.4446667169374318,0.6672648301574746,0.31864616986693567,0.21704043217440444,9.467446658038666e-07,1.5766017443368939e-07,4.0,0,6.0,0,7.0,0,9.0,0,0.0,1,2026-01-01,2025-12-01,2026-01-01,2025-11-01,2025-12-01,2026-02-14,2026-02-07
2026-02-27,0,2026-02-27,expansion,expansion,preliminary,-0.2151308177817337,0.11999316777161266,1,1,1,1,0.5093636175061226,real_income,0.002172588955551225,-0.016436914142777537,none,absent,False,0.4321492372196148,0,expansion,0.0,0.02787655367410082,0,0,3,consumption,4,0,0.23668616645096666,0.11698833334250107,0.43986657418330266,0.657580371323038,0.32344631262106477,0.22543113410342325,9.467446658038666e-07,1.6123103762856417e-07,5.0,0,7.0,0,8.0,0,10.0,0,0.0,1,2026-01-01,2025-12-01,2026-01-01,2025-11-01,2025-12-01,2026-02-21,2026-02-14
2026-03-06,0,2026-03-06,slowdown,expansion,preliminary,-0.3304017469832844,-0.01116162002190022,3,2,1,3,0.4280192459789135,real_income,0.03184765424456972,-0.05222764102750538,none,absent,False,0.0002292475399803262,1,slowdown,0.3688889080508082,0.06674411056495207,0,0,3,real_income,4,0,0.23046187429635212,0.10109754523849071,0.3663064286831185,0.4493364937572004,0.4032307751730322,0.44956574129718074,9.218474971854085e-07,2.1970712803559832e-07,6.0,0,3.0,0,9.0,0,6.0,0,0.0,1,2026-02-01,2025-12-01,2026-01-01,2025-11-01,2026-01-01,2026-02-28,2026-02-21
2026-03-13,0,2026-03-13,expansion,expansion,official,-0.21523185626369884,0.04317029650575401,2,1,1,2,0.3983611006673789,real_income,0.059554435581793824,-0.12621854839532337,none,absent,False,0.26463998151859225,0,expansion,0.04269218470313321,0.05833753760726856,0,0,4,,4,0,0.23668616645096666,0.11759830920432206,0.4027420758240327,0.5735207416434881,0.3605708109803347,0.30888076012489585,9.467446658038666e-07,1.8902729394486292e-07,7.0,0,4.0,0,6.0,0,7.0,0,0.0,1,2026-02-01,2026-01-01,2026-01-01,2025-12-01,2026-01-01,2026-03-07,2026-02-28
2026-03-20,0,2026-03-20,slowdown,expansion,official,-0.19826249707211888,-0.003341569012580875,2,1,1,2,0.3888268505047981,real_income,0.07011175558469702,-0.12401777437590064,none,absent,False,0.14820625731830056,0,expansion,0.04291811620705945,0.05926099504785448,0,0,4,,4,0,0.2366861664509667,0.11685333657463534,0.38002266995273914,0.5156763571305181,0.3832902168516284,0.3674700998122175,9.467446658038668e-07,2.064826292274321e-07,4.0,0,5.0,0,7.0,0,8.0,0,0.0,1,2026-02-01,2026-01-01,2026-02-01,2025-12-01,2026-01-01,2026-03-14,2026-03-07
2026-03-27,0,2026-03-27,expansion,expansion,preliminary,-0.04708513558253173,0.00577127514966809,2,1,1,2,0.38531377604414213,real_income,0.07312289831046133,-0.07845355356465582,none,absent,False,0.1227376748395484,0,expansion,0.020602876134677196,0.024394276505499572,0,0,3,consumption,4,0,0.23668616645096666,0.11382917464957196,0.3844781244355672,0.5044541434514954,0.3788347623688002,0.381716468611947,9.467446658038666e-07,2.1328698563465383e-07,5.0,0,6.0,0,8.0,0,9.0,0,0.0,1,2026-02-01,2026-01-01,2026-02-01,2025-12-01,2026-01-01,2026-03-21,2026-03-14
2026-04-03,0,2026-04-03,expansion,expansion,preliminary,-0.16676033968050621,0.14838035111925868,1,1,2,1,0.39974048587543404,real_income,0.10047363763154592,0.13050847068365617,none,absent,False,0.4137872292600816,0,expansion,0.0,0.016895885019082967,0,0,3,real_income,4,0,0.2499997674420768,0.13084038693347366,0.4454351638564442,0.6414733350371337,0.3045641384697862,0.2276861057770521,9.302316928077276e-07,1.7225234077931673e-07,6.0,0,3.0,0,9.0,0,6.0,0,0.0,1,2026-03-01,2026-01-01,2026-02-01,2025-12-01,2026-02-01,2026-03-28,2026-03-21
2026-04-10,0,2026-04-10,expansion,expansion,official,-0.23224381351401155,0.10400014751162323,1,1,2,1,0.4815659407078196,real_income,0.09792045760083937,0.3059915509264219,none,absent,False,0.28463588107664956,0,expansion,0.0,0.027847249708232154,0,0,4,,4,0,0.2499997674420768,0.128907448803203,0.42466771295840827,0.5778641175597483,0.32533158936782214,0.29322823648309876,9.302316928077276e-07,1.971539500480821e-07,7.0,0,4.0,0,5.0,0,7.0,0,0.0,1,2026-03-01,2026-02-01,2026-02-01,2026-01-01,2026-02-01,2026-04-04,2026-03-28
2026-04-17,0,2026-04-17,slowdown,slowdown,official,-0.3460264728331173,-0.08107033055010768,1,1,1,1,0.5671361727709955,real_income,0.10250681038204532,0.3129670257843883,none,absent,False,0.24180248152799122,0,slowdown,0.0,0.0830818351016997,0,0,4,,4,0,0.2499997674420768,0.10059787920651582,0.336192950368857,0.32879968805730253,0.41380635195737336,0.5706021695852938,9.302316928077276e-07,2.63150887855094e-07,4.0,0,5.0,0,6.0,0,8.0,0,0.0,1,2026-03-01,2026-02-01,2026-03-01,2026-01-01,2026-02-01,2026-04-11,2026-04-04
2026-04-24,0,2026-04-24,slowdown,slowdown,official,-0.30608759687874676,-0.0943698563850806,1,1,1,1,0.592172175864156,real_income,0.0928645672805561,0.2881066019082187,none,absent,False,0.2690240698038137,0,slowdown,0.0,0.09216196857758836,0,0,4,,4,0,0.2499997674420768,0.097128214102108,0.3298840231859114,0.31692372613646197,0.420115279140319,0.5859477959402757,9.302316928077276e-07,2.638211544274005e-07,5.0,0,6.0,0,7.0,0,5.0,0,0.0,1,2026-03-01,2026-02-01,2026-03-01,2026-01-01,2026-03-01,2026-04-18,2026-04-11
2026-05-01,0,2026-05-01,slowdown,expansion,official,-0.25387914458444955,-0.009563834760183054,1,1,1,1,0.5452581863884193,real_income,0.130379073112962,0.33649469390527553,none,absent,False,0.01844135154367965,0,expansion,0.0,0.0425163705784983,0,0,4,,4,0,0.2499997674420768,0.12017582219420246,0.37040542203493476,0.4491326487608273,0.3795938802912957,0.43069129721714766,9.302316928077276e-07,2.3182782249452663e-07,6.0,0,7.0,0,4.0,0,6.0,0,0.0,1,2026-03-01,2026-03-01,2026-03-01,2026-02-01,2026-03-01,2026-04-25,2026-04-18
2026-05-08,0,2026-05-08,expansion,expansion,official,-0.23804614135967403,0.1427493606586139,1,1,2,1,0.5372013546701886,real_income,0.16901542315082968,0.35026887225233827,none,absent,False,0.4104034365958073,0,expansion,0.0,0.02467983371439459,0,0,4,,4,0,0.262856902530832,0.14375026085514722,0.43523075316001214,0.6333265022557683,0.30191143002427756,0.22292306565996095,9.142848783681113e-07,1.7122912344531473e-07,7.0,0,4.0,0,5.0,0,7.0,0,0.0,1,2026-04-01,2026-03-01,2026-03-01,2026-02-01,2026-03-01,2026-05-02,2026-04-25
2026-05-15,0,2026-05-15,expansion,expansion,official,-0.13920866108139546,0.03925720220688807,1,1,2,1,0.4680154750274932,real_income,0.16926959337097622,0.32745335425851757,none,absent,False,0.21009278830805717,0,expansion,0.0,0.020466489378776303,0,0,4,,4,0,0.262856902530832,0.147269929385034,0.3870913117461248,0.5314113279078839,0.3500508714381649,0.32131853959982676,9.142848783681113e-07,2.0310725521439962e-07,4.0,0,5.0,0,6.0,0,4.0,0,0.0,1,2026-04-01,2026-03-01,2026-04-01,2026-02-01,2026-04-01,2026-05-09,2026-05-02
2026-05-22,0,2026-05-22,expansion,expansion,official,-0.13496702461731389,0.0484440700943265,1,1,2,1,0.4653013071013504,real_income,0.18333188388490715,0.37338769369570973,none,absent,False,0.2104076969984508,0,expansion,0.0,0.019323590360019266,0,0,4,,4,0,0.262856902530832,0.14658049532317707,0.3914153093819148,0.531913498406189,0.34572687380237493,0.32150580140773816,9.142848783681113e-07,2.048628958626859e-07,5.0,0,6.0,0,7.0,0,5.0,0,0.0,1,2026-04-01,2026-03-01,2026-04-01,2026-02-01,2026-04-01,2026-05-16,2026-05-09
2026-05-29,0,2026-05-29,slowdown,expansion,official,-0.31877898678158106,-0.04664378041426157,1,1,1,1,0.5744845791868186,real_income,0.1265313449461324,0.08786932953984823,none,absent,False,0.03596226503839467,0,expansion,0.0,0.05833541322297748,0,0,4,,4,0,0.24999976744207678,0.12605381520635345,0.3526186451092667,0.4549541143275924,0.3973806572169637,0.41899184928919775,9.302316928077275e-07,2.2117685637609327e-07,6.0,0,7.0,0,4.0,0,6.0,0,0.0,1,2026-04-01,2026-04-01,2026-04-01,2026-03-01,2026-04-01,2026-05-23,2026-05-16
2026-06-05,0,2026-06-05,slowdown,expansion,official,-0.312811243038523,-0.06352902340649712,1,1,1,1,0.592828316199362,real_income,0.07357187648065779,-0.09458827317612711,none,absent,False,0.028326008528000712,0,expansion,0.0,0.08282719148454096,0,0,4,,4,0,0.2499997674420768,0.12936701556678248,0.34454755967180767,0.44947938623330747,0.4054517426544227,0.42115337770530675,9.302316928077276e-07,2.2049460330417568e-07,7.0,0,4.0,0,5.0,0,7.0,0,0.0,1,2026-05-01,2026-04-01,2026-04-01,2026-03-01,2026-04-01,2026-05-30,2026-05-23
2026-06-12,0,2026-06-12,slowdown,expansion,official,-0.31985903125373716,-0.09070556818558684,1,1,1,1,0.5979227116880982,real_income,0.03532396591327455,-0.23047099707157567,none,absent,False,0.06655522280225307,1,slowdown,0.0,0.1394778259438168,0,0,4,,4,0,0.2499997674420768,0.12463727577493482,0.3316198329153952,0.4044036341607965,0.4183794694108352,0.47095885696304957,9.302316928077276e-07,2.3310121907871074e-07,8.0,0,5.0,0,6.0,0,8.0,0,0.0,1,2026-05-01,2026-04-01,2026-04-01,2026-03-01,2026-04-01,2026-06-06,2026-05-30
2026-06-19,0,2026-06-19,slowdown,expansion,official,-0.3022070740387223,-0.05277838662809039,1,2,2,2,0.5842241797065187,real_income,-0.005663921771317367,-0.34108386748780084,none,absent,False,0.031291559288760984,1,slowdown,0.43890955764680045,0.1291686534987327,0,0,4,,4,0,0.2432072307247464,0.11990027723557957,0.34018255811200343,0.4244039715360156,0.41660930620611264,0.4556955308247766,9.049571375804517e-07,2.204036281532642e-07,4.0,0,6.0,0,7.0,0,4.0,0,0.0,1,2026-05-01,2026-04-01,2026-05-01,2026-03-01,2026-05-01,2026-06-13,2026-06-06
2026-06-26,0,2026-06-26,slowdown,expansion,official,-0.3287339293695857,-0.08297620906211953,1,2,2,2,0.5666347257568395,real_income,-0.020320631227645616,-0.5166507775118981,none,absent,False,0.1296302633148677,2,slowdown,0.503741054937737,0.19401393279304174,0,0,4,,4,0,0.24296982709044931,0.11230393351129003,0.32585919284788617,0.37903278637171023,0.43117007598788937,0.5086630496865779,9.040737752202765e-07,2.304304217964747e-07,5.0,0,7.0,0,4.0,0,5.0,0,0.0,1,2026-05-01,2026-05-01,2026-05-01,2026-04-01,2026-05-01,2026-06-20,2026-06-13
2026-07-03,0,2026-07-03,slowdown,slowdown,official,-0.335856318069378,-0.19830492705779595,1,2,1,2,0.5616738500426524,real_income,-0.012132414924746706,-0.6342268042543258,none,absent,False,0.4851921061528268,0,slowdown,0.5906887948004451,0.336696626787403,0,0,4,,4,0,0.22906965702275287,0.0707389604507716,0.27750609042825536,0.2220343383389232,0.4934233362703637,0.70722644449175,9.162786280910115e-07,2.567185551645095e-07,6.0,0,3.0,0,5.0,0,6.0,0,0.0,1,2026-06-01,2026-05-01,2026-05-01,2026-04-01,2026-05-01,2026-06-27,2026-06-20
2026-07-10,0,2026-07-10,slowdown,slowdown,official,-0.33200092236556894,-0.1809476645086993,1,2,1,2,0.5623634386258738,real_income,0.007144563594298522,-0.5533281403144911,none,absent,False,0.5273685867577405,0,slowdown,0.5625161376770715,0.3009442816293912,0,0,4,,4,0,0.22919353094334133,0.062486007710732816,0.28540718909856005,0.20507257040141352,0.4853983631839749,0.7324411571591539,9.167741237733652e-07,2.6472869984929374e-07,7.0,0,4.0,0,6.0,0,7.0,0,0.0,1,2026-06-01,2026-05-01,2026-05-01,2026-04-01,2026-05-01,2026-07-04,2026-06-27
2026-07-17,0,2026-07-17,slowdown,slowdown,official,-0.3013697328297924,-0.25898360394521325,1,2,0,2,0.5821465022270909,real_income,0.03817342920761977,-0.49920735265593025,none,absent,False,0.6797496124736588,0,slowdown,0.5725160157136382,0.35842257310647774,0,0,4,,4,0,0.2286489382634082,0.04558242758757013,0.2506712214401819,0.1373338471817541,0.5206789257006568,0.817083459655413,9.145957530536328e-07,2.655752626848251e-07,4.0,0,5.0,0,7.0,0,4.0,0,0.0,1,2026-06-01,2026-05-01,2026-06-01,2026-04-01,2026-06-01,2026-07-11,2026-07-04
2026-07-24,0,2026-07-24,slowdown,slowdown,official,-0.2896919746484562,-0.18497577165950146,1,2,0,2,0.5736413974041413,real_income,0.09569292950340938,-0.12916819122737128,none,absent,False,0.6401483346830125,0,slowdown,0.45105735108797956,0.20466624297112848,0,0,4,,4,0,0.22916465536258723,0.044261476451258434,0.28356540665059793,0.15779495656299944,0.48726902132819333,0.7979432912460119,9.166586214503489e-07,2.7573973024112273e-07,5.0,0,6.0,0,8.0,0,5.0,0,0.0,1,2026-06-01,2026-05-01,2026-06-01,2026-04-01,2026-06-01,2026-07-18,2026-07-11
2026-07-31,0,2026-07-31,expansion,expansion,official,-0.20328024859973387,0.2940944085554861,1,0,1,1,0.5193048084426601,real_income,0.13928640621239857,0.22748824115948113,none,absent,False,0.5940075291735556,0,expansion,0.0,0.008190539852823486,0,0,4,,4,0,0.25425786649156684,0.12213828164068095,0.5186423602053244,0.7359345493558349,0.22709882722732652,0.14192702018227935,9.460757822942021e-07,1.4882120482991214e-07,6.0,0,7.0,0,4.0,0,6.0,0,0.0,1,2026-06-01,2026-06-01,2026-06-01,2026-05-01,2026-06-01,2026-07-25,2026-07-18
2026-08-07,0,2026-08-07,expansion,expansion,official,-0.21180920457761374,0.24599234834539901,2,1,1,2,0.5025288352907881,real_income,0.1754614433321974,0.5038480517195659,none,absent,False,0.4655939142006005,0,expansion,0.006400607908785829,0.012801215817571657,0,0,4,,4,0,0.2499997674420768,0.1178957685423628,0.48941167015811843,0.6738489860570703,0.2605876321681119,0.20825507185646983,9.302316928077276e-07,1.7354409709079687e-07,7.0,0,4.0,0,5.0,0,7.0,0,0.0,1,2026-07-01,2026-06-01,2026-06-01,2026-05-01,2026-06-01,2026-08-01,2026-07-25
2026-08-14,0,2026-08-14,expansion,expansion,official,-0.24782057928767984,0.27432325090265297,2,1,1,2,0.5258394427264671,real_income,0.17500743604815222,0.6488466108121292,none,absent,False,0.5571246494730617,0,expansion,0.0060185979654273514,0.012037195930854703,0,0,4,,4,0,0.2499997674420768,0.11896460933121933,0.5016144277273941,0.7190799452625803,0.24838487459883643,0.16195529578951856,9.302316928077276e-07,1.496166816873369e-07,8.0,0,5.0,0,6.0,0,4.0,0,0.0,1,2026-07-01,2026-06-01,2026-06-01,2026-05-01,2026-07-01,2026-08-08,2026-08-01
